target_id,quarter,selection_group,injected_period_days,injected_epoch_days,epoch_phase_fraction,injected_duration_hours,injected_depth,in_transit_observation_count,arima_injection_mode,success,error,arima_converged,arima_runtime_seconds,tcf_runtime_seconds,bls_runtime_seconds,total_runtime_seconds,tcf_recovered_period_days,tcf_recovered_epoch_days,tcf_recovered_duration_hours,tcf_score,tcf_raw_pooled_score,tcf_valid_transit_events,tcf_positive_transit_events,tcf_positive_event_fraction,tcf_median_event_score,tcf_period_error_fraction,tcf_exact_period_error_fraction,tcf_period_matched,tcf_exact_period_matched,tcf_exact_period_rank_top10,tcf_exact_period_present_top10,tcf_half_period_rank_top10,tcf_double_period_rank_top10,tcf_triple_period_rank_top10,tcf_top_periods_json,tcf_top_scores_json,bls_recovered_period_days,bls_recovered_transit_time,bls_recovered_duration_hours,bls_recovered_depth,bls_power,bls_sde,bls_period_error_fraction,bls_exact_period_error_fraction,bls_period_matched,bls_exact_period_matched,bls_exact_period_rank_top10,bls_exact_period_present_top10,bls_half_period_rank_top10,bls_double_period_rank_top10,bls_triple_period_rank_top10,bls_top_periods_json,bls_top_sde_json,tcf_fap_threshold,bls_fap_threshold,tcf_global_empirical_p_value,bls_global_empirical_p_value,tcf_passes_fap,bls_passes_fap,tcf_harmonic_recovered,bls_harmonic_recovered,tcf_exact_recovered,bls_exact_recovered,harmonic_both,harmonic_tcf_only,harmonic_bls_only,harmonic_neither,harmonic_union,exact_both,exact_tcf_only,exact_bls_only,exact_neither,exact_union,noise_quartile,robust_flux_scatter_ppm,gap_fraction,lag_one_flux_acf,six_hour_scatter_proxy_ppm
11904151,5,reference,2.0,444.4112269027813,0.45,2.0,0.0005,183,filter,True,,True,0.0296429158188402,29.63368158298545,0.1770267919637262,29.843353082891554,1.0,444.43025783594527,1.5,33.793242180554955,31.988177127028365,92,68,0.7391304347826086,3.5231890461836204,0.0,0.5,True,False,,False,1.0,3.0,2.0,"[1.0, 5.999666555518506, 4.00166722240747, 7.997665888629544, 10.000333444481495]","[33.793242180554955, 26.889455538852612, 26.442100244287587, 23.22096390516809, 22.893650678222507]",1.9989996665555188,444.4424769027813,2.7,0.0003477256286748,0.0053626908777443,12.943576919067022,0.0005001667222406,0.0005001667222406,True,True,1.0,True,2.0,3.0,4.0,"[1.9989996665555188, 1.0, 4.00166722240747, 5.999666555518506, 8.002334111370457]","[12.943576919067022, 8.827703516966023, 8.754014953313053, 7.2203591376497815, 6.2965621813517085]",16.085275694914447,5.684844459265036,0.0024937655860349127,0.0024937655860349127,True,True,True,True,False,True,True,False,False,False,True,False,False,True,False,True,lowest_scatter,123.63222550869293,0.03193785066896848,0.8052428510473029,56.98672894551581
11904151,5,reference,2.0,444.4112269027813,0.45,2.0,0.001,183,filter,True,,True,0.0271117500960826,20.826850458048284,0.1517557080369442,21.00698162498884,1.0,444.43025783594527,1.5,58.47604155503057,63.94931081482544,92,68,0.7391304347826086,6.096548770612178,0.0,0.5,True,False,,False,1.0,2.0,3.0,"[1.0, 4.00166722240747, 5.999666555518506, 7.997665888629544, 10.000333444481495]","[58.47604155503057, 57.7280591173712, 53.580078400483295, 46.55216245393959, 43.71933951647922]",1.9989996665555188,444.4424769027813,2.7,0.0006982075550306,0.0107678899033249,21.41745700300947,0.0005001667222406,0.0005001667222406,True,True,1.0,True,2.0,3.0,4.0,"[1.9989996665555188, 1.0, 4.00166722240747, 5.999666555518506, 7.997665888629544]","[21.417457003009474, 15.253630287536968, 14.914719348804148, 12.286010913917725, 10.739180088951747]",16.085275694914447,5.684844459265036,0.0024937655860349127,0.0024937655860349127,True,True,True,True,False,True,True,False,False,False,True,False,False,True,False,True,lowest_scatter,123.63222550869293,0.03193785066896848,0.8052428510473029,56.98672894551581
11904151,5,reference,2.0,444.4112269027813,0.45,4.0,0.0005,377,filter,True,,True,0.0212492081336677,19.730223207967356,0.1574474999215454,19.90957654081285,5.999666555518506,446.4194726365705,3.928571428571429,40.09369205441054,33.03000123797305,16,14,0.875,10.023423013602637,0.4999166388796265,1.9998332777592531,False,False,,False,3.0,,1.0,"[5.999666555518506, 7.997665888629544, 1.0, 12.003001000333445, 10.000333444481495]","[40.09369205441054, 33.74450064791742, 33.12601599200364, 30.358967961548895, 29.853915853080235]",1.9989996665555188,444.42997690278133,3.9,0.0004612216734231,0.0084349936135236,17.621386290370598,0.0005001667222406,0.0005001667222406,True,True,1.0,True,3.0,2.0,4.0,"[1.9989996665555188, 4.00166722240747, 1.0, 5.999666555518506, 8.002334111370457]","[17.621386290370598, 11.86946207161944, 11.594490354969878, 9.766021840099432, 8.491187939298305]",16.085275694914447,5.684844459265036,0.0024937655860349127,0.0024937655860349127,True,True,False,True,False,True,False,False,True,False,True,False,False,True,False,True,lowest_scatter,123.63222550869293,0.03193785066896848,0.8052428510473029,56.98672894551581
11904151,5,reference,2.0,444.4112269027813,0.45,4.0,0.001,377,filter,True,,True,0.0266992500983178,19.681664708070457,0.1533758328296244,19.862396167125553,1.0,444.47022382233985,6.357142857142858,81.65022410846177,49.31369426911362,89,67,0.7528089887640449,8.654906445701366,0.0,0.5,True,False,,False,1.0,,2.0,"[1.0, 5.999666555518506, 7.997665888629544, 9.001333777925977, 10.000333444481495]","[81.65022410846177, 81.216300075413, 67.84048839684695, 62.92412056850793, 60.69633760424243]",1.9989996665555188,444.42997690278133,3.9,0.0009267563813159,0.0169488656065822,25.548456481315156,0.0005001667222406,0.0005001667222406,True,True,1.0,True,3.0,2.0,4.0,"[1.9989996665555188, 4.00166722240747, 1.0, 5.999666555518506, 8.002334111370457]","[25.548456481315156, 17.43442858388461, 17.21509658825383, 14.638402880635475, 12.516165241556813]",16.085275694914447,5.684844459265036,0.0024937655860349127,0.0024937655860349127,True,True,True,True,False,True,True,False,False,False,True,False,False,True,False,True,lowest_scatter,123.63222550869293,0.03193785066896848,0.8052428510473029,56.98672894551581
11904151,5,reference,2.0,444.4112269027813,0.45,8.0,0.0005,743,filter,True,,True,0.0211291250307112,20.46159758302383,0.4653802921529859,20.952235957840458,4.00166722240747,446.41502437093544,7.571428571428571,29.355803834942844,24.65711069238288,23,22,0.9565217391304348,6.121108235817536,0.0004168056018674,1.0008336112037348,True,False,,False,2.0,1.0,3.0,"[4.00166722240747, 1.0, 5.999666555518506, 10.000333444481495, 7.997665888629544]","[29.355803834942844, 27.532457996856902, 25.701042552425108, 21.866253812907647, 21.851766227098327]",1.9989996665555188,444.42997690278133,7.5,0.0004830839114002,0.0117485667931718,22.354217122315948,0.0005001667222406,0.0005001667222406,True,True,1.0,True,3.0,2.0,4.0,"[1.9989996665555188, 4.00166722240747, 1.0, 5.999666555518506, 7.997665888629544]","[22.354217122315948, 14.67867082457663, 13.450230584952159, 11.614992465941734, 10.419755973492899]",16.085275694914447,5.684844459265036,0.0024937655860349127,0.0024937655860349127,True,True,True,True,False,True,True,False,False,False,True,False,False,True,False,True,lowest_scatter,123.63222550869293,0.03193785066896848,0.8052428510473029,56.98672894551581
11904151,5,reference,2.0,444.4112269027813,0.45,8.0,0.001,743,filter,True,,True,0.1050722091458737,37.610597459133714,0.1870152920018881,37.90362579212524,4.00166722240747,446.41502437093544,7.571428571428571,54.52763314185273,48.32796860678762,23,23,1.0,11.369797474492554,0.0004168056018674,1.0008336112037348,True,False,,False,3.0,1.0,2.0,"[4.00166722240747, 5.999666555518506, 1.0, 7.997665888629544, 10.000333444481495]","[54.52763314185273, 52.357183707976475, 48.24901120125044, 44.678780299384165, 43.63057380574424]",1.9989996665555188,444.42997690278133,7.5,0.0009690820231749,0.0235680067347531,30.693907403907513,0.0005001667222406,0.0005001667222406,True,True,1.0,True,3.0,2.0,4.0,"[1.9989996665555188, 4.00166722240747, 1.0, 5.999666555518506, 7.997665888629544]","[30.693907403907513, 20.33108850324671, 18.813851514052285, 16.396242957439764, 14.291944850238536]",16.085275694914447,5.684844459265036,0.0024937655860349127,0.0024937655860349127,True,True,True,True,False,True,True,False,False,False,True,False,False,True,False,True,lowest_scatter,123.63222550869293,0.03193785066896848,0.8052428510473029,56.98672894551581
1432789,5,confirmed_planet_host,2.0,444.4104179810514,0.45,4.0,0.001,372,filter,True,,True,0.0196589159313589,19.231451000086963,0.1506629171781242,19.402610084041953,5.999666555518506,444.41877519981966,3.928571428571429,9.076075246599968,8.99728891078527,15,15,1.0,2.343432551933803,0.4999166388796265,1.9998332777592531,False,False,,False,3.0,,1.0,"[5.999666555518506, 10.000333444481495, 1.0, 13.99633211070357, 15.0]","[9.076075246599967, 8.272294941416149, 8.049751656934772, 7.748607230965317, 6.669454443616407]",1.9989996665555188,444.4291679810514,3.9,0.000913996544649,0.0167362583192659,7.951453542853773,0.0005001667222406,0.0005001667222406,True,True,1.0,True,2.0,3.0,4.0,"[1.9989996665555188, 1.0, 4.00166722240747, 5.999666555518506, 13.99633211070357]","[7.951453542853773, 5.269923436290473, 5.217104749678597, 4.087481461211745, 3.842638600508784]",16.085275694914447,5.684844459265036,0.06483790523690773,0.0024937655860349127,False,True,False,True,False,True,False,False,True,False,True,False,False,True,False,True,high_scatter,550.6954214538522,0.0321536469572723,0.19677439580252415,418.10509246137076
1432789,5,confirmed_planet_host,2.0,444.4104179810514,0.45,8.0,0.001,747,filter,True,,True,0.022715708008036,37.72510095918551,0.1767797090578824,37.9258070839569,3.996998999666556,444.4737152110025,7.571428571428571,7.81463027594087,6.792366251213044,23,20,0.8695652173913043,1.6294630530604872,0.000750250083361,0.998499499833278,True,False,,False,2.0,1.0,4.0,"[3.996998999666556, 1.0, 8.002334111370457, 5.999666555518506, 4.561853951317106]","[7.81463027594087, 7.272452264519455, 6.662297590212543, 6.1948411347209245, 6.038891166381679]",1.9989996665555188,444.4291679810514,8.700000000000001,0.0008686463567557,0.0223786023842242,10.1681926391292,0.0005001667222406,0.0005001667222406,True,True,1.0,True,3.0,2.0,4.0,"[1.9989996665555188, 4.00166722240747, 1.0, 5.999666555518506, 7.997665888629544]","[10.168192639129199, 6.876903279743331, 6.2116794153208446, 5.369005362600112, 5.258301618887228]",16.085275694914447,5.684844459265036,0.11221945137157108,0.0024937655860349127,False,True,False,True,False,True,False,False,True,False,True,False,False,True,False,True,high_scatter,550.6954214538522,0.0321536469572723,0.19677439580252415,418.10509246137076
1432789,5,confirmed_planet_host,5.0,445.76041798105143,0.45,8.0,0.001,286,filter,True,,True,0.0353117079939693,20.463084500050172,0.1502087088301777,20.64941345900297,9.99566522174058,450.86390039616066,5.142857142857142,7.082303469094087,4.715510667400416,9,7,0.7777777777777778,2.3607678230313622,0.0004334778259419,0.999133044348116,True,False,,False,,1.0,5.0,"[9.99566522174058, 12.8432810936979, 8.049016338779595, 6.167722574191398, 15.0]","[7.082303469094087, 6.347494386854637, 6.323565018416461, 6.173461104613363, 6.061566665721761]",5.000666888962988,445.7541679810514,7.5,0.0009510314550131,0.0151230747476738,6.212153998642088,0.0001333777925976,0.0001333777925976,True,True,1.0,True,4.0,2.0,3.0,"[5.000666888962988, 10.000333444481495, 14.995331777259088, 2.4984994998332777, 1.6675558519506501]","[6.212153998642088, 4.101375397612459, 3.772467330793909, 3.6359791165333983, 2.6214979544188353]",16.085275694914447,5.684844459265036,0.2817955112219451,0.004987531172069825,False,True,False,True,False,True,False,False,True,False,True,False,False,True,False,True,high_scatter,550.6954214538522,0.0321536469572723,0.19677439580252415,418.10509246137076
1717722,5,confirmed_planet_host,2.0,444.4104894324686,0.45,2.0,0.001,188,filter,True,,True,0.0329187919851392,20.883882167050615,0.149103291798383,21.066824290901423,13.258752917639214,454.6704813374455,2.7142857142857144,6.959309892298702,4.594637192556913,7,5,0.7142857142857143,2.6303718959505806,2.3146882294098035,5.629376458819607,False,False,,False,2.0,5.0,,"[13.258752917639214, 1.0, 7.101367122374125, 12.945981993998, 3.9876625541847286]","[6.959309892298702, 6.843243600819886, 6.325770969770038, 6.268341162869558, 6.2047240445925755]",1.9989996665555188,444.4417394324686,2.7,0.000748322298061,0.0115406924397083,7.309965417039623,0.0005001667222406,0.0005001667222406,True,True,1.0,True,3.0,2.0,5.0,"[1.9989996665555188, 4.00166722240747, 1.0, 7.997665888629544, 5.999666555518506]","[7.309965417039623, 4.989422605017799, 4.9139320536642535, 4.0068598437465495, 3.8326138731793815]",16.085275694914447,5.684844459265036,0.30673316708229426,0.0024937655860349127,False,True,False,True,False,True,False,False,True,False,True,False,False,True,False,True,high_scatter,737.9563719446062,0.0321536469572723,0.25004022884647775,615.2008523717308
1717722,5,confirmed_planet_host,2.0,444.4104894324686,0.45,4.0,0.001,372,filter,True,,True,0.0275292908772826,19.656380790984255,0.1715170829556882,19.856591624906287,1.0,444.41889145505786,3.928571428571429,8.150761573368351,8.426737923737683,91,61,0.6703296703296703,0.8544319765097728,0.0,0.5,True,False,,False,1.0,2.0,,"[1.0, 4.00166722240747, 6.998666222074025, 9.001333777925977, 11.074024674891632]","[8.150761573368351, 7.193207196238159, 6.665062027558044, 6.29210849210717, 6.24324155529006]",1.9989996665555188,444.4292394324686,3.9,0.0009279134847114,0.0169910924379088,10.698477334961575,0.0005001667222406,0.0005001667222406,True,True,1.0,True,3.0,2.0,4.0,"[1.9989996665555188, 3.996998999666556, 1.0, 5.999666555518506, 7.997665888629544]","[10.698477334961575, 7.275098936884985, 7.224330225826249, 6.095863639408739, 5.727553636022635]",16.085275694914447,5.684844459265036,0.08728179551122195,0.0024937655860349127,False,True,False,True,False,True,False,False,True,False,True,False,False,True,False,True,high_scatter,737.9563719446062,0.0321536469572723,0.25004022884647775,615.2008523717308
1717722,5,confirmed_planet_host,2.0,444.4104894324686,0.45,8.0,0.0005,747,filter,True,,True,0.0231304578483104,19.492644833168015,0.1632580000441521,19.68013983289711,13.258752917639214,454.6704813374455,2.7142857142857144,6.390596060016162,4.322801851425408,7,5,0.7142857142857143,2.4154182720388526,2.3146882294098035,5.629376458819607,False,False,,False,3.0,,,"[13.258752917639214, 9.262754251417139, 1.0, 5.59353117705902, 14.229743247749251]","[6.390596060016162, 6.2529379624599235, 6.2411976703294005, 6.103330700012563, 5.947315875453981]",1.9989996665555188,444.4417394324686,7.5,0.0004475949008988,0.0108978877773796,6.3140811894581965,0.0005001667222406,0.0005001667222406,True,True,1.0,True,3.0,2.0,5.0,"[1.9989996665555188, 4.00166722240747, 1.0, 7.997665888629544, 5.994998332777593]","[6.3140811894581965, 4.243577033944531, 3.7129021592390576, 3.299190545516438, 2.884566396456719]",16.085275694914447,5.684844459265036,0.7206982543640897,0.004987531172069825,False,True,False,True,False,True,False,False,True,False,True,False,False,True,False,True,high_scatter,737.9563719446062,0.0321536469572723,0.25004022884647775,615.2008523717308
1717722,5,confirmed_planet_host,2.0,444.4104894324686,0.45,8.0,0.001,747,filter,True,,True,0.0273325000889599,37.63275462505408,0.2011298751458525,37.871484542032704,1.0,444.43844927818714,8.785714285714285,8.20480648906811,6.19193785108822,91,65,0.7142857142857143,0.86009742307277,0.0,0.5,True,False,,False,1.0,,,"[1.0, 12.52117372457486, 9.39346448816272, 13.179393131043682, 9.262754251417139]","[8.20480648906811, 6.525597375177267, 6.410453963471236, 6.264861407447323, 6.193958023739615]",1.9989996665555188,444.4417394324686,7.5,0.0009316565600419,0.0226836557297833,13.81936538676048,0.0005001667222406,0.0005001667222406,True,True,1.0,True,3.0,2.0,4.0,"[1.9989996665555188, 4.00166722240747, 1.0, 5.999666555518506, 7.997665888629544]","[13.81936538676048, 9.309973464126884, 8.42231857589888, 6.8614685852600115, 6.805290715018123]",16.085275694914447,5.684844459265036,0.08229426433915212,0.0024937655860349127,False,True,False,True,False,True,False,False,True,False,True,False,False,True,False,True,high_scatter,737.9563719446062,0.0321536469572723,0.25004022884647775,615.2008523717308
1717722,5,confirmed_planet_host,5.0,445.7604894324686,0.45,4.0,0.001,143,filter,True,,True,0.0218754999805241,20.016698082908988,0.1589624169282615,20.19821449997835,15.0,445.768763556487,3.928571428571429,6.713943458011401,6.198356444389815,6,6,1.0,2.7409559390041913,0.5,2.0,False,False,,False,,,1.0,"[15.0, 13.837612537512506, 13.258752917639214, 10.2757585861954, 9.262754251417139]","[6.713943458011401, 6.590385311150084, 6.388721114729065, 6.2554065737186395, 6.25110340486105]",5.000666888962988,445.7542394324686,3.9,0.0010063759406694,0.0116796891137839,7.11972790526507,0.0001333777925976,0.0001333777925976,True,True,1.0,True,3.0,2.0,4.0,"[5.000666888962988, 10.000333444481495, 2.4984994998332777, 14.995331777259088, 1.6675558519506501]","[7.11972790526507, 4.661417386894141, 4.1071944302718615, 4.081171693929928, 2.7435982383315327]",16.085275694914447,5.684844459265036,0.4513715710723192,0.0024937655860349127,False,True,False,True,False,True,False,False,True,False,True,False,False,True,False,True,high_scatter,737.9563719446062,0.0321536469572723,0.25004022884647775,615.2008523717308
1717722,5,confirmed_planet_host,5.0,445.7604894324686,0.45,8.0,0.001,286,filter,True,,True,0.0327772088348865,20.637129707960412,0.180202665971592,20.850841708946973,13.258752917639214,454.6704813374455,2.7142857142857144,6.37089937378057,4.47660717026306,7,5,0.7142857142857143,2.4079736244057885,0.3258752917639214,1.6517505835278428,False,False,,False,,,,"[13.258752917639214, 9.262754251417139, 11.106702234078027, 12.745248416138713, 7.241413804601534]","[6.37089937378057, 6.233665557203739, 5.948586939257293, 5.87437443097718, 5.82813190124133]",5.000666888962988,445.7542394324686,7.5,0.0009843927044926,0.0156535773581761,8.571367504404073,0.0001333777925976,0.0001333777925976,True,True,1.0,True,3.0,2.0,4.0,"[5.000666888962988, 10.000333444481495, 2.4984994998332777, 14.995331777259088, 1.6675558519506501]","[8.571367504404073, 6.246364076281386, 5.604987447679163, 4.767581361501053, 3.4091315045270534]",16.085275694914447,5.684844459265036,0.7331670822942643,0.0024937655860349127,False,True,False,True,False,True,False,False,True,False,True,False,False,True,False,True,high_scatter,737.9563719446062,0.0321536469572723,0.25004022884647775,615.2008523717308
1717722,5,confirmed_planet_host,10.0,448.0104894324686,0.45,4.0,0.001,81,filter,True,,True,0.0317764170467853,38.71587695903145,0.1776395419146865,38.92758141690865,13.258752917639214,454.6704813374455,2.7142857142857144,6.382323790223039,4.484634706339507,7,5,0.7142857142857143,2.4122916479459047,0.3258752917639214,0.3258752917639214,False,False,,False,,,,"[13.258752917639214, 9.262754251417139, 7.512170723574525, 6.6765588529509845, 12.605201733911304]","[6.382323790223039, 6.244843883388213, 6.1739964147964805, 6.058124886468239, 5.904976496461295]",10.000333444481496,448.0042394324686,3.9,0.0011727702519592,0.0103315982406538,6.0757758463355955,3.33444481494638e-05,3.33444481494638e-05,True,True,1.0,True,2.0,,,"[10.000333444481495, 5.005335111703902, 14.990663554518173, 3.334111370456819, 14.005668556185396]","[6.0757758463355955, 4.004779990408657, 3.672884650148878, 3.0114139913137374, 2.6019707852949545]",16.085275694914447,5.684844459265036,0.7206982543640897,0.004987531172069825,False,True,False,True,False,True,False,False,True,False,True,False,False,True,False,True,high_scatter,737.9563719446062,0.0321536469572723,0.25004022884647775,615.2008523717308
1717722,5,confirmed_planet_host,10.0,448.0104894324686,0.45,8.0,0.001,161,filter,True,,True,0.0195974588859826,18.792494375025857,0.1414535830263048,18.9541905419901,3.2127375791930644,444.702721056241,2.7142857142857144,6.553279789347975,3.90046031729238,28,20,0.7142857142857143,1.2384534710314634,0.3574524841613871,0.6787262420806937,False,False,,False,,,,"[3.2127375791930644, 10.625875291763922, 13.258752917639214, 9.262754251417139, 7.512170723574525]","[6.553279789347975, 6.379581433666553, 6.378868999574389, 6.2414635114485035, 6.170654393022011]",9.99566522174058,448.0292394324686,7.5,0.0011281291864525,0.0136707943433874,7.412810264001323,0.0004334778259419,0.0004334778259419,True,True,1.0,True,2.0,,,"[9.99566522174058, 5.000666888962988, 14.981327109036346, 3.338779593197733, 13.328776258752919]","[7.412810264001323, 5.283562101957116, 4.269423424328348, 3.0709998234899114, 2.9783757571522727]",16.085275694914447,5.684844459265036,0.5810473815461347,0.0024937655860349127,False,True,False,True,False,True,False,False,True,False,True,False,False,True,False,True,high_scatter,737.9563719446062,0.0321536469572723,0.25004022884647775,615.2008523717308
1725016,5,confirmed_planet_host,2.0,444.4103676403887,0.45,2.0,0.0005,188,filter,True,,True,0.0223700001370161,23.854151707841083,0.1406117079313844,24.017854291014373,10.87795931977326,452.9059413883252,3.928571428571429,6.1893507528820395,4.489463993480938,8,7,0.875,2.188265944252477,1.7194898299433148,4.43897965988663,False,False,,False,,,,"[10.87795931977326, 7.2040680226742255, 5.85028342780927, 12.07302434144715, 7.278759586528843]","[6.1893507528820395, 5.984445963640489, 5.855018745248286, 5.851607826740419, 5.773831893233183]",1.9989996665555188,444.4291176403887,1.5,0.0004639641652384,0.0053846251593777,8.732546655640228,0.0005001667222406,0.0005001667222406,True,True,1.0,True,2.0,3.0,4.0,"[1.9989996665555188, 1.0, 4.00166722240747, 6.0043347782594205, 7.409469823274425]","[8.732546655640228, 5.683910679071882, 5.6361909265759484, 5.226984845327492, 4.821302915192407]",16.085275694914447,5.684844459265036,0.8827930174563591,0.0024937655860349127,False,True,False,True,False,True,False,False,True,False,True,False,False,True,False,True,low_scatter,459.83598043216915,0.0321536469572723,0.04277588133521231,419.52255352183397
1725016,5,confirmed_planet_host,2.0,444.4103676403887,0.45,2.0,0.001,188,filter,True,,True,0.0167712499387562,11.68165516690351,0.1259981249459087,11.824872999917716,1.0,443.5354788276758,7.571428571428571,8.772189920818793,7.356241033618704,90,68,0.7555555555555555,0.9246700072453164,0.0,0.5,True,False,,False,1.0,5.0,4.0,"[1.0, 11.993664554851618, 10.896632210736913, 5.999666555518506, 4.00166722240747]","[8.772189920818793, 7.3104326731994425, 6.984509892612071, 6.806279979985822, 6.796777245357991]",1.9989996665555188,444.4291176403887,1.5,0.0009212050913194,0.0106912224764528,17.485936867508066,0.0005001667222406,0.0005001667222406,True,True,1.0,True,3.0,2.0,4.0,"[1.9989996665555188, 4.00166722240747, 1.0, 5.999666555518506, 8.002334111370457]","[17.485936867508066, 12.556767386971199, 12.250986269242443, 10.34453952529091, 8.493187372070292]",16.085275694914447,5.684844459265036,0.07231920199501247,0.0024937655860349127,False,True,False,True,False,True,False,False,True,False,True,False,False,True,False,True,low_scatter,459.83598043216915,0.0321536469572723,0.04277588133521231,419.52255352183397
1725016,5,confirmed_planet_host,2.0,444.4103676403887,0.45,4.0,0.0005,372,filter,True,,True,0.0120878750458359,10.699021749896929,0.1329669579863548,10.844537124969063,1.0,444.4187696440023,3.928571428571429,7.893717755461074,5.228301595047464,91,64,0.7032967032967034,0.8274864628412419,0.0,0.5,True,False,,False,1.0,,,"[1.0, 10.87795931977326, 5.85028342780927, 11.97032344114705, 8.987329109703236]","[7.893717755461074, 6.183945593655648, 5.985282009153257, 5.954892029408722, 5.9198367053307575]",1.9989996665555188,444.4416176403887,3.9,0.0004392698475178,0.0080233821118465,12.455258868836204,0.0005001667222406,0.0005001667222406,True,True,1.0,True,3.0,2.0,4.0,"[1.9989996665555188, 4.00166722240747, 1.0, 5.999666555518506, 8.002334111370457]","[12.455258868836205, 8.293913020879316, 8.273864013912519, 8.189502543637207, 5.73357650235325]",16.085275694914447,5.684844459265036,0.10972568578553615,0.0024937655860349127,False,True,False,True,False,True,False,False,True,False,True,False,False,True,False,True,low_scatter,459.83598043216915,0.0321536469572723,0.04277588133521231,419.52255352183397
1725016,5,confirmed_planet_host,2.0,444.4103676403887,0.45,4.0,0.001,372,filter,True,,True,0.0133022910449653,14.033635665895416,0.1494471249170601,14.19685662491247,1.0,444.4187696440023,3.928571428571429,11.853733697876033,10.48095440942198,91,65,0.7142857142857143,1.2426089294023075,0.0,0.5,True,False,,False,1.0,,2.0,"[1.0, 5.999666555518506, 10.000333444481495, 12.003001000333445, 9.001333777925977]","[11.853733697876033, 8.766538895260245, 7.749824354359383, 6.835600840486006, 6.724238669519444]",1.9989996665555188,444.4416176403887,3.9,0.0008962142418381,0.016369594582871,22.070181125278857,0.0005001667222406,0.0005001667222406,True,True,1.0,True,3.0,2.0,4.0,"[1.9989996665555188, 4.00166722240747, 1.0, 5.999666555518506, 8.002334111370457]","[22.070181125278854, 15.265565558569335, 15.2079397263014, 13.52702051815516, 10.493783304080056]",16.085275694914447,5.684844459265036,0.032418952618453865,0.0024937655860349127,False,True,False,True,False,True,False,False,True,False,True,False,False,True,False,True,low_scatter,459.83598043216915,0.0321536469572723,0.04277588133521231,419.52255352183397
1725016,5,confirmed_planet_host,2.0,444.4103676403887,0.45,8.0,0.0005,747,filter,True,,True,0.0134050000924617,14.923620708053932,0.1409063751343637,15.078382458072156,12.861953984661556,454.41850048674627,8.785714285714285,6.281404910365368,4.641106061974273,7,6,0.8571428571428571,2.3741478967038185,2.215488496165389,5.430976992330778,False,False,,False,,,,"[12.861953984661556, 13.408136045348451, 10.87795931977326, 8.987329109703236, 11.568856285428478]","[6.281404910365368, 6.21328368514187, 6.190119846544735, 5.925747263295288, 5.9101807601149545]",1.9989996665555188,444.4291176403887,8.700000000000001,0.0004674998763455,0.0120440197164749,18.243316329341347,0.0005001667222406,0.0005001667222406,True,True,1.0,True,4.0,3.0,2.0,"[1.9989996665555188, 5.999666555518506, 4.00166722240747, 1.0, 8.002334111370457]","[18.243316329341347, 11.852002180701941, 11.836849464213307, 10.508962552561997, 8.367433922221643]",16.085275694914447,5.684844459265036,0.800498753117207,0.0024937655860349127,False,True,False,True,False,True,False,False,True,False,True,False,False,True,False,True,low_scatter,459.83598043216915,0.0321536469572723,0.04277588133521231,419.52255352183397
1725016,5,confirmed_planet_host,2.0,444.4103676403887,0.45,8.0,0.001,747,filter,True,,True,0.0170926658902317,15.489564624847844,0.1326357079669833,15.639932999853045,1.0,444.3371369909411,3.928571428571429,8.184612312890518,7.155938693887647,91,65,0.7142857142857143,0.857980498205064,0.0,0.5,True,False,,False,1.0,3.0,2.0,"[1.0, 5.999666555518506, 4.00166722240747, 12.861953984661556, 14.005668556185396]","[8.184612312890518, 8.037151329767427, 7.642053359816894, 6.755094805248699, 6.69259220466653]",1.9989996665555188,444.4291176403887,8.700000000000001,0.0009240909572223,0.0238070003260835,27.887336749809805,0.0005001667222406,0.0005001667222406,True,True,1.0,True,3.0,2.0,4.0,"[1.9989996665555188, 4.00166722240747, 1.0, 5.999666555518506, 7.997665888629544]","[27.887336749809805, 18.479449498944938, 16.793365926688303, 16.20958680181744, 12.51080482948205]",16.085275694914447,5.684844459265036,0.08728179551122195,0.0024937655860349127,False,True,False,True,False,True,False,False,True,False,True,False,False,True,False,True,low_scatter,459.83598043216915,0.0321536469572723,0.04277588133521231,419.52255352183397
1725016,5,confirmed_planet_host,5.0,445.7603676403887,0.45,2.0,0.001,71,filter,True,,True,0.01409054081887,16.232423749985173,0.1656268751248717,16.412968875141814,10.87795931977326,452.9059413883252,3.928571428571429,6.187848652563668,4.488374440543454,8,7,0.875,2.187734871591905,0.0877959319773259,1.175591863954652,False,False,,False,,,,"[10.87795931977326, 11.386795598532846, 5.85028342780927, 11.568856285428478, 13.282094031343782]","[6.187848652563668, 6.04617956500376, 5.989059679559478, 5.908012277548839, 5.794949128884695]",5.000666888962988,445.7541176403887,1.5,0.0009426134871144,0.006821662616574,12.110287160765736,0.0001333777925976,0.0001333777925976,True,True,1.0,True,4.0,2.0,3.0,"[5.000666888962988, 9.99566522174058, 15.0, 2.4984994998332777, 7.409469823274425]","[12.110287160765736, 9.877990397174202, 7.100239620027971, 5.749272888758052, 4.159600139898212]",16.085275694914447,5.684844459265036,0.8827930174563591,0.0024937655860349127,False,True,False,True,False,True,False,False,True,False,True,False,False,True,False,True,low_scatter,459.83598043216915,0.0321536469572723,0.04277588133521231,419.52255352183397
1725016,5,confirmed_planet_host,5.0,445.7603676403887,0.45,4.0,0.0005,143,filter,True,,True,0.0209746249020099,11.12552662496455,0.0608224170282483,11.207563415868208,10.87795931977326,452.9059413883252,3.928571428571429,6.191193797385722,4.490800851298183,8,7,0.875,2.188917558885768,0.0877959319773259,1.175591863954652,False,False,,False,,,2.0,"[10.87795931977326, 14.74324774924975, 5.85028342780927, 11.568856285428478, 11.013337779259754]","[6.191193797385722, 6.053356224931926, 5.992297359260604, 5.911206143105116, 5.7474828081158496]",5.000666888962988,445.7541176403887,3.9,0.0004389825028455,0.0051124008082062,8.396044707051866,0.0001333777925976,0.0001333777925976,True,True,1.0,True,,3.0,2.0,"[5.000666888962988, 15.0, 9.99566522174058, 7.409469823274425, 11.685561853951318]","[8.396044707051866, 5.598709219857469, 5.531721489905636, 4.6216124511718455, 3.7599322846843433]",16.085275694914447,5.684844459265036,0.8802992518703242,0.0024937655860349127,False,True,False,True,False,True,False,False,True,False,True,False,False,True,False,True,low_scatter,459.83598043216915,0.0321536469572723,0.04277588133521231,419.52255352183397
1725016,5,confirmed_planet_host,5.0,445.7603676403887,0.45,4.0,0.001,143,filter,True,,True,0.0079112919047474,5.366464291932061,0.0644457081798464,5.4390584581997246,5.000666888962988,445.7659955900659,3.928571428571429,9.456190083703149,8.12135001877215,16,14,0.875,2.3640475209257867,0.0001333777925976,0.0001333777925976,True,True,1.0,True,,2.0,3.0,"[5.000666888962988, 10.000333444481495, 15.0, 10.87795931977326, 5.85028342780927]","[9.456190083703147, 7.029111494056997, 6.703444263497009, 6.126217836346991, 5.929408796490657]",5.000666888962988,445.7541176403887,3.9,0.0009312642717096,0.0108455261530475,17.047518935974963,0.0001333777925976,0.0001333777925976,True,True,1.0,True,4.0,2.0,3.0,"[5.000666888962988, 10.000333444481495, 15.0, 2.4984994998332777, 1.2520840280093366]","[17.047518935974963, 11.233725663927814, 9.556292447116508, 9.40063922744792, 5.625524695283583]",16.085275694914447,5.684844459265036,0.057356608478802994,0.0024937655860349127,False,True,False,True,False,True,False,False,True,False,True,False,False,True,False,True,low_scatter,459.83598043216915,0.0321536469572723,0.04277588133521231,419.52255352183397
1725016,5,confirmed_planet_host,5.0,445.7603676403887,0.45,8.0,0.0005,286,filter,True,,True,0.0067809999454766,5.725060583092272,0.0677283748518675,5.799825082998723,5.85028342780927,446.9764957367222,8.785714285714285,5.986032038778989,4.134566239755415,15,12,0.8,1.5455868264036705,0.170056685561854,0.170056685561854,False,False,,False,,5.0,4.0,"[5.85028342780927, 10.793931310436813, 11.568856285428478, 14.775925308436147, 9.98166055351784]","[5.986032038778989, 5.982025097523802, 5.905025608545659, 5.867319037124477, 5.7409252667144814]",5.000666888962988,445.7541176403887,8.700000000000001,0.0004782403457958,0.0081603597800497,12.87615239280458,0.0001333777925976,0.0001333777925976,True,True,1.0,True,4.0,2.0,3.0,"[5.000666888962988, 10.000333444481495, 14.995331777259088, 2.5031677225741915, 1.6675558519506501]","[12.876152392804581, 8.49106472949659, 7.381762457082205, 6.974072216203201, 4.008418728106198]",16.085275694914447,5.684844459265036,0.9675810473815462,0.0024937655860349127,False,True,False,True,False,True,False,False,True,False,True,False,False,True,False,True,low_scatter,459.83598043216915,0.0321536469572723,0.04277588133521231,419.52255352183397
1725016,5,confirmed_planet_host,5.0,445.7603676403887,0.45,8.0,0.001,286,filter,True,,True,0.007298459066078,5.6392937079072,0.0650493749417364,5.7118927501142025,5.000666888962988,445.8990983193204,1.5,6.692886223795787,5.45749203868181,18,15,0.8333333333333334,1.5775284115186754,0.0001333777925976,0.0001333777925976,True,True,1.0,True,,4.0,2.0,"[5.000666888962988, 14.775925308436147, 5.822274091363789, 9.99566522174058, 10.793931310436813]","[6.692886223795787, 6.506070377980125, 6.224640158954645, 5.955446778899866, 5.92417804637663]",5.000666888962988,445.7541176403887,7.5,0.0010071744254166,0.0160158468358034,19.552165305588463,0.0001333777925976,0.0001333777925976,True,True,1.0,True,3.0,2.0,4.0,"[5.000666888962988, 10.000333444481495, 2.4984994998332777, 14.995331777259088, 1.6675558519506501]","[19.552165305588463, 13.240098351707815, 11.370831030929024, 10.96226818128018, 7.979465812308617]",16.085275694914447,5.684844459265036,0.47381546134663344,0.0024937655860349127,False,True,False,True,False,True,False,False,True,False,True,False,False,True,False,True,low_scatter,459.83598043216915,0.0321536469572723,0.04277588133521231,419.52255352183397
1725016,5,confirmed_planet_host,10.0,448.0103676403887,0.45,2.0,0.001,40,filter,True,,True,0.0076415839139372,5.894881915999576,0.0698845831211656,5.9726624169852585,10.000333444481496,448.03050360850045,1.5,6.815759769717817,6.285445209379147,10,9,0.9,2.155332485685303,3.33444481494638e-05,3.33444481494638e-05,True,True,1.0,True,,,,"[10.000333444481495, 10.87795931977326, 11.536178726242081, 5.85028342780927, 11.013337779259754]","[6.815759769717817, 6.16373590718458, 6.046791095120729, 5.965721573018434, 5.721992772261241]",9.99566522174058,448.02911764038873,1.5,0.001128457876236,0.006160112022798,10.187294577209292,0.0004334778259419,0.0004334778259419,True,True,1.0,True,2.0,,,"[9.99566522174058, 5.000666888962988, 3.334111370456819, 15.0, 7.409469823274425]","[10.187294577209293, 5.432508588805682, 4.526071582132849, 4.264278494132417, 3.9787172949375105]",16.085275694914447,5.684844459265036,0.38154613466334164,0.0024937655860349127,False,True,False,True,False,True,False,False,True,False,True,False,False,True,False,True,low_scatter,459.83598043216915,0.0321536469572723,0.04277588133521231,419.52255352183397
1725016,5,confirmed_planet_host,10.0,448.0103676403887,0.45,4.0,0.0005,81,filter,True,,True,0.007402499904856,5.925140707986429,0.0706673748791217,6.003470499999821,10.87795931977326,452.9059413883252,3.928571428571429,6.21694082325471,4.286817293939236,8,6,0.75,2.198020507179441,0.0877959319773259,0.0877959319773259,False,False,5.0,True,,,,"[10.87795931977326, 5.85028342780927, 11.568856285428478, 11.013337779259754, 9.98166055351784]","[6.21694082325471, 6.017217243885876, 5.935788797511398, 5.771384594004802, 5.770833548325069]",10.000333444481496,448.0041176403887,3.9,0.0005969624526828,0.0052589807897758,8.139614907571703,3.33444481494638e-05,3.33444481494638e-05,True,True,1.0,True,3.0,,,"[10.000333444481495, 7.409469823274425, 5.000666888962988, 5.985661887295766, 3.334111370456819]","[8.139614907571703, 4.0799331987545715, 3.626968940904822, 3.027761889946069, 2.9128348106148705]",16.085275694914447,5.684844459265036,0.8528678304239401,0.0024937655860349127,False,True,False,True,False,True,False,False,True,False,True,False,False,True,False,True,low_scatter,459.83598043216915,0.0321536469572723,0.04277588133521231,419.52255352183397
1725016,5,confirmed_planet_host,10.0,448.0103676403887,0.45,4.0,0.001,81,filter,True,,True,0.0074620840605348,6.020826125051826,0.0706059578806161,6.09915158408694,9.99566522174058,448.0381308770408,3.928571428571429,7.7879019522828115,5.672712341847012,10,8,0.8,2.462750836328564,0.0004334778259419,0.0004334778259419,True,True,1.0,True,2.0,,,"[9.99566522174058, 5.000666888962988, 10.87795931977326, 5.85028342780927, 11.568856285428478]","[7.7879019522828115, 6.907117467199794, 6.208612100048641, 6.009156086747684, 5.927836728590422]",10.000333444481496,448.0041176403887,3.9,0.0010838502983708,0.0095482519419916,15.163092332774887,3.33444481494638e-05,3.33444481494638e-05,True,True,1.0,True,2.0,,,"[10.000333444481495, 5.000666888962988, 3.334111370456819, 15.0, 1.9989996665555188]","[15.163092332774887, 8.634283479591359, 6.592347059210619, 6.003783933038104, 5.249678362711444]",16.085275694914447,5.684844459265036,0.11221945137157108,0.0024937655860349127,False,True,False,True,False,True,False,False,True,False,True,False,False,True,False,True,low_scatter,459.83598043216915,0.0321536469572723,0.04277588133521231,419.52255352183397
1725016,5,confirmed_planet_host,10.0,448.0103676403887,0.45,8.0,0.0005,161,filter,True,,True,0.0078400420024991,5.767563708126545,0.0664971659425646,5.842160457978025,10.87795931977326,452.9059413883252,3.928571428571429,6.222407896010475,4.513442090655889,8,7,0.875,2.199953409288862,0.0877959319773259,0.0877959319773259,False,False,5.0,True,,,,"[10.87795931977326, 5.85028342780927, 11.568856285428478, 11.013337779259754, 9.98166055351784]","[6.222407896010475, 6.02250868309928, 5.941008629924387, 5.776459852138017, 5.7759083218780205]",10.000333444481496,448.01661764038874,7.5,0.0006056649936395,0.0073161765381781,11.66157933300397,3.33444481494638e-05,3.33444481494638e-05,True,True,1.0,True,2.0,,,"[10.000333444481495, 4.995998666222075, 3.334111370456819, 14.995331777259088, 5.985661887295766]","[11.66157933300397, 5.5775533683144, 5.2982118013960395, 3.7430467427186485, 3.4810053917594117]",16.085275694914447,5.684844459265036,0.8503740648379052,0.0024937655860349127,False,True,False,True,False,True,False,False,True,False,True,False,False,True,False,True,low_scatter,459.83598043216915,0.0321536469572723,0.04277588133521231,419.52255352183397
1725016,5,confirmed_planet_host,10.0,448.0103676403887,0.45,8.0,0.001,161,filter,True,,True,0.0072267909999936,5.969571084016934,0.0683841670397669,6.045443749986589,10.87795931977326,452.9059413883252,3.928571428571429,6.209973804281512,4.5044229852056406,8,7,0.875,2.1955572939991397,0.0877959319773259,0.0877959319773259,False,False,2.0,True,,,,"[10.87795931977326, 10.000333444481495, 5.85028342780927, 11.568856285428478, 11.013337779259754]","[6.209973804281512, 6.173058554416983, 6.010474045278101, 5.929136851747581, 5.764916887923761]",10.000333444481496,448.01661764038874,7.5,0.0011045113249731,0.0133420288885481,17.25661289191606,3.33444481494638e-05,3.33444481494638e-05,True,True,1.0,True,2.0,,,"[10.000333444481495, 4.995998666222075, 3.334111370456819, 14.995331777259088, 2.4984994998332777]","[17.25661289191606, 9.92557092204189, 8.55952602738756, 6.073932026742589, 5.766848799487743]",16.085275694914447,5.684844459265036,0.8603491271820449,0.0024937655860349127,False,True,False,True,False,True,False,False,True,False,True,False,False,True,False,True,low_scatter,459.83598043216915,0.0321536469572723,0.04277588133521231,419.52255352183397
1849702,5,confirmed_planet_host,2.0,444.41083028791616,0.45,2.0,0.001,188,filter,True,,True,0.0168236249592155,11.370244292076675,0.1196270410437136,11.507148042088374,4.00166722240747,446.4106400649547,1.5,12.034546547453736,11.261405279409592,23,22,0.9565217391304348,2.509376421784908,0.0004168056018674,1.0008336112037348,True,False,,False,2.0,1.0,3.0,"[4.00166722240747, 1.0, 5.999666555518506, 10.000333444481495, 9.001333777925977]","[12.034546547453735, 11.758672702530932, 11.734032678253913, 10.357599488127171, 9.9877260860647]",1.9989996665555188,444.42958028791617,2.7,0.0007219939035282,0.0110930001384355,8.941343934684788,0.0005001667222406,0.0005001667222406,True,True,1.0,True,3.0,2.0,4.0,"[1.9989996665555188, 4.00166722240747, 1.0, 5.999666555518506, 7.997665888629544]","[8.941343934684788, 6.462920220460154, 5.376854517831692, 4.5067776148025125, 4.096021250446389]",16.085275694914447,5.684844459265036,0.032418952618453865,0.0024937655860349127,False,True,False,True,False,True,False,False,True,False,True,False,False,True,False,True,low_scatter,358.803277129436,0.0321536469572723,0.3549742624179406,245.7729619525827
1849702,5,confirmed_planet_host,2.0,444.41083028791616,0.45,4.0,0.0005,372,filter,True,,True,0.0134198339655995,11.487067624926569,0.229777832981199,11.731022875057532,1.0,444.4192323564895,3.928571428571429,8.299989151425788,7.700238638668532,90,62,0.6888888888888889,0.8748956757731223,0.0,0.5,True,False,,False,1.0,,2.0,"[1.0, 5.999666555518506, 10.938646215405136, 7.997665888629544, 10.000333444481495]","[8.299989151425788, 8.124088066864795, 7.385733831118198, 6.520471437341641, 6.465214598315459]",1.9989996665555188,444.42958028791617,3.9,0.000455086976334,0.0083331312774097,6.426416078155433,0.0005001667222406,0.0005001667222406,True,True,1.0,True,3.0,2.0,4.0,"[1.9989996665555188, 4.00166722240747, 1.0, 5.999666555518506, 13.991663887962655]","[6.426416078155433, 4.224156979169673, 3.525891113370842, 3.244960005601659, 3.017557336792028]",16.085275694914447,5.684844459265036,0.0773067331670823,0.004987531172069825,False,True,False,True,False,True,False,False,True,False,True,False,False,True,False,True,low_scatter,358.803277129436,0.0321536469572723,0.3549742624179406,245.7729619525827
1849702,5,confirmed_planet_host,2.0,444.41083028791616,0.45,4.0,0.001,372,filter,True,,True,0.0314039587974548,13.346945916069672,0.2386337500065565,13.617891374975445,4.00166722240747,444.39915168333994,3.928571428571429,16.11732097510118,11.89597469796066,23,19,0.8260869565217391,3.3606937392930236,0.0004168056018674,1.0008336112037348,True,False,,False,3.0,1.0,2.0,"[4.00166722240747, 5.999666555518506, 1.0, 7.997665888629544, 10.000333444481495]","[16.11732097510118, 14.967667477185755, 14.592474790272469, 11.75525121960924, 11.556795632593094]",1.9989996665555188,444.42958028791617,3.9,0.0009184481280829,0.0168177715927183,11.297742781036384,0.0005001667222406,0.0005001667222406,True,True,1.0,True,3.0,2.0,4.0,"[1.9989996665555188, 4.00166722240747, 1.0, 5.999666555518506, 8.002334111370457]","[11.297742781036384, 7.668220218118798, 7.101188556549829, 6.085975623693836, 5.161860152719264]",16.085275694914447,5.684844459265036,0.00997506234413965,0.0024937655860349127,True,True,True,True,False,True,True,False,False,False,True,False,False,True,False,True,low_scatter,358.803277129436,0.0321536469572723,0.3549742624179406,245.7729619525827
1849702,5,confirmed_planet_host,2.0,444.41083028791616,0.45,8.0,0.0005,747,filter,True,,True,0.0239677920471876,16.396210375009105,0.2397183750290423,16.66059754206799,5.999666555518506,444.4134522977171,7.571428571428571,6.847144823454133,6.108343092951547,15,14,0.9333333333333332,1.7679251913538785,0.4999166388796265,1.9998332777592531,False,False,,False,3.0,,1.0,"[5.999666555518506, 11.004001333777927, 1.0, 13.487495831943983, 14.705901967322442]","[6.847144823454133, 6.797432563610348, 6.574850504536188, 6.284994582449839, 6.149556820913938]",1.9989996665555188,444.42958028791617,7.5,0.0005025996503487,0.0122229358172406,8.621599393329216,0.0005001667222406,0.0005001667222406,True,True,1.0,True,3.0,2.0,4.0,"[1.9989996665555188, 4.00166722240747, 1.0, 5.999666555518506, 12.003001000333445]","[8.621599393329216, 5.581267782307738, 4.41378535541213, 4.2171622353926095, 3.984931018231773]",16.085275694914447,5.684844459265036,0.371571072319202,0.0024937655860349127,False,True,False,True,False,True,False,False,True,False,True,False,False,True,False,True,low_scatter,358.803277129436,0.0321536469572723,0.3549742624179406,245.7729619525827
1849702,5,confirmed_planet_host,2.0,444.41083028791616,0.45,8.0,0.001,747,filter,True,,True,0.0177842499688267,16.788894125027582,0.2366976668126881,17.044081875123084,4.00166722240747,444.4137945319766,7.571428571428571,12.828535692107389,11.672515951332292,22,22,1.0,2.7350529993508115,0.0004168056018674,1.0008336112037348,True,False,,False,2.0,1.0,3.0,"[4.00166722240747, 1.0, 5.999666555518506, 10.000333444481495, 9.001333777925977]","[12.828535692107387, 11.308301089170303, 11.16954444369307, 10.35473813857619, 10.177932512296689]",1.9989996665555188,444.42958028791617,7.5,0.0009880674055639,0.0240292337508334,14.982688669539248,0.0005001667222406,0.0005001667222406,True,True,1.0,True,3.0,2.0,4.0,"[1.9989996665555188, 4.00166722240747, 1.0, 5.999666555518506, 7.997665888629544]","[14.982688669539248, 9.851187194978769, 8.496053448285206, 7.649145195735391, 6.3449558207723324]",16.085275694914447,5.684844459265036,0.032418952618453865,0.0024937655860349127,False,True,False,True,False,True,False,False,True,False,True,False,False,True,False,True,low_scatter,358.803277129436,0.0321536469572723,0.3549742624179406,245.7729619525827
1849702,5,confirmed_planet_host,5.0,445.7608302879162,0.45,2.0,0.001,71,filter,True,,True,0.013968959217891,16.997079041088,0.1450394170824438,17.15684983297251,5.000666888962988,445.7770957202411,1.5,11.29182496016289,11.937872756569446,18,18,1.0,2.661508667100899,0.0001333777925976,0.0001333777925976,True,True,1.0,True,,2.0,3.0,"[5.000666888962988, 10.000333444481495, 15.0, 13.333444481493832, 8.758586195398467]","[11.29182496016289, 9.06932254746597, 7.3977407478723025, 7.275104208995867, 6.49895809126863]",5.000666888962988,445.75458028791616,1.5,0.0009109130291078,0.0066533971101044,6.0663682959509595,0.0001333777925976,0.0001333777925976,True,True,1.0,True,4.0,2.0,5.0,"[5.000666888962988, 10.000333444481495, 11.139379793264423, 2.4984994998332777, 15.0]","[6.0663682959509595, 4.180172779413406, 3.6008184190289634, 3.370488154571178, 2.9446157195272034]",16.085275694914447,5.684844459265036,0.032418952618453865,0.004987531172069825,False,True,False,True,False,True,False,False,True,False,True,False,False,True,False,True,low_scatter,358.803277129436,0.0321536469572723,0.3549742624179406,245.7729619525827
1849702,5,confirmed_planet_host,5.0,445.7608302879162,0.45,8.0,0.0005,286,filter,True,,True,0.0071086660027503,5.724926583003253,0.0636526669841259,5.7959485410247,13.487495831943985,445.0888413472106,7.571428571428571,6.330676089160973,4.472976938010796,6,5,0.8333333333333334,2.5844876908804215,0.3487495831943983,1.6974991663887966,False,False,,False,,5.0,3.0,"[13.487495831943983, 7.7969323107702575, 14.705901967322442, 8.721240413471158, 10.005001667222409]","[6.330676089160973, 6.276605921946687, 6.194253919296413, 6.075863643980294, 5.9559743986264575]",5.000666888962988,445.75458028791616,7.5,0.0004710159622276,0.0074899831825409,5.7778690195648705,0.0001333777925976,0.0001333777925976,True,True,1.0,True,3.0,2.0,,"[5.000666888962988, 10.000333444481495, 2.4984994998332777, 12.474491497165722, 11.139379793264423]","[5.7778690195648705, 3.636097657196097, 3.2154934489460723, 3.112714958991449, 2.9959236432257548]",16.085275694914447,5.684844459265036,0.7605985037406484,0.007481296758104738,False,True,False,True,False,True,False,False,True,False,True,False,False,True,False,True,low_scatter,358.803277129436,0.0321536469572723,0.3549742624179406,245.7729619525827
1849702,5,confirmed_planet_host,5.0,445.7608302879162,0.45,8.0,0.001,286,filter,True,,True,0.0070988750085234,5.778901916928589,0.0626072499435395,5.848866624990478,5.000666888962988,445.7811185039128,7.571428571428571,11.748170965717405,12.327246612019117,18,18,1.0,2.769070452132562,0.0001333777925976,0.0001333777925976,True,True,1.0,True,5.0,3.0,2.0,"[5.000666888962988, 15.0, 10.000333444481495, 7.502834278092698, 2.4984994998332777]","[11.748170965717405, 9.6593948709554, 9.0378801400947, 7.653990005699965, 6.78161657088384]",5.000666888962988,445.75458028791616,7.5,0.0009689998331953,0.0154088036001864,9.526718758313727,0.0001333777925976,0.0001333777925976,True,True,1.0,True,3.0,2.0,4.0,"[5.000666888962988, 10.000333444481495, 2.4984994998332777, 15.0, 1.6675558519506501]","[9.526718758313727, 6.2291174675602985, 5.623854620474725, 4.852391028687351, 4.154383351758]",16.085275694914447,5.684844459265036,0.032418952618453865,0.0024937655860349127,False,True,False,True,False,True,False,False,True,False,True,False,False,True,False,True,low_scatter,358.803277129436,0.0321536469572723,0.3549742624179406,245.7729619525827
1849702,5,confirmed_planet_host,10.0,448.0108302879162,0.45,4.0,0.001,81,filter,True,,True,0.0073797910008579,6.121802458073944,0.0640127079095691,6.193466749973595,10.000333444481496,448.0202098201597,3.928571428571429,11.76088099431579,11.873443050292838,9,9,1.0,3.92029366477193,3.33444481494638e-05,3.33444481494638e-05,True,True,1.0,True,3.0,,,"[10.000333444481495, 14.705901967322442, 5.000666888962988, 13.487495831943983, 8.721240413471158]","[11.76088099431579, 7.2479276600074, 6.6979801307544395, 6.351371454370478, 6.095726011807106]",10.000333444481496,448.00458028791616,3.9,0.0010775691408931,0.0094337149321913,6.8223445399783325,3.33444481494638e-05,3.33444481494638e-05,True,True,1.0,True,2.0,,,"[10.000333444481495, 5.000666888962988, 11.246748916305435, 3.334111370456819, 15.0]","[6.8223445399783325, 4.52644659160036, 2.932350860312275, 2.6124993659560234, 2.535762804256573]",16.085275694914447,5.684844459265036,0.032418952618453865,0.0024937655860349127,False,True,False,True,False,True,False,False,True,False,True,False,False,True,False,True,low_scatter,358.803277129436,0.0321536469572723,0.3549742624179406,245.7729619525827
1849702,5,confirmed_planet_host,10.0,448.0108302879162,0.45,8.0,0.001,160,filter,True,,True,0.0075703328475356,5.686741583049297,0.0607842500321567,5.755340249976143,10.000333444481496,448.0347509383794,7.571428571428571,9.983946331111875,8.930452913870534,9,9,1.0,3.327982110370625,3.33444481494638e-05,3.33444481494638e-05,True,True,1.0,True,,,,"[10.000333444481495, 15.0, 13.487495831943983, 14.705901967322442, 1.0]","[9.983946331111875, 6.609898749617486, 6.333727410230119, 6.19723948627621, 6.093049723488421]",10.000333444481496,448.0170802879162,7.5,0.0011074666343897,0.0133777277743083,7.842781307820846,3.33444481494638e-05,3.33444481494638e-05,True,True,1.0,True,2.0,,,"[10.000333444481495, 5.000666888962988, 15.0, 3.334111370456819, 2.4984994998332777]","[7.842781307820846, 5.180888900513234, 3.1782456815529185, 3.1163671791662546, 3.0326769754831275]",16.085275694914447,5.684844459265036,0.04239401496259352,0.0024937655860349127,False,True,False,True,False,True,False,False,True,False,True,False,False,True,False,True,low_scatter,358.803277129436,0.0321536469572723,0.3549742624179406,245.7729619525827
1871056,5,confirmed_planet_host,2.0,444.4103877304136,0.45,2.0,0.0005,188,filter,True,,True,0.0133727500215172,13.199125957908109,0.1308185840025544,13.343984916107727,5.999666555518506,448.42914848623434,1.5,14.192593010049617,12.42136158766633,15,15,1.0,3.6645117578281305,0.4999166388796265,1.9998332777592531,False,False,,False,3.0,5.0,1.0,"[5.999666555518506, 10.000333444481495, 1.0, 7.997665888629544, 4.00166722240747]","[14.192593010049617, 12.538104069595182, 11.586496990318322, 11.578610683707439, 11.339563256453188]",1.9989996665555188,444.4291377304136,2.7,0.0003805074168429,0.0058462665779974,14.272180060853124,0.0005001667222406,0.0005001667222406,True,True,1.0,True,3.0,2.0,4.0,"[1.9989996665555188, 4.00166722240747, 1.0, 5.999666555518506, 7.997665888629544]","[14.272180060853124, 9.929326876858608, 9.285471446155746, 7.972518893747015, 7.621435606626793]",16.085275694914447,5.684844459265036,0.022443890274314215,0.0024937655860349127,False,True,False,True,False,True,False,False,True,False,True,False,False,True,False,True,lowest_scatter,176.2158497586388,0.0321536469572723,0.27411889976570675,123.1495629545986
1871056,5,confirmed_planet_host,2.0,444.4103877304136,0.45,2.0,0.001,188,filter,True,,True,0.0166144999675452,14.637853999854997,0.1336480418685823,14.78857075003907,5.999666555518506,448.42914848623434,1.5,26.543784901308303,23.12517279447426,15,15,1.0,6.853575791205262,0.4999166388796265,1.9998332777592531,False,False,,False,5.0,3.0,1.0,"[5.999666555518506, 7.997665888629544, 4.00166722240747, 10.000333444481495, 1.0]","[26.543784901308303, 22.630965781983658, 22.31985862089541, 22.09821700211959, 22.08363286478272]",1.9989996665555188,444.4291377304136,2.7,0.0007437990343164,0.0114280227995273,21.82912271627729,0.0005001667222406,0.0005001667222406,True,True,1.0,True,3.0,2.0,4.0,"[1.9989996665555188, 4.00166722240747, 1.0, 5.999666555518506, 7.997665888629544]","[21.82912271627729, 15.52970211801132, 14.628507412514976, 12.472960698127123, 11.705071205285083]",16.085275694914447,5.684844459265036,0.004987531172069825,0.0024937655860349127,True,True,False,True,False,True,False,False,True,False,True,False,False,True,False,True,lowest_scatter,176.2158497586388,0.0321536469572723,0.27411889976570675,123.1495629545986
1871056,5,confirmed_planet_host,2.0,444.4103877304136,0.45,4.0,0.0005,372,filter,True,,True,0.0135164591483771,14.902900916989893,0.1346644589211791,15.051632916089147,4.00166722240747,446.3995426709173,3.928571428571429,20.531816044554823,15.952211304333543,23,23,1.0,4.281179592057995,0.0004168056018674,1.0008336112037348,True,False,,False,5.0,1.0,2.0,"[4.00166722240747, 5.999666555518506, 7.997665888629544, 12.003001000333445, 1.0]","[20.531816044554823, 15.488327423140774, 14.67012215626259, 13.490746649786882, 13.197436129034918]",1.9989996665555188,444.4291377304136,3.9,0.0004777389214366,0.0087369811783886,17.807852841957146,0.0005001667222406,0.0005001667222406,True,True,1.0,True,3.0,2.0,4.0,"[1.9989996665555188, 4.00166722240747, 1.0, 5.999666555518506, 8.002334111370457]","[17.807852841957146, 11.856346699174315, 11.492389734352217, 10.17173953724431, 8.438469574845726]",16.085275694914447,5.684844459265036,0.004987531172069825,0.0024937655860349127,True,True,True,True,False,True,True,False,False,False,True,False,False,True,False,True,lowest_scatter,176.2158497586388,0.0321536469572723,0.27411889976570675,123.1495629545986
1871056,5,confirmed_planet_host,2.0,444.4103877304136,0.45,4.0,0.001,372,filter,True,,True,0.0167441670782864,15.833179583074523,0.1345267090946436,15.985068958019838,4.00166722240747,446.3995426709173,3.928571428571429,37.09101386013074,28.33172321325698,23,23,1.0,7.734011021828,0.0004168056018674,1.0008336112037348,True,False,,False,,1.0,2.0,"[4.00166722240747, 5.999666555518506, 7.997665888629544, 9.99566522174058, 12.003001000333445]","[37.09101386013074, 32.54404447733419, 28.792537756789525, 25.9372977367473, 25.52396143801817]",1.9989996665555188,444.4291377304136,3.9,0.0009408893356911,0.017207164934688,25.10565306643178,0.0005001667222406,0.0005001667222406,True,True,1.0,True,3.0,2.0,4.0,"[1.9989996665555188, 4.00166722240747, 1.0, 5.999666555518506, 8.002334111370457]","[25.10565306643178, 17.123617892695165, 16.83115157935356, 14.56488511769405, 12.241047565745983]",16.085275694914447,5.684844459265036,0.0024937655860349127,0.0024937655860349127,True,True,True,True,False,True,True,False,False,False,True,False,False,True,False,True,lowest_scatter,176.2158497586388,0.0321536469572723,0.27411889976570675,123.1495629545986
1871056,5,confirmed_planet_host,2.0,444.4103877304136,0.45,8.0,0.0005,747,filter,True,,True,0.0149593749083578,10.906756749842316,0.1184505419805646,11.040618708124384,5.999666555518506,446.4381961449778,8.785714285714285,12.599894890919288,10.594125902220638,15,14,0.9333333333333332,3.253278871766288,0.4999166388796265,1.9998332777592531,False,False,,False,2.0,3.0,1.0,"[5.999666555518506, 1.0, 4.00166722240747, 7.997665888629544, 11.998332777592532]","[12.599894890919288, 10.606646382818617, 10.514177484331496, 10.279033226959005, 9.513129629307484]",1.9989996665555188,444.4416377304136,8.700000000000001,0.0004667552318426,0.0120248357262152,21.196265094119433,0.0005001667222406,0.0005001667222406,True,True,1.0,True,3.0,2.0,4.0,"[1.9989996665555188, 4.00166722240747, 1.0, 5.999666555518506, 8.002334111370457]","[21.196265094119433, 13.736071616211568, 12.185201252887538, 11.648509075773008, 9.636695112521576]",16.085275694914447,5.684844459265036,0.032418952618453865,0.0024937655860349127,False,True,False,True,False,True,False,False,True,False,True,False,False,True,False,True,lowest_scatter,176.2158497586388,0.0321536469572723,0.27411889976570675,123.1495629545986
1871056,5,confirmed_planet_host,2.0,444.4103877304136,0.45,8.0,0.001,747,filter,True,,True,0.0133806250523775,16.81433791690506,0.1213474171236157,16.9496458331123,5.999666555518506,444.4383072931382,8.785714285714285,24.077362454755225,22.18253120126709,15,15,1.0,6.216748253857781,0.4999166388796265,1.9998332777592531,False,False,,False,4.0,2.0,1.0,"[5.999666555518506, 4.00166722240747, 7.997665888629544, 1.0, 10.000333444481495]","[24.077362454755225, 21.028153250653038, 19.333354480699047, 19.317607792030977, 18.30199526345322]",1.9989996665555188,444.4291377304136,8.700000000000001,0.00092245166631,0.0237647679040722,27.95000927118431,0.0005001667222406,0.0005001667222406,True,True,1.0,True,3.0,2.0,4.0,"[1.9989996665555188, 4.00166722240747, 1.0, 5.999666555518506, 7.997665888629544]","[27.95000927118431, 18.46821228233333, 16.750488628226787, 15.404660411722574, 12.855427904552915]",16.085275694914447,5.684844459265036,0.004987531172069825,0.0024937655860349127,True,True,False,True,False,True,False,False,True,False,True,False,False,True,False,True,lowest_scatter,176.2158497586388,0.0321536469572723,0.27411889976570675,123.1495629545986
1871056,5,confirmed_planet_host,5.0,445.7603877304136,0.45,2.0,0.0005,71,filter,True,,True,0.0152392091695219,6.94673329195939,0.0610663339029997,7.0232838748488575,5.000666888962988,445.77665309661467,1.5,14.055674523176682,14.28986362983169,18,18,1.0,3.3129542564964085,0.0001333777925976,0.0001333777925976,True,True,1.0,True,,3.0,2.0,"[5.000666888962988, 15.0, 9.990996998999668, 7.498166055351785, 11.25141713904635]","[14.055674523176682, 9.63725835004971, 9.500984997784858, 8.37835633127145, 7.991055028048468]",5.000666888962988,445.7416377304136,2.7,0.000404224544691,0.0038778151425392,9.693429427939956,0.0001333777925976,0.0001333777925976,True,True,1.0,True,3.0,2.0,4.0,"[5.000666888962988, 9.99566522174058, 2.4984994998332777, 15.0, 11.988996332110704]","[9.693429427939957, 6.6864700842666425, 5.487949565992662, 5.315973546107026, 3.652813867387936]",16.085275694914447,5.684844459265036,0.022443890274314215,0.0024937655860349127,False,True,False,True,False,True,False,False,True,False,True,False,False,True,False,True,lowest_scatter,176.2158497586388,0.0321536469572723,0.27411889976570675,123.1495629545986
1871056,5,confirmed_planet_host,5.0,445.7603877304136,0.45,8.0,0.0005,286,filter,True,,True,0.0073249998968094,5.550305041950196,0.0653349999338388,5.623235082952306,10.000333444481496,445.78474455423566,7.571428571428571,12.191859830983796,11.082006488498624,9,9,1.0,4.0639532769945985,3.33444481494638e-05,1.000066688896299,True,False,2.0,True,,1.0,4.0,"[10.000333444481495, 5.000666888962988, 7.498166055351785, 14.995331777259088, 11.25141713904635]","[12.191859830983795, 10.528180223850367, 9.98981398031402, 8.811567289460806, 7.9510020494782445]",5.000666888962988,445.7541377304136,7.5,0.0005241224574317,0.0083344699682566,14.735917232505573,0.0001333777925976,0.0001333777925976,True,True,1.0,True,3.0,2.0,4.0,"[5.000666888962988, 10.000333444481495, 2.4984994998332777, 15.0, 1.6675558519506501]","[14.735917232505573, 10.044844432822002, 8.578666348427758, 8.39496143998893, 6.145443399349318]",16.085275694914447,5.684844459265036,0.032418952618453865,0.0024937655860349127,False,True,False,True,False,True,False,False,True,False,True,False,False,True,False,True,lowest_scatter,176.2158497586388,0.0321536469572723,0.27411889976570675,123.1495629545986
1871056,5,confirmed_planet_host,10.0,448.0103877304136,0.45,2.0,0.0005,40,filter,True,,True,0.0072623752057552,5.514794416958466,0.0670074999798089,5.589319540886208,10.000333444481496,448.0305236973612,1.5,10.88557462454178,10.804255433206183,10,10,1.0,3.4423209453284263,3.33444481494638e-05,3.33444481494638e-05,True,True,1.0,True,,,,"[10.000333444481495, 13.54818272757586, 15.0, 13.991663887962655, 7.498166055351785]","[10.88557462454178, 7.174492499896555, 6.8175533340742565, 6.3945998962921795, 6.310511589684915]",10.000333444481496,448.0041377304136,2.7,0.0003394139259859,0.0025016793367356,6.518062978620293,3.33444481494638e-05,3.33444481494638e-05,True,True,1.0,True,3.0,,,"[10.000333444481495, 11.984328109369791, 5.000666888962988, 11.830276758919641, 12.759253084361454]","[6.518062978620293, 4.972281473400577, 4.240268860115156, 3.6715488019648728, 3.475626073009556]",16.085275694914447,5.684844459265036,0.034912718204488775,0.0024937655860349127,False,True,False,True,False,True,False,False,True,False,True,False,False,True,False,True,lowest_scatter,176.2158497586388,0.0321536469572723,0.27411889976570675,123.1495629545986
1871056,5,confirmed_planet_host,10.0,448.0103877304136,0.45,4.0,0.0005,81,filter,True,,True,0.007305416977033,5.39787512505427,0.0615660410840064,5.466988583095372,10.000333444481496,448.0402177761744,3.928571428571429,10.490602629868098,10.532559681635394,10,10,1.0,3.3174198338135534,3.33444481494638e-05,3.33444481494638e-05,True,True,1.0,True,,,,"[10.000333444481495, 15.0, 5.584194731577193, 14.248416138712905, 3.8709569856618877]","[10.490602629868098, 6.866670923403552, 6.268852781517931, 6.219334433090652, 6.061748231576148]",10.000333444481496,448.01663773041366,3.9,0.000458864994013,0.0040424019597383,9.967892270697458,3.33444481494638e-05,3.33444481494638e-05,True,True,1.0,True,2.0,,,"[10.000333444481495, 5.000666888962988, 3.334111370456819, 12.003001000333445, 15.0]","[9.967892270697458, 5.770389302994753, 4.684913325097623, 4.4552976501835655, 4.080702433844712]",16.085275694914447,5.684844459265036,0.04239401496259352,0.0024937655860349127,False,True,False,True,False,True,False,False,True,False,True,False,False,True,False,True,lowest_scatter,176.2158497586388,0.0321536469572723,0.27411889976570675,123.1495629545986
1871056,5,confirmed_planet_host,10.0,448.0103877304136,0.45,8.0,0.0005,161,filter,True,,True,0.0076606250368058,5.129103624960408,0.0586772088427096,5.195676374947652,10.000333444481496,447.98856011606426,6.357142857142858,9.357443288306674,8.6152536940719,10,10,1.0,2.9590833866904735,3.33444481494638e-05,3.33444481494638e-05,True,True,1.0,True,,,,"[10.000333444481495, 13.426808936312105, 13.212070690230078, 3.8709569856618877, 5.962320773591197]","[9.357443288306674, 6.633499983863074, 6.265856796852639, 6.037560920382884, 6.001115557941471]",9.99566522174058,448.02913773041365,8.700000000000001,0.0004422927536839,0.0057356977807859,10.608004665862657,0.0004334778259419,0.0004334778259419,True,True,1.0,True,3.0,,,"[9.99566522174058, 3.334111370456819, 5.000666888962988, 15.0, 12.007669223074359]","[10.608004665862655, 5.39209239969285, 5.3916518243981875, 4.165386413685137, 3.905960299043323]",16.085275694914447,5.684844459265036,0.059850374064837904,0.0024937655860349127,False,True,False,True,False,True,False,False,True,False,True,False,False,True,False,True,lowest_scatter,176.2158497586388,0.0321536469572723,0.27411889976570675,123.1495629545986
1871056,5,confirmed_planet_host,10.0,448.0103877304136,0.45,8.0,0.001,161,filter,True,,True,0.0066535000223666,5.514797791140154,0.0735821668058633,5.595299375010654,9.99566522174058,448.0575773093988,8.785714285714285,15.997005069427974,12.626677152966854,9,9,1.0,5.332335023142658,0.0004334778259419,0.0004334778259419,True,True,1.0,True,,,,"[9.99566522174058, 15.0, 13.422140713571192, 14.169056352117373, 8.511170390130044]","[15.997005069427974, 11.206784271524786, 6.631389470711484, 6.469800599876526, 6.423016786474217]",9.99566522174058,448.02913773041365,7.5,0.0009680281546692,0.0117306723201684,14.52822510750612,0.0004334778259419,0.0004334778259419,True,True,1.0,True,2.0,,,"[9.99566522174058, 5.000666888962988, 3.334111370456819, 15.0, 2.4984994998332777]","[14.528225107506119, 8.774832011693746, 7.528184850898097, 5.826006537072402, 5.5042650088728]",16.085275694914447,5.684844459265036,0.012468827930174564,0.0024937655860349127,False,True,False,True,False,True,False,False,True,False,True,False,False,True,False,True,lowest_scatter,176.2158497586388,0.0321536469572723,0.27411889976570675,123.1495629545986
1872821,5,confirmed_planet_host,2.0,444.41035826325094,0.45,2.0,0.001,188,filter,True,,True,0.0080118328332901,6.011702541960403,0.0691444580443203,6.089129040949047,4.00166722240747,446.41016797090595,1.5,9.813976366010523,9.348270723323646,23,23,1.0,2.046355531528665,0.0004168056018674,1.0008336112037348,True,False,,False,3.0,1.0,2.0,"[4.00166722240747, 5.999666555518506, 1.0, 10.000333444481495, 7.997665888629544]","[9.813976366010525, 9.787335297839368, 8.99417961348467, 8.650684724777937, 8.039063239905667]",1.9989996665555188,444.42910826325095,2.7,0.0007413084129488,0.0113898308463305,6.627673784015004,0.0005001667222406,0.0005001667222406,True,True,1.0,True,3.0,2.0,4.0,"[1.9989996665555188, 4.00166722240747, 1.0, 5.999666555518506, 7.997665888629544]","[6.627673784015004, 4.289592318299266, 4.1407989246706, 3.3841204198411647, 3.1807375952691914]",16.085275694914447,5.684844459265036,0.04987531172069826,0.0024937655860349127,False,True,False,True,False,True,False,False,True,False,True,False,False,True,False,True,high_scatter,486.8290311425361,0.03193785066896848,0.42252608594777374,345.25820720607
1872821,5,confirmed_planet_host,2.0,444.41035826325094,0.45,4.0,0.001,372,filter,True,,True,0.0080659170635044,6.267541457898915,0.07135970890522,6.34725599992089,10.000333444481496,444.4204357092833,3.928571428571429,11.843121829679536,10.975138721285308,9,9,1.0,3.947707276559845,1.5000833611203737,4.000166722240747,False,False,,False,3.0,2.0,4.0,"[10.000333444481495, 4.00166722240747, 1.0, 5.999666555518506, 14.001000333444482]","[11.843121829679536, 10.596127885421767, 10.375854696386144, 10.034491691706481, 9.25790360722279]",1.9989996665555188,444.42910826325095,3.9,0.0009155801088756,0.0167444697767913,9.40809497483956,0.0005001667222406,0.0005001667222406,True,True,1.0,True,3.0,2.0,4.0,"[1.9989996665555188, 4.00166722240747, 1.0, 5.999666555518506, 7.997665888629544]","[9.408094974839559, 6.3116672560803435, 6.104148411919613, 5.005786901515159, 4.461330121838072]",16.085275694914447,5.684844459265036,0.032418952618453865,0.0024937655860349127,False,True,False,True,False,True,False,False,True,False,True,False,False,True,False,True,high_scatter,486.8290311425361,0.03193785066896848,0.42252608594777374,345.25820720607
1872821,5,confirmed_planet_host,2.0,444.41035826325094,0.45,8.0,0.0005,747,filter,True,,True,0.0083461669273674,6.211248834151775,0.0734458749648183,6.293335750000551,5.000666888962988,444.48498717084334,5.142857142857142,7.04057334434089,4.806131726451197,18,14,0.7777777777777778,1.6594790517415643,0.2501667222407471,1.5003334444814942,False,False,,False,5.0,,,"[5.000666888962988, 8.693231077025676, 8.567189063021008, 10.75191730576859, 1.0]","[7.04057334434089, 6.809119641259885, 6.585650192001249, 6.538055241184891, 6.520947812004985]",1.9989996665555188,444.42910826325095,7.5,0.0004860964765418,0.0118218321658095,6.350533932263761,0.0005001667222406,0.0005001667222406,True,True,1.0,True,4.0,2.0,,"[1.9989996665555188, 4.00166722240747, 14.001000333444482, 1.0, 8.002334111370457]","[6.350533932263761, 4.270644100641619, 3.509722445027664, 3.2853065115572, 3.252537223163152]",16.085275694914447,5.684844459265036,0.2942643391521197,0.004987531172069825,False,True,False,True,False,True,False,False,True,False,True,False,False,True,False,True,high_scatter,486.8290311425361,0.03193785066896848,0.42252608594777374,345.25820720607
1872821,5,confirmed_planet_host,2.0,444.41035826325094,0.45,8.0,0.001,747,filter,True,,True,0.0084202080033719,6.431609167018905,0.0735106659121811,6.513829167000949,1.0,444.43342862978767,7.571428571428571,10.356477723024732,9.852139931897382,91,63,0.6923076923076923,1.0856538558895168,0.0,0.5,True,False,,False,1.0,3.0,2.0,"[1.0, 5.999666555518506, 4.00166722240747, 14.001000333444482, 12.003001000333445]","[10.356477723024733, 8.838812830762336, 8.376077171762509, 8.374076451072698, 7.508549307612776]",1.9989996665555188,444.42910826325095,7.5,0.0009715661867312,0.0236284214179539,12.55600062955497,0.0005001667222406,0.0005001667222406,True,True,1.0,True,3.0,2.0,4.0,"[1.9989996665555188, 4.00166722240747, 1.0, 5.999666555518506, 8.002334111370457]","[12.55600062955497, 8.445074187156143, 7.218061134469125, 6.408049116499869, 5.981143972831311]",16.085275694914447,5.684844459265036,0.04239401496259352,0.0024937655860349127,False,True,False,True,False,True,False,False,True,False,True,False,False,True,False,True,high_scatter,486.8290311425361,0.03193785066896848,0.42252608594777374,345.25820720607
1872821,5,confirmed_planet_host,5.0,445.76035826325096,0.45,4.0,0.001,143,filter,True,,True,0.0094371668528765,6.95303141605109,0.0804867080878466,7.04326816694811,5.000666888962988,445.7659862085044,3.928571428571429,13.956712605132411,12.988696563837737,16,16,1.0,3.489178151283103,0.0001333777925976,0.0001333777925976,True,True,1.0,True,,2.0,3.0,"[5.000666888962988, 10.000333444481495, 15.0, 7.498166055351785, 12.41847282427476]","[13.956712605132411, 8.937904134507253, 8.705303274804303, 8.336451600738824, 6.333574276491768]",5.000666888962988,445.75410826325094,3.9,0.0009922974965715,0.0115563620626537,6.395967062791024,0.0001333777925976,0.0001333777925976,True,True,1.0,True,4.0,2.0,3.0,"[5.000666888962988, 10.000333444481495, 15.0, 2.4984994998332777, 1.6675558519506501]","[6.395967062791024, 4.097840742350312, 4.0696922579192245, 3.3167172840585524, 2.4448701897625527]",16.085275694914447,5.684844459265036,0.022443890274314215,0.004987531172069825,False,True,False,True,False,True,False,False,True,False,True,False,False,True,False,True,high_scatter,486.8290311425361,0.03193785066896848,0.42252608594777374,345.25820720607
1872821,5,confirmed_planet_host,5.0,445.76035826325096,0.45,8.0,0.001,286,filter,True,,True,0.0091609579976648,6.896109875058755,0.0832137088291347,6.988801499828696,5.000666888962988,445.79617056133856,6.357142857142858,9.161728075794157,7.3183095253153105,18,16,0.8888888888888888,2.1594400165937424,0.0001333777925976,0.0001333777925976,True,True,1.0,True,,2.0,,"[5.000666888962988, 10.000333444481495, 1.0, 13.328776258752919, 6.62054018006002]","[9.161728075794155, 7.178161807256915, 6.162245506508489, 6.158671134488171, 6.101898505402854]",5.000666888962988,445.766608263251,7.5,0.0010019759636573,0.0159332954489118,7.858531213281416,0.0001333777925976,0.0001333777925976,True,True,1.0,True,4.0,2.0,3.0,"[5.000666888962988, 10.000333444481495, 14.995331777259088, 2.4984994998332777, 1.6675558519506501]","[7.858531213281416, 5.076532520351983, 5.01756656433317, 4.698108301511179, 3.62708115631138]",16.085275694914447,5.684844459265036,0.06483790523690773,0.0024937655860349127,False,True,False,True,False,True,False,False,True,False,True,False,False,True,False,True,high_scatter,486.8290311425361,0.03193785066896848,0.42252608594777374,345.25820720607
1995519,5,confirmed_planet_host,2.0,444.41084118951255,0.45,2.0,0.0005,188,filter,True,,True,0.0079487499315291,6.4447303749620914,0.0807256668340414,6.533695625141263,7.614871623874626,444.097760550936,5.142857142857142,6.0962474198840475,3.65685104748322,13,10,0.7692307692307693,1.690794820023614,0.9037179059686564,2.807435811937313,False,False,,False,,,,"[7.614871623874626, 9.598866288762922, 14.057019006335446, 14.803934644881629, 10.87795931977326]","[6.0962474198840475, 6.069350492351079, 5.962933901899665, 5.90640225679258, 5.804604541765253]",1.9989996665555188,444.42959118951256,1.5,0.0005713491572406,0.0066309022923927,10.070401451913243,0.0005001667222406,0.0005001667222406,True,True,1.0,True,3.0,2.0,,"[1.9989996665555188, 4.00166722240747, 1.0, 12.003001000333445, 7.997665888629544]","[10.070401451913243, 7.500432761334159, 5.530665621911478, 5.2014746341394895, 4.990942455852481]",16.085275694914447,5.684844459265036,0.9301745635910225,0.0024937655860349127,False,True,False,True,False,True,False,False,True,False,True,False,False,True,False,True,high_scatter,816.8643991620489,0.0321536469572723,0.03715462361813251,779.8351591906599
1995519,5,confirmed_planet_host,2.0,444.41084118951255,0.45,2.0,0.001,188,filter,True,,True,0.0083900829777121,6.6309508751146495,0.0818270838353782,6.721458333078772,14.06168722907636,445.9318884144179,8.785714285714285,6.340485300048264,4.7421092278135575,7,6,0.8571428571428571,2.3964781850554937,2.51542180726909,6.03084361453818,False,False,,False,,,,"[14.06168722907636, 7.614871623874626, 9.598866288762922, 7.460820273424475, 14.803934644881629]","[6.340485300048264, 6.034317377702052, 6.007693688399415, 5.89754767808071, 5.846400797581143]",1.9989996665555188,444.42959118951256,2.7,0.0007912350389267,0.0121568483521226,19.62812105055854,0.0005001667222406,0.0005001667222406,True,True,1.0,True,3.0,2.0,4.0,"[1.9989996665555188, 4.00166722240747, 1.0, 5.999666555518506, 7.997665888629544]","[19.62812105055854, 14.026048825453296, 12.573486805737423, 9.870071677888793, 9.52972291413002]",16.085275694914447,5.684844459265036,0.7581047381546134,0.0024937655860349127,False,True,False,True,False,True,False,False,True,False,True,False,False,True,False,True,high_scatter,816.8643991620489,0.0321536469572723,0.03715462361813251,779.8351591906599
1995519,5,confirmed_planet_host,2.0,444.41084118951255,0.45,4.0,0.0005,372,filter,True,,True,0.0083529578987509,6.668065249919891,0.0836417498067021,6.76034679193981,1.0,444.4192432587844,3.928571428571429,6.9931727355718145,5.415752537078917,90,64,0.7111111111111111,0.7371451305132447,0.0,0.5,True,False,,False,1.0,,,"[1.0, 7.614871623874626, 9.598866288762922, 13.874958319439815, 14.108369456485496]","[6.9931727355718145, 6.030590383163062, 6.0039831375339086, 5.839505871939086, 5.825748182483315]",1.9989996665555188,444.44209118951255,3.9,0.0005166144482665,0.0094479442818169,15.090577291383411,0.0005001667222406,0.0005001667222406,True,True,1.0,True,3.0,2.0,4.0,"[1.9989996665555188, 3.996998999666556, 1.0, 5.999666555518506, 11.998332777592532]","[15.090577291383413, 10.252140423290687, 9.136592117101793, 7.739023014617054, 7.429276263417008]",16.085275694914447,5.684844459265036,0.2967581047381546,0.0024937655860349127,False,True,False,True,False,True,False,False,True,False,True,False,False,True,False,True,high_scatter,816.8643991620489,0.0321536469572723,0.03715462361813251,779.8351591906599
1995519,5,confirmed_planet_host,2.0,444.41084118951255,0.45,4.0,0.001,372,filter,True,,True,0.0083878331352025,7.195302958134562,0.0886213749181479,7.292623291956261,1.0,444.4192432587844,3.928571428571429,8.706344564162547,8.410265422878801,90,70,0.7777777777777778,0.9177292972326544,0.0,0.5,True,False,,False,1.0,,,"[1.0, 8.74924974991664, 13.347449149716573, 7.614871623874626, 13.874958319439815]","[8.706344564162547, 6.112478809846834, 6.098781540728023, 5.990842338547632, 5.801017278752931]",1.9989996665555188,444.42959118951256,3.9,0.0009772229562699,0.0178940018180592,25.23463700001213,0.0005001667222406,0.0005001667222406,True,True,1.0,True,3.0,2.0,4.0,"[1.9989996665555188, 4.00166722240747, 1.0, 5.999666555518506, 7.997665888629544]","[25.23463700001213, 17.02259800650785, 16.62238276365849, 14.126986601147943, 11.445064501839934]",16.085275694914447,5.684844459265036,0.07231920199501247,0.0024937655860349127,False,True,False,True,False,True,False,False,True,False,True,False,False,True,False,True,high_scatter,816.8643991620489,0.0321536469572723,0.03715462361813251,779.8351591906599
1995519,5,confirmed_planet_host,2.0,444.41084118951255,0.45,8.0,0.0005,747,filter,True,,True,0.0086405838374048,7.193803000031039,0.0862340000458061,7.289013542002067,9.598866288762922,447.9530337595114,3.928571428571429,6.0117169453289305,4.646590324470453,10,9,0.9,1.9010718195469365,1.3997165721907303,3.799433144381461,False,False,,False,,,,"[9.598866288762922, 14.108369456485496, 10.87795931977326, 2.0643547849283097, 14.803934644881629]","[6.0117169453289305, 5.833252403543473, 5.7494849784405755, 5.74861912848777, 5.706400810759522]",1.9989996665555188,444.44209118951255,7.5,0.0005199667419375,0.0126599726454107,19.890939553650902,0.0005001667222406,0.0005001667222406,True,True,1.0,True,3.0,2.0,5.0,"[1.9989996665555188, 4.00166722240747, 1.0, 8.002334111370457, 6.0043347782594205]","[19.890939553650902, 13.124199227179188, 10.029060340804627, 9.357890775781067, 9.239752927761446]",16.085275694914447,5.684844459265036,0.9650872817955112,0.0024937655860349127,False,True,False,True,False,True,False,False,True,False,True,False,False,True,False,True,high_scatter,816.8643991620489,0.0321536469572723,0.03715462361813251,779.8351591906599
1995519,5,confirmed_planet_host,2.0,444.41084118951255,0.45,8.0,0.001,747,filter,True,,True,0.0091212911065667,7.298562875017524,0.0855407500639557,7.393573957961053,1.9989996665555188,444.45393700874183,7.571428571428571,6.476520395742038,5.255913957226456,45,36,0.8,0.9654626575028692,0.0005001667222406,0.0005001667222406,True,True,1.0,True,,2.0,,"[1.9989996665555188, 3.992330776925642, 11.237412470823609, 9.598866288762922, 14.108369456485496]","[6.476520395742038, 6.199366987392525, 5.983499425237576, 5.954323681536259, 5.777562922982362]",1.9989996665555188,444.44209118951255,7.5,0.0010040284010806,0.0244457405978143,32.54566890549564,0.0005001667222406,0.0005001667222406,True,True,1.0,True,3.0,2.0,4.0,"[1.9989996665555188, 4.00166722240747, 1.0, 5.999666555518506, 8.002334111370457]","[32.54566890549564, 21.79952140296766, 18.57762610693308, 15.835447138331782, 15.302268585427203]",16.085275694914447,5.684844459265036,0.6483790523690773,0.0024937655860349127,False,True,False,True,False,True,False,False,True,False,True,False,False,True,False,True,high_scatter,816.8643991620489,0.0321536469572723,0.03715462361813251,779.8351591906599
1995519,5,confirmed_planet_host,5.0,445.7608411895126,0.45,2.0,0.001,71,filter,True,,True,0.0104363749269396,7.455931999953464,0.0927849998697638,7.559466790873557,13.53417805935312,452.6909402295663,1.5,6.412984773563749,3.112534328380492,7,5,0.7142857142857143,2.4238804103562206,0.3534178059353118,1.7068356118706238,False,False,,False,,,,"[13.534178059353119, 7.614871623874626, 9.598866288762922, 9.780926975658554, 2.0643547849283097]","[6.412984773563749, 6.078985496823199, 6.052164729698704, 6.001360585335604, 5.933999526870831]",5.000666888962988,445.75459118951255,1.5,0.0009766125012773,0.0071332724267373,10.874915689193822,0.0001333777925976,0.0001333777925976,True,True,1.0,True,3.0,4.0,2.0,"[5.000666888962988, 15.0, 2.4984994998332777, 10.000333444481495, 10.117039013004336]","[10.874915689193822, 7.161726402058974, 5.783814458824326, 5.674112685202296, 4.149581973637995]",16.085275694914447,5.684844459265036,0.6957605985037406,0.0024937655860349127,False,True,False,True,False,True,False,False,True,False,True,False,False,True,False,True,high_scatter,816.8643991620489,0.0321536469572723,0.03715462361813251,779.8351591906599
1995519,5,confirmed_planet_host,5.0,445.7608411895126,0.45,4.0,0.001,143,filter,True,,True,0.0093379998579621,7.835656415903941,0.0940529159270227,7.939359749900177,7.614871623874626,444.097760550936,5.142857142857142,6.017383292784394,3.6095441804993498,13,10,0.7692307692307693,1.6689218466349591,0.2385128376125374,0.5229743247749251,False,False,,False,,,,"[7.614871623874626, 9.598866288762922, 13.347449149716573, 4.0390130043347785, 14.108369456485496]","[6.017383292784394, 5.990834317453075, 5.87413595953974, 5.817161826330758, 5.8129896998338815]",5.000666888962988,445.75459118951255,3.9,0.0009079337758945,0.0105371996783812,16.701564320821245,0.0001333777925976,0.0001333777925976,True,True,1.0,True,4.0,2.0,3.0,"[5.000666888962988, 10.000333444481495, 14.995331777259088, 2.4984994998332777, 1.6675558519506501]","[16.701564320821245, 11.664600315593049, 10.610260185545187, 10.50882885110027, 5.914073891419366]",16.085275694914447,5.684844459265036,0.9625935162094763,0.0024937655860349127,False,True,False,True,False,True,False,False,True,False,True,False,False,True,False,True,high_scatter,816.8643991620489,0.0321536469572723,0.03715462361813251,779.8351591906599
1995519,5,confirmed_planet_host,5.0,445.7608411895126,0.45,8.0,0.0005,286,filter,True,,True,0.0095298748929053,7.811022375011817,0.0951045411638915,7.9159742500633,7.614871623874626,444.097760550936,5.142857142857142,6.056594728586617,3.63306526982046,13,10,0.7692307692307693,1.6797971422018425,0.2385128376125374,0.5229743247749251,False,False,,False,,,,"[7.614871623874626, 14.108369456485496, 9.598866288762922, 10.87795931977326, 2.0643547849283097]","[6.056594728586617, 5.850869233402459, 5.767075079004119, 5.7668488248224765, 5.765980359942311]",4.995998666222075,445.80459118951256,7.5,0.0004559648103764,0.0072380120300596,10.336536293078478,0.0008002667555849,0.0008002667555849,True,True,1.0,True,4.0,2.0,3.0,"[4.995998666222075, 9.990996998999668, 15.0, 2.4938312770923643, 7.484161387129044]","[10.336536293078478, 7.628310770452348, 6.642358560502308, 6.602077737319028, 3.755444487269355]",16.085275694914447,5.684844459265036,0.942643391521197,0.0024937655860349127,False,True,False,True,False,True,False,False,True,False,True,False,False,True,False,True,high_scatter,816.8643991620489,0.0321536469572723,0.03715462361813251,779.8351591906599
1995519,5,confirmed_planet_host,5.0,445.7608411895126,0.45,8.0,0.001,286,filter,True,,True,0.0097402909304946,8.014752834104002,0.0939989588223397,8.118852749932557,7.614871623874626,444.097760550936,5.142857142857142,6.023480492245585,3.613201602631471,13,10,0.7692307692307693,1.6706129055037329,0.2385128376125374,0.5229743247749251,False,False,,False,,,5.0,"[7.614871623874626, 14.108369456485496, 10.87795931977326, 2.0643547849283097, 14.803934644881629]","[6.023480492245585, 5.818879794571279, 5.7353187648653785, 5.734455048288937, 5.6923407526962295]",5.000666888962988,445.74209118951256,8.700000000000001,0.0008773619026856,0.0149263618415045,20.297455576758615,0.0001333777925976,0.0001333777925976,True,True,1.0,True,3.0,2.0,4.0,"[5.000666888962988, 9.99566522174058, 2.4984994998332777, 15.0, 1.6675558519506501]","[20.297455576758615, 14.048994867126924, 12.447428551233966, 12.121283316931812, 8.214174056624636]",16.085275694914447,5.684844459265036,0.9576059850374065,0.0024937655860349127,False,True,False,True,False,True,False,False,True,False,True,False,False,True,False,True,high_scatter,816.8643991620489,0.0321536469572723,0.03715462361813251,779.8351591906599
1995519,5,confirmed_planet_host,10.0,448.0108411895126,0.45,2.0,0.001,40,filter,True,,True,0.009241749998182,7.916190291987732,0.098437292035669,8.024226709036157,7.614871623874626,444.097760550936,5.142857142857142,6.061949953035811,3.636277616168587,13,10,0.7692307692307693,1.6812824142282417,0.2385128376125374,0.2385128376125374,False,False,,False,,,,"[7.614871623874626, 9.598866288762922, 14.108369456485496, 10.87795931977326, 2.0643547849283097]","[6.061949953035811, 6.03520434752389, 5.8560425559330005, 5.771947856738172, 5.771078623963741]",10.000333444481496,448.0170911895126,1.5,0.0010880780767231,0.0060371892426531,7.766294153787687,3.33444481494638e-05,3.33444481494638e-05,True,True,1.0,True,2.0,,,"[10.000333444481495, 5.000666888962988, 3.3294431477159057, 10.117039013004336, 13.860953651217073]","[7.766294153787687, 5.64684919492384, 4.11176181213291, 4.083083267595661, 4.065760069529041]",16.085275694914447,5.684844459265036,0.942643391521197,0.0024937655860349127,False,True,False,True,False,True,False,False,True,False,True,False,False,True,False,True,high_scatter,816.8643991620489,0.0321536469572723,0.03715462361813251,779.8351591906599
1995519,5,confirmed_planet_host,10.0,448.0108411895126,0.45,4.0,0.001,81,filter,True,,True,0.0085976670961827,7.824822083115578,0.0992137501016259,7.932987459003925,7.614871623874626,444.097760550936,5.142857142857142,6.058054737627399,3.541723313451717,13,10,0.7692307692307693,1.6802020758525489,0.2385128376125374,0.2385128376125374,False,False,,False,,,,"[7.614871623874626, 9.598866288762922, 14.108369456485496, 10.87795931977326, 2.0643547849283097]","[6.058054737627399, 6.0313263179872685, 5.852279650040851, 5.7682389874135644, 5.76737031318035]",10.000333444481496,448.00459118951255,3.9,0.0009882196889853,0.0086514938879369,11.864780969053935,3.33444481494638e-05,3.33444481494638e-05,True,True,1.0,True,2.0,,,"[10.000333444481495, 5.000666888962988, 3.3294431477159057, 14.995331777259088, 6.648549516505502]","[11.864780969053937, 8.707950812379748, 6.972615948318045, 4.627011820016313, 4.474701845915481]",16.085275694914447,5.684844459265036,0.942643391521197,0.0024937655860349127,False,True,False,True,False,True,False,False,True,False,True,False,False,True,False,True,high_scatter,816.8643991620489,0.0321536469572723,0.03715462361813251,779.8351591906599
1995519,5,confirmed_planet_host,10.0,448.0108411895126,0.45,8.0,0.0005,160,filter,True,,True,0.0102696670219302,8.033420749939978,0.0993876249995082,8.143429874908179,7.614871623874626,444.097760550936,5.142857142857142,6.074290257871928,3.643679982502838,13,10,0.7692307692307693,1.684704998985278,0.2385128376125374,0.2385128376125374,False,False,,False,,,,"[7.614871623874626, 9.598866288762922, 14.108369456485496, 10.87795931977326, 2.0643547849283097]","[6.074290257871928, 6.047490206360353, 5.867963695307846, 5.7836978046265815, 5.782826802355951]",10.000333444481496,448.0170911895126,7.5,0.0005277113831785,0.0063745299482151,7.824947351883647,3.33444481494638e-05,3.33444481494638e-05,True,True,1.0,True,3.0,,,"[10.000333444481495, 3.334111370456819, 5.000666888962988, 6.648549516505502, 10.117039013004336]","[7.824947351883647, 5.819650537879056, 5.4485589564669485, 3.995102881926309, 3.587884526409689]",16.085275694914447,5.684844459265036,0.940149625935162,0.0024937655860349127,False,True,False,True,False,True,False,False,True,False,True,False,False,True,False,True,high_scatter,816.8643991620489,0.0321536469572723,0.03715462361813251,779.8351591906599
1995519,5,confirmed_planet_host,10.0,448.0108411895126,0.45,8.0,0.001,160,filter,True,,True,0.0102337920106947,8.62908870796673,0.0983246250543743,8.738024957943708,7.614871623874626,444.097760550936,5.142857142857142,6.028906991117595,3.616456703141261,13,10,0.7692307692307693,1.6721179454982928,0.2385128376125374,0.2385128376125374,False,False,,False,,,,"[7.614871623874626, 9.598866288762922, 14.108369456485496, 10.87795931977326, 2.0643547849283097]","[6.028906991117595, 6.002307172692545, 5.824121970532876, 5.740485661454191, 5.739621166763328]",10.000333444481496,448.0170911895126,7.5,0.0010266730813788,0.0124017758814598,15.754486149984904,3.33444481494638e-05,3.33444481494638e-05,True,True,1.0,True,2.0,,,"[10.000333444481495, 5.000666888962988, 3.334111370456819, 1.6675558519506501, 6.667222407469157]","[15.754486149984903, 10.670736655146111, 9.55067156482332, 5.8838662516498434, 5.503466553646947]",16.085275694914447,5.684844459265036,0.9551122194513716,0.0024937655860349127,False,True,False,True,False,True,False,False,True,False,True,False,False,True,False,True,high_scatter,816.8643991620489,0.0321536469572723,0.03715462361813251,779.8351591906599
1996180,5,confirmed_planet_host,2.0,444.4108264800292,0.45,2.0,0.0005,188,filter,True,,True,0.0078498751390725,6.598896791925654,0.0720475409179925,6.679080832982436,4.00166722240747,444.4302193140855,1.5,7.855224578339361,7.321167488548371,23,19,0.8260869565217391,1.637927550239164,0.0004168056018674,1.0008336112037348,True,False,,False,4.0,1.0,2.0,"[4.00166722240747, 5.999666555518506, 10.000333444481495, 1.0, 7.68489496498833]","[7.855224578339361, 7.726811118141052, 7.714455745097384, 7.711317560257222, 7.045843540277604]",1.9989996665555188,444.4295764800292,2.7,0.0003953181791559,0.0060738249930832,6.962306162893102,0.0005001667222406,0.0005001667222406,True,True,1.0,True,3.0,2.0,4.0,"[1.9989996665555188, 4.00166722240747, 1.0, 5.999666555518506, 14.04768256085362]","[6.962306162893102, 4.6787972679962095, 3.8360758534847608, 3.695323390635268, 3.400762173242283]",16.085275694914447,5.684844459265036,0.11221945137157108,0.0024937655860349127,False,True,False,True,False,True,False,False,True,False,True,False,False,True,False,True,lowest_scatter,273.220004242054,0.0321536469572723,0.3705671406453277,209.36529953610525
1996180,5,confirmed_planet_host,2.0,444.4108264800292,0.45,2.0,0.001,188,filter,True,,True,0.0078751661349087,6.694662708090618,0.0737058750819414,6.776532624848187,5.999666555518506,446.42969844885374,1.5,15.131979504484573,14.42975389127392,16,16,1.0,3.782994876121143,0.4999166388796265,1.9998332777592531,False,False,,False,2.0,3.0,1.0,"[5.999666555518506, 1.0, 4.00166722240747, 8.002334111370457, 10.000333444481495]","[15.131979504484573, 14.197252464588948, 13.476790398978016, 13.18798278742017, 12.687753559258303]",1.9989996665555188,444.4295764800292,2.7,0.0007586097966294,0.011655581214613,13.857981925753874,0.0005001667222406,0.0005001667222406,True,True,1.0,True,3.0,2.0,4.0,"[1.9989996665555188, 4.00166722240747, 1.0, 5.999666555518506, 7.997665888629544]","[13.857981925753874, 9.733046520438004, 8.72839460063629, 7.7330309351631366, 6.99913945995744]",16.085275694914447,5.684844459265036,0.014962593516209476,0.0024937655860349127,False,True,False,True,False,True,False,False,True,False,True,False,False,True,False,True,lowest_scatter,273.220004242054,0.0321536469572723,0.3705671406453277,209.36529953610525
1996180,5,confirmed_planet_host,2.0,444.4108264800292,0.45,4.0,0.0005,372,filter,True,,True,0.0083323330618441,6.941693583037704,0.0755085421260446,7.025824208045378,4.00166722240747,446.39998148537614,3.928571428571429,10.621636477818049,8.440871383227668,23,19,0.8260869565217391,2.214764306499482,0.0004168056018674,1.0008336112037348,True,False,,False,2.0,1.0,3.0,"[4.00166722240747, 1.0, 5.999666555518506, 9.001333777925977, 10.000333444481495]","[10.621636477818049, 9.72930533833892, 9.473615013761037, 8.867554304665171, 8.147701033509557]",1.9989996665555188,444.4295764800292,3.9,0.0004762059512193,0.0087198423882875,9.806635316664424,0.0005001667222406,0.0005001667222406,True,True,1.0,True,3.0,2.0,4.0,"[1.9989996665555188, 4.00166722240747, 1.0, 5.999666555518506, 14.001000333444482]","[9.806635316664423, 6.6513357622843685, 5.855473303665023, 5.485249742202991, 4.820170768588959]",16.085275694914447,5.684844459265036,0.034912718204488775,0.0024937655860349127,False,True,False,True,False,True,False,False,True,False,True,False,False,True,False,True,lowest_scatter,273.220004242054,0.0321536469572723,0.3705671406453277,209.36529953610525
1996180,5,confirmed_planet_host,2.0,444.4108264800292,0.45,4.0,0.001,372,filter,True,,True,0.0083979580085724,7.5351075830403715,0.0770829999819397,7.620880916016176,4.00166722240747,446.39998148537614,3.928571428571429,22.629946827606823,15.685415922323347,23,20,0.8695652173913043,4.7186701029011955,0.0004168056018674,1.0008336112037348,True,False,,False,5.0,1.0,2.0,"[4.00166722240747, 5.999666555518506, 8.002334111370457, 9.001333777925977, 1.0]","[22.629946827606826, 19.161147713827756, 17.743734811314713, 17.154991511752744, 16.912007326826668]",1.9989996665555188,444.4295764800292,3.9,0.0009395671029682,0.0172044827035961,17.46242840798903,0.0005001667222406,0.0005001667222406,True,True,1.0,True,3.0,2.0,4.0,"[1.9989996665555188, 4.00166722240747, 1.0, 5.999666555518506, 8.002334111370457]","[17.46242840798903, 12.040456529778409, 11.35772516263491, 9.870528907101084, 8.388434823916958]",16.085275694914447,5.684844459265036,0.004987531172069825,0.0024937655860349127,True,True,True,True,False,True,True,False,False,False,True,False,False,True,False,True,lowest_scatter,273.220004242054,0.0321536469572723,0.3705671406453277,209.36529953610525
1996180,5,confirmed_planet_host,2.0,444.4108264800292,0.45,8.0,0.0005,747,filter,True,,True,0.0083981661591678,7.214348457986489,0.0783391250297427,7.301409874809906,1.0,444.4338969146689,7.571428571428571,9.986309728117853,8.046405532019554,90,66,0.7333333333333333,1.0526494720249748,0.0,0.5,True,False,,False,1.0,,3.0,"[1.0, 13.99633211070357, 5.999666555518506, 7.68489496498833, 12.007669223074359]","[9.986309728117853, 7.411259438390698, 7.095877485615083, 6.970811365186431, 6.602367972778908]",1.9989996665555188,444.4295764800292,7.5,0.0004885063509731,0.0118801948431857,12.028403402727902,0.0005001667222406,0.0005001667222406,True,True,1.0,True,3.0,2.0,4.0,"[1.9989996665555188, 4.00166722240747, 1.0, 5.999666555518506, 14.005668556185396]","[12.028403402727902, 7.938766703398101, 6.6143436482325315, 6.231500360334145, 5.788774261730022]",16.085275694914447,5.684844459265036,0.04239401496259352,0.0024937655860349127,False,True,False,True,False,True,False,False,True,False,True,False,False,True,False,True,lowest_scatter,273.220004242054,0.0321536469572723,0.3705671406453277,209.36529953610525
1996180,5,confirmed_planet_host,2.0,444.4108264800292,0.45,8.0,0.001,747,filter,True,,True,0.0091533749364316,7.2827989580109715,0.0817942088469863,7.374101334018633,5.999666555518506,446.43374436948943,7.571428571428571,13.718785632395504,13.720723367777246,15,15,1.0,3.542175218963825,0.4999166388796265,1.9998332777592531,False,False,,False,2.0,3.0,1.0,"[5.999666555518506, 1.0, 4.00166722240747, 10.000333444481495, 7.997665888629544]","[13.718785632395505, 13.713334235746498, 13.12789773118336, 11.973844074626738, 11.748066142997988]",1.9989996665555188,444.4295764800292,7.5,0.0009739741061884,0.0236864927767785,21.35826885313996,0.0005001667222406,0.0005001667222406,True,True,1.0,True,3.0,2.0,4.0,"[1.9989996665555188, 4.00166722240747, 1.0, 5.999666555518506, 8.002334111370457]","[21.358268853139958, 14.200077327639985, 12.537599209816136, 11.238272939229235, 9.746818061053013]",16.085275694914447,5.684844459265036,0.02493765586034913,0.0024937655860349127,False,True,False,True,False,True,False,False,True,False,True,False,False,True,False,True,lowest_scatter,273.220004242054,0.0321536469572723,0.3705671406453277,209.36529953610525
1996180,5,confirmed_planet_host,5.0,445.7608264800292,0.45,4.0,0.0005,143,filter,True,,True,0.0099686670582741,7.753252583090216,0.0847060419619083,7.848287041997537,10.000333444481496,445.7706422504749,3.928571428571429,7.297433164779468,7.056906623514594,8,8,1.0,2.580032238035585,3.33444481494638e-05,1.000066688896299,True,False,,False,,1.0,2.0,"[10.000333444481495, 15.0, 13.31943981327109, 12.493164388129378, 5.514171390463488]","[7.297433164779468, 6.875290663055796, 6.53251373587815, 6.453146246357052, 6.3350312591000115]",5.000666888962988,445.7545764800292,3.9,0.0004671692895616,0.005421822844809,5.895628007425554,0.0001333777925976,0.0001333777925976,True,True,1.0,True,3.0,2.0,4.0,"[5.000666888962988, 10.000333444481495, 2.4984994998332777, 15.0, 14.257752584194733]","[5.895628007425554, 4.308108943265238, 3.4242394387748214, 2.673883005903019, 2.5061511846662095]",16.085275694914447,5.684844459265036,0.19201995012468828,0.007481296758104738,False,True,False,True,False,True,False,False,True,False,True,False,False,True,False,True,lowest_scatter,273.220004242054,0.0321536469572723,0.3705671406453277,209.36529953610525
1996180,5,confirmed_planet_host,5.0,445.7608264800292,0.45,8.0,0.0005,286,filter,True,,True,0.0100236670114099,8.054966500028968,0.087540959008038,8.152856457978487,10.000333444481496,445.78518336869456,7.571428571428571,8.135788953816007,8.001148812894959,9,9,1.0,2.7119296512720026,3.33444481494638e-05,1.000066688896299,True,False,,False,,1.0,5.0,"[10.000333444481495, 2.7225741913971326, 13.31943981327109, 5.509503167722575, 15.0]","[8.135788953816007, 6.703772368945398, 6.541638223206862, 6.386779955798448, 6.309566903963291]",5.000666888962988,445.7670764800292,7.5,0.0004837262784187,0.0076920995907954,8.180229184018442,0.0001333777925976,0.0001333777925976,True,True,1.0,True,3.0,2.0,4.0,"[5.000666888962988, 10.000333444481495, 2.4984994998332777, 15.0, 7.498166055351785]","[8.180229184018442, 5.811946036853692, 5.136281411662543, 3.8775448339123075, 3.263713924502295]",16.085275694914447,5.684844459265036,0.08728179551122195,0.0024937655860349127,False,True,False,True,False,True,False,False,True,False,True,False,False,True,False,True,lowest_scatter,273.220004242054,0.0321536469572723,0.3705671406453277,209.36529953610525
1996180,5,confirmed_planet_host,10.0,448.0108264800292,0.45,2.0,0.001,40,filter,True,,True,0.0103819579817354,8.163645874941722,0.0886407501529902,8.263018332887441,10.000333444481496,448.0309625118201,1.5,11.976237030877558,11.386711770790363,10,10,1.0,3.787218681562538,3.33444481494638e-05,3.33444481494638e-05,True,True,1.0,True,,,,"[10.000333444481495, 15.0, 13.31943981327109, 5.514171390463488, 5.420806935645215]","[11.976237030877558, 6.6423088665652825, 6.561100045263738, 6.3627533842821435, 6.322520536301405]",10.000333444481496,448.0045764800292,1.5,0.0010276831385274,0.0056099951895284,6.464033475759609,3.33444481494638e-05,3.33444481494638e-05,True,True,1.0,True,2.0,,,"[10.000333444481495, 5.000666888962988, 3.334111370456819, 14.929976658886297, 14.206402134044682]","[6.464033475759609, 4.680355571941106, 2.9624576568521563, 2.825268424213402, 2.4108979750211192]",16.085275694914447,5.684844459265036,0.032418952618453865,0.004987531172069825,False,True,False,True,False,True,False,False,True,False,True,False,False,True,False,True,lowest_scatter,273.220004242054,0.0321536469572723,0.3705671406453277,209.36529953610525
1996180,5,confirmed_planet_host,10.0,448.0108264800292,0.45,8.0,0.0005,160,filter,True,,True,0.0102823751512914,8.711155833909288,0.0902323329355567,8.812026333995163,10.000333444481496,448.03474712921184,7.571428571428571,7.446272810864966,5.505827204173829,9,8,0.8888888888888888,2.4820909369549886,3.33444481494638e-05,3.33444481494638e-05,True,True,1.0,True,,,,"[10.000333444481495, 13.31943981327109, 5.514171390463488, 5.420806935645215, 2.6198732910970324]","[7.446272810864966, 6.599796289200032, 6.400279813595227, 6.359809679170298, 6.176236173462574]",10.000333444481496,448.0170764800292,7.5,0.0004961027412077,0.0059927109439483,5.979609152934904,3.33444481494638e-05,3.33444481494638e-05,True,True,1.0,True,2.0,,,"[10.000333444481495, 5.000666888962988, 14.990663554518173, 3.334111370456819, 14.822607535845282]","[5.979609152934904, 4.987892447105803, 3.6779769647828804, 2.5197362117987074, 2.148198950259668]",16.085275694914447,5.684844459265036,0.15211970074812967,0.007481296758104738,False,True,False,True,False,True,False,False,True,False,True,False,False,True,False,True,lowest_scatter,273.220004242054,0.0321536469572723,0.3705671406453277,209.36529953610525
1996180,5,confirmed_planet_host,10.0,448.0108264800292,0.45,8.0,0.001,160,filter,True,,True,0.0104827499017119,7.582153332885355,0.0640312919858843,7.656922499882057,10.000333444481496,448.03474712921184,7.571428571428571,13.289054155882592,10.615146326071413,9,8,0.8888888888888888,4.429684718627531,3.33444481494638e-05,3.33444481494638e-05,True,True,1.0,True,,,,"[10.000333444481495, 14.995331777259088, 13.31943981327109, 5.514171390463488, 5.420806935645215]","[13.289054155882592, 6.742269956131161, 6.587218886300241, 6.388082634415817, 6.347689624975322]",10.000333444481496,448.0170764800292,7.5,0.000995064439408,0.0120199568771931,10.895829749143958,3.33444481494638e-05,3.33444481494638e-05,True,True,1.0,True,2.0,,,"[10.000333444481495, 5.000666888962988, 3.334111370456819, 14.995331777259088, 2.4984994998332777]","[10.895829749143958, 8.14855962260199, 5.2610185673945065, 4.908796944396732, 4.422463670538824]",16.085275694914447,5.684844459265036,0.032418952618453865,0.0024937655860349127,False,True,False,True,False,True,False,False,True,False,True,False,False,True,False,True,lowest_scatter,273.220004242054,0.0321536469572723,0.3705671406453277,209.36529953610525
2142522,5,confirmed_planet_host,2.0,444.4108083065497,0.45,4.0,0.001,372,filter,True,,True,0.0085212090052664,6.634781500091776,0.0757897079456597,6.719381124945357,4.00166722240747,446.3999633053192,3.928571428571429,34.89102093346169,24.820634525164373,23,19,0.8260869565217391,7.275280785793894,0.0004168056018674,1.0008336112037348,True,False,,False,,1.0,2.0,"[4.00166722240747, 5.999666555518506, 7.997665888629544, 10.000333444481495, 9.001333777925977]","[34.89102093346169, 34.419540658505724, 28.496717847357452, 27.632747294527643, 27.174418998435637]",1.9989996665555188,444.4295583065497,3.9,0.0009514446607223,0.017421973541978,8.198113499201249,0.0005001667222406,0.0005001667222406,True,True,1.0,True,3.0,2.0,4.0,"[1.9989996665555188, 4.00166722240747, 1.0, 5.999666555518506, 8.002334111370457]","[8.198113499201249, 5.829493475067592, 5.291430177452826, 4.624159827856426, 4.127798378144539]",16.085275694914447,5.684844459265036,0.0024937655860349127,0.0024937655860349127,True,True,True,True,False,True,True,False,False,False,True,False,False,True,False,True,low_scatter,422.3672572265974,0.0321536469572723,0.849836352904928,117.64909937506619
2142522,5,confirmed_planet_host,2.0,444.4108083065497,0.45,8.0,0.001,747,filter,True,,True,0.0094614999834448,6.98119324981235,0.078486000187695,7.069458041107282,5.999666555518506,448.433615041272,7.571428571428571,23.482530716780687,20.178759494079312,15,15,1.0,6.0631633595263805,0.4999166388796265,1.9998332777592531,False,False,,False,2.0,3.0,1.0,"[5.999666555518506, 1.0, 4.00166722240747, 10.000333444481495, 7.997665888629544]","[23.482530716780687, 22.478674561143798, 21.79649270307357, 19.19446487330449, 19.175287162459508]",1.9989996665555188,444.4295583065497,7.5,0.0009926768479168,0.0241413327504903,10.672450842033491,0.0005001667222406,0.0005001667222406,True,True,1.0,True,3.0,2.0,4.0,"[1.9989996665555188, 4.00166722240747, 1.0, 5.999666555518506, 8.002334111370457]","[10.672450842033491, 7.250388092886859, 6.113551877172208, 5.775943125873039, 5.084304448272324]",16.085275694914447,5.684844459265036,0.004987531172069825,0.0024937655860349127,True,True,False,True,False,True,False,False,True,False,True,False,False,True,False,True,low_scatter,422.3672572265974,0.0321536469572723,0.849836352904928,117.64909937506619
2164169,5,confirmed_planet_host,2.0,444.4103761330029,0.45,2.0,0.0005,188,filter,True,,True,0.0150652080774307,12.914882499957455,0.1392468328122049,13.069760333979502,13.59953317772591,456.1752070003864,7.571428571428571,7.008250406262594,5.28272933409442,7,6,0.8571428571428571,2.6488696715197437,2.3998832944314774,5.799766588862955,False,False,,False,,,,"[13.59953317772591, 14.687229076358788, 14.005668556185396, 12.311103701233746, 10.448482827609205]","[7.008250406262594, 6.48320109290349, 6.474538389735098, 6.341177494184667, 6.237472065836046]",1.9989996665555188,444.4416261330029,2.7,0.0003776203509575,0.0058237329789239,14.895096125620512,0.0005001667222406,0.0005001667222406,True,True,1.0,True,3.0,2.0,4.0,"[1.9989996665555188, 4.00166722240747, 1.0, 5.999666555518506, 10.000333444481495]","[14.895096125620512, 9.656216561317827, 8.613947798171939, 7.529754604011435, 6.801065197902024]",16.085275694914447,5.684844459265036,0.2942643391521197,0.0024937655860349127,False,True,False,True,False,True,False,False,True,False,True,False,False,True,False,True,low_scatter,343.70698594756755,0.03193785066896848,0.07898600430720135,320.66252820598083
2164169,5,confirmed_planet_host,2.0,444.4103761330029,0.45,2.0,0.001,188,filter,True,,True,0.0146658748853951,12.8293310420122,0.1383545419666916,12.983041167026386,4.00166722240747,446.4101858349535,1.5,10.710606654263946,9.87962326545816,23,20,0.8695652173913043,2.233315870709653,0.0004168056018674,1.0008336112037348,True,False,,False,3.0,1.0,,"[4.00166722240747, 14.005668556185396, 1.0, 12.003001000333445, 10.000333444481495]","[10.710606654263946, 9.59873937698082, 8.989192149326893, 8.491196844006238, 8.336736889947014]",1.9989996665555188,444.4416261330029,2.7,0.0007338184749875,0.0113170882938163,24.01126788329496,0.0005001667222406,0.0005001667222406,True,True,1.0,True,3.0,2.0,4.0,"[1.9989996665555188, 4.00166722240747, 1.0, 5.999666555518506, 7.997665888629544]","[24.01126788329496, 16.14096592848496, 15.597397307599637, 13.059584738613765, 11.7512769032537]",16.085275694914447,5.684844459265036,0.034912718204488775,0.0024937655860349127,False,True,False,True,False,True,False,False,True,False,True,False,False,True,False,True,low_scatter,343.70698594756755,0.03193785066896848,0.07898600430720135,320.66252820598083
2164169,5,confirmed_planet_host,2.0,444.4103761330029,0.45,4.0,0.0005,372,filter,True,,True,0.0173375410959124,13.189025125000626,0.1428292919881642,13.349744000006469,1.0,444.4187781264883,3.928571428571429,7.687380765396356,7.192413864656933,91,65,0.7142857142857143,0.8058564690472735,0.0,0.5,True,False,,False,1.0,,,"[1.0, 13.59953317772591, 13.31943981327109, 12.474491497165722, 12.273757919306437]","[7.687380765396356, 6.9323322031031065, 6.278150045733489, 6.160621759510699, 5.984638894300106]",1.9989996665555188,444.42912613300285,3.9,0.0004870854097106,0.0089079992482919,19.716456844924785,0.0005001667222406,0.0005001667222406,True,True,1.0,True,3.0,2.0,4.0,"[1.9989996665555188, 4.00166722240747, 1.0, 5.999666555518506, 7.997665888629544]","[19.716456844924785, 12.641678235740665, 12.242323438143577, 10.04776776693315, 8.869885443808574]",16.085275694914447,5.684844459265036,0.11471321695760599,0.0024937655860349127,False,True,False,True,False,True,False,False,True,False,True,False,False,True,False,True,low_scatter,343.70698594756755,0.03193785066896848,0.07898600430720135,320.66252820598083
2164169,5,confirmed_planet_host,2.0,444.4103761330029,0.45,4.0,0.001,372,filter,True,,True,0.0170129160396754,12.767205333104355,0.1319739168975502,12.916846457868814,1.0,444.4187781264883,3.928571428571429,14.928553094348498,14.246864940814929,91,68,0.7472527472527473,1.5649375843003603,0.0,0.5,True,False,,False,1.0,5.0,2.0,"[1.0, 5.999666555518506, 14.001000333444482, 7.997665888629544, 4.00166722240747]","[14.928553094348498, 11.485231108445468, 11.171264081595647, 10.59172663493267, 10.522000158121212]",1.9989996665555188,444.42912613300285,3.9,0.000950236765875,0.0173782836179458,28.000356423115857,0.0005001667222406,0.0005001667222406,True,True,1.0,True,3.0,2.0,4.0,"[1.9989996665555188, 4.00166722240747, 1.0, 5.999666555518506, 7.997665888629544]","[28.000356423115857, 18.82400056150284, 18.505676485639448, 15.454169017929724, 13.36996921778232]",16.085275694914447,5.684844459265036,0.014962593516209476,0.0024937655860349127,False,True,False,True,False,True,False,False,True,False,True,False,False,True,False,True,low_scatter,343.70698594756755,0.03193785066896848,0.07898600430720135,320.66252820598083
2164169,5,confirmed_planet_host,2.0,444.4103761330029,0.45,8.0,0.0005,747,filter,True,,True,0.0170457090716809,13.089699124917388,0.1365647919010371,13.24376920890063,13.59953317772591,456.1752070003864,7.571428571428571,6.97109328350768,5.254720771190829,7,6,0.8571428571428571,2.634825599199144,2.3998832944314774,5.799766588862955,False,False,,False,3.0,,,"[13.59953317772591, 13.118706235411805, 1.0, 8.76325441813938, 12.2270756918973]","[6.97109328350768, 6.280578546254341, 6.186830712346361, 6.1672137884447364, 6.027650613308673]",1.9989996665555188,444.42912613300285,7.5,0.0004950941241809,0.0120406543243938,23.54863411679886,0.0005001667222406,0.0005001667222406,True,True,1.0,True,3.0,2.0,4.0,"[1.9989996665555188, 4.00166722240747, 1.0, 5.999666555518506, 10.000333444481495]","[23.54863411679886, 15.433102300053545, 12.909483142772299, 11.795300601422076, 10.041127146121802]",16.085275694914447,5.684844459265036,0.30423940149625933,0.0024937655860349127,False,True,False,True,False,True,False,False,True,False,True,False,False,True,False,True,low_scatter,343.70698594756755,0.03193785066896848,0.07898600430720135,320.66252820598083
2164169,5,confirmed_planet_host,2.0,444.4103761330029,0.45,8.0,0.001,747,filter,True,,True,0.0166022500488907,13.085660124896094,0.1355731249786913,13.238383957883345,1.0,444.4334464938352,7.571428571428571,10.518959931834074,10.523266696985802,91,70,0.7692307692307693,1.1026866194627083,0.0,0.5,True,False,,False,1.0,3.0,2.0,"[1.0, 5.999666555518506, 4.00166722240747, 6.998666222074025, 10.000333444481495]","[10.518959931834074, 8.490519357779352, 8.347209085181797, 8.096824668235977, 8.092345627130719]",1.9989996665555188,444.42912613300285,7.5,0.0009805638343704,0.0238472435765382,31.62696609404933,0.0005001667222406,0.0005001667222406,True,True,1.0,True,3.0,2.0,4.0,"[1.9989996665555188, 4.00166722240747, 1.0, 5.999666555518506, 8.002334111370457]","[31.62696609404933, 21.001061862470923, 18.563890147890525, 16.41184662574293, 14.076083333813127]",16.085275694914447,5.684844459265036,0.0399002493765586,0.0024937655860349127,False,True,False,True,False,True,False,False,True,False,True,False,False,True,False,True,low_scatter,343.70698594756755,0.03193785066896848,0.07898600430720135,320.66252820598083
2164169,5,confirmed_planet_host,5.0,445.76037613300286,0.45,2.0,0.0005,71,filter,True,,True,0.016073792008683,13.227840332780032,0.139883334049955,13.384345500031486,13.59953317772591,456.1752070003864,7.571428571428571,7.000503670311553,4.957803127028936,7,5,0.7142857142857143,2.645941680548467,0.359953317772591,1.719906635545182,False,False,,False,,,,"[13.59953317772591, 10.579193064354786, 12.273757919306437, 8.76325441813938, 11.2000666888963]","[7.000503670311553, 6.336713525243673, 6.043490894202037, 5.984849631158842, 5.968115087405087]",5.000666888962988,445.74162613300285,2.7,0.0004403281870301,0.0042241754191811,10.74294591150335,0.0001333777925976,0.0001333777925976,True,True,1.0,True,3.0,2.0,4.0,"[5.000666888962988, 10.005001667222409, 2.4984994998332777, 15.0, 12.511837279093031]","[10.74294591150335, 6.271235965096242, 5.194620440073329, 4.89287012242088, 4.338374827097673]",16.085275694914447,5.684844459265036,0.2967581047381546,0.0024937655860349127,False,True,False,True,False,True,False,False,True,False,True,False,False,True,False,True,low_scatter,343.70698594756755,0.03193785066896848,0.07898600430720135,320.66252820598083
2164169,5,confirmed_planet_host,5.0,445.76037613300286,0.45,2.0,0.001,71,filter,True,,True,0.0170802499633282,13.05985241709277,0.1411730411928147,13.218690541107208,15.0,450.7657389135279,1.5,7.26929026474072,5.4509117237753975,5,5,1.0,3.250925436027538,0.5,2.0,False,False,,False,5.0,,1.0,"[15.0, 13.59953317772591, 7.498166055351785, 13.118706235411805, 2.4984994998332777]","[7.26929026474072, 6.99694432398796, 6.345474436664768, 6.303868937536711, 6.054893768111132]",5.000666888962988,445.74162613300285,2.7,0.0008125547692105,0.0077950355755953,20.028525149040732,0.0001333777925976,0.0001333777925976,True,True,1.0,True,3.0,2.0,4.0,"[5.000666888962988, 10.000333444481495, 2.4984994998332777, 15.0, 1.6675558519506501]","[20.028525149040732, 12.772448645574507, 11.501112866347876, 10.538716595414416, 7.4250893457437135]",16.085275694914447,5.684844459265036,0.19451371571072318,0.0024937655860349127,False,True,False,True,False,True,False,False,True,False,True,False,False,True,False,True,low_scatter,343.70698594756755,0.03193785066896848,0.07898600430720135,320.66252820598083
2164169,5,confirmed_planet_host,5.0,445.76037613300286,0.45,4.0,0.0005,143,filter,True,,True,0.0163876248989254,13.324920708080754,0.1438857079483568,13.485744416946543,13.59953317772591,456.1752070003864,7.571428571428571,7.022541546249917,5.293501812252624,7,6,0.8571428571428571,2.6542712147137535,0.359953317772591,1.719906635545182,False,False,,False,,2.0,,"[13.59953317772591, 10.000333444481495, 12.273757919306437, 8.76325441813938, 11.2000666888963]","[7.022541546249917, 6.474608276496129, 6.062516054223861, 6.0036901860521406, 5.986902961260491]",5.000666888962988,445.7541261330029,3.9,0.0005127913811583,0.0059513199993871,14.620186243392244,0.0001333777925976,0.0001333777925976,True,True,1.0,True,3.0,2.0,4.0,"[5.000666888962988, 10.000333444481495, 2.4984994998332777, 15.0, 1.2520840280093366]","[14.620186243392245, 9.70225960073365, 8.030835947059577, 7.996642919841864, 5.378657949670201]",16.085275694914447,5.684844459265036,0.2942643391521197,0.0024937655860349127,False,True,False,True,False,True,False,False,True,False,True,False,False,True,False,True,low_scatter,343.70698594756755,0.03193785066896848,0.07898600430720135,320.66252820598083
2164169,5,confirmed_planet_host,5.0,445.76037613300286,0.45,4.0,0.001,143,filter,True,,True,0.0173391250427812,13.355702667031435,0.1430452920030802,13.51687404094264,5.000666888962988,445.76600407255194,3.928571428571429,11.694693220758566,12.141178535207407,16,16,1.0,2.9236733051896415,0.0001333777925976,0.0001333777925976,True,True,1.0,True,,2.0,3.0,"[5.000666888962988, 10.000333444481495, 14.995331777259088, 12.49783261087029, 13.59953317772591]","[11.694693220758566, 8.953257978513708, 8.043424862092847, 7.384341456755656, 6.974248738905826]",5.000666888962988,445.7541261330029,3.9,0.0010049070054291,0.011662682678919,23.258458883758923,0.0001333777925976,0.0001333777925976,True,True,1.0,True,3.0,2.0,4.0,"[5.000666888962988, 10.000333444481495, 2.4984994998332777, 15.0, 1.6675558519506501]","[23.258458883758923, 15.761843769658594, 13.368123058495229, 12.845306966792291, 9.376086005130425]",16.085275694914447,5.684844459265036,0.032418952618453865,0.0024937655860349127,False,True,False,True,False,True,False,False,True,False,True,False,False,True,False,True,low_scatter,343.70698594756755,0.03193785066896848,0.07898600430720135,320.66252820598083
2164169,5,confirmed_planet_host,5.0,445.76037613300286,0.45,8.0,0.0005,287,filter,True,,True,0.0162726668640971,13.324248583987355,0.1454577092081308,13.48653466720134,13.59953317772591,456.1752070003864,7.571428571428571,7.014597552786741,5.2875137317953,7,6,0.8571428571428571,2.651268667410855,0.359953317772591,1.719906635545182,False,False,,False,,,,"[13.59953317772591, 10.579193064354786, 12.273757919306437, 8.76325441813938, 11.2000666888963]","[7.014597552786741, 6.3494710209767975, 6.055658054511369, 5.996898730953039, 5.980130496095893]",5.000666888962988,445.7666261330029,7.5,0.0005081846739927,0.0080810886159183,16.550787667532983,0.0001333777925976,0.0001333777925976,True,True,1.0,True,3.0,2.0,4.0,"[5.000666888962988, 10.000333444481495, 2.4984994998332777, 14.995331777259088, 1.6675558519506501]","[16.550787667532983, 11.14590210944648, 9.56672867552515, 9.025759964019716, 6.081188176852708]",16.085275694914447,5.684844459265036,0.2942643391521197,0.0024937655860349127,False,True,False,True,False,True,False,False,True,False,True,False,False,True,False,True,low_scatter,343.70698594756755,0.03193785066896848,0.07898600430720135,320.66252820598083
2164169,5,confirmed_planet_host,5.0,445.76037613300286,0.45,8.0,0.001,287,filter,True,,True,0.01686079101637,13.861367624951528,0.1403842910658568,14.019389250082895,5.000666888962988,445.7096581505553,5.142857142857142,8.96754478309251,7.725458688991122,18,17,0.9444444444444444,2.113670575572921,0.0001333777925976,0.0001333777925976,True,True,1.0,True,,2.0,3.0,"[5.000666888962988, 10.000333444481495, 15.0, 7.502834278092698, 13.59953317772591]","[8.96754478309251, 8.144747107467357, 7.840320757484508, 7.273139586635364, 6.976053995379895]",5.000666888962988,445.7541261330029,7.5,0.001004039056371,0.0159661024891398,22.425994162363043,0.0001333777925976,0.0001333777925976,True,True,1.0,True,3.0,2.0,4.0,"[5.000666888962988, 10.000333444481495, 2.4984994998332777, 14.995331777259088, 1.6675558519506501]","[22.425994162363043, 15.213970217971335, 13.696716108362605, 12.305334013974, 9.738020991358754]",16.085275694914447,5.684844459265036,0.06733167082294264,0.0024937655860349127,False,True,False,True,False,True,False,False,True,False,True,False,False,True,False,True,low_scatter,343.70698594756755,0.03193785066896848,0.07898600430720135,320.66252820598083
2164169,5,confirmed_planet_host,10.0,448.01037613300286,0.45,2.0,0.0005,40,filter,True,,True,0.016912082908675,13.494772500125691,0.1458485829643905,13.658083541085944,13.59953317772591,456.1752070003864,7.571428571428571,7.052660972724718,5.316205449899811,7,6,0.8571428571428571,2.665655287868642,0.3200233411137045,0.359953317772591,False,False,,False,,,,"[13.59953317772591, 12.315771923974658, 11.340113371123708, 8.76325441813938, 11.2000666888963]","[7.052660972724718, 6.071507340891495, 6.043507684984604, 6.029439795925627, 6.012580571334546]",10.000333444481496,448.0166261330029,1.5,0.000531288688151,0.0029478517301998,5.984431660672185,3.33444481494638e-05,3.33444481494638e-05,True,True,1.0,True,2.0,,,"[10.000333444481495, 5.000666888962988, 10.215071690563521, 14.92064021340447, 11.834944981660554]","[5.984431660672185, 4.025464420564294, 3.1208432138608555, 2.872684508626241, 2.526670663686]",16.085275694914447,5.684844459265036,0.28428927680798005,0.004987531172069825,False,True,False,True,False,True,False,False,True,False,True,False,False,True,False,True,low_scatter,343.70698594756755,0.03193785066896848,0.07898600430720135,320.66252820598083
2164169,5,confirmed_planet_host,10.0,448.01037613300286,0.45,2.0,0.001,40,filter,True,,True,0.0169034579303115,13.40132416691631,0.1469075828790664,13.566095917019991,10.000333444481496,448.03051209098646,1.5,8.018623588519993,8.124554963685359,10,10,1.0,2.5357114239275975,3.33444481494638e-05,3.33444481494638e-05,True,True,1.0,True,,,,"[10.000333444481495, 13.59953317772591, 15.0, 11.130043347782594, 11.344781593864623]","[8.018623588519993, 7.023990069972338, 6.662362823932627, 6.5738664878356, 6.396783989659992]",10.000333444481496,448.0166261330029,1.5,0.0010302785871409,0.0057164938449205,13.555732488852572,3.33444481494638e-05,3.33444481494638e-05,True,True,1.0,True,2.0,,,"[10.000333444481495, 5.000666888962988, 3.334111370456819, 15.0, 2.4984994998332777]","[13.555732488852572, 9.438191370825972, 5.572401722160476, 4.467188737902011, 3.9026078148351337]",16.085275694914447,5.684844459265036,0.10224438902743142,0.0024937655860349127,False,True,False,True,False,True,False,False,True,False,True,False,False,True,False,True,low_scatter,343.70698594756755,0.03193785066896848,0.07898600430720135,320.66252820598083
2164169,5,confirmed_planet_host,10.0,448.01037613300286,0.45,4.0,0.0005,81,filter,True,,True,0.0200629169121384,13.715669957920907,0.1492076248396188,13.885543334065003,13.59953317772591,456.1752070003864,7.571428571428571,7.047267567135434,5.312139969891887,7,6,0.8571428571428571,2.663616772167363,0.3200233411137045,0.359953317772591,False,False,,False,,,,"[13.59953317772591, 10.579193064354786, 12.273757919306437, 8.76325441813938, 11.2000666888963]","[7.047267567135434, 6.3790432534250465, 6.08386187291191, 6.024828881772606, 6.007982549994109]",10.000333444481496,448.0166261330029,3.9,0.0005377354621232,0.0047372261087288,11.02829198472288,3.33444481494638e-05,3.33444481494638e-05,True,True,1.0,True,2.0,,,"[10.000333444481495, 5.000666888962988, 3.334111370456819, 14.990663554518173, 10.205735245081694]","[11.02829198472288, 6.612227983458887, 4.018946825044689, 3.4161264191376883, 3.373285300082346]",16.085275694914447,5.684844459265036,0.286783042394015,0.0024937655860349127,False,True,False,True,False,True,False,False,True,False,True,False,False,True,False,True,low_scatter,343.70698594756755,0.03193785066896848,0.07898600430720135,320.66252820598083
2164169,5,confirmed_planet_host,10.0,448.01037613300286,0.45,4.0,0.001,81,filter,True,,True,0.0164291248656809,14.533372583100572,0.1531447081360966,14.703620959073303,10.000333444481496,448.0197555901585,3.928571428571429,8.974580426068933,10.100207386535637,9,9,1.0,2.9915268086896445,3.33444481494638e-05,3.33444481494638e-05,True,True,1.0,True,3.0,,,"[10.000333444481495, 13.59953317772591, 4.995998666222075, 12.273757919306437, 8.76325441813938]","[8.974580426068933, 7.021498403907747, 6.246697918195201, 6.061615515985021, 6.002798385925207]",10.000333444481496,448.0166261330029,3.9,0.0010246234108124,0.0090265067402291,17.334528030049484,3.33444481494638e-05,3.33444481494638e-05,True,True,1.0,True,2.0,,,"[10.000333444481495, 5.000666888962988, 3.334111370456819, 2.4984994998332777, 6.667222407469157]","[17.334528030049484, 11.369172943155304, 7.870135915324665, 6.213283092650789, 5.548424759373149]",16.085275694914447,5.684844459265036,0.06733167082294264,0.0024937655860349127,False,True,False,True,False,True,False,False,True,False,True,False,False,True,False,True,low_scatter,343.70698594756755,0.03193785066896848,0.07898600430720135,320.66252820598083
2164169,5,confirmed_planet_host,10.0,448.01037613300286,0.45,8.0,0.0005,161,filter,True,,True,0.019187250174582,14.360493124928324,0.1477679170202464,14.528014374896884,13.59953317772591,456.1752070003864,7.571428571428571,7.060905350301627,5.322419956052155,7,6,0.8571428571428571,2.6687713696947872,0.3200233411137045,0.359953317772591,False,False,,False,,,,"[13.59953317772591, 10.579193064354786, 12.273757919306437, 11.2000666888963, 10.891963987996]","[7.060905350301627, 6.3913878973411755, 6.095635285549563, 6.0196091219246535, 5.869789464888394]",10.000333444481496,448.0166261330029,7.5,0.0005380977510244,0.0065000181129411,13.293563571019249,3.33444481494638e-05,3.33444481494638e-05,True,True,1.0,True,2.0,,,"[10.000333444481495, 5.000666888962988, 3.334111370456819, 6.67189063021007, 10.107702567522509]","[13.293563571019249, 8.029780138066416, 5.674178478234099, 4.064748735425006, 3.8404631786499217]",16.085275694914447,5.684844459265036,0.2817955112219451,0.0024937655860349127,False,True,False,True,False,True,False,False,True,False,True,False,False,True,False,True,low_scatter,343.70698594756755,0.03193785066896848,0.07898600430720135,320.66252820598083
2164169,5,confirmed_planet_host,10.0,448.01037613300286,0.45,8.0,0.001,161,filter,True,,True,0.0172828331124037,16.048299666959792,0.1552905000280589,16.2223877501674,10.000333444481496,448.0342967083782,7.571428571428571,7.183617478167758,6.290657174610447,9,8,0.8888888888888888,2.3945391593892524,3.33444481494638e-05,3.33444481494638e-05,True,True,1.0,True,,,,"[10.000333444481495, 13.59953317772591, 11.130043347782594, 12.273757919306437, 7.040680226742248]","[7.183617478167758, 7.044411786141463, 6.5929795039718595, 6.081396495098296, 5.991943233120755]",10.000333444481496,448.0166261330029,7.5,0.0010369443484869,0.0125258970780779,17.373613077172777,3.33444481494638e-05,3.33444481494638e-05,True,True,1.0,True,2.0,,,"[10.000333444481495, 5.000666888962988, 3.334111370456819, 2.4984994998332777, 6.67189063021007]","[17.373613077172777, 11.264527817346687, 8.364467971954253, 6.036984419528322, 5.534969655315273]",16.085275694914447,5.684844459265036,0.23192019950124687,0.0024937655860349127,False,True,False,True,False,True,False,False,True,False,True,False,False,True,False,True,low_scatter,343.70698594756755,0.03193785066896848,0.07898600430720135,320.66252820598083
2304320,5,confirmed_planet_host,2.0,444.41041919409906,0.45,2.0,0.001,188,filter,True,,True,0.0170680829323828,12.934681916143743,0.1341201250907033,13.08645095815882,4.00166722240747,446.41022890000784,1.5,20.403071005398942,18.483532492401466,23,23,1.0,4.254334395655653,0.0004168056018674,1.0008336112037348,True,False,,False,3.0,1.0,2.0,"[4.00166722240747, 5.999666555518506, 1.0, 7.997665888629544, 10.000333444481495]","[20.403071005398946, 19.507976485929756, 18.256034830947836, 18.073216481134864, 16.272120156254516]",1.9989996665555188,444.4291691940991,2.7,0.0007178598869994,0.0110294834720184,8.80540804123548,0.0005001667222406,0.0005001667222406,True,True,1.0,True,2.0,3.0,4.0,"[1.9989996665555188, 1.0, 4.00166722240747, 5.999666555518506, 8.002334111370457]","[8.80540804123548, 6.08269193897924, 6.076023891547105, 4.8541160780002715, 3.975763132654675]",16.085275694914447,5.684844459265036,0.004987531172069825,0.0024937655860349127,True,True,True,True,False,True,True,False,False,False,True,False,False,True,False,True,lowest_scatter,226.02026297123473,0.0321536469572723,0.5849591140687749,161.84559325439145
2304320,5,confirmed_planet_host,2.0,444.41041919409906,0.45,4.0,0.0005,372,filter,True,,True,0.0171612091362476,13.196168041788042,0.1342109579127282,13.34815250011161,1.0,444.41882119154263,3.928571428571429,13.635021082118124,13.922084830636257,90,66,0.7333333333333333,1.4372574187969007,0.0,0.5,True,False,,False,1.0,4.0,2.0,"[1.0, 5.999666555518506, 8.002334111370457, 4.00166722240747, 12.003001000333445]","[13.635021082118124, 11.155714289301365, 10.629176898202761, 10.150822294988087, 8.82107656739358]",1.9989996665555188,444.4291691940991,3.9,0.0004561204926079,0.0083416191986391,6.257393657328716,0.0005001667222406,0.0005001667222406,True,True,1.0,True,2.0,3.0,4.0,"[1.9989996665555188, 1.0, 4.00166722240747, 5.999666555518506, 11.998332777592532]","[6.257393657328716, 4.259620288730539, 3.9929409303377117, 3.3196144014721836, 3.0700597264992915]",16.085275694914447,5.684844459265036,0.029925187032418952,0.004987531172069825,False,True,False,True,False,True,False,False,True,False,True,False,False,True,False,True,lowest_scatter,226.02026297123473,0.0321536469572723,0.5849591140687749,161.84559325439145
2304320,5,confirmed_planet_host,2.0,444.41041919409906,0.45,4.0,0.001,372,filter,True,,True,0.0173236669506877,13.11778537509963,0.1358926249668002,13.271554291946812,5.999666555518506,446.4186652438685,3.928571428571429,23.58724996582668,20.557268343307985,16,15,0.9375,5.89681249145667,0.4999166388796265,1.9998332777592531,False,False,,False,,2.0,1.0,"[5.999666555518506, 4.00166722240747, 8.002334111370457, 10.000333444481495, 9.001333777925977]","[23.58724996582668, 23.17300326307269, 20.369292505808964, 18.43552412491642, 18.041188071158206]",1.9989996665555188,444.4291691940991,3.9,0.0009192709068624,0.0168118029549385,13.096995812307547,0.0005001667222406,0.0005001667222406,True,True,1.0,True,2.0,3.0,4.0,"[1.9989996665555188, 1.0, 4.00166722240747, 5.999666555518506, 7.997665888629544]","[13.096995812307549, 9.015479632745006, 8.788949946379136, 7.346481798317627, 6.168992230307919]",16.085275694914447,5.684844459265036,0.004987531172069825,0.0024937655860349127,True,True,False,True,False,True,False,False,True,False,True,False,False,True,False,True,lowest_scatter,226.02026297123473,0.0321536469572723,0.5849591140687749,161.84559325439145
2304320,5,confirmed_planet_host,2.0,444.41041919409906,0.45,8.0,0.0005,747,filter,True,,True,0.0179864580277353,13.228829500032589,0.1332688329275697,13.380849750014022,1.0,444.3877837765766,6.357142857142858,9.064138543975478,8.818010117329393,91,71,0.7802197802197802,0.950179899359618,0.0,0.5,True,False,,False,1.0,3.0,2.0,"[1.0, 5.999666555518506, 4.00166722240747, 13.991663887962655, 7.99299766588863]","[9.064138543975478, 8.955867407713898, 8.14123531998036, 7.735929618498385, 7.669346653051451]",1.9989996665555188,444.44166919409906,7.5,0.0004729308072077,0.0115147577710673,8.801383013304553,0.0005001667222406,0.0005001667222406,True,True,1.0,True,3.0,2.0,4.0,"[1.9989996665555188, 4.00166722240747, 1.0, 5.999666555518506, 8.002334111370457]","[8.801383013304553, 5.749600161419674, 5.293328783384101, 4.506211814169176, 4.316677971076141]",16.085275694914447,5.684844459265036,0.06483790523690773,0.0024937655860349127,False,True,False,True,False,True,False,False,True,False,True,False,False,True,False,True,lowest_scatter,226.02026297123473,0.0321536469572723,0.5849591140687749,161.84559325439145
2304320,5,confirmed_planet_host,2.0,444.41041919409906,0.45,8.0,0.001,747,filter,True,,True,0.0162477500271052,13.214753207983447,0.1356109159532934,13.3671652500052,5.999666555518506,448.43811645549687,8.785714285714285,16.469733818508892,15.014297254896844,15,15,1.0,4.252466986370268,0.4999166388796265,1.9998332777592531,False,False,,False,3.0,2.0,1.0,"[5.999666555518506, 4.00166722240747, 1.0, 8.002334111370457, 9.001333777925977]","[16.469733818508892, 15.917716597921721, 15.38858937058953, 15.02971359902655, 13.720353868625908]",1.9989996665555188,444.44166919409906,7.5,0.0009569924663508,0.023300525723471,16.583671761640502,0.0005001667222406,0.0005001667222406,True,True,1.0,True,3.0,2.0,4.0,"[1.9989996665555188, 4.00166722240747, 1.0, 5.999666555518506, 8.002334111370457]","[16.583671761640502, 10.976213934970257, 10.131614984946342, 8.795570774100977, 7.686684322419069]",16.085275694914447,5.684844459265036,0.007481296758104738,0.0024937655860349127,True,True,False,True,False,True,False,False,True,False,True,False,False,True,False,True,lowest_scatter,226.02026297123473,0.0321536469572723,0.5849591140687749,161.84559325439145
2304320,5,confirmed_planet_host,5.0,445.7604191940991,0.45,8.0,0.0005,287,filter,True,,True,0.0173718750011175,13.767111084191129,0.1366170840337872,13.921789708081633,9.990996998999668,450.8089647165799,7.571428571428571,8.01152181371209,4.93539095280505,9,6,0.6666666666666666,2.670507271237363,0.0009003001000332,0.9981993997999336,True,False,,False,,1.0,2.0,"[9.990996998999668, 15.0, 7.498166055351785, 11.102034011337112, 8.632544181393799]","[8.01152181371209, 6.406598055074247, 6.297100273115069, 6.148511787215874, 6.146334348362149]",5.000666888962988,445.7666691940991,7.5,0.0005683559577054,0.0090378605106673,6.519930599855093,0.0001333777925976,0.0001333777925976,True,True,1.0,True,4.0,3.0,2.0,"[5.000666888962988, 14.995331777259088, 10.000333444481495, 2.4984994998332777, 12.511837279093031]","[6.519930599855093, 4.86813826067362, 4.408567387637978, 3.562924467007831, 3.0283822301493664]",16.085275694914447,5.684844459265036,0.10224438902743142,0.0024937655860349127,False,True,False,True,False,True,False,False,True,False,True,False,False,True,False,True,lowest_scatter,226.02026297123473,0.0321536469572723,0.5849591140687749,161.84559325439145
2304320,5,confirmed_planet_host,10.0,448.0104191940991,0.45,8.0,0.001,161,filter,True,,True,0.02590979100205,16.03627174999565,0.1444287500344216,16.207293208222836,10.000333444481496,448.0343397734325,7.571428571428571,14.639039749502608,11.185334330816524,9,9,1.0,4.879679916500869,3.33444481494638e-05,3.33444481494638e-05,True,True,1.0,True,4.0,,,"[10.000333444481495, 13.762920973657886, 9.897632544181395, 4.995998666222075, 8.45515171723908]","[14.639039749502608, 7.638163833836539, 6.809996634243552, 6.681328826778017, 6.609082428816217]",10.000333444481496,448.00416919409906,8.700000000000001,0.0008676078539617,0.0111893453640595,7.843364886590713,3.33444481494638e-05,3.33444481494638e-05,True,True,1.0,True,2.0,,,"[10.000333444481495, 5.000666888962988, 3.334111370456819, 2.4984994998332777, 6.667222407469157]","[7.843364886590713, 4.825787640162766, 3.9139351789157164, 3.594310232683067, 2.840113897522773]",16.085275694914447,5.684844459265036,0.017456359102244388,0.0024937655860349127,False,True,False,True,False,True,False,False,True,False,True,False,False,True,False,True,lowest_scatter,226.02026297123473,0.0321536469572723,0.5849591140687749,161.84559325439145
2307415,5,confirmed_planet_host,2.0,444.4103698898819,0.45,2.0,0.0005,188,filter,True,,True,0.0145495000761002,12.703664041822776,0.1319792079739272,12.85081799980253,1.0,443.5860763007123,10.0,13.650098712309642,11.142132601409797,86,62,0.7209302325581395,1.4719279986490323,0.0,0.5,True,False,,False,1.0,3.0,2.0,"[1.0, 5.999666555518506, 4.00166722240747, 7.997665888629544, 9.990996998999668]","[13.650098712309642, 13.092285970442678, 13.05638211543745, 11.226793266019394, 11.062069455679204]",1.9989996665555188,444.4416198898819,2.7,0.0003576371457271,0.0055155481816014,10.09081685222816,0.0005001667222406,0.0005001667222406,True,True,1.0,True,3.0,2.0,5.0,"[1.9989996665555188, 4.00166722240747, 1.0, 7.997665888629544, 5.999666555518506]","[10.09081685222816, 7.452001541218831, 6.180328427472159, 5.179762053604059, 5.1622088800115815]",16.085275694914447,5.684844459265036,0.02743142144638404,0.0024937655860349127,False,True,False,True,False,True,False,False,True,False,True,False,False,True,False,True,lowest_scatter,172.96249416353436,0.03193785066896848,0.5031070980975872,118.67901618382976
2307415,5,confirmed_planet_host,2.0,444.4103698898819,0.45,2.0,0.001,188,filter,True,,True,0.0177222918719053,13.152249292004852,0.1316431250888854,13.302168416092172,4.00166722240747,446.4101795874088,1.5,27.430175986878847,25.53264711448621,23,23,1.0,5.719587073386486,0.0004168056018674,1.0008336112037348,True,False,,False,3.0,1.0,2.0,"[4.00166722240747, 5.999666555518506, 1.0, 7.997665888629544, 9.001333777925977]","[27.430175986878847, 26.391517002453334, 25.552956783564557, 21.907840941133752, 21.37238035551526]",1.9989996665555188,444.4416198898819,2.7,0.0007138352697571,0.0110089034964938,19.349012919732647,0.0005001667222406,0.0005001667222406,True,True,1.0,True,3.0,2.0,4.0,"[1.9989996665555188, 4.00166722240747, 1.0, 5.999666555518506, 7.997665888629544]","[19.349012919732647, 14.31349719524511, 12.889478137145232, 10.565438996024332, 10.4009605951115]",16.085275694914447,5.684844459265036,0.0024937655860349127,0.0024937655860349127,True,True,True,True,False,True,True,False,False,False,True,False,False,True,False,True,lowest_scatter,172.96249416353436,0.03193785066896848,0.5031070980975872,118.67901618382976
2307415,5,confirmed_planet_host,2.0,444.4103698898819,0.45,4.0,0.0005,372,filter,True,,True,0.0171846251469105,13.08682733308524,0.1348510419484228,13.239418666111304,5.999666555518506,446.4186159312694,3.928571428571429,16.907484134767422,12.7513063017702,16,15,0.9375,4.226871033691856,0.4999166388796265,1.9998332777592531,False,False,,False,2.0,4.0,1.0,"[5.999666555518506, 1.0, 7.997665888629544, 4.00166722240747, 10.000333444481495]","[16.907484134767422, 15.19866126290582, 14.581270811986967, 14.320110149877042, 13.721247435166447]",1.9989996665555188,444.429119889882,3.9,0.0004548623659891,0.0083186922324664,14.283207977026771,0.0005001667222406,0.0005001667222406,True,True,1.0,True,3.0,2.0,4.0,"[1.9989996665555188, 4.00166722240747, 1.0, 5.999666555518506, 7.997665888629544]","[14.283207977026771, 10.244363206853977, 9.086688777386966, 8.108297565119056, 6.774564298611896]",16.085275694914447,5.684844459265036,0.007481296758104738,0.0024937655860349127,True,True,False,True,False,True,False,False,True,False,True,False,False,True,False,True,lowest_scatter,172.96249416353436,0.03193785066896848,0.5031070980975872,118.67901618382976
2307415,5,confirmed_planet_host,2.0,444.4103698898819,0.45,4.0,0.001,372,filter,True,,True,0.0176172079518437,13.178844542009756,0.1362630829680711,13.333277249941602,5.999666555518506,446.4186159312694,3.928571428571429,34.79113042442284,27.28591545804065,16,15,0.9375,8.69778260610571,0.4999166388796265,1.9998332777592531,False,False,,False,3.0,,1.0,"[5.999666555518506, 7.997665888629544, 1.0, 10.000333444481495, 14.001000333444482]","[34.79113042442284, 29.955790968468285, 29.63614270348335, 27.129605955056675, 25.18491857899044]",1.9989996665555188,444.429119889882,3.9,0.0009180137221535,0.0167889766021204,22.74353809343552,0.0005001667222406,0.0005001667222406,True,True,1.0,True,3.0,2.0,4.0,"[1.9989996665555188, 4.00166722240747, 1.0, 5.999666555518506, 7.997665888629544]","[22.743538093435518, 16.092622403190404, 15.202791608936232, 13.040814699999968, 11.110218683331613]",16.085275694914447,5.684844459265036,0.0024937655860349127,0.0024937655860349127,True,True,False,True,False,True,False,False,True,False,True,False,False,True,False,True,lowest_scatter,172.96249416353436,0.03193785066896848,0.5031070980975872,118.67901618382976
2307415,5,confirmed_planet_host,2.0,444.4103698898819,0.45,8.0,0.0005,747,filter,True,,True,0.0160677500534802,13.378879999974744,0.1336351251229643,13.529130458133295,1.9989996665555188,444.4534656289011,7.571428571428571,15.551350880816951,14.792348138004243,45,42,0.9333333333333332,2.3182585140971956,0.0005001667222406,0.0005001667222406,True,True,1.0,True,3.0,2.0,4.0,"[1.9989996665555188, 4.00166722240747, 1.0, 5.999666555518506, 8.002334111370457]","[15.551350880816953, 12.474048476051749, 12.173322499270952, 12.110706192171103, 11.368188450055229]",1.9989996665555188,444.429119889882,8.700000000000001,0.0004608524365007,0.0118730559428833,18.76257017522868,0.0005001667222406,0.0005001667222406,True,True,1.0,True,3.0,2.0,4.0,"[1.9989996665555188, 4.00166722240747, 1.0, 5.999666555518506, 8.002334111370457]","[18.762570175228678, 13.034849101190941, 10.589655474515503, 9.838011567873021, 8.338781409338814]",16.085275694914447,5.684844459265036,0.014962593516209476,0.0024937655860349127,False,True,False,True,False,True,False,False,True,False,True,False,False,True,False,True,lowest_scatter,172.96249416353436,0.03193785066896848,0.5031070980975872,118.67901618382976
2307415,5,confirmed_planet_host,2.0,444.4103698898819,0.45,8.0,0.001,747,filter,True,,True,0.01704579195939,13.350478042149916,0.1359779587946832,13.50411133398302,4.00166722240747,444.4133340544307,7.571428571428571,25.67312349097129,22.74812619146948,22,22,1.0,5.473528319361129,0.0004168056018674,1.0008336112037348,True,False,,False,4.0,1.0,2.0,"[4.00166722240747, 5.999666555518506, 7.997665888629544, 1.0, 9.001333777925977]","[25.67312349097129, 25.097817749154153, 20.82271523061004, 19.628317734081087, 19.44068603372459]",1.9989996665555188,444.429119889882,7.5,0.000972442815908,0.0236497409779594,27.85068645432756,0.0005001667222406,0.0005001667222406,True,True,1.0,True,3.0,2.0,4.0,"[1.9989996665555188, 4.00166722240747, 1.0, 5.999666555518506, 8.002334111370457]","[27.85068645432756, 19.019875177346567, 16.564814674244605, 14.757888399193192, 12.688604811693569]",16.085275694914447,5.684844459265036,0.004987531172069825,0.0024937655860349127,True,True,True,True,False,True,True,False,False,False,True,False,False,True,False,True,lowest_scatter,172.96249416353436,0.03193785066896848,0.5031070980975872,118.67901618382976
2307415,5,confirmed_planet_host,5.0,445.760369889882,0.45,2.0,0.0005,71,filter,True,,True,0.0176738752052187,13.48216575011611,0.1347094578668475,13.635305291973054,5.000666888962988,445.7766352426953,1.5,13.390650410925478,12.462096759571653,18,18,1.0,3.1562065700212782,0.0001333777925976,0.0001333777925976,True,True,1.0,True,4.0,3.0,2.0,"[5.000666888962988, 15.0, 10.000333444481495, 2.4984994998332777, 7.498166055351785]","[13.390650410925478, 9.638989390548904, 9.019905204027841, 8.16610417741143, 8.067410670649991]",5.000666888962988,445.766619889882,2.7,0.0003949679033526,0.0038476966704017,6.411014450671218,0.0001333777925976,0.0001333777925976,True,True,1.0,True,3.0,2.0,4.0,"[5.000666888962988, 9.99566522174058, 2.4984994998332777, 14.995331777259088, 7.498166055351785]","[6.411014450671218, 4.205342370261565, 3.2643745589451796, 3.2425696376787747, 2.287733623749538]",16.085275694914447,5.684844459265036,0.032418952618453865,0.004987531172069825,False,True,False,True,False,True,False,False,True,False,True,False,False,True,False,True,lowest_scatter,172.96249416353436,0.03193785066896848,0.5031070980975872,118.67901618382976
2307415,5,confirmed_planet_host,5.0,445.760369889882,0.45,8.0,0.0005,287,filter,True,,True,0.0158103748690336,14.274691333062949,0.1410657910164445,14.432238374836745,10.000333444481496,445.78472670031624,7.571428571428571,10.504388976301964,9.279453329500098,9,9,1.0,3.501462992100655,3.33444481494638e-05,1.000066688896299,True,False,2.0,True,4.0,1.0,3.0,"[10.000333444481495, 5.000666888962988, 15.0, 2.4984994998332777, 12.49783261087029]","[10.504388976301964, 9.669032969520003, 8.513781827165129, 7.830474914733328, 7.56175986405467]",5.000666888962988,445.7541198898819,8.700000000000001,0.0004828229314302,0.0082386227164387,12.753508597054372,0.0001333777925976,0.0001333777925976,True,True,1.0,True,4.0,2.0,3.0,"[5.000666888962988, 10.000333444481495, 14.995331777259088, 2.4984994998332777, 1.6675558519506501]","[12.753508597054372, 9.193796111216605, 7.283282537112682, 6.733884824256873, 5.448442497387789]",16.085275694914447,5.684844459265036,0.0399002493765586,0.0024937655860349127,False,True,False,True,False,True,False,False,True,False,True,False,False,True,False,True,lowest_scatter,172.96249416353436,0.03193785066896848,0.5031070980975872,118.67901618382976
2307415,5,confirmed_planet_host,10.0,448.010369889882,0.45,2.0,0.001,40,filter,True,,True,0.0223167911171913,19.66704808385111,0.1644892911426723,19.854653583141044,5.000666888962988,448.02183262141335,1.5,26.73758615355756,16.797323359410083,19,15,0.7894736842105263,6.134022949345778,0.0001333777925976,0.4999333111037011,True,False,2.0,True,1.0,,,"[5.000666888962988, 10.000333444481495, 15.0, 13.99633211070357, 10.527842614204737]","[26.73758615355756, 22.925871392545446, 17.601750868872347, 7.488979491958709, 7.338569886537174]",10.000333444481496,448.0041198898819,1.5,0.0010243501507923,0.0055918050185457,11.450879813220846,3.33444481494638e-05,3.33444481494638e-05,True,True,1.0,True,2.0,,,"[10.000333444481495, 5.000666888962988, 3.334111370456819, 15.0, 2.4984994998332777]","[11.450879813220846, 7.442154006234517, 5.1407005962869095, 4.585012902171666, 4.548153446279252]",16.085275694914447,5.684844459265036,0.0024937655860349127,0.0024937655860349127,True,True,True,True,False,True,True,False,False,False,True,False,False,True,False,True,lowest_scatter,172.96249416353436,0.03193785066896848,0.5031070980975872,118.67901618382976
2307415,5,confirmed_planet_host,10.0,448.010369889882,0.45,4.0,0.0005,81,filter,True,,True,0.0235161250457167,18.29427408403717,0.1490354998968541,18.46757304179482,10.000333444481496,448.01974934261386,3.928571428571429,13.550119687314677,12.645779986458155,9,9,1.0,4.516706562438225,3.33444481494638e-05,3.33444481494638e-05,True,True,1.0,True,,,,"[10.000333444481495, 14.995331777259088, 10.527842614204737, 13.431477159053019, 9.015338446148716]","[13.550119687314675, 10.09966290803127, 7.380068065798072, 6.511545435979468, 6.324365180118288]",10.000333444481496,448.0041198898819,3.9,0.0004869518984817,0.0042898440026155,7.696073542566049,3.33444481494638e-05,3.33444481494638e-05,True,True,1.0,True,2.0,,,"[10.000333444481495, 5.000666888962988, 2.4984994998332777, 15.0, 3.334111370456819]","[7.696073542566049, 4.870948618663025, 2.899522056320189, 2.8890646151478308, 2.761095366252603]",16.085275694914447,5.684844459265036,0.029925187032418952,0.0024937655860349127,False,True,False,True,False,True,False,False,True,False,True,False,False,True,False,True,lowest_scatter,172.96249416353436,0.03193785066896848,0.5031070980975872,118.67901618382976
2307415,5,confirmed_planet_host,10.0,448.010369889882,0.45,8.0,0.0005,161,filter,True,,True,0.0250079168472439,18.01614625006914,0.1459283328149467,18.187707042088732,10.000333444481496,448.0859481209436,5.142857142857142,8.39583590988143,6.764065741446502,9,8,0.8888888888888888,2.798611969960477,3.33444481494638e-05,3.33444481494638e-05,True,True,1.0,True,2.0,,,"[10.000333444481495, 5.000666888962988, 11.806935645215072, 15.0, 13.426808936312105]","[8.39583590988143, 7.723139746097243, 7.169920055840473, 6.628846826553031, 6.50951300589723]",9.99566522174058,448.029119889882,7.5,0.0004915176155691,0.0059562881552592,10.127033955783151,0.0004334778259419,0.0004334778259419,True,True,1.0,True,2.0,,,"[9.99566522174058, 5.000666888962988, 3.334111370456819, 15.0, 2.4984994998332777]","[10.127033955783153, 6.474301316102653, 4.590296838751893, 4.5326223582573935, 4.04385924809346]",16.085275694914447,5.684844459265036,0.07481296758104738,0.0024937655860349127,False,True,False,True,False,True,False,False,True,False,True,False,False,True,False,True,lowest_scatter,172.96249416353436,0.03193785066896848,0.5031070980975872,118.67901618382976
2438264,5,confirmed_planet_host,2.0,444.41052635079393,0.45,4.0,0.001,372,filter,True,,True,0.0176580839324742,12.356008750153704,0.1336974999867379,12.50795712484978,5.999666555518506,446.41877241651224,3.928571428571429,17.534152384370888,14.706808288926227,16,14,0.875,4.383538096092722,0.4999166388796265,1.9998332777592531,False,False,,False,2.0,3.0,1.0,"[5.999666555518506, 1.0, 4.00166722240747, 10.000333444481495, 8.002334111370457]","[17.534152384370888, 15.433435763102295, 15.15073247995361, 14.759572122478325, 14.484586462398804]",1.9989996665555188,444.42927635079394,3.9,0.0009094924102839,0.0166329719308669,6.687291796189273,0.0005001667222406,0.0005001667222406,True,True,1.0,True,4.0,2.0,3.0,"[1.9989996665555188, 4.00166722240747, 5.999666555518506, 1.0, 10.000333444481495]","[6.687291796189273, 5.156856839752855, 4.16151597747514, 3.901366354842587, 3.548164283621997]",16.085275694914447,5.684844459265036,0.004987531172069825,0.0024937655860349127,True,True,False,True,False,True,False,False,True,False,True,False,False,True,False,True,highest_scatter,1945.792123199032,0.0321536469572723,0.9831486886940024,223.33990248902808
2438264,5,confirmed_planet_host,2.0,444.41052635079393,0.45,8.0,0.001,747,filter,True,,True,0.0137421248946338,16.431177250109613,0.153436791151762,16.599104000022635,5.999666555518506,444.4335553345144,7.571428571428571,13.20050140136988,10.06123268295751,15,14,0.9333333333333332,3.4083548059395476,0.4999166388796265,1.9998332777592531,False,False,,False,4.0,2.0,1.0,"[5.999666555518506, 4.00166722240747, 7.997665888629544, 1.0, 9.99566522174058]","[13.20050140136988, 11.748982901454537, 11.579365620981546, 11.501819339864287, 10.369254500314689]",1.9989996665555188,444.44177635079393,8.700000000000001,0.0009138892898691,0.0235441786892045,8.900307561609937,0.0005001667222406,0.0005001667222406,True,True,1.0,True,5.0,2.0,3.0,"[1.9989996665555188, 4.00166722240747, 5.999666555518506, 10.000333444481495, 1.0]","[8.900307561609937, 6.380723031840101, 5.095728134321611, 4.792943334626366, 4.693372335971597]",16.085275694914447,5.684844459265036,0.032418952618453865,0.0024937655860349127,False,True,False,True,False,True,False,False,True,False,True,False,False,True,False,True,highest_scatter,1945.792123199032,0.0321536469572723,0.9831486886940024,223.33990248902808
2439243,5,confirmed_planet_host,2.0,444.4105138077415,0.45,2.0,0.001,188,filter,True,,True,0.0202628751285374,17.33947620796971,0.2712777920532971,17.631695708958432,12.003001000333445,450.35527297945777,5.142857142857142,6.178284589908772,4.999724461055116,8,7,0.875,2.1843534648124203,2.000750250083361,5.001500500166722,False,False,,False,,,,"[12.003001000333445, 14.271757252417473, 11.298099366455485, 4.995998666222075, 10.000333444481495]","[6.178284589908772, 6.069954384835599, 6.029342203627496, 6.017268433998721, 5.994059793847009]",1.9989996665555188,444.4292638077415,2.7,0.0006976717868353,0.0107193055095439,7.639346452923537,0.0005001667222406,0.0005001667222406,True,True,1.0,True,4.0,2.0,,"[1.9989996665555188, 3.996998999666556, 13.99633211070357, 1.0, 13.571523841280428]","[7.639346452923537, 4.743393233470289, 4.64636879614205, 4.1498480658528845, 3.6936462733843207]",16.085275694914447,5.684844459265036,0.8877805486284289,0.0024937655860349127,False,True,False,True,False,True,False,False,True,False,True,False,False,True,False,True,high_scatter,815.8214492229673,0.0321536469572723,0.25169856489306425,642.4356865485978
2439243,5,confirmed_planet_host,2.0,444.4105138077415,0.45,4.0,0.001,372,filter,True,,True,0.0173642497975379,13.586911750026047,0.1378699161577969,13.742714416002856,1.0,444.4189158185728,3.928571428571429,7.342614337867963,6.063785923379658,91,63,0.6923076923076923,0.7697151272283934,0.0,0.5,True,False,,False,1.0,,3.0,"[1.0, 10.000333444481495, 6.093031010336779, 14.271757252417473, 11.3027675891964]","[7.342614337867963, 6.333596570138041, 6.261399622515352, 6.05615488658451, 6.015635033537054]",1.9989996665555188,444.4417638077415,3.9,0.0008615593585715,0.0157563630722579,10.595950664701682,0.0005001667222406,0.0005001667222406,True,True,1.0,True,3.0,2.0,4.0,"[1.9989996665555188, 4.00166722240747, 1.0, 5.999666555518506, 14.005668556185396]","[10.595950664701682, 7.551785143461385, 6.2585920313928876, 5.807535995798183, 5.770089234447883]",16.085275694914447,5.684844459265036,0.1770573566084788,0.0024937655860349127,False,True,False,True,False,True,False,False,True,False,True,False,False,True,False,True,high_scatter,815.8214492229673,0.0321536469572723,0.25169856489306425,642.4356865485978
2439243,5,confirmed_planet_host,2.0,444.4105138077415,0.45,8.0,0.0005,747,filter,True,,True,0.0167072499170899,15.260999583173543,0.149584415834397,15.427926125004888,11.494164721573858,446.9147610324854,8.785714285714285,6.802005241839186,3.904853636856078,7,6,0.8571428571428571,2.5709163266377493,1.8735411803934643,4.747082360786929,False,False,,False,,,,"[11.494164721573858, 14.631210403467824, 14.271757252417473, 4.995998666222075, 12.796598866288765]","[6.802005241839186, 6.368224894377999, 6.116880471429052, 6.063787211849064, 5.923973950773022]",1.9989996665555188,444.4417638077415,7.5,0.000453644022748,0.0110451697301707,7.228396212396353,0.0005001667222406,0.0005001667222406,True,True,1.0,True,,3.0,4.0,"[1.9989996665555188, 14.01033677892631, 4.00166722240747, 5.999666555518506, 10.000333444481495]","[7.228396212396353, 5.915303511363868, 4.577758670810705, 3.892322416412042, 3.680824553729802]",16.085275694914447,5.684844459265036,0.39650872817955113,0.0024937655860349127,False,True,False,True,False,True,False,False,True,False,True,False,False,True,False,True,high_scatter,815.8214492229673,0.0321536469572723,0.25169856489306425,642.4356865485978
2439243,5,confirmed_planet_host,2.0,444.4105138077415,0.45,8.0,0.001,747,filter,True,,True,0.0219297918956726,16.054461625171825,0.1385532082058489,16.21568795782514,8.002334111370457,446.41885443189744,8.785714285714285,7.07619239926399,6.163000608210019,12,11,0.9166666666666666,2.0427207932763243,1.0005835278426145,3.001167055685229,False,False,,False,,,3.0,"[8.002334111370457, 11.494164721573858, 5.999666555518506, 14.631210403467824, 5.005335111703902]","[7.07619239926399, 6.766402286846257, 6.655013066295078, 6.33489242604869, 6.136067475893351]",1.9989996665555188,444.4417638077415,7.5,0.0009377056818911,0.0228309376825743,13.79111066844139,0.0005001667222406,0.0005001667222406,True,True,1.0,True,3.0,2.0,5.0,"[1.9989996665555188, 4.00166722240747, 1.0, 14.01033677892631, 5.999666555518506]","[13.79111066844139, 9.009092489267864, 7.855658078276696, 7.385001549005132, 7.233670811077539]",16.085275694914447,5.684844459265036,0.2817955112219451,0.0024937655860349127,False,True,False,True,False,True,False,False,True,False,True,False,False,True,False,True,high_scatter,815.8214492229673,0.0321536469572723,0.25169856489306425,642.4356865485978
2439243,5,confirmed_planet_host,5.0,445.7605138077415,0.45,4.0,0.001,143,filter,True,,True,0.0116465829778462,13.018376207910478,0.2635051659308374,13.294807417085394,14.631210403467824,446.4381296210537,2.7142857142857144,6.3557699008962665,6.025835002581769,6,4,0.6666666666666666,2.594732196622577,0.4631210403467823,1.9262420806935647,False,False,3.0,True,,,,"[14.631210403467824, 14.271757252417473, 4.995998666222075, 13.61353784594865, 11.494164721573858]","[6.3557699008962665, 6.104917058128835, 6.051927638506284, 5.9208143803205395, 5.89698683531901]",5.000666888962988,445.7542638077415,3.9,0.0009079383861287,0.010537253183339,6.8237024526809344,0.0001333777925976,0.0001333777925976,True,True,1.0,True,,3.0,2.0,"[5.000666888962988, 15.0, 10.000333444481495, 14.033677892630879, 13.571523841280428]","[6.8237024526809344, 6.094248769589343, 4.39634820023815, 4.031717024567316, 3.79045274182117]",16.085275694914447,5.684844459265036,0.7456359102244389,0.0024937655860349127,False,True,False,True,False,True,False,False,True,False,True,False,False,True,False,True,high_scatter,815.8214492229673,0.0321536469572723,0.25169856489306425,642.4356865485978
2439243,5,confirmed_planet_host,5.0,445.7605138077415,0.45,8.0,0.001,286,filter,True,,True,0.0190023749601095,12.89970299997367,0.0659902500919997,12.984932458028196,14.631210403467824,446.4381296210537,2.7142857142857144,6.348121380639274,6.018583525294015,6,4,0.6666666666666666,2.5916097013030814,0.4631210403467823,1.9262420806935647,False,False,3.0,True,,,,"[14.631210403467824, 14.271757252417473, 4.995998666222075, 11.494164721573858, 10.425141713904635]","[6.348121380639274, 6.097570413660196, 6.044644761394821, 5.8898904136472945, 5.860364853967617]",5.000666888962988,445.7542638077415,7.5,0.0009721228052662,0.0154584643551637,9.697989462510606,0.0001333777925976,0.0001333777925976,True,True,1.0,True,4.0,3.0,2.0,"[5.000666888962988, 14.995331777259088, 9.99566522174058, 2.4984994998332777, 1.6675558519506501]","[9.697989462510606, 7.989509723331652, 6.417568223718282, 5.807130646159073, 4.273452126633923]",16.085275694914447,5.684844459265036,0.7456359102244389,0.0024937655860349127,False,True,False,True,False,True,False,False,True,False,True,False,False,True,False,True,high_scatter,815.8214492229673,0.0321536469572723,0.25169856489306425,642.4356865485978
2439243,5,confirmed_planet_host,10.0,448.0105138077415,0.45,8.0,0.001,161,filter,True,,True,0.0192692920099943,12.479716040892528,0.1167382919229567,12.616179750068111,14.631210403467824,446.4381296210537,2.7142857142857144,6.36199022558551,6.031732423480312,6,4,0.6666666666666666,2.597271633543091,0.2684394798266088,0.4631210403467823,False,False,,False,3.0,,,"[14.631210403467824, 14.271757252417473, 4.995998666222075, 7.37679226408803, 12.796598866288765]","[6.36199022558551, 6.110891875797598, 6.0578505959912645, 5.950142649401154, 5.918174215975497]",9.99566522174058,448.02926380774153,7.5,0.0009255139442702,0.0112154804130566,7.19924148245869,0.0004334778259419,0.0004334778259419,True,True,1.0,True,2.0,,,"[9.99566522174058, 4.995998666222075, 14.995331777259088, 3.334111370456819, 14.197065688562855]","[7.19924148245869, 5.19700941117118, 3.6660528021477683, 3.281855802547585, 3.237284312190324]",16.085275694914447,5.684844459265036,0.743142144638404,0.0024937655860349127,False,True,False,True,False,True,False,False,True,False,True,False,False,True,False,True,high_scatter,815.8214492229673,0.0321536469572723,0.25169856489306425,642.4356865485978
2441495,5,confirmed_planet_host,2.0,444.41047393165206,0.45,2.0,0.0005,188,filter,True,,True,0.0184033748228102,16.017053958959877,0.2766705830581486,16.312980375019833,5.999666555518506,446.4293458372631,1.5,11.997705829539992,10.504029866941895,16,16,1.0,2.999426457384998,0.4999166388796265,1.9998332777592531,False,False,,False,2.0,3.0,1.0,"[5.999666555518506, 1.0, 3.996998999666556, 12.003001000333445, 10.000333444481495]","[11.997705829539992, 10.697316958364523, 9.490587294366811, 8.483659150749101, 8.470365690310482]",1.9989996665555188,444.4292239316521,2.7,0.000347073351548,0.0053325723637763,6.797252873274165,0.0005001667222406,0.0005001667222406,True,True,1.0,True,3.0,2.0,5.0,"[1.9989996665555188, 4.00166722240747, 1.0, 12.003001000333445, 5.999666555518506]","[6.797252873274165, 4.726857894712144, 4.275684960038299, 3.6785192992000275, 3.598953989426118]",16.085275694914447,5.684844459265036,0.032418952618453865,0.0024937655860349127,False,True,False,True,False,True,False,False,True,False,True,False,False,True,False,True,low_scatter,313.5617282104444,0.0321536469572723,0.6591995947594694,156.73928131019386
2441495,5,confirmed_planet_host,2.0,444.41047393165206,0.45,2.0,0.001,188,filter,True,,True,0.0302201670128852,17.226899084169418,0.1445702079217881,17.402359833940864,5.999666555518506,446.4293458372631,1.5,21.87233417064305,19.14422791304168,16,16,1.0,5.468083542660763,0.4999166388796265,1.9998332777592531,False,False,,False,3.0,2.0,1.0,"[5.999666555518506, 4.00166722240747, 1.0, 8.002334111370457, 10.000333444481495]","[21.87233417064305, 18.322180135869253, 17.246757989140228, 16.882578071498354, 15.885234428045543]",1.9989996665555188,444.4292239316521,2.7,0.0007103649690214,0.0109143285853061,12.834036916153543,0.0005001667222406,0.0005001667222406,True,True,1.0,True,3.0,2.0,4.0,"[1.9989996665555188, 4.00166722240747, 1.0, 5.999666555518506, 7.997665888629544]","[12.834036916153545, 8.833668010283462, 8.528016773234953, 7.158279081104207, 6.089567652675127]",16.085275694914447,5.684844459265036,0.004987531172069825,0.0024937655860349127,True,True,False,True,False,True,False,False,True,False,True,False,False,True,False,True,low_scatter,313.5617282104444,0.0321536469572723,0.6591995947594694,156.73928131019386
2441495,5,confirmed_planet_host,2.0,444.41047393165206,0.45,4.0,0.0005,372,filter,True,,True,0.0193984580691903,12.135816750116646,0.1335950838401913,12.289499500067905,5.999666555518506,446.41871998805715,3.928571428571429,12.87912793302209,10.68971489429476,16,15,0.9375,3.2197819832555226,0.4999166388796265,1.9998332777592531,False,False,,False,2.0,3.0,1.0,"[5.999666555518506, 1.0, 4.00166722240747, 9.001333777925977, 10.000333444481495]","[12.87912793302209, 12.612104635904105, 11.02376595058101, 10.66549875742795, 9.967007245098452]",1.9989996665555188,444.4292239316521,3.9,0.0004388934048308,0.0080265669077049,9.205980315534386,0.0005001667222406,0.0005001667222406,True,True,1.0,True,3.0,2.0,4.0,"[1.9989996665555188, 4.00166722240747, 1.0, 5.999666555518506, 11.998332777592532]","[9.205980315534386, 6.4404906647867675, 6.039464861452949, 5.1052574233606105, 4.817443157524526]",16.085275694914447,5.684844459265036,0.032418952618453865,0.0024937655860349127,False,True,False,True,False,True,False,False,True,False,True,False,False,True,False,True,low_scatter,313.5617282104444,0.0321536469572723,0.6591995947594694,156.73928131019386
2441495,5,confirmed_planet_host,2.0,444.41047393165206,0.45,4.0,0.001,372,filter,True,,True,0.0169466661754995,12.863765582907943,0.1535022500902414,13.034896082943304,5.999666555518506,446.41871998805715,3.928571428571429,26.198416815882094,21.50673758809575,16,15,0.9375,6.5496042039705245,0.4999166388796265,1.9998332777592531,False,False,,False,,2.0,1.0,"[5.999666555518506, 4.00166722240747, 9.001333777925977, 8.002334111370457, 10.000333444481495]","[26.198416815882098, 24.73382720282806, 20.633096934387602, 19.963072968318713, 19.36647292052713]",1.9989996665555188,444.4292239316521,3.9,0.0009020438190853,0.0164967506640043,15.991382652475547,0.0005001667222406,0.0005001667222406,True,True,1.0,True,3.0,2.0,4.0,"[1.9989996665555188, 4.00166722240747, 1.0, 5.999666555518506, 8.002334111370457]","[15.991382652475547, 11.088130236253926, 10.824813175635978, 9.16749137460958, 7.456681934136098]",16.085275694914447,5.684844459265036,0.004987531172069825,0.0024937655860349127,True,True,False,True,False,True,False,False,True,False,True,False,False,True,False,True,low_scatter,313.5617282104444,0.0321536469572723,0.6591995947594694,156.73928131019386
2441495,5,confirmed_planet_host,2.0,444.41047393165206,0.45,8.0,0.0005,747,filter,True,,True,0.0207670840900391,14.550301250070332,0.2240363338496536,14.795768291922286,5.999666555518506,444.3119054007684,2.7142857142857144,10.609633387789996,8.890953642343755,15,15,1.0,2.7393955613517886,0.4999166388796265,1.9998332777592531,False,False,,False,4.0,3.0,1.0,"[5.999666555518506, 12.003001000333445, 4.00166722240747, 1.0, 8.002334111370457]","[10.609633387789996, 9.568722435681856, 9.303091212921833, 8.81227922587109, 8.746391304609537]",1.9989996665555188,444.4292239316521,8.700000000000001,0.0004483821989722,0.0115514983386789,12.31740636810304,0.0005001667222406,0.0005001667222406,True,True,1.0,True,3.0,2.0,4.0,"[1.9989996665555188, 4.00166722240747, 1.0, 5.999666555518506, 11.998332777592532]","[12.317406368103041, 7.960008948741315, 6.942423909375358, 6.47208916432696, 6.116519315832113]",16.085275694914447,5.684844459265036,0.034912718204488775,0.0024937655860349127,False,True,False,True,False,True,False,False,True,False,True,False,False,True,False,True,low_scatter,313.5617282104444,0.0321536469572723,0.6591995947594694,156.73928131019386
2441495,5,confirmed_planet_host,2.0,444.41047393165206,0.45,8.0,0.001,747,filter,True,,True,0.0322147500701248,14.264484707964584,0.1490421250928193,14.446362583199516,1.0,444.3625409017177,5.142857142857142,17.80252213257308,14.864530604046374,91,65,0.7142857142857143,1.8662114006982709,0.0,0.5,True,False,,False,1.0,2.0,3.0,"[1.0, 4.00166722240747, 5.999666555518506, 8.002334111370457, 12.003001000333445]","[17.80252213257308, 17.505546290197373, 17.503341476285488, 15.262103750872798, 13.98583785606424]",1.9989996665555188,444.4292239316521,7.5,0.0009604331751825,0.0233571850853054,20.26822008175377,0.0005001667222406,0.0005001667222406,True,True,1.0,True,3.0,2.0,4.0,"[1.9989996665555188, 4.00166722240747, 1.0, 5.999666555518506, 7.997665888629544]","[20.26822008175377, 13.340874721590735, 12.00191094914222, 10.872525073051396, 9.049147814779172]",16.085275694914447,5.684844459265036,0.004987531172069825,0.0024937655860349127,True,True,True,True,False,True,True,False,False,False,True,False,False,True,False,True,low_scatter,313.5617282104444,0.0321536469572723,0.6591995947594694,156.73928131019386
2441495,5,confirmed_planet_host,5.0,445.7604739316521,0.45,4.0,0.0005,143,filter,True,,True,0.0166734578087925,12.68193058297038,0.1338115001562982,12.833091540960597,5.000666888962988,445.76610188179495,3.928571428571429,14.224688795220093,13.85955309966425,16,16,1.0,3.556172198805023,0.0001333777925976,0.0001333777925976,True,True,1.0,True,5.0,2.0,3.0,"[5.000666888962988, 10.000333444481495, 15.0, 12.493164388129378, 2.4984994998332777]","[14.224688795220093, 10.645262448196425, 10.067600854426711, 8.243426057339704, 6.521526459483575]",5.000666888962988,445.75422393165206,3.9,0.0005653969816415,0.0065618231761901,7.644278078329216,0.0001333777925976,0.0001333777925976,True,True,1.0,True,2.0,3.0,4.0,"[5.000666888962988, 2.4984994998332777, 10.000333444481495, 15.0, 12.49783261087029]","[7.644278078329216, 5.20316165392574, 4.93326415065495, 4.630665439648193, 3.678120517862825]",16.085275694914447,5.684844459265036,0.022443890274314215,0.0024937655860349127,False,True,False,True,False,True,False,False,True,False,True,False,False,True,False,True,low_scatter,313.5617282104444,0.0321536469572723,0.6591995947594694,156.73928131019386
2441495,5,confirmed_planet_host,5.0,445.7604739316521,0.45,8.0,0.0005,287,filter,True,,True,0.0155268341768533,16.953602582914755,0.1450202499981969,17.115088749909773,15.0,445.783332992396,7.571428571428571,8.59846031654011,7.263274040919061,6,6,1.0,3.510306724848866,0.5,2.0,False,False,3.0,True,,2.0,1.0,"[15.0, 9.99566522174058, 5.000666888962988, 12.493164388129378, 5.962320773591197]","[8.59846031654011, 8.58607357547709, 7.993449415190473, 7.285395272442611, 6.380769812792804]",5.000666888962988,445.7667239316521,7.5,0.0005441049398133,0.0086522266240519,8.348087884146334,0.0001333777925976,0.0001333777925976,True,True,1.0,True,2.0,3.0,4.0,"[5.000666888962988, 2.4984994998332777, 10.000333444481495, 15.0, 1.6675558519506501]","[8.348087884146334, 5.467339896406133, 5.453754703821076, 5.3842637102801, 3.1662763680247363]",16.085275694914447,5.684844459265036,0.07231920199501247,0.0024937655860349127,False,True,False,True,False,True,False,False,True,False,True,False,False,True,False,True,low_scatter,313.5617282104444,0.0321536469572723,0.6591995947594694,156.73928131019386
2441495,5,confirmed_planet_host,10.0,448.0104739316521,0.45,8.0,0.0005,161,filter,True,,True,0.0589732090011239,15.949361291946843,0.1365337911993265,16.145629291888326,12.49783261087029,450.801507367208,1.5,7.317676920606942,7.033915111547043,6,6,1.0,2.98742909300465,0.249783261087029,0.249783261087029,False,False,2.0,True,,,,"[12.49783261087029, 9.990996998999668, 14.901967322440814, 5.962320773591197, 11.638879626542181]","[7.317676920606942, 6.790779255067672, 6.586933601136872, 6.409043057882647, 6.189846730770991]",10.000333444481496,448.0167239316521,7.5,0.0004367904396532,0.0052762434683389,5.782038962910706,3.33444481494638e-05,3.33444481494638e-05,True,True,1.0,True,2.0,,,"[10.000333444481495, 5.000666888962988, 14.995331777259088, 14.005668556185396, 11.988996332110704]","[5.782038962910706, 4.267990891208669, 2.9397103163438625, 2.812042524528854, 2.719692431185566]",16.085275694914447,5.684844459265036,0.18453865336658354,0.007481296758104738,False,True,False,True,False,True,False,False,True,False,True,False,False,True,False,True,low_scatter,313.5617282104444,0.0321536469572723,0.6591995947594694,156.73928131019386
2441495,5,confirmed_planet_host,10.0,448.0104739316521,0.45,8.0,0.001,161,filter,True,,True,0.0193517089355736,12.914344083052129,0.1522621251642704,13.08663716702722,10.000333444481496,448.0343945176212,7.571428571428571,14.26543609048094,12.894573230999152,9,9,1.0,4.7551453634936465,3.33444481494638e-05,3.33444481494638e-05,True,True,1.0,True,3.0,,,"[10.000333444481495, 14.995331777259088, 5.000666888962988, 12.49783261087029, 5.962320773591197]","[14.26543609048094, 9.532615569989314, 9.129169289365677, 7.297837798032758, 6.391667353517987]",10.000333444481496,448.0167239316521,7.5,0.0009356367709869,0.0113020958187089,9.285322614872548,3.33444481494638e-05,3.33444481494638e-05,True,True,1.0,True,2.0,,,"[10.000333444481495, 5.000666888962988, 3.334111370456819, 15.0, 2.4984994998332777]","[9.285322614872548, 6.532688612908838, 4.700274465934726, 4.005334359696307, 3.9565594010522696]",16.085275694914447,5.684844459265036,0.022443890274314215,0.0024937655860349127,False,True,False,True,False,True,False,False,True,False,True,False,False,True,False,True,low_scatter,313.5617282104444,0.0321536469572723,0.6591995947594694,156.73928131019386
2442448,5,confirmed_planet_host,2.0,444.4104573531789,0.45,2.0,0.0005,188,filter,True,,True,0.0186415829230099,15.132201875094324,0.2155681250151246,15.36735829198733,1.0,444.5102709194393,6.357142857142858,7.513593454348573,5.6628245023987605,91,63,0.6923076923076923,0.7876386087486669,0.0,0.5,True,False,,False,1.0,,,"[1.0, 10.387795931977326, 13.590196732244083, 14.019673224408137, 7.829609869956653]","[7.513593454348573, 7.104737339050114, 6.337068755509752, 6.307365809073017, 6.285112032262181]",1.9989996665555188,444.4292073531789,2.7,0.000388031150378,0.0059618641983346,17.7607065708463,0.0005001667222406,0.0005001667222406,True,True,1.0,True,3.0,2.0,4.0,"[1.9989996665555188, 4.00166722240747, 1.0, 5.999666555518506, 8.002334111370457]","[17.7607065708463, 12.509096501272587, 11.109648579937772, 9.588195678690354, 9.342936795415778]",16.085275694914447,5.684844459265036,0.14713216957605985,0.0024937655860349127,False,True,False,True,False,True,False,False,True,False,True,False,False,True,False,True,lowest_scatter,254.40492110314065,0.0321536469572723,0.09405826183159115,234.17823467877648
2442448,5,confirmed_planet_host,2.0,444.4104573531789,0.45,2.0,0.001,188,filter,True,,True,0.0250045829452574,14.747033291961998,0.1511037088930606,14.923991082934664,4.00166722240747,446.41026706327864,1.5,14.406794154215326,12.550804683007142,23,21,0.9130434782608696,3.004024241507099,0.0004168056018674,1.0008336112037348,True,False,,False,4.0,1.0,2.0,"[4.00166722240747, 5.999666555518506, 8.002334111370457, 1.0, 10.999333111037013]","[14.406794154215326, 13.320331520163377, 10.844320805614913, 10.737504837712102, 9.779029250312883]",1.9989996665555188,444.4292073531789,2.7,0.0007513227678514,0.0115436204198645,26.73957312816184,0.0005001667222406,0.0005001667222406,True,True,1.0,True,3.0,2.0,4.0,"[1.9989996665555188, 4.00166722240747, 1.0, 5.999666555518506, 8.002334111370457]","[26.73957312816184, 19.157468545806204, 17.67181205270912, 14.96324157610448, 14.182327347653937]",16.085275694914447,5.684844459265036,0.0199501246882793,0.0024937655860349127,False,True,False,True,False,True,False,False,True,False,True,False,False,True,False,True,lowest_scatter,254.40492110314065,0.0321536469572723,0.09405826183159115,234.17823467877648
2442448,5,confirmed_planet_host,2.0,444.4104573531789,0.45,4.0,0.0005,372,filter,True,,True,0.0130380420014262,14.809632499935104,0.1419009999372065,14.96524720801972,1.0,444.41885935481343,3.928571428571429,9.305455449402302,11.4751515251519,91,71,0.7802197802197802,0.9754767846399778,0.0,0.5,True,False,,False,1.0,,2.0,"[1.0, 5.999666555518506, 10.000333444481495, 7.997665888629544, 9.001333777925977]","[9.305455449402302, 9.045188660192492, 8.667018640763413, 8.305258403688812, 7.5123888850859535]",1.9989996665555188,444.4292073531789,3.9,0.0004841156734788,0.0088536004448372,23.009199085540185,0.0005001667222406,0.0005001667222406,True,True,1.0,True,3.0,2.0,4.0,"[1.9989996665555188, 4.00166722240747, 1.0, 5.999666555518506, 8.002334111370457]","[23.009199085540185, 15.930782941231598, 15.494731587323175, 13.210590319083881, 11.559507692215549]",16.085275694914447,5.684844459265036,0.059850374064837904,0.0024937655860349127,False,True,False,True,False,True,False,False,True,False,True,False,False,True,False,True,lowest_scatter,254.40492110314065,0.0321536469572723,0.09405826183159115,234.17823467877648
2442448,5,confirmed_planet_host,2.0,444.4104573531789,0.45,4.0,0.001,372,filter,True,,True,0.0170481661334633,12.861092125065625,0.1351058748550713,13.013790583005177,1.0,444.41885935481343,3.928571428571429,16.898345002217727,21.19238787784012,91,72,0.7912087912087912,1.7714278831520454,0.0,0.5,True,False,,False,1.0,4.0,2.0,"[1.0, 5.999666555518506, 10.000333444481495, 4.00166722240747, 9.001333777925977]","[16.898345002217727, 16.549467920709446, 15.27545398694285, 14.846418293644918, 14.138177486438767]",1.9989996665555188,444.4292073531789,3.9,0.0009472660877333,0.0173237842011366,31.31775948713605,0.0005001667222406,0.0005001667222406,True,True,1.0,True,3.0,2.0,4.0,"[1.9989996665555188, 4.00166722240747, 1.0, 5.999666555518506, 8.002334111370457]","[31.31775948713605, 21.648908929581165, 21.402285609449475, 18.25359207057581, 15.703104189694749]",16.085275694914447,5.684844459265036,0.007481296758104738,0.0024937655860349127,True,True,True,True,False,True,True,False,False,False,True,False,False,True,False,True,lowest_scatter,254.40492110314065,0.0321536469572723,0.09405826183159115,234.17823467877648
2442448,5,confirmed_planet_host,2.0,444.4104573531789,0.45,8.0,0.0005,747,filter,True,,True,0.0160797501448541,13.112840459216386,0.1375258341431617,13.267112999921665,13.99633211070357,452.39826933710543,6.357142857142858,7.630598977840459,5.164457650479216,7,6,0.8571428571428571,2.884095321404217,2.4990830276758924,5.998166055351785,False,False,,False,,,2.0,"[13.99633211070357, 5.999666555518506, 9.98166055351784, 10.089029676558853, 12.003001000333445]","[7.630598977840459, 7.326126862770689, 6.803928525978613, 6.427588314136762, 6.2537504980869]",1.9989996665555188,444.4292073531789,7.5,0.0005033418644845,0.0122409860401943,29.381821199492023,0.0005001667222406,0.0005001667222406,True,True,1.0,True,3.0,2.0,4.0,"[1.9989996665555188, 4.00166722240747, 1.0, 5.999666555518506, 7.997665888629544]","[29.381821199492023, 19.848871718657875, 17.612239225434468, 16.229773439683346, 13.67727656587377]",16.085275694914447,5.684844459265036,0.12718204488778054,0.0024937655860349127,False,True,False,True,False,True,False,False,True,False,True,False,False,True,False,True,lowest_scatter,254.40492110314065,0.0321536469572723,0.09405826183159115,234.17823467877648
2442448,5,confirmed_planet_host,2.0,444.4104573531789,0.45,8.0,0.001,747,filter,True,,True,0.0181107078678905,11.426397500094026,0.1369326668791473,11.581994500011206,8.002334111370457,446.4187979681381,8.785714285714285,11.873130288579596,9.967352012385785,12,12,1.0,3.427477484117465,1.0005835278426145,3.001167055685229,False,False,,False,3.0,4.0,2.0,"[8.002334111370457, 5.999666555518506, 1.0, 4.00166722240747, 10.000333444481495]","[11.873130288579597, 11.820827295614215, 11.714702178238765, 10.929038371033352, 10.573148787085584]",1.9989996665555188,444.4292073531789,7.5,0.0009888096196998,0.0240472839737871,37.07577655732062,0.0005001667222406,0.0005001667222406,True,True,1.0,True,3.0,2.0,4.0,"[1.9989996665555188, 4.00166722240747, 1.0, 5.999666555518506, 7.997665888629544]","[37.07577655732062, 24.93304121357195, 22.635249654946602, 20.447131964201912, 17.24828146316903]",16.085275694914447,5.684844459265036,0.032418952618453865,0.0024937655860349127,False,True,False,True,False,True,False,False,True,False,True,False,False,True,False,True,lowest_scatter,254.40492110314065,0.0321536469572723,0.09405826183159115,234.17823467877648
2442448,5,confirmed_planet_host,5.0,445.76045735317894,0.45,2.0,0.0005,71,filter,True,,True,0.0166404999326914,17.517254625214264,0.1703199590556323,17.705133167095482,5.000666888962988,445.77672271856505,1.5,7.480705564994908,6.666178820430603,18,16,0.8888888888888888,1.7632192110226144,0.0001333777925976,0.0001333777925976,True,True,1.0,True,,3.0,,"[5.000666888962988, 4.389129709903301, 10.000333444481495, 13.590196732244083, 12.24108036012004]","[7.480705564994908, 6.71911013360372, 6.579373971796236, 6.472495899780092, 6.263983908406036]",5.000666888962988,445.7542073531789,2.7,0.0003436188375143,0.0033474563077435,9.724523912092964,0.0001333777925976,0.0001333777925976,True,True,1.0,True,3.0,2.0,4.0,"[5.000666888962988, 9.99566522174058, 2.4984994998332777, 14.990663554518173, 10.94331443814605]","[9.724523912092963, 7.710356065619813, 5.777992416568244, 4.999201831383917, 4.21010137221764]",16.085275694914447,5.684844459265036,0.14713216957605985,0.0024937655860349127,False,True,False,True,False,True,False,False,True,False,True,False,False,True,False,True,lowest_scatter,254.40492110314065,0.0321536469572723,0.09405826183159115,234.17823467877648
2442448,5,confirmed_planet_host,5.0,445.76045735317894,0.45,2.0,0.001,71,filter,True,,True,0.0502739159855991,15.608511291211473,0.1366873749066144,15.796040500048548,5.000666888962988,445.77672271856505,1.5,13.853214624135,13.03677464821644,18,18,1.0,3.2652340006528364,0.0001333777925976,0.0001333777925976,True,True,1.0,True,5.0,2.0,3.0,"[5.000666888962988, 10.000333444481495, 15.0, 7.502834278092698, 2.4984994998332777]","[13.853214624135001, 11.580817268649838, 9.497572941750839, 7.197542216558129, 7.01681787784705]",5.000666888962988,445.7542073531789,2.7,0.0007095982189576,0.0069127439321895,20.876436708312077,0.0001333777925976,0.0001333777925976,True,True,1.0,True,3.0,2.0,4.0,"[5.000666888962988, 9.99566522174058, 2.4984994998332777, 14.995331777259088, 1.6675558519506501]","[20.876436708312077, 15.296425317374926, 12.51178500916009, 11.274381381607695, 9.17734062942765]",16.085275694914447,5.684844459265036,0.022443890274314215,0.0024937655860349127,False,True,False,True,False,True,False,False,True,False,True,False,False,True,False,True,lowest_scatter,254.40492110314065,0.0321536469572723,0.09405826183159115,234.17823467877648
2442448,5,confirmed_planet_host,5.0,445.76045735317894,0.45,4.0,0.0005,143,filter,True,,True,0.0166473339777439,11.26701316703111,0.1318646247964352,11.416126833064482,15.0,455.7823554344442,3.928571428571429,6.652887116079833,5.175613408484165,5,5,1.0,2.975261567637408,0.5,2.0,False,False,,False,,,1.0,"[15.0, 10.639879959986663, 7.7035678559519845, 13.590196732244083, 12.24108036012004]","[6.652887116079833, 6.573043067279902, 6.535445764924272, 6.434091699546158, 6.2593213536301855]",5.000666888962988,445.7542073531789,3.9,0.0004622417122168,0.0053646349002784,15.43971102467794,0.0001333777925976,0.0001333777925976,True,True,1.0,True,4.0,2.0,3.0,"[5.000666888962988, 10.000333444481495, 15.0, 2.4984994998332777, 1.6675558519506501]","[15.43971102467794, 9.906136601423293, 8.230717569249354, 8.079572885587158, 5.197728640494756]",16.085275694914447,5.684844459265036,0.49625935162094764,0.0024937655860349127,False,True,False,True,False,True,False,False,True,False,True,False,False,True,False,True,lowest_scatter,254.40492110314065,0.0321536469572723,0.09405826183159115,234.17823467877648
2442448,5,confirmed_planet_host,5.0,445.76045735317894,0.45,4.0,0.001,143,filter,True,,True,0.0157985419500619,16.580022000009194,0.1455028750933706,16.742161167087033,5.000666888962988,445.7660853008771,3.928571428571429,14.517288210059425,14.456202327812951,16,16,1.0,3.629322052514856,0.0001333777925976,0.0001333777925976,True,True,1.0,True,,2.0,3.0,"[5.000666888962988, 10.000333444481495, 14.995331777259088, 10.639879959986663, 13.590196732244083]","[14.517288210059423, 11.429061719209782, 9.945724540357261, 6.615714367731027, 6.391670292378414]",5.000666888962988,445.7542073531789,3.9,0.0009543571776907,0.0110759753770759,23.446310992241155,0.0001333777925976,0.0001333777925976,True,True,1.0,True,3.0,2.0,4.0,"[5.000666888962988, 10.000333444481495, 2.4984994998332777, 15.0, 1.6675558519506501]","[23.446310992241155, 15.513400556547085, 13.56605217974499, 12.968170694949537, 9.80983143995724]",16.085275694914447,5.684844459265036,0.017456359102244388,0.0024937655860349127,False,True,False,True,False,True,False,False,True,False,True,False,False,True,False,True,lowest_scatter,254.40492110314065,0.0321536469572723,0.09405826183159115,234.17823467877648
2442448,5,confirmed_planet_host,5.0,445.76045735317894,0.45,8.0,0.0005,287,filter,True,,True,0.0188003340736031,19.406774875009432,0.2519381248857826,19.678287625079975,12.24108036012004,452.7986561410157,3.928571428571429,6.261354512781831,4.211079084578892,7,6,0.8571428571428571,2.3665695587475315,0.224108036012004,1.448216072024008,False,False,,False,,2.0,,"[12.24108036012004, 9.98166055351784, 13.431477159053019, 5.425475158386129, 7.950983661220407]","[6.261354512781831, 6.2371569315713105, 6.1729164239913255, 6.152183694628812, 6.03010943649089]",5.000666888962988,445.7542073531789,7.5,0.0005012517115597,0.0079707848371986,18.06928523816864,0.0001333777925976,0.0001333777925976,True,True,1.0,True,3.0,2.0,4.0,"[5.000666888962988, 10.000333444481495, 2.4984994998332777, 15.0, 1.6675558519506501]","[18.06928523816864, 11.90965846359224, 10.688581246072728, 10.13651004864423, 6.675127827831554]",16.085275694914447,5.684844459265036,0.8154613466334164,0.0024937655860349127,False,True,False,True,False,True,False,False,True,False,True,False,False,True,False,True,lowest_scatter,254.40492110314065,0.0321536469572723,0.09405826183159115,234.17823467877648
2442448,5,confirmed_planet_host,5.0,445.76045735317894,0.45,8.0,0.001,287,filter,True,,True,0.0331819579005241,17.926029124995694,0.150167082902044,18.110304499976337,5.000666888962988,445.7807455022367,7.571428571428571,13.960896962092509,12.753657652465751,18,17,0.9444444444444444,3.290614971114094,0.0001333777925976,0.0001333777925976,True,True,1.0,True,5.0,3.0,4.0,"[5.000666888962988, 7.498166055351785, 10.000333444481495, 15.0, 2.4984994998332777]","[13.960896962092507, 11.198631777252267, 10.376186261372123, 9.207067381785654, 6.329853630716068]",5.000666888962988,445.7542073531789,7.5,0.000999116986702,0.0158877193723917,22.9482046249134,0.0001333777925976,0.0001333777925976,True,True,1.0,True,3.0,2.0,4.0,"[5.000666888962988, 10.000333444481495, 2.4984994998332777, 15.0, 1.6675558519506501]","[22.948204624913398, 15.369855181959, 14.215729075382962, 12.782584671937938, 9.905482480307933]",16.085275694914447,5.684844459265036,0.022443890274314215,0.0024937655860349127,False,True,False,True,False,True,False,False,True,False,True,False,False,True,False,True,lowest_scatter,254.40492110314065,0.0321536469572723,0.09405826183159115,234.17823467877648
2442448,5,confirmed_planet_host,10.0,448.01045735317894,0.45,2.0,0.0005,40,filter,True,,True,0.0238174169789999,14.732192707946524,0.1436647500377148,14.90043166698888,13.590196732244085,445.1040973614076,6.357142857142858,6.474789738698818,5.025159066461568,7,5,0.7142857142857143,2.4472404914328507,0.3204901633877958,0.3590196732244083,False,False,3.0,True,,,,"[13.590196732244083, 12.24108036012004, 9.98166055351784, 13.431477159053019, 7.950983661220407]","[6.474789738698818, 6.298913904904685, 6.274571171963935, 6.209945310957717, 6.066281680756334]",10.000333444481496,448.01670735317896,1.5,0.0004787851181065,0.0026565339624161,7.996794041670262,3.33444481494638e-05,3.33444481494638e-05,True,True,1.0,True,,,,"[10.000333444481495, 10.94331443814605, 3.334111370456819, 5.472157385795265, 8.473824608202735]","[7.996794041670262, 4.4325082932077144, 4.23846642282474, 3.7647855473076257, 3.7315162511881903]",16.085275694914447,5.684844459265036,0.6483790523690773,0.0024937655860349127,False,True,False,True,False,True,False,False,True,False,True,False,False,True,False,True,lowest_scatter,254.40492110314065,0.0321536469572723,0.09405826183159115,234.17823467877648
2442448,5,confirmed_planet_host,10.0,448.01045735317894,0.45,2.0,0.001,40,filter,True,,True,0.0182682909071445,13.55400966689922,0.1256351668853312,13.698364707874134,10.000333444481496,448.0305933193116,1.5,10.142163593358331,10.836914386760126,10,10,1.0,3.2072337357050102,3.33444481494638e-05,3.33444481494638e-05,True,True,1.0,True,,,,"[10.000333444481495, 10.812604201400468, 13.590196732244083, 12.24108036012004, 13.431477159053019]","[10.142163593358331, 6.438639239708505, 6.432835426144014, 6.258099204599795, 6.1697070951949735]",10.000333444481496,448.01670735317896,1.5,0.0009777747903113,0.0054251726710481,17.56038629469326,3.33444481494638e-05,3.33444481494638e-05,True,True,1.0,True,2.0,,,"[10.000333444481495, 5.000666888962988, 3.334111370456819, 2.4984994998332777, 14.995331777259088]","[17.56038629469326, 10.090324674071208, 9.471633711292597, 7.192575565510203, 6.961966350850535]",16.085275694914447,5.684844459265036,0.04239401496259352,0.0024937655860349127,False,True,False,True,False,True,False,False,True,False,True,False,False,True,False,True,lowest_scatter,254.40492110314065,0.0321536469572723,0.09405826183159115,234.17823467877648
2442448,5,confirmed_planet_host,10.0,448.01045735317894,0.45,4.0,0.0005,81,filter,True,,True,0.0137488751206547,9.94928262499161,0.3354303748346865,10.299319209065288,10.000333444481496,448.01983681848367,3.928571428571429,6.986462164400257,6.815436938804055,9,9,1.0,2.3288207214667525,3.33444481494638e-05,3.33444481494638e-05,True,True,1.0,True,,,,"[10.000333444481495, 13.590196732244083, 12.24108036012004, 13.431477159053019, 7.950983661220407]","[6.986462164400257, 6.4453465269032835, 6.270270464164752, 6.181706442607072, 6.038696102915813]",10.000333444481496,448.0042073531789,3.9,0.0004705711037609,0.0041196740698497,12.883156747317992,3.33444481494638e-05,3.33444481494638e-05,True,True,1.0,True,2.0,,,"[10.000333444481495, 5.000666888962988, 3.334111370456819, 15.0, 2.5031677225741915]","[12.883156747317992, 7.652978708356802, 6.318486904581363, 5.3793064777235555, 5.212141710276651]",16.085275694914447,5.684844459265036,0.2967581047381546,0.0024937655860349127,False,True,False,True,False,True,False,False,True,False,True,False,False,True,False,True,lowest_scatter,254.40492110314065,0.0321536469572723,0.09405826183159115,234.17823467877648
2442448,5,confirmed_planet_host,10.0,448.01045735317894,0.45,4.0,0.001,81,filter,True,,True,0.018347084056586,12.256460958858952,0.0568698749411851,12.331896541872991,10.000333444481496,448.01983681848367,3.928571428571429,13.869521987227472,13.117072026387005,9,9,1.0,4.623173995742491,3.33444481494638e-05,3.33444481494638e-05,True,True,1.0,True,,,,"[10.000333444481495, 14.995331777259088, 13.333444481493832, 13.590196732244083, 12.24108036012004]","[13.869521987227472, 8.654467967025045, 6.433765623056047, 6.429900767568861, 6.255244260663208]",10.000333444481496,448.0042073531789,3.9,0.000963707023888,0.0084368946701417,20.53585305455783,3.33444481494638e-05,3.33444481494638e-05,True,True,1.0,True,2.0,,,"[10.000333444481495, 5.000666888962988, 3.334111370456819, 2.4984994998332777, 15.0]","[20.53585305455783, 13.489158147293875, 10.42780881134939, 8.886336240584049, 8.76584372032963]",16.085275694914447,5.684844459265036,0.022443890274314215,0.0024937655860349127,False,True,False,True,False,True,False,False,True,False,True,False,False,True,False,True,lowest_scatter,254.40492110314065,0.0321536469572723,0.09405826183159115,234.17823467877648
2442448,5,confirmed_planet_host,10.0,448.01045735317894,0.45,8.0,0.0005,161,filter,True,,True,0.0065492920111864,14.01896141609177,0.1086580420378595,14.134764834074304,7.703567855951984,443.91389172927234,5.142857142857142,6.582036030043419,3.6501444712435385,13,9,0.6923076923076923,1.8255283387133063,0.2296432144048015,0.2296432144048015,False,False,5.0,True,,,,"[7.7035678559519845, 8.91730576858953, 13.590196732244083, 12.24108036012004, 9.98166055351784]","[6.582036030043419, 6.546138298940477, 6.479959425920938, 6.303943167018448, 6.279580998031043]",10.000333444481496,448.01670735317896,7.5,0.0004937375502692,0.0059641404394049,14.981321960984532,3.33444481494638e-05,3.33444481494638e-05,True,True,1.0,True,2.0,,,"[10.000333444481495, 5.000666888962988, 3.334111370456819, 2.4984994998332777, 14.995331777259088]","[14.981321960984532, 9.167322842275787, 7.018455250802539, 6.360070488413476, 6.204428590057289]",16.085275694914447,5.684844459265036,0.5635910224438903,0.0024937655860349127,False,True,False,True,False,True,False,False,True,False,True,False,False,True,False,True,lowest_scatter,254.40492110314065,0.0321536469572723,0.09405826183159115,234.17823467877648
2442448,5,confirmed_planet_host,10.0,448.01045735317894,0.45,8.0,0.001,161,filter,True,,True,0.0132572499569505,9.352650332963094,0.1042941669002175,9.470603875117376,10.000333444481496,448.0343779367033,7.571428571428571,10.264987619640872,9.998119420609315,9,9,1.0,3.4216625398802907,3.33444481494638e-05,3.33444481494638e-05,True,True,1.0,True,,,,"[10.000333444481495, 14.995331777259088, 11.629543181060354, 8.91730576858953, 13.590196732244083]","[10.264987619640872, 7.446420299600133, 6.545365151654811, 6.517166287338625, 6.451280309914834]",10.000333444481496,448.01670735317896,7.5,0.0009925838816028,0.0119899927897749,18.395950702391374,3.33444481494638e-05,3.33444481494638e-05,True,True,1.0,True,2.0,,,"[10.000333444481495, 5.000666888962988, 3.334111370456819, 2.4984994998332777, 15.0]","[18.395950702391374, 12.032018551155023, 9.22486835237973, 7.960734781985511, 7.60641128612916]",16.085275694914447,5.684844459265036,0.04239401496259352,0.0024937655860349127,False,True,False,True,False,True,False,False,True,False,True,False,False,True,False,True,lowest_scatter,254.40492110314065,0.0321536469572723,0.09405826183159115,234.17823467877648
2444412,5,confirmed_planet_host,2.0,444.410425314751,0.45,4.0,0.001,372,filter,True,,True,0.0169045419897884,12.694767208071426,0.133738457923755,12.845960832899436,5.999666555518506,446.4186713635891,3.928571428571429,45.07787034644126,37.824310244718994,16,15,0.9375,11.269467586610316,0.4999166388796265,1.9998332777592531,False,False,,False,,5.0,1.0,"[5.999666555518506, 8.002334111370457, 9.001333777925977, 10.000333444481495, 4.00166722240747]","[45.07787034644126, 38.207969025375995, 36.330090817198204, 35.12267681972709, 33.178281757897345]",1.9989996665555188,444.42917531475103,3.9,0.000939336434093,0.0171787651719192,5.7805421053693715,0.0005001667222406,0.0005001667222406,True,True,1.0,True,4.0,2.0,,"[1.9989996665555188, 4.00166722240747, 12.012337445815273, 1.0, 14.001000333444482]","[5.7805421053693715, 3.8410596757726667, 3.816312429832646, 3.656083170573441, 3.33728437840664]",16.085275694914447,5.684844459265036,0.0024937655860349127,0.007481296758104738,True,True,False,True,False,True,False,False,True,False,True,False,False,True,False,True,high_scatter,1105.0141019134894,0.0321536469572723,0.9909382285573693,93.66421297026582
2444412,5,confirmed_planet_host,2.0,444.410425314751,0.45,8.0,0.001,747,filter,True,,True,0.0068508749827742,15.248797082807869,0.2408699169754982,15.497390500037,4.00166722240747,446.4142230979541,7.571428571428571,33.463849549532554,28.648305199448984,23,23,1.0,6.977694980914887,0.0004168056018674,1.0008336112037348,True,False,,False,,1.0,2.0,"[4.00166722240747, 5.999666555518506, 7.997665888629544, 9.001333777925977, 10.000333444481495]","[33.463849549532554, 31.113101298828724, 25.256893373037293, 23.7104348773347, 23.391543835796476]",1.9989996665555188,444.42917531475103,7.5,0.0009701313425308,0.0235930389641554,7.652737414346198,0.0005001667222406,0.0005001667222406,True,True,1.0,True,4.0,2.0,,"[1.9989996665555188, 4.00166722240747, 12.003001000333445, 1.0, 14.001000333444482]","[7.652737414346198, 5.101307686881023, 4.836462278195829, 4.371306715149535, 4.30943426445552]",16.085275694914447,5.684844459265036,0.0024937655860349127,0.0024937655860349127,True,True,True,True,False,True,True,False,False,False,True,False,False,True,False,True,high_scatter,1105.0141019134894,0.0321536469572723,0.9909382285573693,93.66421297026582
2556650,5,confirmed_planet_host,2.0,444.4108195835273,0.45,2.0,0.001,188,filter,True,,True,0.0067623751237988,9.376729749841616,0.093725792132318,9.477587540866809,14.35578526175392,455.0327170963703,7.571428571428571,6.976554905025543,5.306822659115071,5,3,0.6,3.12001020327934,2.58894631543848,6.1778926308769595,False,False,,False,5.0,,4.0,"[14.355785261753919, 13.912304101367123, 12.67522507502501, 6.0043347782594205, 1.0]","[6.976554905025543, 6.234070316848715, 6.212475956357727, 6.183233973616784, 6.162237927788534]",1.9989996665555188,444.4420695835273,2.7,0.0006931694852062,0.0106901208985541,6.025067691933783,0.0005001667222406,0.0005001667222406,True,True,1.0,True,5.0,2.0,,"[1.9989996665555188, 4.00166722240747, 13.972990996999, 14.93464488162721, 1.0]","[6.025067691933783, 3.940597731058403, 3.732748336792598, 3.4552952357150652, 3.1616774133390813]",16.085275694914447,5.684844459265036,0.29925187032418954,0.004987531172069825,False,True,False,True,False,True,False,False,True,False,True,False,False,True,False,True,high_scatter,916.3326827569961,0.0321536469572723,0.18797104339044754,771.5386824391611
2556650,5,confirmed_planet_host,2.0,444.4108195835273,0.45,4.0,0.001,372,filter,True,,True,0.0072490000165998,5.175996209029108,0.0628075001295656,5.246296332916245,14.35578526175392,455.0327170963703,7.571428571428571,7.039478631519608,5.3546865492586315,5,3,0.6,3.148150549247007,2.58894631543848,6.1778926308769595,False,False,,False,,,,"[14.355785261753919, 13.790930310103368, 7.922974324774925, 12.67522507502501, 11.130043347782594]","[7.039478631519608, 6.414294891459112, 6.3983255808733945, 6.268508216298406, 6.197395020564944]",1.9989996665555188,444.4295695835273,5.1000000000000005,0.0007587711849995,0.0156513250340457,8.99373213532901,0.0005001667222406,0.0005001667222406,True,True,1.0,True,3.0,2.0,4.0,"[1.9989996665555188, 4.00166722240747, 1.0, 6.0043347782594205, 7.997665888629544]","[8.99373213532901, 6.043404475913989, 5.254173956297112, 5.098095164381981, 4.898302574634422]",16.085275694914447,5.684844459265036,0.2942643391521197,0.0024937655860349127,False,True,False,True,False,True,False,False,True,False,True,False,False,True,False,True,high_scatter,916.3326827569961,0.0321536469572723,0.18797104339044754,771.5386824391611
2556650,5,confirmed_planet_host,2.0,444.4108195835273,0.45,8.0,0.0005,747,filter,True,,True,0.0068085410166531,5.178860000101849,0.0610897091683,5.246992709115148,13.795598532844284,455.0169610678418,6.357142857142858,6.459077607027541,3.998112914049866,7,6,0.8571428571428571,2.441301863865865,2.44889963321107,5.897799266422141,False,False,,False,,,,"[13.795598532844283, 14.355785261753919, 11.130043347782594, 12.399799933311105, 14.836612204068024]","[6.459077607027541, 6.3103433760153775, 6.227738100001601, 6.175442340555138, 6.112636214349489]",1.9989996665555188,444.41706958352734,7.5,0.000477546711203,0.0116001479276926,6.121953466746803,0.0005001667222406,0.0005001667222406,True,True,1.0,True,,4.0,3.0,"[1.9989996665555188, 14.005668556185396, 5.999666555518506, 3.996998999666556, 14.957985995331779]","[6.121953466746803, 4.209094079682028, 3.7846909022844306, 3.5710652667050304, 3.4454728213804184]",16.085275694914447,5.684844459265036,0.6583541147132169,0.004987531172069825,False,True,False,True,False,True,False,False,True,False,True,False,False,True,False,True,high_scatter,916.3326827569961,0.0321536469572723,0.18797104339044754,771.5386824391611
2556650,5,confirmed_planet_host,2.0,444.4108195835273,0.45,8.0,0.001,747,filter,True,,True,0.0065735420212149,5.081692958017811,0.0607527501415461,5.149252166040242,13.790930310103368,455.03355030129,6.357142857142858,6.430126993489801,4.041928301537552,7,6,0.8571428571428571,2.4303595604767794,2.447732577525842,5.895465155051684,False,False,,False,,,5.0,"[13.790930310103368, 14.836612204068024, 12.399799933311105, 8.581193731243749, 5.976325441813938]","[6.430126993489801, 6.360302539700893, 6.1477630254108995, 5.980114615619741, 5.951691440634914]",1.9989996665555188,444.4295695835273,7.5,0.000961999249331,0.0233952711122033,12.862671036878728,0.0005001667222406,0.0005001667222406,True,True,1.0,True,4.0,2.0,3.0,"[1.9989996665555188, 3.996998999666556, 5.999666555518506, 1.0, 7.997665888629544]","[12.862671036878728, 8.083551903261741, 7.335658517019446, 7.021638974246832, 6.293667467806437]",16.085275694914447,5.684844459265036,0.683291770573566,0.0024937655860349127,False,True,False,True,False,True,False,False,True,False,True,False,False,True,False,True,high_scatter,916.3326827569961,0.0321536469572723,0.18797104339044754,771.5386824391611
2556650,5,confirmed_planet_host,5.0,445.76081958352734,0.45,4.0,0.001,143,filter,True,,True,0.006994083058089,5.892801958834752,0.0932723749428987,5.993390625109896,14.35578526175392,455.0327170963703,7.571428571428571,7.073665212713197,5.380691092501763,5,3,0.6,3.1634392531404436,0.4355785261753919,1.871157052350784,False,False,,False,,,,"[14.355785261753919, 13.795598532844283, 12.67522507502501, 11.130043347782594, 12.399799933311105]","[7.073665212713197, 6.445445325260367, 6.298950650506479, 6.227492100071748, 6.162408688516062]",5.000666888962988,445.7420695835273,3.9,0.0011524140417057,0.0134210417044286,7.692648893914338,0.0001333777925976,0.0001333777925976,True,True,1.0,True,4.0,2.0,3.0,"[5.000666888962988, 9.99566522174058, 15.0, 2.4984994998332777, 1.6675558519506501]","[7.692648893914338, 6.050345923079119, 5.400284253544377, 5.107135005662834, 3.9197645685581954]",16.085275694914447,5.684844459265036,0.2817955112219451,0.0024937655860349127,False,True,False,True,False,True,False,False,True,False,True,False,False,True,False,True,high_scatter,916.3326827569961,0.0321536469572723,0.18797104339044754,771.5386824391611
2556650,5,confirmed_planet_host,5.0,445.76081958352734,0.45,8.0,0.001,286,filter,True,,True,0.0139931251760572,6.143573082983494,0.0608044168911874,6.218608332797885,14.35578526175392,455.0327170963703,7.571428571428571,7.104374000558086,5.404050199308451,5,3,0.6,3.1771726405660017,0.4355785261753919,1.871157052350784,False,False,,False,,,,"[14.355785261753919, 13.790930310103368, 12.67522507502501, 11.130043347782594, 8.889296432144048]","[7.104374000558086, 6.473426832316075, 6.3262961826111335, 6.254527410332562, 6.166913310914776]",5.000666888962988,445.7545695835273,7.5,0.0011505723940314,0.0182961270374667,10.283109556064437,0.0001333777925976,0.0001333777925976,True,True,1.0,True,4.0,2.0,3.0,"[5.000666888962988, 10.000333444481495, 14.995331777259088, 2.4984994998332777, 1.6675558519506501]","[10.283109556064435, 7.5149269564010845, 6.835573757296979, 6.634759001076136, 5.183205379754641]",16.085275694914447,5.684844459265036,0.26932668329177056,0.0024937655860349127,False,True,False,True,False,True,False,False,True,False,True,False,False,True,False,True,high_scatter,916.3326827569961,0.0321536469572723,0.18797104339044754,771.5386824391611
2556650,5,confirmed_planet_host,10.0,448.01081958352734,0.45,8.0,0.001,160,filter,True,,True,0.0076576659921556,10.611069707898425,0.1220695420634001,10.741270374972371,14.35578526175392,455.0327170963703,7.571428571428571,7.091888298920151,5.3945527603476515,5,3,0.6,3.171588865044161,0.282210736912304,0.4355785261753919,False,False,,False,,,,"[14.355785261753919, 13.795598532844283, 12.67522507502501, 11.130043347782594, 5.976325441813938]","[7.091888298920151, 6.46204999939639, 6.315177926927651, 6.243535285885628, 5.98123920558667]",9.99566522174058,448.02956958352735,8.700000000000001,0.0011366216891878,0.0147398266102424,8.64662391998648,0.0004334778259419,0.0004334778259419,True,True,1.0,True,2.0,,,"[9.99566522174058, 5.000666888962988, 14.990663554518173, 3.334111370456819, 14.444481493831278]","[8.64662391998648, 4.3858456047660646, 3.5116091244932712, 3.0933942118504345, 2.9956398419599464]",16.085275694914447,5.684844459265036,0.27680798004987534,0.0024937655860349127,False,True,False,True,False,True,False,False,True,False,True,False,False,True,False,True,high_scatter,916.3326827569961,0.0321536469572723,0.18797104339044754,771.5386824391611
2584163,5,confirmed_planet_host,2.0,444.4103152566371,0.45,2.0,0.0005,188,filter,True,,True,0.0080927910748869,15.773689874913543,0.1486612921580672,15.93118662503548,14.789929976658888,445.2152491432948,8.785714285714285,7.042628931874681,9.465867192208666,5,5,1.0,3.149559406395704,2.697482494164722,6.394964988329444,False,False,,False,3.0,,,"[14.789929976658888, 13.75358452817606, 1.0, 14.519173057685896, 13.282094031343782]","[7.042628931874681, 6.8486976355642915, 6.598515377181869, 6.136269721552382, 6.098536612026388]",1.9989996665555188,444.4290652566371,2.7,0.0003984756050088,0.0061223772159639,15.976691864829084,0.0005001667222406,0.0005001667222406,True,True,1.0,True,2.0,3.0,5.0,"[1.9989996665555188, 1.0, 4.00166722240747, 10.000333444481495, 5.999666555518506]","[15.976691864829084, 10.651082902027554, 10.448637343878762, 8.654420422618552, 7.720433122529572]",16.085275694914447,5.684844459265036,0.29177057356608477,0.0024937655860349127,False,True,False,True,False,True,False,False,True,False,True,False,False,True,False,True,low_scatter,399.36644959214834,0.03193785066896848,0.004416098121621227,383.838254148619
2584163,5,confirmed_planet_host,2.0,444.4103152566371,0.45,2.0,0.001,188,filter,True,,True,0.0176504999399185,16.720872916048393,0.1543207499198615,16.893426917027682,1.0,444.45953355686254,3.928571428571429,9.049819046414228,8.2155600401165,91,67,0.7362637362637363,0.9486788081433244,0.0,0.5,True,False,,False,1.0,3.0,2.0,"[1.0, 5.999666555518506, 4.00166722240747, 12.007669223074359, 10.000333444481495]","[9.049819046414227, 8.261214966052169, 7.734817395668358, 7.6847846469925, 7.495398475595193]",1.9989996665555188,444.4290652566371,2.7,0.0007617673897114,0.0117041727323046,25.123876592049008,0.0005001667222406,0.0005001667222406,True,True,1.0,True,3.0,2.0,4.0,"[1.9989996665555188, 4.00166722240747, 1.0, 5.999666555518506, 7.997665888629544]","[25.123876592049008, 17.445012605309213, 17.17225089269236, 13.297266013089512, 12.42817015699703]",16.085275694914447,5.684844459265036,0.06483790523690773,0.0024937655860349127,False,True,False,True,False,True,False,False,True,False,True,False,False,True,False,True,low_scatter,399.36644959214834,0.03193785066896848,0.004416098121621227,383.838254148619
2584163,5,confirmed_planet_host,2.0,444.4103152566371,0.45,4.0,0.0005,372,filter,True,,True,0.0167374999728053,15.748204207979144,0.1371630828361958,15.90312416688539,14.789929976658888,445.2152491432948,8.785714285714285,7.00897883494542,9.420638719770528,5,5,1.0,3.1345106255590474,2.697482494164722,6.394964988329444,False,False,,False,,,,"[14.789929976658888, 13.6648882960987, 14.117705901967323, 9.77625875291764, 9.897632544181395]","[7.00897883494542, 6.856202820066145, 6.080209813896014, 6.0308153646782845, 6.019071356539756]",1.9989996665555188,444.4290652566371,3.9,0.0004976259161893,0.0091007679535685,21.228825013866015,0.0005001667222406,0.0005001667222406,True,True,1.0,True,2.0,3.0,4.0,"[1.9989996665555188, 1.0, 4.00166722240747, 5.999666555518506, 10.000333444481495]","[21.228825013866018, 13.507521688359361, 13.458364018269256, 11.200042379921625, 10.45359346295252]",16.085275694914447,5.684844459265036,0.2942643391521197,0.0024937655860349127,False,True,False,True,False,True,False,False,True,False,True,False,False,True,False,True,low_scatter,399.36644959214834,0.03193785066896848,0.004416098121621227,383.838254148619
2584163,5,confirmed_planet_host,2.0,444.4103152566371,0.45,4.0,0.001,372,filter,True,,True,0.0200752080418169,17.919467916944996,0.2844735840335488,18.22466270904988,5.999666555518506,448.4184501344973,3.928571428571429,11.025338738829438,8.77661857546262,14,12,0.8571428571428571,2.9466457238447186,0.4999166388796265,1.9998332777592531,False,False,,False,2.0,,1.0,"[5.999666555518506, 1.0, 12.003001000333445, 14.015005001667223, 9.001333777925977]","[11.025338738829438, 10.480219725963757, 8.380889233732598, 8.10757045325237, 7.989364562412492]",1.9989996665555188,444.4290652566371,3.9,0.0009607772723537,0.0175710523232225,28.78393203187959,0.0005001667222406,0.0005001667222406,True,True,1.0,True,3.0,2.0,4.0,"[1.9989996665555188, 4.00166722240747, 1.0, 5.999666555518506, 8.002334111370457]","[28.783932031879594, 19.251826492029746, 19.23395360067344, 15.852378217971692, 13.654540147400802]",16.085275694914447,5.684844459265036,0.032418952618453865,0.0024937655860349127,False,True,False,True,False,True,False,False,True,False,True,False,False,True,False,True,low_scatter,399.36644959214834,0.03193785066896848,0.004416098121621227,383.838254148619
2584163,5,confirmed_planet_host,2.0,444.4103152566371,0.45,8.0,0.0005,747,filter,True,,True,0.0358403748832643,15.952964625088498,0.2322757090441882,16.22188699990511,14.789929976658888,445.2152491432948,8.785714285714285,6.996122113001975,9.24588932167545,5,5,1.0,3.128760924712376,2.697482494164722,6.394964988329444,False,False,,False,,,,"[14.789929976658888, 13.75358452817606, 13.408136045348451, 14.122374124708237, 9.22540846948983]","[6.996122113001975, 6.502214449306008, 6.098388537940529, 6.069056753118412, 5.99965525315971]",1.9989996665555188,444.4415652566371,8.700000000000001,0.0004932360301517,0.0127073625204278,28.287099268427948,0.0005001667222406,0.0005001667222406,True,True,1.0,True,3.0,2.0,4.0,"[1.9989996665555188, 4.00166722240747, 1.0, 5.999666555518506, 10.000333444481495]","[28.287099268427948, 18.259437241763102, 16.60590301307503, 14.145821573087078, 13.47600330945931]",16.085275694914447,5.684844459265036,0.2967581047381546,0.0024937655860349127,False,True,False,True,False,True,False,False,True,False,True,False,False,True,False,True,low_scatter,399.36644959214834,0.03193785066896848,0.004416098121621227,383.838254148619
2584163,5,confirmed_planet_host,2.0,444.4103152566371,0.45,8.0,0.001,747,filter,True,,True,0.0272312921006232,11.970539000118151,0.1472537501249462,12.14572645793669,4.00166722240747,444.413279405819,7.571428571428571,8.404361644453884,8.544367566211305,22,21,0.9545454545454546,1.791815923109184,0.0004168056018674,1.0008336112037348,True,False,,False,,1.0,3.0,"[4.00166722240747, 14.01033677892631, 5.999666555518506, 12.012337445815273, 14.789929976658888]","[8.404361644453884, 7.298645385177401, 7.155422256717369, 7.023976120246117, 6.870267848877037]",1.9989996665555188,444.4415652566371,7.5,0.001005807305471,0.0244895601094457,35.07606909012924,0.0005001667222406,0.0005001667222406,True,True,1.0,True,3.0,2.0,4.0,"[1.9989996665555188, 4.00166722240747, 1.0, 5.999666555518506, 8.002334111370457]","[35.07606909012924, 23.050802534431064, 21.24076103282181, 18.482122994901367, 15.648540418572871]",16.085275694914447,5.684844459265036,0.07481296758104738,0.0024937655860349127,False,True,False,True,False,True,False,False,True,False,True,False,False,True,False,True,low_scatter,399.36644959214834,0.03193785066896848,0.004416098121621227,383.838254148619
2584163,5,confirmed_planet_host,5.0,445.7603152566371,0.45,2.0,0.0005,71,filter,True,,True,0.0192680000327527,16.858300583204255,0.1475299159064889,17.025848833145574,14.789929976658888,445.2152491432948,8.785714285714285,7.038241384030607,9.459969970362504,5,5,1.0,3.1475972353489277,0.4789929976658887,1.9579859953317775,False,False,,False,,,1.0,"[14.789929976658888, 13.75358452817606, 14.117705901967323, 13.282094031343782, 14.584528176058686]","[7.038241384030607, 6.541360211522999, 6.105594744043081, 6.094737232359655, 6.058828767971496]",5.000666888962988,445.76656525663714,2.7,0.0004010366450561,0.0039068171129683,9.622277993135222,0.0001333777925976,0.0001333777925976,True,True,1.0,True,4.0,2.0,3.0,"[5.000666888962988, 10.000333444481495, 15.0, 2.5031677225741915, 14.519173057685896]","[9.622277993135222, 6.244800342439003, 4.8606923176854435, 4.055595345255903, 3.3910377994361953]",16.085275694914447,5.684844459265036,0.2942643391521197,0.0024937655860349127,False,True,False,True,False,True,False,False,True,False,True,False,False,True,False,True,low_scatter,399.36644959214834,0.03193785066896848,0.004416098121621227,383.838254148619
2584163,5,confirmed_planet_host,5.0,445.7603152566371,0.45,2.0,0.001,71,filter,True,,True,0.0188529998995363,12.054796417010948,0.1415879579726606,12.215807458851486,14.995331777259088,445.7990415454504,1.5,7.119446460810394,7.0534075955375615,6,6,1.0,2.9065018466748436,0.4995331777259088,1.9990663554518175,False,False,,False,,,1.0,"[14.995331777259088, 14.789929976658888, 10.625875291763922, 13.75358452817606, 13.333444481493832]","[7.119446460810394, 7.003390937610268, 6.5540191647530985, 6.508970114177792, 6.315172769555111]",5.000666888962988,445.76656525663714,2.7,0.0007670160264994,0.0074721135217695,18.992096857357684,0.0001333777925976,0.0001333777925976,True,True,1.0,True,4.0,2.0,3.0,"[5.000666888962988, 10.000333444481495, 15.0, 2.4984994998332777, 1.6675558519506501]","[18.992096857357684, 13.123461733960793, 10.30031922373444, 9.94053428575063, 7.981461708706419]",16.085275694914447,5.684844459265036,0.26683291770573564,0.0024937655860349127,False,True,False,True,False,True,False,False,True,False,True,False,False,True,False,True,low_scatter,399.36644959214834,0.03193785066896848,0.004416098121621227,383.838254148619
2584163,5,confirmed_planet_host,5.0,445.7603152566371,0.45,4.0,0.0005,143,filter,True,,True,0.0170737500302493,15.32780058402568,0.1960509999189525,15.54198258300312,14.789929976658888,445.2152491432948,8.785714285714285,7.043804704194733,9.467447526021164,5,5,1.0,3.1500852277624443,0.4789929976658887,1.9579859953317775,False,False,,False,,,1.0,"[14.789929976658888, 13.75358452817606, 14.122374124708237, 13.282094031343782, 9.22540846948983]","[7.043804704194733, 6.546530776040458, 6.110420861321553, 6.099554767407087, 6.040546350272243]",5.000666888962988,445.7540652566371,3.9,0.0005109456733467,0.0059298992068072,14.695336966263678,0.0001333777925976,0.0001333777925976,True,True,1.0,True,3.0,2.0,4.0,"[5.000666888962988, 9.99566522174058, 2.4984994998332777, 15.0, 1.2520840280093366]","[14.695336966263678, 9.439702009838218, 8.236381611948103, 6.678612612223433, 5.2177467865189415]",16.085275694914447,5.684844459265036,0.29177057356608477,0.0024937655860349127,False,True,False,True,False,True,False,False,True,False,True,False,False,True,False,True,low_scatter,399.36644959214834,0.03193785066896848,0.004416098121621227,383.838254148619
2584163,5,confirmed_planet_host,5.0,445.7603152566371,0.45,4.0,0.001,143,filter,True,,True,0.0235639999154955,17.425733583047986,0.2769191251136362,17.726859458023682,5.000666888962988,445.7659431763956,3.928571428571429,11.072899555031182,9.953270951939905,16,15,0.9375,2.7682248887577954,0.0001333777925976,0.0001333777925976,True,True,1.0,True,,2.0,3.0,"[5.000666888962988, 10.000333444481495, 15.0, 14.789929976658888, 13.75358452817606]","[11.072899555031182, 8.74444620386602, 7.57814425010086, 6.986471485920083, 6.49324513089744]",5.000666888962988,445.7540652566371,3.9,0.0010030612976174,0.0116412618863391,23.08770176743013,0.0001333777925976,0.0001333777925976,True,True,1.0,True,3.0,2.0,4.0,"[5.000666888962988, 10.000333444481495, 2.4984994998332777, 15.0, 1.6675558519506501]","[23.08770176743013, 15.246170729758642, 13.262952113669098, 11.783811370000784, 9.105955388919035]",16.085275694914447,5.684844459265036,0.032418952618453865,0.0024937655860349127,False,True,False,True,False,True,False,False,True,False,True,False,False,True,False,True,low_scatter,399.36644959214834,0.03193785066896848,0.004416098121621227,383.838254148619
2584163,5,confirmed_planet_host,5.0,445.7603152566371,0.45,8.0,0.0005,287,filter,True,,True,0.0266713751479983,17.685185708105564,0.1416555840987712,17.854282124899328,14.789929976658888,445.2152491432948,8.785714285714285,7.086287394006551,9.524547723066387,5,5,1.0,3.169084064219697,0.4789929976658887,1.9579859953317775,False,False,,False,,,1.0,"[14.789929976658888, 13.75358452817606, 14.117705901967323, 13.282094031343782, 14.584528176058686]","[7.086287394006551, 6.586014300638525, 6.147274113927577, 6.136342484281127, 6.100188893540506]",5.000666888962988,445.7540652566371,7.5,0.0004990593153479,0.0079359783132389,16.91857191964945,0.0001333777925976,0.0001333777925976,True,True,1.0,True,3.0,2.0,4.0,"[5.000666888962988, 10.000333444481495, 2.5031677225741915, 15.0, 1.6675558519506501]","[16.91857191964945, 11.444888760251889, 10.884849752750684, 8.845319884891447, 6.882418674677712]",16.085275694914447,5.684844459265036,0.2793017456359102,0.0024937655860349127,False,True,False,True,False,True,False,False,True,False,True,False,False,True,False,True,low_scatter,399.36644959214834,0.03193785066896848,0.004416098121621227,383.838254148619
2584163,5,confirmed_planet_host,5.0,445.7603152566371,0.45,8.0,0.001,287,filter,True,,True,0.0172469171229749,11.856777915963905,0.2295227500144392,12.113827125169337,14.789929976658888,445.2152491432948,8.785714285714285,7.009079464071595,9.420773973516432,5,5,1.0,3.134555628272376,0.4789929976658887,1.9579859953317775,False,False,,False,,,1.0,"[14.789929976658888, 13.75358452817606, 12.917972657552518, 15.0, 14.117705901967323]","[7.009079464071595, 6.514257045759984, 6.141228354189414, 6.089909599339296, 6.080297108524083]",5.000666888962988,445.7540652566371,7.5,0.0009969250967091,0.0158529771994953,22.579729875032832,0.0001333777925976,0.0001333777925976,True,True,1.0,True,3.0,2.0,4.0,"[5.000666888962988, 10.000333444481495, 2.4984994998332777, 15.0, 1.6675558519506501]","[22.579729875032832, 15.297483465918933, 14.224706993400096, 12.220850558271104, 10.216542914370486]",16.085275694914447,5.684844459265036,0.2942643391521197,0.0024937655860349127,False,True,False,True,False,True,False,False,True,False,True,False,False,True,False,True,low_scatter,399.36644959214834,0.03193785066896848,0.004416098121621227,383.838254148619
2584163,5,confirmed_planet_host,10.0,448.0103152566371,0.45,2.0,0.0005,40,filter,True,,True,0.0213237919379025,16.610161666059867,0.145089958095923,16.77736495900899,14.789929976658888,445.2152491432948,8.785714285714285,7.096419797259773,9.538166498733924,5,5,1.0,3.1736154127096254,0.2605035011670556,0.4789929976658887,False,False,,False,,,,"[14.789929976658888, 13.75358452817606, 11.092697565855286, 14.122374124708237, 13.282094031343782]","[7.096419797259773, 6.595431383098657, 6.31950052661109, 6.156063859074391, 6.145116598721249]",9.99566522174058,448.0290652566371,2.7,0.0004070016027247,0.0030266511088937,6.288654071411592,0.0004334778259419,0.0004334778259419,True,True,1.0,True,5.0,,,"[9.99566522174058, 10.159053017672559, 10.779926642214072, 14.901967322440814, 4.97732577525842]","[6.288654071411592, 3.4091381103479312, 3.1963023011626626, 2.9287685051330974, 2.8983979563632127]",16.085275694914447,5.684844459265036,0.2718204488778055,0.004987531172069825,False,True,False,True,False,True,False,False,True,False,True,False,False,True,False,True,low_scatter,399.36644959214834,0.03193785066896848,0.004416098121621227,383.838254148619
2584163,5,confirmed_planet_host,10.0,448.0103152566371,0.45,2.0,0.001,40,filter,True,,True,0.0173408328555524,12.31395066692494,0.1481696658302098,12.480052083032206,14.785261753917974,453.26181602268696,3.928571428571429,7.379881268375529,4.8121512931663695,6,4,0.6666666666666666,3.012823911640595,0.2607369123041013,0.4785261753917973,False,False,,False,,,,"[14.785261753917974, 13.75358452817606, 14.122374124708237, 13.282094031343782, 14.584528176058686]","[7.379881268375529, 6.576405559514293, 6.138305477832344, 6.127389797012383, 6.091288952967758]",10.000333444481496,448.0040652566371,1.5,0.0010452852412178,0.0057060871745198,13.98901794481622,3.33444481494638e-05,3.33444481494638e-05,True,True,1.0,True,2.0,,,"[10.000333444481495, 5.000666888962988, 3.334111370456819, 14.995331777259088, 7.507502500833612]","[13.98901794481622, 7.773708998759872, 6.079443542075251, 4.133487779773486, 3.6240808626177707]",16.085275694914447,5.684844459265036,0.17206982543640897,0.0024937655860349127,False,True,False,True,False,True,False,False,True,False,True,False,False,True,False,True,low_scatter,399.36644959214834,0.03193785066896848,0.004416098121621227,383.838254148619
2584163,5,confirmed_planet_host,10.0,448.0103152566371,0.45,4.0,0.0005,81,filter,True,,True,0.0169974169693887,15.450901708099993,0.2406471660360694,15.709584333002567,14.789929976658888,453.2444345382511,3.928571428571429,7.766088085581024,5.620026055724648,6,5,0.8333333333333334,3.170492184530228,0.2605035011670556,0.4789929976658887,False,False,,False,,,,"[14.789929976658888, 15.0, 13.75358452817606, 12.917972657552518, 14.122374124708237]","[7.766088085581024, 6.815978330499942, 6.577522094531478, 6.2008706293737434, 6.139347632691888]",10.000333444481496,448.01656525663714,3.9,0.0005603796902199,0.0049367123544903,11.762199949535772,3.33444481494638e-05,3.33444481494638e-05,True,True,1.0,True,2.0,,,"[10.000333444481495, 5.000666888962988, 3.338779593197733, 9.888296098699568, 10.159053017672559]","[11.762199949535772, 4.966245697644273, 4.234189043903337, 3.603366182789101, 3.5197820068951566]",16.085275694914447,5.684844459265036,0.11221945137157108,0.0024937655860349127,False,True,False,True,False,True,False,False,True,False,True,False,False,True,False,True,low_scatter,399.36644959214834,0.03193785066896848,0.004416098121621227,383.838254148619
2584163,5,confirmed_planet_host,10.0,448.0103152566371,0.45,4.0,0.001,81,filter,True,,True,0.0420929170213639,16.009417959023267,0.2767555408645421,16.32901308289729,15.0,452.95619881015733,7.571428571428571,8.357291427699709,4.412953025926682,5,3,0.6,3.737494348022563,0.25,0.5,False,False,3.0,True,,,,"[15.0, 14.789929976658888, 10.000333444481495, 13.75358452817606, 12.913304434811606]","[8.357291427699709, 7.731494095223752, 7.241943037441324, 6.548222563879045, 6.173248890295412]",10.000333444481496,448.01656525663714,3.9,0.0010472676389091,0.0092259929859906,17.97496557326884,3.33444481494638e-05,3.33444481494638e-05,True,True,1.0,True,2.0,,,"[10.000333444481495, 5.000666888962988, 3.334111370456819, 2.4984994998332777, 6.667222407469157]","[17.97496557326884, 10.38742737243442, 7.899648065248528, 6.054779997444144, 4.537631137219935]",16.085275694914447,5.684844459265036,0.07481296758104738,0.0024937655860349127,False,True,False,True,False,True,False,False,True,False,True,False,False,True,False,True,low_scatter,399.36644959214834,0.03193785066896848,0.004416098121621227,383.838254148619
2584163,5,confirmed_planet_host,10.0,448.0103152566371,0.45,8.0,0.0005,161,filter,True,,True,0.0191845840308815,17.67846474982798,0.1592029999010265,17.857525625033304,14.789929976658888,445.2152491432948,8.785714285714285,7.036733197655932,9.457942844971992,5,5,1.0,3.1469227538976257,0.2605035011670556,0.4789929976658887,False,False,,False,,,,"[14.789929976658888, 13.75358452817606, 14.117705901967323, 13.282094031343782, 14.584528176058686]","[7.036733197655932, 6.539958499105855, 6.104286409432232, 6.093431224345791, 6.057530454586697]",9.990996998999668,448.0290652566371,7.5,0.0005605292881952,0.0067925825122005,14.753912801617316,0.0009003001000332,0.0009003001000332,True,True,1.0,True,2.0,,,"[9.990996998999668, 4.995998666222075, 3.334111370456819, 10.159053017672559, 6.667222407469157]","[14.753912801617316, 7.568882836021293, 6.5119971086783295, 4.035740548098482, 3.762743319606628]",16.085275694914447,5.684844459265036,0.2942643391521197,0.0024937655860349127,False,True,False,True,False,True,False,False,True,False,True,False,False,True,False,True,low_scatter,399.36644959214834,0.03193785066896848,0.004416098121621227,383.838254148619
2584163,5,confirmed_planet_host,10.0,448.0103152566371,0.45,8.0,0.001,161,filter,True,,True,0.0190988751128315,12.208796249935403,0.130119000095874,12.358567707939072,14.668556185395133,453.86880538661626,1.5,7.799998416354892,3.798146766209026,5,3,0.6,3.488265336672049,0.2665721907302433,0.4668556185395133,False,False,,False,,,,"[14.668556185395133, 13.75358452817606, 14.892630876958988, 14.122374124708237, 13.282094031343782]","[7.799998416354892, 6.514163520783194, 6.080209813896014, 6.080209813896014, 6.069397443953436]",10.000333444481496,448.01656525663714,7.5,0.0010604936263675,0.0128103634830748,18.519667934109123,3.33444481494638e-05,3.33444481494638e-05,True,True,1.0,True,2.0,,,"[10.000333444481495, 5.000666888962988, 3.334111370456819, 2.4984994998332777, 15.0]","[18.519667934109123, 11.061204703821979, 8.649707179655575, 6.34918360625537, 5.7487678092539385]",16.085275694914447,5.684844459265036,0.11221945137157108,0.0024937655860349127,False,True,False,True,False,True,False,False,True,False,True,False,False,True,False,True,low_scatter,399.36644959214834,0.03193785066896848,0.004416098121621227,383.838254148619
2693736,5,confirmed_planet_host,2.0,444.4108575218837,0.45,2.0,0.0005,188,filter,True,,True,0.0209243330173194,15.86646933411248,0.1565159589517861,16.04476279183291,9.757585861953986,448.77151834913735,10.0,7.163839077873669,4.2656406314815065,9,7,0.7777777777777778,2.387946359291223,1.4393964654884963,3.878792930976993,False,False,,False,2.0,,,"[9.757585861953986, 1.0, 10.303767922640882, 9.939646548849618, 13.916972324108038]","[7.163839077873669, 6.464480082799036, 6.3830710706788985, 6.333809435358594, 6.316545224141602]",1.9989996665555188,444.4421075218837,2.7,0.0003805617696568,0.0058690571553197,9.901498330777835,0.0005001667222406,0.0005001667222406,True,True,1.0,True,2.0,3.0,4.0,"[1.9989996665555188, 1.0, 4.00166722240747, 5.999666555518506, 12.119706568856286]","[9.901498330777837, 7.2996794364448245, 6.42685033781825, 6.036086498970514, 5.968210036884529]",16.085275694914447,5.684844459265036,0.24189526184538654,0.0024937655860349127,False,True,False,True,False,True,False,False,True,False,True,False,False,True,False,True,low_scatter,454.0150778128674,0.0321536469572723,0.11697155782416188,418.68605737019595
2693736,5,confirmed_planet_host,2.0,444.4108575218837,0.45,2.0,0.001,188,filter,True,,True,0.0168105419725179,15.514469749992712,0.0623595411889255,15.593878542073073,1.0,443.56126637804414,8.785714285714285,9.303979959369803,9.255585362119223,88,69,0.7840909090909091,0.9918075961479428,0.0,0.5,True,False,,False,1.0,3.0,,"[1.0, 10.000333444481495, 4.00166722240747, 8.002334111370457, 9.757585861953986]","[9.303979959369805, 7.553802476784735, 7.5129959169639635, 7.464200705722711, 7.075547770374104]",1.9989996665555188,444.4296075218837,2.7,0.0007415922105098,0.0114155337752755,18.187152174778763,0.0005001667222406,0.0005001667222406,True,True,1.0,True,2.0,3.0,4.0,"[1.9989996665555188, 1.0, 4.00166722240747, 5.999666555518506, 7.997665888629544]","[18.187152174778763, 13.05718116915759, 12.24281567059784, 10.672609543456502, 8.95102140073909]",16.085275694914447,5.684844459265036,0.059850374064837904,0.0024937655860349127,False,True,False,True,False,True,False,False,True,False,True,False,False,True,False,True,low_scatter,454.0150778128674,0.0321536469572723,0.11697155782416188,418.68605737019595
2693736,5,confirmed_planet_host,2.0,444.4108575218837,0.45,4.0,0.0005,372,filter,True,,True,0.007200458785519,15.504767625126988,0.1491805000696331,15.662050999933854,9.757585861953986,448.77151834913735,10.0,7.132813362164373,3.9289645391889017,9,7,0.7777777777777778,2.377604454054791,1.4393964654884963,3.878792930976993,False,False,,False,,,,"[9.757585861953986, 10.303767922640882, 9.939646548849618, 14.09903301100367, 12.801267089029677]","[7.132813362164373, 6.355426766244035, 6.306378477074615, 6.046834591524925, 5.898780453986438]",1.9989996665555188,444.4421075218837,3.9,0.00048054278544,0.0087882587819616,14.42237133396073,0.0005001667222406,0.0005001667222406,True,True,1.0,True,3.0,2.0,4.0,"[1.9989996665555188, 4.00166722240747, 1.0, 5.999666555518506, 8.002334111370457]","[14.42237133396073, 9.917774782375833, 9.500385297858667, 8.567770906771745, 6.932815660038658]",16.085275694914447,5.684844459265036,0.26184538653366585,0.0024937655860349127,False,True,False,True,False,True,False,False,True,False,True,False,False,True,False,True,low_scatter,454.0150778128674,0.0321536469572723,0.11697155782416188,418.68605737019595
2693736,5,confirmed_planet_host,2.0,444.4108575218837,0.45,4.0,0.001,372,filter,True,,True,0.0176012918818742,13.174426333978772,0.1395690829958766,13.332173208007587,1.0,444.41925957532305,3.928571428571429,12.354891341742247,10.81490077973284,91,66,0.7252747252747253,1.2951445252895315,0.0,0.5,True,False,,False,1.0,3.0,2.0,"[1.0, 5.999666555518506, 4.00166722240747, 8.002334111370457, 12.003001000333445]","[12.354891341742247, 9.07486159885786, 8.900815748767341, 8.073255025861677, 7.223128199107639]",1.9989996665555188,444.4421075218837,3.9,0.0009377133751027,0.0171490823572826,22.37403726120791,0.0005001667222406,0.0005001667222406,True,True,1.0,True,3.0,2.0,4.0,"[1.9989996665555188, 4.00166722240747, 1.0, 5.999666555518506, 8.002334111370457]","[22.37403726120791, 15.542733240182686, 15.313947634417525, 13.218096221104252, 10.758048264125357]",16.085275694914447,5.684844459265036,0.032418952618453865,0.0024937655860349127,False,True,False,True,False,True,False,False,True,False,True,False,False,True,False,True,low_scatter,454.0150778128674,0.0321536469572723,0.11697155782416188,418.68605737019595
2693736,5,confirmed_planet_host,2.0,444.4108575218837,0.45,8.0,0.0005,747,filter,True,,True,0.0170811670832335,16.647875459166244,0.0743515419308096,16.73994216718711,9.757585861953986,448.77151834913735,10.0,7.154905217581881,3.834825601403055,9,7,0.7777777777777778,2.384968405860627,1.4393964654884963,3.878792930976993,False,False,,False,,,,"[9.757585861953986, 10.303767922640882, 9.939646548849618, 12.801267089029677, 2.806602200733578]","[7.154905217581881, 6.3751108883579235, 6.325910686099267, 5.91705024436401, 5.8907452024120195]",1.9989996665555188,444.4296075218837,8.700000000000001,0.0004782619686768,0.0123212793667714,19.19771476598233,0.0005001667222406,0.0005001667222406,True,True,1.0,True,3.0,2.0,4.0,"[1.9989996665555188, 4.00166722240747, 1.0, 5.999666555518506, 7.997665888629544]","[19.197714765982326, 13.266483546967812, 10.172140962338547, 10.124884614318644, 8.794970749544785]",16.085275694914447,5.684844459265036,0.24438902743142144,0.0024937655860349127,False,True,False,True,False,True,False,False,True,False,True,False,False,True,False,True,low_scatter,454.0150778128674,0.0321536469572723,0.11697155782416188,418.68605737019595
2693736,5,confirmed_planet_host,2.0,444.4108575218837,0.45,8.0,0.001,747,filter,True,,True,0.0106309580150991,15.009128875099124,0.1487274169921875,15.169170415960252,4.00166722240747,444.41382175081014,7.571428571428571,8.346428427236528,7.207021404351898,22,20,0.9090909090909092,1.7794645196976586,0.0004168056018674,1.0008336112037348,True,False,,False,2.0,1.0,4.0,"[4.00166722240747, 1.0, 10.000333444481495, 5.999666555518506, 13.991663887962655]","[8.346428427236528, 7.540921490162835, 7.415756538033147, 6.99163011065595, 6.877119552180376]",1.9989996665555188,444.4296075218837,8.700000000000001,0.0009348530495536,0.0240842599763801,28.936495597816023,0.0005001667222406,0.0005001667222406,True,True,1.0,True,3.0,2.0,4.0,"[1.9989996665555188, 4.00166722240747, 1.0, 5.999666555518506, 7.997665888629544]","[28.936495597816023, 19.76481294240171, 16.757500981227718, 15.428746688744242, 13.171545779612591]",16.085275694914447,5.684844459265036,0.07481296758104738,0.0024937655860349127,False,True,False,True,False,True,False,False,True,False,True,False,False,True,False,True,low_scatter,454.0150778128674,0.0321536469572723,0.11697155782416188,418.68605737019595
2693736,5,confirmed_planet_host,5.0,445.76085752188374,0.45,2.0,0.001,71,filter,True,,True,0.0174572500400245,14.672001959057525,0.0793667079415172,14.769274499965832,9.757585861953986,448.77151834913735,10.0,7.134250362153833,3.929756081279621,9,7,0.7777777777777778,2.3780834540512776,0.0242414138046013,0.9515171723907973,False,False,,False,,3.0,,"[9.757585861953986, 10.303767922640882, 9.939646548849618, 7.404801600533512, 12.805935311770591]","[7.134250362153833, 6.356707151378538, 6.307648980779809, 6.2906137063554075, 6.170897293370266]",5.000666888962988,445.76710752188376,2.7,0.0007470065467468,0.0072771673256392,11.340774238019094,0.0001333777925976,0.0001333777925976,True,True,1.0,True,4.0,2.0,3.0,"[5.000666888962988, 10.000333444481495, 15.0, 2.5031677225741915, 12.119706568856286]","[11.340774238019094, 8.411088330121464, 8.043077907166223, 6.996626943747676, 5.655340182158016]",16.085275694914447,5.684844459265036,0.26184538653366585,0.0024937655860349127,False,True,False,True,False,True,False,False,True,False,True,False,False,True,False,True,low_scatter,454.0150778128674,0.0321536469572723,0.11697155782416188,418.68605737019595
2693736,5,confirmed_planet_host,5.0,445.76085752188374,0.45,4.0,0.0005,143,filter,True,,True,0.0119145419448614,17.170691499952227,0.1606981249060481,17.344215749995783,9.757585861953986,448.77151834913735,10.0,7.215099046691732,3.974289927668262,9,7,0.7777777777777778,2.4050330155639106,0.0242414138046013,0.9515171723907973,False,False,,False,,3.0,,"[9.757585861953986, 10.303767922640882, 9.939646548849618, 12.801267089029677, 6.3591197065688565]","[7.215099046691732, 6.428744350116046, 6.37913022922718, 5.966830066795259, 5.948690642272966]",5.000666888962988,445.7546075218837,3.9,0.0004740505300604,0.005501684402002,8.046716948302807,0.0001333777925976,0.0001333777925976,True,True,1.0,True,3.0,4.0,2.0,"[5.000666888962988, 15.0, 2.5031677225741915, 10.005001667222409, 12.119706568856286]","[8.046716948302807, 6.303056085293083, 5.993575132181421, 5.715728689723917, 5.669261183243818]",16.085275694914447,5.684844459265036,0.2169576059850374,0.0024937655860349127,False,True,False,True,False,True,False,False,True,False,True,False,False,True,False,True,low_scatter,454.0150778128674,0.0321536469572723,0.11697155782416188,418.68605737019595
2693736,5,confirmed_planet_host,5.0,445.76085752188374,0.45,4.0,0.001,143,filter,True,,True,0.0192721248604357,12.360939624952152,0.13618691614829,12.51695912494324,5.000666888962988,445.7664855213867,3.928571428571429,8.984671313835651,8.106125939712452,16,15,0.9375,2.246167828458913,0.0001333777925976,0.0001333777925976,True,True,1.0,True,,5.0,3.0,"[5.000666888962988, 9.757585861953986, 15.0, 10.303767922640882, 9.939646548849618]","[8.984671313835651, 7.159445858444746, 7.00212124289548, 6.379156656697921, 6.32992523104188]",5.000666888962988,445.7546075218837,3.9,0.0009661659955344,0.0112130248787995,15.534495294788671,0.0001333777925976,0.0001333777925976,True,True,1.0,True,4.0,2.0,3.0,"[5.000666888962988, 10.000333444481495, 15.0, 2.5031677225741915, 1.6675558519506501]","[15.534495294788673, 10.510311406581408, 10.21381906453366, 9.751498457962827, 6.717302557671872]",16.085275694914447,5.684844459265036,0.06733167082294264,0.0024937655860349127,False,True,False,True,False,True,False,False,True,False,True,False,False,True,False,True,low_scatter,454.0150778128674,0.0321536469572723,0.11697155782416188,418.68605737019595
2693736,5,confirmed_planet_host,5.0,445.76085752188374,0.45,8.0,0.0005,286,filter,True,,True,0.0165595409926027,15.606182874878868,0.0766880000010132,15.69978608400561,9.757585861953986,448.77151834913735,10.0,7.166074273266663,3.9472856326518544,9,7,0.7777777777777778,2.388691424422221,0.0242414138046013,0.9515171723907973,False,False,,False,,3.0,,"[9.757585861953986, 10.303767922640882, 9.939646548849618, 6.3591197065688565, 14.019673224408137]","[7.166074273266663, 6.385062657996153, 6.335785652512012, 5.908270793699027, 5.853830615074281]",5.000666888962988,445.7421075218837,8.700000000000001,0.0004879198259014,0.0083008708820786,11.9325892389535,0.0001333777925976,0.0001333777925976,True,True,1.0,True,2.0,3.0,4.0,"[5.000666888962988, 2.4984994998332777, 10.000333444481495, 15.0, 12.119706568856286]","[11.932589238953499, 7.997781670451511, 7.616322164780797, 7.482052121611557, 4.490580424575883]",16.085275694914447,5.684844459265036,0.24189526184538654,0.0024937655860349127,False,True,False,True,False,True,False,False,True,False,True,False,False,True,False,True,low_scatter,454.0150778128674,0.0321536469572723,0.11697155782416188,418.68605737019595
2693736,5,confirmed_planet_host,5.0,445.76085752188374,0.45,8.0,0.001,286,filter,True,,True,0.0100595420226454,15.46509920898825,0.1449589589610695,15.6206947080791,9.757585861953986,448.77151834913735,10.0,7.144220441079328,3.9352478955977945,9,7,0.7777777777777778,2.3814068136931095,0.0242414138046013,0.9515171723907973,False,False,2.0,True,,4.0,5.0,"[9.757585861953986, 5.000666888962988, 10.303767922640882, 9.939646548849618, 15.0]","[7.144220441079328, 6.643339375324964, 6.365590617585685, 6.316463888440788, 6.1738348065982835]",5.000666888962988,445.7546075218837,7.5,0.001016974417045,0.0161716839588984,17.998565001173958,0.0001333777925976,0.0001333777925976,True,True,1.0,True,3.0,2.0,4.0,"[5.000666888962988, 10.000333444481495, 2.4984994998332777, 15.0, 1.6675558519506501]","[17.998565001173958, 11.997714191991676, 11.844403856038833, 10.578335256915901, 7.618928653195812]",16.085275694914447,5.684844459265036,0.256857855361596,0.0024937655860349127,False,True,False,True,False,True,False,False,True,False,True,False,False,True,False,True,low_scatter,454.0150778128674,0.0321536469572723,0.11697155782416188,418.68605737019595
2693736,5,confirmed_planet_host,10.0,448.01085752188374,0.45,2.0,0.001,40,filter,True,,True,0.0177021659910678,14.17645345791243,0.1423979578539729,14.337115499889478,10.000333444481496,448.0309935398212,1.5,7.642391589704192,6.788082915931833,10,10,1.0,2.416736419438027,3.33444481494638e-05,3.33444481494638e-05,True,True,1.0,True,,,,"[10.000333444481495, 10.303767922640882, 12.801267089029677, 14.98599533177726, 6.3591197065688565]","[7.642391589704192, 6.392983209159583, 5.933638413890586, 5.916631608527089, 5.915599893445649]",9.99566522174058,448.02960752188375,2.7,0.0008126055606241,0.0060429001720011,10.395174522292145,0.0004334778259419,0.0004334778259419,True,True,1.0,True,2.0,,,"[9.99566522174058, 5.000666888962988, 3.334111370456819, 14.990663554518173, 12.119706568856286]","[10.395174522292145, 7.133731362923004, 5.879291150584351, 5.425397943999135, 5.417907938801411]",16.085275694914447,5.684844459265036,0.12718204488778054,0.0024937655860349127,False,True,False,True,False,True,False,False,True,False,True,False,False,True,False,True,low_scatter,454.0150778128674,0.0321536469572723,0.11697155782416188,418.68605737019595
2693736,5,confirmed_planet_host,10.0,448.01085752188374,0.45,4.0,0.0005,81,filter,True,,True,0.0183200419414788,12.823524957988411,0.1444898329209536,12.986914042150602,9.757585861953986,448.77151834913735,10.0,7.229631468572799,3.982294815408928,9,7,0.7777777777777778,2.409877156190933,0.0242414138046013,0.0242414138046013,False,False,3.0,True,,,,"[9.757585861953986, 10.303767922640882, 9.939646548849618, 12.801267089029677, 14.019673224408137]","[7.229631468572799, 6.441692921501806, 6.391978869436479, 5.978848265195885, 5.905749286511901]",10.000333444481496,448.0046075218837,3.9,0.0005130152713205,0.0044912568872265,7.008556480619709,3.33444481494638e-05,3.33444481494638e-05,True,True,1.0,True,3.0,,,"[10.000333444481495, 12.119706568856286, 5.000666888962988, 6.065021673891297, 3.334111370456819]","[7.008556480619709, 5.753177626353863, 5.650781114600743, 4.163465403537103, 3.9996365951030994]",16.085275694914447,5.684844459265036,0.2119700748129676,0.0024937655860349127,False,True,False,True,False,True,False,False,True,False,True,False,False,True,False,True,low_scatter,454.0150778128674,0.0321536469572723,0.11697155782416188,418.68605737019595
2693736,5,confirmed_planet_host,10.0,448.01085752188374,0.45,4.0,0.001,81,filter,True,,True,0.0167672079987823,16.78319099987857,0.1513062089215964,16.952209667069837,9.99566522174058,448.0337642224872,2.7142857142857144,7.579460113083555,6.461298656484279,10,9,0.9,2.396835739174142,0.0004334778259419,0.0004334778259419,True,True,1.0,True,,,,"[9.99566522174058, 9.757585861953986, 10.303767922640882, 12.801267089029677, 8.847282427475825]","[7.579460113083555, 7.196469717791473, 6.41214538284769, 5.95142375856762, 5.897805532016983]",10.000333444481496,448.0046075218837,3.9,0.0010061511914476,0.0088084774875184,15.29611109699468,3.33444481494638e-05,3.33444481494638e-05,True,True,1.0,True,2.0,,,"[10.000333444481495, 5.000666888962988, 3.334111370456819, 15.0, 6.667222407469157]","[15.29611109699468, 11.457438688019836, 8.360521475343782, 6.814121963640141, 5.6126254029884075]",16.085275694914447,5.684844459265036,0.13216957605985039,0.0024937655860349127,False,True,False,True,False,True,False,False,True,False,True,False,False,True,False,True,low_scatter,454.0150778128674,0.0321536469572723,0.11697155782416188,418.68605737019595
2693736,5,confirmed_planet_host,10.0,448.01085752188374,0.45,8.0,0.0005,160,filter,True,,True,0.019443750148639,17.359991624951363,0.1558276670984923,17.53610570798628,9.757585861953986,448.77151834913735,10.0,7.213791511991936,3.973569698887778,9,7,0.7777777777777778,2.4045971706639784,0.0242414138046013,0.0242414138046013,False,False,3.0,True,,,,"[9.757585861953986, 10.303767922640882, 9.939646548849618, 12.801267089029677, 6.3591197065688565]","[7.213791511991936, 6.427579320189292, 6.3779741904707805, 5.9657487459000595, 5.9476126086406085]",9.99566522174058,448.0671075218837,7.5,0.0004158805184106,0.0050075758167126,7.51478029881005,0.0004334778259419,0.0004334778259419,True,True,1.0,True,2.0,,,"[9.99566522174058, 5.000666888962988, 3.334111370456819, 12.119706568856286, 14.98599533177726]","[7.51478029881005, 7.004171374358041, 5.465964599505902, 5.022686414192593, 4.693927396535532]",16.085275694914447,5.684844459265036,0.2169576059850374,0.0024937655860349127,False,True,False,True,False,True,False,False,True,False,True,False,False,True,False,True,low_scatter,454.0150778128674,0.0321536469572723,0.11697155782416188,418.68605737019595
2693736,5,confirmed_planet_host,10.0,448.01085752188374,0.45,8.0,0.001,160,filter,True,,True,0.0219110001344233,15.80322420783341,0.1617900829296559,15.987941917032003,9.757585861953986,448.77151834913735,10.0,7.189878218724706,3.9603975497662898,9,7,0.7777777777777778,2.3966260729082354,0.0242414138046013,0.0242414138046013,False,False,4.0,True,,,,"[9.757585861953986, 8.525175058352785, 10.303767922640882, 9.939646548849618, 12.801267089029677]","[7.189878218724706, 6.5480346594856265, 6.4062722739534035, 6.356831582313336, 5.945972640771132]",10.000333444481496,448.02960752188375,8.700000000000001,0.0008371451125235,0.0108263772930027,15.57033776769006,3.33444481494638e-05,3.33444481494638e-05,True,True,1.0,True,2.0,,,"[10.000333444481495, 5.000666888962988, 3.334111370456819, 14.990663554518173, 2.4984994998332777]","[15.570337767690061, 12.253646734207036, 9.516688232669445, 7.605336618943961, 7.581478856606671]",16.085275694914447,5.684844459265036,0.22942643391521197,0.0024937655860349127,False,True,False,True,False,True,False,False,True,False,True,False,False,True,False,True,low_scatter,454.0150778128674,0.0321536469572723,0.11697155782416188,418.68605737019595
2713049,5,confirmed_planet_host,2.0,444.4104476017659,0.45,2.0,0.001,188,filter,True,,True,0.0171090411022305,15.669758124975488,0.1428603329695761,15.830363457789645,1.0,444.4294788485818,1.5,12.1775849605153,11.779159999111624,92,74,0.8043478260869565,1.269600996336047,0.0,0.5,True,False,,False,1.0,2.0,4.0,"[1.0, 4.00166722240747, 7.997665888629544, 5.999666555518506, 10.000333444481495]","[12.1775849605153, 9.727333884976698, 9.17371760904696, 9.110886128247827, 7.915574938439439]",1.9989996665555188,444.4416976017659,2.7,0.0007459417420259,0.0115039792947067,10.577159215737854,0.0005001667222406,0.0005001667222406,True,True,1.0,True,3.0,2.0,4.0,"[1.9989996665555188, 4.00166722240747, 1.0, 5.999666555518506, 8.002334111370457]","[10.577159215737854, 7.2492588973105585, 6.868836447906803, 6.033171098498856, 5.282681359803238]",16.085275694914447,5.684844459265036,0.032418952618453865,0.0024937655860349127,False,True,False,True,False,True,False,False,True,False,True,False,False,True,False,True,low_scatter,452.97370745852663,0.0321536469572723,0.30312184233503736,350.575032674304
2713049,5,confirmed_planet_host,2.0,444.4104476017659,0.45,4.0,0.0005,372,filter,True,,True,0.0179347919765859,13.560086166020485,0.133760874858126,13.712395790964363,14.001000333444482,446.42314692286305,3.928571428571429,6.78792149560788,6.12036322206055,7,7,1.0,2.5655931709154376,2.5002500833611205,6.000500166722241,False,False,,False,,,,"[14.001000333444482, 8.497165721907303, 10.961987329109704, 8.203067689229744, 13.193397799266423]","[6.78792149560788, 6.413471505852504, 6.3867163986798765, 6.156861043576679, 6.139367675529239]",1.9989996665555188,444.4416976017659,3.9,0.0004953096541808,0.0090583181145027,7.604915549808501,0.0005001667222406,0.0005001667222406,True,True,1.0,True,,2.0,5.0,"[1.9989996665555188, 4.00166722240747, 11.988996332110704, 8.002334111370457, 5.999666555518506]","[7.604915549808501, 5.485507789460889, 3.9166962966742047, 3.899614839604351, 3.844412039153598]",16.085275694914447,5.684844459265036,0.4014962593516209,0.0024937655860349127,False,True,False,True,False,True,False,False,True,False,True,False,False,True,False,True,low_scatter,452.97370745852663,0.0321536469572723,0.30312184233503736,350.575032674304
2713049,5,confirmed_planet_host,2.0,444.4104476017659,0.45,4.0,0.001,372,filter,True,,True,0.0168277081102132,16.49483229103498,0.1417628747876733,16.654138958081603,4.00166722240747,446.39960253493535,3.928571428571429,11.648307226064532,9.319835521634571,23,20,0.8695652173913043,2.428839955999636,0.0004168056018674,1.0008336112037348,True,False,,False,5.0,1.0,2.0,"[4.00166722240747, 5.999666555518506, 7.997665888629544, 13.99633211070357, 1.0]","[11.648307226064532, 10.43228208411207, 9.666722108537115, 9.528297152882011, 9.478774406619488]",1.9989996665555188,444.4416976017659,3.9,0.0009524802438435,0.0174191416898237,14.832288142078475,0.0005001667222406,0.0005001667222406,True,True,1.0,True,3.0,2.0,4.0,"[1.9989996665555188, 4.00166722240747, 1.0, 5.999666555518506, 7.997665888629544]","[14.832288142078477, 10.537492047998148, 8.95372656964033, 8.112729385820897, 7.451148831473199]",16.085275694914447,5.684844459265036,0.032418952618453865,0.0024937655860349127,False,True,False,True,False,True,False,False,True,False,True,False,False,True,False,True,low_scatter,452.97370745852663,0.0321536469572723,0.30312184233503736,350.575032674304
2713049,5,confirmed_planet_host,2.0,444.4104476017659,0.45,8.0,0.0005,747,filter,True,,True,0.0196228330023586,15.630001083016396,0.1486781248822808,15.798891875194386,1.0,444.36251456286755,5.142857142857142,6.833736220405668,6.013269774219069,91,67,0.7362637362637363,0.7163702058008615,0.0,0.5,True,False,,False,1.0,4.0,,"[1.0, 14.005668556185396, 4.97732577525842, 3.996998999666556, 10.961987329109704]","[6.833736220405668, 6.5048183652821425, 6.436726961070234, 6.41919944614967, 6.339640101085557]",1.9989996665555188,444.4416976017659,8.700000000000001,0.0004915361588359,0.0126632572283409,10.306322015405538,0.0005001667222406,0.0005001667222406,True,True,1.0,True,,2.0,3.0,"[1.9989996665555188, 4.00166722240747, 5.999666555518506, 11.988996332110704, 8.002334111370457]","[10.306322015405538, 7.318294397961431, 5.576773758061143, 5.396969906630246, 5.3214564643117]",16.085275694914447,5.684844459265036,0.3765586034912718,0.0024937655860349127,False,True,False,True,False,True,False,False,True,False,True,False,False,True,False,True,low_scatter,452.97370745852663,0.0321536469572723,0.30312184233503736,350.575032674304
2713049,5,confirmed_planet_host,2.0,444.4104476017659,0.45,8.0,0.001,747,filter,True,,True,0.0179153340868651,17.125166583107784,0.1474736670497805,17.2913435830269,1.0,444.36251456286755,5.142857142857142,10.18522800345126,9.276218794151,91,75,0.8241758241758241,1.0677020074573416,0.0,0.5,True,False,,False,1.0,3.0,2.0,"[1.0, 5.999666555518506, 4.00166722240747, 7.997665888629544, 10.000333444481495]","[10.185228003451261, 8.561034474389501, 8.417953478133361, 7.2278331652228, 7.147291488655598]",1.9989996665555188,444.4416976017659,8.700000000000001,0.0009466205629679,0.0243874219037888,18.55029373072984,0.0005001667222406,0.0005001667222406,True,True,1.0,True,3.0,2.0,4.0,"[1.9989996665555188, 4.00166722240747, 1.0, 5.999666555518506, 8.002334111370457]","[18.55029373072984, 12.86859966568762, 10.311240384138067, 9.901400323441067, 9.10249325769423]",16.085275694914447,5.684844459265036,0.04239401496259352,0.0024937655860349127,False,True,False,True,False,True,False,False,True,False,True,False,False,True,False,True,low_scatter,452.97370745852663,0.0321536469572723,0.30312184233503736,350.575032674304
2713049,5,confirmed_planet_host,5.0,445.7604476017659,0.45,2.0,0.001,71,filter,True,,True,0.0117092079017311,16.47865437506698,0.1450721668079495,16.635982417035848,9.99566522174058,450.8084781697389,1.5,6.671315454650554,6.06118636455036,8,8,1.0,2.358666198709011,0.0004334778259419,0.999133044348116,True,False,,False,,1.0,5.0,"[9.99566522174058, 14.005668556185396, 10.961987329109704, 12.567855951983995, 14.836612204068024]","[6.671315454650554, 6.537310506840569, 6.37130716264309, 6.361627278284568, 6.3404000159773135]",5.000666888962988,445.7541976017659,2.7,0.0006887226873065,0.0067093792662457,5.782438589950975,0.0001333777925976,0.0001333777925976,True,True,1.0,True,3.0,2.0,4.0,"[5.000666888962988, 10.000333444481495, 2.4984994998332777, 14.995331777259088, 11.811603867955986]","[5.782438589950975, 3.5522754263196292, 3.10996598234412, 3.0411380749735715, 2.6440233785342753]",16.085275694914447,5.684844459265036,0.48877805486284287,0.007481296758104738,False,True,False,True,False,True,False,False,True,False,True,False,False,True,False,True,low_scatter,452.97370745852663,0.0321536469572723,0.30312184233503736,350.575032674304
2713049,5,confirmed_planet_host,5.0,445.7604476017659,0.45,4.0,0.001,143,filter,True,,True,0.0169285831507295,16.242812833050266,0.0626996250357478,16.323130666976795,10.000333444481496,445.7702633000341,3.928571428571429,11.02259702815338,10.273371060799448,8,8,1.0,3.8970765524469706,3.33444481494638e-05,1.000066688896299,True,False,3.0,True,,1.0,2.0,"[10.000333444481495, 15.0, 5.000666888962988, 11.52217405801934, 14.005668556185396]","[11.022597028153381, 10.625136701636213, 10.089194926371455, 6.691552965604632, 6.552967010685085]",5.000666888962988,445.7541976017659,3.9,0.0009651011883556,0.0112006670547383,9.879920699720438,0.0001333777925976,0.0001333777925976,True,True,1.0,True,3.0,2.0,4.0,"[5.000666888962988, 10.000333444481495, 2.4984994998332777, 15.0, 1.6675558519506501]","[9.879920699720438, 6.701691181933459, 5.506370534220895, 5.192484029559346, 4.545772234231807]",16.085275694914447,5.684844459265036,0.032418952618453865,0.0024937655860349127,False,True,False,True,False,True,False,False,True,False,True,False,False,True,False,True,low_scatter,452.97370745852663,0.0321536469572723,0.30312184233503736,350.575032674304
2713049,5,confirmed_planet_host,5.0,445.7604476017659,0.45,8.0,0.0005,287,filter,True,,True,0.0130297918803989,15.506423250073569,0.138784792041406,15.658807500032708,14.005668556185396,449.37804408154983,6.357142857142858,6.554925606345779,3.767380581391356,7,6,0.8571428571428571,2.477529002417171,0.4005668556185396,1.801133711237079,False,False,,False,,4.0,3.0,"[14.005668556185396, 10.961987329109704, 14.841280426808938, 10.140380126708903, 11.582860953651219]","[6.554925606345779, 6.388474958104353, 6.270716432992255, 6.156911918822262, 6.050561782587515]",5.000666888962988,445.7541976017659,7.5,0.0004900850178111,0.0077932147438499,6.147093931131957,0.0001333777925976,0.0001333777925976,True,True,1.0,True,3.0,2.0,4.0,"[5.000666888962988, 10.000333444481495, 2.4984994998332777, 14.995331777259088, 1.6675558519506501]","[6.147093931131957, 3.908043993715423, 3.6940645373216667, 3.531969308979215, 2.9784458627131865]",16.085275694914447,5.684844459265036,0.5785536159600998,0.004987531172069825,False,True,False,True,False,True,False,False,True,False,True,False,False,True,False,True,low_scatter,452.97370745852663,0.0321536469572723,0.30312184233503736,350.575032674304
2713049,5,confirmed_planet_host,5.0,445.7604476017659,0.45,8.0,0.001,287,filter,True,,True,0.0169573328457772,16.479320832993835,0.1437990001868456,16.64066074998118,10.000333444481496,445.7487502983782,8.785714285714285,7.843095011394662,6.885193188158583,9,8,0.8888888888888888,2.6143650037982207,3.33444481494638e-05,1.000066688896299,True,False,,False,,1.0,5.0,"[10.000333444481495, 14.005668556185396, 10.961987329109704, 8.74924974991664, 15.0]","[7.843095011394662, 6.524843285823328, 6.359156524474336, 6.318320118691987, 6.281504623319186]",5.000666888962988,445.7541976017659,7.5,0.0009879502929534,0.015710149279043,12.058647928271125,0.0001333777925976,0.0001333777925976,True,True,1.0,True,3.0,2.0,4.0,"[5.000666888962988, 10.000333444481495, 2.4984994998332777, 14.995331777259088, 1.6675558519506501]","[12.058647928271123, 7.919574337733298, 7.504071426711956, 6.718684495028582, 5.834001105282439]",16.085275694914447,5.684844459265036,0.11221945137157108,0.0024937655860349127,False,True,False,True,False,True,False,False,True,False,True,False,False,True,False,True,low_scatter,452.97370745852663,0.0321536469572723,0.30312184233503736,350.575032674304
2713049,5,confirmed_planet_host,10.0,448.0104476017659,0.45,4.0,0.001,81,filter,True,,True,0.0186662499327212,17.571397166932,0.1511955829337239,17.742048582993448,11.601533844614872,451.5829735806494,7.571428571428571,6.774235472979799,6.288658230150417,8,6,0.75,2.3950539201492376,0.1601533844614872,0.1601533844614872,False,False,,False,,,,"[11.601533844614872, 14.57519173057686, 14.005668556185396, 10.961987329109704, 14.836612204068024]","[6.774235472979799, 6.717994118614103, 6.567916809853079, 6.401136273162098, 6.283144362492891]",10.000333444481496,448.0041976017659,3.9,0.0009792537025736,0.0085730000292284,7.1454936350401494,3.33444481494638e-05,3.33444481494638e-05,True,True,1.0,True,2.0,,,"[10.000333444481495, 5.000666888962988, 11.904968322774259, 14.976658886295432, 2.4984994998332777]","[7.1454936350401494, 4.764926708157225, 2.7469662122530263, 2.4861358645782685, 2.13212971284554]",16.085275694914447,5.684844459265036,0.40648379052369077,0.0024937655860349127,False,True,False,True,False,True,False,False,True,False,True,False,False,True,False,True,low_scatter,452.97370745852663,0.0321536469572723,0.30312184233503736,350.575032674304
2713049,5,confirmed_planet_host,10.0,448.0104476017659,0.45,8.0,0.001,161,filter,True,,True,0.0445863751228898,16.83309766696766,0.2468046250287443,17.12520091701299,14.005668556185396,449.37804408154983,6.357142857142858,6.549686141812607,3.764369249436643,7,6,0.8571428571428571,2.475548670966041,0.2997165721907301,0.4005668556185396,False,False,5.0,True,,,,"[14.005668556185396, 10.961987329109704, 14.836612204068024, 12.567855951983995, 10.140380126708903]","[6.549686141812607, 6.383368540430956, 6.26570414172896, 6.199351155764434, 6.151990593460262]",9.99566522174058,448.02919760176593,7.5,0.0010473409706868,0.0126917938030557,9.167326540915807,0.0004334778259419,0.0004334778259419,True,True,1.0,True,2.0,,,"[9.99566522174058, 5.000666888962988, 15.0, 2.4984994998332777, 3.334111370456819]","[9.167326540915807, 6.445486368132634, 3.7683663339615623, 3.26447165862477, 2.9234033960156385]",16.085275694914447,5.684844459265036,0.5860349127182045,0.0024937655860349127,False,True,False,True,False,True,False,False,True,False,True,False,False,True,False,True,low_scatter,452.97370745852663,0.0321536469572723,0.30312184233503736,350.575032674304
2715695,5,confirmed_planet_host,2.0,444.410406812049,0.45,2.0,0.0005,188,filter,True,,True,0.0246831669937819,14.50945600005798,0.157126999925822,14.69209604198113,13.025341780593532,451.26454330277375,7.571428571428571,7.095647887164926,6.1961435424633935,7,7,1.0,2.6819028143313277,2.256335445148383,5.512670890296766,False,False,,False,,,,"[13.025341780593532, 13.907635878626209, 9.561520506835613, 13.739579859953318, 14.654551517172392]","[7.095647887164926, 6.182636184928057, 5.849328434262422, 5.72595232702265, 5.689300191117609]",1.9989996665555188,444.42915681204903,1.5,0.0005990239411461,0.0069521120908894,6.576459333303839,0.0005001667222406,0.0005001667222406,True,True,1.0,True,5.0,3.0,2.0,"[1.9989996665555188, 5.994998332777593, 4.00166722240747, 12.79193064354785, 1.0]","[6.576459333303839, 3.9831269204868707, 3.72340866576957, 3.027657454174284, 2.989009814301708]",16.085275694914447,5.684844459265036,0.2743142144638404,0.0024937655860349127,False,True,False,True,False,True,False,False,True,False,True,False,False,True,False,True,high_scatter,751.0872160005945,0.03193785066896848,0.12117273027988106,667.7552088921291
2715695,5,confirmed_planet_host,2.0,444.410406812049,0.45,2.0,0.001,188,filter,True,,True,0.016317541943863,16.905648125102744,0.1457644160836935,17.068316167220473,13.025341780593532,451.26454330277375,7.571428571428571,7.04919632725721,6.228474566961559,7,7,1.0,2.6643457749703514,2.256335445148383,5.512670890296766,False,False,,False,,5.0,,"[13.025341780593532, 3.903634544848283, 13.907635878626209, 14.411803934644883, 3.996998999666556]","[7.04919632725721, 6.1550665918698595, 6.1421616433923525, 5.962132465107764, 5.912297440756043]",1.9989996665555188,444.42915681204903,1.5,0.0010562664287296,0.0122587464472972,12.10830844956643,0.0005001667222406,0.0005001667222406,True,True,1.0,True,3.0,2.0,4.0,"[1.9989996665555188, 4.00166722240747, 1.0, 5.994998332777593, 7.997665888629544]","[12.10830844956643, 8.179592733715749, 7.234026033612587, 6.706194536841017, 5.633765547260122]",16.085275694914447,5.684844459265036,0.286783042394015,0.0024937655860349127,False,True,False,True,False,True,False,False,True,False,True,False,False,True,False,True,high_scatter,751.0872160005945,0.03193785066896848,0.12117273027988106,667.7552088921291
2715695,5,confirmed_planet_host,2.0,444.410406812049,0.45,4.0,0.0005,372,filter,True,,True,0.0184425842016935,14.956232582917435,0.0678210000041872,15.042789208935574,13.025341780593532,451.26454330277375,7.571428571428571,7.159986035956956,6.17828600263541,7,7,1.0,2.7062203488338965,2.256335445148383,5.512670890296766,False,False,,False,,,,"[13.025341780593532, 13.907635878626209, 12.857285761920641, 9.561520506835613, 14.654551517172392]","[7.159986035956956, 6.238695810929569, 5.974865421030695, 5.902365869197401, 5.7408866069092905]",1.9989996665555188,444.42915681204903,3.9,0.000508482205641,0.0092993118153781,8.961883510741819,0.0005001667222406,0.0005001667222406,True,True,1.0,True,4.0,2.0,3.0,"[1.9989996665555188, 3.996998999666556, 5.994998332777593, 1.0, 9.990996998999668]","[8.961883510741819, 5.6895524434365745, 5.318250001219856, 4.921261642680897, 3.817241528061209]",16.085275694914447,5.684844459265036,0.24438902743142144,0.0024937655860349127,False,True,False,True,False,True,False,False,True,False,True,False,False,True,False,True,high_scatter,751.0872160005945,0.03193785066896848,0.12117273027988106,667.7552088921291
2715695,5,confirmed_planet_host,2.0,444.410406812049,0.45,4.0,0.001,372,filter,True,,True,0.0115484169218689,15.96265291585587,0.1455583330243826,16.12066820799373,1.0,444.41880879773464,3.928571428571429,7.151103377757834,6.442898134893848,91,60,0.6593406593406593,0.749639323673443,0.0,0.5,True,False,,False,1.0,,,"[1.0, 13.025341780593532, 13.907635878626209, 6.578526175391798, 9.141380460153385]","[7.151103377757834, 7.06366476180042, 6.154768394511996, 6.0037088514722825, 5.900647299844041]",1.9989996665555188,444.42915681204903,3.9,0.0009716335618055,0.017769596185032,15.649936468369246,0.0005001667222406,0.0005001667222406,True,True,1.0,True,3.0,2.0,4.0,"[1.9989996665555188, 4.00166722240747, 1.0, 5.999666555518506, 7.997665888629544]","[15.649936468369246, 10.182469225212602, 9.872109888064376, 8.811769157566804, 7.0255615557192925]",16.085275694914447,5.684844459265036,0.24688279301745636,0.0024937655860349127,False,True,False,True,False,True,False,False,True,False,True,False,False,True,False,True,high_scatter,751.0872160005945,0.03193785066896848,0.12117273027988106,667.7552088921291
2715695,5,confirmed_planet_host,2.0,444.410406812049,0.45,8.0,0.0005,747,filter,True,,True,0.0183338748756796,12.610934833064675,0.1381478749681264,12.768085915828124,13.025341780593532,451.26454330277375,7.571428571428571,7.149487654092363,6.169227045620887,7,7,1.0,2.702252333464996,2.256335445148383,5.512670890296766,False,False,,False,,,,"[13.025341780593532, 13.907635878626209, 9.561520506835613, 14.654551517172392, 14.257752584194733]","[7.149487654092363, 6.229548277592039, 5.893711482095501, 5.73246898995613, 5.730973185617434]",1.9989996665555188,444.42915681204903,8.700000000000001,0.000509715981488,0.0131319396055322,12.525075417642736,0.0005001667222406,0.0005001667222406,True,True,1.0,True,4.0,2.0,3.0,"[1.9989996665555188, 4.00166722240747, 6.0043347782594205, 1.0, 10.005001667222409]","[12.525075417642736, 7.670201750724371, 7.019366020884019, 6.133708934436176, 5.061780814373107]",16.085275694914447,5.684844459265036,0.24937655860349128,0.0024937655860349127,False,True,False,True,False,True,False,False,True,False,True,False,False,True,False,True,high_scatter,751.0872160005945,0.03193785066896848,0.12117273027988106,667.7552088921291
2715695,5,confirmed_planet_host,2.0,444.410406812049,0.45,8.0,0.001,747,filter,True,,True,0.0168303339742124,16.53513383306563,0.0671726248692721,16.61942645907402,13.025341780593532,451.26454330277375,7.571428571428571,7.07465447364352,6.104654183470327,7,7,1.0,2.6739680498530447,2.256335445148383,5.512670890296766,False,False,,False,,,,"[13.025341780593532, 13.907635878626209, 2.666555518506169, 13.24008002667556, 9.561520506835613]","[7.07465447364352, 6.164344037382605, 6.001811265895779, 5.961187869811539, 5.832022421817088]",1.9989996665555188,444.42915681204903,8.700000000000001,0.0009663072844341,0.0248952149048352,20.0837842439367,0.0005001667222406,0.0005001667222406,True,True,1.0,True,3.0,2.0,4.0,"[1.9989996665555188, 4.00166722240747, 1.0, 5.999666555518506, 7.997665888629544]","[20.0837842439367, 12.96926785489676, 11.264683108314571, 10.906123071413665, 8.379690334106119]",16.085275694914447,5.684844459265036,0.2817955112219451,0.0024937655860349127,False,True,False,True,False,True,False,False,True,False,True,False,False,True,False,True,high_scatter,751.0872160005945,0.03193785066896848,0.12117273027988106,667.7552088921291
2715695,5,confirmed_planet_host,5.0,445.76040681204904,0.45,2.0,0.001,71,filter,True,,True,0.0167618340346962,16.572781583992764,0.157584625063464,16.747837082948536,13.025341780593532,451.26454330277375,7.571428571428571,7.0732493164029755,6.1034416862298055,7,7,1.0,2.6734369503371274,0.3025341780593532,1.6050683561187065,False,False,,False,,,,"[13.025341780593532, 13.907635878626209, 6.256418806268757, 9.561520506835613, 4.603867955985329]","[7.0732493164029755, 6.1631196846329965, 5.930151911848456, 5.830864074287387, 5.705087509213355]",4.995998666222075,445.79165681204904,2.7,0.0007435917941421,0.0072073038303078,6.741736127202026,0.0008002667555849,0.0008002667555849,True,True,1.0,True,4.0,2.0,3.0,"[4.995998666222075, 9.99566522174058, 14.990663554518173, 2.4984994998332777, 12.49783261087029]","[6.741736127202026, 6.030494292345937, 5.194747838411297, 4.277680590581329, 3.368827843433369]",16.085275694914447,5.684844459265036,0.2817955112219451,0.0024937655860349127,False,True,False,True,False,True,False,False,True,False,True,False,False,True,False,True,high_scatter,751.0872160005945,0.03193785066896848,0.12117273027988106,667.7552088921291
2715695,5,confirmed_planet_host,5.0,445.76040681204904,0.45,4.0,0.001,143,filter,True,,True,0.0105288329068571,11.890780041925607,0.1379610830917954,12.039856625022368,13.025341780593532,451.26454330277375,7.571428571428571,7.173129615310757,6.189627476199509,7,7,1.0,2.711188154877811,0.3025341780593532,1.6050683561187065,False,False,,False,,,,"[13.025341780593532, 13.907635878626209, 9.561520506835613, 14.649883294431477, 14.257752584194733]","[7.173129615310757, 6.25014817871959, 5.91320083644278, 5.751425146831037, 5.749924396159138]",5.000666888962988,445.74165681204903,3.9,0.0009366654650893,0.0109084677564498,10.499442833787578,0.0001333777925976,0.0001333777925976,True,True,1.0,True,4.0,2.0,3.0,"[5.000666888962988, 10.000333444481495, 15.0, 2.4984994998332777, 7.498166055351785]","[10.499442833787578, 7.725341696258686, 7.0240693901906575, 6.708974208211924, 3.999738692199248]",16.085275694914447,5.684844459265036,0.23192019950124687,0.0024937655860349127,False,True,False,True,False,True,False,False,True,False,True,False,False,True,False,True,high_scatter,751.0872160005945,0.03193785066896848,0.12117273027988106,667.7552088921291
2715695,5,confirmed_planet_host,5.0,445.76040681204904,0.45,8.0,0.0005,287,filter,True,,True,0.0164292079862207,16.062317583011463,0.146808166988194,16.226336457999423,13.025341780593532,451.26454330277375,7.571428571428571,7.156871280463283,6.175598308808697,7,7,1.0,2.7050430819151776,0.3025341780593532,1.6050683561187065,False,False,,False,,,,"[13.025341780593532, 13.907635878626209, 8.245081693897966, 9.561520506835613, 14.649883294431477]","[7.156871280463283, 6.235981837473076, 6.093421342358263, 5.899798206854984, 5.738389191689815]",5.000666888962988,445.76665681204906,7.5,0.0005249453723081,0.0083476151274083,7.730286272688358,0.0001333777925976,0.0001333777925976,True,True,1.0,True,4.0,2.0,3.0,"[5.000666888962988, 10.028342780926977, 15.0, 2.4984994998332777, 12.525841947315772]","[7.730286272688358, 5.605847316814471, 5.3045380994258595, 4.01658246085416, 3.2016112216230495]",16.085275694914447,5.684844459265036,0.24438902743142144,0.0024937655860349127,False,True,False,True,False,True,False,False,True,False,True,False,False,True,False,True,high_scatter,751.0872160005945,0.03193785066896848,0.12117273027988106,667.7552088921291
2715695,5,confirmed_planet_host,5.0,445.76040681204904,0.45,8.0,0.001,287,filter,True,,True,0.0193559159524738,16.605396582977846,0.1496952080633491,16.775169458938763,13.025341780593532,451.26454330277375,7.571428571428571,7.130402000029445,6.152758210520385,7,7,1.0,2.6950386342850687,0.3025341780593532,1.6050683561187065,False,False,,False,,,,"[13.025341780593532, 13.907635878626209, 8.245081693897966, 9.561520506835613, 14.654551517172392]","[7.130402000029445, 6.212918414146326, 6.104193844054102, 5.8779781395210104, 5.717166086396868]",5.000666888962988,445.76665681204906,7.5,0.001018856546146,0.0162017283434108,14.248442575735982,0.0001333777925976,0.0001333777925976,True,True,1.0,True,4.0,2.0,3.0,"[5.000666888962988, 10.000333444481495, 14.995331777259088, 2.4984994998332777, 1.6675558519506501]","[14.248442575735982, 9.727324270324178, 8.668922403333367, 8.380385678640412, 5.828642307604269]",16.085275694914447,5.684844459265036,0.26184538653366585,0.0024937655860349127,False,True,False,True,False,True,False,False,True,False,True,False,False,True,False,True,high_scatter,751.0872160005945,0.03193785066896848,0.12117273027988106,667.7552088921291
2715695,5,confirmed_planet_host,10.0,448.01040681204904,0.45,4.0,0.001,81,filter,True,,True,0.0178596670739352,14.626921040937304,0.0927317908499389,14.737909417133778,13.025341780593532,451.26454330277375,7.571428571428571,7.113816135362105,6.138446420664759,7,7,1.0,2.6887697666866757,0.3025341780593532,0.3025341780593532,False,False,,False,,,,"[13.025341780593532, 13.907635878626209, 9.561520506835613, 14.649883294431477, 14.257752584194733]","[7.113816135362105, 6.198466687019885, 5.864305509290728, 5.703867517397633, 5.702379176196866]",10.000333444481496,448.004156812049,3.9,0.0009392600822559,0.0082228870579986,7.564748103125514,3.33444481494638e-05,3.33444481494638e-05,True,True,1.0,True,2.0,,,"[10.000333444481495, 5.000666888962988, 15.0, 2.5031677225741915, 14.220406802267423]","[7.564748103125514, 6.43299152721561, 4.2215655641259975, 3.825066699360125, 3.253026708488284]",16.085275694914447,5.684844459265036,0.26932668329177056,0.0024937655860349127,False,True,False,True,False,True,False,False,True,False,True,False,False,True,False,True,high_scatter,751.0872160005945,0.03193785066896848,0.12117273027988106,667.7552088921291
2715695,5,confirmed_planet_host,10.0,448.01040681204904,0.45,8.0,0.0005,161,filter,True,,True,0.0128657079767435,17.32658066600561,0.1562636671587824,17.49637391604483,13.025341780593532,451.26454330277375,7.571428571428571,7.165816489780513,6.183317047537759,7,7,1.0,2.708424053240722,0.3025341780593532,0.3025341780593532,False,False,,False,,,,"[13.025341780593532, 13.902967655885297, 9.561520506835613, 14.649883294431477, 14.257752584194733]","[7.165816489780513, 7.038332056459508, 5.9071722293602935, 5.745561472767934, 5.744062252136428]",9.99566522174058,448.04165681204904,8.700000000000001,0.000518222721068,0.0067019443291821,6.028882519260762,0.0004334778259419,0.0004334778259419,True,True,1.0,True,2.0,,,"[9.99566522174058, 5.000666888962988, 15.0, 2.5031677225741915, 14.220406802267423]","[6.028882519260762, 4.630734970757608, 3.988054988494296, 3.5195547959917866, 3.4270134600583755]",16.085275694914447,5.684844459265036,0.24189526184538654,0.004987531172069825,False,True,False,True,False,True,False,False,True,False,True,False,False,True,False,True,high_scatter,751.0872160005945,0.03193785066896848,0.12117273027988106,667.7552088921291
2715695,5,confirmed_planet_host,10.0,448.01040681204904,0.45,8.0,0.001,161,filter,True,,True,0.0261080001946538,16.45759224984795,0.2623689169995487,16.747059541055933,13.907635878626207,450.3010134416333,3.928571428571429,8.074343522723202,6.347171647521694,7,7,1.0,3.0518149944615423,0.3046182060686895,0.3907635878626209,False,False,,False,,,,"[13.907635878626209, 13.025341780593532, 9.561520506835613, 10.476492164054685, 14.654551517172392]","[8.074343522723202, 7.13509354680513, 5.881845636667442, 5.835815992399684, 5.7209277750251655]",9.99566522174058,448.02915681204905,8.700000000000001,0.000974028263706,0.0126313555603473,10.834540501077102,0.0004334778259419,0.0004334778259419,True,True,1.0,True,2.0,,,"[9.99566522174058, 5.000666888962988, 2.4984994998332777, 14.995331777259088, 3.334111370456819]","[10.834540501077102, 7.912521908199204, 5.4566728958439175, 5.092758604839287, 4.465482941033053]",16.085275694914447,5.684844459265036,0.10224438902743142,0.0024937655860349127,False,True,False,True,False,True,False,False,True,False,True,False,False,True,False,True,high_scatter,751.0872160005945,0.03193785066896848,0.12117273027988106,667.7552088921291
2716801,5,confirmed_planet_host,2.0,444.41039079807376,0.45,2.0,0.001,188,filter,True,,True,0.021896582795307,14.323190457886083,0.1609717500396073,14.506821583025156,1.0,444.4294220327825,1.5,6.9863567778415705,6.587406862560624,92,66,0.717391304347826,0.728378044962654,0.0,0.5,True,False,,False,1.0,3.0,,"[1.0, 10.639879959986663, 4.00166722240747, 14.86928976325442, 10.215071690563521]","[6.9863567778415705, 6.384849854731092, 6.2772684682601145, 6.142712802254593, 6.0604105151182575]",1.9989996665555188,444.4291407980738,1.5,0.0008446406782427,0.0098026744313967,13.648500637699168,0.0005001667222406,0.0005001667222406,True,True,1.0,True,3.0,2.0,4.0,"[1.9989996665555188, 4.00166722240747, 1.0, 5.999666555518506, 7.997665888629544]","[13.648500637699168, 9.015627310599415, 8.775228772864146, 8.546523890746029, 7.509249100220967]",16.085275694914447,5.684844459265036,0.2967581047381546,0.0024937655860349127,False,True,False,True,False,True,False,False,True,False,True,False,False,True,False,True,high_scatter,637.4152184568583,0.03193785066896848,0.08840203068259571,585.5662546125403
2716801,5,confirmed_planet_host,2.0,444.41039079807376,0.45,4.0,0.0005,372,filter,True,,True,0.0200924589298665,12.886815625010058,0.1397172498982399,13.04722383292392,13.482827609203069,453.6319105117293,8.785714285714285,6.244918403853921,4.7163966331316995,7,6,0.8571428571428571,2.3603572934982715,2.370706902300767,5.741413804601534,False,False,,False,,,,"[13.482827609203069, 11.80226742247416, 4.328442814271424, 1.0700233411137046, 11.932977659219741]","[6.244918403853921, 6.045752742861952, 5.934884976213174, 5.905043593589711, 5.897527919535223]",1.9989996665555188,444.4291407980738,5.1000000000000005,0.0003613657578179,0.0074609577463724,9.849483214664003,0.0005001667222406,0.0005001667222406,True,True,1.0,True,3.0,5.0,2.0,"[1.9989996665555188, 5.999666555518506, 1.0, 11.998332777592532, 4.00166722240747]","[9.849483214664003, 6.478989221849388, 6.036822543493416, 5.674802553103119, 5.494242541862297]",16.085275694914447,5.684844459265036,0.830423940149626,0.0024937655860349127,False,True,False,True,False,True,False,False,True,False,True,False,False,True,False,True,high_scatter,637.4152184568583,0.03193785066896848,0.08840203068259571,585.5662546125403
2716801,5,confirmed_planet_host,2.0,444.41039079807376,0.45,4.0,0.001,372,filter,True,,True,0.0166949999984353,15.835944208083674,0.1527009580750018,16.00606345781125,13.482827609203069,453.6319105117293,8.785714285714285,6.215039155370567,4.869753307846458,7,6,0.8571428571428571,2.349063999091349,2.370706902300767,5.741413804601534,False,False,,False,3.0,,,"[13.482827609203069, 11.998332777592532, 1.0, 11.80226742247416, 14.565855285095033]","[6.215039155370567, 6.200792075599217, 6.1464058060376745, 6.01682641640084, 5.921154696302451]",1.9989996665555188,444.4291407980738,3.9,0.0008663113361289,0.0158434241247516,20.286754069811764,0.0005001667222406,0.0005001667222406,True,True,1.0,True,2.0,3.0,4.0,"[1.9989996665555188, 1.0, 4.00166722240747, 5.999666555518506, 10.000333444481495]","[20.286754069811764, 13.144897306595253, 13.10452754873792, 12.27162644924899, 9.543428327184628]",16.085275694914447,5.684844459265036,0.8528678304239401,0.0024937655860349127,False,True,False,True,False,True,False,False,True,False,True,False,False,True,False,True,high_scatter,637.4152184568583,0.03193785066896848,0.08840203068259571,585.5662546125403
2716801,5,confirmed_planet_host,2.0,444.41039079807376,0.45,8.0,0.0005,747,filter,True,,True,0.0227158749476075,14.448134999955071,0.1494517500977963,14.62116075004451,13.482827609203069,453.6319105117293,8.785714285714285,6.205633905653121,4.425333748349205,7,6,0.8571428571428571,2.3455091488383744,2.370706902300767,5.741413804601534,False,False,,False,,,,"[13.482827609203069, 4.328442814271424, 11.80226742247416, 10.76592197399133, 1.0700233411137046]","[6.205633905653121, 6.123468631124496, 6.007721123008783, 6.003394515948978, 5.867897123543784]",1.9989996665555188,444.44164079807376,7.5,0.0004727352893978,0.0115102358300554,15.754539961654112,0.0005001667222406,0.0005001667222406,True,True,1.0,True,3.0,4.0,2.0,"[1.9989996665555188, 5.999666555518506, 1.0, 4.00166722240747, 11.998332777592532]","[15.754539961654112, 10.256396234577695, 9.788326429490478, 9.447409094391706, 8.207281299023775]",16.085275694914447,5.684844459265036,0.8653366583541147,0.0024937655860349127,False,True,False,True,False,True,False,False,True,False,True,False,False,True,False,True,high_scatter,637.4152184568583,0.03193785066896848,0.08840203068259571,585.5662546125403
2716801,5,confirmed_planet_host,2.0,444.41039079807376,0.45,8.0,0.001,747,filter,True,,True,0.0177983748726546,16.18844516715035,0.1426362500060349,16.34946774994023,11.998332777592532,454.4346879664653,8.785714285714285,7.387041818815366,5.728320779067497,7,6,0.8571428571428571,2.792039368145673,1.999583194398133,4.999166388796266,False,False,,False,3.0,,,"[11.998332777592532, 8.002334111370457, 1.0, 13.482827609203069, 13.067355785261755]","[7.387041818815366, 7.110220739900846, 6.5114818176668585, 6.183873643875807, 6.141871535850977]",1.9989996665555188,444.44164079807376,7.5,0.000956798905583,0.0232962956059982,26.883417900406563,0.0005001667222406,0.0005001667222406,True,True,1.0,True,3.0,2.0,4.0,"[1.9989996665555188, 4.00166722240747, 1.0, 5.999666555518506, 10.000333444481495]","[26.883417900406563, 17.069917545331425, 16.769728087742124, 15.879249222228264, 12.020047907217657]",16.085275694914447,5.684844459265036,0.16458852867830423,0.0024937655860349127,False,True,False,True,False,True,False,False,True,False,True,False,False,True,False,True,high_scatter,637.4152184568583,0.03193785066896848,0.08840203068259571,585.5662546125403
2716801,5,confirmed_planet_host,5.0,445.7603907980738,0.45,2.0,0.001,71,filter,True,,True,0.0168380830436944,11.277403542073444,0.1302852497901767,11.4250357078854,11.80226742247416,444.58257985211526,3.928571428571429,6.005373511307642,4.293538309029075,7,6,0.8571428571428571,2.2698178344249653,0.1802267422474159,1.360453484494832,False,False,,False,,5.0,,"[11.80226742247416, 10.76592197399133, 1.0233411137045683, 4.328442814271424, 10.177725908636212]","[6.005373511307642, 6.001048594937727, 5.902899283286615, 5.895246224035349, 5.882675145699697]",5.000666888962988,445.7666407980738,2.7,0.0008151541987005,0.0079410657665602,11.958922456434118,0.0001333777925976,0.0001333777925976,True,True,1.0,True,4.0,2.0,3.0,"[5.000666888962988, 10.000333444481495, 15.0, 2.4984994998332777, 7.722240746915639]","[11.958922456434118, 7.575291250373015, 5.478931098920638, 4.977608011019112, 3.4312006647473194]",16.085275694914447,5.684844459265036,0.9650872817955112,0.0024937655860349127,False,True,False,True,False,True,False,False,True,False,True,False,False,True,False,True,high_scatter,637.4152184568583,0.03193785066896848,0.08840203068259571,585.5662546125403
2716801,5,confirmed_planet_host,5.0,445.7603907980738,0.45,4.0,0.0005,143,filter,True,,True,0.0154925829265266,14.310676916968076,0.2457392499782145,14.572601750027388,13.80493497832611,454.3694669616682,5.142857142857142,6.485258344943167,3.276371717981534,7,5,0.7142857142857143,2.4511972526751373,0.3804934978326109,1.7609869956652218,False,False,,False,,,,"[13.80493497832611, 11.80226742247416, 10.76592197399133, 4.827942647549183, 4.328442814271424]","[6.485258344943167, 6.022166759740845, 6.017829749303023, 5.992001142522619, 5.911731515787596]",5.000666888962988,445.7416407980738,3.9,0.0005470880005067,0.006371422920882,8.74920834313551,0.0001333777925976,0.0001333777925976,True,True,1.0,True,5.0,2.0,3.0,"[5.000666888962988, 10.009669889963321, 15.0, 7.722240746915639, 2.4984994998332777]","[8.74920834313551, 7.429527831277489, 3.7328881242062324, 3.4729857296271915, 3.2964294196607757]",16.085275694914447,5.684844459265036,0.6384039900249376,0.0024937655860349127,False,True,False,True,False,True,False,False,True,False,True,False,False,True,False,True,high_scatter,637.4152184568583,0.03193785066896848,0.08840203068259571,585.5662546125403
2716801,5,confirmed_planet_host,5.0,445.7603907980738,0.45,4.0,0.001,143,filter,True,,True,0.029385499889031,18.003656124928966,0.2106495420448482,18.24449837510474,13.80493497832611,454.3694669616682,5.142857142857142,6.446154234325366,3.5170585743683085,7,5,0.7142857142857143,2.4364172881129855,0.3804934978326109,1.7609869956652218,False,False,,False,,,,"[13.80493497832611, 4.827942647549183, 4.328442814271424, 11.80226742247416, 10.76592197399133]","[6.446154234325366, 6.292509332812569, 6.1011811731508825, 5.985854948767982, 5.981544089167474]",5.000666888962988,445.75414079807376,3.9,0.0010300420593606,0.0119543934108946,16.405548697659412,0.0001333777925976,0.0001333777925976,True,True,1.0,True,3.0,2.0,4.0,"[5.000666888962988, 10.000333444481495, 2.4984994998332777, 15.0, 1.6675558519506501]","[16.405548697659412, 12.033408023043377, 8.586923579119711, 8.124204879971208, 5.532149333656432]",16.085275694914447,5.684844459265036,0.6733167082294265,0.0024937655860349127,False,True,False,True,False,True,False,False,True,False,True,False,False,True,False,True,high_scatter,637.4152184568583,0.03193785066896848,0.08840203068259571,585.5662546125403
2716801,5,confirmed_planet_host,5.0,445.7603907980738,0.45,8.0,0.0005,287,filter,True,,True,0.0178711251355707,16.63282037503086,0.1551644159480929,16.80650116619654,13.482827609203069,453.6319105117293,8.785714285714285,6.232584363957983,4.530662265717426,7,6,0.8571428571428571,2.3556954646089285,0.3482827609203068,1.6965655218406137,False,False,,False,,,,"[13.482827609203069, 11.80226742247416, 10.76592197399133, 4.827942647549183, 4.328442814271424]","[6.232584363957983, 6.033812065544949, 6.029466668455805, 6.003588115860804, 5.923163268523728]",5.000666888962988,445.7416407980738,7.5,0.0005333708940753,0.0084815967122935,11.39047243273989,0.0001333777925976,0.0001333777925976,True,True,1.0,True,4.0,2.0,3.0,"[5.000666888962988, 10.005001667222409, 14.990663554518173, 2.4984994998332777, 1.6675558519506501]","[11.39047243273989, 10.530626929281542, 6.000981782440854, 5.801093830446541, 4.22745609133887]",16.085275694914447,5.684844459265036,0.8379052369077307,0.0024937655860349127,False,True,False,True,False,True,False,False,True,False,True,False,False,True,False,True,high_scatter,637.4152184568583,0.03193785066896848,0.08840203068259571,585.5662546125403
2716801,5,confirmed_planet_host,5.0,445.7603907980738,0.45,8.0,0.001,287,filter,True,,True,0.0198775420431047,15.126558874966577,0.1425493329297751,15.289799541933462,13.436145381793931,452.189387288244,1.5,6.282821414806489,4.545577439694115,7,6,0.8571428571428571,2.374683285058422,0.3436145381793933,1.6872290763587867,False,False,2.0,True,,,,"[13.436145381793933, 4.995998666222075, 11.80226742247416, 10.76592197399133, 4.328442814271424]","[6.282821414806489, 6.036311675013308, 6.0044549376208485, 6.000130682784203, 5.89434449526721]",5.000666888962988,445.7416407980738,7.5,0.0010253047641516,0.0163042670931691,17.305406707129134,0.0001333777925976,0.0001333777925976,True,True,1.0,True,3.0,2.0,4.0,"[5.000666888962988, 10.005001667222409, 2.4984994998332777, 15.0, 1.6675558519506501]","[17.305406707129134, 13.530533261265374, 10.132217116843236, 9.37768504049759, 7.2808271808921985]",16.085275694914447,5.684844459265036,0.800498753117207,0.0024937655860349127,False,True,False,True,False,True,False,False,True,False,True,False,False,True,False,True,high_scatter,637.4152184568583,0.03193785066896848,0.08840203068259571,585.5662546125403
2716801,5,confirmed_planet_host,10.0,448.0103907980738,0.45,2.0,0.001,40,filter,True,,True,0.0172546659596264,16.676291832933202,0.0581595830153673,16.75200687488541,9.02000666888963,445.81034761908904,8.785714285714285,6.391348681265919,4.667195730344194,11,9,0.8181818181818182,1.9270641345538035,0.0979993331110369,0.0979993331110369,False,False,,False,,,,"[9.02000666888963, 13.482827609203069, 11.80226742247416, 10.76592197399133, 9.230076692230744]","[6.391348681265919, 6.237385780983747, 6.038460353685146, 6.034111609017799, 6.004505446666205]",10.000333444481496,448.0166407980738,1.5,0.000941948080703,0.0052263926211609,7.134468049722976,3.33444481494638e-05,3.33444481494638e-05,True,True,1.0,True,,,,"[10.000333444481495, 14.93464488162721, 3.334111370456819, 14.621873957985997, 7.698899633211071]","[7.134468049722976, 5.9351445998682815, 4.017148584780089, 3.510851589598983, 3.2340996875227086]",16.085275694914447,5.684844459265036,0.713216957605985,0.0024937655860349127,False,True,False,True,False,True,False,False,True,False,True,False,False,True,False,True,high_scatter,637.4152184568583,0.03193785066896848,0.08840203068259571,585.5662546125403
2716801,5,confirmed_planet_host,10.0,448.0103907980738,0.45,4.0,0.001,81,filter,True,,True,0.0203252090141177,16.51374450000003,0.1435501668602228,16.67830395908095,10.000333444481496,448.01977024475207,3.928571428571429,6.754533401553089,5.689132983840191,9,9,1.0,2.2515111338510296,3.33444481494638e-05,3.33444481494638e-05,True,True,1.0,True,,,,"[10.000333444481495, 13.482827609203069, 8.711903967989329, 11.80226742247416, 10.76592197399133]","[6.754533401553089, 6.271397684138048, 6.250609811364603, 6.071387534392291, 6.06701507641176]",10.000333444481496,448.00414079807376,3.9,0.0009531946613149,0.0083448793282626,12.630807319912746,3.33444481494638e-05,3.33444481494638e-05,True,True,1.0,True,2.0,,,"[10.000333444481495, 5.000666888962988, 14.995331777259088, 3.334111370456819, 2.4984994998332777]","[12.630807319912746, 7.1835716358801465, 6.398999957275012, 6.273568066934057, 4.9400702472990785]",16.085275694914447,5.684844459265036,0.428927680798005,0.0024937655860349127,False,True,False,True,False,True,False,False,True,False,True,False,False,True,False,True,high_scatter,637.4152184568583,0.03193785066896848,0.08840203068259571,585.5662546125403
2716801,5,confirmed_planet_host,10.0,448.0103907980738,0.45,8.0,0.0005,161,filter,True,,True,0.0172201669774949,14.687488415976986,0.1506962918210774,14.856106708059087,13.482827609203069,453.6319105117293,8.785714285714285,6.265574993670822,4.554644195593348,7,6,0.8571428571428571,2.368164750582584,0.3258586195398466,0.3482827609203068,False,False,,False,,,,"[13.482827609203069, 11.80226742247416, 10.76592197399133, 4.328442814271424, 1.0700233411137046]","[6.265574993670822, 6.06575054370858, 6.061382145344529, 5.95451605489764, 5.924575964627325]",10.000333444481496,447.9916407980738,7.5,0.0004709924382949,0.0056711948156124,7.45221085016403,3.33444481494638e-05,3.33444481494638e-05,True,True,1.0,True,5.0,,,"[10.000333444481495, 14.93464488162721, 3.338779593197733, 14.621873957985997, 4.995998666222075]","[7.45221085016403, 6.948285298864071, 4.273479550770084, 3.5404780688035875, 3.0129607093064665]",16.085275694914447,5.684844459265036,0.8054862842892768,0.0024937655860349127,False,True,False,True,False,True,False,False,True,False,True,False,False,True,False,True,high_scatter,637.4152184568583,0.03193785066896848,0.08840203068259571,585.5662546125403
2716801,5,confirmed_planet_host,10.0,448.0103907980738,0.45,8.0,0.001,161,filter,True,,True,0.0178906668443232,18.364556374959648,0.1999399168416857,18.58392420806922,13.482827609203069,453.6319105117293,8.785714285714285,6.242043935016753,4.537538726450743,7,6,0.8571428571428571,2.35927084639905,0.3258586195398466,0.3482827609203068,False,False,,False,,,,"[13.482827609203069, 11.80226742247416, 10.76592197399133, 4.328442814271424, 1.0700233411137046]","[6.242043935016753, 6.042969947838426, 6.0386179554767345, 5.9321532124313165, 5.902325565475618]",9.99566522174058,448.0291407980738,7.5,0.0009597626241019,0.0116305551799593,15.500424970684938,0.0004334778259419,0.0004334778259419,True,True,1.0,True,2.0,,,"[9.99566522174058, 5.000666888962988, 14.990663554518173, 3.334111370456819, 2.4984994998332777]","[15.500424970684938, 9.106019393934345, 8.139882048734187, 8.112827565193559, 5.465507347281545]",16.085275694914447,5.684844459265036,0.8354114713216958,0.0024937655860349127,False,True,False,True,False,True,False,False,True,False,True,False,False,True,False,True,high_scatter,637.4152184568583,0.03193785066896848,0.08840203068259571,585.5662546125403
2716853,5,confirmed_planet_host,2.0,444.41038933985544,0.45,2.0,0.001,188,filter,True,,True,0.0222600840497761,18.621845916844904,0.1656960840336978,18.810562249971554,6.564521507169057,445.3455600940553,5.142857142857142,6.452503653484,3.9963643820982,14,10,0.7142857142857143,1.7245041398745895,0.6411303767922643,2.2822607535845285,False,False,2.0,True,,,,"[6.564521507169057, 1.9989996665555188, 2.0363454484828276, 13.398799599866623, 13.991663887962655]","[6.452503653484, 6.2171553116595355, 6.195897688992824, 6.05337009813225, 6.035950116260273]",1.9989996665555188,444.42913933985545,2.7,0.0007399213176487,0.0113685188248286,15.148399279500232,0.0005001667222406,0.0005001667222406,True,True,1.0,True,3.0,2.0,5.0,"[1.9989996665555188, 4.00166722240747, 1.0, 7.997665888629544, 5.999666555518506]","[15.148399279500232, 9.383576955477169, 8.837629935885808, 7.0153924894240065, 7.006291772300474]",16.085275694914447,5.684844459265036,0.6633416458852868,0.0024937655860349127,False,True,False,True,False,True,False,False,True,False,True,False,False,True,False,True,high_scatter,597.2938732475109,0.03193785066896848,0.06907302162847734,572.952348696835
2716853,5,confirmed_planet_host,2.0,444.41038933985544,0.45,4.0,0.0005,372,filter,True,,True,0.018912540981546,16.094431458041072,0.1500071249902248,16.26429724995978,14.374458152717574,448.76001737131173,5.142857142857142,6.769943530656449,4.625936098171915,7,6,0.8571428571428571,2.5587981388667917,2.5936145381793936,6.187229076358787,False,False,3.0,True,,,,"[14.374458152717574, 6.564521507169057, 2.0363454484828276, 8.641880626875626, 12.768589529843283]","[6.769943530656449, 6.5667386249240955, 6.305589714531729, 6.259926453140649, 6.205000720863966]",1.9989996665555188,444.42913933985545,5.1000000000000005,0.0004116702436793,0.0084995720459971,10.446249634639512,0.0005001667222406,0.0005001667222406,True,True,1.0,True,4.0,2.0,,"[1.9989996665555188, 4.00166722240747, 9.407469156385462, 1.0, 8.002334111370457]","[10.446249634639512, 7.452615707296016, 7.159650861763576, 6.636873772070734, 5.585161300505452]",16.085275694914447,5.684844459265036,0.4114713216957606,0.0024937655860349127,False,True,False,True,False,True,False,False,True,False,True,False,False,True,False,True,high_scatter,597.2938732475109,0.03193785066896848,0.06907302162847734,572.952348696835
2716853,5,confirmed_planet_host,2.0,444.41038933985544,0.45,4.0,0.001,372,filter,True,,True,0.0215342501178383,13.009798708138987,0.1396159578580409,13.171506333863364,1.9989996665555188,444.4591840391521,3.928571428571429,7.880441535035776,7.959760158035201,45,41,0.9111111111111112,1.1747468643368524,0.0005001667222406,0.0005001667222406,True,True,1.0,True,2.0,5.0,,"[1.9989996665555188, 1.0, 12.003001000333445, 15.0, 4.00166722240747]","[7.880441535035776, 7.476370192808991, 6.944187730893099, 6.918592585776021, 6.792772296966678]",1.9989996665555188,444.42913933985545,3.9,0.000923749637555,0.0168938771576821,20.09152827421452,0.0005001667222406,0.0005001667222406,True,True,1.0,True,3.0,2.0,4.0,"[1.9989996665555188, 4.00166722240747, 1.0, 5.999666555518506, 8.002334111370457]","[20.091528274214518, 14.196777768370628, 13.537369697990693, 11.117033041112219, 10.424455652894116]",16.085275694914447,5.684844459265036,0.11221945137157108,0.0024937655860349127,False,True,False,True,False,True,False,False,True,False,True,False,False,True,False,True,high_scatter,597.2938732475109,0.03193785066896848,0.06907302162847734,572.952348696835
2716853,5,confirmed_planet_host,2.0,444.41038933985544,0.45,8.0,0.0005,747,filter,True,,True,0.0169212080072611,16.210057124961168,0.1457930831238627,16.373687584185973,14.374458152717574,448.76001737131173,5.142857142857142,6.779355044004394,4.909586839438613,7,6,0.8571428571428571,2.562355356549567,2.5936145381793936,6.187229076358787,False,False,,False,,,,"[14.374458152717574, 6.564521507169057, 12.773257752584195, 13.142047349116373, 13.398799599866623]","[6.779355044004394, 6.575867644677521, 6.213626855903937, 6.1982796315699495, 6.16910314309905]",1.9989996665555188,444.44163933985544,8.700000000000001,0.0004898713971027,0.012620678642349,15.233130815778749,0.0005001667222406,0.0005001667222406,True,True,1.0,True,3.0,2.0,4.0,"[1.9989996665555188, 4.00166722240747, 1.0, 5.999666555518506, 7.997665888629544]","[15.233130815778747, 9.289047136524012, 8.38289996061148, 7.685166380437546, 6.519778429765414]",16.085275694914447,5.684844459265036,0.40648379052369077,0.0024937655860349127,False,True,False,True,False,True,False,False,True,False,True,False,False,True,False,True,high_scatter,597.2938732475109,0.03193785066896848,0.06907302162847734,572.952348696835
2716853,5,confirmed_planet_host,2.0,444.41038933985544,0.45,8.0,0.001,747,filter,True,,True,0.0186268750112503,16.613696167012677,0.1641368330456316,16.797246334142983,1.0,444.3118610511039,2.7142857142857144,7.939681892094551,6.819651334200035,90,70,0.7777777777777778,0.8369159558738003,0.0,0.5,True,False,2.0,True,1.0,,,"[1.0, 1.9989996665555188, 12.269089696565523, 2.0363454484828276, 12.773257752584195]","[7.939681892094551, 6.6062139157178486, 6.37111147703209, 6.1945656763922035, 6.095747777384096]",1.9989996665555188,444.42913933985545,8.700000000000001,0.0009449818506595,0.0243458024505264,25.049619949435275,0.0005001667222406,0.0005001667222406,True,True,1.0,True,3.0,2.0,4.0,"[1.9989996665555188, 4.00166722240747, 1.0, 5.999666555518506, 7.997665888629544]","[25.049619949435275, 15.903605203428404, 14.847518093421359, 13.151530626589537, 11.381823765306773]",16.085275694914447,5.684844459265036,0.10972568578553615,0.0024937655860349127,False,True,False,True,False,True,False,False,True,False,True,False,False,True,False,True,high_scatter,597.2938732475109,0.03193785066896848,0.06907302162847734,572.952348696835
2716853,5,confirmed_planet_host,5.0,445.76038933985546,0.45,2.0,0.001,71,filter,True,,True,0.0167431659065186,16.740583874983713,0.1582685001194477,16.91635483293794,4.995998666222075,445.80413041462697,1.5,6.971656296098242,4.529909818609764,15,12,0.8,1.8000739153513716,0.0008002667555849,0.0008002667555849,True,True,1.0,True,,,,"[4.995998666222075, 6.564521507169057, 9.421473824608203, 2.0363454484828276, 12.773257752584195]","[6.971656296098242, 6.565809104760328, 6.425391482542433, 6.304697159929074, 6.2041224046075]",5.000666888962988,445.74163933985545,2.7,0.0007309777501392,0.0070124473859652,9.239715065141192,0.0001333777925976,0.0001333777925976,True,True,1.0,True,,3.0,,"[5.000666888962988, 9.412137379126376, 9.99566522174058, 4.7112370790263425, 6.2797599199733245]","[9.239715065141192, 8.405521601043999, 6.191191225897193, 5.082998381573446, 4.442544610455731]",16.085275694914447,5.684844459265036,0.30423940149625933,0.0024937655860349127,False,True,False,True,False,True,False,False,True,False,True,False,False,True,False,True,high_scatter,597.2938732475109,0.03193785066896848,0.06907302162847734,572.952348696835
2716853,5,confirmed_planet_host,5.0,445.76038933985546,0.45,4.0,0.001,143,filter,True,,True,0.016749707981944,16.240739084081724,0.1475062500685453,16.40575958415866,9.99566522174058,445.79449549306327,5.142857142857142,6.845779618070315,5.427876588930699,9,7,0.7777777777777778,2.2819265393567716,0.0004334778259419,0.999133044348116,True,False,,False,,1.0,,"[9.99566522174058, 5.150050016672225, 6.564521507169057, 9.561520506835613, 12.773257752584195]","[6.845779618070315, 6.652407422921397, 6.525377057707617, 6.167619255227542, 6.165917612938793]",5.000666888962988,445.75413933985544,3.9,0.0009863971897417,0.011447862694939,14.183159395630032,0.0001333777925976,0.0001333777925976,True,True,1.0,True,4.0,2.0,3.0,"[5.000666888962988, 10.000333444481495, 15.0, 2.4984994998332777, 9.412137379126376]","[14.183159395630033, 8.987234408771364, 7.06812300966173, 6.916480265548242, 6.6971401144805665]",16.085275694914447,5.684844459265036,0.3740648379052369,0.0024937655860349127,False,True,False,True,False,True,False,False,True,False,True,False,False,True,False,True,high_scatter,597.2938732475109,0.03193785066896848,0.06907302162847734,572.952348696835
2716853,5,confirmed_planet_host,5.0,445.76038933985546,0.45,8.0,0.0005,287,filter,True,,True,0.0186002911068499,16.49333016620949,0.1604094579815864,16.6730619170703,6.564521507169057,445.3455600940553,5.142857142857142,6.5762190521740935,4.072987634000617,14,10,0.7142857142857143,1.7575684709721946,0.3129043014338114,0.3129043014338114,False,False,,False,,,,"[6.564521507169057, 2.0363454484828276, 12.773257752584195, 13.137379126375459, 13.398799599866623]","[6.5762190521740935, 6.314693120038088, 6.2139589056312206, 6.198610861157601, 6.169432813525639]",5.000666888962988,445.75413933985544,8.700000000000001,0.000454531485149,0.0077558731682295,9.566998616698536,0.0001333777925976,0.0001333777925976,True,True,1.0,True,,3.0,5.0,"[5.000666888962988, 9.407469156385462, 10.000333444481495, 4.7112370790263425, 14.97199066355452]","[9.566998616698536, 7.547485761295049, 5.73436506378398, 4.800624971090275, 4.710119436362378]",16.085275694914447,5.684844459265036,0.5660847880299252,0.0024937655860349127,False,True,False,True,False,True,False,False,True,False,True,False,False,True,False,True,high_scatter,597.2938732475109,0.03193785066896848,0.06907302162847734,572.952348696835
2716853,5,confirmed_planet_host,5.0,445.76038933985546,0.45,8.0,0.001,287,filter,True,,True,0.0178016659338027,12.381417500087991,0.1390797910280525,12.538759666960686,6.564521507169057,445.3455600940553,5.142857142857142,6.5302508172571505,4.044517163219743,14,10,0.7142857142857143,1.7452829434197703,0.3129043014338114,0.3129043014338114,False,False,,False,,,,"[6.564521507169057, 14.015005001667223, 2.0363454484828276, 9.561520506835613, 12.773257752584195]","[6.5302508172571505, 6.306633459683796, 6.270552969829078, 6.172225807918246, 6.170522894684496]",5.000666888962988,445.75413933985544,8.700000000000001,0.0009129979388231,0.0155788904569406,16.43964907822118,0.0001333777925976,0.0001333777925976,True,True,1.0,True,3.0,2.0,4.0,"[5.000666888962988, 10.000333444481495, 2.4984994998332777, 14.995331777259088, 1.6675558519506501]","[16.43964907822118, 10.622268567269067, 9.233961724312778, 8.428990229177057, 6.77187759805947]",16.085275694914447,5.684844459265036,0.6059850374064838,0.0024937655860349127,False,True,False,True,False,True,False,False,True,False,True,False,False,True,False,True,high_scatter,597.2938732475109,0.03193785066896848,0.06907302162847734,572.952348696835
2716853,5,confirmed_planet_host,10.0,448.01038933985546,0.45,4.0,0.001,81,filter,True,,True,0.0229863747954368,16.16739087505266,0.1512443339452147,16.342373042134568,6.564521507169057,445.3455600940553,5.142857142857142,6.583929579415065,4.077763156509058,14,10,0.7142857142857143,1.7596291960584165,0.3129043014338114,0.3435478492830943,False,False,,False,,,,"[6.564521507169057, 2.0363454484828276, 12.768589529843283, 13.137379126375459, 13.398799599866623]","[6.583929579415065, 6.3220970116867905, 6.221244687785984, 6.205878647939327, 6.176666389444056]",10.000333444481496,448.00413933985544,3.9,0.0009822652777691,0.0085993822080556,10.76449685700719,3.33444481494638e-05,3.33444481494638e-05,True,True,1.0,True,3.0,,,"[10.000333444481495, 9.407469156385462, 5.000666888962988, 3.334111370456819, 1.6675558519506501]","[10.76449685700719, 8.289011158075871, 6.5668787355497376, 5.267925488568882, 4.285017513059701]",16.085275694914447,5.684844459265036,0.5635910224438903,0.0024937655860349127,False,True,False,True,False,True,False,False,True,False,True,False,False,True,False,True,high_scatter,597.2938732475109,0.03193785066896848,0.06907302162847734,572.952348696835
2716853,5,confirmed_planet_host,10.0,448.01038933985546,0.45,8.0,0.001,161,filter,True,,True,0.0173185418825596,15.737023874884471,0.1371597500983625,15.892033792100849,6.564521507169057,445.3455600940553,5.142857142857142,6.566497532475912,4.066966601367694,14,10,0.7142857142857143,1.7549702855443827,0.3129043014338114,0.3435478492830943,False,False,,False,,,,"[6.564521507169057, 2.0363454484828276, 12.773257752584195, 13.142047349116373, 13.398799599866623]","[6.566497532475912, 6.305358209952615, 6.204772909327644, 6.189447553623284, 6.160312639433588]",9.99566522174058,448.0291393398555,8.700000000000001,0.0009754191219922,0.0126493924348416,14.71991366693796,0.0004334778259419,0.0004334778259419,True,True,1.0,True,2.0,,,"[9.99566522174058, 4.995998666222075, 3.334111370456819, 9.407469156385462, 2.4984994998332777]","[14.71991366693796, 8.994003628262275, 6.9016270286727845, 6.721340969271601, 5.0608412732748045]",16.085275694914447,5.684844459265036,0.5685785536159601,0.0024937655860349127,False,True,False,True,False,True,False,False,True,False,True,False,False,True,False,True,high_scatter,597.2938732475109,0.03193785066896848,0.06907302162847734,572.952348696835
2717158,5,confirmed_planet_host,2.0,444.4103861496099,0.45,2.0,0.0005,188,filter,True,,True,0.0184365408495068,15.976045915856956,0.2538127501029521,16.249228625092655,1.0,444.48490207645006,5.142857142857142,6.317030304757116,4.6908005790736125,91,63,0.6923076923076923,0.6622047081589724,0.0,0.5,True,False,,False,1.0,,,"[1.0, 7.320773591197066, 5.276092030676892, 8.08169389796599, 13.389463154384796]","[6.317030304757116, 6.157817697814965, 6.093922660236198, 6.036886932171233, 5.921354660532909]",1.9989996665555188,444.4416361496099,2.7,0.0003495296126214,0.0053905122617786,9.026786786142612,0.0005001667222406,0.0005001667222406,True,True,1.0,True,4.0,2.0,3.0,"[1.9989996665555188, 4.00166722240747, 5.999666555518506, 1.0, 8.002334111370457]","[9.026786786142612, 6.604501300907495, 5.717099721088726, 5.120480255408047, 4.473255312187121]",16.085275694914447,5.684844459265036,0.770573566084788,0.0024937655860349127,False,True,False,True,False,True,False,False,True,False,True,False,False,True,False,True,low_scatter,422.7800536981861,0.03193785066896848,0.10664885758738614,387.81304624357085
2717158,5,confirmed_planet_host,2.0,444.4103861496099,0.45,2.0,0.001,188,filter,True,,True,0.0291457921266555,16.288136166054755,0.2552796250674873,16.573389041004702,5.999666555518506,448.4291468842431,1.5,9.970758381064613,8.479676400321486,15,15,1.0,2.5744387439280847,0.4999166388796265,1.9998332777592531,False,False,,False,2.0,3.0,1.0,"[5.999666555518506, 1.0, 4.00166722240747, 14.005668556185396, 12.003001000333445]","[9.970758381064613, 9.739442773516044, 7.9558370748141565, 7.374284127027928, 7.126745014222538]",1.9989996665555188,444.4416361496099,2.7,0.0007057277366513,0.010883867576671,17.241216284320735,0.0005001667222406,0.0005001667222406,True,True,1.0,True,3.0,2.0,4.0,"[1.9989996665555188, 4.00166722240747, 1.0, 5.999666555518506, 7.997665888629544]","[17.241216284320735, 12.497919082465192, 11.161699760657205, 10.384938829965844, 9.050479510375734]",16.085275694914447,5.684844459265036,0.04239401496259352,0.0024937655860349127,False,True,False,True,False,True,False,False,True,False,True,False,False,True,False,True,low_scatter,422.7800536981861,0.03193785066896848,0.10664885758738614,387.81304624357085
2717158,5,confirmed_planet_host,2.0,444.4103861496099,0.45,4.0,0.0005,372,filter,True,,True,0.0207722089253366,13.91472987504676,0.1415779159869998,14.077639541821554,13.389463154384796,447.5467177480783,8.785714285714285,6.050106195427561,3.989988921269694,7,6,0.8571428571428571,2.2867251998046387,2.347365788596199,5.694731577192398,False,False,,False,,,,"[13.389463154384796, 13.627542514171392, 9.19739913304435, 14.505168389463156, 12.171057019006337]","[6.050106195427561, 5.968565205956635, 5.863649350117941, 5.860292594888713, 5.74100972002666]",1.9989996665555188,444.4416361496099,3.9,0.0004642994117698,0.0084912804378302,13.63944250051284,0.0005001667222406,0.0005001667222406,True,True,1.0,True,3.0,2.0,4.0,"[1.9989996665555188, 4.00166722240747, 1.0, 5.999666555518506, 8.002334111370457]","[13.63944250051284, 9.789243690430542, 8.243599598572954, 8.055819572033158, 6.811616326687285]",16.085275694914447,5.684844459265036,0.9476309226932669,0.0024937655860349127,False,True,False,True,False,True,False,False,True,False,True,False,False,True,False,True,low_scatter,422.7800536981861,0.03193785066896848,0.10664885758738614,387.81304624357085
2717158,5,confirmed_planet_host,2.0,444.4103861496099,0.45,4.0,0.001,372,filter,True,,True,0.0168617919553071,16.92397329211235,0.1490134170744568,17.090610542101786,5.999666555518506,446.4186321831976,3.928571428571429,9.0540825418624,7.715425129634499,16,14,0.875,2.2635206354656,0.4999166388796265,1.9998332777592531,False,False,,False,4.0,5.0,1.0,"[5.999666555518506, 8.002334111370457, 10.000333444481495, 1.0, 4.00166722240747]","[9.0540825418624, 8.676098569113698, 8.630916336694074, 8.403382146179812, 8.322154780773086]",1.9989996665555188,444.4416361496099,3.9,0.0009214710610812,0.0168522057031255,21.69078979638847,0.0005001667222406,0.0005001667222406,True,True,1.0,True,3.0,2.0,4.0,"[1.9989996665555188, 4.00166722240747, 1.0, 5.999666555518506, 8.002334111370457]","[21.69078979638847, 15.4774006416878, 14.253855425556631, 12.645732052184876, 10.952604493893]",16.085275694914447,5.684844459265036,0.06483790523690773,0.0024937655860349127,False,True,False,True,False,True,False,False,True,False,True,False,False,True,False,True,low_scatter,422.7800536981861,0.03193785066896848,0.10664885758738614,387.81304624357085
2717158,5,confirmed_planet_host,2.0,444.4103861496099,0.45,8.0,0.0005,747,filter,True,,True,0.0203612921759486,11.97253229096532,0.1370944580994546,12.130555874900892,9.19739913304435,450.8523105304397,7.571428571428571,6.3102515201581175,2.829759075653703,10,6,0.6,1.995476741223957,1.2993497832610874,3.598699566522175,False,False,,False,,,,"[9.19739913304435, 13.389463154384796, 11.335445148382796, 5.668222740913638, 14.64054684894965]","[6.3102515201581175, 5.995718269753084, 5.8479946947627335, 5.809938725213636, 5.76086089718465]",1.9989996665555188,444.42913614961,7.5,0.0005100925050796,0.0124054138943562,18.749281136653824,0.0005001667222406,0.0005001667222406,True,True,1.0,True,4.0,2.0,3.0,"[1.9989996665555188, 4.00166722240747, 5.999666555518506, 1.0, 7.997665888629544]","[18.749281136653824, 12.364370412474683, 10.17716331835507, 9.976126107408833, 8.120422952982356]",16.085275694914447,5.684844459265036,0.773067331670823,0.0024937655860349127,False,True,False,True,False,True,False,False,True,False,True,False,False,True,False,True,low_scatter,422.7800536981861,0.03193785066896848,0.10664885758738614,387.81304624357085
2717158,5,confirmed_planet_host,2.0,444.4103861496099,0.45,8.0,0.001,747,filter,True,,True,0.0168808340094983,16.867938459152356,0.1378094998653978,17.023393583018333,1.0,444.3624530968582,5.142857142857142,8.442924290633622,7.999593907841596,91,66,0.7252747252747253,0.8850589511462384,0.0,0.5,True,False,,False,1.0,3.0,,"[1.0, 8.002334111370457, 4.00166722240747, 10.000333444481495, 13.991663887962655]","[8.442924290633622, 7.532572280876857, 7.287000759686318, 7.157105513824493, 6.7684495506707245]",1.9989996665555188,444.42913614961,7.5,0.0009955622152691,0.0242120031465006,27.78318145366468,0.0005001667222406,0.0005001667222406,True,True,1.0,True,3.0,2.0,4.0,"[1.9989996665555188, 4.00166722240747, 1.0, 5.999666555518506, 7.997665888629544]","[27.78318145366468, 18.480521043681918, 16.107382182631223, 14.920809262708083, 12.591178064030684]",16.085275694914447,5.684844459265036,0.07231920199501247,0.0024937655860349127,False,True,False,True,False,True,False,False,True,False,True,False,False,True,False,True,low_scatter,422.7800536981861,0.03193785066896848,0.10664885758738614,387.81304624357085
2717158,5,confirmed_planet_host,5.0,445.76038614961,0.45,2.0,0.001,71,filter,True,,True,0.0171368750743567,12.958907291060314,0.1378951668739318,13.11449775006622,7.320773591197066,449.20549131650785,3.928571428571429,6.59929944691481,4.138570992286188,13,10,0.7692307692307693,1.8303163490763457,0.2679226408802934,0.4641547182394133,False,False,,False,,2.0,3.0,"[7.320773591197066, 9.99566522174058, 15.0, 13.389463154384796, 9.19739913304435]","[6.59929944691481, 6.585409593263198, 6.400015663988746, 5.941766161287239, 5.829106547642106]",5.000666888962988,445.74163614961,1.5,0.0009438430297857,0.0068939303929519,13.682497144312745,0.0001333777925976,0.0001333777925976,True,True,1.0,True,3.0,2.0,4.0,"[5.000666888962988, 9.99566522174058, 2.4984994998332777, 15.0, 1.6675558519506501]","[13.682497144312743, 9.570123065102653, 7.634983815034151, 7.162733857896933, 4.988000590083496]",16.085275694914447,5.684844459265036,0.5411471321695761,0.0024937655860349127,False,True,False,True,False,True,False,False,True,False,True,False,False,True,False,True,low_scatter,422.7800536981861,0.03193785066896848,0.10664885758738614,387.81304624357085
2717158,5,confirmed_planet_host,5.0,445.76038614961,0.45,4.0,0.0005,143,filter,True,,True,0.0170812080614268,15.811144375009462,0.154950332827866,15.984193457989022,13.389463154384796,447.6499465566876,3.928571428571429,5.965760635192537,3.4243117487462995,7,5,0.7142857142857143,2.25484557457974,0.3389463154384796,1.677892630876959,False,False,,False,,,,"[13.389463154384796, 10.80326775591864, 9.19739913304435, 14.509836612204069, 5.668222740913638]","[5.965760635192537, 5.939136463800098, 5.892330511837927, 5.849295615073187, 5.780909339021964]",5.000666888962988,445.7541361496099,3.9,0.0004533148217197,0.0052610509139702,9.546722967669403,0.0001333777925976,0.0001333777925976,True,True,1.0,True,3.0,2.0,4.0,"[5.000666888962988, 10.000333444481495, 2.4984994998332777, 15.0, 11.988996332110704]","[9.546722967669403, 5.407904188453341, 4.246249116047668, 3.8952868076019143, 3.5618905216622823]",16.085275694914447,5.684844459265036,0.9800498753117207,0.0024937655860349127,False,True,False,True,False,True,False,False,True,False,True,False,False,True,False,True,low_scatter,422.7800536981861,0.03193785066896848,0.10664885758738614,387.81304624357085
2717158,5,confirmed_planet_host,5.0,445.76038614961,0.45,4.0,0.001,143,filter,True,,True,0.0249214998912066,13.499354457948357,0.146784792188555,13.671651000157,10.000333444481496,445.7702018340248,3.928571428571429,7.26421659274062,7.230183054621837,8,8,1.0,2.568288406367365,3.33444481494638e-05,1.000066688896299,True,False,,False,,1.0,2.0,"[10.000333444481495, 15.0, 12.717239079693233, 13.389463154384796, 10.80326775591864]","[7.26421659274062, 6.744285696834214, 6.356480034612462, 5.935644643461496, 5.909154874599519]",5.000666888962988,445.7541361496099,3.9,0.0009454304459905,0.0109724135935021,17.92299910357953,0.0001333777925976,0.0001333777925976,True,True,1.0,True,3.0,2.0,4.0,"[5.000666888962988, 10.000333444481495, 2.4984994998332777, 15.0, 1.6675558519506501]","[17.92299910357953, 11.497006416912095, 9.586258859118189, 8.943053166012913, 7.386822903184644]",16.085275694914447,5.684844459265036,0.19451371571072318,0.0024937655860349127,False,True,False,True,False,True,False,False,True,False,True,False,False,True,False,True,low_scatter,422.7800536981861,0.03193785066896848,0.10664885758738614,387.81304624357085
2717158,5,confirmed_planet_host,5.0,445.76038614961,0.45,8.0,0.0005,287,filter,True,,True,0.0169614171609282,18.77065108390525,0.1529012499377131,18.94149037497118,12.376458819606537,453.62931945332855,8.785714285714285,6.205422861565544,4.232133842452078,7,5,0.7142857142857143,2.345429381671031,0.2376458819606536,1.4752917639213077,False,False,,False,,,,"[12.376458819606537, 13.389463154384796, 14.603201067022342, 9.19739913304435, 5.668222740913638]","[6.205422861565544, 5.9812757830887415, 5.979196858571278, 5.867867042230151, 5.795943744331552]",5.000666888962988,445.74163614961,7.5,0.000443615734922,0.0070543214874131,10.965079318674071,0.0001333777925976,0.0001333777925976,True,True,1.0,True,3.0,2.0,4.0,"[5.000666888962988, 9.990996998999668, 2.4984994998332777, 14.981327109036346, 1.6675558519506501]","[10.965079318674073, 7.109791885762507, 5.560879234394553, 4.965605148324053, 4.229669173215377]",16.085275694914447,5.684844459265036,0.8653366583541147,0.0024937655860349127,False,True,False,True,False,True,False,False,True,False,True,False,False,True,False,True,low_scatter,422.7800536981861,0.03193785066896848,0.10664885758738614,387.81304624357085
2717158,5,confirmed_planet_host,5.0,445.76038614961,0.45,8.0,0.001,287,filter,True,,True,0.0199167090468108,16.507203040877357,0.1465888330712914,16.67446683300659,12.633211070356786,452.5151954895627,3.928571428571429,7.07724640283887,4.35954164497143,7,5,0.7142857142857143,2.6749477070054426,0.2633211070356786,1.5266422140713574,False,False,,False,,,,"[12.633211070356786, 12.376458819606537, 13.389463154384796, 14.603201067022342, 8.357119039679894]","[7.07724640283887, 6.1747475497986235, 5.951708499197971, 5.949639851443129, 5.880401585685204]",5.000666888962988,445.7541361496099,7.5,0.0009375803189749,0.0149092840259214,17.589410826067844,0.0001333777925976,0.0001333777925976,True,True,1.0,True,3.0,2.0,4.0,"[5.000666888962988, 9.99566522174058, 2.4984994998332777, 15.0, 1.6675558519506501]","[17.589410826067844, 11.576935409406735, 10.32320522502411, 8.920444244900036, 7.832741036922917]",16.085275694914447,5.684844459265036,0.2817955112219451,0.0024937655860349127,False,True,False,True,False,True,False,False,True,False,True,False,False,True,False,True,low_scatter,422.7800536981861,0.03193785066896848,0.10664885758738614,387.81304624357085
2717158,5,confirmed_planet_host,10.0,448.01038614961,0.45,2.0,0.001,40,filter,True,,True,0.0176270001102238,16.726987292058766,0.2576687079854309,17.00317283300683,10.000333444481496,448.03052209537,1.5,7.36528655913702,7.388347935890436,10,10,1.0,2.3291081146697428,3.33444481494638e-05,3.33444481494638e-05,True,True,1.0,True,,,,"[10.000333444481495, 11.932977659219741, 13.34278092697566, 8.021007002334112, 9.19739913304435]","[7.36528655913702, 6.355437745840045, 6.08248629998399, 5.927184478226601, 5.8316809452607]",10.000333444481496,448.01663614961,1.5,0.0011604124142036,0.0064385405133701,10.56711728134721,3.33444481494638e-05,3.33444481494638e-05,True,True,1.0,True,2.0,,,"[10.000333444481495, 5.000666888962988, 3.334111370456819, 11.62487495831944, 12.031010336778927]","[10.56711728134721, 5.667037381076799, 5.1543917958035355, 3.732377253744599, 3.585353845082129]",16.085275694914447,5.684844459265036,0.17206982543640897,0.0024937655860349127,False,True,False,True,False,True,False,False,True,False,True,False,False,True,False,True,low_scatter,422.7800536981861,0.03193785066896848,0.10664885758738614,387.81304624357085
2717158,5,confirmed_planet_host,10.0,448.01038614961,0.45,4.0,0.0005,81,filter,True,,True,0.0364194998983293,13.213612749939784,0.2887306669726968,13.53984491690062,5.668222740913638,448.7988863065197,8.785714285714285,6.452986827125047,4.021891028167276,16,11,0.6875,1.6132467067812617,0.1336445481827276,0.4331777259086362,False,False,,False,,,,"[5.668222740913638, 8.44114704901634, 13.389463154384796, 9.19739913304435, 14.505168389463156]","[6.452986827125047, 6.044817286198022, 5.962952640826036, 5.849891318238723, 5.846542439050966]",9.99566522174058,448.04163614961,5.1000000000000005,0.0004867597690333,0.0049061169666179,7.545251746681191,0.0004334778259419,0.0004334778259419,True,True,1.0,True,,,,"[9.99566522174058, 3.324774924974992, 11.62487495831944, 13.328776258752919, 7.750250083361121]","[7.545251746681191, 4.837555532280599, 3.9522262512227195, 3.7868172914710625, 3.6942668379224552]",16.085275694914447,5.684844459265036,0.6633416458852868,0.0024937655860349127,False,True,False,True,False,True,False,False,True,False,True,False,False,True,False,True,low_scatter,422.7800536981861,0.03193785066896848,0.10664885758738614,387.81304624357085
2717158,5,confirmed_planet_host,10.0,448.01038614961,0.45,4.0,0.001,81,filter,True,,True,0.0354966251179575,14.68271570885554,0.2094744578935206,14.92860862496309,5.668222740913638,448.7988863065197,8.785714285714285,6.764864385552035,4.097245044952457,16,11,0.6875,1.6912160963880087,0.1336445481827276,0.4331777259086362,False,False,2.0,True,,,,"[5.668222740913638, 9.990996998999668, 8.44114704901634, 13.389463154384796, 9.19739913304435]","[6.764864385552035, 6.719471116427494, 6.031574535650818, 5.949889236159108, 5.8370756039188585]",10.000333444481496,448.0041361496099,3.9,0.0010531606011381,0.0092200454812181,13.788559879392007,3.33444481494638e-05,3.33444481494638e-05,True,True,1.0,True,2.0,,,"[10.000333444481495, 5.000666888962988, 3.334111370456819, 15.0, 6.667222407469157]","[13.788559879392007, 7.608849811440085, 7.26045543799124, 4.928302920545636, 4.889525379069521]",16.085275694914447,5.684844459265036,0.4164588528678304,0.0024937655860349127,False,True,False,True,False,True,False,False,True,False,True,False,False,True,False,True,low_scatter,422.7800536981861,0.03193785066896848,0.10664885758738614,387.81304624357085
2717158,5,confirmed_planet_host,10.0,448.01038614961,0.45,8.0,0.0005,161,filter,True,,True,0.0271530421450734,14.067964459070936,0.1408784999512136,14.236589291132988,13.7675891963988,454.2642416476079,8.785714285714285,6.1864511565667515,3.488335106462383,7,5,0.7142857142857143,2.3382587511890764,0.3116205401800599,0.37675891963988,False,False,,False,,,,"[13.7675891963988, 13.389463154384796, 9.19739913304435, 14.505168389463156, 5.668222740913638]","[6.1864511565667515, 5.953312004058732, 5.840433473992029, 5.837090009123279, 5.768846433320563]",9.986328776258754,448.05413614961,9.9,0.0005069862396163,0.0070082182574748,10.357034673510226,0.0013671223741246,0.0013671223741246,True,True,1.0,True,3.0,,,"[9.986328776258754, 3.3294431477159057, 5.000666888962988, 13.305435145048351, 6.653217739246416]","[10.357034673510226, 6.121772451493958, 5.196372898549113, 4.375613174633719, 3.759452420588039]",16.085275694914447,5.684844459265036,0.8827930174563591,0.0024937655860349127,False,True,False,True,False,True,False,False,True,False,True,False,False,True,False,True,low_scatter,422.7800536981861,0.03193785066896848,0.10664885758738614,387.81304624357085
2717158,5,confirmed_planet_host,10.0,448.01038614961,0.45,8.0,0.001,161,filter,True,,True,0.0253252920228987,13.24537816713564,0.1301350421272218,13.401684832992032,10.000333444481496,448.0343067127617,7.571428571428571,6.936694958394346,5.479670922350255,9,7,0.7777777777777778,2.3122316527981153,3.33444481494638e-05,3.33444481494638e-05,True,True,1.0,True,,,,"[10.000333444481495, 13.7675891963988, 13.389463154384796, 7.176058686228743, 9.19739913304435]","[6.936694958394346, 6.308979533535876, 5.947110767770831, 5.931758216723601, 5.834349817034138]",10.000333444481496,448.0041361496099,7.5,0.0010753801840609,0.0129901874917464,14.874690368428904,3.33444481494638e-05,3.33444481494638e-05,True,True,1.0,True,2.0,,,"[10.000333444481495, 5.000666888962988, 3.3294431477159057, 14.995331777259088, 6.667222407469157]","[14.874690368428904, 8.976651967998997, 8.156425010201362, 5.435125310902531, 5.211428353072377]",16.085275694914447,5.684844459265036,0.3167082294264339,0.0024937655860349127,False,True,False,True,False,True,False,False,True,False,True,False,False,True,False,True,low_scatter,422.7800536981861,0.03193785066896848,0.10664885758738614,387.81304624357085
2718778,5,confirmed_planet_host,2.0,444.41035836802473,0.45,2.0,0.001,188,filter,True,,True,0.0214031250216066,13.389831834007056,0.1375182908959686,13.54931716597639,7.997665888629544,444.4518085575134,1.5,8.828584013732442,7.556869959063946,12,11,0.9166666666666666,2.5485926784458264,0.999416472157386,2.998832944314772,False,False,,False,2.0,,,"[7.997665888629544, 1.0, 11.512837612537513, 14.248416138712905, 8.987329109703236]","[8.828584013732442, 7.018071326709934, 6.435328310816424, 6.424118714243272, 6.359120472296687]",1.9989996665555188,444.44160836802473,1.5,0.0009507036973826,0.0110719579352139,12.386222804078542,0.0005001667222406,0.0005001667222406,True,True,1.0,True,3.0,2.0,4.0,"[1.9989996665555188, 4.00166722240747, 1.0, 5.999666555518506, 7.997665888629544]","[12.386222804078542, 9.259035739564164, 8.195081935620601, 7.385273042957483, 6.17136751900261]",16.085275694914447,5.684844459265036,0.06982543640897755,0.0024937655860349127,False,True,False,True,False,True,False,False,True,False,True,False,False,True,False,True,high_scatter,626.7773187953732,0.03193785066896848,0.09575541425626269,563.4907165874912
2718778,5,confirmed_planet_host,2.0,444.41035836802473,0.45,4.0,0.0005,372,filter,True,,True,0.0168964171316474,17.20005454099737,0.1522602499462664,17.36995316715911,8.987329109703236,451.4196763637983,7.571428571428571,7.277758604522669,3.91777039205266,9,6,0.6666666666666666,2.4259195348408897,1.246832277425809,3.493664554851618,False,False,,False,,5.0,,"[8.987329109703236, 7.885628542847616, 8.28709569856619, 11.512837612537513, 4.067022340780261]","[7.277758604522669, 7.025258505368197, 6.6815138022062275, 6.525617779791338, 6.430369487836642]",1.9989996665555188,444.42910836802474,3.9,0.0004582006310615,0.008379743666491,9.055364486220515,0.0005001667222406,0.0005001667222406,True,True,1.0,True,5.0,2.0,4.0,"[1.9989996665555188, 3.996998999666556, 8.002334111370457, 5.999666555518506, 1.0]","[9.055364486220517, 7.868392829322632, 5.736714448184825, 5.428626599953521, 5.4284260316877315]",16.085275694914447,5.684844459265036,0.19451371571072318,0.0024937655860349127,False,True,False,True,False,True,False,False,True,False,True,False,False,True,False,True,high_scatter,626.7773187953732,0.03193785066896848,0.09575541425626269,563.4907165874912
2718778,5,confirmed_planet_host,2.0,444.41035836802473,0.45,4.0,0.001,372,filter,True,,True,0.0359020000323653,11.88003887492232,0.1361143752001226,12.05263950000517,1.0,444.4187603464926,3.928571428571429,7.809038093392445,8.462835110051978,90,69,0.7666666666666667,0.8231448903379601,0.0,0.5,True,False,,False,1.0,4.0,,"[1.0, 13.991663887962655, 5.598199399799934, 4.00166722240747, 8.987329109703236]","[7.809038093392445, 7.571514736515039, 7.438023321514081, 7.268257240658681, 7.140789551032288]",1.9989996665555188,444.42910836802474,3.9,0.0009213519872259,0.016850028036145,16.59586474281021,0.0005001667222406,0.0005001667222406,True,True,1.0,True,3.0,2.0,4.0,"[1.9989996665555188, 4.00166722240747, 1.0, 5.999666555518506, 8.002334111370457]","[16.59586474281021, 12.366837391081843, 10.846991468425482, 9.806059953626518, 8.776423740616533]",16.085275694914447,5.684844459265036,0.11221945137157108,0.0024937655860349127,False,True,False,True,False,True,False,False,True,False,True,False,False,True,False,True,high_scatter,626.7773187953732,0.03193785066896848,0.09575541425626269,563.4907165874912
2718778,5,confirmed_planet_host,2.0,444.41035836802473,0.45,8.0,0.0005,747,filter,True,,True,0.0168918329291045,16.997087416006252,0.142526667099446,17.15724154189229,7.880960320106703,451.2734446378674,7.571428571428571,7.479649498582731,4.050459979998578,11,7,0.6363636363636364,2.2551991772880746,0.9702400800266756,2.940480160053351,False,False,,False,,,,"[7.880960320106703, 11.512837612537513, 8.987329109703236, 14.136378792930978, 8.28709569856619]","[7.479649498582731, 6.5167745218801505, 6.439602188714451, 6.238244753708719, 6.2049918044674675]",1.9989996665555188,444.44160836802473,7.5,0.0004729234726818,0.0115148177473084,12.112978275983146,0.0005001667222406,0.0005001667222406,True,True,1.0,True,3.0,2.0,4.0,"[1.9989996665555188, 3.996998999666556, 1.0, 5.999666555518506, 8.002334111370457]","[12.112978275983146, 9.008495624238053, 7.986745324691456, 7.189733606522952, 6.530594116892634]",16.085275694914447,5.684844459265036,0.14713216957605985,0.0024937655860349127,False,True,False,True,False,True,False,False,True,False,True,False,False,True,False,True,high_scatter,626.7773187953732,0.03193785066896848,0.09575541425626269,563.4907165874912
2718778,5,confirmed_planet_host,2.0,444.41035836802473,0.45,8.0,0.001,747,filter,True,,True,0.0192342919763177,16.924622708000243,0.1480624589603394,17.09247912489809,7.880960320106703,451.2734446378674,7.571428571428571,7.388934889160104,4.145033008170397,11,7,0.6363636363636364,2.227847693428212,0.9702400800266756,2.940480160053351,False,False,,False,2.0,,,"[7.880960320106703, 1.0, 11.512837612537513, 8.987329109703236, 7.997665888629544]","[7.3889348891601045, 6.800649727187317, 6.437737843014424, 6.361501470559542, 6.296075547886181]",1.9989996665555188,444.42910836802474,7.5,0.0009587309616388,0.023316269645261,21.09950051649613,0.0005001667222406,0.0005001667222406,True,True,1.0,True,3.0,2.0,4.0,"[1.9989996665555188, 4.00166722240747, 1.0, 5.999666555518506, 8.002334111370457]","[21.09950051649613, 14.756295656677146, 13.481187385651042, 12.050845287868148, 10.399004131706565]",16.085275694914447,5.684844459265036,0.16458852867830423,0.0024937655860349127,False,True,False,True,False,True,False,False,True,False,True,False,False,True,False,True,high_scatter,626.7773187953732,0.03193785066896848,0.09575541425626269,563.4907165874912
2718778,5,confirmed_planet_host,5.0,445.7603583680247,0.45,2.0,0.001,71,filter,True,,True,0.0166786659974604,16.271782583091408,0.1505687078461051,16.439760625129566,7.885628542847616,449.5667625123715,8.785714285714285,6.8834127594125905,4.653664223708756,11,10,0.9090909090909092,2.0754270363742244,0.2114371457152383,0.5771257085695233,False,False,,False,,,,"[7.885628542847616, 11.512837612537513, 8.987329109703236, 4.067022340780261, 14.136378792930978]","[6.8834127594125905, 6.533983038371394, 6.4566069201332645, 6.43861264662195, 6.254717770745011]",5.000666888962988,445.75410836802473,1.5,0.0009687858415124,0.0070110804241681,8.977639682162861,0.0001333777925976,0.0001333777925976,True,True,1.0,True,3.0,2.0,5.0,"[5.000666888962988, 10.000333444481495, 2.4984994998332777, 3.9223074358119376, 15.0]","[8.977639682162861, 6.1260348834051275, 5.672146321092407, 4.8779623282776114, 4.432609899234801]",16.085275694914447,5.684844459265036,0.3541147132169576,0.0024937655860349127,False,True,False,True,False,True,False,False,True,False,True,False,False,True,False,True,high_scatter,626.7773187953732,0.03193785066896848,0.09575541425626269,563.4907165874912
2718778,5,confirmed_planet_host,5.0,445.7603583680247,0.45,4.0,0.001,143,filter,True,,True,0.0192467907909303,18.69829725008458,0.1651221660431474,18.88337937486358,9.183394464821609,444.8957946693146,5.142857142857142,6.678748389834037,3.979215339093468,11,9,0.8181818181818182,2.013718407115434,0.0816605535178391,0.8366788929643217,False,False,,False,,,,"[9.183394464821609, 11.512837612537513, 8.987329109703236, 4.067022340780261, 14.136378792930978]","[6.678748389834037, 6.51399812184756, 6.4368586671047066, 6.418919431087661, 6.235587018217127]",5.000666888962988,445.75410836802473,3.9,0.0009219345836504,0.0106997268819371,13.561795115577011,0.0001333777925976,0.0001333777925976,True,True,1.0,True,3.0,2.0,4.0,"[5.000666888962988, 9.99566522174058, 2.4984994998332777, 15.0, 12.49783261087029]","[13.561795115577013, 9.526039591669125, 9.413329186576695, 6.81293611141894, 4.937438814643833]",16.085275694914447,5.684844459265036,0.486284289276808,0.0024937655860349127,False,True,False,True,False,True,False,False,True,False,True,False,False,True,False,True,high_scatter,626.7773187953732,0.03193785066896848,0.09575541425626269,563.4907165874912
2718778,5,confirmed_planet_host,5.0,445.7603583680247,0.45,8.0,0.0005,287,filter,True,,True,0.0184099168982356,17.479960292112082,0.2678151661530137,17.767147624865174,7.885628542847616,449.5667625123715,8.785714285714285,6.919200429029765,4.677859169380089,11,10,0.9090909090909092,2.0862174247598033,0.2114371457152383,0.5771257085695233,False,False,,False,,,,"[7.885628542847616, 11.512837612537513, 8.987329109703236, 4.067022340780261, 14.136378792930978]","[6.919200429029765, 6.567953981918501, 6.49017557617379, 6.472087748325705, 6.2872367814380725]",4.995998666222075,445.81660836802473,8.700000000000001,0.0004203056997462,0.0072140844759481,8.649628327384628,0.0008002667555849,0.0008002667555849,True,True,1.0,True,3.0,2.0,4.0,"[4.995998666222075, 9.99566522174058, 2.4984994998332777, 14.86928976325442, 3.9223074358119376]","[8.649628327384628, 6.1633780223679615, 5.247633703142468, 5.119468627142058, 4.743794197338512]",16.085275694914447,5.684844459265036,0.33665835411471323,0.0024937655860349127,False,True,False,True,False,True,False,False,True,False,True,False,False,True,False,True,high_scatter,626.7773187953732,0.03193785066896848,0.09575541425626269,563.4907165874912
2718778,5,confirmed_planet_host,5.0,445.7603583680247,0.45,8.0,0.001,287,filter,True,,True,0.030132875079289,16.40669345902279,0.1643457498867064,16.607183542102575,7.885628542847616,449.5667625123715,8.785714285714285,6.872900832573992,4.646557432417746,11,10,0.9090909090909092,2.0722575711790157,0.2114371457152383,0.5771257085695233,False,False,,False,,,,"[7.885628542847616, 11.512837612537513, 8.987329109703236, 4.067022340780261, 14.136378792930978]","[6.872900832573992, 6.524004739224639, 6.446746785060408, 6.42877999130271, 6.245165948429512]",5.000666888962988,445.75410836802473,7.5,0.000933500133572,0.014844401432057,15.41194317133998,0.0001333777925976,0.0001333777925976,True,True,1.0,True,3.0,2.0,4.0,"[5.000666888962988, 10.000333444481495, 2.4984994998332777, 15.0, 1.6675558519506501]","[15.41194317133998, 10.834938231881722, 9.852782192841055, 8.56911666788106, 6.0428245811136945]",16.085275694914447,5.684844459265036,0.36159600997506236,0.0024937655860349127,False,True,False,True,False,True,False,False,True,False,True,False,False,True,False,True,high_scatter,626.7773187953732,0.03193785066896848,0.09575541425626269,563.4907165874912
2718778,5,confirmed_planet_host,10.0,448.0103583680247,0.45,4.0,0.001,81,filter,True,,True,0.0179855411406606,14.291918416973203,0.4758946250658482,14.786386708030475,7.885628542847616,449.5667625123715,8.785714285714285,6.871474396012854,4.645593062413508,11,10,0.9090909090909092,2.071827484373512,0.2114371457152383,0.2114371457152383,False,False,,False,,,,"[7.885628542847616, 11.512837612537513, 8.987329109703236, 4.067022340780261, 14.136378792930978]","[6.871474396012854, 6.52265071432136, 6.445408794663249, 6.427445729824696, 6.243869795137586]",10.000333444481496,448.00410836802473,3.9,0.0008283863055175,0.0072522266828403,8.054122930918846,3.33444481494638e-05,3.33444481494638e-05,True,True,1.0,True,2.0,,,"[10.000333444481495, 5.000666888962988, 3.334111370456819, 3.9223074358119376, 15.0]","[8.054122930918846, 5.161001900366821, 4.931003432669713, 4.183208415090948, 3.530738834828128]",16.085275694914447,5.684844459265036,0.3640897755610973,0.0024937655860349127,False,True,False,True,False,True,False,False,True,False,True,False,False,True,False,True,high_scatter,626.7773187953732,0.03193785066896848,0.09575541425626269,563.4907165874912
2718778,5,confirmed_planet_host,10.0,448.0103583680247,0.45,8.0,0.001,161,filter,True,,True,0.0169494999572634,15.100518207997084,0.1232330841012299,15.241317959036678,7.885628542847616,449.5667625123715,8.785714285714285,6.90386959354893,4.667494461772055,11,10,0.9090909090909092,2.0815950039404765,0.2114371457152383,0.2114371457152383,False,False,4.0,True,,,,"[7.885628542847616, 11.512837612537513, 8.987329109703236, 10.177725908636212, 14.136378792930978]","[6.90386959354893, 6.553401401316844, 6.47579532877084, 6.290147813658351, 6.273306184440061]",10.000333444481496,448.0166083680248,7.5,0.0008853221479136,0.010694358016311,10.502978148584576,3.33444481494638e-05,3.33444481494638e-05,True,True,1.0,True,2.0,,,"[10.000333444481495, 5.000666888962988, 3.334111370456819, 15.0, 6.667222407469157]","[10.502978148584575, 6.763772407985077, 6.322778638715667, 4.996180472826792, 3.6143301917692296]",16.085275694914447,5.684844459265036,0.34413965087281795,0.0024937655860349127,False,True,False,True,False,True,False,False,True,False,True,False,False,True,False,True,high_scatter,626.7773187953732,0.03193785066896848,0.09575541425626269,563.4907165874912
2721030,5,confirmed_planet_host,2.0,444.41032415740335,0.45,2.0,0.001,188,filter,True,,True,0.0292954158503562,14.57006970886141,0.1321660419926047,14.732289625098929,1.0,444.4293553802377,1.5,7.360075079776222,6.385613168848098,92,63,0.6847826086956522,0.7673408713378085,0.0,0.5,True,False,,False,1.0,2.0,,"[1.0, 4.00166722240747, 14.001000333444482, 5.052017339113038, 14.299766588862955]","[7.360075079776222, 6.589310336595099, 6.579108020709365, 6.24561401090353, 6.131979206339667]",1.9989996665555188,444.44157415740335,2.7,0.0007226763075723,0.0111452516656577,17.448085804231038,0.0005001667222406,0.0005001667222406,True,True,1.0,True,5.0,3.0,2.0,"[1.9989996665555188, 6.102367455818607, 4.00166722240747, 5.999666555518506, 1.0]","[17.448085804231038, 11.877555335743992, 11.107775053326614, 9.798434787040277, 9.78496946806091]",16.085275694914447,5.684844459265036,0.17206982543640897,0.0024937655860349127,False,True,False,True,False,True,False,False,True,False,True,False,False,True,False,True,high_scatter,564.1063681281146,0.03193785066896848,0.09140567397854907,529.0511866800758
2721030,5,confirmed_planet_host,2.0,444.41032415740335,0.45,4.0,0.0005,372,filter,True,,True,0.0215419160667806,12.920419542118909,0.2171188339125365,13.159720458090304,5.052017339113038,444.69610124811913,6.357142857142858,6.3220293825072735,4.336202718247958,17,12,0.7058823529411765,1.5333173477844635,0.2630043347782596,1.5260086695565191,False,False,,False,,,,"[5.052017339113038, 14.299766588862955, 5.724241413804602, 12.577192397465822, 14.033677892630879]","[6.3220293825072735, 6.2070042509390975, 6.160900535450205, 6.013873119874597, 5.976100988854045]",1.9989996665555188,444.42907415740336,3.9,0.0004600803134409,0.0084141199973955,12.87757065846889,0.0005001667222406,0.0005001667222406,True,True,1.0,True,,3.0,2.0,"[1.9989996665555188, 6.102367455818607, 4.00166722240747, 12.199066355451818, 3.0493497832610874]","[12.87757065846889, 12.68026190106897, 8.505942625487425, 8.259274720292696, 7.905405734506334]",16.085275694914447,5.684844459265036,0.7680798004987531,0.0024937655860349127,False,True,False,True,False,True,False,False,True,False,True,False,False,True,False,True,high_scatter,564.1063681281146,0.03193785066896848,0.09140567397854907,529.0511866800758
2721030,5,confirmed_planet_host,2.0,444.41032415740335,0.45,4.0,0.001,372,filter,True,,True,0.0352443328592926,19.521135000046343,0.263975708046928,19.821186957880855,1.0,444.41872612853706,3.928571428571429,9.557113489630629,10.32098931579388,90,72,0.8,1.00740821613176,0.0,0.5,True,False,,False,1.0,,,"[1.0, 13.99633211070357, 11.998332777592532, 5.000666888962988, 5.052017339113038]","[9.557113489630629, 7.5880286705539035, 7.194894238434895, 6.601872645959819, 6.198779466516203]",1.9989996665555188,444.42907415740336,3.9,0.0009232316696053,0.0168844043670495,23.136450933119495,0.0005001667222406,0.0005001667222406,True,True,1.0,True,3.0,2.0,4.0,"[1.9989996665555188, 4.00166722240747, 1.0, 5.999666555518506, 8.002334111370457]","[23.136450933119498, 15.751959645970409, 14.715842267385485, 12.994796922938125, 11.089855409025862]",16.085275694914447,5.684844459265036,0.05486284289276808,0.0024937655860349127,False,True,False,True,False,True,False,False,True,False,True,False,False,True,False,True,high_scatter,564.1063681281146,0.03193785066896848,0.09140567397854907,529.0511866800758
2721030,5,confirmed_planet_host,2.0,444.41032415740335,0.45,8.0,0.0005,747,filter,True,,True,0.0554450000636279,14.390825249953195,0.1395915830507874,14.58632391714491,5.052017339113038,444.69610124811913,6.357142857142858,6.315260235168687,4.331559842786005,17,12,0.7058823529411765,1.5316755884037363,0.2630043347782596,1.5260086695565191,False,False,,False,,,,"[5.052017339113038, 14.299766588862955, 12.577192397465822, 2.7645881960653553, 14.033677892630879]","[6.315260235168687, 6.120258065822134, 6.0074339227812334, 5.975035826777895, 5.969702235280429]",1.9989996665555188,444.42907415740336,8.700000000000001,0.0004521281809752,0.0116482907779202,17.366276782912944,0.0005001667222406,0.0005001667222406,True,True,1.0,True,5.0,2.0,3.0,"[1.9989996665555188, 4.00166722240747, 6.102367455818607, 6.0043347782594205, 1.0]","[17.366276782912944, 10.833705323825956, 10.367606438395372, 9.283041595485495, 8.185120649718124]",16.085275694914447,5.684844459265036,0.773067331670823,0.0024937655860349127,False,True,False,True,False,True,False,False,True,False,True,False,False,True,False,True,high_scatter,564.1063681281146,0.03193785066896848,0.09140567397854907,529.0511866800758
2721030,5,confirmed_planet_host,2.0,444.41032415740335,0.45,8.0,0.001,747,filter,True,,True,0.0166017499286681,13.950269415974615,0.2407545410096645,14.208598833996804,4.00166722240747,444.41328830402415,7.571428571428571,9.29473654433832,8.087430392765334,22,20,0.9090909090909092,1.9816444895896008,0.0004168056018674,1.0008336112037348,True,False,,False,2.0,1.0,,"[4.00166722240747, 1.0, 5.052017339113038, 6.485161720573525, 8.273091030343448]","[9.294736544338319, 6.3282343337692515, 6.170333937853947, 6.159865972897259, 6.026892159425862]",1.9989996665555188,444.42907415740336,8.700000000000001,0.0009087194839212,0.0234115660772232,26.4731739487658,0.0005001667222406,0.0005001667222406,True,True,1.0,True,3.0,2.0,4.0,"[1.9989996665555188, 4.00166722240747, 1.0, 5.999666555518506, 8.002334111370457]","[26.473173948765798, 17.282638903865895, 14.746095457577352, 14.161810311358325, 11.110330014327623]",16.085275694914447,5.684844459265036,0.06234413965087282,0.0024937655860349127,False,True,False,True,False,True,False,False,True,False,True,False,False,True,False,True,high_scatter,564.1063681281146,0.03193785066896848,0.09140567397854907,529.0511866800758
2721030,5,confirmed_planet_host,5.0,445.7603241574034,0.45,4.0,0.001,143,filter,True,,True,0.0208250409923493,16.04805308394134,0.1490616658702492,16.218488082988188,5.000666888962988,445.7659520746007,3.928571428571429,7.721971289705394,6.949519029606422,16,14,0.875,1.9304928224263485,0.0001333777925976,0.0001333777925976,True,True,1.0,True,,,,"[5.000666888962988, 12.34378126042014, 5.052017339113038, 12.493164388129378, 5.724241413804602]","[7.721971289705394, 6.335559216223371, 6.315699595540016, 6.226653929891959, 6.154732075046688]",5.000666888962988,445.75407415740335,3.9,0.0009981332890137,0.0115840687328689,16.991391541065106,0.0001333777925976,0.0001333777925976,True,True,1.0,True,4.0,2.0,5.0,"[5.000666888962988, 10.000333444481495, 6.102367455818607, 2.4984994998332777, 15.0]","[16.991391541065106, 12.43976422971115, 11.157551508998708, 10.084507532993385, 8.350549778922597]",16.085275694914447,5.684844459265036,0.11221945137157108,0.0024937655860349127,False,True,False,True,False,True,False,False,True,False,True,False,False,True,False,True,high_scatter,564.1063681281146,0.03193785066896848,0.09140567397854907,529.0511866800758
2721030,5,confirmed_planet_host,5.0,445.7603241574034,0.45,8.0,0.001,287,filter,True,,True,0.0186942499130964,14.265923250000924,0.1350262500345707,14.420409084064886,14.775925308436149,456.72777703865125,5.142857142857142,7.903890819794717,7.582836966242409,5,5,1.0,3.5347274319595052,0.4775925308436147,1.9551850616872293,False,False,3.0,True,,2.0,1.0,"[14.775925308436147, 10.000333444481495, 5.010003334444815, 15.0, 12.577192397465822]","[7.903890819794717, 7.549211204995037, 7.123995512869908, 6.713682325917787, 6.533965691850194]",5.000666888962988,445.75407415740335,7.5,0.0010140420371719,0.0161251686286993,17.417396896391185,0.0001333777925976,0.0001333777925976,True,True,1.0,True,3.0,2.0,4.0,"[5.000666888962988, 10.000333444481495, 2.4984994998332777, 15.0, 1.6675558519506501]","[17.417396896391185, 12.418318597899326, 10.760195939755867, 9.36543277643378, 7.660013144619357]",16.085275694914447,5.684844459265036,0.10972568578553615,0.0024937655860349127,False,True,False,True,False,True,False,False,True,False,True,False,False,True,False,True,high_scatter,564.1063681281146,0.03193785066896848,0.09140567397854907,529.0511866800758
2721030,5,confirmed_planet_host,10.0,448.0103241574034,0.45,8.0,0.001,161,filter,True,,True,0.0112309590913355,9.33089004107751,0.2474562500137835,9.590252292109652,5.052017339113038,444.69610124811913,6.357142857142858,6.358581659324326,4.167156961103202,17,12,0.7058823529411765,1.5421825770887887,0.0104034678226076,0.4947982660886961,True,False,,False,1.0,,,"[5.052017339113038, 5.724241413804602, 14.299766588862955, 12.577192397465822, 14.033677892630879]","[6.358581659324326, 6.196521208526671, 6.162241814034907, 6.048643719901944, 6.010653200559305]",10.000333444481496,448.0165741574034,7.5,0.001042726443934,0.0125957426127708,14.764117101794156,3.33444481494638e-05,3.33444481494638e-05,True,True,1.0,True,2.0,,,"[10.000333444481495, 5.005335111703902, 6.097699233077693, 3.0493497832610874, 14.995331777259088]","[14.764117101794156, 10.100695559319986, 8.844473542888222, 5.801363009144899, 5.601698417825191]",16.085275694914447,5.684844459265036,0.7456359102244389,0.0024937655860349127,False,True,False,True,False,True,False,False,True,False,True,False,False,True,False,True,high_scatter,564.1063681281146,0.03193785066896848,0.09140567397854907,529.0511866800758
2831055,5,confirmed_planet_host,2.0,444.4109057221343,0.45,2.0,0.001,188,filter,True,,True,0.0169143751263618,17.22457804204896,0.2191041249316185,17.46154599986039,5.999666555518506,446.4297776798994,1.5,17.271760656779502,16.384259877337882,16,16,1.0,4.317940164194876,0.4999166388796265,1.9998332777592531,False,False,,False,2.0,3.0,1.0,"[5.999666555518506, 1.0, 4.00166722240747, 13.99633211070357, 9.99566522174058]","[17.271760656779502, 16.430966023842988, 15.801717608408543, 12.962267904941141, 12.925313217375221]",1.9989996665555188,444.4296557221343,2.7,0.0007355578173682,0.0113226446945326,9.912603996342735,0.0005001667222406,0.0005001667222406,True,True,1.0,True,2.0,3.0,4.0,"[1.9989996665555188, 1.0, 4.00166722240747, 5.999666555518506, 10.000333444481495]","[9.912603996342735, 6.70094217299881, 6.616952701535384, 5.540337856963891, 4.788378825098761]",16.085275694914447,5.684844459265036,0.004987531172069825,0.0024937655860349127,True,True,False,True,False,True,False,False,True,False,True,False,False,True,False,True,lowest_scatter,284.85392005780625,0.0321536469572723,0.4490121649359341,184.04384415330637
2831055,5,confirmed_planet_host,2.0,444.4109057221343,0.45,4.0,0.0005,372,filter,True,,True,0.0389149999246001,16.647872167173773,0.13004529196769,16.817388040944934,1.0,444.4193077783676,3.928571428571429,14.511798118508272,15.05290046478821,91,66,0.7252747252747253,1.5212497921201886,0.0,0.5,True,False,,False,1.0,,2.0,"[1.0, 5.999666555518506, 8.002334111370457, 13.99633211070357, 10.000333444481495]","[14.511798118508272, 12.974824211864886, 11.432030552123004, 10.879726896591345, 10.67549987267166]",1.9989996665555188,444.4296557221343,3.9,0.000467634391495,0.0085521875935355,7.520204491520199,0.0005001667222406,0.0005001667222406,True,True,1.0,True,3.0,2.0,4.0,"[1.9989996665555188, 4.00166722240747, 1.0, 5.999666555518506, 10.000333444481495]","[7.520204491520199, 5.23255790137228, 5.1250351774608705, 4.281240261334807, 4.077148130294766]",16.085275694914447,5.684844459265036,0.017456359102244388,0.0024937655860349127,False,True,False,True,False,True,False,False,True,False,True,False,False,True,False,True,lowest_scatter,284.85392005780625,0.0321536469572723,0.4490121649359341,184.04384415330637
2831055,5,confirmed_planet_host,2.0,444.4109057221343,0.45,4.0,0.001,372,filter,True,,True,0.0164314580615609,12.448833499802276,0.0648130828049033,12.530306749977171,5.999666555518506,446.41915183069347,3.928571428571429,23.776169946150624,19.388656389956033,16,16,1.0,5.944042486537656,0.4999166388796265,1.9998332777592531,False,False,,False,3.0,2.0,1.0,"[5.999666555518506, 4.00166722240747, 1.0, 8.002334111370457, 10.000333444481495]","[23.776169946150624, 22.840225442594555, 21.453018570509887, 21.37141010117373, 17.413593046641456]",1.9989996665555188,444.4296557221343,3.9,0.0009307848057495,0.0170223713498349,12.175902228663,0.0005001667222406,0.0005001667222406,True,True,1.0,True,3.0,2.0,4.0,"[1.9989996665555188, 4.00166722240747, 1.0, 5.999666555518506, 10.000333444481495]","[12.175902228662999, 8.407565209380529, 8.36514734721785, 7.037710838704821, 5.8199148293445715]",16.085275694914447,5.684844459265036,0.004987531172069825,0.0024937655860349127,True,True,False,True,False,True,False,False,True,False,True,False,False,True,False,True,lowest_scatter,284.85392005780625,0.0321536469572723,0.4490121649359341,184.04384415330637
2831055,5,confirmed_planet_host,2.0,444.4109057221343,0.45,8.0,0.0005,747,filter,True,,True,0.0116356669459491,16.921404167078435,0.1348846659529954,17.068661875091493,4.00166722240747,446.41470356505846,7.571428571428571,10.249490081904575,8.297187932735588,23,20,0.8695652173913043,2.137166418812132,0.0004168056018674,1.0008336112037348,True,False,2.0,True,4.0,1.0,,"[4.00166722240747, 1.9989996665555188, 7.997665888629544, 1.0, 10.373791263754585]","[10.249490081904575, 10.104518372525492, 8.632171893111604, 8.571355683671719, 7.806690459760661]",1.9989996665555188,444.4421557221343,7.5,0.0004867437100868,0.0118510696127667,9.415688782770788,0.0005001667222406,0.0005001667222406,True,True,1.0,True,3.0,2.0,4.0,"[1.9989996665555188, 4.00166722240747, 1.0, 5.999666555518506, 9.99566522174058]","[9.415688782770788, 6.564122498102331, 5.584885663252609, 5.170936654799717, 4.909674144330735]",16.085275694914447,5.684844459265036,0.04239401496259352,0.0024937655860349127,False,True,False,True,False,True,False,False,True,False,True,False,False,True,False,True,lowest_scatter,284.85392005780625,0.0321536469572723,0.4490121649359341,184.04384415330637
2831055,5,confirmed_planet_host,2.0,444.4109057221343,0.45,8.0,0.001,747,filter,True,,True,0.0179622499272227,13.425598959205672,0.2407207079231739,13.684972957940772,4.00166722240747,446.41470356505846,7.571428571428571,17.332505997414042,15.27332474027974,23,23,1.0,3.614077332191523,0.0004168056018674,1.0008336112037348,True,False,,False,5.0,1.0,2.0,"[4.00166722240747, 5.999666555518506, 7.997665888629544, 10.000333444481495, 1.0]","[17.332505997414042, 16.07810583393798, 15.334515335187682, 14.051297871631062, 13.833838624632312]",1.9989996665555188,444.4421557221343,7.5,0.0009708053692299,0.0236368375651703,15.35578593574099,0.0005001667222406,0.0005001667222406,True,True,1.0,True,3.0,2.0,4.0,"[1.9989996665555188, 4.00166722240747, 1.0, 5.999666555518506, 9.99566522174058]","[15.35578593574099, 10.48334120685013, 9.298170127631398, 8.41305528082186, 6.959841030717046]",16.085275694914447,5.684844459265036,0.004987531172069825,0.0024937655860349127,True,True,True,True,False,True,True,False,False,False,True,False,False,True,False,True,lowest_scatter,284.85392005780625,0.0321536469572723,0.4490121649359341,184.04384415330637
2831055,5,confirmed_planet_host,5.0,445.76090572213434,0.45,8.0,0.0005,286,filter,True,,True,0.0199110000394284,14.751312790904194,0.1535901250317692,14.92634700005874,5.000666888962988,445.78119392579094,7.571428571428571,9.628383240057309,8.697743322022008,18,17,0.9444444444444444,2.269431693635808,0.0001333777925976,0.0001333777925976,True,True,1.0,True,,4.0,,"[5.000666888962988, 13.44548182727576, 11.694898299433145, 10.000333444481495, 13.296098699566523]","[9.628383240057307, 7.416903935027453, 7.27567373513827, 6.947908792121257, 6.801034578693792]",5.000666888962988,445.7546557221343,7.5,0.0004962047052619,0.0078905285500996,6.362207490415125,0.0001333777925976,0.0001333777925976,True,True,1.0,True,4.0,3.0,2.0,"[5.000666888962988, 15.0, 10.000333444481495, 2.4984994998332777, 14.813271090363456]","[6.362207490415125, 5.526546573584817, 4.781584168432281, 3.7448531483088408, 3.1750544452561953]",16.085275694914447,5.684844459265036,0.04987531172069826,0.004987531172069825,False,True,False,True,False,True,False,False,True,False,True,False,False,True,False,True,lowest_scatter,284.85392005780625,0.0321536469572723,0.4490121649359341,184.04384415330637
2831055,5,confirmed_planet_host,10.0,448.01090572213434,0.45,8.0,0.001,160,filter,True,,True,0.0132460419554263,9.560916875023397,0.187554916832596,9.76249362505041,10.000333444481496,448.0348263602575,7.571428571428571,12.605948188166243,12.373459774249024,9,9,1.0,4.201982729388749,3.33444481494638e-05,3.33444481494638e-05,True,True,1.0,True,2.0,,,"[10.000333444481495, 5.000666888962988, 13.982327442480829, 14.995331777259088, 13.328776258752919]","[12.605948188166245, 8.053760607364639, 7.575085768710224, 7.303849398594108, 7.147577598660171]",10.000333444481496,448.0171557221344,7.5,0.0009266696144986,0.0111937763671924,9.009009757506677,3.33444481494638e-05,3.33444481494638e-05,True,True,1.0,True,2.0,,,"[10.000333444481495, 5.000666888962988, 3.334111370456819, 2.4984994998332777, 6.667222407469157]","[9.009009757506677, 6.742152460598419, 4.860594589201883, 3.9254267139434624, 3.8005369654923964]",16.085275694914447,5.684844459265036,0.032418952618453865,0.0024937655860349127,False,True,False,True,False,True,False,False,True,False,True,False,False,True,False,True,lowest_scatter,284.85392005780625,0.0321536469572723,0.4490121649359341,184.04384415330637
1865042,5,confirmed_planet_host,2.0,444.4104866208057,0.45,2.0,0.0005,188,filter,True,,True,0.0304154579062014,17.39342249999754,0.1509989160113036,17.576382625149563,1.0,444.42951789253453,1.5,10.853724713406324,11.845454487671644,92,65,0.7065217391304348,1.1315790244763555,0.0,0.5,True,False,,False,1.0,2.0,3.0,"[1.0, 4.00166722240747, 5.999666555518506, 7.997665888629544, 10.000333444481495]","[10.853724713406324, 10.056005035105509, 9.326164009187977, 9.215470960238438, 8.929194054810251]",1.9989996665555188,444.42923662080574,2.7,0.0003452178052379,0.0053040630157416,17.88815460546788,0.0005001667222406,0.0005001667222406,True,True,1.0,True,2.0,3.0,4.0,"[1.9989996665555188, 1.0, 4.00166722240747, 5.999666555518506, 8.002334111370457]","[17.88815460546788, 12.516048542756291, 11.71536123008217, 10.460966948730931, 8.364724368787765]",16.085275694914447,5.684844459265036,0.034912718204488775,0.0024937655860349127,False,True,False,True,False,True,False,False,True,False,True,False,False,True,False,True,lowest_scatter,190.32169768631582,0.0321536469572723,0.21603673361268338,160.60120880078074
1865042,5,confirmed_planet_host,2.0,444.4104866208057,0.45,2.0,0.001,188,filter,True,,True,0.0185332498513162,13.745543709024789,0.1461967499926686,13.910835458897054,4.00166722240747,446.4102963492991,1.5,20.426631816410403,19.5792588115792,23,23,1.0,4.259247164358416,0.0004168056018674,1.0008336112037348,True,False,,False,3.0,1.0,2.0,"[4.00166722240747, 5.999666555518506, 1.0, 10.999333111037013, 7.997665888629544]","[20.426631816410403, 18.52718526864659, 17.634998140701647, 16.169290720734622, 15.865733586918921]",1.9989996665555188,444.42923662080574,2.7,0.0007085094227113,0.0108858192372715,26.551207121531988,0.0005001667222406,0.0005001667222406,True,True,1.0,True,2.0,3.0,4.0,"[1.9989996665555188, 1.0, 4.00166722240747, 5.999666555518506, 7.997665888629544]","[26.551207121531988, 18.417352355089502, 18.110811394924898, 15.354092490484069, 13.199866299656751]",16.085275694914447,5.684844459265036,0.004987531172069825,0.0024937655860349127,True,True,True,True,False,True,True,False,False,False,True,False,False,True,False,True,lowest_scatter,190.32169768631582,0.0321536469572723,0.21603673361268338,160.60120880078074
1865042,5,confirmed_planet_host,2.0,444.4104866208057,0.45,4.0,0.0005,372,filter,True,,True,0.0178034999407827,13.961732957977802,0.1464780420064926,14.126634374959394,5.999666555518506,446.4187326931597,3.928571428571429,14.08804589389296,13.365224328953664,16,16,1.0,3.5220114734732397,0.4999166388796265,1.9998332777592531,False,False,,False,4.0,3.0,1.0,"[5.999666555518506, 8.002334111370457, 4.00166722240747, 1.0, 10.000333444481495]","[14.088045893892959, 12.002689390496085, 10.837764481836802, 10.793125079288144, 10.154751443955663]",1.9989996665555188,444.4417366208057,3.9,0.0004391940899014,0.0080320658940439,21.728220034368555,0.0005001667222406,0.0005001667222406,True,True,1.0,True,3.0,2.0,4.0,"[1.9989996665555188, 4.00166722240747, 1.0, 5.999666555518506, 8.002334111370457]","[21.728220034368555, 15.00164851868719, 14.602970652447443, 12.711115488070362, 10.329588467524207]",16.085275694914447,5.684844459265036,0.022443890274314215,0.0024937655860349127,False,True,False,True,False,True,False,False,True,False,True,False,False,True,False,True,lowest_scatter,190.32169768631582,0.0321536469572723,0.21603673361268338,160.60120880078074
1865042,5,confirmed_planet_host,2.0,444.4104866208057,0.45,4.0,0.001,372,filter,True,,True,0.0184792499057948,14.062265415908769,0.160275834146887,14.241704958025366,5.999666555518506,446.4187326931597,3.928571428571429,27.077978632902237,23.89372917640643,16,16,1.0,6.769494658225559,0.4999166388796265,1.9998332777592531,False,False,,False,5.0,3.0,1.0,"[5.999666555518506, 8.002334111370457, 4.00166722240747, 10.000333444481495, 1.0]","[27.077978632902237, 23.25496405451063, 22.263725865137232, 19.58187440082076, 18.862856403542015]",1.9989996665555188,444.42923662080574,3.9,0.000900397237535,0.0164872404010295,28.12720528823554,0.0005001667222406,0.0005001667222406,True,True,1.0,True,3.0,2.0,4.0,"[1.9989996665555188, 4.00166722240747, 1.0, 5.999666555518506, 8.002334111370457]","[28.12720528823554, 19.408969797858312, 19.25613777136458, 16.336680332367678, 13.627189675598148]",16.085275694914447,5.684844459265036,0.0024937655860349127,0.0024937655860349127,True,True,False,True,False,True,False,False,True,False,True,False,False,True,False,True,lowest_scatter,190.32169768631582,0.0321536469572723,0.21603673361268338,160.60120880078074
1865042,5,confirmed_planet_host,2.0,444.4104866208057,0.45,8.0,0.0005,747,filter,True,,True,0.0189997081179171,14.140221167122943,0.1525385419372469,14.312352332985029,4.00166722240747,444.41345081632096,7.571428571428571,10.31991851620515,10.45644584594367,22,21,0.9545454545454546,2.200214020386466,0.0004168056018674,1.0008336112037348,True,False,,False,,1.0,2.0,"[4.00166722240747, 5.999666555518506, 8.002334111370457, 5.3321107035678565, 10.000333444481495]","[10.31991851620515, 9.448765531009284, 9.42447300549538, 8.986315112892077, 8.68420003174868]",1.9989996665555188,444.42923662080574,8.700000000000001,0.0004507390910401,0.0116122180435858,28.240289162068283,0.0005001667222406,0.0005001667222406,True,True,1.0,True,3.0,2.0,4.0,"[1.9989996665555188, 4.00166722240747, 1.0, 5.999666555518506, 8.002334111370457]","[28.240289162068283, 19.071692113706934, 16.937920036833216, 15.59173638211005, 13.01254839791622]",16.085275694914447,5.684844459265036,0.04239401496259352,0.0024937655860349127,False,True,False,True,False,True,False,False,True,False,True,False,False,True,False,True,lowest_scatter,190.32169768631582,0.0321536469572723,0.21603673361268338,160.60120880078074
1865042,5,confirmed_planet_host,2.0,444.4104866208057,0.45,8.0,0.001,747,filter,True,,True,0.0182768329977989,18.022843457991257,0.2876780841033906,18.32966454210691,5.999666555518506,448.43329331484085,7.571428571428571,18.03809808631618,14.413032849798462,15,14,0.9333333333333332,4.657416899037229,0.4999166388796265,1.9998332777592531,False,False,,False,4.0,2.0,1.0,"[5.999666555518506, 4.00166722240747, 7.997665888629544, 1.0, 10.000333444481495]","[18.03809808631618, 17.589125081194926, 17.463196139059605, 14.707733777353031, 14.58459168739028]",1.9989996665555188,444.42923662080574,7.5,0.0009628273334601,0.0234154096442426,33.991946802115294,0.0005001667222406,0.0005001667222406,True,True,1.0,True,3.0,2.0,4.0,"[1.9989996665555188, 4.00166722240747, 1.0, 5.999666555518506, 8.002334111370457]","[33.991946802115294, 22.86217124758742, 20.72238863898951, 18.396749450072164, 15.708878582743408]",16.085275694914447,5.684844459265036,0.004987531172069825,0.0024937655860349127,True,True,False,True,False,True,False,False,True,False,True,False,False,True,False,True,lowest_scatter,190.32169768631582,0.0321536469572723,0.21603673361268338,160.60120880078074
1865042,5,confirmed_planet_host,5.0,445.76048662080575,0.45,2.0,0.0005,71,filter,True,,True,0.0255702089052647,14.281356541905552,0.1490117090288549,14.456527415895836,5.000666888962988,445.7767520045855,1.5,10.110636619841047,10.8230424719018,18,18,1.0,2.3830999053342135,0.0001333777925976,0.0001333777925976,True,True,1.0,True,,2.0,5.0,"[5.000666888962988, 10.005001667222409, 11.66222074024675, 6.667222407469157, 15.0]","[10.110636619841049, 7.642017036877432, 7.4700351940225085, 7.361987308981746, 6.798593518516846]",5.000666888962988,445.74173662080574,2.7,0.0003891944089141,0.003733627737604,13.618225277815926,0.0001333777925976,0.0001333777925976,True,True,1.0,True,3.0,2.0,4.0,"[5.000666888962988, 9.99566522174058, 2.4984994998332777, 14.995331777259088, 1.6675558519506501]","[13.618225277815926, 8.794838895101124, 8.438968530797112, 7.676635838802201, 6.123459031491356]",16.085275694914447,5.684844459265036,0.04239401496259352,0.0024937655860349127,False,True,False,True,False,True,False,False,True,False,True,False,False,True,False,True,lowest_scatter,190.32169768631582,0.0321536469572723,0.21603673361268338,160.60120880078074
1865042,5,confirmed_planet_host,5.0,445.76048662080575,0.45,4.0,0.0005,143,filter,True,,True,0.017687042010948,13.176066833781078,0.1500106251332909,13.344324665842578,5.000666888962988,445.7661145868975,3.928571428571429,11.09435956108819,11.512249280348652,16,15,0.9375,2.7735898902720475,0.0001333777925976,0.0001333777925976,True,True,1.0,True,,3.0,2.0,"[5.000666888962988, 15.0, 10.000333444481495, 13.674224741580527, 10.961987329109704]","[11.09435956108819, 9.495357010138438, 8.291605849958712, 6.701761940251491, 6.469362892078646]",5.000666888962988,445.7542366208057,3.9,0.0004947574503302,0.0057420025390732,16.48422649951607,0.0001333777925976,0.0001333777925976,True,True,1.0,True,3.0,2.0,4.0,"[5.000666888962988, 10.000333444481495, 2.4984994998332777, 15.0, 1.6675558519506501]","[16.48422649951607, 11.424476241381326, 10.35474102570352, 10.00602217788267, 7.285920675943396]",16.085275694914447,5.684844459265036,0.032418952618453865,0.0024937655860349127,False,True,False,True,False,True,False,False,True,False,True,False,False,True,False,True,lowest_scatter,190.32169768631582,0.0321536469572723,0.21603673361268338,160.60120880078074
1865042,5,confirmed_planet_host,5.0,445.76048662080575,0.45,8.0,0.0005,286,filter,True,,True,0.0188344579655677,16.329994541127235,0.1554950410500168,16.50493933307007,10.000333444481496,445.7848434622065,7.571428571428571,8.866977892069304,8.22185389030931,9,9,1.0,2.955659297356435,3.33444481494638e-05,1.000066688896299,True,False,2.0,True,4.0,1.0,3.0,"[10.000333444481495, 5.000666888962988, 14.995331777259088, 2.4984994998332777, 14.033677892630879]","[8.866977892069304, 8.862905110276014, 8.552481161800596, 7.681668754889355, 7.11696278699067]",5.000666888962988,445.7542366208057,7.5,0.0004993206377446,0.007940077363229,16.83822132734707,0.0001333777925976,0.0001333777925976,True,True,1.0,True,3.0,2.0,4.0,"[5.000666888962988, 10.000333444481495, 2.4984994998332777, 14.995331777259088, 1.6675558519506501]","[16.83822132734707, 11.603830625910621, 10.972722709480678, 10.190736951143393, 7.245545682267325]",16.085275694914447,5.684844459265036,0.06733167082294264,0.0024937655860349127,False,True,False,True,False,True,False,False,True,False,True,False,False,True,False,True,lowest_scatter,190.32169768631582,0.0321536469572723,0.21603673361268338,160.60120880078074
1865042,5,confirmed_planet_host,10.0,448.01048662080575,0.45,2.0,0.0005,40,filter,True,,True,0.0186054578516632,13.606492666061968,0.151645875070244,13.777296416927127,10.000333444481496,448.16195773997674,8.785714285714285,8.190439158527294,6.474657133454531,9,9,1.0,2.7301463861757647,3.33444481494638e-05,3.33444481494638e-05,True,True,1.0,True,,,,"[10.000333444481495, 10.961987329109704, 7.7829276425475165, 12.801267089029677, 12.185061687229076]","[8.190439158527294, 6.553990359648663, 6.549936142655821, 6.0805247683594885, 5.918054234112252]",9.99566522174058,448.02923662080576,2.7,0.0003824067111612,0.0028437481757764,9.306541856607868,0.0004334778259419,0.0004334778259419,True,True,1.0,True,2.0,,,"[9.99566522174058, 4.995998666222075, 3.334111370456819, 1.9989996665555188, 15.0]","[9.306541856607868, 4.857437522210319, 3.733395931697782, 3.3118909489739354, 3.1256307152593457]",16.085275694914447,5.684844459265036,0.08728179551122195,0.0024937655860349127,False,True,False,True,False,True,False,False,True,False,True,False,False,True,False,True,lowest_scatter,190.32169768631582,0.0321536469572723,0.21603673361268338,160.60120880078074
1865042,5,confirmed_planet_host,10.0,448.01048662080575,0.45,2.0,0.001,40,filter,True,,True,0.0172548748087137,15.492242499953136,0.1502609171438962,15.660334957996383,10.000333444481496,448.030622605332,1.5,15.66183504984176,14.667865034978172,10,10,1.0,4.952707109535671,3.33444481494638e-05,3.33444481494638e-05,True,True,1.0,True,2.0,,,"[10.000333444481495, 5.000666888962988, 15.0, 10.961987329109704, 7.7829276425475165]","[15.661835049841761, 11.085076734491077, 9.915963991605492, 6.522006604713044, 6.5179721724735575]",10.000333444481496,448.0167366208058,1.5,0.000991524086574,0.0055014604901554,15.302992513131992,3.33444481494638e-05,3.33444481494638e-05,True,True,1.0,True,2.0,,,"[10.000333444481495, 5.000666888962988, 3.334111370456819, 2.4984994998332777, 15.0]","[15.302992513131992, 9.596119803158311, 7.407484423453561, 6.073772584001563, 5.40300811331862]",16.085275694914447,5.684844459265036,0.014962593516209476,0.0024937655860349127,False,True,False,True,False,True,False,False,True,False,True,False,False,True,False,True,lowest_scatter,190.32169768631582,0.0321536469572723,0.21603673361268338,160.60120880078074
1865042,5,confirmed_planet_host,10.0,448.01048662080575,0.45,4.0,0.0005,81,filter,True,,True,0.0178277501836419,13.180731541942803,0.154501040931791,13.35362874995917,10.000333444481496,448.0198661045041,3.928571428571429,7.813714183538901,8.223014692268949,9,9,1.0,2.604571394512967,3.33444481494638e-05,3.33444481494638e-05,True,True,1.0,True,,,,"[10.000333444481495, 10.961987329109704, 15.0, 8.777259086362122, 12.801267089029677]","[7.8137141835389015, 6.5743059526712315, 6.411485300184755, 6.367911689392541, 6.099372746427656]",10.000333444481496,448.0167366208058,3.9,0.0005162244030632,0.0045193516357596,12.911299029344672,3.33444481494638e-05,3.33444481494638e-05,True,True,1.0,True,2.0,,,"[10.000333444481495, 5.000666888962988, 3.334111370456819, 1.9989996665555188, 2.4984994998332777]","[12.911299029344672, 7.739988790394426, 6.0228772670154145, 5.205837464820516, 5.081964558662636]",16.085275694914447,5.684844459265036,0.11221945137157108,0.0024937655860349127,False,True,False,True,False,True,False,False,True,False,True,False,False,True,False,True,lowest_scatter,190.32169768631582,0.0321536469572723,0.21603673361268338,160.60120880078074
1865042,5,confirmed_planet_host,10.0,448.01048662080575,0.45,8.0,0.0005,161,filter,True,,True,0.0464785418007522,14.917766208061948,0.1442337080370634,15.109296000096949,9.990996998999668,448.05078146062584,7.571428571428571,7.219616640880493,5.668255232892881,10,9,0.9,2.2830432418436257,0.0009003001000332,0.0009003001000332,True,True,1.0,True,,,,"[9.990996998999668, 10.961987329109704, 15.0, 12.801267089029677, 5.514171390463488]","[7.219616640880493, 6.541317587280312, 6.376296214819859, 6.0771122456148, 6.073134891651717]",10.000333444481496,448.0042366208057,8.700000000000001,0.0004972486496991,0.0064129051482069,13.66007574515856,3.33444481494638e-05,3.33444481494638e-05,True,True,1.0,True,2.0,,,"[10.000333444481495, 5.000666888962988, 3.334111370456819, 2.4984994998332777, 1.9989996665555188]","[13.660075745158561, 8.762336036106728, 6.59564153824105, 5.444285512239223, 4.9992327055434425]",16.085275694914447,5.684844459265036,0.2119700748129676,0.0024937655860349127,False,True,False,True,False,True,False,False,True,False,True,False,False,True,False,True,lowest_scatter,190.32169768631582,0.0321536469572723,0.21603673361268338,160.60120880078074
1865042,5,confirmed_planet_host,10.0,448.01048662080575,0.45,8.0,0.001,161,filter,True,,True,0.0170558330137282,13.801077499985697,0.1396947919856757,13.95850633410737,10.005001667222407,448.0120237108005,8.785714285714285,12.083696335968655,10.211789404532672,8,8,1.0,4.272231810481237,0.0005001667222408,0.0005001667222408,True,True,1.0,True,,,,"[10.005001667222409, 15.0, 10.961987329109704, 12.236412137379128, 12.801267089029677]","[12.083696335968657, 9.347192150237294, 6.527507351887141, 6.179758773474039, 6.064282055136682]",10.000333444481496,448.0042366208057,7.5,0.0010280564533614,0.012418486428956,15.861156839771708,3.33444481494638e-05,3.33444481494638e-05,True,True,1.0,True,2.0,,,"[10.000333444481495, 5.000666888962988, 3.334111370456819, 2.4984994998332777, 1.9989996665555188]","[15.861156839771708, 10.549596025327704, 7.95342072693297, 6.633162981940479, 5.842024068451111]",16.085275694914447,5.684844459265036,0.032418952618453865,0.0024937655860349127,False,True,False,True,False,True,False,False,True,False,True,False,False,True,False,True,lowest_scatter,190.32169768631582,0.0321536469572723,0.21603673361268338,160.60120880078074
2557816,5,confirmed_planet_host,2.0,444.41079025414217,0.45,2.0,0.0005,188,filter,True,,True,0.0363058750517666,17.13071570917964,0.1535891669336706,17.322177457856014,1.0,444.42982155450915,1.5,8.232710249950996,7.487844926172346,92,71,0.7717391304347826,0.8583193769351027,0.0,0.5,True,False,,False,1.0,,,"[1.0, 12.983327775925309, 7.1247082360786935, 10.989996665555186, 13.501500500166724]","[8.232710249950996, 6.881573935940577, 6.667237694328146, 6.533715280409631, 6.34802618747683]",1.9989996665555188,444.4295402541422,2.7,0.0003755688312649,0.0057812347776662,13.499834390634916,0.0005001667222406,0.0005001667222406,True,True,1.0,True,3.0,2.0,,"[1.9989996665555188, 4.00166722240747, 1.0, 9.379459819939981, 8.002334111370457]","[13.499834390634915, 9.670744388399816, 9.197498168857914, 7.292077569806447, 6.873386247573837]",16.085275694914447,5.684844459265036,0.08229426433915212,0.0024937655860349127,False,True,False,True,False,True,False,False,True,False,True,False,False,True,False,True,low_scatter,345.18407079687677,0.0321536469572723,0.07772962097475196,333.4332530987721
2557816,5,confirmed_planet_host,2.0,444.41079025414217,0.45,2.0,0.001,188,filter,True,,True,0.0177387080620974,13.790862415917218,0.1527988340239972,13.9619546670001,1.0,444.42982155450915,1.5,12.863050003066396,12.592611832765252,92,72,0.782608695652174,1.3410656671881216,0.0,0.5,True,False,,False,1.0,2.0,4.0,"[1.0, 4.00166722240747, 7.997665888629544, 5.999666555518506, 12.003001000333445]","[12.863050003066395, 9.461482233419506, 9.219957475302023, 8.774163365973266, 8.488417789086627]",1.9989996665555188,444.4295402541422,2.7,0.0007395202057387,0.0113836388334033,22.29765610907812,0.0005001667222406,0.0005001667222406,True,True,1.0,True,3.0,2.0,4.0,"[1.9989996665555188, 4.00166722240747, 1.0, 5.999666555518506, 8.002334111370457]","[22.297656109078122, 16.030669452192083, 15.12862433166772, 11.883823914989282, 10.90258700540192]",16.085275694914447,5.684844459265036,0.032418952618453865,0.0024937655860349127,False,True,False,True,False,True,False,False,True,False,True,False,False,True,False,True,low_scatter,345.18407079687677,0.0321536469572723,0.07772962097475196,333.4332530987721
2557816,5,confirmed_planet_host,2.0,444.41079025414217,0.45,4.0,0.0005,372,filter,True,,True,0.0177404161076992,13.667389207985252,0.1535115831065923,13.839258124819024,1.0,444.4191923028085,3.928571428571429,8.566398160609078,7.826113975592625,91,61,0.6703296703296703,0.8980025297089028,0.0,0.5,True,False,,False,1.0,,,"[1.0, 7.1247082360786935, 10.989996665555186, 13.501500500166724, 14.313771257085696]","[8.566398160609078, 6.664121704444573, 6.530661693354645, 6.345059383788749, 6.179634226992425]",1.9989996665555188,444.4295402541422,3.9,0.0004712949932323,0.0086191333813825,18.168071566604812,0.0005001667222406,0.0005001667222406,True,True,1.0,True,3.0,2.0,4.0,"[1.9989996665555188, 4.00166722240747, 1.0, 5.999666555518506, 8.002334111370457]","[18.168071566604812, 12.859585404761292, 12.69352954952321, 9.985167565960854, 9.000212842145134]",16.085275694914447,5.684844459265036,0.07231920199501247,0.0024937655860349127,False,True,False,True,False,True,False,False,True,False,True,False,False,True,False,True,low_scatter,345.18407079687677,0.0321536469572723,0.07772962097475196,333.4332530987721
2557816,5,confirmed_planet_host,2.0,444.41079025414217,0.45,4.0,0.001,372,filter,True,,True,0.0208440828137099,13.916487750131637,0.1527795000001788,14.090680541004986,4.00166722240747,446.3999452408627,3.928571428571429,13.253624107888136,9.63730738807257,23,17,0.7391304347826086,2.763571664989015,0.0004168056018674,1.0008336112037348,True,False,,False,2.0,1.0,3.0,"[4.00166722240747, 1.0, 5.999666555518506, 7.997665888629544, 10.000333444481495]","[13.253624107888136, 13.088565881446007, 12.872198439047553, 10.825105568005027, 10.535522179936967]",1.9989996665555188,444.4295402541422,3.9,0.0009344454074869,0.0170893171376819,25.44559663872152,0.0005001667222406,0.0005001667222406,True,True,1.0,True,3.0,2.0,4.0,"[1.9989996665555188, 4.00166722240747, 1.0, 5.999666555518506, 8.002334111370457]","[25.44559663872152, 17.89490065168711, 17.67387305580685, 14.380762463800806, 12.244191552955431]",16.085275694914447,5.684844459265036,0.032418952618453865,0.0024937655860349127,False,True,False,True,False,True,False,False,True,False,True,False,False,True,False,True,low_scatter,345.18407079687677,0.0321536469572723,0.07772962097475196,333.4332530987721
2557816,5,confirmed_planet_host,2.0,444.41079025414217,0.45,8.0,0.0005,747,filter,True,,True,0.0383417499251663,14.389338499866426,0.1485581658780574,14.57679979200475,1.0,444.36285726879487,5.142857142857142,7.853119761832413,6.474860500074196,91,67,0.7362637362637363,0.8232306367290161,0.0,0.5,True,False,,False,1.0,,,"[1.0, 12.983327775925309, 10.989996665555186, 6.228409469823275, 13.576192064021342]","[7.853119761832413, 6.91815402885285, 6.568446275708754, 6.522606679975766, 6.426603691817348]",1.9989996665555188,444.44204025414217,7.5,0.0005031127470401,0.0122496173338921,24.37795970771137,0.0005001667222406,0.0005001667222406,True,True,1.0,True,3.0,2.0,4.0,"[1.9989996665555188, 4.00166722240747, 1.0, 5.999666555518506, 8.002334111370457]","[24.37795970771137, 15.75610077937309, 14.401535458234028, 12.267659336772086, 10.843875457812178]",16.085275694914447,5.684844459265036,0.11221945137157108,0.0024937655860349127,False,True,False,True,False,True,False,False,True,False,True,False,False,True,False,True,low_scatter,345.18407079687677,0.0321536469572723,0.07772962097475196,333.4332530987721
2557816,5,confirmed_planet_host,2.0,444.41079025414217,0.45,8.0,0.001,747,filter,True,,True,0.0186623751651495,16.90932233305648,0.3010608330368995,17.229877959005535,1.0,444.3881548878425,6.357142857142858,11.152565429822175,10.541709976161146,91,71,0.7802197802197802,1.169106523063165,0.0,0.5,True,False,,False,1.0,4.0,2.0,"[1.0, 5.999666555518506, 11.998332777592532, 3.996998999666556, 10.000333444481495]","[11.152565429822175, 9.952598610621632, 9.035102701218575, 8.572635660507709, 8.213693900520628]",1.9989996665555188,444.44204025414217,7.5,0.0009871744061832,0.0240353852862958,32.222333573044715,0.0005001667222406,0.0005001667222406,True,True,1.0,True,3.0,2.0,4.0,"[1.9989996665555188, 4.00166722240747, 1.0, 5.999666555518506, 8.002334111370457]","[32.222333573044715, 21.254008588388142, 19.568718994965202, 16.90951568645442, 14.374753709237456]",16.085275694914447,5.684844459265036,0.032418952618453865,0.0024937655860349127,False,True,False,True,False,True,False,False,True,False,True,False,False,True,False,True,low_scatter,345.18407079687677,0.0321536469572723,0.07772962097475196,333.4332530987721
2557816,5,confirmed_planet_host,5.0,445.7607902541422,0.45,2.0,0.0005,71,filter,True,,True,0.0191176671069115,15.2898593749851,0.1596975000575184,15.469406416872516,7.1247082360786935,448.0270730266357,7.571428571428571,6.699768896491524,5.6519845003048825,11,10,0.9090909090909092,2.0200563283414392,0.2875291763921306,0.4249416472157387,False,False,,False,,3.0,,"[7.1247082360786935, 10.989996665555186, 10.000333444481495, 13.501500500166724, 14.313771257085696]","[6.699768896491524, 6.565594991679827, 6.392586416822139, 6.378999872938636, 6.225226840718735]",5.000666888962988,445.75454025414217,1.5,0.0005394943920418,0.0039043030641426,9.710338606264823,0.0001333777925976,0.0001333777925976,True,True,1.0,True,,3.0,,"[5.000666888962988, 9.379459819939981, 10.000333444481495, 1.6675558519506501, 4.692564188062688]","[9.710338606264823, 8.803797885564794, 7.049038430649, 6.54150410092922, 6.171338230270551]",16.085275694914447,5.684844459265036,0.46633416458852867,0.0024937655860349127,False,True,False,True,False,True,False,False,True,False,True,False,False,True,False,True,low_scatter,345.18407079687677,0.0321536469572723,0.07772962097475196,333.4332530987721
2557816,5,confirmed_planet_host,5.0,445.7607902541422,0.45,2.0,0.001,71,filter,True,,True,0.0174573329277336,14.450328125152735,0.1600343340542167,14.62844599992968,5.000666888962988,445.7770556665601,1.5,10.151877162921126,10.971531116591896,18,18,1.0,2.392820394558126,0.0001333777925976,0.0001333777925976,True,True,1.0,True,,2.0,3.0,"[5.000666888962988, 10.000333444481495, 14.995331777259088, 7.1247082360786935, 10.989996665555186]","[10.151877162921126, 10.067072288184201, 7.346936570024702, 6.682326281356959, 6.548501693636476]",5.000666888962988,445.75454025414217,1.5,0.0010374637061212,0.007508090513074,17.879014139445943,0.0001333777925976,0.0001333777925976,True,True,1.0,True,3.0,2.0,4.0,"[5.000666888962988, 10.000333444481495, 2.4984994998332777, 14.995331777259088, 1.6675558519506501]","[17.879014139445943, 12.834102424581443, 10.416031071137134, 10.379960013034998, 10.010514666100406]",16.085275694914447,5.684844459265036,0.04239401496259352,0.0024937655860349127,False,True,False,True,False,True,False,False,True,False,True,False,False,True,False,True,low_scatter,345.18407079687677,0.0321536469572723,0.07772962097475196,333.4332530987721
2557816,5,confirmed_planet_host,5.0,445.7607902541422,0.45,4.0,0.0005,143,filter,True,,True,0.0191954998299479,13.2498817499727,0.1545058749616146,13.424134792061524,5.000666888962988,445.7664182488721,3.928571428571429,8.244063820365767,8.060394348342355,16,15,0.9375,2.0610159550914418,0.0001333777925976,0.0001333777925976,True,True,1.0,True,,,,"[5.000666888962988, 7.1247082360786935, 10.989996665555186, 13.501500500166724, 5.206068689563188]","[8.244063820365767, 6.767399975666329, 6.6318716471245445, 6.443392936658896, 6.431431856392581]",5.000666888962988,445.75454025414217,3.9,0.0004694477066642,0.0054482654517459,12.929842242909867,0.0001333777925976,0.0001333777925976,True,True,1.0,True,5.0,2.0,3.0,"[5.000666888962988, 10.000333444481495, 15.0, 9.379459819939981, 2.4984994998332777]","[12.929842242909867, 8.171850643444289, 7.403886852892396, 7.075559445946205, 6.45430582422593]",16.085275694914447,5.684844459265036,0.08229426433915212,0.0024937655860349127,False,True,False,True,False,True,False,False,True,False,True,False,False,True,False,True,low_scatter,345.18407079687677,0.0321536469572723,0.07772962097475196,333.4332530987721
2557816,5,confirmed_planet_host,5.0,445.7607902541422,0.45,4.0,0.001,143,filter,True,,True,0.0166565829422324,14.017688249936327,0.1510118329897523,14.185907332925126,5.000666888962988,445.7664182488721,3.928571428571429,14.805197502306052,13.966627641829444,16,15,0.9375,3.701299375576513,0.0001333777925976,0.0001333777925976,True,True,1.0,True,,2.0,3.0,"[5.000666888962988, 10.000333444481495, 15.0, 12.49783261087029, 13.333444481493832]","[14.805197502306052, 11.135911238564061, 10.485923429120309, 7.80679530831572, 7.452860785437622]",5.000666888962988,445.75454025414217,3.9,0.0009615631721381,0.0111596059285435,21.385565747496127,0.0001333777925976,0.0001333777925976,True,True,1.0,True,4.0,2.0,3.0,"[5.000666888962988, 10.000333444481495, 15.0, 2.4984994998332777, 1.6675558519506501]","[21.385565747496127, 14.15342141967048, 12.218083244029089, 12.036426010493798, 10.037539848633049]",16.085275694914447,5.684844459265036,0.014962593516209476,0.0024937655860349127,False,True,False,True,False,True,False,False,True,False,True,False,False,True,False,True,low_scatter,345.18407079687677,0.0321536469572723,0.07772962097475196,333.4332530987721
2557816,5,confirmed_planet_host,5.0,445.7607902541422,0.45,8.0,0.0005,286,filter,True,,True,0.0200294170062989,16.14295025006868,0.2647652919404208,16.42843533400446,5.000666888962988,445.7859651840183,8.785714285714285,7.668711493315148,5.759621375068635,18,16,0.8888888888888888,1.807532633295452,0.0001333777925976,0.0001333777925976,True,True,1.0,True,,,,"[5.000666888962988, 7.1247082360786935, 10.989996665555186, 13.501500500166724, 14.313771257085696]","[7.668711493315148, 6.759302245172293, 6.6239360870183654, 6.435682906269698, 6.280543465195062]",5.000666888962988,445.7420402541422,7.5,0.0004369462880976,0.006948215372674,14.503591634043346,0.0001333777925976,0.0001333777925976,True,True,1.0,True,3.0,2.0,4.0,"[5.000666888962988, 10.000333444481495, 2.4984994998332777, 14.990663554518173, 1.6675558519506501]","[14.503591634043346, 9.228236386503188, 9.220772537790921, 8.5881099444949, 5.940824309588677]",16.085275694914447,5.684844459265036,0.12219451371571072,0.0024937655860349127,False,True,False,True,False,True,False,False,True,False,True,False,False,True,False,True,low_scatter,345.18407079687677,0.0321536469572723,0.07772962097475196,333.4332530987721
2557816,5,confirmed_planet_host,5.0,445.7607902541422,0.45,8.0,0.001,286,filter,True,,True,0.037495750002563,14.461928082862867,0.149130999809131,14.649164334172385,5.000666888962988,445.7859651840183,8.785714285714285,9.951239010795344,9.008960467292011,18,17,0.9444444444444444,2.3455295285804993,0.0001333777925976,0.0001333777925976,True,True,1.0,True,5.0,2.0,3.0,"[5.000666888962988, 10.000333444481495, 15.0, 7.1247082360786935, 2.4984994998332777]","[9.951239010795343, 7.619249926486688, 6.942452974291302, 6.679130111844097, 6.549852623833204]",5.000666888962988,445.7420402541422,7.5,0.0009289981634106,0.0147727066141221,20.739593712991987,0.0001333777925976,0.0001333777925976,True,True,1.0,True,3.0,2.0,4.0,"[5.000666888962988, 10.000333444481495, 2.4984994998332777, 14.995331777259088, 1.6675558519506501]","[20.739593712991987, 13.713144083569297, 13.344813603348854, 11.806065861714186, 9.497877169165397]",16.085275694914447,5.684844459265036,0.04488778054862843,0.0024937655860349127,False,True,False,True,False,True,False,False,True,False,True,False,False,True,False,True,low_scatter,345.18407079687677,0.0321536469572723,0.07772962097475196,333.4332530987721
2557816,5,confirmed_planet_host,10.0,448.0107902541422,0.45,2.0,0.001,40,filter,True,,True,0.0182684168685227,15.440497333882377,0.1573796248994767,15.616831958061084,7.1247082360786935,448.0270730266357,7.571428571428571,6.7396688484767,5.685644453904358,11,10,0.9090909090909092,2.0320866165130775,0.2875291763921306,0.2875291763921306,False,False,,False,,,,"[7.1247082360786935, 10.989996665555186, 13.501500500166724, 14.313771257085696, 11.638879626542181]","[6.7396688484767, 6.6397511721613425, 6.41698950998074, 6.249689027567435, 6.201699419930055]",10.000333444481496,448.0170402541422,1.5,0.001034626114237,0.0057406116166326,13.215299466046147,3.33444481494638e-05,3.33444481494638e-05,True,True,1.0,True,2.0,,,"[10.000333444481495, 5.000666888962988, 9.379459819939981, 3.334111370456819, 4.687895965321774]","[13.215299466046147, 8.152836679128121, 6.799364753714814, 5.506419195938886, 4.6553736451160646]",16.085275694914447,5.684844459265036,0.43640897755610975,0.0024937655860349127,False,True,False,True,False,True,False,False,True,False,True,False,False,True,False,True,low_scatter,345.18407079687677,0.0321536469572723,0.07772962097475196,333.4332530987721
2557816,5,confirmed_planet_host,10.0,448.0107902541422,0.45,4.0,0.0005,81,filter,True,,True,0.0193422501906752,13.76288745785132,0.1523635410703718,13.93536241701804,7.1247082360786935,448.0270730266357,7.571428571428571,6.769771763575422,5.711039540239511,11,10,0.9090909090909092,2.0411629869202037,0.2875291763921306,0.2875291763921306,False,False,,False,,,,"[7.1247082360786935, 10.989996665555186, 13.501500500166724, 14.313771257085696, 11.638879626542181]","[6.769771763575422, 6.6341959360750815, 6.445651168995635, 6.277603434405511, 6.229399479874121]",10.000333444481496,448.0170402541422,3.9,0.0005517849069929,0.0048306705518149,10.982656899121793,3.33444481494638e-05,3.33444481494638e-05,True,True,1.0,True,3.0,,,"[10.000333444481495, 9.379459819939981, 5.000666888962988, 4.687895965321774, 3.334111370456819]","[10.982656899121793, 7.2308455351055185, 6.715389665610274, 5.116541418217009, 4.085486722779456]",16.085275694914447,5.684844459265036,0.4114713216957606,0.0024937655860349127,False,True,False,True,False,True,False,False,True,False,True,False,False,True,False,True,low_scatter,345.18407079687677,0.0321536469572723,0.07772962097475196,333.4332530987721
2557816,5,confirmed_planet_host,10.0,448.0107902541422,0.45,4.0,0.001,81,filter,True,,True,0.0188460829667747,16.36149483290501,0.275664874818176,16.656920709181577,10.005001667222407,448.0132287503318,3.928571428571429,10.028018750493356,7.278072171275609,9,8,0.8888888888888888,3.342672916831119,0.0005001667222408,0.0005001667222408,True,True,1.0,True,,,,"[10.005001667222409, 7.1247082360786935, 10.989996665555186, 13.146715571857287, 13.501500500166724]","[10.028018750493356, 6.728592215670131, 6.593841076427878, 6.4708211803675475, 6.406443200047171]",10.000333444481496,448.0170402541422,3.9,0.001038397114844,0.0090907784903061,16.306909962123292,3.33444481494638e-05,3.33444481494638e-05,True,True,1.0,True,2.0,,,"[10.000333444481495, 5.000666888962988, 3.334111370456819, 2.4984994998332777, 14.990663554518173]","[16.306909962123292, 10.794180971457443, 7.1597345299638855, 5.590686008961921, 5.218585256889946]",16.085275694914447,5.684844459265036,0.04239401496259352,0.0024937655860349127,False,True,False,True,False,True,False,False,True,False,True,False,False,True,False,True,low_scatter,345.18407079687677,0.0321536469572723,0.07772962097475196,333.4332530987721
2557816,5,confirmed_planet_host,10.0,448.0107902541422,0.45,8.0,0.0005,160,filter,True,,True,0.0337516251020133,14.920632207999006,0.1500687501393258,15.10524974996224,7.1247082360786935,448.0270730266357,7.571428571428571,6.768368479122394,5.9656263935299885,11,10,0.9090909090909092,2.040739880737946,0.2875291763921306,0.2875291763921306,False,False,,False,,,,"[7.1247082360786935, 10.989996665555186, 13.501500500166724, 14.313771257085696, 11.638879626542181]","[6.768368479122394, 6.632820754704044, 6.444315070469572, 6.276302169959759, 6.22810820747276]",10.000333444481496,448.00454025414217,7.5,0.0005664631947099,0.006842635414628,13.247221878567904,3.33444481494638e-05,3.33444481494638e-05,True,True,1.0,True,2.0,,,"[10.000333444481495, 5.000666888962988, 3.334111370456819, 9.379459819939981, 15.0]","[13.247221878567904, 8.899967323094215, 5.579886587012016, 5.494040747757242, 4.588316447436655]",16.085275694914447,5.684844459265036,0.4139650872817955,0.0024937655860349127,False,True,False,True,False,True,False,False,True,False,True,False,False,True,False,True,low_scatter,345.18407079687677,0.0321536469572723,0.07772962097475196,333.4332530987721
2557816,5,confirmed_planet_host,10.0,448.0107902541422,0.45,8.0,0.001,160,filter,True,,True,0.0173804580699652,13.782001083018258,0.1472614589147269,13.94721212494187,10.000333444481496,448.0142603050573,7.571428571428571,7.540621748092607,6.447122506491758,10,10,1.0,2.384553969777308,3.33444481494638e-05,3.33444481494638e-05,True,True,1.0,True,2.0,,,"[10.000333444481495, 5.000666888962988, 7.1247082360786935, 10.989996665555186, 13.501500500166724]","[7.540621748092607, 6.987172702972499, 6.933027655143215, 6.6177227624139245, 6.4296461652108166]",10.000333444481496,448.00454025414217,7.5,0.0010654248929101,0.0128698813478727,16.916146108991054,3.33444481494638e-05,3.33444481494638e-05,True,True,1.0,True,2.0,,,"[10.000333444481495, 5.000666888962988, 3.334111370456819, 2.4984994998332777, 15.0]","[16.916146108991054, 11.529109667140341, 8.080917527359796, 6.376371088654707, 5.743498107221594]",16.085275694914447,5.684844459265036,0.1396508728179551,0.0024937655860349127,False,True,False,True,False,True,False,False,True,False,True,False,False,True,False,True,low_scatter,345.18407079687677,0.0321536469572723,0.07772962097475196,333.4332530987721
2571238,5,confirmed_planet_host,2.0,444.41052021163193,0.45,2.0,0.0005,188,filter,True,,True,0.01996725006029,17.611957375193015,0.1790793330874294,17.817577541805804,4.00166722240747,446.4103299290658,1.5,25.2284593995401,21.23748075928927,23,23,1.0,5.260497429257804,0.0004168056018674,1.0008336112037348,True,False,,False,4.0,1.0,3.0,"[4.00166722240747, 9.286095365121708, 5.999666555518506, 1.0, 8.002334111370457]","[25.2284593995401, 22.94173644548211, 22.36788965703775, 22.29226733726207, 19.984331769750835]",1.9989996665555188,444.42927021163194,2.7,0.0003509988104833,0.0053928846687689,7.993598221717918,0.0005001667222406,0.0005001667222406,True,True,1.0,True,4.0,3.0,5.0,"[1.9989996665555188, 9.286095365121708, 4.00166722240747, 1.0, 5.999666555518506]","[7.993598221717918, 6.076837965653133, 5.4946289334716765, 5.229200389560445, 4.27303157548962]",16.085275694914447,5.684844459265036,0.004987531172069825,0.0024937655860349127,True,True,True,True,False,True,True,False,False,False,True,False,False,True,False,True,lowest_scatter,136.43715443867333,0.0321536469572723,0.7945712482910711,66.78109494030717
2571238,5,confirmed_planet_host,2.0,444.41052021163193,0.45,2.0,0.001,188,filter,True,,True,0.0227440421003848,14.309528792044148,0.1461669579148292,14.479020624887198,1.0,443.5609290233217,8.785714285714285,58.962480866843194,39.374417685626085,87,67,0.7701149425287356,6.321441482247623,0.0,0.5,True,False,,False,1.0,2.0,3.0,"[1.0, 4.00166722240747, 5.999666555518506, 8.002334111370457, 10.000333444481495]","[58.962480866843194, 49.261898312683805, 44.385169803320395, 39.67726044792622, 34.995327568084086]",1.9989996665555188,444.42927021163194,2.7,0.0007142904279567,0.0109746408902988,15.085480096975408,0.0005001667222406,0.0005001667222406,True,True,1.0,True,3.0,2.0,4.0,"[1.9989996665555188, 4.00166722240747, 1.0, 5.999666555518506, 7.997665888629544]","[15.085480096975408, 10.67276773779437, 10.158461895263203, 8.443996428283741, 7.93052424888506]",16.085275694914447,5.684844459265036,0.0024937655860349127,0.0024937655860349127,True,True,True,True,False,True,True,False,False,False,True,False,False,True,False,True,lowest_scatter,136.43715443867333,0.0321536469572723,0.7945712482910711,66.78109494030717
2571238,5,confirmed_planet_host,2.0,444.41052021163193,0.45,4.0,0.0005,372,filter,True,,True,0.0169664158020168,13.459104625042528,0.2242663749493658,13.70103787491098,5.999666555518506,446.41876627292646,3.928571428571429,32.23964268655318,28.083798167381847,16,15,0.9375,8.059910671638296,0.4999166388796265,1.9998332777592531,False,False,,False,4.0,2.0,1.0,"[5.999666555518506, 4.00166722240747, 7.997665888629544, 1.0, 11.998332777592532]","[32.23964268655318, 26.868487621419487, 26.44243483218274, 24.396109747851217, 24.222166797793854]",1.9989996665555188,444.42927021163194,3.9,0.0004522139295551,0.0082701752230009,11.487971326500729,0.0005001667222406,0.0005001667222406,True,True,1.0,True,3.0,2.0,4.0,"[1.9989996665555188, 4.00166722240747, 1.0, 5.999666555518506, 8.002334111370457]","[11.487971326500727, 7.641240898692324, 7.636680834801233, 6.411637524609545, 5.573861839022281]",16.085275694914447,5.684844459265036,0.0024937655860349127,0.0024937655860349127,True,True,False,True,False,True,False,False,True,False,True,False,False,True,False,True,lowest_scatter,136.43715443867333,0.0321536469572723,0.7945712482910711,66.78109494030717
2571238,5,confirmed_planet_host,2.0,444.41052021163193,0.45,4.0,0.001,372,filter,True,,True,0.0223930419888347,14.100989416940138,0.1393112079240381,14.26337616587989,4.00166722240747,446.3996751586548,3.928571428571429,65.96566126365897,44.80189461416741,23,17,0.7391304347826086,13.754791206279329,0.0004168056018674,1.0008336112037348,True,False,,False,3.0,1.0,2.0,"[4.00166722240747, 5.999666555518506, 1.0, 8.002334111370457, 9.001333777925977]","[65.96566126365897, 64.83854749654262, 57.63492314003009, 53.537872025125886, 50.12346160825914]",1.9989996665555188,444.42927021163194,3.9,0.0009153643438096,0.0167403589793003,18.856359699178157,0.0005001667222406,0.0005001667222406,True,True,1.0,True,3.0,2.0,4.0,"[1.9989996665555188, 4.00166722240747, 1.0, 5.999666555518506, 8.002334111370457]","[18.856359699178157, 12.854393870766028, 12.817237044200933, 10.814449079395931, 9.285028527058074]",16.085275694914447,5.684844459265036,0.0024937655860349127,0.0024937655860349127,True,True,True,True,False,True,True,False,False,False,True,False,False,True,False,True,lowest_scatter,136.43715443867333,0.0321536469572723,0.7945712482910711,66.78109494030717
2571238,5,confirmed_planet_host,2.0,444.41052021163193,0.45,8.0,0.0005,747,filter,True,,True,0.0182142918929457,14.521565750008447,0.1442126249894499,14.68454408296384,9.286095365121708,451.75885699478954,2.7142857142857144,22.009186395320395,22.194664138922892,10,10,1.0,6.95991584564035,1.321523841280427,3.643047682560854,False,False,,False,4.0,2.0,3.0,"[9.286095365121708, 3.996998999666556, 5.999666555518506, 1.0, 7.997665888629544]","[22.009186395320395, 20.533648826168257, 20.27267139787984, 17.943956640249187, 17.287227135072047]",1.9989996665555188,444.42927021163194,7.5,0.000478139489555,0.0116280787073063,15.016601210843143,0.0005001667222406,0.0005001667222406,True,True,1.0,True,3.0,2.0,4.0,"[1.9989996665555188, 4.00166722240747, 1.0, 5.999666555518506, 7.997665888629544]","[15.016601210843143, 9.802116696204228, 8.926232515311854, 7.984185995373386, 6.848925053538803]",16.085275694914447,5.684844459265036,0.004987531172069825,0.0024937655860349127,True,True,False,True,False,True,False,False,True,False,True,False,False,True,False,True,lowest_scatter,136.43715443867333,0.0321536469572723,0.7945712482910711,66.78109494030717
2571238,5,confirmed_planet_host,2.0,444.41052021163193,0.45,8.0,0.001,747,filter,True,,True,0.017342209117487,15.968166459118947,0.2581920828670263,16.244450624799356,5.999666555518506,446.4334380427681,7.571428571428571,42.31572253126942,37.13474554518591,15,15,1.0,10.925872576422694,0.4999166388796265,1.9998332777592531,False,False,,False,,2.0,1.0,"[5.999666555518506, 3.996998999666556, 7.997665888629544, 10.000333444481495, 9.001333777925977]","[42.31572253126942, 40.02506857503961, 36.163927714814136, 33.57224243999623, 31.586518538462528]",1.9989996665555188,444.42927021163194,7.5,0.0009636072447703,0.0234343766408991,23.61367236628122,0.0005001667222406,0.0005001667222406,True,True,1.0,True,3.0,2.0,4.0,"[1.9989996665555188, 4.00166722240747, 1.0, 5.999666555518506, 7.997665888629544]","[23.61367236628122, 15.616935001089654, 14.314725878883984, 12.7427280854628, 10.847878186346765]",16.085275694914447,5.684844459265036,0.0024937655860349127,0.0024937655860349127,True,True,False,True,False,True,False,False,True,False,True,False,False,True,False,True,lowest_scatter,136.43715443867333,0.0321536469572723,0.7945712482910711,66.78109494030717
2571238,5,confirmed_planet_host,5.0,445.760520211632,0.45,8.0,0.0005,287,filter,True,,True,0.018219833029434,15.94833983387798,0.2850709580816328,16.25252216681838,9.286095365121708,451.75885699478954,2.7142857142857144,23.702212743824617,23.76528426960674,10,10,1.0,7.495297785635484,0.0713904634878291,0.8572190730243416,False,False,2.0,True,,3.0,5.0,"[9.286095365121708, 5.000666888962988, 10.000333444481495, 7.498166055351785, 15.0]","[23.702212743824614, 20.255956969097934, 15.6757209709626, 15.53519425244062, 14.672137395708809]",5.000666888962988,445.766770211632,7.5,0.0004831299591466,0.0076826170643471,8.633524546335872,0.0001333777925976,0.0001333777925976,True,True,1.0,True,3.0,2.0,4.0,"[5.000666888962988, 10.000333444481495, 2.4984994998332777, 14.995331777259088, 9.286095365121708]","[8.633524546335872, 5.844818404647637, 5.377851479993558, 4.772299415436305, 3.973108517371113]",16.085275694914447,5.684844459265036,0.004987531172069825,0.0024937655860349127,True,True,False,True,False,True,False,False,True,False,True,False,False,True,False,True,lowest_scatter,136.43715443867333,0.0321536469572723,0.7945712482910711,66.78109494030717
2571238,5,confirmed_planet_host,10.0,448.010520211632,0.45,8.0,0.0005,161,filter,True,,True,0.0404958750586956,14.982341916998848,0.1393482920248061,15.16282487497665,9.286095365121708,451.75885699478954,2.7142857142857144,23.78775276457487,23.851051912127275,10,10,1.0,7.522347915302371,0.0713904634878291,0.0713904634878291,False,False,2.0,True,,,,"[9.286095365121708, 10.000333444481495, 13.930976992330779, 4.641213737912638, 14.995331777259088]","[23.78775276457487, 17.163502004222792, 13.513761988486547, 10.897548820674201, 10.661969773993384]",10.000333444481496,448.016770211632,7.5,0.0004335591568127,0.0052372109405317,6.972637104298432,3.33444481494638e-05,3.33444481494638e-05,True,True,1.0,True,3.0,,,"[10.000333444481495, 9.286095365121708, 5.000666888962988, 3.334111370456819, 4.641213737912638]","[6.972637104298432, 5.716936702899194, 5.419478601247158, 3.953041137400563, 3.522208253122701]",16.085275694914447,5.684844459265036,0.004987531172069825,0.0024937655860349127,True,True,False,True,False,True,False,False,True,False,True,False,False,True,False,True,lowest_scatter,136.43715443867333,0.0321536469572723,0.7945712482910711,66.78109494030717
1724719,5,confirmed_planet_host,2.0,444.41037138675017,0.45,2.0,0.0005,188,filter,True,,True,0.0209914578590542,17.8533574170433,0.1564362079370767,18.035264250123873,1.0,444.42940264322857,1.5,9.607518874689084,10.618957893901838,91,71,0.7802197802197802,1.0071416354856193,0.0,0.5,True,False,,False,1.0,2.0,3.0,"[1.0, 4.00166722240747, 5.999666555518506, 10.000333444481495, 12.003001000333445]","[9.607518874689083, 7.996479092276935, 7.6106143843484295, 6.525221045424644, 6.476491484464707]",1.9989996665555188,444.4291213867502,2.7,0.000345757844268,0.0053123603891768,8.203962738884645,0.0005001667222406,0.0005001667222406,True,True,1.0,True,2.0,3.0,5.0,"[1.9989996665555188, 1.0, 4.00166722240747, 8.002334111370457, 5.999666555518506]","[8.203962738884645, 5.223578570259486, 4.886732544184147, 4.111340992163108, 3.9666269190760266]",16.085275694914447,5.684844459265036,0.04987531172069826,0.0024937655860349127,False,True,False,True,False,True,False,False,True,False,True,False,False,True,False,True,lowest_scatter,253.74849780641173,0.0321536469572723,0.2896619107984814,201.49712071074617
1724719,5,confirmed_planet_host,2.0,444.41037138675017,0.45,2.0,0.001,188,filter,True,,True,0.0193892500828951,13.71587925008498,0.1409320840612054,13.876879415940492,5.999666555518506,444.4293544412202,1.5,15.215688175938284,13.61022002239004,15,15,1.0,3.928673793766272,0.4999166388796265,1.9998332777592531,False,False,,False,3.0,2.0,1.0,"[5.999666555518506, 4.00166722240747, 1.0, 10.000333444481495, 7.997665888629544]","[15.215688175938284, 14.19844588535545, 14.124030498990573, 12.40569921755436, 12.2056851756813]",1.9989996665555188,444.4291213867502,2.7,0.0007090494617414,0.0108941166107067,17.14212733353367,0.0005001667222406,0.0005001667222406,True,True,1.0,True,3.0,2.0,4.0,"[1.9989996665555188, 4.00166722240747, 1.0, 5.999666555518506, 8.002334111370457]","[17.14212733353367, 11.51581119173457, 11.427283143320446, 9.098632979796553, 8.421124481727446]",16.085275694914447,5.684844459265036,0.014962593516209476,0.0024937655860349127,False,True,False,True,False,True,False,False,True,False,True,False,False,True,False,True,lowest_scatter,253.74849780641173,0.0321536469572723,0.2896619107984814,201.49712071074617
1724719,5,confirmed_planet_host,2.0,444.41037138675017,0.45,4.0,0.0005,372,filter,True,,True,0.0181522078346461,13.93883274984546,0.1396284578368067,14.097317208070308,1.0,444.4187733915279,3.928571428571429,12.634023753316663,13.117584955526835,91,65,0.7142857142857143,1.3244055527386396,0.0,0.5,True,False,,False,1.0,3.0,2.0,"[1.0, 5.999666555518506, 4.00166722240747, 10.000333444481495, 11.998332777592532]","[12.634023753316663, 10.57727139421227, 10.003380196464624, 8.86435492713188, 8.591147854697596]",1.9989996665555188,444.4291213867502,3.9,0.0004465043320309,0.0081657570065506,12.064544737411088,0.0005001667222406,0.0005001667222406,True,True,1.0,True,2.0,3.0,4.0,"[1.9989996665555188, 1.0, 4.00166722240747, 5.999666555518506, 7.997665888629544]","[12.064544737411087, 7.723354743572996, 7.6146970505263, 6.0919627713361955, 5.965596632904319]",16.085275694914447,5.684844459265036,0.032418952618453865,0.0024937655860349127,False,True,False,True,False,True,False,False,True,False,True,False,False,True,False,True,lowest_scatter,253.74849780641173,0.0321536469572723,0.2896619107984814,201.49712071074617
1724719,5,confirmed_planet_host,2.0,444.41037138675017,0.45,4.0,0.001,372,filter,True,,True,0.0191587910521775,13.993453667033464,0.1522528331261128,14.165543416980654,1.0,444.4187733915279,3.928571428571429,22.79482970125767,24.29796430607627,91,66,0.7252747252747253,2.389547433148683,0.0,0.5,True,False,,False,1.0,3.0,2.0,"[1.0, 5.999666555518506, 4.00166722240747, 7.997665888629544, 12.003001000333445]","[22.79482970125767, 20.890870689290843, 18.82428064908915, 16.88539796079296, 15.852670444434935]",1.9989996665555188,444.4291213867502,3.9,0.0009096547462854,0.0166359407628499,21.10065763445946,0.0005001667222406,0.0005001667222406,True,True,1.0,True,2.0,3.0,4.0,"[1.9989996665555188, 1.0, 4.00166722240747, 5.999666555518506, 8.002334111370457]","[21.10065763445946, 14.176874558631926, 14.130710421838387, 11.550836364810637, 10.459608484137368]",16.085275694914447,5.684844459265036,0.004987531172069825,0.0024937655860349127,True,True,True,True,False,True,True,False,False,False,True,False,False,True,False,True,lowest_scatter,253.74849780641173,0.0321536469572723,0.2896619107984814,201.49712071074617
1724719,5,confirmed_planet_host,2.0,444.41037138675017,0.45,8.0,0.0005,747,filter,True,,True,0.0166410841047763,14.706060291966423,0.1447845420334488,14.868133374955503,4.00166722240747,446.41416917821874,7.571428571428571,7.97140182036364,6.654232118625524,23,19,0.8260869565217391,1.6621521797866237,0.0004168056018674,1.0008336112037348,True,False,,False,4.0,1.0,3.0,"[4.00166722240747, 10.000333444481495, 5.999666555518506, 1.0, 14.001000333444482]","[7.97140182036364, 7.390279236856961, 7.3484306096262815, 7.291533106083714, 6.996265838830513]",1.9989996665555188,444.4291213867502,8.700000000000001,0.0004515353325711,0.0116327313082589,15.109252883551122,0.0005001667222406,0.0005001667222406,True,True,1.0,True,3.0,2.0,5.0,"[1.9989996665555188, 4.00166722240747, 1.0, 8.002334111370457, 5.999666555518506]","[15.109252883551122, 9.793706148133724, 8.36978870439752, 7.804038840638484, 7.717957390545644]",16.085275694914447,5.684844459265036,0.10473815461346633,0.0024937655860349127,False,True,False,True,False,True,False,False,True,False,True,False,False,True,False,True,lowest_scatter,253.74849780641173,0.0321536469572723,0.2896619107984814,201.49712071074617
1724719,5,confirmed_planet_host,2.0,444.41037138675017,0.45,8.0,0.001,747,filter,True,,True,0.0186774579342454,17.21642995905131,0.2858326248824596,17.521710749948397,4.00166722240747,446.41416917821874,7.571428571428571,15.656487765067157,12.892317397616075,23,21,0.9130434782608696,3.2646033725247383,0.0004168056018674,1.0008336112037348,True,False,,False,3.0,1.0,2.0,"[4.00166722240747, 5.999666555518506, 1.0, 10.000333444481495, 13.99633211070357]","[15.656487765067157, 13.301168203726798, 13.031418449600855, 12.363666158104447, 11.431827206528471]",1.9989996665555188,444.4291213867502,8.700000000000001,0.0009081264134479,0.0233957119178676,24.659743575130147,0.0005001667222406,0.0005001667222406,True,True,1.0,True,3.0,2.0,4.0,"[1.9989996665555188, 4.00166722240747, 1.0, 5.999666555518506, 8.002334111370457]","[24.659743575130147, 16.3179530582556, 14.606426014013081, 12.896134451658384, 12.068839731203138]",16.085275694914447,5.684844459265036,0.014962593516209476,0.0024937655860349127,False,True,False,True,False,True,False,False,True,False,True,False,False,True,False,True,lowest_scatter,253.74849780641173,0.0321536469572723,0.2896619107984814,201.49712071074617
1724719,5,confirmed_planet_host,5.0,445.7603713867502,0.45,2.0,0.001,71,filter,True,,True,0.0189182080794125,14.593771999934688,0.1433606250211596,14.756650749826804,5.000666888962988,445.7766367552795,1.5,14.167628269789184,14.69491883261742,18,18,1.0,3.3393420076327223,0.0001333777925976,0.0001333777925976,True,True,1.0,True,,2.0,4.0,"[5.000666888962988, 10.000333444481495, 12.49783261087029, 15.0, 7.498166055351785]","[14.167628269789185, 11.522589098546744, 10.463453598602054, 9.978854876711113, 8.37521850680646]",5.000666888962988,445.75412138675017,2.7,0.0007452707603422,0.0072602576905591,12.563738386040134,0.0001333777925976,0.0001333777925976,True,True,1.0,True,3.0,2.0,4.0,"[5.000666888962988, 10.000333444481495, 2.4984994998332777, 14.995331777259088, 1.6675558519506501]","[12.563738386040134, 8.697435419586713, 7.231632572347443, 6.946245693438395, 5.7696447827385136]",16.085275694914447,5.684844459265036,0.022443890274314215,0.0024937655860349127,False,True,False,True,False,True,False,False,True,False,True,False,False,True,False,True,lowest_scatter,253.74849780641173,0.0321536469572723,0.2896619107984814,201.49712071074617
1724719,5,confirmed_planet_host,5.0,445.7603713867502,0.45,4.0,0.0005,143,filter,True,,True,0.0168710001744329,13.592569667147473,0.148945374879986,13.758977082790809,5.000666888962988,445.7659993375915,3.928571428571429,10.4009058807772,11.132182426721256,16,16,1.0,2.6002264701942996,0.0001333777925976,0.0001333777925976,True,True,1.0,True,,2.0,3.0,"[5.000666888962988, 10.000333444481495, 15.0, 6.121040346782261, 13.487495831943983]","[10.400905880777199, 9.112122867962348, 8.815746165835044, 6.358461135352134, 5.9971185872239605]",5.000666888962988,445.75412138675017,3.9,0.0005025402320075,0.0058525956538536,9.152601547068446,0.0001333777925976,0.0001333777925976,True,True,1.0,True,4.0,2.0,3.0,"[5.000666888962988, 10.000333444481495, 15.0, 2.4984994998332777, 1.6675558519506501]","[9.152601547068446, 5.907030489131843, 5.341151308821425, 4.683569048324606, 3.534559935928347]",16.085275694914447,5.684844459265036,0.04239401496259352,0.0024937655860349127,False,True,False,True,False,True,False,False,True,False,True,False,False,True,False,True,lowest_scatter,253.74849780641173,0.0321536469572723,0.2896619107984814,201.49712071074617
1724719,5,confirmed_planet_host,5.0,445.7603713867502,0.45,8.0,0.0005,286,filter,True,,True,0.0169143329840153,16.756267875200137,0.1388604580424726,16.912745625013486,15.0,455.7764184590917,7.571428571428571,6.43345731716528,5.354962550887222,6,6,1.0,2.6264479515049564,0.5,2.0,False,False,3.0,True,,5.0,1.0,"[15.0, 12.091697232410805, 4.995998666222075, 11.503501167055687, 10.005001667222409]","[6.43345731716528, 6.3050971360190236, 6.244741378754955, 5.979381019048934, 5.947461581130557]",5.000666888962988,445.7416213867502,8.700000000000001,0.0004506814388919,0.0076673425316954,10.060188694415029,0.0001333777925976,0.0001333777925976,True,True,1.0,True,4.0,2.0,3.0,"[5.000666888962988, 10.005001667222409, 15.0, 2.4984994998332777, 1.6675558519506501]","[10.060188694415027, 6.681916217444552, 5.41784324205666, 5.291767486692205, 4.101915028685235]",16.085275694914447,5.684844459265036,0.6807980049875312,0.0024937655860349127,False,True,False,True,False,True,False,False,True,False,True,False,False,True,False,True,lowest_scatter,253.74849780641173,0.0321536469572723,0.2896619107984814,201.49712071074617
1724719,5,confirmed_planet_host,5.0,445.7603713867502,0.45,8.0,0.001,286,filter,True,,True,0.0211470839567482,13.77850120794028,0.1392523748800158,13.939486915944144,5.000666888962988,445.7806595389512,7.571428571428571,11.575117212346138,11.78680491318326,18,16,0.8888888888888888,2.728281291293027,0.0001333777925976,0.0001333777925976,True,True,1.0,True,,3.0,2.0,"[5.000666888962988, 15.0, 10.000333444481495, 7.498166055351785, 1.0]","[11.575117212346138, 11.417342630505173, 10.758265902148962, 7.900966783077414, 7.108647115262365]",5.000666888962988,445.75412138675017,7.5,0.0009759063132602,0.0155186287944148,16.8383554486668,0.0001333777925976,0.0001333777925976,True,True,1.0,True,3.0,2.0,4.0,"[5.000666888962988, 10.000333444481495, 2.4984994998332777, 15.0, 1.6675558519506501]","[16.8383554486668, 11.432199021076872, 9.974201444026798, 9.20528321771089, 7.6673008880521385]",16.085275694914447,5.684844459265036,0.032418952618453865,0.0024937655860349127,False,True,False,True,False,True,False,False,True,False,True,False,False,True,False,True,lowest_scatter,253.74849780641173,0.0321536469572723,0.2896619107984814,201.49712071074617
1724719,5,confirmed_planet_host,10.0,448.0103713867502,0.45,2.0,0.001,40,filter,True,,True,0.0171642079949378,15.643635667162016,0.145296957809478,15.80679816682823,10.000333444481496,448.0305073560261,1.5,12.919550205023928,12.808553428039035,10,10,1.0,4.085520499277097,3.33444481494638e-05,3.33444481494638e-05,True,True,1.0,True,,,,"[10.000333444481495, 15.0, 13.333444481493832, 14.019673224408137, 10.215071690563521]","[12.919550205023928, 8.355784670077185, 6.829954356958102, 6.401361667081095, 6.206892652077112]",10.000333444481496,448.0166213867502,1.5,0.0009466035277674,0.0052522192636269,8.520087387280691,3.33444481494638e-05,3.33444481494638e-05,True,True,1.0,True,2.0,,,"[10.000333444481495, 5.000666888962988, 3.334111370456819, 1.9989996665555188, 6.667222407469157]","[8.520087387280691, 6.1644561122405905, 4.558724482444567, 3.4617520694579684, 3.2051420907684527]",16.085275694914447,5.684844459265036,0.032418952618453865,0.0024937655860349127,False,True,False,True,False,True,False,False,True,False,True,False,False,True,False,True,lowest_scatter,253.74849780641173,0.0321536469572723,0.2896619107984814,201.49712071074617
1724719,5,confirmed_planet_host,10.0,448.0103713867502,0.45,4.0,0.001,81,filter,True,,True,0.0165059580467641,17.20674845785834,0.1401914579328149,17.36412208294496,10.000333444481496,448.01975085519814,3.928571428571429,15.287722912310496,14.827833187051782,9,9,1.0,5.095907637436832,3.33444481494638e-05,3.33444481494638e-05,True,True,1.0,True,3.0,,,"[10.000333444481495, 14.995331777259088, 5.000666888962988, 13.333444481493832, 14.374458152717574]","[15.287722912310496, 10.73459798252073, 8.069339612300833, 6.641178709764943, 6.145138814679422]",10.000333444481496,448.00412138675017,3.9,0.0009226671012217,0.0081282977495094,13.193648746643706,3.33444481494638e-05,3.33444481494638e-05,True,True,1.0,True,2.0,,,"[10.000333444481495, 5.000666888962988, 3.334111370456819, 2.4984994998332777, 1.9989996665555188]","[13.193648746643706, 9.657193002341472, 6.7834138842617655, 5.5135704547811075, 5.429697285509875]",16.085275694914447,5.684844459265036,0.014962593516209476,0.0024937655860349127,False,True,False,True,False,True,False,False,True,False,True,False,False,True,False,True,lowest_scatter,253.74849780641173,0.0321536469572723,0.2896619107984814,201.49712071074617
1724719,5,confirmed_planet_host,10.0,448.0103713867502,0.45,8.0,0.0005,161,filter,True,,True,0.0210730840917676,14.24147720914334,0.1406068329233676,14.403801792068409,13.22607535845282,445.96400911190005,1.5,6.406523373937375,5.220872224728237,7,5,0.7142857142857143,2.4214382308515363,0.3226075358452819,0.3226075358452819,False,False,,False,,,,"[13.22607535845282, 6.060353451150384, 13.487495831943983, 8.469156385461822, 14.173724574858287]","[6.406523373937375, 6.082263634656895, 6.036329135762648, 5.825124727883447, 5.722240865361202]",10.000333444481496,448.00412138675017,7.5,0.0004354757164024,0.0052603621684405,7.36139897632691,3.33444481494638e-05,3.33444481494638e-05,True,True,1.0,True,2.0,,,"[10.000333444481495, 5.000666888962988, 3.334111370456819, 1.9989996665555188, 6.667222407469157]","[7.36139897632691, 5.530739636675813, 4.019454031457962, 3.495903621895131, 3.136182445687896]",16.085275694914447,5.684844459265036,0.6982543640897756,0.0024937655860349127,False,True,False,True,False,True,False,False,True,False,True,False,False,True,False,True,lowest_scatter,253.74849780641173,0.0321536469572723,0.2896619107984814,201.49712071074617
1724719,5,confirmed_planet_host,10.0,448.0103713867502,0.45,8.0,0.001,161,filter,True,,True,0.0174789591692388,13.587359708035365,0.1038361249957233,13.709067333023995,10.000333444481496,448.0342919734178,7.571428571428571,9.621101611230689,10.169555828766772,9,9,1.0,3.207033870410229,3.33444481494638e-05,3.33444481494638e-05,True,True,1.0,True,,,,"[10.000333444481495, 13.328776258752919, 15.0, 11.965655218406136, 12.091697232410805]","[9.621101611230687, 7.178005197759595, 6.761302143691998, 6.720676729040876, 6.278292559629787]",10.000333444481496,448.00412138675017,7.5,0.0009343220477361,0.0112862145188105,13.536403916015772,3.33444481494638e-05,3.33444481494638e-05,True,True,1.0,True,2.0,,,"[10.000333444481495, 5.000666888962988, 3.334111370456819, 1.9989996665555188, 2.4984994998332777]","[13.536403916015772, 9.684524892844141, 7.26133833280452, 5.723132144130708, 5.645845777650559]",16.085275694914447,5.684844459265036,0.04987531172069826,0.0024937655860349127,False,True,False,True,False,True,False,False,True,False,True,False,False,True,False,True,lowest_scatter,253.74849780641173,0.0321536469572723,0.2896619107984814,201.49712071074617
1718189,5,confirmed_planet_host,2.0,444.4104802339119,0.45,2.0,0.0005,188,filter,True,,True,0.0222604579757899,17.588098958833143,0.1567737080622464,17.769576583057642,5.999666555518506,448.42924100963967,1.5,7.669673829020553,7.549217541954436,15,14,0.9333333333333332,1.9803012673759648,0.4999166388796265,1.9998332777592531,False,False,,False,2.0,3.0,1.0,"[5.999666555518506, 1.0, 3.996998999666556, 6.4244748249416475, 14.84594864954985]","[7.669673829020553, 7.110791209228715, 6.7215055647730315, 6.539470846711717, 6.5121008290671645]",1.9989996665555188,444.42923023391194,2.7,0.0003386868257244,0.0052037184611773,21.861636664037427,0.0005001667222406,0.0005001667222406,True,True,1.0,True,3.0,2.0,4.0,"[1.9989996665555188, 4.00166722240747, 1.0, 5.999666555518506, 8.002334111370457]","[21.861636664037427, 14.923424319417684, 14.527570750015276, 13.07600441236779, 10.99722522626701]",16.085275694914447,5.684844459265036,0.11970074812967581,0.0024937655860349127,False,True,False,True,False,True,False,False,True,False,True,False,False,True,False,True,lowest_scatter,248.6156618207829,0.0321536469572723,0.05784856181478591,236.84314482102673
1718189,5,confirmed_planet_host,2.0,444.4104802339119,0.45,2.0,0.001,188,filter,True,,True,0.0192723330110311,13.971638375194743,0.1529459578450769,14.144411290995777,5.999666555518506,448.42924100963967,1.5,13.962401908866282,12.99115350520921,15,15,1.0,3.605076671072917,0.4999166388796265,1.9998332777592531,False,False,,False,3.0,2.0,1.0,"[5.999666555518506, 4.00166722240747, 1.0, 7.997665888629544, 10.000333444481495]","[13.962401908866282, 12.451748575334497, 12.259414940551911, 10.076881328137958, 9.969613313535259]",1.9989996665555188,444.42923023391194,2.7,0.0007019784431978,0.0107854746827072,32.35193470923028,0.0005001667222406,0.0005001667222406,True,True,1.0,True,3.0,2.0,4.0,"[1.9989996665555188, 4.00166722240747, 1.0, 5.999666555518506, 8.002334111370457]","[32.35193470923028, 22.123796339640716, 22.010952601707494, 18.69674117782142, 16.83380919761395]",16.085275694914447,5.684844459265036,0.022443890274314215,0.0024937655860349127,False,True,False,True,False,True,False,False,True,False,True,False,False,True,False,True,lowest_scatter,248.6156618207829,0.0321536469572723,0.05784856181478591,236.84314482102673
1718189,5,confirmed_planet_host,2.0,444.4104802339119,0.45,4.0,0.0005,372,filter,True,,True,0.0178476250730454,14.470741542056205,0.1539136669598519,14.64314508298412,1.0,444.4188822562684,3.928571428571429,8.782516522762684,9.621358660573469,91,72,0.7912087912087912,0.920657889907183,0.0,0.5,True,False,,False,1.0,2.0,4.0,"[1.0, 4.00166722240747, 12.003001000333445, 5.999666555518506, 2.666555518506169]","[8.782516522762684, 8.466397039762724, 8.299737234476614, 7.44105146292671, 7.38914612264598]",1.9989996665555188,444.42923023391194,3.9,0.0004384936096495,0.008029288912968,27.939587152169125,0.0005001667222406,0.0005001667222406,True,True,1.0,True,3.0,2.0,4.0,"[1.9989996665555188, 4.00166722240747, 1.0, 5.999666555518506, 8.002334111370457]","[27.939587152169125, 19.796069614953563, 18.86177428339297, 16.278669155449958, 13.70123703773373]",16.085275694914447,5.684844459265036,0.07231920199501247,0.0024937655860349127,False,True,False,True,False,True,False,False,True,False,True,False,False,True,False,True,lowest_scatter,248.6156618207829,0.0321536469572723,0.05784856181478591,236.84314482102673
1718189,5,confirmed_planet_host,2.0,444.4104802339119,0.45,4.0,0.001,372,filter,True,,True,0.017395291943103,14.827506291912869,0.1528658329043537,14.998363208025694,5.999666555518506,446.4187263085942,3.928571428571429,14.7168941671469,13.982146383283244,16,16,1.0,3.6792235417867247,0.4999166388796265,1.9998332777592531,False,False,,False,3.0,4.0,1.0,"[5.999666555518506, 12.003001000333445, 1.0, 4.00166722240747, 7.997665888629544]","[14.716894167146899, 14.337268123835338, 14.174974973975035, 14.081475752418386, 12.515180045497393]",1.9989996665555188,444.42923023391194,3.9,0.0009018547613984,0.0165139292282765,32.49006631405395,0.0005001667222406,0.0005001667222406,True,True,1.0,True,3.0,2.0,4.0,"[1.9989996665555188, 4.00166722240747, 1.0, 5.999666555518506, 8.002334111370457]","[32.49006631405395, 22.67542950303876, 22.280132046249847, 18.836484407662024, 15.986842053698103]",16.085275694914447,5.684844459265036,0.017456359102244388,0.0024937655860349127,False,True,False,True,False,True,False,False,True,False,True,False,False,True,False,True,lowest_scatter,248.6156618207829,0.0321536469572723,0.05784856181478591,236.84314482102673
1718189,5,confirmed_planet_host,2.0,444.4104802339119,0.45,8.0,0.0005,747,filter,True,,True,0.0171222919598221,13.944858083035797,0.1534762498922646,14.116008875193074,5.999666555518506,444.4383998165435,8.785714285714285,7.213581608195689,6.465236186014062,15,14,0.9333333333333332,1.862538762336668,0.4999166388796265,1.9998332777592531,False,False,,False,5.0,3.0,1.0,"[5.999666555518506, 9.99566522174058, 4.00166722240747, 6.4244748249416475, 1.0]","[7.213581608195689, 7.176781235194488, 7.09816198632527, 6.512453872209247, 6.503308319986365]",1.9989996665555188,444.42923023391194,7.5,0.0004720910278464,0.0114809835805867,34.26989479343417,0.0005001667222406,0.0005001667222406,True,True,1.0,True,3.0,2.0,4.0,"[1.9989996665555188, 4.00166722240747, 1.0, 5.999666555518506, 7.997665888629544]","[34.26989479343417, 23.575404474430947, 19.950379318839936, 18.765067921248765, 16.008978811350797]",16.085275694914447,5.684844459265036,0.2169576059850374,0.0024937655860349127,False,True,False,True,False,True,False,False,True,False,True,False,False,True,False,True,lowest_scatter,248.6156618207829,0.0321536469572723,0.05784856181478591,236.84314482102673
1718189,5,confirmed_planet_host,2.0,444.4104802339119,0.45,8.0,0.001,747,filter,True,,True,0.0197137910872697,19.18925075000152,0.1704671250190585,19.38028029189445,4.00166722240747,444.41344443175547,7.571428571428571,12.581638233497731,11.16161277362142,22,20,0.9090909090909092,2.6824142843088534,0.0004168056018674,1.0008336112037348,True,False,,False,3.0,1.0,2.0,"[4.00166722240747, 5.999666555518506, 1.0, 8.002334111370457, 12.003001000333445]","[12.581638233497733, 11.53554370866249, 11.030556775384236, 10.473278562620449, 10.292226346545894]",1.9989996665555188,444.42923023391194,7.5,0.0009575587830617,0.0232872815141796,39.169020367640655,0.0005001667222406,0.0005001667222406,True,True,1.0,True,3.0,2.0,4.0,"[1.9989996665555188, 4.00166722240747, 1.0, 5.999666555518506, 8.002334111370457]","[39.169020367640655, 26.6092922252833, 23.595172670101157, 21.15486467434355, 18.232527327364377]",16.085275694914447,5.684844459265036,0.032418952618453865,0.0024937655860349127,False,True,False,True,False,True,False,False,True,False,True,False,False,True,False,True,lowest_scatter,248.6156618207829,0.0321536469572723,0.05784856181478591,236.84314482102673
1718189,5,confirmed_planet_host,5.0,445.7604802339119,0.45,2.0,0.0005,71,filter,True,,True,0.0179133329074829,13.868796708993614,0.1588997920043766,14.046208542073146,5.000666888962988,445.77674562002,1.5,8.349021498374489,7.875055675898648,18,17,0.9444444444444444,1.967883239257624,0.0001333777925976,0.0001333777925976,True,True,1.0,True,,5.0,,"[5.000666888962988, 13.604201400466824, 8.086362120706902, 6.541180393464488, 9.99566522174058]","[8.349021498374489, 6.441138686739226, 6.156428140779756, 5.9384107771901045, 5.914208491048969]",5.000666888962988,445.74173023391194,2.7,0.0004170793576713,0.0040011341964764,17.881046270300157,0.0001333777925976,0.0001333777925976,True,True,1.0,True,4.0,2.0,3.0,"[5.000666888962988, 10.000333444481495, 15.0, 2.4984994998332777, 12.502500833611204]","[17.881046270300157, 12.501469645788482, 10.448436605224295, 8.502152879252542, 5.438728162228328]",16.085275694914447,5.684844459265036,0.07481296758104738,0.0024937655860349127,False,True,False,True,False,True,False,False,True,False,True,False,False,True,False,True,lowest_scatter,248.6156618207829,0.0321536469572723,0.05784856181478591,236.84314482102673
1718189,5,confirmed_planet_host,5.0,445.7604802339119,0.45,2.0,0.001,71,filter,True,,True,0.0168141250032931,14.860175042180344,0.1600814999546855,15.037687124917284,5.000666888962988,445.77674562002,1.5,15.423603623058044,14.228112818297069,18,18,1.0,3.635378237399249,0.0001333777925976,0.0001333777925976,True,True,1.0,True,,2.0,3.0,"[5.000666888962988, 10.000333444481495, 15.0, 7.498166055351785, 13.604201400466824]","[15.423603623058044, 10.584109593836482, 9.617701586485412, 7.257417858651227, 6.414560050824427]",5.000666888962988,445.74173023391194,2.7,0.0007893059139252,0.0075719855840375,25.624248619785032,0.0001333777925976,0.0001333777925976,True,True,1.0,True,3.0,2.0,4.0,"[5.000666888962988, 10.000333444481495, 2.4984994998332777, 14.995331777259088, 1.6675558519506501]","[25.624248619785032, 17.34197955684763, 14.489972344064041, 14.421640705009374, 10.219994790956985]",16.085275694914447,5.684844459265036,0.014962593516209476,0.0024937655860349127,False,True,False,True,False,True,False,False,True,False,True,False,False,True,False,True,lowest_scatter,248.6156618207829,0.0321536469572723,0.05784856181478591,236.84314482102673
1718189,5,confirmed_planet_host,5.0,445.7604802339119,0.45,4.0,0.0005,143,filter,True,,True,0.0204596249386668,13.872462207917124,0.1604031668975949,14.054007959086448,5.000666888962988,445.766108202332,3.928571428571429,8.50494617773751,7.76743380855804,16,14,0.875,2.1262365444343776,0.0001333777925976,0.0001333777925976,True,True,1.0,True,,,2.0,"[5.000666888962988, 15.0, 13.604201400466824, 6.4244748249416475, 6.541180393464488]","[8.50494617773751, 7.001642049315225, 6.473634199256271, 6.3446002091039775, 5.9683700299133555]",5.000666888962988,445.7542302339119,3.9,0.0005032070242011,0.0058400656901955,20.861336753356618,0.0001333777925976,0.0001333777925976,True,True,1.0,True,4.0,2.0,3.0,"[5.000666888962988, 10.000333444481495, 15.0, 2.4984994998332777, 1.6675558519506501]","[20.861336753356618, 14.809125125234099, 12.854350074339902, 11.666842920872362, 7.494590138762747]",16.085275694914447,5.684844459265036,0.07231920199501247,0.0024937655860349127,False,True,False,True,False,True,False,False,True,False,True,False,False,True,False,True,lowest_scatter,248.6156618207829,0.0321536469572723,0.05784856181478591,236.84314482102673
1718189,5,confirmed_planet_host,5.0,445.7604802339119,0.45,8.0,0.0005,286,filter,True,,True,0.0178763340227305,17.045144292060286,0.1816038750112056,17.245390583993867,10.000333444481496,445.9037559380957,1.5,6.8705622885749715,5.1616561314446106,9,7,0.7777777777777778,2.2901874295249907,3.33444481494638e-05,1.000066688896299,True,False,,False,,1.0,4.0,"[10.000333444481495, 11.414804934978328, 13.604201400466824, 14.995331777259088, 10.280426808936312]","[6.8705622885749715, 6.568945003184266, 6.477708061253683, 6.295813302081042, 6.210692038728601]",5.000666888962988,445.74173023391194,8.700000000000001,0.0004720781354066,0.0080313597444483,21.724661128235113,0.0001333777925976,0.0001333777925976,True,True,1.0,True,3.0,2.0,4.0,"[5.000666888962988, 10.000333444481495, 2.4984994998332777, 15.0, 1.6675558519506501]","[21.724661128235113, 15.156886415544223, 13.632030990639246, 13.247241856096661, 8.989009421075165]",16.085275694914447,5.684844459265036,0.3640897755610973,0.0024937655860349127,False,True,False,True,False,True,False,False,True,False,True,False,False,True,False,True,lowest_scatter,248.6156618207829,0.0321536469572723,0.05784856181478591,236.84314482102673
1718189,5,confirmed_planet_host,5.0,445.7604802339119,0.45,8.0,0.001,286,filter,True,,True,0.0175750839989632,13.93832187517546,0.1479063329752534,14.104390333872288,5.000666888962988,445.7807684036917,7.571428571428571,11.73582916299831,11.375753759830602,18,16,0.8888888888888888,2.766161461334317,0.0001333777925976,0.0001333777925976,True,True,1.0,True,,2.0,3.0,"[5.000666888962988, 10.000333444481495, 14.995331777259088, 7.498166055351785, 12.488496165388463]","[11.73582916299831, 10.222289591945366, 9.186732614186067, 8.22686739929933, 7.2531584237589035]",5.000666888962988,445.7542302339119,7.5,0.0010003310613973,0.0159070252978365,24.730202727097826,0.0001333777925976,0.0001333777925976,True,True,1.0,True,3.0,2.0,4.0,"[5.000666888962988, 10.000333444481495, 2.4984994998332777, 15.0, 1.6675558519506501]","[24.730202727097826, 16.96725454251889, 15.684922818063841, 14.278309350002703, 11.260544298399308]",16.085275694914447,5.684844459265036,0.032418952618453865,0.0024937655860349127,False,True,False,True,False,True,False,False,True,False,True,False,False,True,False,True,lowest_scatter,248.6156618207829,0.0321536469572723,0.05784856181478591,236.84314482102673
1718189,5,confirmed_planet_host,10.0,448.0104802339119,0.45,2.0,0.0005,40,filter,True,,True,0.0181497908197343,14.271743166958911,0.2170168340671807,14.50775762484409,13.604201400466824,447.1412414206007,5.142857142857142,6.487682385102671,4.9816183030866465,7,6,0.8571428571428571,2.4521134537365774,0.3197899299766588,0.3604201400466824,False,False,,False,,,,"[13.604201400466824, 14.84594864954985, 3.7169056352117376, 5.906302100700234, 11.190730243414473]","[6.487682385102671, 5.920675653324238, 5.723665295682139, 5.704852050821961, 5.691654157473051]",9.99566522174058,448.029230233912,2.7,0.0004342036230154,0.0032289332922953,13.632607455807468,0.0004334778259419,0.0004334778259419,True,True,1.0,True,2.0,,,"[9.99566522174058, 5.000666888962988, 3.334111370456819, 6.67189063021007, 10.924641547182395]","[13.632607455807467, 7.431757866721046, 5.479044586305646, 4.711925096497568, 4.194944718074341]",16.085275694914447,5.684844459265036,0.6359102244389028,0.0024937655860349127,False,True,False,True,False,True,False,False,True,False,True,False,False,True,False,True,lowest_scatter,248.6156618207829,0.0321536469572723,0.05784856181478591,236.84314482102673
1718189,5,confirmed_planet_host,10.0,448.0104802339119,0.45,2.0,0.001,40,filter,True,,True,0.0310533749870955,15.628783042076977,0.1596428749617189,15.82018837495707,10.000333444481496,448.03061622076655,1.5,11.578268560372328,11.67863640663234,10,10,1.0,3.661370001189531,3.33444481494638e-05,3.33444481494638e-05,True,True,1.0,True,,,,"[10.000333444481495, 15.0, 13.604201400466824, 12.801267089029677, 12.670556852284095]","[11.578268560372328, 8.350665289174573, 6.511136509315176, 6.144962068169075, 5.985130333546453]",10.000333444481496,448.016730233912,1.5,0.0010680196675629,0.0059258953800185,20.77777995288644,3.33444481494638e-05,3.33444481494638e-05,True,True,1.0,True,2.0,,,"[10.000333444481495, 5.000666888962988, 3.334111370456819, 2.4984994998332777, 15.0]","[20.77777995288644, 12.992391021995186, 9.94736308842631, 7.746010060603171, 7.521529481345171]",16.085275694914447,5.684844459265036,0.032418952618453865,0.0024937655860349127,False,True,False,True,False,True,False,False,True,False,True,False,False,True,False,True,lowest_scatter,248.6156618207829,0.0321536469572723,0.05784856181478591,236.84314482102673
1718189,5,confirmed_planet_host,10.0,448.0104802339119,0.45,4.0,0.0005,81,filter,True,,True,0.0179210829082876,13.968393250135705,0.1557334579993039,14.142623124876993,9.491497165721908,451.17009406991383,8.785714285714285,7.001967902632007,3.827241604755357,9,7,0.7777777777777778,2.333989300877336,0.0508502834278091,0.0508502834278091,False,False,,False,,,,"[9.491497165721908, 13.604201400466824, 10.975991997332445, 14.84594864954985, 3.7169056352117376]","[7.001967902632007, 6.503504506809136, 5.959369391682172, 5.935114962342588, 5.7376241369970735]",10.000333444481496,448.0042302339119,3.9,0.0005454366423562,0.0048050607057448,16.569905442450377,3.33444481494638e-05,3.33444481494638e-05,True,True,1.0,True,2.0,,,"[10.000333444481495, 5.000666888962988, 3.334111370456819, 2.4984994998332777, 15.0]","[16.569905442450377, 11.193194581798247, 7.290713788766536, 5.980627638591278, 5.498706348135224]",16.085275694914447,5.684844459265036,0.2967581047381546,0.0024937655860349127,False,True,False,True,False,True,False,False,True,False,True,False,False,True,False,True,lowest_scatter,248.6156618207829,0.0321536469572723,0.05784856181478591,236.84314482102673
1718189,5,confirmed_planet_host,10.0,448.0104802339119,0.45,4.0,0.001,81,filter,True,,True,0.0183552501257509,17.651234458899125,0.1584217501804232,17.828783415956423,10.000333444481496,448.0198597199386,3.928571428571429,12.504338603685998,12.51743475710851,9,9,1.0,4.168112867895332,3.33444481494638e-05,3.33444481494638e-05,True,True,1.0,True,3.0,,,"[10.000333444481495, 14.995331777259088, 5.000666888962988, 9.491497165721908, 13.604201400466824]","[12.504338603685998, 8.624018665867126, 7.339103939451418, 7.121670589555681, 6.480496873908396]",10.000333444481496,448.0042302339119,3.9,0.0010323244880442,0.0090943318579606,22.048098212977266,3.33444481494638e-05,3.33444481494638e-05,True,True,1.0,True,2.0,,,"[10.000333444481495, 5.000666888962988, 3.334111370456819, 2.4984994998332777, 15.0]","[22.048098212977262, 15.230012814304313, 10.668479026030374, 9.002074386968678, 8.412012507186137]",16.085275694914447,5.684844459265036,0.032418952618453865,0.0024937655860349127,False,True,False,True,False,True,False,False,True,False,True,False,False,True,False,True,lowest_scatter,248.6156618207829,0.0321536469572723,0.05784856181478591,236.84314482102673
1718189,5,confirmed_planet_host,10.0,448.0104802339119,0.45,8.0,0.0005,161,filter,True,,True,0.0189705828670412,14.567013625055552,0.1583192080724984,14.745135667035356,13.604201400466824,447.1412414206007,5.142857142857142,6.516321519550564,5.003609089299884,7,6,0.8571428571428571,2.4629380290956155,0.3197899299766588,0.3604201400466824,False,False,3.0,True,,,,"[13.604201400466824, 14.309103034344783, 10.000333444481495, 10.975991997332445, 14.84594864954985]","[6.516321519550564, 6.249826788596918, 6.196454916301938, 5.971114030798526, 5.946811801179948]",10.000333444481496,448.016730233912,7.5,0.000561580683568,0.0067836567484694,19.15477485774619,3.33444481494638e-05,3.33444481494638e-05,True,True,1.0,True,2.0,,,"[10.000333444481495, 5.000666888962988, 3.334111370456819, 2.4984994998332777, 1.9989996665555188]","[19.15477485774619, 12.416760240100707, 8.653759790142683, 7.367903463980025, 6.336980994903783]",16.085275694914447,5.684844459265036,0.6084788029925187,0.0024937655860349127,False,True,False,True,False,True,False,False,True,False,True,False,False,True,False,True,lowest_scatter,248.6156618207829,0.0321536469572723,0.05784856181478591,236.84314482102673
1718189,5,confirmed_planet_host,10.0,448.0104802339119,0.45,8.0,0.001,161,filter,True,,True,0.0170585419982671,11.268814082955942,0.1037914580665528,11.39005820802413,10.000333444481496,448.03440083815826,7.571428571428571,10.13401139560497,9.640243599169173,9,9,1.0,3.37800379853499,3.33444481494638e-05,3.33444481494638e-05,True,True,1.0,True,5.0,,,"[10.000333444481495, 15.0, 13.59953317772591, 13.739579859953318, 5.000666888962988]","[10.13401139560497, 7.078163966435824, 6.539309092463895, 6.4391852741883735, 6.281543341028017]",10.000333444481496,448.016730233912,7.5,0.0010604270149016,0.0128095090988395,22.479242821866368,3.33444481494638e-05,3.33444481494638e-05,True,True,1.0,True,2.0,,,"[10.000333444481495, 5.000666888962988, 3.334111370456819, 2.4984994998332777, 15.0]","[22.479242821866368, 15.028473207433187, 11.00954671195272, 9.256725796239143, 8.218767573087838]",16.085275694914447,5.684844459265036,0.04239401496259352,0.0024937655860349127,False,True,False,True,False,True,False,False,True,False,True,False,False,True,False,True,lowest_scatter,248.6156618207829,0.0321536469572723,0.05784856181478591,236.84314482102673
11086270,5,confirmed_planet_host,2.0,444.4107175600497,0.45,2.0,0.0005,185,filter,True,,True,0.0222874169703573,17.89826204208657,0.148556999862194,18.070944624952972,1.0,444.4297484752566,1.5,20.18438567391103,19.365216062645743,91,67,0.7362637362637363,2.115898544050806,0.0,0.5,True,False,,False,1.0,3.0,2.0,"[1.0, 5.999666555518506, 4.00166722240747, 7.997665888629544, 10.000333444481495]","[20.184385673911034, 16.36967639712334, 15.684903287448167, 14.644896814966465, 14.467208625686759]",1.9989996665555188,444.42946756004966,2.7,0.0003583213328462,0.0055157757143866,23.678328562759138,0.0005001667222406,0.0005001667222406,True,True,1.0,True,2.0,3.0,4.0,"[1.9989996665555188, 1.0, 4.00166722240747, 5.999666555518506, 7.997665888629544]","[23.678328562759134, 17.374530315528794, 16.5642837153564, 13.47854477089484, 13.273693053816276]",16.085275694914447,5.684844459265036,0.004987531172069825,0.0024937655860349127,True,True,True,True,False,True,True,False,False,False,True,False,False,True,False,True,lowest_scatter,108.5956025930775,0.03193785066896848,0.14150288098914984,96.5740904428604
11086270,5,confirmed_planet_host,2.0,444.4107175600497,0.45,2.0,0.001,185,filter,True,,True,0.0162184170912951,14.12506870785728,0.147925249999389,14.289777665864676,5.999666555518506,444.42970027324816,1.5,32.39235212583891,29.947465876650007,15,15,1.0,8.363669355190702,0.4999166388796265,1.9998332777592531,False,False,,False,3.0,2.0,1.0,"[5.999666555518506, 4.00166722240747, 1.0, 8.002334111370457, 10.000333444481495]","[32.39235212583891, 32.37807718040358, 31.715688888411314, 28.891494800844345, 26.871607952338927]",1.9989996665555188,444.42946756004966,2.7,0.0007162967511259,0.0110262266351011,30.22855996450688,0.0005001667222406,0.0005001667222406,True,True,1.0,True,2.0,3.0,4.0,"[1.9989996665555188, 1.0, 4.00166722240747, 5.999666555518506, 7.997665888629544]","[30.22855996450688, 21.99323466594875, 21.253210113390814, 17.6917195599962, 16.12951038029279]",16.085275694914447,5.684844459265036,0.0024937655860349127,0.0024937655860349127,True,True,False,True,False,True,False,False,True,False,True,False,False,True,False,True,lowest_scatter,108.5956025930775,0.03193785066896848,0.14150288098914984,96.5740904428604
11086270,5,confirmed_planet_host,2.0,444.4107175600497,0.45,4.0,0.0005,373,filter,True,,True,0.0161861670203506,14.288150208070874,0.1386558329686522,14.443743374897169,5.999666555518506,448.4188521277212,3.928571428571429,20.562435061879007,17.042818220086687,14,13,0.9285714285714286,5.4955419313813625,0.4999166388796265,1.9998332777592531,False,False,,False,3.0,5.0,1.0,"[5.999666555518506, 10.000333444481495, 1.0, 7.997665888629544, 4.00166722240747]","[20.562435061879007, 17.895185134012372, 17.100628053677422, 16.701735425673213, 16.224207355103772]",1.9989996665555188,444.42946756004966,3.9,0.0004678177206745,0.0085556245804668,27.5351317405879,0.0005001667222406,0.0005001667222406,True,True,1.0,True,2.0,3.0,4.0,"[1.9989996665555188, 1.0, 4.00166722240747, 5.999666555518506, 7.997665888629544]","[27.5351317405879, 19.48795733082036, 19.153797725418933, 15.399608194715729, 14.600363198893547]",16.085275694914447,5.684844459265036,0.004987531172069825,0.0024937655860349127,True,True,False,True,False,True,False,False,True,False,True,False,False,True,False,True,lowest_scatter,108.5956025930775,0.03193785066896848,0.14150288098914984,96.5740904428604
11086270,5,confirmed_planet_host,2.0,444.4107175600497,0.45,4.0,0.001,373,filter,True,,True,0.0188322921749204,15.00626708404161,0.1520761670544743,15.177748166024683,5.999666555518506,448.4188521277212,3.928571428571429,40.89157663889918,33.0136178425033,14,13,0.9285714285714286,10.928733556269275,0.4999166388796265,1.9998332777592531,False,False,,False,2.0,,1.0,"[5.999666555518506, 1.0, 7.997665888629544, 10.000333444481495, 9.001333777925977]","[40.89157663889918, 37.39065875432419, 34.72520070338056, 34.19142800891288, 33.71008235107724]",1.9989996665555188,444.42946756004966,3.9,0.0009338376299259,0.0170783701165451,31.529013081313725,0.0005001667222406,0.0005001667222406,True,True,1.0,True,2.0,3.0,4.0,"[1.9989996665555188, 1.0, 4.00166722240747, 5.999666555518506, 7.997665888629544]","[31.529013081313725, 22.01067344291196, 21.880703333491304, 18.035263340573632, 16.17680378204781]",16.085275694914447,5.684844459265036,0.0024937655860349127,0.0024937655860349127,True,True,False,True,False,True,False,False,True,False,True,False,False,True,False,True,lowest_scatter,108.5956025930775,0.03193785066896848,0.14150288098914984,96.5740904428604
11086270,5,confirmed_planet_host,2.0,444.4107175600497,0.45,8.0,0.0005,743,filter,True,,True,0.0169420840684324,14.184935791185126,0.1436543329618871,14.346094625070693,1.0,444.3880818085899,6.357142857142858,15.327103043254116,14.342645964066444,90,74,0.8222222222222222,1.615618518292709,0.0,0.5,True,False,,False,1.0,3.0,2.0,"[1.0, 5.999666555518506, 4.00166722240747, 7.997665888629544, 10.000333444481495]","[15.327103043254116, 14.134842705548316, 13.880872412783788, 12.07466093356429, 11.471847370993355]",1.9989996665555188,444.42946756004966,7.5,0.000486844449144,0.0118331375507657,32.461586123897575,0.0005001667222406,0.0005001667222406,True,True,1.0,True,3.0,2.0,4.0,"[1.9989996665555188, 4.00166722240747, 1.0, 5.999666555518506, 8.002334111370457]","[32.461586123897575, 21.6094720451516, 20.27785766706814, 17.57125164573151, 15.774988635955559]",16.085275694914447,5.684844459265036,0.014962593516209476,0.0024937655860349127,False,True,False,True,False,True,False,False,True,False,True,False,False,True,False,True,lowest_scatter,108.5956025930775,0.03193785066896848,0.14150288098914984,96.5740904428604
11086270,5,confirmed_planet_host,2.0,444.4107175600497,0.45,8.0,0.001,743,filter,True,,True,0.0157448751851916,19.070535458857194,0.1332187079824507,19.220240500057116,5.999666555518506,444.43374619388385,7.571428571428571,30.24060817023115,23.795219919305143,15,14,0.9333333333333332,7.808091454832613,0.4999166388796265,1.9998332777592531,False,False,,False,3.0,2.0,1.0,"[5.999666555518506, 4.00166722240747, 1.0, 7.997665888629544, 10.000333444481495]","[30.24060817023115, 30.085021782851797, 29.874066462263624, 25.587550994930055, 24.101417238393527]",1.9989996665555188,444.42946756004966,7.5,0.0009727021202632,0.0236422906849042,35.77953726857381,0.0005001667222406,0.0005001667222406,True,True,1.0,True,3.0,2.0,4.0,"[1.9989996665555188, 4.00166722240747, 1.0, 5.999666555518506, 8.002334111370457]","[35.77953726857381, 23.842598466525185, 22.221121087640114, 19.469322141866495, 16.930749205073656]",16.085275694914447,5.684844459265036,0.0024937655860349127,0.0024937655860349127,True,True,False,True,False,True,False,False,True,False,True,False,False,True,False,True,lowest_scatter,108.5956025930775,0.03193785066896848,0.14150288098914984,96.5740904428604
11086270,5,confirmed_planet_host,10.0,448.01071756004967,0.45,2.0,0.0005,41,filter,True,,True,0.017692333087325,14.655853958101943,0.153531540883705,14.827786292182282,10.000333444481496,448.0308531880541,1.5,15.203839562684662,13.058429571068418,10,10,1.0,4.807876219786189,3.33444481494638e-05,3.33444481494638e-05,True,True,1.0,True,,,,"[10.000333444481495, 15.0, 14.365121707235746, 12.68922974324775, 12.969323107702568]","[15.203839562684662, 10.032045505864748, 7.797878942324146, 7.374057578313758, 7.235597720184203]",10.000333444481496,448.0169675600497,1.5,0.0005160798279334,0.0029089572906272,13.846070084851032,3.33444481494638e-05,3.33444481494638e-05,True,True,1.0,True,2.0,,,"[10.000333444481495, 5.000666888962988, 12.68922974324775, 3.334111370456819, 15.0]","[13.846070084851032, 8.012949674912031, 6.784504916872791, 6.031879133438484, 4.493559787590173]",16.085275694914447,5.684844459265036,0.014962593516209476,0.0024937655860349127,False,True,False,True,False,True,False,False,True,False,True,False,False,True,False,True,lowest_scatter,108.5956025930775,0.03193785066896848,0.14150288098914984,96.5740904428604
11086270,5,confirmed_planet_host,10.0,448.01071756004967,0.45,4.0,0.0005,80,filter,True,,True,0.0162787078879773,14.270696207880974,0.1426588748581707,14.430202167015524,9.99566522174058,448.0384804565944,3.928571428571429,15.18698733927972,11.500505278341024,10,8,0.8,4.802547078826427,0.0004334778259419,0.0004334778259419,True,True,1.0,True,2.0,,,"[9.99566522174058, 5.000666888962988, 14.365121707235746, 15.0, 12.969323107702568]","[15.18698733927972, 9.347489465086012, 7.834466375619775, 7.76304903343811, 7.26954694546704]",10.000333444481496,448.0044675600497,3.9,0.0004973892038521,0.0043817923284889,16.46875651156777,3.33444481494638e-05,3.33444481494638e-05,True,True,1.0,True,2.0,,,"[10.000333444481495, 5.000666888962988, 3.334111370456819, 2.4984994998332777, 14.995331777259088]","[16.46875651156777, 10.054834852606108, 7.46165112098844, 5.74186105810925, 5.448833013612639]",16.085275694914447,5.684844459265036,0.014962593516209476,0.0024937655860349127,False,True,False,True,False,True,False,False,True,False,True,False,False,True,False,True,lowest_scatter,108.5956025930775,0.03193785066896848,0.14150288098914984,96.5740904428604
11086270,5,confirmed_planet_host,10.0,448.01071756004967,0.45,8.0,0.0005,160,filter,True,,True,0.0290682080667465,14.158767292043194,0.1445152920205146,14.333198332926258,10.000333444481496,448.03463780544575,7.571428571428571,11.116966778786836,11.299424590833858,9,9,1.0,3.705655592928945,3.33444481494638e-05,3.33444481494638e-05,True,True,1.0,True,,,,"[10.000333444481495, 12.68922974324775, 12.969323107702568, 12.502500833611204, 13.879626542180729]","[11.116966778786836, 7.372258141886872, 7.233832071086713, 6.891049600597879, 6.818600334591786]",10.000333444481496,448.0044675600497,8.700000000000001,0.0004855771262608,0.0062624081122622,15.96402442479256,3.33444481494638e-05,3.33444481494638e-05,True,True,1.0,True,2.0,,,"[10.000333444481495, 5.000666888962988, 3.334111370456819, 2.4984994998332777, 15.0]","[15.964024424792559, 10.201620417711984, 7.612271703330652, 5.917570285362984, 5.606693483106371]",16.085275694914447,5.684844459265036,0.032418952618453865,0.0024937655860349127,False,True,False,True,False,True,False,False,True,False,True,False,False,True,False,True,lowest_scatter,108.5956025930775,0.03193785066896848,0.14150288098914984,96.5740904428604
2574338,5,confirmed_planet_host,2.0,444.4104680981967,0.45,2.0,0.0005,188,filter,True,,True,0.0172055000439286,17.350910832872614,0.1584280841052532,17.527318208944052,13.51083694564855,444.3383674852997,3.928571428571429,7.010242531997109,13.801869108450852,7,7,1.0,2.649622624273158,2.3777092364121377,5.755418472824275,False,False,,False,,,,"[13.51083694564855, 13.800266755585197, 10.079693231077027, 9.82760920306769, 14.005668556185396]","[7.010242531997109, 6.981557809876137, 6.279522119918029, 6.270460235283048, 6.18458804948428]",1.9989996665555188,444.4417180981967,2.7,0.0004198762912004,0.0064753691718472,12.836165028228326,0.0005001667222406,0.0005001667222406,True,True,1.0,True,4.0,2.0,3.0,"[1.9989996665555188, 4.00166722240747, 5.999666555518506, 1.0, 8.002334111370457]","[12.836165028228326, 8.786883628275028, 7.483013690566224, 5.857627021452587, 5.635815466114214]",16.085275694914447,5.684844459265036,0.2942643391521197,0.0024937655860349127,False,True,False,True,False,True,False,False,True,False,True,False,False,True,False,True,low_scatter,482.2928696762642,0.0321536469572723,0.024629012496155213,447.6939623877364
2574338,5,confirmed_planet_host,2.0,444.4104680981967,0.45,2.0,0.001,188,filter,True,,True,0.0188687080517411,12.64499133382924,0.1316551670897752,12.795975624816492,1.0,444.4294993500185,1.5,10.813633929950395,8.802433841427618,92,61,0.6630434782608695,1.1273992713656549,0.0,0.5,True,False,,False,1.0,2.0,3.0,"[1.0, 4.00166722240747, 5.999666555518506, 12.003001000333445, 9.99566522174058]","[10.813633929950397, 9.715115878189584, 9.682638609987098, 7.778121606646035, 7.414374156570983]",1.9989996665555188,444.4417180981967,2.7,0.0007760741920475,0.0119686845948907,23.39632413487153,0.0005001667222406,0.0005001667222406,True,True,1.0,True,3.0,2.0,4.0,"[1.9989996665555188, 4.00166722240747, 1.0, 5.999666555518506, 8.002334111370457]","[23.39632413487153, 16.217766241616648, 13.836646844377471, 13.227052683350372, 11.211149193853062]",16.085275694914447,5.684844459265036,0.034912718204488775,0.0024937655860349127,False,True,False,True,False,True,False,False,True,False,True,False,False,True,False,True,low_scatter,482.2928696762642,0.0321536469572723,0.024629012496155213,447.6939623877364
2574338,5,confirmed_planet_host,2.0,444.4104680981967,0.45,4.0,0.0005,372,filter,True,,True,0.015600916929543,10.645158083178105,0.140527999959886,10.801841416861862,13.800266755585197,456.96756385129976,7.571428571428571,6.974980056266895,9.07231582970819,6,5,0.8333333333333334,2.847523683990499,2.450066688896299,5.900133377792598,False,False,,False,,,,"[13.800266755585197, 13.51083694564855, 10.005001667222409, 9.82760920306769, 14.005668556185396]","[6.974980056266895, 6.884079284891694, 6.8331317197503045, 6.264552450291866, 6.178761169943638]",1.9989996665555188,444.4292180981967,3.9,0.0004793154596252,0.008765813211667,16.566743763892234,0.0005001667222406,0.0005001667222406,True,True,1.0,True,3.0,2.0,4.0,"[1.9989996665555188, 4.00166722240747, 1.0, 5.999666555518506, 7.997665888629544]","[16.566743763892234, 11.058577894808272, 10.434962689871057, 9.169286068247358, 7.731455839792874]",16.085275694914447,5.684844459265036,0.30174563591022446,0.0024937655860349127,False,True,False,True,False,True,False,False,True,False,True,False,False,True,False,True,low_scatter,482.2928696762642,0.0321536469572723,0.024629012496155213,447.6939623877364
2574338,5,confirmed_planet_host,2.0,444.4104680981967,0.45,4.0,0.001,372,filter,True,,True,0.0156295830383896,10.238044082885608,0.1309791659004986,10.38510683295317,1.0,444.4188700983178,3.928571428571429,10.454735638617054,10.49533975068781,91,71,0.7802197802197802,1.09595408418985,0.0,0.5,True,False,,False,1.0,2.0,,"[1.0, 4.00166722240747, 10.000333444481495, 14.005668556185396, 11.993664554851618]","[10.454735638617054, 9.718326548990705, 8.307760468743757, 7.74599107744587, 7.452531641523941]",1.9989996665555188,444.4292180981967,3.9,0.0009424658738798,0.0172359969679663,27.410266558303967,0.0005001667222406,0.0005001667222406,True,True,1.0,True,3.0,2.0,4.0,"[1.9989996665555188, 4.00166722240747, 1.0, 5.999666555518506, 7.997665888629544]","[27.410266558303967, 18.676149463421368, 18.298637602327055, 15.791064426909804, 13.367379974992488]",16.085275694914447,5.684844459265036,0.04239401496259352,0.0024937655860349127,False,True,False,True,False,True,False,False,True,False,True,False,False,True,False,True,low_scatter,482.2928696762642,0.0321536469572723,0.024629012496155213,447.6939623877364
2574338,5,confirmed_planet_host,2.0,444.4104680981967,0.45,8.0,0.0005,747,filter,True,,True,0.0143803749233484,10.409984625177458,0.1275003750342875,10.55231837485917,13.51083694564855,444.3383674852997,3.928571428571429,6.911733740164559,13.679199809715827,7,7,1.0,2.6123898006813926,2.3777092364121377,5.755418472824275,False,False,,False,,,,"[13.51083694564855, 13.800266755585197, 13.212070690230078, 10.079693231077027, 9.82760920306769]","[6.911733740164559, 6.625155822372615, 6.533110491755414, 6.298807882116471, 6.289718166485944]",1.9989996665555188,444.4417180981967,8.700000000000001,0.0004572578661345,0.0117801587420488,20.30249772136669,0.0005001667222406,0.0005001667222406,True,True,1.0,True,4.0,2.0,3.0,"[1.9989996665555188, 4.00166722240747, 6.0043347782594205, 1.0, 8.007002334111371]","[20.30249772136669, 13.603805896683104, 11.347206123870993, 10.76999596347101, 10.026345040595844]",16.085275694914447,5.684844459265036,0.341645885286783,0.0024937655860349127,False,True,False,True,False,True,False,False,True,False,True,False,False,True,False,True,low_scatter,482.2928696762642,0.0321536469572723,0.024629012496155213,447.6939623877364
2574338,5,confirmed_planet_host,2.0,444.4104680981967,0.45,8.0,0.001,747,filter,True,,True,0.013143541989848,14.870642667170614,0.2529122079722583,15.139610833022743,4.00166722240747,446.368551596459,6.357142857142858,7.201726545013376,6.385647238478485,23,20,0.8695652173913043,1.5016637907327457,0.0004168056018674,1.0008336112037348,True,False,,False,3.0,1.0,,"[4.00166722240747, 5.430143381127043, 1.0, 10.000333444481495, 13.860953651217073]","[7.201726545013376, 7.1906911633305715, 7.105206805485722, 6.686828248629048, 6.678644425525173]",1.9989996665555188,444.4292180981967,7.5,0.0009681962144932,0.0235459777579159,32.235305146910314,0.0005001667222406,0.0005001667222406,True,True,1.0,True,3.0,2.0,4.0,"[1.9989996665555188, 4.00166722240747, 1.0, 6.0043347782594205, 8.002334111370457]","[32.235305146910314, 21.6275002975589, 18.781004926962257, 17.528442270798745, 15.165820289108467]",16.085275694914447,5.684844459265036,0.22194513715710723,0.0024937655860349127,False,True,False,True,False,True,False,False,True,False,True,False,False,True,False,True,low_scatter,482.2928696762642,0.0321536469572723,0.024629012496155213,447.6939623877364
2574338,5,confirmed_planet_host,5.0,445.7604680981967,0.45,2.0,0.001,71,filter,True,,True,0.0182836251333355,12.379900666885078,0.1303956671617925,12.529049000004306,13.800266755585197,456.96756385129976,7.571428571428571,6.952414906841373,8.414296405888885,6,5,0.8333333333333334,2.838311500313468,0.3800266755585196,1.7600533511170393,False,False,,False,,3.0,,"[13.800266755585197, 13.51083694564855, 10.079693231077027, 9.82760920306769, 14.005668556185396]","[6.952414906841373, 6.861808213653124, 6.253309702971978, 6.244285645084612, 6.1587719129221625]",5.000666888962988,445.76671809819675,2.7,0.0007113114496791,0.0069294338349514,15.035950485973228,0.0001333777925976,0.0001333777925976,True,True,1.0,True,3.0,2.0,4.0,"[5.000666888962988, 10.000333444481495, 2.4984994998332777, 15.0, 7.498166055351785]","[15.035950485973228, 10.286580567922686, 9.229374522496348, 7.9656023643308105, 5.152928306936174]",16.085275694914447,5.684844459265036,0.30673316708229426,0.0024937655860349127,False,True,False,True,False,True,False,False,True,False,True,False,False,True,False,True,low_scatter,482.2928696762642,0.0321536469572723,0.024629012496155213,447.6939623877364
2574338,5,confirmed_planet_host,5.0,445.7604680981967,0.45,4.0,0.0005,143,filter,True,,True,0.0134548749774694,10.947812750004232,0.1344047919847071,11.096298374934122,13.800266755585197,456.96756385129976,7.571428571428571,7.050120388261769,9.043255010708654,6,5,0.8333333333333334,2.8781995960722937,0.3800266755585196,1.7600533511170393,False,False,,False,,4.0,3.0,"[13.800266755585197, 13.51083694564855, 14.74324774924975, 10.079693231077027, 9.82760920306769]","[7.050120388261769, 6.9582403575790694, 6.410562869340374, 6.34119033771351, 6.332039460593968]",5.000666888962988,445.7542180981967,3.9,0.0004763544795454,0.005528423329902,10.765162319656389,0.0001333777925976,0.0001333777925976,True,True,1.0,True,3.0,2.0,4.0,"[5.000666888962988, 10.005001667222409, 2.5031677225741915, 14.995331777259088, 14.747915971990665]","[10.765162319656389, 6.324706358897393, 6.1411236707275, 5.512114197626738, 4.7805452910583135]",16.085275694914447,5.684844459265036,0.286783042394015,0.0024937655860349127,False,True,False,True,False,True,False,False,True,False,True,False,False,True,False,True,low_scatter,482.2928696762642,0.0321536469572723,0.024629012496155213,447.6939623877364
2574338,5,confirmed_planet_host,5.0,445.7604680981967,0.45,4.0,0.001,143,filter,True,,True,0.0166689590550959,11.362988666864112,0.1307603751774877,11.510874415980652,10.000333444481496,445.7702838014708,3.928571428571429,8.542579023255538,9.052954484711416,8,8,1.0,3.020257778082972,3.33444481494638e-05,1.000066688896299,True,False,,False,,1.0,2.0,"[10.000333444481495, 15.0, 13.800266755585197, 13.51083694564855, 9.82760920306769]","[8.542579023255538, 7.592676687038816, 7.011830561798606, 6.9204495396769685, 6.297649595066605]",5.000666888962988,445.7542180981967,3.9,0.0009684699450193,0.0112397638066995,20.938733600668947,0.0001333777925976,0.0001333777925976,True,True,1.0,True,3.0,2.0,4.0,"[5.000666888962988, 10.000333444481495, 2.4984994998332777, 15.0, 1.6675558519506501]","[20.938733600668947, 13.53968830516988, 11.841277272386563, 11.38283806266672, 7.786690839054924]",16.085275694914447,5.684844459265036,0.07231920199501247,0.0024937655860349127,False,True,False,True,False,True,False,False,True,False,True,False,False,True,False,True,low_scatter,482.2928696762642,0.0321536469572723,0.024629012496155213,447.6939623877364
2574338,5,confirmed_planet_host,5.0,445.7604680981967,0.45,8.0,0.0005,287,filter,True,,True,0.0137232078704983,21.800389790907506,0.14718220802024,21.961989167146385,13.800266755585197,456.96756385129976,7.571428571428571,7.361857537404275,9.211298499286247,6,5,0.8333333333333334,3.0054657542838,0.3800266755585196,1.7600533511170393,False,False,,False,,3.0,,"[13.800266755585197, 13.51083694564855, 10.079693231077027, 9.82760920306769, 14.005668556185396]","[7.3618575374042745, 6.892904811368084, 6.281648684500704, 6.2725837310521175, 6.18668246457723]",5.000666888962988,445.7417180981967,7.5,0.0004701990025775,0.0074769920855709,14.075878980520068,0.0001333777925976,0.0001333777925976,True,True,1.0,True,3.0,2.0,4.0,"[5.000666888962988, 10.000333444481495, 2.5031677225741915, 15.0, 7.507502500833612]","[14.075878980520068, 10.021743550765857, 9.258751817542171, 7.6544164172961775, 5.1344890619043095]",16.085275694914447,5.684844459265036,0.17206982543640897,0.0024937655860349127,False,True,False,True,False,True,False,False,True,False,True,False,False,True,False,True,low_scatter,482.2928696762642,0.0321536469572723,0.024629012496155213,447.6939623877364
2574338,5,confirmed_planet_host,5.0,445.7604680981967,0.45,8.0,0.001,287,filter,True,,True,0.0156869159545749,11.460184416966513,0.130850541871041,11.607189333066344,13.800266755585197,456.96756385129976,7.571428571428571,7.31310422042432,9.40157884521347,6,5,0.8333333333333334,2.9855622959722905,0.3800266755585196,1.7600533511170393,False,False,,False,,4.0,,"[13.800266755585197, 13.207402467489164, 13.51083694564855, 10.079693231077027, 9.82760920306769]","[7.31310422042432, 6.856417109517078, 6.847257096579546, 6.240048964876116, 6.231044043361948]",5.000666888962988,445.7542180981967,7.5,0.0009658922529383,0.0153593876021523,20.31661792079495,0.0001333777925976,0.0001333777925976,True,True,1.0,True,3.0,2.0,4.0,"[5.000666888962988, 10.000333444481495, 2.5031677225741915, 15.0, 1.6675558519506501]","[20.316617920794954, 14.208901817765126, 12.809359753578715, 11.197790294911954, 8.855780755211606]",16.085275694914447,5.684844459265036,0.18703241895261846,0.0024937655860349127,False,True,False,True,False,True,False,False,True,False,True,False,False,True,False,True,low_scatter,482.2928696762642,0.0321536469572723,0.024629012496155213,447.6939623877364
2574338,5,confirmed_planet_host,10.0,448.0104680981967,0.45,2.0,0.001,40,filter,True,,True,0.0165606250520795,11.469795916927978,0.1347399589139968,11.621591875096785,13.800266755585197,456.96756385129976,7.571428571428571,7.0226113278619975,9.007968883011555,6,5,0.8333333333333334,2.86696906919182,0.3099866622207402,0.3800266755585196,False,False,,False,,,,"[13.800266755585197, 13.51083694564855, 4.449816605535179, 11.960986995665223, 14.001000333444482]","[7.0226113278619975, 6.931089806420897, 6.7061992671235915, 6.704120268777568, 6.396942113914354]",10.000333444481496,448.0042180981967,2.7,0.0007681949768046,0.0056620467014548,11.159654806410154,3.33444481494638e-05,3.33444481494638e-05,True,True,1.0,True,2.0,,,"[10.000333444481495, 5.000666888962988, 3.334111370456819, 7.498166055351785, 6.667222407469157]","[11.159654806410154, 7.104674976341431, 6.034951643751535, 4.551134194995343, 3.7497209272061656]",16.085275694914447,5.684844459265036,0.2942643391521197,0.0024937655860349127,False,True,False,True,False,True,False,False,True,False,True,False,False,True,False,True,low_scatter,482.2928696762642,0.0321536469572723,0.024629012496155213,447.6939623877364
2574338,5,confirmed_planet_host,10.0,448.0104680981967,0.45,4.0,0.0005,81,filter,True,,True,0.0137004167772829,10.651799082988871,0.1348815828096121,10.800923292059451,13.51083694564855,444.3383674852997,3.928571428571429,6.719556856927607,13.49068367863227,7,7,1.0,2.539753766284182,0.3244581527175724,0.3510836945648551,False,False,3.0,True,,,,"[13.51083694564855, 14.74324774924975, 10.079693231077027, 9.82760920306769, 14.005668556185396]","[6.719556856927607, 6.422987914374163, 6.353480923910042, 6.344312310429025, 6.257428741273917]",9.99566522174058,448.0417180981967,3.9,0.0004767874789568,0.00420029129365,6.792605706623028,0.0004334778259419,0.0004334778259419,True,True,1.0,True,3.0,,,"[9.99566522174058, 7.512170723574525, 5.000666888962988, 14.687229076358788, 5.322774258086029]","[6.792605706623028, 3.898868451118406, 3.5486323674185942, 2.9778957530227017, 2.5478394611487603]",16.085275694914447,5.684844459265036,0.4513715710723192,0.0024937655860349127,False,True,False,True,False,True,False,False,True,False,True,False,False,True,False,True,low_scatter,482.2928696762642,0.0321536469572723,0.024629012496155213,447.6939623877364
2574338,5,confirmed_planet_host,10.0,448.0104680981967,0.45,4.0,0.001,81,filter,True,,True,0.015814334154129,15.228902500122786,0.1507225001696497,15.396188791841269,10.005001667222407,447.99248817509175,3.928571428571429,6.9811511728615,6.031315922993108,10,9,0.9,2.20763383961982,0.0005001667222408,0.0005001667222408,True,True,1.0,True,,,,"[10.005001667222409, 11.494164721573858, 9.82760920306769, 14.005668556185396, 14.229743247749251]","[6.9811511728615, 6.691776932179564, 6.318324207574925, 6.2317965381645095, 6.188349381553431]",9.99566522174058,448.02921809819674,3.9,0.000946750450099,0.0083921308440164,16.02120382905687,0.0004334778259419,0.0004334778259419,True,True,1.0,True,2.0,,,"[9.99566522174058, 5.000666888962988, 3.334111370456819, 2.4984994998332777, 6.6625541847282435]","[16.02120382905687, 9.654648069362255, 7.469637178011973, 5.206345034716598, 5.133073056270397]",16.085275694914447,5.684844459265036,0.2967581047381546,0.0024937655860349127,False,True,False,True,False,True,False,False,True,False,True,False,False,True,False,True,low_scatter,482.2928696762642,0.0321536469572723,0.024629012496155213,447.6939623877364
2574338,5,confirmed_planet_host,10.0,448.0104680981967,0.45,8.0,0.0005,161,filter,True,,True,0.0177937920670956,10.87973133288324,0.1339912919793278,11.031967374961823,13.800266755585197,456.96756385129976,7.571428571428571,7.041607938675719,8.905693697570607,6,5,0.8333333333333334,2.874724403081129,0.3099866622207402,0.3800266755585196,False,False,4.0,True,,,,"[13.800266755585197, 13.51083694564855, 14.74324774924975, 10.079693231077027, 9.82760920306769]","[7.041607938675719, 6.949838845691396, 6.402822633679389, 6.333533863768015, 6.324394035591733]",10.000333444481496,448.01671809819675,8.700000000000001,0.000504309612891,0.0065039688187304,12.334871152010347,3.33444481494638e-05,3.33444481494638e-05,True,True,1.0,True,2.0,,,"[10.000333444481495, 5.000666888962988, 3.334111370456819, 7.512170723574525, 6.648549516505502]","[12.334871152010347, 7.3456737612768865, 5.323081730070414, 4.8865505883123745, 4.502824438361446]",16.085275694914447,5.684844459265036,0.2942643391521197,0.0024937655860349127,False,True,False,True,False,True,False,False,True,False,True,False,False,True,False,True,low_scatter,482.2928696762642,0.0321536469572723,0.024629012496155213,447.6939623877364
2574338,5,confirmed_planet_host,10.0,448.0104680981967,0.45,8.0,0.001,161,filter,True,,True,0.015038541983813,10.166347124846652,0.1087697078473866,10.290553541854024,13.800266755585197,456.96756385129976,7.571428571428571,6.995369668135891,8.721404300331276,6,5,0.8333333333333334,2.8558477081792386,0.3099866622207402,0.3800266755585196,False,False,4.0,True,,,,"[13.800266755585197, 13.51083694564855, 13.958986328776259, 10.079693231077027, 9.82760920306769]","[6.995369668135891, 6.904203171062268, 6.293078039247706, 6.291945116593156, 6.282865304517115]",10.000333444481496,448.01671809819675,8.700000000000001,0.0009696275319661,0.0125050704418224,18.16006509196933,3.33444481494638e-05,3.33444481494638e-05,True,True,1.0,True,2.0,,,"[10.000333444481495, 5.000666888962988, 3.334111370456819, 2.4984994998332777, 14.995331777259088]","[18.16006509196933, 11.751753305117978, 8.892744725016833, 7.05080664441945, 6.69949975076126]",16.085275694914447,5.684844459265036,0.2967581047381546,0.0024937655860349127,False,True,False,True,False,True,False,False,True,False,True,False,False,True,False,True,low_scatter,482.2928696762642,0.0321536469572723,0.024629012496155213,447.6939623877364
2837111,5,confirmed_planet_host,2.0,444.4107610278428,0.45,2.0,0.0005,188,filter,True,,True,0.0150027917698025,10.0899520420935,0.2084342499729246,10.31438941694796,1.0,444.4297923155205,1.5,6.9000114553583645,6.523176139690677,92,64,0.6956521739130435,0.7193759228005766,0.0,0.5,True,False,,False,1.0,,,"[1.0, 10.2757585861954, 14.878626208736247, 7.1107035678559525, 10.12170723574525]","[6.9000114553583645, 6.4488606948312555, 6.230992869095378, 6.131443551498357, 6.096993191982356]",1.9989996665555188,444.4295110278428,2.7,0.0003820509442514,0.0058810545920375,22.89492488039429,0.0005001667222406,0.0005001667222406,True,True,1.0,True,2.0,3.0,4.0,"[1.9989996665555188, 1.0, 4.00166722240747, 5.999666555518506, 7.997665888629544]","[22.89492488039429, 16.117949652273474, 15.485819499478035, 15.025350995479467, 11.022233087699034]",16.085275694914447,5.684844459265036,0.3491271820448878,0.0024937655860349127,False,True,False,True,False,True,False,False,True,False,True,False,False,True,False,True,low_scatter,325.5765286070513,0.03193785066896848,0.01857070729895675,318.52561656753244
2837111,5,confirmed_planet_host,2.0,444.4107610278428,0.45,2.0,0.001,188,filter,True,,True,0.0280109997838735,11.71182187506929,0.1116018749307841,11.85207208315842,1.0,444.4297923155205,1.5,11.384991528568955,11.887870692896088,92,67,0.7282608695652174,1.1869674188121582,0.0,0.5,True,False,,False,1.0,2.0,3.0,"[1.0, 4.00166722240747, 5.999666555518506, 8.002334111370457, 10.005001667222409]","[11.384991528568957, 10.038112391753245, 9.435632672641574, 8.648810799239543, 8.18232096999774]",1.9989996665555188,444.4295110278428,2.7,0.0007460024581486,0.0114834978114304,32.3927647941859,0.0005001667222406,0.0005001667222406,True,True,1.0,True,3.0,2.0,4.0,"[1.9989996665555188, 4.00166722240747, 1.0, 5.999666555518506, 7.997665888629544]","[32.3927647941859, 22.763866663248788, 22.58395259160046, 20.0024291564992, 16.69218889850291]",16.085275694914447,5.684844459265036,0.032418952618453865,0.0024937655860349127,False,True,False,True,False,True,False,False,True,False,True,False,False,True,False,True,low_scatter,325.5765286070513,0.03193785066896848,0.01857070729895675,318.52561656753244
2837111,5,confirmed_planet_host,2.0,444.4107610278428,0.45,4.0,0.0005,372,filter,True,,True,0.0143349159043282,8.939114708919078,0.1097730421461165,9.06366362515837,1.0,444.41916306381984,3.928571428571429,8.328175119439987,7.394239421627141,91,62,0.6813186813186813,0.873029969527369,0.0,0.5,True,False,,False,1.0,,,"[1.0, 11.998332777592532, 13.99633211070357, 10.2757585861954, 1.130710236745582]","[8.328175119439987, 7.55303674234365, 6.942229270979905, 6.402972098915837, 6.129258099477153]",1.9989996665555188,444.4295110278428,3.9,0.000487068456384,0.0089076891995458,29.336115210809236,0.0005001667222406,0.0005001667222406,True,True,1.0,True,2.0,3.0,4.0,"[1.9989996665555188, 1.0, 4.00166722240747, 5.999666555518506, 7.997665888629544]","[29.336115210809236, 19.52296164411733, 19.030232065088352, 17.58794780149397, 12.76704471385279]",16.085275694914447,5.684844459265036,0.0773067331670823,0.0024937655860349127,False,True,False,True,False,True,False,False,True,False,True,False,False,True,False,True,low_scatter,325.5765286070513,0.03193785066896848,0.01857070729895675,318.52561656753244
2837111,5,confirmed_planet_host,2.0,444.4107610278428,0.45,4.0,0.001,372,filter,True,,True,0.0119693749584257,9.270908874925226,0.1086468750145286,9.391941583016887,5.999666555518506,446.4190071161457,3.928571428571429,12.706994469178042,11.055868304426983,16,16,1.0,3.1767486172945105,0.4999166388796265,1.9998332777592531,False,False,,False,2.0,3.0,1.0,"[5.999666555518506, 1.0, 4.00166722240747, 7.997665888629544, 11.998332777592532]","[12.706994469178042, 12.094294468700834, 12.070716171592409, 11.686817568678789, 10.991972240574919]",1.9989996665555188,444.4295110278428,3.9,0.0009502198125484,0.0173779735691998,34.28614464275627,0.0005001667222406,0.0005001667222406,True,True,1.0,True,2.0,3.0,4.0,"[1.9989996665555188, 1.0, 4.00166722240747, 5.999666555518506, 7.997665888629544]","[34.28614464275627, 23.296739518694267, 23.002743328674374, 20.43910693827657, 16.007628838321935]",16.085275694914447,5.684844459265036,0.032418952618453865,0.0024937655860349127,False,True,False,True,False,True,False,False,True,False,True,False,False,True,False,True,low_scatter,325.5765286070513,0.03193785066896848,0.01857070729895675,318.52561656753244
2837111,5,confirmed_planet_host,2.0,444.4107610278428,0.45,8.0,0.0005,747,filter,True,,True,0.0119617078453302,9.190204167040063,0.1097316669765859,9.312335249967871,10.000333444481496,452.4364033079456,8.785714285714285,6.34139161184154,4.576577643446969,9,7,0.7777777777777778,2.11379720394718,1.5000833611203737,4.000166722240747,False,False,,False,5.0,,,"[10.000333444481495, 1.130710236745582, 10.294431477159053, 14.080360120040014, 1.0]","[6.34139161184154, 6.3332073526711925, 6.252395937374963, 6.128208490266782, 6.109524805253574]",1.9989996665555188,444.4295110278428,7.5,0.0004883117441731,0.0118757073190032,31.926477021518764,0.0005001667222406,0.0005001667222406,True,True,1.0,True,3.0,2.0,4.0,"[1.9989996665555188, 4.00166722240747, 1.0, 5.999666555518506, 7.997665888629544]","[31.926477021518764, 21.122502482438367, 19.21166248938698, 18.41181520509249, 14.183449151357959]",16.085275694914447,5.684844459265036,0.7581047381546134,0.0024937655860349127,False,True,False,True,False,True,False,False,True,False,True,False,False,True,False,True,low_scatter,325.5765286070513,0.03193785066896848,0.01857070729895675,318.52561656753244
2837111,5,confirmed_planet_host,2.0,444.4107610278428,0.45,8.0,0.001,747,filter,True,,True,0.0119119998998939,9.423584041884167,0.112779667135328,9.548683083150536,1.0,444.2869351726634,1.5,10.940544796936946,10.901164326144958,91,73,0.8021978021978022,1.1468807216105878,0.0,0.5,True,False,,False,1.0,5.0,2.0,"[1.0, 5.999666555518506, 8.002334111370457, 10.000333444481495, 4.00166722240747]","[10.940544796936946, 10.800401197559122, 9.05398716963864, 8.634853357857825, 8.070838246183003]",1.9989996665555188,444.4295110278428,7.5,0.0009737814543626,0.0236822965711475,36.889883801056435,0.0005001667222406,0.0005001667222406,True,True,1.0,True,3.0,2.0,4.0,"[1.9989996665555188, 4.00166722240747, 1.0, 5.999666555518506, 7.997665888629544]","[36.889883801056435, 24.61704280926171, 22.55933718244021, 20.78833411387346, 16.79686638624201]",16.085275694914447,5.684844459265036,0.032418952618453865,0.0024937655860349127,False,True,False,True,False,True,False,False,True,False,True,False,False,True,False,True,low_scatter,325.5765286070513,0.03193785066896848,0.01857070729895675,318.52561656753244
2837111,5,confirmed_planet_host,5.0,445.7607610278428,0.45,2.0,0.0005,71,filter,True,,True,0.0117898329626768,12.619806166971102,0.1164069578517228,12.748774332925676,7.502834278092698,450.8242953149494,5.142857142857142,6.582290008762668,4.650917665992931,11,10,0.9090909090909092,1.9846351109428115,0.2497165721907301,0.5005668556185396,False,False,,False,,4.0,,"[7.502834278092698, 7.1107035678559525, 14.080360120040014, 10.12170723574525, 12.087029009669891]","[6.582290008762668, 6.1723558212977885, 6.156844240300962, 6.137675590562821, 6.088280030287286]",5.000666888962988,445.7545110278428,1.5,0.0005493119664059,0.0039753578235798,14.969719348118382,0.0001333777925976,0.0001333777925976,True,True,1.0,True,3.0,2.0,4.0,"[5.000666888962988, 10.000333444481495, 2.5031677225741915, 15.0, 7.502834278092698]","[14.969719348118382, 9.679757155625968, 8.854703438904766, 7.9526389508969455, 7.949778561499128]",16.085275694914447,5.684844459265036,0.5635910224438903,0.0024937655860349127,False,True,False,True,False,True,False,False,True,False,True,False,False,True,False,True,low_scatter,325.5765286070513,0.03193785066896848,0.01857070729895675,318.52561656753244
2837111,5,confirmed_planet_host,5.0,445.7607610278428,0.45,2.0,0.001,71,filter,True,,True,0.0136189169716089,9.085491665871814,0.1123349159024655,9.211867790902032,5.000666888962988,445.85780601850087,6.357142857142858,9.819591164618602,7.986567809715344,17,17,1.0,2.3816006807120256,0.0001333777925976,0.0001333777925976,True,True,1.0,True,,2.0,3.0,"[5.000666888962988, 10.000333444481495, 14.995331777259088, 7.502834278092698, 12.465155051683896]","[9.819591164618602, 8.118545304986505, 6.907255534247097, 6.527195534750372, 6.278596700574575]",5.000666888962988,445.7545110278428,1.5,0.0010472817385692,0.0075791533910202,25.42080884760479,0.0001333777925976,0.0001333777925976,True,True,1.0,True,3.0,2.0,4.0,"[5.000666888962988, 10.000333444481495, 2.4984994998332777, 15.0, 1.6675558519506501]","[25.42080884760479, 16.962128474604544, 14.182774582397453, 13.883848812317137, 12.456772445991417]",16.085275694914447,5.684844459265036,0.04987531172069826,0.0024937655860349127,False,True,False,True,False,True,False,False,True,False,True,False,False,True,False,True,low_scatter,325.5765286070513,0.03193785066896848,0.01857070729895675,318.52561656753244
2837111,5,confirmed_planet_host,5.0,445.7607610278428,0.45,4.0,0.0005,143,filter,True,,True,0.0121648339554667,8.922244959045202,0.1122059170156717,9.047039417084306,7.1107035678559525,445.4661219614687,10.0,6.162964565514576,3.6220601240974113,14,9,0.6428571428571429,1.6471215636416905,0.2889296432144047,0.4221407135711905,False,False,,False,,3.0,,"[7.1107035678559525, 14.080360120040014, 10.12170723574525, 10.387795931977326, 13.431477159053019]","[6.162964565514576, 6.147476585429453, 6.128337100842823, 6.076928035843515, 5.901812540833016]",5.000666888962988,445.7545110278428,3.9,0.0004953232584531,0.0057485896263213,19.779022583917595,0.0001333777925976,0.0001333777925976,True,True,1.0,True,3.0,2.0,4.0,"[5.000666888962988, 10.000333444481495, 2.5031677225741915, 15.0, 1.6675558519506501]","[19.779022583917595, 13.117361674282527, 12.248394873039226, 10.987715625071116, 9.381682555635424]",16.085275694914447,5.684844459265036,0.8902743142144638,0.0024937655860349127,False,True,False,True,False,True,False,False,True,False,True,False,False,True,False,True,low_scatter,325.5765286070513,0.03193785066896848,0.01857070729895675,318.52561656753244
2837111,5,confirmed_planet_host,5.0,445.7607610278428,0.45,4.0,0.001,143,filter,True,,True,0.0119949590880423,9.12827549991198,0.1093254999723285,9.25001879199408,5.000666888962988,445.7663890098835,3.928571428571429,12.052394482318508,11.899402653895798,16,16,1.0,3.013098620579627,0.0001333777925976,0.0001333777925976,True,True,1.0,True,,2.0,3.0,"[5.000666888962988, 10.000333444481495, 15.0, 13.34278092697566, 7.1107035678559525]","[12.052394482318508, 8.984099808712175, 8.627998808261081, 6.146956381060074, 6.132200313978991]",5.000666888962988,445.7545110278428,3.9,0.0009874388827239,0.0114599523058532,27.154382181059464,0.0001333777925976,0.0001333777925976,True,True,1.0,True,3.0,2.0,4.0,"[5.000666888962988, 10.000333444481495, 2.4984994998332777, 15.0, 1.6675558519506501]","[27.154382181059464, 18.321736600993262, 16.40733113719077, 14.657907657947593, 12.905405776712486]",16.085275694914447,5.684844459265036,0.032418952618453865,0.0024937655860349127,False,True,False,True,False,True,False,False,True,False,True,False,False,True,False,True,low_scatter,325.5765286070513,0.03193785066896848,0.01857070729895675,318.52561656753244
2837111,5,confirmed_planet_host,5.0,445.7607610278428,0.45,8.0,0.0005,286,filter,True,,True,0.0117314159870147,11.336749834008517,0.1103893751278519,11.459268334088849,7.502834278092698,450.8242953149494,5.142857142857142,6.567903610992845,4.513129816187058,11,10,0.9090909090909092,1.9802974488076015,0.2497165721907301,0.5005668556185396,False,False,,False,,2.0,,"[7.502834278092698, 9.846282094031345, 7.1107035678559525, 14.080360120040014, 10.12170723574525]","[6.567903610992845, 6.162839025372715, 6.158865384701428, 6.1433877061570845, 6.124260951841277]",5.000666888962988,445.7670110278429,7.5,0.0004970535003558,0.0079040820961185,22.994765497365854,0.0001333777925976,0.0001333777925976,True,True,1.0,True,2.0,3.0,4.0,"[5.000666888962988, 2.4984994998332777, 10.000333444481495, 14.995331777259088, 1.6675558519506501]","[22.994765497365854, 15.516837441279046, 15.314624203566607, 13.437949825116988, 9.788683046295112]",16.085275694914447,5.684844459265036,0.5685785536159601,0.0024937655860349127,False,True,False,True,False,True,False,False,True,False,True,False,False,True,False,True,low_scatter,325.5765286070513,0.03193785066896848,0.01857070729895675,318.52561656753244
2837111,5,confirmed_planet_host,5.0,445.7607610278428,0.45,8.0,0.001,286,filter,True,,True,0.0116897919215261,9.063408417161554,0.1054584579542279,9.180984333856031,5.000666888962988,445.7810492112432,7.571428571428571,8.930107684724566,8.499662285542085,18,18,1.0,2.104846566864947,0.0001333777925976,0.0001333777925976,True,True,1.0,True,4.0,2.0,,"[5.000666888962988, 10.000333444481495, 7.502834278092698, 2.4984994998332777, 7.656885628542848]","[8.930107684724566, 7.259707331726621, 6.549598310660168, 6.371020783499234, 6.228938070737983]",5.000666888962988,445.7545110278428,7.5,0.0009933828227929,0.0157966484062758,27.164253320187456,0.0001333777925976,0.0001333777925976,True,True,1.0,True,3.0,2.0,4.0,"[5.000666888962988, 10.000333444481495, 2.4984994998332777, 15.0, 1.6675558519506501]","[27.164253320187456, 18.372008344219037, 17.87101196582533, 15.346673981594755, 12.533086856688856]",16.085275694914447,5.684844459265036,0.06733167082294264,0.0024937655860349127,False,True,False,True,False,True,False,False,True,False,True,False,False,True,False,True,low_scatter,325.5765286070513,0.03193785066896848,0.01857070729895675,318.52561656753244
2837111,5,confirmed_planet_host,10.0,448.0107610278428,0.45,2.0,0.0005,40,filter,True,,True,0.0121611249633133,9.167300750035793,0.1117944999132305,9.291744582820684,7.1107035678559525,445.4661219614687,10.0,6.173318743301553,3.628145418614579,14,9,0.6428571428571429,1.64988883405602,0.2889296432144047,0.2889296432144047,False,False,3.0,True,,,,"[7.1107035678559525, 14.080360120040014, 10.12170723574525, 10.387795931977326, 13.431477159053019]","[6.173318743301553, 6.1578047424113995, 6.138633102256771, 6.087137666714, 5.911727966382456]",10.000333444481496,448.0045110278428,1.5,0.0005325116314832,0.0029069173378444,9.533754261594671,3.33444481494638e-05,3.33444481494638e-05,True,True,1.0,True,2.0,,,"[10.000333444481495, 5.000666888962988, 12.4324774924975, 8.753917972657554, 15.0]","[9.533754261594673, 5.390494968619343, 4.080904130410036, 4.028037105596485, 4.007387970953809]",16.085275694914447,5.684844459265036,0.8877805486284289,0.0024937655860349127,False,True,False,True,False,True,False,False,True,False,True,False,False,True,False,True,low_scatter,325.5765286070513,0.03193785066896848,0.01857070729895675,318.52561656753244
2837111,5,confirmed_planet_host,10.0,448.0107610278428,0.45,2.0,0.001,40,filter,True,,True,0.0126281669363379,8.92221170803532,0.1128146250266581,9.048093458870426,9.99566522174058,448.04925215828297,1.5,7.778691957530215,6.582314457658888,10,9,0.9,2.459838380262924,0.0004334778259419,0.0004334778259419,True,True,1.0,True,,,,"[9.99566522174058, 15.0, 7.1107035678559525, 14.080360120040014, 10.12170723574525]","[7.778691957530215, 6.369401315562953, 6.160096153165952, 6.144615381610564, 6.125484805063783]",10.000333444481496,448.0045110278428,1.5,0.0010313895488979,0.0056302322512883,19.37459140885776,3.33444481494638e-05,3.33444481494638e-05,True,True,1.0,True,2.0,,,"[10.000333444481495, 5.000666888962988, 15.0, 3.334111370456819, 1.9989996665555188]","[19.37459140885776, 12.747881933591756, 8.465358182069327, 7.086529685539126, 6.196904241596624]",16.085275694914447,5.684844459265036,0.11221945137157108,0.0024937655860349127,False,True,False,True,False,True,False,False,True,False,True,False,False,True,False,True,low_scatter,325.5765286070513,0.03193785066896848,0.01857070729895675,318.52561656753244
2837111,5,confirmed_planet_host,10.0,448.0107610278428,0.45,4.0,0.0005,81,filter,True,,True,0.0120031249243766,8.876771708019078,0.1127715830225497,9.00196204194799,7.1107035678559525,445.4661219614687,10.0,6.198620875057786,3.875163250585031,14,9,0.6428571428571429,1.6566511132122228,0.2889296432144047,0.2889296432144047,False,False,3.0,True,,,,"[7.1107035678559525, 14.080360120040014, 10.12170723574525, 10.387795931977326, 13.431477159053019]","[6.198620875057786, 6.183043288062508, 6.163793070503188, 6.112086574370624, 5.935957935080365]",10.00966988996332,447.9795110278428,5.1000000000000005,0.0004033345744953,0.0039881375725818,13.78234032800184,0.0009669889963321,0.0009669889963321,True,True,1.0,True,2.0,,,"[10.009669889963321, 5.005335111703902, 14.995331777259088, 5.994998332777593, 12.4324774924975]","[13.782340328001839, 7.733926775795719, 4.929930350282032, 4.568865989494771, 4.110994829684451]",16.085275694914447,5.684844459265036,0.8728179551122195,0.0024937655860349127,False,True,False,True,False,True,False,False,True,False,True,False,False,True,False,True,low_scatter,325.5765286070513,0.03193785066896848,0.01857070729895675,318.52561656753244
2837111,5,confirmed_planet_host,10.0,448.0107610278428,0.45,4.0,0.001,81,filter,True,,True,0.011985917109996,11.34785816608928,0.1097347079776227,11.46998695912771,10.000333444481496,448.02014052749007,3.928571428571429,8.209394603778726,8.274000033768251,9,9,1.0,2.7364648679262418,3.33444481494638e-05,3.33444481494638e-05,True,True,1.0,True,,,,"[10.000333444481495, 7.1107035678559525, 14.080360120040014, 10.12170723574525, 10.387795931977326]","[8.209394603778726, 6.179505578080022, 6.163976029222196, 6.144785175452492, 6.093238131728644]",10.000333444481496,448.0170110278429,3.9,0.0009408503970649,0.0082368096970071,22.805445743310933,3.33444481494638e-05,3.33444481494638e-05,True,True,1.0,True,2.0,,,"[10.000333444481495, 5.000666888962988, 3.334111370456819, 15.0, 1.9989996665555188]","[22.805445743310933, 14.446281847447608, 8.779303231237474, 8.614603852805306, 7.668741154798778]",16.085275694914447,5.684844459265036,0.08229426433915212,0.0024937655860349127,False,True,False,True,False,True,False,False,True,False,True,False,False,True,False,True,low_scatter,325.5765286070513,0.03193785066896848,0.01857070729895675,318.52561656753244
2837111,5,confirmed_planet_host,10.0,448.0107610278428,0.45,8.0,0.0005,160,filter,True,,True,0.0120059589389711,9.291157374856994,0.1115049170330166,9.41509100003168,12.824608202734243,450.8981283868688,5.142857142857142,6.291727283866554,5.777739697600341,6,5,0.8333333333333334,2.568586907703365,0.2824608202734245,0.2824608202734245,False,False,4.0,True,,,,"[12.824608202734245, 7.1107035678559525, 14.080360120040014, 10.12170723574525, 10.387795931977326]","[6.291727283866554, 6.208814115609753, 6.193210912256471, 6.173929038930133, 6.122137514730229]",10.000333444481496,447.9920110278428,8.700000000000001,0.0004493177448938,0.005826824956529,17.97930575939836,3.33444481494638e-05,3.33444481494638e-05,True,True,1.0,True,2.0,,,"[10.000333444481495, 5.000666888962988, 3.334111370456819, 14.995331777259088, 2.003667889296432]","[17.97930575939836, 11.89411510011746, 6.45700231169133, 5.863024258181983, 5.7700820979880145]",16.085275694914447,5.684844459265036,0.7930174563591023,0.0024937655860349127,False,True,False,True,False,True,False,False,True,False,True,False,False,True,False,True,low_scatter,325.5765286070513,0.03193785066896848,0.01857070729895675,318.52561656753244
2837111,5,confirmed_planet_host,10.0,448.0107610278428,0.45,8.0,0.001,160,filter,True,,True,0.0120317081455141,9.191486917203292,0.1068170829676091,9.310753208119422,10.000333444481496,448.0863393058198,5.142857142857142,7.780975978796409,6.695513178063001,9,9,1.0,2.593658659598803,3.33444481494638e-05,3.33444481494638e-05,True,True,1.0,True,,,,"[10.000333444481495, 12.465155051683896, 7.1107035678559525, 14.080360120040014, 10.12170723574525]","[7.780975978796409, 6.349237779477703, 6.189557024866872, 6.174002215989131, 6.154780146802105]",10.000333444481496,448.0045110278428,7.5,0.0009762479953859,0.0117927079989663,21.950740699493643,3.33444481494638e-05,3.33444481494638e-05,True,True,1.0,True,2.0,,,"[10.000333444481495, 5.000666888962988, 3.334111370456819, 2.4984994998332777, 14.995331777259088]","[21.950740699493643, 14.976174940295941, 9.968458657542374, 8.29736849999515, 8.29655017772541]",16.085275694914447,5.684844459265036,0.11221945137157108,0.0024937655860349127,False,True,False,True,False,True,False,False,True,False,True,False,False,True,False,True,low_scatter,325.5765286070513,0.03193785066896848,0.01857070729895675,318.52561656753244
