dataset_kind,target_id,quarter,trial,selection_group,candidate_period_days,source_detector,detector_agreement,detector_count,bls_present,tcf_present,has_bls_candidate,has_tcf_candidate,has_tcf_event_diagnostics,bls_candidate_period_days,tcf_candidate_period_days,bls_rank,tcf_rank,bls_sde,tcf_score,bls_score_relative_to_rank1,tcf_score_relative_to_rank1,detector_candidate_period_delta_fraction,detector_candidate_harmonic_error_fraction,detector_candidate_best_harmonic_factor,bls_period_delta_to_tcf_best_fraction,tcf_period_delta_to_bls_best_fraction,candidate_to_tcf_best_harmonic_error_fraction,candidate_to_tcf_best_harmonic_factor,candidate_to_bls_best_harmonic_error_fraction,candidate_to_bls_best_harmonic_factor,bls_tcf_rank1_harmonic_error_fraction,bls_tcf_rank1_harmonic_factor,tcf_valid_transit_events,tcf_positive_transit_events,tcf_positive_event_fraction,tcf_median_event_score,tcf_raw_pooled_score,candidate_duration_hours,candidate_depth,noise_quartile,robust_flux_scatter_ppm,gap_fraction,lag_one_flux_acf,six_hour_scatter_proxy_ppm,arima_converged,tcf_global_empirical_p_value,bls_global_empirical_p_value,tcf_regime_empirical_p_value,bls_regime_empirical_p_value,raw_candidate_rank,candidate_id,predicted_score,reranked_rank
null,11904151,5,0,reference,5.360120040013338,bls,False,1,True,False,True,False,False,5.360120040013338,,1.0,,2.7046087291817487,,1.0,,,,,0.6341185842722202,0.0,0.2682371685444406,0.5,0.0,1.0,0.2682371685444406,0.5,,,,,,,,lowest_scatter,123.63222550869293,0.0319378506689684,0.8052428510473029,56.98672894551581,0,,0.9301745635910225,,0.9523809523809523,1.0,0,0.98743886,1
null,11904151,5,0,reference,14.649883294431476,tcf,False,1,False,True,False,True,True,,14.649883294431476,,1.0,,10.496923246249896,,1.0,,,,0.0,1.7331259720062204,0.0,1.0,0.08895800933125976,3.0,0.2682371685444406,0.5,5.0,,0.6,,,,,lowest_scatter,123.63222550869293,0.0319378506689684,0.8052428510473029,56.98672894551581,0,0.04239401496259352,,0.047619047619047616,,1.0,1,0.002310185,2
null,11904151,5,1,reference,11.564188062687563,bls,False,1,True,False,True,False,False,11.564188062687563,,1.0,,3.005783196132021,,1.0,,,,,0.32385387639806085,0.0,0.32385387639806085,1.0,0.0,1.0,0.32385387639806085,1.0,,,,,,,,lowest_scatter,123.63222550869293,0.0319378506689684,0.8052428510473029,56.98672894551581,0,,0.8254364089775561,,0.8761904761904762,1.0,2,0.97950804,1
null,11904151,5,1,reference,8.735245081693899,tcf,False,1,False,True,False,True,True,,8.735245081693899,,1.0,,7.945960732550024,,1.0,,,,0.0,0.24462962428995702,0.0,1.0,0.24462962428995702,1.0,0.32385387639806085,1.0,11.0,,0.8181818181818182,,,,,lowest_scatter,123.63222550869293,0.0319378506689684,0.8052428510473029,56.98672894551581,0,0.10972568578553615,,0.14285714285714285,,1.0,3,0.44285405,2
null,11904151,5,2,reference,12.824608202734243,bls,False,1,True,False,True,False,False,12.824608202734243,,1.0,,3.789098870278096,,1.0,,,,,0.5218217069599967,0.0,0.23908914652000163,2.0,0.0,1.0,0.23908914652000163,2.0,,,,,,,,lowest_scatter,123.63222550869293,0.0319378506689684,0.8052428510473029,56.98672894551581,0,,0.4114713216957606,,0.38095238095238093,1.0,4,0.95566505,1
null,11904151,5,2,reference,8.427142380793597,tcf,False,1,False,True,False,True,True,,8.427142380793597,,1.0,,7.395574077382197,,1.0,,,,0.0,0.34289280049920695,0.0,1.0,0.3142143990015861,0.5,0.23908914652000163,2.0,10.0,,0.8,,,,,lowest_scatter,123.63222550869293,0.0319378506689684,0.8052428510473029,56.98672894551581,0,0.16209476309226933,,0.24761904761904763,,1.0,5,0.514021,2
null,11904151,5,3,reference,11.895631877292432,bls,False,1,True,False,True,False,False,11.895631877292432,,1.0,,3.4357010293571792,,1.0,,,,,0.3277382857568201,0.0,0.3277382857568201,1.0,0.0,1.0,0.3277382857568201,1.0,,,,,,,,lowest_scatter,123.63222550869293,0.0319378506689684,0.8052428510473029,56.98672894551581,0,,0.6134663341645885,,0.6476190476190476,1.0,6,0.98832035,1
null,11904151,5,3,reference,8.959319773257754,tcf,False,1,False,True,False,True,True,,8.959319773257754,,1.0,,7.532971307659921,,1.0,,,,0.0,0.2468395234758234,0.0,1.0,0.2468395234758234,1.0,0.3277382857568201,1.0,10.0,,0.9,,,,,lowest_scatter,123.63222550869293,0.0319378506689684,0.8052428510473029,56.98672894551581,0,0.14713216957605985,,0.22857142857142856,,1.0,7,0.37616378,2
null,11904151,5,4,reference,12.371790596865624,bls,False,1,True,False,True,False,False,12.371790596865624,,1.0,,3.7297464011656936,,1.0,,,,,0.4117803736539707,0.0,0.29410981317301466,2.0,0.0,1.0,0.29410981317301466,2.0,,,,,,,,lowest_scatter,123.63222550869293,0.0319378506689684,0.8052428510473029,56.98672894551581,0,,0.428927680798005,,0.4095238095238095,1.0,8,0.94082654,1
null,11904151,5,4,reference,8.76325441813938,tcf,False,1,False,True,False,True,True,,8.76325441813938,,1.0,,8.28407102634372,,1.0,,,,0.0,0.29167452766622654,0.0,1.0,0.29167452766622654,1.0,0.29410981317301466,2.0,10.0,,0.8,,,,,lowest_scatter,123.63222550869293,0.0319378506689684,0.8052428510473029,56.98672894551581,0,0.0798004987531172,,0.09523809523809523,,1.0,9,0.4371767,2
null,11904151,5,5,reference,10.915305101700568,bls,False,1,True,False,True,False,False,10.915305101700568,,1.0,,3.7160719280518166,,1.0,,,,,0.20878350615135483,0.0,0.20878350615135483,1.0,0.0,1.0,0.20878350615135483,1.0,,,,,,,,lowest_scatter,123.63222550869293,0.0319378506689684,0.8052428510473029,56.98672894551581,0,,0.4463840399002494,,0.42857142857142855,1.0,10,0.9675684,1
null,11904151,5,5,reference,13.795598532844284,tcf,False,1,False,True,False,True,True,,13.795598532844284,,1.0,,7.32688269057336,,1.0,,,,0.0,0.2638765846952804,0.0,1.0,0.2638765846952804,1.0,0.20878350615135483,1.0,7.0,,0.7142857142857143,,,,,lowest_scatter,123.63222550869293,0.0319378506689684,0.8052428510473029,56.98672894551581,0,0.18453865336658354,,0.29523809523809524,,1.0,11,0.08856685,2
null,11904151,5,6,reference,5.122040680226743,bls,False,1,True,False,True,False,False,5.122040680226743,,1.0,,2.3632332372463014,,1.0,,,,,0.6153114121860209,0.0,0.2306228243720418,0.5,0.0,1.0,0.2306228243720418,0.5,,,,,,,,lowest_scatter,123.63222550869293,0.0319378506689684,0.8052428510473029,56.98672894551581,0,,0.9850374064837906,,0.9809523809523809,1.0,12,0.95960724,1
null,11904151,5,6,reference,13.314771590530178,tcf,False,1,False,True,False,True,True,,13.314771590530178,,1.0,,7.955655636041039,,1.0,,,,0.0,1.5995052405442354,0.0,1.0,0.13349825315192151,3.0,0.2306228243720418,0.5,7.0,,0.8571428571428571,,,,,lowest_scatter,123.63222550869293,0.0319378506689684,0.8052428510473029,56.98672894551581,0,0.10723192019950124,,0.13333333333333333,,1.0,13,0.0038920192,2
null,11904151,5,7,reference,10.145048349449818,bls,False,1,True,False,True,False,False,10.145048349449818,,1.0,,2.8047107592190335,,1.0,,,,,0.17687958228498782,0.0,0.17687958228498782,1.0,0.0,1.0,0.17687958228498782,1.0,,,,,,,,lowest_scatter,123.63222550869293,0.0319378506689684,0.8052428510473029,56.98672894551581,0,,0.9027431421446384,,0.9333333333333333,1.0,14,0.94398654,1
null,11904151,5,7,reference,12.325108369456489,tcf,False,1,False,True,False,True,True,,12.325108369456489,,1.0,,7.89305500809177,,1.0,,,,0.0,0.21488907148726397,0.0,1.0,0.21488907148726397,1.0,0.17687958228498782,1.0,6.0,,0.8333333333333334,,,,,lowest_scatter,123.63222550869293,0.0319378506689684,0.8052428510473029,56.98672894551581,0,0.11221945137157108,,0.1523809523809524,,1.0,15,0.22165903,2
null,757450,5,0,confirmed_planet_host,3.492830943647883,bls,False,1,True,False,True,False,False,3.492830943647883,,1.0,,5.348291912698771,,1.0,,,,,0.6872294049147532,0.0,0.37445880982950636,0.5,0.0,1.0,0.37445880982950636,0.5,,,,,,,,highest_scatter,3652.4689853836817,0.0321536469572723,0.9529528081407052,502.2373859396175,1,,0.022443890274314215,,0.01904761904761905,1.0,16,0.8671301,1
null,757450,5,0,confirmed_planet_host,11.167389129709903,tcf,False,1,False,True,False,True,True,,11.167389129709903,,1.0,,6.946946760997218,,1.0,,,,0.0,2.197231503579952,0.0,1.0,0.06574383452665063,3.0,0.37445880982950636,0.5,9.0,,1.0,,,,,highest_scatter,3652.4689853836817,0.0321536469572723,0.9529528081407052,502.2373859396175,1,0.3117206982543641,,0.3523809523809524,,1.0,17,0.0044312063,2
null,757450,5,1,confirmed_planet_host,2.4798266088696233,bls,False,1,True,False,True,False,False,2.4798266088696233,,1.0,,3.0273032182383792,,1.0,,,,,0.821633289363233,0.0,0.6432665787264661,0.5,0.0,1.0,0.6432665787264661,0.5,,,,,,,,highest_scatter,3652.4689853836817,0.0321536469572723,0.9529528081407052,502.2373859396175,1,,0.8104738154613467,,0.5904761904761905,1.0,18,0.86402786,1
null,757450,5,1,confirmed_planet_host,13.902967655885297,tcf,False,1,False,True,False,True,True,,13.902967655885297,,1.0,,13.64565607926001,,1.0,,,,0.0,4.606427322845233,0.0,1.0,0.8688091076150779,3.0,0.6432665787264661,0.5,4.0,,0.75,,,,,highest_scatter,3652.4689853836817,0.0321536469572723,0.9529528081407052,502.2373859396175,1,0.029925187032418952,,0.06666666666666667,,1.0,19,0.001706169,2
null,757450,5,2,confirmed_planet_host,13.968322774258088,bls,False,1,True,False,True,False,False,13.968322774258088,,1.0,,3.0460621318604835,,1.0,,,,,0.029946155926536048,0.0,0.029946155926536048,1.0,0.0,1.0,0.029946155926536048,1.0,,,,,,,,highest_scatter,3652.4689853836817,0.0321536469572723,0.9529528081407052,502.2373859396175,1,,0.7980049875311721,,0.5523809523809524,1.0,20,0.55177444,1
null,757450,5,2,confirmed_planet_host,13.5621873957986,tcf,False,1,False,True,False,True,True,,13.5621873957986,,1.0,,13.684254139820483,,1.0,,,,0.0,0.029075457735551806,0.0,1.0,0.029075457735551806,1.0,0.029946155926536048,1.0,5.0,,0.6,,,,,highest_scatter,3652.4689853836817,0.0321536469572723,0.9529528081407052,502.2373859396175,1,0.02743142144638404,,0.05714285714285714,,1.0,21,0.015153029,2
null,757450,5,3,confirmed_planet_host,8.371123707902635,bls,False,1,True,False,True,False,False,8.371123707902635,,1.0,,3.901246910521876,,1.0,,,,,0.3754509042963405,0.0,0.24909819140731898,0.5,0.0,1.0,0.24909819140731898,0.5,,,,,,,,highest_scatter,3652.4689853836817,0.0321536469572723,0.9529528081407052,502.2373859396175,1,,0.3516209476309227,,0.1619047619047619,1.0,22,0.47044653,1
null,757450,5,3,confirmed_planet_host,13.403467822607537,tcf,False,1,False,True,False,True,True,,13.403467822607537,,1.0,,17.265028433988043,,1.0,,,,0.0,0.6011551483768173,0.0,1.0,0.19942242581159134,2.0,0.24909819140731898,0.5,5.0,,0.6,,,,,highest_scatter,3652.4689853836817,0.0321536469572723,0.9529528081407052,502.2373859396175,1,0.007481296758104738,,0.02857142857142857,,1.0,23,0.0068171327,2
null,757450,5,4,confirmed_planet_host,7.437479159719907,bls,False,1,True,False,True,False,False,7.437479159719907,,1.0,,3.02630324201385,,1.0,,,,,0.48708809529284613,0.0,0.025823809414307723,0.5,0.0,1.0,0.025823809414307723,0.5,,,,,,,,highest_scatter,3652.4689853836817,0.0321536469572723,0.9529528081407052,502.2373859396175,1,,0.8129675810473815,,0.6,1.0,24,0.61718065,1
null,757450,5,4,confirmed_planet_host,14.500500166722242,tcf,False,1,False,True,False,True,True,,14.500500166722242,,1.0,,26.64602050709706,,1.0,,,,0.0,0.9496525442725846,0.0,1.0,0.02517372786370769,2.0,0.025823809414307723,0.5,5.0,,0.8,,,,,highest_scatter,3652.4689853836817,0.0321536469572723,0.9529528081407052,502.2373859396175,1,0.004987531172069825,,0.01904761904761905,,1.0,25,0.00055930216,2
null,757450,5,5,confirmed_planet_host,5.294764921640547,bls,False,1,True,False,True,False,False,5.294764921640547,,1.0,,2.8756776584014863,,1.0,,,,,0.63332178732248,0.0,0.2666435746449602,0.5,0.0,1.0,0.2666435746449602,0.5,,,,,,,,highest_scatter,3652.4689853836817,0.0321536469572723,0.9529528081407052,502.2373859396175,1,,0.8753117206982544,,0.7142857142857143,1.0,26,0.8965257,1
null,757450,5,5,confirmed_planet_host,14.439813271090364,tcf,False,1,False,True,False,True,True,,14.439813271090364,,1.0,,13.775022831388853,,1.0,,,,0.0,1.7271868505573398,0.0,1.0,0.09093771648088675,3.0,0.2666435746449602,0.5,6.0,,0.8333333333333334,,,,,highest_scatter,3652.4689853836817,0.0321536469572723,0.9529528081407052,502.2373859396175,1,0.02493765586034913,,0.047619047619047616,,1.0,27,0.0022227322,2
null,757450,5,6,confirmed_planet_host,12.99733244414805,bls,False,1,True,False,True,False,False,12.99733244414805,,1.0,,2.684854100032696,,1.0,,,,,0.09843876488955705,0.0,0.09843876488955705,1.0,0.0,1.0,0.09843876488955705,1.0,,,,,,,,highest_scatter,3652.4689853836817,0.0321536469572723,0.9529528081407052,502.2373859396175,1,,0.9326683291770573,,0.8380952380952381,1.0,28,0.46006802,1
null,757450,5,6,confirmed_planet_host,14.416472157385796,tcf,False,1,False,True,False,True,True,,14.416472157385796,,1.0,,14.34972535694698,,1.0,,,,0.0,0.10918699812719668,0.0,1.0,0.10918699812719668,1.0,0.09843876488955705,1.0,4.0,,0.75,,,,,highest_scatter,3652.4689853836817,0.0321536469572723,0.9529528081407052,502.2373859396175,1,0.022443890274314215,,0.0380952380952381,,1.0,29,0.044000775,2
null,757450,5,7,confirmed_planet_host,12.479159719906637,bls,False,1,True,False,True,False,False,12.479159719906637,,1.0,,2.8561998547378837,,1.0,,,,,0.15141827086592746,0.0,0.15141827086592746,1.0,0.0,1.0,0.15141827086592746,1.0,,,,,,,,highest_scatter,3652.4689853836817,0.0321536469572723,0.9529528081407052,502.2373859396175,1,,0.8877805486284289,,0.7523809523809524,1.0,30,0.48413327,1
null,757450,5,7,confirmed_planet_host,14.705901967322442,tcf,False,1,False,True,False,True,True,,14.705901967322442,,1.0,,6.550480235718113,,1.0,,,,0.0,0.17843687374749495,0.0,1.0,0.17843687374749495,1.0,0.15141827086592746,1.0,5.0,,0.6,,,,,highest_scatter,3652.4689853836817,0.0321536469572723,0.9529528081407052,502.2373859396175,1,0.5835411471321695,,0.6285714285714286,,1.0,31,0.04175768,2
null,1026957,5,0,confirmed_planet_host,14.01033677892631,bls,False,1,True,False,True,False,False,14.01033677892631,,1.0,,2.930630487217071,,1.0,,,,,0.0050230822589520255,0.0,0.0050230822589520255,1.0,0.0,1.0,0.0050230822589520255,1.0,,,,,,,,highest_scatter,12515.572525533244,0.0321536469572723,0.9998605651518044,113.73504882416344,0,,0.8553615960099751,,0.6666666666666666,1.0,32,0.52308124,1
null,1026957,5,0,confirmed_planet_host,13.940313437812604,tcf,False,1,False,True,False,True,True,,13.940313437812604,,1.0,,6.244396950054015,,1.0,,,,0.0,0.004997977009305931,0.0,1.0,0.004997977009305931,1.0,0.0050230822589520255,1.0,7.0,,0.8571428571428571,,,,,highest_scatter,12515.572525533244,0.0321536469572723,0.9998605651518044,113.73504882416344,0,0.8329177057356608,,0.8380952380952381,,1.0,33,0.051919926,2
null,1026957,5,1,confirmed_planet_host,13.090696898966325,bls,False,1,True,False,True,False,False,13.090696898966325,,1.0,,2.9821119076001046,,1.0,,,,,0.05525207556250736,0.0,0.05525207556250736,1.0,0.0,1.0,0.05525207556250736,1.0,,,,,,,,highest_scatter,12515.572525533244,0.0321536469572723,0.9998605651518044,113.73504882416344,0,,0.8354114713216958,,0.6285714285714286,1.0,34,0.35510427,1
null,1026957,5,1,confirmed_planet_host,13.85628542847616,tcf,False,1,False,True,False,True,True,,13.85628542847616,,1.0,,5.982053401713195,,1.0,,,,0.0,0.05848340507908996,0.0,1.0,0.05848340507908996,1.0,0.05525207556250736,1.0,7.0,,0.8571428571428571,,,,,highest_scatter,12515.572525533244,0.0321536469572723,0.9998605651518044,113.73504882416344,0,0.972568578553616,,0.9809523809523809,,1.0,35,0.030085277,2
null,1026957,5,2,confirmed_planet_host,8.861287095698568,bls,False,1,True,False,True,False,False,8.861287095698568,,1.0,,2.4669883480884747,,1.0,,,,,0.3960913532553119,0.0,0.2078172934893762,0.5,0.0,1.0,0.2078172934893762,0.5,,,,,,,,highest_scatter,12515.572525533244,0.0321536469572723,0.9998605651518044,113.73504882416344,0,,0.972568578553616,,0.9428571428571428,1.0,36,0.4673216,1
null,1026957,5,2,confirmed_planet_host,14.673224408136049,tcf,False,1,False,True,False,True,True,,14.673224408136049,,1.0,,6.209863356068886,,1.0,,,,0.0,0.6558795860771403,0.0,1.0,0.1720602069614299,2.0,0.2078172934893762,0.5,6.0,,1.0,,,,,highest_scatter,12515.572525533244,0.0321536469572723,0.9998605651518044,113.73504882416344,0,0.8628428927680798,,0.8857142857142857,,1.0,37,0.038535997,2
null,1026957,5,3,confirmed_planet_host,15.0,bls,False,1,True,False,True,False,False,15.0,,1.0,,2.822864299270998,,1.0,,,,,0.5581379238682412,0.0,0.22093103806587938,2.0,0.0,1.0,0.22093103806587938,2.0,,,,,,,,highest_scatter,12515.572525533244,0.0321536469572723,0.9998605651518044,113.73504882416344,0,,0.8977556109725686,,0.780952380952381,1.0,38,0.29644355,2
null,1026957,5,3,confirmed_planet_host,9.626875625208404,tcf,False,1,False,True,False,True,True,,9.626875625208404,,1.0,,6.083826852607682,,1.0,,,,0.0,0.35820829165277307,0.0,1.0,0.2835834166944539,0.5,0.22093103806587938,2.0,9.0,,0.7777777777777778,,,,,highest_scatter,12515.572525533244,0.0321536469572723,0.9998605651518044,113.73504882416344,0,0.9376558603491272,,0.9619047619047619,,1.0,39,0.42276013,1
null,1026957,5,4,confirmed_planet_host,6.513171057019007,bls,False,1,True,False,True,False,False,6.513171057019007,,1.0,,2.7928308124807972,,1.0,,,,,0.5375819701238134,0.0,0.0751639402476267,0.5,0.0,1.0,0.0751639402476267,0.5,,,,,,,,highest_scatter,12515.572525533244,0.0321536469572723,0.9998605651518044,113.73504882416344,0,,0.912718204488778,,0.8,1.0,40,0.6038255,1
null,1026957,5,4,confirmed_planet_host,14.085028342780928,tcf,False,1,False,True,False,True,True,,14.085028342780928,,1.0,,6.2491032155065795,,1.0,,,,0.0,1.1625454359289407,0.0,1.0,0.08127271796447036,2.0,0.0751639402476267,0.5,7.0,,1.0,,,,,highest_scatter,12515.572525533244,0.0321536469572723,0.9998605651518044,113.73504882416344,0,0.827930174563591,,0.819047619047619,,1.0,41,0.0025908956,2
null,1026957,5,5,confirmed_planet_host,13.06268756252084,bls,False,1,True,False,True,False,False,13.06268756252084,,1.0,,3.479093694798275,,1.0,,,,,1.1308131629045415,0.0,0.06540658145227075,2.0,0.0,1.0,0.06540658145227075,2.0,,,,,,,,highest_scatter,12515.572525533244,0.0321536469572723,0.9998605651518044,113.73504882416344,0,,0.5860349127182045,,0.29523809523809524,1.0,42,0.29138413,1
null,1026957,5,5,confirmed_planet_host,6.130376792264088,tcf,False,1,False,True,False,True,True,,6.130376792264088,,1.0,,6.24642842437345,,1.0,,,,0.0,0.5306955966815571,0.0,1.0,0.06139119336311413,0.5,0.06540658145227075,2.0,15.0,,0.6666666666666666,,,,,highest_scatter,12515.572525533244,0.0321536469572723,0.9998605651518044,113.73504882416344,0,0.830423940149626,,0.8285714285714286,,1.0,43,0.12515263,2
null,1026957,5,6,confirmed_planet_host,4.1183727909303105,bls,False,1,True,False,True,False,False,4.1183727909303105,,1.0,,2.4252393609976832,,1.0,,,,,0.7083795716950393,0.0,0.4167591433900785,0.5,0.0,1.0,0.4167591433900785,0.5,,,,,,,,highest_scatter,12515.572525533244,0.0321536469572723,0.9998605651518044,113.73504882416344,0,,0.9775561097256857,,0.9619047619047619,1.0,44,0.82979953,1
null,1026957,5,6,confirmed_planet_host,14.122374124708235,tcf,False,1,False,True,False,True,True,,14.122374124708235,,1.0,,6.699872125075701,,1.0,,,,0.0,2.4291150514128406,0.0,1.0,0.14303835047094687,3.0,0.4167591433900785,0.5,7.0,,0.7142857142857143,,,,,highest_scatter,12515.572525533244,0.0321536469572723,0.9998605651518044,113.73504882416344,0,0.46633416458852867,,0.4666666666666667,,1.0,45,0.0014287892,2
null,1026957,5,7,confirmed_planet_host,7.936978992997666,bls,False,1,True,False,True,False,False,7.936978992997666,,1.0,,3.2120333160692884,,1.0,,,,,0.2598799788563788,0.0,0.2598799788563788,1.0,0.0,1.0,0.2598799788563788,1.0,,,,,,,,highest_scatter,12515.572525533244,0.0321536469572723,0.9998605651518044,113.73504882416344,0,,0.7231920199501247,,0.44761904761904764,1.0,46,0.65852267,1
null,1026957,5,7,confirmed_planet_host,10.723907969323108,tcf,False,1,False,True,False,True,True,,10.723907969323108,,1.0,,6.030817839640921,,1.0,,,,0.0,0.35113221022560176,0.0,1.0,0.32443389488719915,2.0,0.2598799788563788,1.0,9.0,,0.6666666666666666,,,,,highest_scatter,12515.572525533244,0.0321536469572723,0.9998605651518044,113.73504882416344,0,0.9551122194513716,,0.9714285714285714,,1.0,47,0.020630471,2
null,1161345,5,0,confirmed_planet_host,6.116372124041347,bls,False,1,True,False,True,False,False,6.116372124041347,,1.0,,2.5677114321000514,,1.0,,,,,0.5698876826037003,0.0,0.13977536520740041,0.5,0.0,1.0,0.13977536520740041,0.5,,,,,,,,highest_scatter,4174.237095946945,0.0321536469572723,0.9992048337683134,88.50649008806953,1,,0.9551122194513716,,0.9047619047619048,1.0,48,0.67152876,1
null,1161345,5,0,confirmed_planet_host,14.220406802267425,tcf,False,1,False,True,False,True,True,,14.220406802267425,,1.0,,9.838103366936505,,1.0,,,,0.0,1.324974104563049,0.0,1.0,0.16248705228152446,2.0,0.13977536520740041,0.5,6.0,,0.8333333333333334,,,,,highest_scatter,4174.237095946945,0.0321536469572723,0.9992048337683134,88.50649008806953,1,0.04987531172069826,,0.10476190476190476,,1.0,49,0.003666254,2
null,1161345,5,1,confirmed_planet_host,8.002334111370457,bls,False,1,True,False,True,False,False,8.002334111370457,,1.0,,3.3090374552985873,,1.0,,,,,0.35293483243010054,0.0,0.2941303351397989,0.5,0.0,1.0,0.2941303351397989,0.5,,,,,,,,highest_scatter,4174.237095946945,0.0321536469572723,0.9992048337683134,88.50649008806953,1,,0.6783042394014963,,0.4,1.0,50,0.7023257,1
null,1161345,5,1,confirmed_planet_host,12.367122374124708,tcf,False,1,False,True,False,True,True,,12.367122374124708,,1.0,,10.558776074484884,,1.0,,,,0.0,0.5454393933080545,0.0,1.0,0.22728030334597277,2.0,0.2941303351397989,0.5,7.0,,0.7142857142857143,,,,,highest_scatter,4174.237095946945,0.0321536469572723,0.9992048337683134,88.50649008806953,1,0.0399002493765586,,0.08571428571428572,,1.0,51,0.012173978,2
null,1161345,5,2,confirmed_planet_host,5.966988996332111,bls,False,1,True,False,True,False,False,5.966988996332111,,1.0,,3.3666548524549564,,1.0,,,,,0.5209476643019677,0.0,0.04189532860393532,0.5,0.0,1.0,0.04189532860393532,0.5,,,,,,,,highest_scatter,4174.237095946945,0.0321536469572723,0.9992048337683134,88.50649008806953,1,,0.6508728179551122,,0.3619047619047619,1.0,52,0.5505914,1
null,1161345,5,2,confirmed_planet_host,12.455818606202069,tcf,False,1,False,True,False,True,True,,12.455818606202069,,1.0,,8.429864977025476,,1.0,,,,0.0,1.0874545962559377,0.0,1.0,0.043727298127968814,2.0,0.04189532860393532,0.5,6.0,,0.8333333333333334,,,,,highest_scatter,4174.237095946945,0.0321536469572723,0.9992048337683134,88.50649008806953,1,0.07481296758104738,,0.14285714285714285,,1.0,53,0.0009705103,2
null,1161345,5,3,confirmed_planet_host,4.958652884294765,bls,False,1,True,False,True,False,False,4.958652884294765,,1.0,,3.7946720185097544,,1.0,,,,,0.4734251619985128,0.0,0.05314967600297433,0.5,0.0,1.0,0.05314967600297433,0.5,,,,,,,,highest_scatter,4174.237095946945,0.0321536469572723,0.9992048337683134,88.50649008806953,1,,0.40648379052369077,,0.2,1.0,54,0.4337651,1
null,1161345,5,3,confirmed_planet_host,9.41680560186729,tcf,False,1,False,True,False,True,True,,9.41680560186729,,1.0,,6.614127967771107,,1.0,,,,0.0,0.8990652948692086,0.0,1.0,0.050467352565395675,2.0,0.05314967600297433,0.5,10.0,,0.7,,,,,highest_scatter,4174.237095946945,0.0321536469572723,0.9992048337683134,88.50649008806953,1,0.5187032418952618,,0.5238095238095238,,1.0,55,0.0029619976,2
null,1161345,5,4,confirmed_planet_host,8.599866622207404,bls,False,1,True,False,True,False,False,8.599866622207404,,1.0,,2.9179675996872043,,1.0,,,,,0.3704445041130665,0.0,0.259110991773867,0.5,0.0,1.0,0.259110991773867,0.5,,,,,,,,highest_scatter,4174.237095946945,0.0321536469572723,0.9992048337683134,88.50649008806953,1,,0.8603491271820449,,0.6761904761904762,1.0,56,0.72778016,1
null,1161345,5,4,confirmed_planet_host,13.660220073357786,tcf,False,1,False,True,False,True,True,,13.660220073357786,,1.0,,8.109083706988775,,1.0,,,,0.0,0.5884223178628201,0.0,1.0,0.20578884106858997,2.0,0.259110991773867,0.5,7.0,,0.7142857142857143,,,,,highest_scatter,4174.237095946945,0.0321536469572723,0.9992048337683134,88.50649008806953,1,0.09476309226932668,,0.17142857142857143,,1.0,57,0.0070662037,2
null,1161345,5,5,confirmed_planet_host,2.6385461820606873,bls,False,1,True,False,True,False,False,2.6385461820606873,,1.0,,2.767731118639165,,1.0,,,,,0.7875305426523105,0.0,0.575061085304621,0.5,0.0,1.0,0.575061085304621,0.5,,,,,,,,highest_scatter,4174.237095946945,0.0321536469572723,0.9992048337683134,88.50649008806953,1,,0.9201995012468828,,0.819047619047619,1.0,58,0.83574,1
null,1161345,5,5,confirmed_planet_host,12.41847282427476,tcf,False,1,False,True,False,True,True,,12.41847282427476,,1.0,,9.27113698858551,,1.0,,,,0.0,3.7065588272463033,0.0,1.0,0.5688529424154345,3.0,0.575061085304621,0.5,6.0,,0.6666666666666666,,,,,highest_scatter,4174.237095946945,0.0321536469572723,0.9992048337683134,88.50649008806953,1,0.06483790523690773,,0.12380952380952381,,1.0,59,0.0033107493,2
null,1161345,5,6,confirmed_planet_host,10.42980993664555,bls,False,1,True,False,True,False,False,10.42980993664555,,1.0,,3.578749735437686,,1.0,,,,,0.28303573475141536,0.0,0.28303573475141536,1.0,0.0,1.0,0.28303573475141536,1.0,,,,,,,,highest_scatter,4174.237095946945,0.0321536469572723,0.9992048337683134,88.50649008806953,1,,0.5187032418952618,,0.26666666666666666,1.0,60,0.66903466,1
null,1161345,5,6,confirmed_planet_host,14.547182394131378,tcf,False,1,False,True,False,True,True,,14.547182394131378,,1.0,,8.249430504181658,,1.0,,,,0.0,0.39476965376130946,0.0,1.0,0.30261517311934527,2.0,0.28303573475141536,1.0,6.0,,0.8333333333333334,,,,,highest_scatter,4174.237095946945,0.0321536469572723,0.9992048337683134,88.50649008806953,1,0.08229426433915212,,0.1523809523809524,,1.0,61,0.016439084,2
null,1161345,5,7,confirmed_planet_host,5.18272757585862,bls,False,1,True,False,True,False,False,5.18272757585862,,1.0,,3.780266340257717,,1.0,,,,,0.6200777297059471,0.0,0.2401554594118941,0.5,0.0,1.0,0.2401554594118941,0.5,,,,,,,,highest_scatter,4174.237095946945,0.0321536469572723,0.9992048337683134,88.50649008806953,1,,0.4139650872817955,,0.20952380952380953,1.0,62,0.7026253,1
null,1161345,5,7,confirmed_planet_host,13.641547182394133,tcf,False,1,False,True,False,True,True,,13.641547182394133,,1.0,,9.52652326590975,,1.0,,,,0.0,1.632117351862575,0.0,1.0,0.1226275493791417,3.0,0.2401554594118941,0.5,6.0,,1.0,,,,,highest_scatter,4174.237095946945,0.0321536469572723,0.9992048337683134,88.50649008806953,1,0.057356608478802994,,0.11428571428571428,,1.0,63,0.0022845163,2
null,1432789,5,0,confirmed_planet_host,8.977992664221407,bls,False,1,True,False,True,False,False,8.977992664221407,,1.0,,3.733123009214996,,1.0,,,,,1.2461833653124217,0.0,0.12309168265621082,2.0,0.0,1.0,0.12309168265621082,2.0,,,,,,,,high_scatter,550.6954214538522,0.0321536469572723,0.1967743958025241,418.1050924613707,1,,0.42643391521197005,,0.5567010309278351,1.0,64,0.93510365,1
null,1432789,5,0,confirmed_planet_host,3.996998999666556,tcf,False,1,False,True,False,True,True,,3.996998999666556,,1.0,,5.980724049336749,,1.0,,,,0.0,0.5548003714020427,0.0,1.0,0.10960074280408537,0.5,0.12309168265621082,2.0,23.0,,0.7391304347826086,,,,,high_scatter,550.6954214538522,0.0321536469572723,0.1967743958025241,418.1050924613707,1,0.9750623441396509,,0.979381443298969,,1.0,65,0.018702084,2
null,1432789,5,1,confirmed_planet_host,9.846282094031343,bls,False,1,True,False,True,False,False,9.846282094031343,,1.0,,3.3343857464703612,,1.0,,,,,0.27298914247728784,0.0,0.27298914247728784,1.0,0.0,1.0,0.27298914247728784,1.0,,,,,,,,high_scatter,550.6954214538522,0.0321536469572723,0.1967743958025241,418.1050924613707,1,,0.6633416458852868,,0.8041237113402062,1.0,66,0.97973895,1
null,1432789,5,1,confirmed_planet_host,13.543514504834944,tcf,False,1,False,True,False,True,True,,13.543514504834944,,1.0,,7.09599469486868,,1.0,,,,0.0,0.37549527583053943,0.0,1.0,0.3122523620847303,2.0,0.27298914247728784,1.0,7.0,,0.8571428571428571,,,,,high_scatter,550.6954214538522,0.0321536469572723,0.1967743958025241,418.1050924613707,1,0.2743142144638404,,0.1958762886597938,,1.0,67,0.017448599,2
null,1432789,5,2,confirmed_planet_host,12.992664221407138,bls,False,1,True,False,True,False,False,12.992664221407138,,1.0,,3.16202927255304,,1.0,,,,,3.360940123111361,0.0,0.45364670770378696,3.0,0.0,1.0,0.45364670770378696,3.0,,,,,,,,high_scatter,550.6954214538522,0.0321536469572723,0.1967743958025241,418.1050924613707,1,,0.743142144638404,,0.8556701030927835,1.0,68,0.66872287,1
null,1432789,5,2,confirmed_planet_host,2.979326442147382,tcf,False,1,False,True,False,True,True,,2.979326442147382,,1.0,,6.452264149248837,,1.0,,,,0.0,0.7706916463492879,0.0,1.0,0.5413832926985758,0.5,0.45364670770378696,3.0,29.0,,0.6896551724137931,,,,,high_scatter,550.6954214538522,0.0321536469572723,0.1967743958025241,418.1050924613707,1,0.6658354114713217,,0.6185567010309279,,1.0,69,0.050993,2
null,1432789,5,3,confirmed_planet_host,7.988329443147716,bls,False,1,True,False,True,False,False,7.988329443147716,,1.0,,4.238534729016819,,1.0,,,,,0.4197728208481678,0.0,0.16045435830366436,0.5,0.0,1.0,0.16045435830366436,0.5,,,,,,,,high_scatter,550.6954214538522,0.0321536469572723,0.1967743958025241,418.1050924613707,1,,0.22443890274314215,,0.31958762886597936,1.0,70,0.9576939,1
null,1432789,5,3,confirmed_planet_host,13.7675891963988,tcf,False,1,False,True,False,True,True,,13.7675891963988,,1.0,,6.296930886133377,,1.0,,,,0.0,0.7234628709771674,0.0,1.0,0.13826856451141625,2.0,0.16045435830366436,0.5,7.0,,0.7142857142857143,,,,,high_scatter,550.6954214538522,0.0321536469572723,0.1967743958025241,418.1050924613707,1,0.7930174563591023,,0.7628865979381443,,1.0,71,0.007671503,2
null,1432789,5,4,confirmed_planet_host,13.039346448816271,bls,False,1,True,False,True,False,False,13.039346448816271,,1.0,,4.05139450125284,,1.0,,,,,0.056733482885881904,0.0,0.056733482885881904,1.0,0.0,1.0,0.056733482885881904,1.0,,,,,,,,high_scatter,550.6954214538522,0.0321536469572723,0.1967743958025241,418.1050924613707,1,,0.286783042394015,,0.4020618556701031,1.0,72,0.9534727,1
null,1432789,5,4,confirmed_planet_host,13.823607869289765,tcf,False,1,False,True,False,True,True,,13.823607869289765,,1.0,,6.283965223488642,,1.0,,,,0.0,0.060145761411584356,0.0,1.0,0.060145761411584356,1.0,0.056733482885881904,1.0,7.0,,0.8571428571428571,,,,,high_scatter,550.6954214538522,0.0321536469572723,0.1967743958025241,418.1050924613707,1,0.800498753117207,,0.7835051546391752,,1.0,73,0.06909641,2
null,1432789,5,5,confirmed_planet_host,7.745581860620208,bls,False,1,True,False,True,False,False,7.745581860620208,,1.0,,2.992290369794771,,1.0,,,,,0.461506363446693,0.0,0.07698727310661396,0.5,0.0,1.0,0.07698727310661396,0.5,,,,,,,,high_scatter,550.6954214538522,0.0321536469572723,0.1967743958025241,418.1050924613707,1,,0.827930174563591,,0.8865979381443299,1.0,74,0.9275783,1
null,1432789,5,5,confirmed_planet_host,14.3837945981994,tcf,False,1,False,True,False,True,True,,14.3837945981994,,1.0,,6.408091312975668,,1.0,,,,0.0,0.8570321580782639,0.0,1.0,0.07148392096086802,2.0,0.07698727310661396,0.5,5.0,,0.6,,,,,high_scatter,550.6954214538522,0.0321536469572723,0.1967743958025241,418.1050924613707,1,0.6982543640897756,,0.6391752577319587,,1.0,75,0.0054959683,2
null,1432789,5,6,confirmed_planet_host,14.62654218072691,bls,False,1,True,False,True,False,False,14.62654218072691,,1.0,,2.3899482778436094,,1.0,,,,,1.0382417173923144,0.0,0.019120858696157213,2.0,0.0,1.0,0.019120858696157213,2.0,,,,,,,,high_scatter,550.6954214538522,0.0321536469572723,0.1967743958025241,418.1050924613707,1,,0.9825436408977556,,1.0,1.0,76,0.9625138,1
null,1432789,5,6,confirmed_planet_host,7.176058686228743,tcf,False,1,False,True,False,True,True,,7.176058686228743,,1.0,,6.5009864922122,,1.0,,,,0.0,0.5093810555112276,0.0,1.0,0.01876211102245523,0.5,0.019120858696157213,2.0,13.0,,0.8461538461538461,,,,,high_scatter,550.6954214538522,0.0321536469572723,0.1967743958025241,418.1050924613707,1,0.6259351620947631,,0.5876288659793815,,1.0,77,0.12261113,2
null,1432789,5,7,confirmed_planet_host,7.834278092697566,bls,False,1,True,False,True,False,False,7.834278092697566,,1.0,,3.7259764842940384,,1.0,,,,,0.3985356987430561,0.0,0.2029286025138878,0.5,0.0,1.0,0.2029286025138878,0.5,,,,,,,,high_scatter,550.6954214538522,0.0321536469572723,0.1967743958025241,418.1050924613707,1,,0.4339152119700748,,0.5670103092783505,1.0,78,0.9376213,1
null,1432789,5,7,confirmed_planet_host,13.025341780593532,tcf,False,1,False,True,False,True,True,,13.025341780593532,,1.0,,6.2299396370119995,,1.0,,,,0.0,0.6626090657586721,0.0,1.0,0.16869546712066397,2.0,0.2029286025138878,0.5,5.0,,0.6,,,,,high_scatter,550.6954214538522,0.0321536469572723,0.1967743958025241,418.1050924613707,1,0.8428927680798005,,0.865979381443299,,1.0,79,0.009461542,2
null,1717722,5,0,confirmed_planet_host,9.654884961653885,bls,False,1,True,False,True,False,False,9.654884961653885,,1.0,,3.5842820677287595,,1.0,,,,,0.19328250566659796,0.0,0.19328250566659796,1.0,0.0,1.0,0.19328250566659796,1.0,,,,,,,,high_scatter,737.9563719446062,0.0321536469572723,0.2500402288464777,615.2008523717308,1,,0.5112219451371571,,0.6494845360824743,1.0,80,0.89398044,1
null,1717722,5,0,confirmed_planet_host,8.091030343447816,tcf,False,1,False,True,False,True,True,,8.091030343447816,,1.0,,6.102125131353836,,1.0,,,,0.0,0.16197547919184943,0.0,1.0,0.16197547919184943,1.0,0.19328250566659796,1.0,11.0,,0.7272727272727273,,,,,high_scatter,737.9563719446062,0.0321536469572723,0.2500402288464777,615.2008523717308,1,0.9301745635910225,,0.9484536082474226,,1.0,81,0.030837081,2
null,1717722,5,1,confirmed_planet_host,13.772257419139716,bls,False,1,True,False,True,False,False,13.772257419139716,,1.0,,3.198747649691263,,1.0,,,,,1.0245576197245236,0.0,0.012278809862261854,2.0,0.0,1.0,0.012278809862261854,2.0,,,,,,,,high_scatter,737.9563719446062,0.0321536469572723,0.2500402288464777,615.2008523717308,1,,0.7256857855361596,,0.8350515463917526,1.0,82,0.93195105,1
null,1717722,5,1,confirmed_planet_host,6.802600866955652,tcf,False,1,False,True,False,True,True,,6.802600866955652,,1.0,,6.542719744629883,,1.0,,,,0.0,0.5060649347505025,0.0,1.0,0.012129869501004965,0.5,0.012278809862261854,2.0,13.0,,0.6153846153846154,,,,,high_scatter,737.9563719446062,0.0321536469572723,0.2500402288464777,615.2008523717308,1,0.5910224438902744,,0.5463917525773195,,1.0,83,0.010995889,2
null,1717722,5,2,confirmed_planet_host,3.973657885961987,bls,False,1,True,False,True,False,False,3.973657885961987,,1.0,,3.756806608637488,,1.0,,,,,0.6626468506723284,0.0,0.3252937013446569,0.5,0.0,1.0,0.3252937013446569,0.5,,,,,,,,high_scatter,737.9563719446062,0.0321536469572723,0.2500402288464777,615.2008523717308,1,,0.42144638403990026,,0.5360824742268041,1.0,84,0.9927874,1
null,1717722,5,2,confirmed_planet_host,11.778926308769591,tcf,False,1,False,True,False,True,True,,11.778926308769591,,1.0,,6.720509500386553,,1.0,,,,0.0,1.9642527481748766,0.0,1.0,0.011915750608374364,3.0,0.3252937013446569,0.5,7.0,,1.0,,,,,high_scatter,737.9563719446062,0.0321536469572723,0.2500402288464777,615.2008523717308,1,0.4488778054862843,,0.41237113402061853,,1.0,85,0.00015804287,2
null,1717722,5,3,confirmed_planet_host,4.995998666222075,bls,False,1,True,False,True,False,False,4.995998666222075,,1.0,,3.5933894208003907,,1.0,,,,,0.5555983983390183,0.0,0.11119679667803654,0.5,0.0,1.0,0.11119679667803654,0.5,,,,,,,,high_scatter,737.9563719446062,0.0321536469572723,0.2500402288464777,615.2008523717308,1,,0.5062344139650873,,0.6391752577319587,1.0,86,0.9296238,1
null,1717722,5,3,confirmed_planet_host,11.242080693564525,tcf,False,1,False,True,False,True,True,,11.242080693564525,,1.0,,6.927686118204962,,1.0,,,,0.0,1.2502169125008344,0.0,1.0,0.12510845625041722,2.0,0.11119679667803654,0.5,9.0,,0.6666666666666666,,,,,high_scatter,737.9563719446062,0.0321536469572723,0.2500402288464777,615.2008523717308,1,0.32418952618453867,,0.26804123711340205,,1.0,87,0.0007909167,2
null,1717722,5,4,confirmed_planet_host,10.537179059686563,bls,False,1,True,False,True,False,False,10.537179059686563,,1.0,,3.983986130174905,,1.0,,,,,0.6804573251794735,0.0,0.15977133741026323,2.0,0.0,1.0,0.15977133741026323,2.0,,,,,,,,high_scatter,737.9563719446062,0.0321536469572723,0.2500402288464777,615.2008523717308,1,,0.3092269326683292,,0.4329896907216495,1.0,88,0.9320863,1
null,1717722,5,4,confirmed_planet_host,6.270423474491498,tcf,False,1,False,True,False,True,True,,6.270423474491498,,1.0,,6.509127422648303,,1.0,,,,0.0,0.40492389481345525,0.0,1.0,0.19015221037308944,0.5,0.15977133741026323,2.0,15.0,,0.7333333333333333,,,,,high_scatter,737.9563719446062,0.0321536469572723,0.2500402288464777,615.2008523717308,1,0.6134663341645885,,0.5670103092783505,,1.0,89,0.037580576,2
null,1717722,5,5,confirmed_planet_host,7.106035345115039,bls,False,1,True,False,True,False,False,7.106035345115039,,1.0,,2.991483473377924,,1.0,,,,,0.07868228783883101,0.0,0.07868228783883101,1.0,0.0,1.0,0.07868228783883101,1.0,,,,,,,,high_scatter,737.9563719446062,0.0321536469572723,0.2500402288464777,615.2008523717308,1,,0.830423940149626,,0.8969072164948454,1.0,90,0.84757215,1
null,1717722,5,5,confirmed_planet_host,7.712904301433812,tcf,False,1,False,True,False,True,True,,7.712904301433812,,1.0,,6.319759246872688,,1.0,,,,0.0,0.0854019051194219,0.0,1.0,0.0854019051194219,1.0,0.07868228783883101,1.0,11.0,,0.8181818181818182,,,,,high_scatter,737.9563719446062,0.0321536469572723,0.2500402288464777,615.2008523717308,1,0.770573566084788,,0.7525773195876289,,1.0,91,0.082514346,2
null,1717722,5,6,confirmed_planet_host,5.69623207735912,bls,False,1,True,False,True,False,False,5.69623207735912,,1.0,,5.191290684665538,,1.0,,,,,0.4285284180242866,0.0,0.14294316395142687,0.5,0.0,1.0,0.14294316395142687,0.5,,,,,,,,high_scatter,737.9563719446062,0.0321536469572723,0.2500402288464777,615.2008523717308,1,,0.034912718204488775,,0.05154639175257732,1.0,92,0.8890721,1
null,1717722,5,6,confirmed_planet_host,9.967655885295098,tcf,False,1,False,True,False,True,True,,9.967655885295098,,1.0,,6.280508582918273,,1.0,,,,0.0,0.7498682901129776,0.0,1.0,0.12506585494351116,2.0,0.14294316395142687,0.5,9.0,,0.7777777777777778,,,,,high_scatter,737.9563719446062,0.0321536469572723,0.2500402288464777,615.2008523717308,1,0.8029925187032418,,0.7938144329896907,,1.0,93,0.010228901,2
null,1717722,5,7,confirmed_planet_host,13.762920973657886,bls,False,1,True,False,True,False,False,13.762920973657886,,1.0,,4.183407142290594,,1.0,,,,,0.26034382729243644,0.0,0.26034382729243644,1.0,0.0,1.0,0.26034382729243644,1.0,,,,,,,,high_scatter,737.9563719446062,0.0321536469572723,0.2500402288464777,615.2008523717308,1,,0.24937655860349128,,0.3402061855670103,1.0,94,0.9836466,1
null,1717722,5,7,confirmed_planet_host,10.91997332444148,tcf,False,1,False,True,False,True,True,,10.91997332444148,,1.0,,6.116258842864801,,1.0,,,,0.0,0.20656571774682012,0.0,1.0,0.20656571774682012,1.0,0.26034382729243644,1.0,9.0,,0.7777777777777778,,,,,high_scatter,737.9563719446062,0.0321536469572723,0.2500402288464777,615.2008523717308,1,0.9177057356608479,,0.9278350515463918,,1.0,95,0.07445916,2
null,1718958,5,0,confirmed_planet_host,5.682227409136379,bls,False,1,True,False,True,False,False,5.682227409136379,,1.0,,4.5935523699436045,,1.0,,,,,0.4346989550505888,0.0,0.13060208989882235,0.5,0.0,1.0,0.13060208989882235,0.5,,,,,,,,highest_scatter,1424.2388676234768,0.0321536469572723,0.994743120015974,111.53175896129348,1,,0.12468827930174564,,0.047619047619047616,1.0,96,0.8556947,1
null,1718958,5,0,confirmed_planet_host,10.051683894631545,tcf,False,1,False,True,False,True,True,,10.051683894631545,,1.0,,7.198869079646009,,1.0,,,,0.0,0.7689689572208204,0.0,1.0,0.1155155213895898,2.0,0.13060208989882235,0.5,9.0,,0.7777777777777778,,,,,highest_scatter,1424.2388676234768,0.0321536469572723,0.994743120015974,111.53175896129348,1,0.22693266832917705,,0.23809523809523808,,1.0,97,0.035072163,2
null,1718958,5,1,confirmed_planet_host,8.49249749916639,bls,False,1,True,False,True,False,False,8.49249749916639,,1.0,,2.5547652008010124,,1.0,,,,,0.009258178706188992,0.0,0.009258178706188992,1.0,0.0,1.0,0.009258178706188992,1.0,,,,,,,,highest_scatter,1424.2388676234768,0.0321536469572723,0.994743120015974,111.53175896129348,1,,0.9600997506234414,,0.9142857142857143,1.0,98,0.86166203,1
null,1718958,5,1,confirmed_planet_host,8.571857285761922,tcf,False,1,False,True,False,True,True,,8.571857285761922,,1.0,,5.864337201943775,,1.0,,,,0.0,0.009344693549020395,0.0,1.0,0.009344693549020395,1.0,0.009258178706188992,1.0,11.0,,0.8181818181818182,,,,,highest_scatter,1424.2388676234768,0.0321536469572723,0.994743120015974,111.53175896129348,1,0.9925187032418953,,0.9904761904761905,,1.0,99,0.25305378,2
null,1718958,5,2,confirmed_planet_host,14.365121707235746,bls,False,1,True,False,True,False,False,14.365121707235746,,1.0,,3.0583546051996624,,1.0,,,,,0.3037859758496504,0.0,0.3037859758496504,1.0,0.0,1.0,0.3037859758496504,1.0,,,,,,,,highest_scatter,1424.2388676234768,0.0321536469572723,0.994743120015974,111.53175896129348,1,,0.7880299251870324,,0.5238095238095238,1.0,100,0.92030233,1
null,1718958,5,2,confirmed_planet_host,11.018006002000668,tcf,False,1,False,True,False,True,True,,11.018006002000668,,1.0,,6.72732874834691,,1.0,,,,0.0,0.23300294793528467,0.0,1.0,0.23300294793528467,1.0,0.3037859758496504,1.0,9.0,,0.7777777777777778,,,,,highest_scatter,1424.2388676234768,0.0321536469572723,0.994743120015974,111.53175896129348,1,0.44139650872817954,,0.44761904761904764,,1.0,101,0.316024,2
null,1718958,5,3,confirmed_planet_host,6.2797599199733245,bls,False,1,True,False,True,False,False,6.2797599199733245,,1.0,,2.7760250045131114,,1.0,,,,,0.21019081568462994,0.0,0.21019081568462994,1.0,0.0,1.0,0.21019081568462994,1.0,,,,,,,,highest_scatter,1424.2388676234768,0.0321536469572723,0.994743120015974,111.53175896129348,1,,0.9177057356608479,,0.8095238095238095,1.0,102,0.7745379,1
null,1718958,5,3,confirmed_planet_host,7.950983661220407,tcf,False,1,False,True,False,True,True,,7.950983661220407,,1.0,,6.227746818031685,,1.0,,,,0.0,0.26612860404608935,0.0,1.0,0.26612860404608935,1.0,0.21019081568462994,1.0,11.0,,0.9090909090909092,,,,,highest_scatter,1424.2388676234768,0.0321536469572723,0.994743120015974,111.53175896129348,1,0.8478802992518704,,0.8666666666666667,,1.0,103,0.43199202,2
null,1718958,5,4,confirmed_planet_host,5.131377125708569,bls,False,1,True,False,True,False,False,5.131377125708569,,1.0,,3.0394974889154773,,1.0,,,,,0.6422078073051081,0.0,0.284415614610216,0.5,0.0,1.0,0.284415614610216,0.5,,,,,,,,highest_scatter,1424.2388676234768,0.0321536469572723,0.994743120015974,111.53175896129348,1,,0.8029925187032418,,0.5714285714285714,1.0,104,0.97393906,1
null,1718958,5,4,confirmed_planet_host,14.341780593531178,tcf,False,1,False,True,False,True,True,,14.341780593531178,,1.0,,7.3831580416278895,,1.0,,,,0.0,1.794918448242251,0.0,1.0,0.06836051725258294,3.0,0.284415614610216,0.5,3.0,,1.0,,,,,highest_scatter,1424.2388676234768,0.0321536469572723,0.994743120015974,111.53175896129348,1,0.16708229426433915,,0.20952380952380953,,1.0,105,0.0038004483,2
null,1718958,5,5,confirmed_planet_host,12.203734578192732,bls,False,1,True,False,True,False,False,12.203734578192732,,1.0,,4.110607130625528,,1.0,,,,,0.2388383034898287,0.0,0.2388383034898287,1.0,0.0,1.0,0.2388383034898287,1.0,,,,,,,,highest_scatter,1424.2388676234768,0.0321536469572723,0.994743120015974,111.53175896129348,1,,0.27680798004987534,,0.12380952380952381,1.0,106,0.77587813,1
null,1718958,5,5,confirmed_planet_host,9.850950316772256,tcf,False,1,False,True,False,True,True,,9.850950316772256,,1.0,,6.595399403385804,,1.0,,,,0.0,0.19279215279106007,0.0,1.0,0.19279215279106007,1.0,0.2388383034898287,1.0,9.0,,0.8888888888888888,,,,,highest_scatter,1424.2388676234768,0.0321536469572723,0.994743120015974,111.53175896129348,1,0.5461346633416458,,0.580952380952381,,1.0,107,0.39656028,2
null,1718958,5,6,confirmed_planet_host,12.99733244414805,bls,False,1,True,False,True,False,False,12.99733244414805,,1.0,,3.0949836377407176,,1.0,,,,,0.16192207947059328,0.0,0.16192207947059328,1.0,0.0,1.0,0.16192207947059328,1.0,,,,,,,,highest_scatter,1424.2388676234768,0.0321536469572723,0.994743120015974,111.53175896129348,1,,0.770573566084788,,0.49523809523809526,1.0,108,0.81620246,1
null,1718958,5,6,confirmed_planet_host,11.18606202067356,tcf,False,1,False,True,False,True,True,,11.18606202067356,,1.0,,6.154411513471015,,1.0,,,,0.0,0.13935708971497457,0.0,1.0,0.13935708971497457,1.0,0.16192207947059328,1.0,8.0,,0.875,,,,,highest_scatter,1424.2388676234768,0.0321536469572723,0.994743120015974,111.53175896129348,1,0.8977556109725686,,0.9238095238095239,,1.0,109,0.12977536,2
null,1718958,5,7,confirmed_planet_host,12.390463487829278,bls,False,1,True,False,True,False,False,12.390463487829278,,1.0,,2.297956597406179,,1.0,,,,,0.07188392419303688,0.0,0.07188392419303688,1.0,0.0,1.0,0.07188392419303688,1.0,,,,,,,,highest_scatter,1424.2388676234768,0.0321536469572723,0.994743120015974,111.53175896129348,1,,0.9900249376558603,,0.9809523809523809,1.0,110,0.75744677,1
null,1718958,5,7,confirmed_planet_host,11.559519839946647,tcf,False,1,False,True,False,True,True,,11.559519839946647,,1.0,,6.9257990130847125,,1.0,,,,0.0,0.06706316101079171,0.0,1.0,0.06706316101079171,1.0,0.07188392419303688,1.0,8.0,,0.875,,,,,highest_scatter,1424.2388676234768,0.0321536469572723,0.994743120015974,111.53175896129348,1,0.32917705735660846,,0.3619047619047619,,1.0,111,0.27735776,2
null,1725016,5,0,confirmed_planet_host,4.347115705235079,bls,False,1,True,False,True,False,False,4.347115705235079,,1.0,,4.459307965081323,,1.0,,,,,0.6775813033263263,0.0,0.35516260665265237,0.5,0.0,1.0,0.35516260665265237,0.5,,,,,,,,low_scatter,459.8359804321691,0.0321536469572723,0.0427758813352123,419.522553521834,0,,0.1571072319201995,,0.18556701030927836,1.0,112,0.9941326,1
null,1725016,5,0,confirmed_planet_host,13.482827609203069,tcf,False,1,False,True,False,True,True,,13.482827609203069,,1.0,,6.588041237412162,,1.0,,,,0.0,2.101557106696326,0.0,1.0,0.03385236889877532,3.0,0.35516260665265237,0.5,7.0,,0.7142857142857143,,,,,low_scatter,459.8359804321691,0.0321536469572723,0.0427758813352123,419.522553521834,0,0.5561097256857855,,0.5154639175257731,,1.0,113,0.00045682013,2
null,1725016,5,1,confirmed_planet_host,2.605868622874292,bls,False,1,True,False,True,False,False,2.605868622874292,,1.0,,3.983149986226493,,1.0,,,,,0.7885723561399237,0.0,0.5771447122798474,0.5,0.0,1.0,0.5771447122798474,0.5,,,,,,,,low_scatter,459.8359804321691,0.0321536469572723,0.0427758813352123,419.522553521834,0,,0.314214463840399,,0.44329896907216493,1.0,114,0.9941326,1
null,1725016,5,1,confirmed_planet_host,12.325108369456489,tcf,False,1,False,True,False,True,True,,12.325108369456489,,1.0,,6.53492809091952,,1.0,,,,0.0,3.729750479846449,0.0,1.0,0.5765834932821495,3.0,0.5771447122798474,0.5,7.0,,0.7142857142857143,,,,,low_scatter,459.8359804321691,0.0321536469572723,0.0427758813352123,419.522553521834,0,0.600997506234414,,0.5360824742268041,,1.0,115,0.0015126142,2
null,1725016,5,2,confirmed_planet_host,9.39346448816272,bls,False,1,True,False,True,False,False,9.39346448816272,,1.0,,4.316778750169472,,1.0,,,,,0.29053094507306787,0.0,0.29053094507306787,1.0,0.0,1.0,0.29053094507306787,1.0,,,,,,,,low_scatter,459.8359804321691,0.0321536469572723,0.0427758813352123,419.522553521834,0,,0.1970074812967581,,0.25773195876288657,1.0,116,0.99394256,1
null,1725016,5,2,confirmed_planet_host,7.278759586528843,tcf,False,1,False,True,False,True,True,,7.278759586528843,,1.0,,6.4744171302665094,,1.0,,,,0.0,0.22512512867842813,0.0,1.0,0.22512512867842813,1.0,0.29053094507306787,1.0,13.0,,0.8461538461538461,,,,,low_scatter,459.8359804321691,0.0321536469572723,0.0427758813352123,419.522553521834,0,0.6508728179551122,,0.6185567010309279,,1.0,117,0.34997866,2
null,1725016,5,3,confirmed_planet_host,6.9519839946648885,bls,False,1,True,False,True,False,False,6.9519839946648885,,1.0,,5.031369289030358,,1.0,,,,,0.01986009881132903,0.0,0.01986009881132903,1.0,0.0,1.0,0.01986009881132903,1.0,,,,,,,,low_scatter,459.8359804321691,0.0321536469572723,0.0427758813352123,419.522553521834,0,,0.05236907730673317,,0.061855670103092786,1.0,118,0.9907026,1
null,1725016,5,3,confirmed_planet_host,6.816605535178393,tcf,False,1,False,True,False,True,True,,6.816605535178393,,1.0,,6.417171182022361,,1.0,,,,0.0,0.019473356036260703,0.0,1.0,0.019473356036260703,1.0,0.01986009881132903,1.0,13.0,,0.8461538461538461,,,,,low_scatter,459.8359804321691,0.0321536469572723,0.0427758813352123,419.522553521834,0,0.6907730673316709,,0.6701030927835051,,1.0,119,0.61589307,2
null,1725016,5,4,confirmed_planet_host,4.837279093031011,bls,False,1,True,False,True,False,False,4.837279093031011,,1.0,,4.445390562848081,,1.0,,,,,0.3083671036948748,0.0,0.3083671036948748,1.0,0.0,1.0,0.3083671036948748,1.0,,,,,,,,low_scatter,459.8359804321691,0.0321536469572723,0.0427758813352123,419.522553521834,0,,0.1596009975062344,,0.1958762886597938,1.0,120,0.99394256,1
null,1725016,5,4,confirmed_planet_host,6.993997999333112,tcf,False,1,False,True,False,True,True,,6.993997999333112,,1.0,,6.488442445109986,,1.0,,,,0.0,0.4458537257875508,0.0,1.0,0.2770731371062246,2.0,0.3083671036948748,1.0,11.0,,0.6363636363636364,,,,,low_scatter,459.8359804321691,0.0321536469572723,0.0427758813352123,419.522553521834,0,0.6359102244389028,,0.5979381443298969,,1.0,121,0.01322419,2
null,1725016,5,5,confirmed_planet_host,9.304768256085362,bls,False,1,True,False,True,False,False,9.304768256085362,,1.0,,3.6674737746501416,,1.0,,,,,0.5006722237160526,0.0,0.24966388814197374,2.0,0.0,1.0,0.24966388814197374,2.0,,,,,,,,low_scatter,459.8359804321691,0.0321536469572723,0.0427758813352123,419.522553521834,0,,0.4613466334164589,,0.6185567010309279,1.0,122,0.9691824,1
null,1725016,5,5,confirmed_planet_host,6.200400133377793,tcf,False,1,False,True,False,True,True,,6.200400133377793,,1.0,,5.9047551823417725,,1.0,,,,0.0,0.3336319655975631,0.0,1.0,0.33273606880487383,0.5,0.24966388814197374,2.0,15.0,,0.7333333333333333,,,,,low_scatter,459.8359804321691,0.0321536469572723,0.0427758813352123,419.522553521834,0,0.9875311720698254,,1.0,,1.0,123,0.07935096,2
null,1725016,5,6,confirmed_planet_host,1.8962987662554185,bls,False,1,True,False,True,False,False,1.8962987662554185,,1.0,,3.4647999490271735,,1.0,,,,,0.8962987662554185,0.0,0.051850616872290756,2.0,0.0,1.0,0.051850616872290756,2.0,,,,,,,,low_scatter,459.8359804321691,0.0321536469572723,0.0427758813352123,419.522553521834,0,,0.5960099750623441,,0.7938144329896907,1.0,124,0.97291857,1
null,1725016,5,6,confirmed_planet_host,1.0,tcf,False,1,False,True,False,True,True,,1.0,,1.0,,6.358598809286159,,1.0,,,,0.0,0.4726569368735713,0.0,1.0,0.05468612625285738,0.5,0.051850616872290756,2.0,89.0,,0.6404494382022472,,,,,low_scatter,459.8359804321691,0.0321536469572723,0.0427758813352123,419.522553521834,0,0.7456359102244389,,0.7216494845360825,,1.0,125,0.010504385,2
null,1725016,5,7,confirmed_planet_host,8.590530176725576,bls,False,1,True,False,True,False,False,8.590530176725576,,1.0,,3.968187556161031,,1.0,,,,,0.4039240184169733,0.0,0.19215196316605349,0.5,0.0,1.0,0.19215196316605349,0.5,,,,,,,,low_scatter,459.8359804321691,0.0321536469572723,0.0427758813352123,419.522553521834,0,,0.3266832917705736,,0.4845360824742268,1.0,126,0.97240293,1
null,1725016,5,7,confirmed_planet_host,14.411803934644883,tcf,False,1,False,True,False,True,True,,14.411803934644883,,1.0,,5.9787082241321645,,1.0,,,,0.0,0.6776384737802276,0.0,1.0,0.16118076310988624,2.0,0.19215196316605349,0.5,7.0,,0.8571428571428571,,,,,low_scatter,459.8359804321691,0.0321536469572723,0.0427758813352123,419.522553521834,0,0.9775561097256857,,0.9896907216494846,,1.0,127,0.0039686756,2
null,1849702,5,0,confirmed_planet_host,3.4974991663887964,bls,False,1,True,False,True,False,False,3.4974991663887964,,1.0,,3.9824263234762194,,1.0,,,,,0.4380391106348781,0.0,0.12392177873024375,0.5,0.0,1.0,0.12392177873024375,0.5,,,,,,,,low_scatter,358.803277129436,0.0321536469572723,0.3549742624179406,245.7729619525827,1,,0.3167082294264339,,0.4536082474226804,1.0,128,0.9698177,1
null,1849702,5,0,confirmed_planet_host,6.223741247082361,tcf,False,1,False,True,False,True,True,,6.223741247082361,,1.0,,6.080422705444207,,1.0,,,,0.0,0.7794832681857184,0.0,1.0,0.11025836590714079,2.0,0.12392177873024375,0.5,15.0,,0.6666666666666666,,,,,low_scatter,358.803277129436,0.0321536469572723,0.3549742624179406,245.7729619525827,1,0.940149625935162,,0.9175257731958762,,1.0,129,0.011896135,2
null,1849702,5,1,confirmed_planet_host,8.590530176725576,bls,False,1,True,False,True,False,False,8.590530176725576,,1.0,,3.5394339568487965,,1.0,,,,,0.012344259152769838,0.0,0.012344259152769838,1.0,0.0,1.0,0.012344259152769838,1.0,,,,,,,,low_scatter,358.803277129436,0.0321536469572723,0.3549742624179406,245.7729619525827,1,,0.5536159600997507,,0.7422680412371134,1.0,130,0.98403776,1
null,1849702,5,1,confirmed_planet_host,8.69789929976659,tcf,False,1,False,True,False,True,True,,8.69789929976659,,1.0,,6.4467116922404255,,1.0,,,,0.0,0.012498544424174252,0.0,1.0,0.012498544424174252,1.0,0.012344259152769838,1.0,11.0,,0.7272727272727273,,,,,low_scatter,358.803277129436,0.0321536469572723,0.3549742624179406,245.7729619525827,1,0.6708229426433915,,0.6391752577319587,,1.0,131,0.33746874,2
null,1849702,5,2,confirmed_planet_host,7.302100700233412,bls,False,1,True,False,True,False,False,7.302100700233412,,1.0,,3.549155399779653,,1.0,,,,,0.8099842962228287,0.0,0.09500785188858564,2.0,0.0,1.0,0.09500785188858564,2.0,,,,,,,,low_scatter,358.803277129436,0.0321536469572723,0.3549742624179406,245.7729619525827,1,,0.543640897755611,,0.711340206185567,1.0,132,0.96092683,1
null,1849702,5,2,confirmed_planet_host,4.034344781593864,tcf,False,1,False,True,False,True,True,,4.034344781593864,,1.0,,6.886952725782252,,1.0,,,,0.0,0.447509018676652,0.0,1.0,0.10498196264669596,0.5,0.09500785188858564,2.0,21.0,,0.7142857142857143,,,,,low_scatter,358.803277129436,0.0321536469572723,0.3549742624179406,245.7729619525827,1,0.3541147132169576,,0.29896907216494845,,1.0,133,0.02760447,2
null,1849702,5,3,confirmed_planet_host,11.274758252750916,bls,False,1,True,False,True,False,False,11.274758252750916,,1.0,,3.255661736165885,,1.0,,,,,0.14208509882526074,0.0,0.14208509882526074,1.0,0.0,1.0,0.14208509882526074,1.0,,,,,,,,low_scatter,358.803277129436,0.0321536469572723,0.3549742624179406,245.7729619525827,1,,0.7007481296758105,,0.8762886597938144,1.0,134,0.9598791,1
null,1849702,5,3,confirmed_planet_host,13.142047349116371,tcf,False,1,False,True,False,True,True,,13.142047349116371,,1.0,,6.323478355854306,,1.0,,,,0.0,0.16561677461331448,0.0,1.0,0.16561677461331448,1.0,0.14208509882526074,1.0,7.0,,0.7142857142857143,,,,,low_scatter,358.803277129436,0.0321536469572723,0.3549742624179406,245.7729619525827,1,0.7680798004987531,,0.7525773195876289,,1.0,135,0.060232982,2
null,1849702,5,4,confirmed_planet_host,12.297099033011005,bls,False,1,True,False,True,False,False,12.297099033011005,,1.0,,3.35107219335533,,1.0,,,,,0.05401697676412576,0.0,0.05401697676412576,1.0,0.0,1.0,0.05401697676412576,1.0,,,,,,,,low_scatter,358.803277129436,0.0321536469572723,0.3549742624179406,245.7729619525827,1,,0.6583541147132169,,0.8350515463917526,1.0,136,0.94326794,1
null,1849702,5,4,confirmed_planet_host,11.666888962987665,tcf,False,1,False,True,False,True,True,,11.666888962987665,,1.0,,6.516248083470081,,1.0,,,,0.0,0.05124867810949311,0.0,1.0,0.05124867810949311,1.0,0.05401697676412576,1.0,7.0,,0.7142857142857143,,,,,low_scatter,358.803277129436,0.0321536469572723,0.3549742624179406,245.7729619525827,1,0.6109725685785536,,0.5567010309278351,,1.0,137,0.019430587,2
null,1849702,5,5,confirmed_planet_host,3.744914971657219,bls,False,1,True,False,True,False,False,3.744914971657219,,1.0,,3.485739549157479,,1.0,,,,,0.5556127092153681,0.0,0.11122541843073629,0.5,0.0,1.0,0.11122541843073629,0.5,,,,,,,,low_scatter,358.803277129436,0.0321536469572723,0.3549742624179406,245.7729619525827,1,,0.5760598503740648,,0.7628865979381443,1.0,138,0.9798695,1
null,1849702,5,5,confirmed_planet_host,8.427142380793597,tcf,False,1,False,True,False,True,True,,8.427142380793597,,1.0,,6.711154976083935,,1.0,,,,0.0,1.2502893776155282,0.0,1.0,0.12514468880776414,2.0,0.11122541843073629,0.5,11.0,,0.7272727272727273,,,,,low_scatter,358.803277129436,0.0321536469572723,0.3549742624179406,245.7729619525827,1,0.456359102244389,,0.4329896907216495,,1.0,139,0.0036941287,2
null,1849702,5,6,confirmed_planet_host,11.615538512837611,bls,False,1,True,False,True,False,False,11.615538512837611,,1.0,,2.958367816972887,,1.0,,,,,0.17641913138047627,0.0,0.17641913138047627,1.0,0.0,1.0,0.17641913138047627,1.0,,,,,,,,low_scatter,358.803277129436,0.0321536469572723,0.3549742624179406,245.7729619525827,1,,0.8428927680798005,,0.9587628865979382,1.0,140,0.9486326,1
null,1849702,5,6,confirmed_planet_host,14.103701233744582,tcf,False,1,False,True,False,True,True,,14.103701233744582,,1.0,,6.970074258329123,,1.0,,,,0.0,0.21420984641883178,0.0,1.0,0.21420984641883178,1.0,0.17641913138047627,1.0,7.0,,0.8571428571428571,,,,,low_scatter,358.803277129436,0.0321536469572723,0.3549742624179406,245.7729619525827,1,0.30673316708229426,,0.23711340206185566,,1.0,141,0.15382722,2
null,1849702,5,7,confirmed_planet_host,8.945315105035013,bls,False,1,True,False,True,False,False,8.945315105035013,,1.0,,3.562560013807665,,1.0,,,,,0.4202445867965482,0.0,0.2898777066017259,2.0,0.0,1.0,0.2898777066017259,2.0,,,,,,,,low_scatter,358.803277129436,0.0321536469572723,0.3549742624179406,245.7729619525827,1,,0.5311720698254364,,0.6907216494845361,1.0,142,0.95024693,1
null,1849702,5,7,confirmed_planet_host,6.29843281093698,tcf,False,1,False,True,False,True,True,,6.29843281093698,,1.0,,6.50660579210567,,1.0,,,,0.0,0.29589592574644946,0.0,1.0,0.29589592574644946,1.0,0.2898777066017259,2.0,14.0,,0.8571428571428571,,,,,low_scatter,358.803277129436,0.0321536469572723,0.3549742624179406,245.7729619525827,1,0.6184538653366584,,0.5773195876288659,,1.0,143,0.34566593,2
null,1871056,5,0,confirmed_planet_host,4.687895965321774,bls,False,1,True,False,True,False,False,4.687895965321774,,1.0,,2.896039500832289,,1.0,,,,,0.5547144712254142,0.0,0.1094289424508284,0.5,0.0,1.0,0.1094289424508284,0.5,,,,,,,,lowest_scatter,176.2158497586388,0.0321536469572723,0.2741188997657067,123.1495629545986,1,,0.8678304239401496,,0.9047619047619048,1.0,144,0.963807,1
null,1871056,5,0,confirmed_planet_host,10.527842614204737,tcf,False,1,False,True,False,True,True,,10.527842614204737,,1.0,,6.365796819811334,,1.0,,,,0.0,1.245750053346611,0.0,1.0,0.12287502667330556,2.0,0.1094289424508284,0.5,9.0,,0.7777777777777778,,,,,lowest_scatter,176.2158497586388,0.0321536469572723,0.2741188997657067,123.1495629545986,1,0.7406483790523691,,0.819047619047619,,1.0,145,0.006465294,2
null,1871056,5,1,confirmed_planet_host,7.054684894964989,bls,False,1,True,False,True,False,False,7.054684894964989,,1.0,,5.0031348988209565,,1.0,,,,,0.47531185675668974,0.0,0.04937628648662056,0.5,0.0,1.0,0.04937628648662056,0.5,,,,,,,,lowest_scatter,176.2158497586388,0.0321536469572723,0.2741188997657067,123.1495629545986,1,,0.06234413965087282,,0.08571428571428572,1.0,146,0.96081275,1
null,1871056,5,1,confirmed_planet_host,13.44548182727576,tcf,False,1,False,True,False,True,True,,13.44548182727576,,1.0,,7.671109810358354,,1.0,,,,0.0,0.9058940303445667,0.0,1.0,0.04705298482771662,2.0,0.04937628648662056,0.5,7.0,,0.7142857142857143,,,,,lowest_scatter,176.2158497586388,0.0321536469572723,0.2741188997657067,123.1495629545986,1,0.11970074812967581,,0.17142857142857143,,1.0,147,0.0007022346,2
null,1871056,5,2,confirmed_planet_host,11.820940313437813,bls,False,1,True,False,True,False,False,11.820940313437813,,1.0,,3.1190456348107203,,1.0,,,,,0.06842727631060315,0.0,0.06842727631060315,1.0,0.0,1.0,0.06842727631060315,1.0,,,,,,,,lowest_scatter,176.2158497586388,0.0321536469572723,0.2741188997657067,123.1495629545986,1,,0.7630922693266833,,0.8,1.0,148,0.94205743,1
null,1871056,5,2,confirmed_planet_host,12.68922974324775,tcf,False,1,False,True,False,True,True,,12.68922974324775,,1.0,,6.243489543109749,,1.0,,,,0.0,0.07345349919607354,0.0,1.0,0.07345349919607354,1.0,0.06842727631060315,1.0,7.0,,0.7142857142857143,,,,,lowest_scatter,176.2158497586388,0.0321536469572723,0.2741188997657067,123.1495629545986,1,0.8354114713216958,,0.8571428571428571,,1.0,149,0.12458316,2
null,1871056,5,3,confirmed_planet_host,11.47082360786929,bls,False,1,True,False,True,False,False,11.47082360786929,,1.0,,3.6799504306258783,,1.0,,,,,0.15998827924694167,0.0,0.15998827924694167,1.0,0.0,1.0,0.15998827924694167,1.0,,,,,,,,lowest_scatter,176.2158497586388,0.0321536469572723,0.2741188997657067,123.1495629545986,1,,0.456359102244389,,0.45714285714285713,1.0,150,0.9774973,1
null,1871056,5,3,confirmed_planet_host,13.655551850616874,tcf,False,1,False,True,False,True,True,,13.655551850616874,,1.0,,6.456048486241386,,1.0,,,,0.0,0.19045957966338195,0.0,1.0,0.19045957966338195,1.0,0.15998827924694167,1.0,7.0,,0.7142857142857143,,,,,lowest_scatter,176.2158497586388,0.0321536469572723,0.2741188997657067,123.1495629545986,1,0.6608478802992519,,0.7428571428571429,,1.0,151,0.07779209,2
null,1871056,5,4,confirmed_planet_host,4.865288429476493,bls,False,1,True,False,True,False,False,4.865288429476493,,1.0,,3.2909921745816524,,1.0,,,,,0.6300550188889733,0.0,0.26011003777794667,0.5,0.0,1.0,0.26011003777794667,0.5,,,,,,,,lowest_scatter,176.2158497586388,0.0321536469572723,0.2741188997657067,123.1495629545986,1,,0.6882793017456359,,0.7142857142857143,1.0,152,0.98889786,1
null,1871056,5,4,confirmed_planet_host,13.1513837945982,tcf,False,1,False,True,False,True,True,,13.1513837945982,,1.0,,5.9213295975812725,,1.0,,,,0.0,1.7031046535535599,0.0,1.0,0.09896511548214668,3.0,0.26011003777794667,0.5,7.0,,0.7142857142857143,,,,,lowest_scatter,176.2158497586388,0.0321536469572723,0.2741188997657067,123.1495629545986,1,0.9850374064837906,,0.9809523809523809,,1.0,153,0.0005715967,2
null,1871056,5,5,confirmed_planet_host,5.756918972990998,bls,False,1,True,False,True,False,False,5.756918972990998,,1.0,,3.719342131872449,,1.0,,,,,0.2629669156883671,0.0,0.2629669156883671,1.0,0.0,1.0,0.2629669156883671,1.0,,,,,,,,lowest_scatter,176.2158497586388,0.0321536469572723,0.2741188997657067,123.1495629545986,1,,0.44389027431421446,,0.41904761904761906,1.0,154,0.990586,1
null,1871056,5,5,confirmed_planet_host,7.8109369789929985,tcf,False,1,False,True,False,True,True,,7.8109369789929985,,1.0,,6.543268368016613,,1.0,,,,0.0,0.35679119606139587,0.0,1.0,0.32160440196930207,2.0,0.2629669156883671,1.0,11.0,,0.8181818181818182,,,,,lowest_scatter,176.2158497586388,0.0321536469572723,0.2741188997657067,123.1495629545986,1,0.5885286783042394,,0.6666666666666666,,1.0,155,0.068760306,2
null,1871056,5,6,confirmed_planet_host,5.2247415805268425,bls,False,1,True,False,True,False,False,5.2247415805268425,,1.0,,3.4650333368729243,,1.0,,,,,0.5962742521450104,0.0,0.19254850429002085,0.5,0.0,1.0,0.19254850429002085,0.5,,,,,,,,lowest_scatter,176.2158497586388,0.0321536469572723,0.2741188997657067,123.1495629545986,1,,0.5935162094763092,,0.6095238095238096,1.0,156,0.97643584,1
null,1871056,5,6,confirmed_planet_host,12.941313771257086,tcf,False,1,False,True,False,True,True,,12.941313771257086,,1.0,,7.668821242043949,,1.0,,,,0.0,1.4769289680260387,0.0,1.0,0.17435701065798712,3.0,0.19254850429002085,0.5,7.0,,0.7142857142857143,,,,,lowest_scatter,176.2158497586388,0.0321536469572723,0.2741188997657067,123.1495629545986,1,0.12219451371571072,,0.18095238095238095,,1.0,157,0.0029585988,2
null,1871056,5,7,confirmed_planet_host,5.509503167722575,bls,False,1,True,False,True,False,False,5.509503167722575,,1.0,,2.2551784408458926,,1.0,,,,,0.56772100567721,0.0,0.13544201135441988,0.5,0.0,1.0,0.13544201135441988,0.5,,,,,,,,lowest_scatter,176.2158497586388,0.0321536469572723,0.2741188997657067,123.1495629545986,1,,0.9925187032418953,,0.9904761904761905,1.0,158,0.96336716,1
null,1871056,5,7,confirmed_planet_host,12.745248416138711,tcf,False,1,False,True,False,True,True,,12.745248416138711,,1.0,,6.681958324725045,,1.0,,,,0.0,1.3133208255159468,0.0,1.0,0.1566604127579734,2.0,0.13544201135441988,0.5,8.0,,0.875,,,,,lowest_scatter,176.2158497586388,0.0321536469572723,0.2741188997657067,123.1495629545986,1,0.486284289276808,,0.5714285714285714,,1.0,159,0.004023359,2
null,1872821,5,0,confirmed_planet_host,9.356118706235412,bls,False,1,True,False,True,False,False,9.356118706235412,,1.0,,5.172815723650231,,1.0,,,,,0.3065516644836023,0.0,0.3065516644836023,1.0,0.0,1.0,0.3065516644836023,1.0,,,,,,,,high_scatter,486.8290311425361,0.0319378506689684,0.4225260859477737,345.25820720607,0,,0.0399002493765586,,0.07216494845360824,1.0,160,0.9914539,1
null,1872821,5,0,confirmed_planet_host,13.492164054684896,tcf,False,1,False,True,False,True,True,,13.492164054684896,,1.0,,7.116290633160446,,1.0,,,,0.0,0.44206849852097374,0.0,1.0,0.27896575073951313,2.0,0.3065516644836023,1.0,7.0,,0.7142857142857143,,,,,high_scatter,486.8290311425361,0.0319378506689684,0.4225260859477737,345.25820720607,0,0.26932668329177056,,0.18556701030927836,,1.0,161,0.0053270007,2
null,1872821,5,1,confirmed_planet_host,7.1107035678559525,bls,False,1,True,False,True,False,False,7.1107035678559525,,1.0,,5.0967142114039135,,1.0,,,,,0.3672294590664965,0.0,0.2655410818670069,0.5,0.0,1.0,0.2655410818670069,0.5,,,,,,,,high_scatter,486.8290311425361,0.0319378506689684,0.4225260859477737,345.25820720607,0,,0.04738154613466334,,0.09278350515463918,1.0,162,0.9855967,1
null,1872821,5,1,confirmed_planet_host,11.237412470823609,tcf,False,1,False,True,False,True,True,,11.237412470823609,,1.0,,6.939167685928212,,1.0,,,,0.0,0.5803516998827667,0.0,1.0,0.20982415005861665,2.0,0.2655410818670069,0.5,8.0,,0.875,,,,,high_scatter,486.8290311425361,0.0319378506689684,0.4225260859477737,345.25820720607,0,0.3167082294264339,,0.25773195876288657,,1.0,163,0.022714142,2
null,1872821,5,2,confirmed_planet_host,14.738579526508838,bls,False,1,True,False,True,False,False,14.738579526508838,,1.0,,3.80836524771795,,1.0,,,,,0.11751321012312606,0.0,0.11751321012312606,1.0,0.0,1.0,0.11751321012312606,1.0,,,,,,,,high_scatter,486.8290311425361,0.0319378506689684,0.4225260859477737,345.25820720607,0,,0.39900249376558605,,0.5257731958762887,1.0,164,0.97600424,1
null,1872821,5,2,confirmed_planet_host,13.188729576525509,tcf,False,1,False,True,False,True,True,,13.188729576525509,,1.0,,6.277971443231262,,1.0,,,,0.0,0.10515599194588367,0.0,1.0,0.10515599194588367,1.0,0.11751321012312606,1.0,7.0,,0.8571428571428571,,,,,high_scatter,486.8290311425361,0.0319378506689684,0.4225260859477737,345.25820720607,0,0.8054862842892768,,0.8041237113402062,,1.0,165,0.15636045,2
null,1872821,5,3,confirmed_planet_host,4.692564188062688,bls,False,1,True,False,True,False,False,4.692564188062688,,1.0,,3.5141551934822495,,1.0,,,,,0.16585204208433443,0.0,0.16585204208433443,1.0,0.0,1.0,0.16585204208433443,1.0,,,,,,,,high_scatter,486.8290311425361,0.0319378506689684,0.4225260859477737,345.25820720607,0,,0.5685785536159601,,0.7010309278350515,1.0,166,0.97828007,1
null,1872821,5,3,confirmed_planet_host,4.0250083361120375,tcf,False,1,False,True,False,True,True,,4.0250083361120375,,1.0,,6.25531119501637,,1.0,,,,0.0,0.1422582249698004,0.0,1.0,0.1422582249698004,1.0,0.16585204208433443,1.0,23.0,,0.7391304347826086,,,,,high_scatter,486.8290311425361,0.0319378506689684,0.4225260859477737,345.25820720607,0,0.8254364089775561,,0.8556701030927835,,1.0,167,0.06417083,2
null,1872821,5,4,confirmed_planet_host,7.353451150383462,bls,False,1,True,False,True,False,False,7.353451150383462,,1.0,,2.418116274852692,,1.0,,,,,0.42304371713366284,0.0,0.1539125657326743,0.5,0.0,1.0,0.1539125657326743,0.5,,,,,,,,high_scatter,486.8290311425361,0.0319378506689684,0.4225260859477737,345.25820720607,0,,0.9800498753117207,,0.9896907216494846,1.0,168,0.9485695,1
null,1872821,5,4,confirmed_planet_host,12.745248416138711,tcf,False,1,False,True,False,True,True,,12.745248416138711,,1.0,,6.344841408878558,,1.0,,,,0.0,0.7332335736634468,0.0,1.0,0.13338321316827662,2.0,0.1539125657326743,0.5,7.0,,0.7142857142857143,,,,,high_scatter,486.8290311425361,0.0319378506689684,0.4225260859477737,345.25820720607,0,0.7481296758104738,,0.711340206185567,,1.0,169,0.0080862995,2
null,1872821,5,5,confirmed_planet_host,10.723907969323108,bls,False,1,True,False,True,False,False,10.723907969323108,,1.0,,4.66906670673826,,1.0,,,,,0.1846108512284058,0.0,0.1846108512284058,1.0,0.0,1.0,0.1846108512284058,1.0,,,,,,,,high_scatter,486.8290311425361,0.0319378506689684,0.4225260859477737,345.25820720607,0,,0.10723192019950124,,0.17525773195876287,1.0,170,0.97300094,1
null,1872821,5,5,confirmed_planet_host,9.052684228076028,tcf,False,1,False,True,False,True,True,,9.052684228076028,,1.0,,6.705259203476901,,1.0,,,,0.0,0.1558409253443609,0.0,1.0,0.1558409253443609,1.0,0.1846108512284058,1.0,11.0,,0.8181818181818182,,,,,high_scatter,486.8290311425361,0.0319378506689684,0.4225260859477737,345.25820720607,0,0.45885286783042395,,0.422680412371134,,1.0,171,0.37346888,2
null,1872821,5,6,confirmed_planet_host,10.569856618872958,bls,False,1,True,False,True,False,False,10.569856618872958,,1.0,,4.510378673668189,,1.0,,,,,0.02287229123639838,0.0,0.02287229123639838,1.0,0.0,1.0,0.02287229123639838,1.0,,,,,,,,high_scatter,486.8290311425361,0.0319378506689684,0.4225260859477737,345.25820720607,0,,0.14463840399002495,,0.21649484536082475,1.0,172,0.98493516,1
null,1872821,5,6,confirmed_planet_host,10.81727242414138,tcf,False,1,False,True,False,True,True,,10.81727242414138,,1.0,,6.3931723119178,,1.0,,,,0.0,0.02340767847566169,0.0,1.0,0.02340767847566169,1.0,0.02287229123639838,1.0,9.0,,0.6666666666666666,,,,,high_scatter,486.8290311425361,0.0319378506689684,0.4225260859477737,345.25820720607,0,0.713216957605985,,0.6597938144329897,,1.0,173,0.06223198,2
null,1872821,5,7,confirmed_planet_host,5.500166722240747,bls,False,1,True,False,True,False,False,5.500166722240747,,1.0,,3.651843860521527,,1.0,,,,,0.6278791707085974,0.0,0.2557583414171949,0.5,0.0,1.0,0.2557583414171949,0.5,,,,,,,,high_scatter,486.8290311425361,0.0319378506689684,0.4225260859477737,345.25820720607,0,,0.4763092269326683,,0.5876288659793815,1.0,174,0.98573095,1
null,1872821,5,7,confirmed_planet_host,14.78059353117706,tcf,False,1,False,True,False,True,True,,14.78059353117706,,1.0,,6.941255430610111,,1.0,,,,0.0,1.6872991815701726,0.0,1.0,0.10423360614327569,3.0,0.2557583414171949,0.5,6.0,,0.8333333333333334,,,,,high_scatter,486.8290311425361,0.0319378506689684,0.4225260859477737,345.25820720607,0,0.314214463840399,,0.24742268041237114,,1.0,175,0.0032345718,2
null,1995519,5,0,confirmed_planet_host,14.127042347449152,bls,False,1,True,False,True,False,False,14.127042347449152,,1.0,,4.785113845207957,,1.0,,,,,0.03752924873350135,0.0,0.03752924873350135,1.0,0.0,1.0,0.03752924873350135,1.0,,,,,,,,high_scatter,816.8643991620489,0.0321536469572723,0.0371546236181325,779.8351591906599,1,,0.08728179551122195,,0.14432989690721648,1.0,176,0.95432657,1
null,1995519,5,0,confirmed_planet_host,14.67789263087696,tcf,False,1,False,True,False,True,True,,14.67789263087696,,1.0,,6.08788177380943,,1.0,,,,0.0,0.03899261217456973,0.0,1.0,0.03899261217456973,1.0,0.03752924873350135,1.0,7.0,,0.8571428571428571,,,,,high_scatter,816.8643991620489,0.0321536469572723,0.0371546236181325,779.8351591906599,1,0.9326683291770573,,0.9587628865979382,,1.0,177,0.010767971,2
null,1995519,5,1,confirmed_planet_host,6.732577525841948,bls,False,1,True,False,True,False,False,6.732577525841948,,1.0,,4.1565783918823085,,1.0,,,,,0.21328657705045773,0.0,0.21328657705045773,1.0,0.0,1.0,0.21328657705045773,1.0,,,,,,,,high_scatter,816.8643991620489,0.0321536469572723,0.0371546236181325,779.8351591906599,1,,0.26433915211970077,,0.35051546391752575,1.0,178,0.9378602,1
null,1995519,5,1,confirmed_planet_host,8.55785261753918,tcf,False,1,False,True,False,True,True,,8.55785261753918,,1.0,,6.201652584120174,,1.0,,,,0.0,0.27111089099103547,0.0,1.0,0.27111089099103547,1.0,0.21328657705045773,1.0,10.0,,0.9,,,,,high_scatter,816.8643991620489,0.0321536469572723,0.0371546236181325,779.8351591906599,1,0.8728179551122195,,0.9072164948453608,,1.0,179,0.1347489,2
null,1995519,5,2,confirmed_planet_host,6.023007669223075,bls,False,1,True,False,True,False,False,6.023007669223075,,1.0,,3.6294542055257617,,1.0,,,,,0.06786875554241809,0.0,0.06786875554241809,1.0,0.0,1.0,0.06786875554241809,1.0,,,,,,,,high_scatter,816.8643991620489,0.0321536469572723,0.0371546236181325,779.8351591906599,1,,0.4912718204488778,,0.6185567010309279,1.0,180,0.89455754,1
null,1995519,5,2,confirmed_planet_host,5.640213404468156,tcf,False,1,False,True,False,True,True,,5.640213404468156,,1.0,,5.982916237461461,,1.0,,,,0.0,0.06355533410839849,0.0,1.0,0.06355533410839849,1.0,0.06786875554241809,1.0,17.0,,0.6470588235294118,,,,,high_scatter,816.8643991620489,0.0321536469572723,0.0371546236181325,779.8351591906599,1,0.970074812967581,,0.9690721649484536,,1.0,181,0.062637165,2
null,1995519,5,3,confirmed_planet_host,6.592530843614538,bls,False,1,True,False,True,False,False,6.592530843614538,,1.0,,3.520549431913164,,1.0,,,,,0.6154097556989948,0.0,0.19229512215050262,2.0,0.0,1.0,0.19229512215050262,2.0,,,,,,,,high_scatter,816.8643991620489,0.0321536469572723,0.0371546236181325,779.8351591906599,1,,0.5635910224438903,,0.6804123711340206,1.0,182,0.9557464,1
null,1995519,5,3,confirmed_planet_host,4.081027009003002,tcf,False,1,False,True,False,True,True,,4.081027009003002,,1.0,,6.6581398618713425,,1.0,,,,0.0,0.380962015072581,0.0,1.0,0.2380759698548381,0.5,0.19229512215050262,2.0,23.0,,0.7391304347826086,,,,,high_scatter,816.8643991620489,0.0321536469572723,0.0371546236181325,779.8351591906599,1,0.49625935162094764,,0.4742268041237113,,1.0,183,0.007968563,2
null,1995519,5,4,confirmed_planet_host,8.058352784261421,bls,False,1,True,False,True,False,False,8.058352784261421,,1.0,,4.560882731979817,,1.0,,,,,3.2811337466784765,0.0,0.427044582226159,3.0,0.0,1.0,0.427044582226159,3.0,,,,,,,,high_scatter,816.8643991620489,0.0321536469572723,0.0371546236181325,779.8351591906599,1,,0.13216957605985039,,0.20618556701030927,1.0,184,0.9279797,1
null,1995519,5,4,confirmed_planet_host,1.8822940980326777,tcf,False,1,False,True,False,True,True,,1.8822940980326777,,1.0,,6.827853078474064,,1.0,,,,0.0,0.766417014937725,0.0,1.0,0.5328340298754499,0.5,0.427044582226159,3.0,48.0,,0.7083333333333334,,,,,high_scatter,816.8643991620489,0.0321536469572723,0.0371546236181325,779.8351591906599,1,0.3790523690773067,,0.32989690721649484,,1.0,185,0.013676395,2
null,1995519,5,5,confirmed_planet_host,3.492830943647883,bls,False,1,True,False,True,False,False,3.492830943647883,,1.0,,5.211061867540018,,1.0,,,,,0.2868813397780651,0.0,0.2868813397780651,1.0,0.0,1.0,0.2868813397780651,1.0,,,,,,,,high_scatter,816.8643991620489,0.0321536469572723,0.0371546236181325,779.8351591906599,1,,0.032418952618453865,,0.041237113402061855,1.0,186,0.98814607,1
null,1995519,5,5,confirmed_planet_host,4.897965988662888,tcf,False,1,False,True,False,True,True,,4.897965988662888,,1.0,,6.807225178388395,,1.0,,,,0.0,0.40229116945107385,0.0,1.0,0.2988544152744631,2.0,0.2868813397780651,1.0,17.0,,0.7058823529411765,,,,,high_scatter,816.8643991620489,0.0321536469572723,0.0371546236181325,779.8351591906599,1,0.3915211970074813,,0.35051546391752575,,1.0,187,0.0047801062,2
null,1995519,5,6,confirmed_planet_host,8.791263754584861,bls,False,1,True,False,True,False,False,8.791263754584861,,1.0,,4.152967799799556,,1.0,,,,,0.37841794322162375,0.0,0.3107910283891881,2.0,0.0,1.0,0.3107910283891881,2.0,,,,,,,,high_scatter,816.8643991620489,0.0321536469572723,0.0371546236181325,779.8351591906599,1,,0.26683291770573564,,0.36082474226804123,1.0,188,0.96068275,1
null,1995519,5,6,confirmed_planet_host,6.377792597532511,tcf,False,1,False,True,False,True,True,,6.377792597532511,,1.0,,6.5904250491695455,,1.0,,,,0.0,0.27453062772615205,0.0,1.0,0.27453062772615205,1.0,0.3107910283891881,2.0,15.0,,0.7333333333333333,,,,,high_scatter,816.8643991620489,0.0321536469572723,0.0371546236181325,779.8351591906599,1,0.5536159600997507,,0.5257731958762887,,1.0,189,0.05794463,2
null,1995519,5,7,confirmed_planet_host,3.9363121040346782,bls,False,1,True,False,True,False,False,3.9363121040346782,,1.0,,4.353998621316554,,1.0,,,,,0.723010863699289,0.0,0.44602172739857815,0.5,0.0,1.0,0.44602172739857815,0.5,,,,,,,,high_scatter,816.8643991620489,0.0321536469572723,0.0371546236181325,779.8351591906599,1,,0.18703241895261846,,0.25773195876288657,1.0,190,0.99298793,1
null,1995519,5,7,confirmed_planet_host,14.211070356785596,tcf,False,1,False,True,False,True,True,,14.211070356785596,,1.0,,6.263892606279191,,1.0,,,,0.0,2.6102498941126644,0.0,1.0,0.20341663137088817,3.0,0.44602172739857815,0.5,7.0,,0.7142857142857143,,,,,high_scatter,816.8643991620489,0.0321536469572723,0.0371546236181325,779.8351591906599,1,0.8129675810473815,,0.8247422680412371,,1.0,191,0.00034266582,2
null,1996180,5,0,confirmed_planet_host,5.010003334444815,bls,False,1,True,False,True,False,False,5.010003334444815,,1.0,,3.3334466207999114,,1.0,,,,,0.39748165376749406,0.0,0.20503669246501183,0.5,0.0,1.0,0.20503669246501183,0.5,,,,,,,,lowest_scatter,273.220004242054,0.0321536469572723,0.3705671406453277,209.36529953610523,1,,0.6658354114713217,,0.6952380952380952,1.0,192,0.93157506,1
null,1996180,5,0,confirmed_planet_host,8.31510503501167,tcf,False,1,False,True,False,True,True,,8.31510503501167,,1.0,,6.850125659822576,,1.0,,,,0.0,0.6597004991680532,0.0,1.0,0.17014975041597338,2.0,0.20503669246501183,0.5,12.0,,0.9166666666666666,,,,,lowest_scatter,273.220004242054,0.0321536469572723,0.3705671406453277,209.36529953610523,1,0.371571072319202,,0.47619047619047616,,1.0,193,0.06555445,2
null,1996180,5,1,confirmed_planet_host,5.1593864621540515,bls,False,1,True,False,True,False,False,5.1593864621540515,,1.0,,4.403203376661679,,1.0,,,,,0.4712435498752692,0.0,0.05751290024946165,0.5,0.0,1.0,0.05751290024946165,0.5,,,,,,,,lowest_scatter,273.220004242054,0.0321536469572723,0.3705671406453277,209.36529953610523,1,,0.1770573566084788,,0.19047619047619047,1.0,194,0.96081275,1
null,1996180,5,1,confirmed_planet_host,9.757585861953986,tcf,False,1,False,True,False,True,True,,9.757585861953986,,1.0,,6.469600229135481,,1.0,,,,0.0,0.8912298843146128,0.0,1.0,0.05438505784269361,2.0,0.05751290024946165,0.5,7.0,,0.8571428571428571,,,,,lowest_scatter,273.220004242054,0.0321536469572723,0.3705671406453277,209.36529953610523,1,0.6533665835411472,,0.7238095238095238,,1.0,195,0.002876687,2
null,1996180,5,2,confirmed_planet_host,8.119039679893298,bls,False,1,True,False,True,False,False,8.119039679893298,,1.0,,3.1406983339323657,,1.0,,,,,2.8803187250996016,0.0,0.2934395750332004,3.0,0.0,1.0,0.2934395750332004,3.0,,,,,,,,lowest_scatter,273.220004242054,0.0321536469572723,0.3705671406453277,209.36529953610523,1,,0.7481296758104738,,0.7714285714285715,1.0,196,0.66600835,1
null,1996180,5,2,confirmed_planet_host,2.0923641213737914,tcf,False,1,False,True,False,True,True,,2.0923641213737914,,1.0,,7.563242039197787,,1.0,,,,0.0,0.7422892110558956,0.0,1.0,0.48457842211179103,0.5,0.2934395750332004,3.0,42.0,,0.6666666666666666,,,,,lowest_scatter,273.220004242054,0.0321536469572723,0.3705671406453277,209.36529953610523,1,0.1371571072319202,,0.2,,1.0,197,0.04708389,2
null,1996180,5,3,confirmed_planet_host,6.443147715905302,bls,False,1,True,False,True,False,False,6.443147715905302,,1.0,,3.4508489941594416,,1.0,,,,,0.5187896899514381,0.0,0.037579379902876395,0.5,0.0,1.0,0.037579379902876395,0.5,,,,,,,,lowest_scatter,273.220004242054,0.0321536469572723,0.3705671406453277,209.36529953610523,1,,0.6059850374064838,,0.6190476190476191,1.0,198,0.9854624,1
null,1996180,5,3,confirmed_planet_host,13.389463154384796,tcf,False,1,False,True,False,True,True,,13.389463154384796,,1.0,,7.299051127143032,,1.0,,,,0.0,1.0780934637478654,0.0,1.0,0.039046731873932664,2.0,0.037579379902876395,0.5,7.0,,0.7142857142857143,,,,,lowest_scatter,273.220004242054,0.0321536469572723,0.3705671406453277,209.36529953610523,1,0.19201995012468828,,0.3047619047619048,,1.0,199,0.0005667439,2
null,1996180,5,4,confirmed_planet_host,14.864621540513506,bls,False,1,True,False,True,False,False,14.864621540513506,,1.0,,4.088246215382133,,1.0,,,,,0.3783198837460965,0.0,0.31084005812695176,2.0,0.0,1.0,0.31084005812695176,2.0,,,,,,,,lowest_scatter,273.220004242054,0.0321536469572723,0.3705671406453277,209.36529953610523,1,,0.2817955112219451,,0.26666666666666666,1.0,200,0.95448023,1
null,1996180,5,4,confirmed_planet_host,10.784594864954986,tcf,False,1,False,True,False,True,True,,10.784594864954986,,1.0,,7.2455353879152415,,1.0,,,,0.0,0.2744790147827452,0.0,1.0,0.2744790147827452,1.0,0.31084005812695176,2.0,9.0,,0.6666666666666666,,,,,lowest_scatter,273.220004242054,0.0321536469572723,0.3705671406453277,209.36529953610523,1,0.20698254364089774,,0.3523809523809524,,1.0,201,0.17654586,2
null,1996180,5,5,confirmed_planet_host,5.896965655218406,bls,False,1,True,False,True,False,False,5.896965655218406,,1.0,,2.7929905754279782,,1.0,,,,,0.40194785431672925,0.0,0.19610429136654145,0.5,0.0,1.0,0.19610429136654145,0.5,,,,,,,,lowest_scatter,273.220004242054,0.0321536469572723,0.3705671406453277,209.36529953610523,1,,0.9102244389027432,,0.9428571428571428,1.0,202,0.93157506,1
null,1996180,5,5,confirmed_planet_host,9.860286762254086,tcf,False,1,False,True,False,True,True,,9.860286762254086,,1.0,,6.400406195803175,,1.0,,,,0.0,0.672094995759118,0.0,1.0,0.163952502120441,2.0,0.19610429136654145,0.5,9.0,,0.6666666666666666,,,,,lowest_scatter,273.220004242054,0.0321536469572723,0.3705671406453277,209.36529953610523,1,0.7032418952618454,,0.7904761904761904,,1.0,203,0.014498857,2
null,1996180,5,6,confirmed_planet_host,7.6382127375791935,bls,False,1,True,False,True,False,False,7.6382127375791935,,1.0,,3.432981320584783,,1.0,,,,,0.4891961199687814,0.0,0.02160776006243729,0.5,0.0,1.0,0.02160776006243729,0.5,,,,,,,,lowest_scatter,273.220004242054,0.0321536469572723,0.3705671406453277,209.36529953610523,1,,0.6184538653366584,,0.6571428571428571,1.0,204,0.97690123,1
null,1996180,5,6,confirmed_planet_host,14.953317772590864,tcf,False,1,False,True,False,True,True,,14.953317772590864,,1.0,,6.7715972814336425,,1.0,,,,0.0,0.9576985201030253,0.0,1.0,0.02115073994848737,2.0,0.02160776006243729,0.5,5.0,,0.8,,,,,lowest_scatter,273.220004242054,0.0321536469572723,0.3705671406453277,209.36529953610523,1,0.4114713216957606,,0.5047619047619047,,1.0,205,0.0012111975,2
null,1996180,5,7,confirmed_planet_host,1.401467155718573,bls,False,1,True,False,True,False,False,1.401467155718573,,1.0,,3.0810919050984804,,1.0,,,,,0.9047910295616718,0.0,0.8095820591233435,0.5,0.0,1.0,0.8095820591233435,0.5,,,,,,,,lowest_scatter,273.220004242054,0.0321536469572723,0.3705671406453277,209.36529953610523,1,,0.7780548628428927,,0.819047619047619,1.0,206,0.9758406,1
null,1996180,5,7,confirmed_planet_host,14.719906635545184,tcf,False,1,False,True,False,True,True,,14.719906635545184,,1.0,,7.1839454122078354,,1.0,,,,0.0,9.503211991434691,0.0,1.0,2.5010706638115634,3.0,0.8095820591233435,0.5,6.0,,0.8333333333333334,,,,,lowest_scatter,273.220004242054,0.0321536469572723,0.3705671406453277,209.36529953610523,1,0.23192019950124687,,0.38095238095238093,,1.0,207,0.003450074,2
null,2142522,5,0,confirmed_planet_host,4.491830610203401,bls,False,1,True,False,True,False,False,4.491830610203401,,1.0,,3.9756483920004007,,1.0,,,,,0.6498765432098765,0.0,0.2997530864197532,0.5,0.0,1.0,0.2997530864197532,0.5,,,,,,,,low_scatter,422.3672572265974,0.0321536469572723,0.849836352904928,117.6490993750662,1,,0.3192019950124688,,0.4639175257731959,1.0,208,0.99294525,1
null,2142522,5,0,confirmed_planet_host,12.82927642547516,tcf,False,1,False,True,False,True,True,,12.82927642547516,,1.0,,6.531369785285221,,1.0,,,,0.0,1.8561354019746124,0.0,1.0,0.047954866008462514,3.0,0.2997530864197532,0.5,6.0,,0.8333333333333334,,,,,low_scatter,422.3672572265974,0.0321536469572723,0.849836352904928,117.6490993750662,1,0.6059850374064838,,0.5463917525773195,,1.0,209,0.00093169947,2
null,2142522,5,1,confirmed_planet_host,14.547182394131378,bls,False,1,True,False,True,False,False,14.547182394131378,,1.0,,3.484866205640568,,1.0,,,,,0.11723731721683014,0.0,0.11723731721683014,1.0,0.0,1.0,0.11723731721683014,1.0,,,,,,,,low_scatter,422.3672572265974,0.0321536469572723,0.849836352904928,117.6490993750662,1,,0.5785536159600998,,0.7731958762886598,1.0,210,0.969999,1
null,2142522,5,1,confirmed_planet_host,13.020673557852618,tcf,False,1,False,True,False,True,True,,13.020673557852618,,1.0,,6.846836926579596,,1.0,,,,0.0,0.10493501730579688,0.0,1.0,0.10493501730579688,1.0,0.11723731721683014,1.0,5.0,,0.6,,,,,low_scatter,422.3672572265974,0.0321536469572723,0.849836352904928,117.6490993750662,1,0.3740648379052369,,0.30927835051546393,,1.0,211,0.05636374,2
null,2142522,5,2,confirmed_planet_host,6.116372124041347,bls,False,1,True,False,True,False,False,6.116372124041347,,1.0,,3.533979099911948,,1.0,,,,,0.29642131103524993,0.0,0.29642131103524993,1.0,0.0,1.0,0.29642131103524993,1.0,,,,,,,,low_scatter,422.3672572265974,0.0321536469572723,0.849836352904928,117.6490993750662,1,,0.5561097256857855,,0.7525773195876289,1.0,212,0.9888254,1
null,2142522,5,2,confirmed_planet_host,8.693231077025676,tcf,False,1,False,True,False,True,True,,8.693231077025676,,1.0,,6.902065133573958,,1.0,,,,0.0,0.4213051300223519,0.0,1.0,0.28934743498882404,2.0,0.29642131103524993,1.0,10.0,,0.9,,,,,low_scatter,422.3672572265974,0.0321536469572723,0.849836352904928,117.6490993750662,1,0.34663341645885287,,0.28865979381443296,,1.0,213,0.03358798,2
null,2142522,5,3,confirmed_planet_host,14.4864954984995,bls,False,1,True,False,True,False,False,14.4864954984995,,1.0,,3.0696288882968203,,1.0,,,,,0.01938102724137111,0.0,0.01938102724137111,1.0,0.0,1.0,0.01938102724137111,1.0,,,,,,,,low_scatter,422.3672572265974,0.0321536469572723,0.849836352904928,117.6490993750662,1,,0.7855361596009975,,0.9381443298969072,1.0,214,0.9672656,1
null,2142522,5,3,confirmed_planet_host,14.211070356785596,tcf,False,1,False,True,False,True,True,,14.211070356785596,,1.0,,6.804787373310777,,1.0,,,,0.0,0.019012544596616304,0.0,1.0,0.019012544596616304,1.0,0.01938102724137111,1.0,5.0,,0.8,,,,,low_scatter,422.3672572265974,0.0321536469572723,0.849836352904928,117.6490993750662,1,0.39650872817955113,,0.3402061855670103,,1.0,215,0.22646354,2
null,2142522,5,4,confirmed_planet_host,11.442814271423808,bls,False,1,True,False,True,False,False,11.442814271423808,,1.0,,4.233928866918596,,1.0,,,,,0.4391696372405116,0.0,0.2804151813797442,2.0,0.0,1.0,0.2804151813797442,2.0,,,,,,,,low_scatter,422.3672572265974,0.0321536469572723,0.849836352904928,117.6490993750662,1,,0.22942643391521197,,0.32989690721649484,1.0,216,0.94948256,1
null,2142522,5,4,confirmed_planet_host,7.950983661220407,tcf,False,1,False,True,False,True,True,,7.950983661220407,,1.0,,6.613389512653333,,1.0,,,,0.0,0.3051548795057843,0.0,1.0,0.3051548795057843,1.0,0.2804151813797442,2.0,11.0,,0.7272727272727273,,,,,low_scatter,422.3672572265974,0.0321536469572723,0.849836352904928,117.6490993750662,1,0.5211970074812967,,0.4948453608247423,,1.0,217,0.27974957,2
null,2142522,5,5,confirmed_planet_host,3.4368122707569193,bls,False,1,True,False,True,False,False,3.4368122707569193,,1.0,,3.8859474587147367,,1.0,,,,,0.7517163298243924,0.0,0.5034326596487847,0.5,0.0,1.0,0.5034326596487847,0.5,,,,,,,,low_scatter,422.3672572265974,0.0321536469572723,0.849836352904928,117.6490993750662,1,,0.3541147132169576,,0.5257731958762887,1.0,218,0.9888521,1
null,2142522,5,5,confirmed_planet_host,13.842280760253418,tcf,False,1,False,True,False,True,True,,13.842280760253418,,1.0,,6.329745647379591,,1.0,,,,0.0,3.0276511108955075,0.0,1.0,0.3425503702985025,3.0,0.5034326596487847,0.5,7.0,,0.7142857142857143,,,,,low_scatter,422.3672572265974,0.0321536469572723,0.849836352904928,117.6490993750662,1,0.7630922693266833,,0.7422680412371134,,1.0,219,0.0021471025,2
null,2142522,5,6,confirmed_planet_host,8.007002334111371,bls,False,1,True,False,True,False,False,8.007002334111371,,1.0,,3.212136730899757,,1.0,,,,,0.44958397322758836,0.0,0.10083205354482326,0.5,0.0,1.0,0.10083205354482326,0.5,,,,,,,,low_scatter,422.3672572265974,0.0321536469572723,0.849836352904928,117.6490993750662,1,,0.7206982543640897,,0.9175257731958762,1.0,220,0.9328976,1
null,2142522,5,6,confirmed_planet_host,14.547182394131378,tcf,False,1,False,True,False,True,True,,14.547182394131378,,1.0,,9.297165074905273,,1.0,,,,0.0,0.8168075625702743,0.0,1.0,0.09159621871486286,2.0,0.10083205354482326,0.5,3.0,,1.0,,,,,low_scatter,422.3672572265974,0.0321536469572723,0.849836352904928,117.6490993750662,1,0.06234413965087282,,0.05154639175257732,,1.0,221,0.014227273,2
null,2142522,5,7,confirmed_planet_host,9.986328776258754,bls,False,1,True,False,True,False,False,9.986328776258754,,1.0,,2.8396160228089364,,1.0,,,,,0.2721815839996112,0.0,0.2721815839996112,1.0,0.0,1.0,0.2721815839996112,1.0,,,,,,,,low_scatter,422.3672572265974,0.0321536469572723,0.849836352904928,117.6490993750662,1,,0.8927680798004988,,0.9896907216494846,1.0,222,0.98038656,1
null,2142522,5,7,confirmed_planet_host,13.720906968989665,tcf,False,1,False,True,False,True,True,,13.720906968989665,,1.0,,10.920277952287217,,1.0,,,,0.0,0.3739690807706435,0.0,1.0,0.31301545961467825,2.0,0.2721815839996112,1.0,4.0,,0.75,,,,,low_scatter,422.3672572265974,0.0321536469572723,0.849836352904928,117.6490993750662,1,0.034912718204488775,,0.030927835051546393,,1.0,223,0.010321214,2
null,2161536,5,0,confirmed_planet_host,13.020673557852618,bls,False,1,True,False,True,False,False,13.020673557852618,,1.0,,3.0302149211033065,,1.0,,,,,0.7257700976709244,0.0,0.13711495116453784,2.0,0.0,1.0,0.13711495116453784,2.0,,,,,,,,highest_scatter,1412.374593812632,0.0321536469572723,0.7550331653312861,570.7798591060216,1,,0.8079800498753117,,0.580952380952381,1.0,224,0.88736963,1
null,2161536,5,0,confirmed_planet_host,7.54484828276092,tcf,False,1,False,True,False,True,True,,7.54484828276092,,1.0,,6.686967092470417,,1.0,,,,0.0,0.4205485415759687,0.0,1.0,0.15890291684806254,0.5,0.13711495116453784,2.0,10.0,,0.7,,,,,highest_scatter,1412.374593812632,0.0321536469572723,0.7550331653312861,570.7798591060216,1,0.47880299251870323,,0.47619047619047616,,1.0,225,0.050965156,2
null,2161536,5,1,confirmed_planet_host,11.86762254084695,bls,False,1,True,False,True,False,False,11.86762254084695,,1.0,,2.8745055088621685,,1.0,,,,,0.16517721014237796,0.0,0.16517721014237796,1.0,0.0,1.0,0.16517721014237796,1.0,,,,,,,,highest_scatter,1412.374593812632,0.0321536469572723,0.7550331653312861,570.7798591060216,1,,0.8778054862842892,,0.7238095238095238,1.0,226,0.86035824,1
null,2161536,5,1,confirmed_planet_host,14.21573857952651,tcf,False,1,False,True,False,True,True,,14.21573857952651,,1.0,,6.446615912099566,,1.0,,,,0.0,0.19785900930010397,0.0,1.0,0.19785900930010397,1.0,0.16517721014237796,1.0,7.0,,0.7142857142857143,,,,,highest_scatter,1412.374593812632,0.0321536469572723,0.7550331653312861,570.7798591060216,1,0.6733167082294265,,0.6857142857142857,,1.0,227,0.029052356,2
null,2161536,5,2,confirmed_planet_host,12.390463487829278,bls,False,1,True,False,True,False,False,12.390463487829278,,1.0,,3.880121084613759,,1.0,,,,,0.25541403425791415,0.0,0.25541403425791415,1.0,0.0,1.0,0.25541403425791415,1.0,,,,,,,,highest_scatter,1412.374593812632,0.0321536469572723,0.7550331653312861,570.7798591060216,1,,0.35910224438902744,,0.17142857142857143,1.0,228,0.840161,1
null,2161536,5,2,confirmed_planet_host,9.869623207735913,tcf,False,1,False,True,False,True,True,,9.869623207735913,,1.0,,6.2970270506172294,,1.0,,,,0.0,0.20345003902150222,0.0,1.0,0.20345003902150222,1.0,0.25541403425791415,1.0,9.0,,0.6666666666666666,,,,,highest_scatter,1412.374593812632,0.0321536469572723,0.7550331653312861,570.7798591060216,1,0.7905236907730673,,0.7904761904761904,,1.0,229,0.06766933,2
null,2161536,5,3,confirmed_planet_host,12.95998666222074,bls,False,1,True,False,True,False,False,12.95998666222074,,1.0,,3.556569037651057,,1.0,,,,,0.1270697404668695,0.0,0.1270697404668695,1.0,0.0,1.0,0.1270697404668695,1.0,,,,,,,,highest_scatter,1412.374593812632,0.0321536469572723,0.7550331653312861,570.7798591060216,1,,0.5386533665835411,,0.2857142857142857,1.0,230,0.84571993,1
null,2161536,5,3,confirmed_planet_host,11.498832944314772,tcf,False,1,False,True,False,True,True,,11.498832944314772,,1.0,,6.308131147342006,,1.0,,,,0.0,0.11274345846090503,0.0,1.0,0.11274345846090503,1.0,0.1270697404668695,1.0,7.0,,0.7142857142857143,,,,,highest_scatter,1412.374593812632,0.0321536469572723,0.7550331653312861,570.7798591060216,1,0.7780548628428927,,0.780952380952381,,1.0,231,0.020354848,2
null,2161536,5,4,confirmed_planet_host,5.630876958986329,bls,False,1,True,False,True,False,False,5.630876958986329,,1.0,,3.413955789481556,,1.0,,,,,1.7843363561417975,0.0,0.07188788128606746,3.0,0.0,1.0,0.07188788128606746,3.0,,,,,,,,highest_scatter,1412.374593812632,0.0321536469572723,0.7550331653312861,570.7798591060216,1,,0.6309226932668329,,0.3238095238095238,1.0,232,0.42280272,1
null,2161536,5,4,confirmed_planet_host,2.0223407802600866,tcf,False,1,False,True,False,True,True,,2.0223407802600866,,1.0,,6.2622472444624115,,1.0,,,,0.0,0.6408479895777818,0.0,1.0,0.28169597915556355,0.5,0.07188788128606746,3.0,44.0,,0.7272727272727273,,,,,highest_scatter,1412.374593812632,0.0321536469572723,0.7550331653312861,570.7798591060216,1,0.8154613466334164,,0.8095238095238095,,1.0,233,0.034287702,2
null,2161536,5,5,confirmed_planet_host,6.975325108369457,bls,False,1,True,False,True,False,False,6.975325108369457,,1.0,,3.0489061968901265,,1.0,,,,,0.8487847989394607,0.0,0.07560760053026967,2.0,0.0,1.0,0.07560760053026967,2.0,,,,,,,,highest_scatter,1412.374593812632,0.0321536469572723,0.7550331653312861,570.7798591060216,1,,0.7955112219451371,,0.5428571428571428,1.0,234,0.8597401,1
null,2161536,5,5,confirmed_planet_host,3.7729243081027017,tcf,False,1,False,True,False,True,True,,3.7729243081027017,,1.0,,6.606129222772166,,1.0,,,,0.0,0.45910416367895207,0.0,1.0,0.08179167264209583,0.5,0.07560760053026967,2.0,25.0,,0.64,,,,,highest_scatter,1412.374593812632,0.0321536469572723,0.7550331653312861,570.7798591060216,1,0.5311720698254364,,0.5523809523809524,,1.0,235,0.0123125585,2
null,2161536,5,6,confirmed_planet_host,12.166388796265425,bls,False,1,True,False,True,False,False,12.166388796265425,,1.0,,2.865992500675771,,1.0,,,,,0.09324287382887235,0.0,0.09324287382887235,1.0,0.0,1.0,0.09324287382887235,1.0,,,,,,,,highest_scatter,1412.374593812632,0.0321536469572723,0.7550331653312861,570.7798591060216,1,,0.8827930174563591,,0.7428571428571429,1.0,236,0.84082144,1
null,2161536,5,6,confirmed_planet_host,13.417472490830278,tcf,False,1,False,True,False,True,True,,13.417472490830278,,1.0,,6.390907484722202,,1.0,,,,0.0,0.10283114533943578,0.0,1.0,0.10283114533943578,1.0,0.09324287382887235,1.0,7.0,,0.8571428571428571,,,,,highest_scatter,1412.374593812632,0.0321536469572723,0.7550331653312861,570.7798591060216,1,0.71571072319202,,0.7142857142857143,,1.0,237,0.042977404,2
null,2161536,5,7,confirmed_planet_host,8.483161053684562,bls,False,1,True,False,True,False,False,8.483161053684562,,1.0,,3.9384713327879046,,1.0,,,,,0.3794121234296867,0.0,0.24117575314062661,0.5,0.0,1.0,0.24117575314062661,0.5,,,,,,,,highest_scatter,1412.374593812632,0.0321536469572723,0.7550331653312861,570.7798591060216,1,,0.3341645885286783,,0.14285714285714285,1.0,238,0.82091933,1
null,2161536,5,7,confirmed_planet_host,13.669556518839617,tcf,False,1,False,True,False,True,True,,13.669556518839617,,1.0,,6.918743770257754,,1.0,,,,0.0,0.611375339019693,0.0,1.0,0.1943123304901535,2.0,0.24117575314062661,0.5,5.0,,1.0,,,,,highest_scatter,1412.374593812632,0.0321536469572723,0.7550331653312861,570.7798591060216,1,0.33915211970074816,,0.37142857142857144,,1.0,239,0.0150417825,2
null,2164169,5,0,confirmed_planet_host,13.403467822607537,both,True,2,True,True,True,True,True,13.403467822607537,13.408136045348453,1.0,1.0,5.160582841868222,6.929247610034271,1.0,1.0,0.0003481634378654406,0.0003481634378654406,1.0,0.0003481634378654406,0.0,0.0003481634378654406,1.0,0.0,1.0,0.0003481634378654406,1.0,8.0,,0.875,,,,,low_scatter,343.70698594756755,0.0319378506689684,0.0789860043072013,320.66252820598083,1,0.32169576059850374,0.04239401496259352,0.24742268041237114,0.05154639175257732,1.0,240,0.9815098,1
null,2164169,5,1,confirmed_planet_host,10.411137045681894,bls,False,1,True,False,True,False,False,10.411137045681894,,1.0,,4.502105393911104,,1.0,,,,,0.296731761155033,0.0,0.296731761155033,1.0,0.0,1.0,0.296731761155033,1.0,,,,,,,,low_scatter,343.70698594756755,0.0319378506689684,0.0789860043072013,320.66252820598083,1,,0.14713216957605985,,0.17525773195876287,1.0,241,0.99412316,1
null,2164169,5,1,confirmed_planet_host,14.803934644881627,tcf,False,1,False,True,False,True,True,,14.803934644881627,,1.0,,6.399419811507369,,1.0,,,,0.0,0.4219325497229606,0.0,1.0,0.28903372513851966,2.0,0.296731761155033,1.0,7.0,,0.8571428571428571,,,,,low_scatter,343.70698594756755,0.0319378506689684,0.0789860043072013,320.66252820598083,1,0.7082294264339152,,0.7010309278350515,,1.0,242,0.0071726325,2
null,2164169,5,2,confirmed_planet_host,9.89296432144048,bls,False,1,True,False,True,False,False,9.89296432144048,,1.0,,4.189822787234178,,1.0,,,,,0.16077843464486752,0.0,0.16077843464486752,1.0,0.0,1.0,0.16077843464486752,1.0,,,,,,,,low_scatter,343.70698594756755,0.0319378506689684,0.0789860043072013,320.66252820598083,1,,0.24189526184538654,,0.36082474226804123,1.0,243,0.9858636,1
null,2164169,5,2,confirmed_planet_host,11.788262754251418,tcf,False,1,False,True,False,True,True,,11.788262754251418,,1.0,,6.2419571731514605,,1.0,,,,0.0,0.19158043749368034,0.0,1.0,0.19158043749368034,1.0,0.16077843464486752,1.0,8.0,,1.0,,,,,low_scatter,343.70698594756755,0.0319378506689684,0.0789860043072013,320.66252820598083,1,0.8379052369077307,,0.8041237113402062,,1.0,244,0.24318816,2
null,2164169,5,3,confirmed_planet_host,10.966655551850618,bls,False,1,True,False,True,False,False,10.966655551850618,,1.0,,4.797955920050914,,1.0,,,,,0.5924563017479302,0.0,0.2037718491260349,2.0,0.0,1.0,0.2037718491260349,2.0,,,,,,,,low_scatter,343.70698594756755,0.0319378506689684,0.0789860043072013,320.66252820598083,1,,0.08478802992518704,,0.1134020618556701,1.0,245,0.9798916,1
null,2164169,5,3,confirmed_planet_host,6.8866288762920975,tcf,False,1,False,True,False,True,True,,6.8866288762920975,,1.0,,6.623691070374434,,1.0,,,,0.0,0.3720392836510688,0.0,1.0,0.25592143269786244,0.5,0.2037718491260349,2.0,14.0,,0.7857142857142857,,,,,low_scatter,343.70698594756755,0.0319378506689684,0.0789860043072013,320.66252820598083,1,0.513715710723192,,0.4845360824742268,,1.0,246,0.31649,2
null,2164169,5,4,confirmed_planet_host,14.747915971990665,bls,False,1,True,False,True,False,False,14.747915971990665,,1.0,,5.983956562712842,,1.0,,,,,0.08110288186551291,0.0,0.08110288186551291,1.0,0.0,1.0,0.08110288186551291,1.0,,,,,,,,low_scatter,343.70698594756755,0.0319378506689684,0.0789860043072013,320.66252820598083,1,,0.007481296758104738,,0.020618556701030927,1.0,247,0.9842998,1
null,2164169,5,4,confirmed_planet_host,13.641547182394133,tcf,False,1,False,True,False,True,True,,13.641547182394133,,1.0,,6.6971213720606535,,1.0,,,,0.0,0.07501865292002982,0.0,1.0,0.07501865292002982,1.0,0.08110288186551291,1.0,7.0,,1.0,,,,,low_scatter,343.70698594756755,0.0319378506689684,0.0789860043072013,320.66252820598083,1,0.4713216957605985,,0.4536082474226804,,1.0,248,0.32064173,2
null,2164169,5,5,confirmed_planet_host,2.974658219406469,bls,False,1,True,False,True,False,False,2.974658219406469,,1.0,,4.1887395164209655,,1.0,,,,,0.721644981122656,0.0,0.443289962245312,0.5,0.0,1.0,0.443289962245312,0.5,,,,,,,,low_scatter,343.70698594756755,0.0319378506689684,0.0789860043072013,320.66252820598083,1,,0.24438902743142144,,0.3711340206185567,1.0,249,0.9938267,1
null,2164169,5,5,confirmed_planet_host,10.6865621873958,tcf,False,1,False,True,False,True,True,,10.6865621873958,,1.0,,6.016233323284789,,1.0,,,,0.0,2.5925344692299075,0.0,1.0,0.19751148974330243,3.0,0.443289962245312,0.5,9.0,,0.7777777777777778,,,,,low_scatter,343.70698594756755,0.0319378506689684,0.0789860043072013,320.66252820598083,1,0.9650872817955112,,0.9690721649484536,,1.0,250,0.001484509,2
null,2164169,5,6,confirmed_planet_host,14.761920640213406,bls,False,1,True,False,True,False,False,14.761920640213406,,1.0,,3.5801069275474497,,1.0,,,,,0.9139250356664217,0.0,0.043037482166789175,2.0,0.0,1.0,0.043037482166789175,2.0,,,,,,,,low_scatter,343.70698594756755,0.0319378506689684,0.0789860043072013,320.66252820598083,1,,0.516209476309227,,0.6804123711340206,1.0,251,0.9698598,1
null,2164169,5,6,confirmed_planet_host,7.712904301433812,tcf,False,1,False,True,False,True,True,,7.712904301433812,,1.0,,6.768219257684285,,1.0,,,,0.0,0.4775134964197782,0.0,1.0,0.044973007160443654,0.5,0.043037482166789175,2.0,11.0,,0.8181818181818182,,,,,low_scatter,343.70698594756755,0.0319378506689684,0.0789860043072013,320.66252820598083,1,0.4164588528678304,,0.3711340206185567,,1.0,252,0.09950599,2
null,2164169,5,7,confirmed_planet_host,9.146048682894298,bls,False,1,True,False,True,False,False,9.146048682894298,,1.0,,4.164219166812326,,1.0,,,,,0.29902912621359207,0.0,0.29902912621359207,1.0,0.0,1.0,0.29902912621359207,1.0,,,,,,,,low_scatter,343.70698594756755,0.0319378506689684,0.0789860043072013,320.66252820598083,1,,0.2593516209476309,,0.38144329896907214,1.0,253,0.99412316,1
null,2164169,5,7,confirmed_planet_host,7.040680226742248,tcf,False,1,False,True,False,True,True,,7.040680226742248,,1.0,,6.799304422854011,,1.0,,,,0.0,0.23019431988041844,0.0,1.0,0.23019431988041844,1.0,0.29902912621359207,1.0,13.0,,0.6923076923076923,,,,,low_scatter,343.70698594756755,0.0319378506689684,0.0789860043072013,320.66252820598083,1,0.39900249376558605,,0.35051546391752575,,1.0,254,0.16858126,2
null,2165002,5,0,confirmed_planet_host,14.001000333444482,bls,False,1,True,False,True,False,False,14.001000333444482,,1.0,,2.6809991487234024,,1.0,,,,,0.6289327695232182,0.0,0.18553361523839088,2.0,0.0,1.0,0.18553361523839088,2.0,,,,,,,,highest_scatter,3911.167466024422,0.0319378506689684,0.9490952603224084,508.54516876191406,1,,0.9351620947630923,,0.8476190476190476,1.0,255,0.5336946,1
null,2165002,5,0,confirmed_planet_host,8.59519839946649,tcf,False,1,False,True,False,True,True,,8.59519839946649,,1.0,,7.099060891787848,,1.0,,,,0.0,0.3861011217223558,0.0,1.0,0.2277977565552884,0.5,0.18553361523839088,2.0,11.0,,0.9090909090909092,,,,,highest_scatter,3911.167466024422,0.0319378506689684,0.9490952603224084,508.54516876191406,1,0.2718204488778055,,0.29523809523809524,,1.0,256,0.2042739,2
null,2165002,5,1,confirmed_planet_host,7.99299766588863,bls,False,1,True,False,True,False,False,7.99299766588863,,1.0,,4.181956542468626,,1.0,,,,,0.3907175355209312,0.0,0.2185649289581376,0.5,0.0,1.0,0.2185649289581376,0.5,,,,,,,,highest_scatter,3911.167466024422,0.0319378506689684,0.9490952603224084,508.54516876191406,1,,0.2518703241895262,,0.10476190476190476,1.0,257,0.49128726,1
null,2165002,5,1,confirmed_planet_host,13.118706235411803,tcf,False,1,False,True,False,True,True,,13.118706235411803,,1.0,,6.197176410318524,,1.0,,,,0.0,0.6412748738058485,0.0,1.0,0.17936256309707577,2.0,0.2185649289581376,0.5,7.0,,0.7142857142857143,,,,,highest_scatter,3911.167466024422,0.0319378506689684,0.9490952603224084,508.54516876191406,1,0.8778054862842892,,0.9047619047619048,,1.0,258,0.0066013504,2
null,2165002,5,2,confirmed_planet_host,10.000333444481496,bls,False,1,True,False,True,False,False,10.000333444481496,,1.0,,2.845100062251165,,1.0,,,,,0.18733916623777683,0.0,0.18733916623777683,1.0,0.0,1.0,0.18733916623777683,1.0,,,,,,,,highest_scatter,3911.167466024422,0.0319378506689684,0.9490952603224084,508.54516876191406,1,,0.8902743142144638,,0.7619047619047619,1.0,259,0.5445178,1
null,2165002,5,2,confirmed_planet_host,8.422474158052685,tcf,False,1,False,True,False,True,True,,8.422474158052685,,1.0,,6.610866887644359,,1.0,,,,0.0,0.15778066753359354,0.0,1.0,0.15778066753359354,1.0,0.18733916623777683,1.0,11.0,,0.8181818181818182,,,,,highest_scatter,3911.167466024422,0.0319378506689684,0.9490952603224084,508.54516876191406,1,0.5286783042394015,,0.5428571428571428,,1.0,260,0.20511653,2
null,2165002,5,3,confirmed_planet_host,12.89463154384795,bls,False,1,True,False,True,False,False,12.89463154384795,,1.0,,3.1273763427756123,,1.0,,,,,0.13416026688758034,0.0,0.13416026688758034,1.0,0.0,1.0,0.13416026688758034,1.0,,,,,,,,highest_scatter,3911.167466024422,0.0319378506689684,0.9490952603224084,508.54516876191406,1,,0.7531172069825436,,0.47619047619047616,1.0,261,0.5933718,1
null,2165002,5,3,confirmed_planet_host,14.892630876958988,tcf,False,1,False,True,False,True,True,,14.892630876958988,,1.0,,7.143630788686985,,1.0,,,,0.0,0.1549481523622353,0.0,1.0,0.1549481523622353,1.0,0.13416026688758034,1.0,7.0,,1.0,,,,,highest_scatter,3911.167466024422,0.0319378506689684,0.9490952603224084,508.54516876191406,1,0.2593516209476309,,0.2761904761904762,,1.0,262,0.100194745,2
null,2165002,5,4,confirmed_planet_host,2.52650883627876,bls,False,1,True,False,True,False,False,2.52650883627876,,1.0,,4.594638821717816,,1.0,,,,,0.5961733198315834,0.0,0.19234663966316673,0.5,0.0,1.0,0.19234663966316673,0.5,,,,,,,,highest_scatter,3911.167466024422,0.0319378506689684,0.9490952603224084,508.54516876191406,1,,0.12219451371571072,,0.0380952380952381,1.0,263,0.68481904,1
null,2165002,5,4,confirmed_planet_host,6.256418806268757,tcf,False,1,False,True,False,True,True,,6.256418806268757,,1.0,,7.217446761592944,,1.0,,,,0.0,1.4763098851788303,0.0,1.0,0.17456337160705665,3.0,0.19234663966316673,0.5,15.0,,0.7333333333333333,,,,,highest_scatter,3911.167466024422,0.0319378506689684,0.9490952603224084,508.54516876191406,1,0.2144638403990025,,0.22857142857142856,,1.0,264,0.0035676921,2
null,2165002,5,5,confirmed_planet_host,9.911637212404136,bls,False,1,True,False,True,False,False,9.911637212404136,,1.0,,3.1878047037881148,,1.0,,,,,0.06475159676556644,0.0,0.06475159676556644,1.0,0.0,1.0,0.06475159676556644,1.0,,,,,,,,highest_scatter,3911.167466024422,0.0319378506689684,0.9490952603224084,508.54516876191406,1,,0.7331670822942643,,0.45714285714285713,1.0,265,0.49979475,1
null,2165002,5,5,confirmed_planet_host,10.59786595531844,tcf,False,1,False,True,False,True,True,,10.59786595531844,,1.0,,6.82378194305435,,1.0,,,,0.0,0.06923465096719926,0.0,1.0,0.06923465096719926,1.0,0.06475159676556644,1.0,9.0,,0.8888888888888888,,,,,highest_scatter,3911.167466024422,0.0319378506689684,0.9490952603224084,508.54516876191406,1,0.38154613466334164,,0.4095238095238095,,1.0,266,0.31504506,2
null,2165002,5,6,confirmed_planet_host,7.8109369789929985,bls,False,1,True,False,True,False,False,7.8109369789929985,,1.0,,2.967910173926372,,1.0,,,,,0.32591867859917706,0.0,0.32591867859917706,1.0,0.0,1.0,0.32591867859917706,1.0,,,,,,,,highest_scatter,3911.167466024422,0.0319378506689684,0.9490952603224084,508.54516876191406,1,,0.8403990024937655,,0.638095238095238,1.0,267,0.8135591,1
null,2165002,5,6,confirmed_planet_host,11.587529176392133,tcf,False,1,False,True,False,True,True,,11.587529176392133,,1.0,,7.050293964635929,,1.0,,,,0.0,0.48350053361792966,0.0,1.0,0.25824973319103517,2.0,0.32591867859917706,1.0,8.0,,1.0,,,,,highest_scatter,3911.167466024422,0.0319378506689684,0.9490952603224084,508.54516876191406,1,0.286783042394015,,0.3142857142857143,,1.0,268,0.009185236,2
null,2165002,5,7,confirmed_planet_host,6.825941980660221,bls,False,1,True,False,True,False,False,6.825941980660221,,1.0,,3.0520963261126663,,1.0,,,,,0.2776385899290728,0.0,0.2776385899290728,1.0,0.0,1.0,0.2776385899290728,1.0,,,,,,,,highest_scatter,3911.167466024422,0.0319378506689684,0.9490952603224084,508.54516876191406,1,,0.7930174563591023,,0.5333333333333333,1.0,269,0.8079177,1
null,2165002,5,7,confirmed_planet_host,9.449483161053683,tcf,False,1,False,True,False,True,True,,9.449483161053683,,1.0,,8.11990028721937,,1.0,,,,0.0,0.38434859068926736,0.0,1.0,0.3078257046553663,2.0,0.2776385899290728,1.0,9.0,,0.8888888888888888,,,,,highest_scatter,3911.167466024422,0.0319378506689684,0.9490952603224084,508.54516876191406,1,0.09226932668329177,,0.1619047619047619,,1.0,270,0.03670826,2
null,2302548,5,0,confirmed_planet_host,2.6432144048016006,bls,False,1,True,False,True,False,False,2.6432144048016006,,1.0,,2.8884302546828886,,1.0,,,,,0.7765720567096028,0.0,0.5531441134192057,0.5,0.0,1.0,0.5531441134192057,0.5,,,,,,,,highest_scatter,3555.9199577177724,0.0321536469572723,0.9944962467635508,190.5590688225889,1,,0.8728179551122195,,0.7047619047619048,1.0,271,0.8393083,1
null,2302548,5,0,confirmed_planet_host,11.83027675891964,tcf,False,1,False,True,False,True,True,,11.83027675891964,,1.0,,13.499965883120208,,1.0,,,,0.0,3.4757159076573734,0.0,1.0,0.49190530255245773,3.0,0.5531441134192057,0.5,6.0,,1.0,,,,,highest_scatter,3555.9199577177724,0.0321536469572723,0.9944962467635508,190.5590688225889,1,0.032418952618453865,,0.0761904761904762,,1.0,272,0.0043354975,2
null,2302548,5,1,confirmed_planet_host,13.296098699566524,bls,False,1,True,False,True,False,False,13.296098699566524,,1.0,,4.485038518625217,,1.0,,,,,1.3711125646667068,0.0,0.18555628233335336,2.0,0.0,1.0,0.18555628233335336,2.0,,,,,,,,highest_scatter,3555.9199577177724,0.0321536469572723,0.9944962467635508,190.5590688225889,1,,0.15211970074812967,,0.0761904761904762,1.0,273,0.07249951,2
null,2302548,5,1,confirmed_planet_host,5.6075358452817605,tcf,False,1,False,True,False,True,True,,5.6075358452817605,,1.0,,6.4306012092685725,,1.0,,,,0.0,0.5782570532915361,0.0,1.0,0.15651410658307224,0.5,0.18555628233335336,2.0,17.0,,0.7058823529411765,,,,,highest_scatter,3555.9199577177724,0.0321536469572723,0.9944962467635508,190.5590688225889,1,0.683291770573566,,0.6952380952380952,,1.0,274,0.25788793,1
null,2302548,5,2,confirmed_planet_host,13.492164054684896,bls,False,1,True,False,True,False,False,13.492164054684896,,1.0,,4.675181478846935,,1.0,,,,,0.1810221534689586,0.0,0.1810221534689586,1.0,0.0,1.0,0.1810221534689586,1.0,,,,,,,,highest_scatter,3555.9199577177724,0.0321536469572723,0.9944962467635508,190.5590688225889,1,,0.10473815461346633,,0.02857142857142857,1.0,275,0.37813973,1
null,2302548,5,2,confirmed_planet_host,11.424141380460156,tcf,False,1,False,True,False,True,True,,11.424141380460156,,1.0,,8.793331630442692,,1.0,,,,0.0,0.15327583224180097,0.0,1.0,0.15327583224180097,1.0,0.1810221534689586,1.0,7.0,,0.8571428571428571,,,,,highest_scatter,3555.9199577177724,0.0321536469572723,0.9944962467635508,190.5590688225889,1,0.07231920199501247,,0.13333333333333333,,1.0,276,0.13773634,2
null,2302548,5,3,confirmed_planet_host,12.063687895965325,bls,False,1,True,False,True,False,False,12.063687895965325,,1.0,,3.2796382008230016,,1.0,,,,,0.023429697411396076,0.0,0.023429697411396076,1.0,0.0,1.0,0.023429697411396076,1.0,,,,,,,,highest_scatter,3555.9199577177724,0.0321536469572723,0.9944962467635508,190.5590688225889,1,,0.6907730673316709,,0.4095238095238095,1.0,277,0.5399784,1
null,2302548,5,3,confirmed_planet_host,12.353117705901967,tcf,False,1,False,True,False,True,True,,12.353117705901967,,1.0,,6.4798110048976225,,1.0,,,,0.0,0.023991818458221348,0.0,1.0,0.023991818458221348,1.0,0.023429697411396076,1.0,7.0,,0.7142857142857143,,,,,highest_scatter,3555.9199577177724,0.0321536469572723,0.9944962467635508,190.5590688225889,1,0.6433915211970075,,0.6761904761904762,,1.0,278,0.014224418,2
null,2302548,5,4,confirmed_planet_host,9.846282094031343,bls,False,1,True,False,True,False,False,9.846282094031343,,1.0,,4.560860197783408,,1.0,,,,,0.14197297689960786,0.0,0.14197297689960786,1.0,0.0,1.0,0.14197297689960786,1.0,,,,,,,,highest_scatter,3555.9199577177724,0.0321536469572723,0.9944962467635508,190.5590688225889,1,,0.13466334164588528,,0.06666666666666667,1.0,279,0.44064155,1
null,2302548,5,4,confirmed_planet_host,11.475491830610205,tcf,False,1,False,True,False,True,True,,11.475491830610205,,1.0,,6.505586881884629,,1.0,,,,0.0,0.16546445866775053,0.0,1.0,0.16546445866775053,1.0,0.14197297689960786,1.0,7.0,,0.8571428571428571,,,,,highest_scatter,3555.9199577177724,0.0321536469572723,0.9944962467635508,190.5590688225889,1,0.6209476309226932,,0.6571428571428571,,1.0,280,0.103632316,2
null,2302548,5,5,confirmed_planet_host,9.972324108036013,bls,False,1,True,False,True,False,False,9.972324108036013,,1.0,,3.453912476138985,,1.0,,,,,0.3276455115667365,0.0,0.3276455115667365,1.0,0.0,1.0,0.3276455115667365,1.0,,,,,,,,highest_scatter,3555.9199577177724,0.0321536469572723,0.9944962467635508,190.5590688225889,1,,0.6034912718204489,,0.3047619047619048,1.0,281,0.68264276,1
null,2302548,5,5,confirmed_planet_host,14.831943981327113,tcf,False,1,False,True,False,True,True,,14.831943981327113,,1.0,,7.149628194726275,,1.0,,,,0.0,0.48731066305547227,0.0,1.0,0.2563446684722639,2.0,0.3276455115667365,1.0,6.0,,0.8333333333333334,,,,,highest_scatter,3555.9199577177724,0.0321536469572723,0.9944962467635508,190.5590688225889,1,0.24937655860349128,,0.26666666666666666,,1.0,282,0.009485619,2
null,2302548,5,6,confirmed_planet_host,5.229409803267756,bls,False,1,True,False,True,False,False,5.229409803267756,,1.0,,3.620015483185741,,1.0,,,,,0.5901476545145694,0.0,0.18029530902913893,0.5,0.0,1.0,0.18029530902913893,0.5,,,,,,,,highest_scatter,3555.9199577177724,0.0321536469572723,0.9944962467635508,190.5590688225889,1,,0.4937655860349127,,0.2571428571428571,1.0,283,0.6432416,1
null,2302548,5,6,confirmed_planet_host,12.759253084361454,tcf,False,1,False,True,False,True,True,,12.759253084361454,,1.0,,6.184915745941425,,1.0,,,,0.0,1.4399030797679016,0.0,1.0,0.1866989734106994,3.0,0.18029530902913893,0.5,7.0,,1.0,,,,,highest_scatter,3555.9199577177724,0.0321536469572723,0.9944962467635508,190.5590688225889,1,0.885286783042394,,0.9142857142857143,,1.0,284,0.0031320192,2
null,2302548,5,7,confirmed_planet_host,12.259753251083696,bls,False,1,True,False,True,False,False,12.259753251083696,,1.0,,3.9274659376062857,,1.0,,,,,0.49794255449174996,0.0,0.251028722754125,2.0,0.0,1.0,0.251028722754125,2.0,,,,,,,,highest_scatter,3555.9199577177724,0.0321536469572723,0.9944962467635508,190.5590688225889,1,,0.341645885286783,,0.1523809523809524,1.0,285,0.15780026,2
null,2302548,5,7,confirmed_planet_host,8.184394798266089,tcf,False,1,False,True,False,True,True,,8.184394798266089,,1.0,,6.229005617270886,,1.0,,,,0.0,0.33241765713819466,0.0,1.0,0.33241765713819466,1.0,0.251028722754125,2.0,10.0,,0.7,,,,,highest_scatter,3555.9199577177724,0.0321536469572723,0.9944962467635508,190.5590688225889,1,0.8453865336658354,,0.8571428571428571,,1.0,286,0.2422599,1
null,2304320,5,0,confirmed_planet_host,9.888296098699568,bls,False,1,True,False,True,False,False,9.888296098699568,,1.0,,3.5700782478325963,,1.0,,,,,0.8163165308997367,0.0,0.09184173455013167,2.0,0.0,1.0,0.09184173455013167,2.0,,,,,,,,lowest_scatter,226.02026297123473,0.0321536469572723,0.5849591140687749,161.84559325439145,0,,0.5236907730673317,,0.5333333333333333,1.0,287,0.9583826,1
null,2304320,5,0,confirmed_planet_host,5.444148049349784,tcf,False,1,False,True,False,True,True,,5.444148049349784,,1.0,,6.102434482172256,,1.0,,,,0.0,0.4494351711347159,0.0,1.0,0.10112965773056819,0.5,0.09184173455013167,2.0,17.0,,0.8235294117647058,,,,,lowest_scatter,226.02026297123473,0.0321536469572723,0.5849591140687749,161.84559325439145,0,0.9276807980049875,,0.9238095238095239,,1.0,288,0.3059172,2
null,2304320,5,1,confirmed_planet_host,14.579859953317774,bls,False,1,True,False,True,False,False,14.579859953317774,,1.0,,3.846653114349933,,1.0,,,,,1.3567617096965447,0.0,0.1783808548482725,2.0,0.0,1.0,0.1783808548482725,2.0,,,,,,,,lowest_scatter,226.02026297123473,0.0321536469572723,0.5849591140687749,161.84559325439145,0,,0.3790523690773067,,0.3333333333333333,1.0,289,0.7557341,1
null,2304320,5,1,confirmed_planet_host,6.186395465155052,tcf,False,1,False,True,False,True,True,,6.186395465155052,,1.0,,6.4503209776504224,,1.0,,,,0.0,0.5756889651229273,0.0,1.0,0.15137793024585477,0.5,0.1783808548482725,2.0,15.0,,0.8666666666666667,,,,,lowest_scatter,226.02026297123473,0.0321536469572723,0.5849591140687749,161.84559325439145,0,0.6683291770573566,,0.7523809523809524,,1.0,290,0.42342624,2
null,2304320,5,2,confirmed_planet_host,9.141380460153384,bls,False,1,True,False,True,False,False,9.141380460153384,,1.0,,3.4505735704470273,,1.0,,,,,0.43226581683297605,0.0,0.283867091583512,2.0,0.0,1.0,0.283867091583512,2.0,,,,,,,,lowest_scatter,226.02026297123473,0.0321536469572723,0.5849591140687749,161.84559325439145,0,,0.6084788029925187,,0.6285714285714286,1.0,291,0.9440521,1
null,2304320,5,2,confirmed_planet_host,6.382460820273425,tcf,False,1,False,True,False,True,True,,6.382460820273425,,1.0,,6.210041719371893,,1.0,,,,0.0,0.30180558088637593,0.0,1.0,0.30180558088637593,1.0,0.283867091583512,2.0,14.0,,0.7857142857142857,,,,,lowest_scatter,226.02026297123473,0.0321536469572723,0.5849591140687749,161.84559325439145,0,0.8603491271820449,,0.8666666666666667,,1.0,292,0.39701742,2
null,2304320,5,3,confirmed_planet_host,14.374458152717574,bls,False,1,True,False,True,False,False,14.374458152717574,,1.0,,3.5517678571431643,,1.0,,,,,0.0687210253613309,0.0,0.0687210253613309,1.0,0.0,1.0,0.0687210253613309,1.0,,,,,,,,lowest_scatter,226.02026297123473,0.0321536469572723,0.5849591140687749,161.84559325439145,0,,0.5411471321695761,,0.5619047619047619,1.0,293,0.9664226,1
null,2304320,5,3,confirmed_planet_host,13.450150050016672,tcf,False,1,False,True,False,True,True,,13.450150050016672,,1.0,,6.521120265593166,,1.0,,,,0.0,0.06430211788721624,0.0,1.0,0.06430211788721624,1.0,0.0687210253613309,1.0,7.0,,0.7142857142857143,,,,,lowest_scatter,226.02026297123473,0.0321536469572723,0.5849591140687749,161.84559325439145,0,0.6084788029925187,,0.6857142857142857,,1.0,294,0.12490374,2
null,2304320,5,4,confirmed_planet_host,13.879626542180729,bls,False,1,True,False,True,False,False,13.879626542180729,,1.0,,2.8644353988009272,,1.0,,,,,0.21345071859604117,0.0,0.21345071859604117,1.0,0.0,1.0,0.21345071859604117,1.0,,,,,,,,lowest_scatter,226.02026297123473,0.0321536469572723,0.5849591140687749,161.84559325439145,0,,0.885286783042394,,0.9142857142857143,1.0,295,0.9489425,1
null,2304320,5,4,confirmed_planet_host,11.438146048682896,tcf,False,1,False,True,False,True,True,,11.438146048682896,,1.0,,6.390789906434318,,1.0,,,,0.0,0.17590390390390392,0.0,1.0,0.17590390390390392,1.0,0.21345071859604117,1.0,9.0,,1.0,,,,,lowest_scatter,226.02026297123473,0.0321536469572723,0.5849591140687749,161.84559325439145,0,0.7182044887780549,,0.8,,1.0,296,0.58994484,2
null,2304320,5,5,confirmed_planet_host,9.412137379126376,bls,False,1,True,False,True,False,False,9.412137379126376,,1.0,,4.019583427630269,,1.0,,,,,0.3209603310159012,0.0,0.3209603310159012,1.0,0.0,1.0,0.3209603310159012,1.0,,,,,,,,lowest_scatter,226.02026297123473,0.0321536469572723,0.5849591140687749,161.84559325439145,0,,0.2942643391521197,,0.2761904761904762,1.0,297,0.98995787,1
null,2304320,5,5,confirmed_planet_host,13.860953651217072,tcf,False,1,False,True,False,True,True,,13.860953651217072,,1.0,,6.5806723018517745,,1.0,,,,0.0,0.47266801289545457,0.0,1.0,0.2636659935522727,2.0,0.3209603310159012,1.0,7.0,,0.7142857142857143,,,,,lowest_scatter,226.02026297123473,0.0321536469572723,0.5849591140687749,161.84559325439145,0,0.5660847880299252,,0.6285714285714286,,1.0,298,0.0043834187,2
null,2304320,5,6,confirmed_planet_host,14.822607535845282,bls,False,1,True,False,True,False,False,14.822607535845282,,1.0,,4.563281127992768,,1.0,,,,,0.00532545702714194,0.0,0.00532545702714194,1.0,0.0,1.0,0.00532545702714194,1.0,,,,,,,,lowest_scatter,226.02026297123473,0.0321536469572723,0.5849591140687749,161.84559325439145,0,,0.12967581047381546,,0.14285714285714285,1.0,299,0.986853,1
null,2304320,5,6,confirmed_planet_host,14.901967322440814,tcf,False,1,False,True,False,True,True,,14.901967322440814,,1.0,,6.048828834076995,,1.0,,,,0.0,0.005353969360898037,0.0,1.0,0.005353969360898037,1.0,0.00532545702714194,1.0,7.0,,0.8571428571428571,,,,,lowest_scatter,226.02026297123473,0.0321536469572723,0.5849591140687749,161.84559325439145,0,0.9501246882793017,,0.9428571428571428,,1.0,300,0.72472453,2
null,2304320,5,7,confirmed_planet_host,13.949649883294432,bls,False,1,True,False,True,False,False,13.949649883294432,,1.0,,3.7897582121923343,,1.0,,,,,1.0325025506485934,0.0,0.016251275324296727,2.0,0.0,1.0,0.016251275324296727,2.0,,,,,,,,lowest_scatter,226.02026297123473,0.0321536469572723,0.5849591140687749,161.84559325439145,0,,0.4089775561097257,,0.37142857142857144,1.0,301,0.9807748,1
null,2304320,5,7,confirmed_planet_host,6.86328776258753,tcf,False,1,False,True,False,True,True,,6.86328776258753,,1.0,,5.883488978278984,,1.0,,,,0.0,0.5079956973825744,0.0,1.0,0.015991394765148777,0.5,0.016251275324296727,2.0,13.0,,0.6153846153846154,,,,,lowest_scatter,226.02026297123473,0.0321536469572723,0.5849591140687749,161.84559325439145,0,0.9900249376558603,,0.9904761904761905,,1.0,302,0.026908388,2
null,2307415,5,0,confirmed_planet_host,13.898299433144382,bls,False,1,True,False,True,False,False,13.898299433144382,,1.0,,3.2283125293620953,,1.0,,,,,0.006422793673789664,0.0,0.006422793673789664,1.0,0.0,1.0,0.006422793673789664,1.0,,,,,,,,lowest_scatter,172.96249416353436,0.0319378506689684,0.5031070980975872,118.67901618382976,0,,0.713216957605985,,0.7238095238095238,1.0,303,0.9708947,1
null,2307415,5,0,confirmed_planet_host,13.809603201067024,tcf,False,1,False,True,False,True,True,,13.809603201067024,,1.0,,7.172092687840916,,1.0,,,,0.0,0.00638180465919721,0.0,1.0,0.00638180465919721,1.0,0.006422793673789664,1.0,7.0,,0.8571428571428571,,,,,lowest_scatter,172.96249416353436,0.0319378506689684,0.5031070980975872,118.67901618382976,0,0.2344139650872818,,0.3904761904761905,,1.0,304,0.798963,2
null,2307415,5,1,confirmed_planet_host,7.4794931643881295,bls,False,1,True,False,True,False,False,7.4794931643881295,,1.0,,3.368348339970396,,1.0,,,,,0.4950815981992122,0.0,0.009836803601575624,0.5,0.0,1.0,0.009836803601575624,0.5,,,,,,,,lowest_scatter,172.96249416353436,0.0319378506689684,0.5031070980975872,118.67901618382976,0,,0.6483790523690773,,0.6761904761904762,1.0,305,0.9598237,1
null,2307415,5,1,confirmed_planet_host,14.813271090363456,tcf,False,1,False,True,False,True,True,,14.813271090363456,,1.0,,7.248478502327146,,1.0,,,,0.0,0.9805180330792208,0.0,1.0,0.009740983460389575,2.0,0.009836803601575624,0.5,6.0,,1.0,,,,,lowest_scatter,172.96249416353436,0.0319378506689684,0.5031070980975872,118.67901618382976,0,0.20199501246882792,,0.3333333333333333,,1.0,306,0.00085126096,2
null,2307415,5,2,confirmed_planet_host,9.206735578526176,bls,False,1,True,False,True,False,False,9.206735578526176,,1.0,,3.658555717807351,,1.0,,,,,0.782850132369084,0.0,0.108574933815458,2.0,0.0,1.0,0.108574933815458,2.0,,,,,,,,lowest_scatter,172.96249416353436,0.0319378506689684,0.5031070980975872,118.67901618382976,0,,0.4713216957605985,,0.4857142857142857,1.0,307,0.9583826,1
null,2307415,5,2,confirmed_planet_host,5.164054684894965,tcf,False,1,False,True,False,True,True,,5.164054684894965,,1.0,,5.9769789744749575,,1.0,,,,0.0,0.4391003585527508,0.0,1.0,0.12179928289449843,0.5,0.108574933815458,2.0,16.0,,0.75,,,,,lowest_scatter,172.96249416353436,0.0319378506689684,0.5031070980975872,118.67901618382976,0,0.9800498753117207,,0.9714285714285714,,1.0,308,0.07316275,2
null,2307415,5,3,confirmed_planet_host,5.038012670890297,bls,False,1,True,False,True,False,False,5.038012670890297,,1.0,,3.700284974699848,,1.0,,,,,0.2593990490662222,0.0,0.2593990490662222,1.0,0.0,1.0,0.2593990490662222,1.0,,,,,,,,lowest_scatter,172.96249416353436,0.0319378506689684,0.5031070980975872,118.67901618382976,0,,0.4513715710723192,,0.44761904761904764,1.0,309,0.99024135,1
null,2307415,5,3,confirmed_planet_host,6.802600866955652,tcf,False,1,False,True,False,True,True,,6.802600866955652,,1.0,,6.550054782598276,,1.0,,,,0.0,0.35025481501092054,0.0,1.0,0.3248725924945397,2.0,0.2593990490662222,1.0,14.0,,0.7857142857142857,,,,,lowest_scatter,172.96249416353436,0.0319378506689684,0.5031070980975872,118.67901618382976,0,0.5860349127182045,,0.6571428571428571,,1.0,310,0.06971287,2
null,2307415,5,4,confirmed_planet_host,9.799599866622208,bls,False,1,True,False,True,False,False,9.799599866622208,,1.0,,4.816882013315764,,1.0,,,,,0.1536157590069983,0.0,0.1536157590069983,1.0,0.0,1.0,0.1536157590069983,1.0,,,,,,,,lowest_scatter,172.96249416353436,0.0319378506689684,0.5031070980975872,118.67901618382976,0,,0.0773067331670823,,0.10476190476190476,1.0,311,0.97945946,1
null,2307415,5,4,confirmed_planet_host,11.578192730910304,tcf,False,1,False,True,False,True,True,,11.578192730910304,,1.0,,7.255464604575687,,1.0,,,,0.0,0.1814964782741843,0.0,1.0,0.1814964782741843,1.0,0.1536157590069983,1.0,9.0,,0.8888888888888888,,,,,lowest_scatter,172.96249416353436,0.0319378506689684,0.5031070980975872,118.67901618382976,0,0.1970074812967581,,0.3238095238095238,,1.0,312,0.44067574,2
null,2307415,5,5,confirmed_planet_host,7.311437145715239,bls,False,1,True,False,True,False,False,7.311437145715239,,1.0,,4.704294328933272,,1.0,,,,,0.47866092869540405,0.0,0.04267814260919187,0.5,0.0,1.0,0.04267814260919187,0.5,,,,,,,,lowest_scatter,172.96249416353436,0.0319378506689684,0.5031070980975872,118.67901618382976,0,,0.09725685785536159,,0.12380952380952381,1.0,313,0.96081275,1
null,2307415,5,5,confirmed_planet_host,14.02434144714905,tcf,False,1,False,True,False,True,True,,14.02434144714905,,1.0,,8.193038098123772,,1.0,,,,0.0,0.9181374561043462,0.0,1.0,0.040931271947826905,2.0,0.04267814260919187,0.5,7.0,,0.8571428571428571,,,,,lowest_scatter,172.96249416353436,0.0319378506689684,0.5031070980975872,118.67901618382976,0,0.08728179551122195,,0.10476190476190476,,1.0,314,0.0013206254,2
null,2307415,5,6,confirmed_planet_host,13.193397799266425,bls,False,1,True,False,True,False,False,13.193397799266425,,1.0,,3.522140401245625,,1.0,,,,,0.0147205908752854,0.0,0.0147205908752854,1.0,0.0,1.0,0.0147205908752854,1.0,,,,,,,,lowest_scatter,172.96249416353436,0.0319378506689684,0.5031070980975872,118.67901618382976,0,,0.5610972568578554,,0.5714285714285714,1.0,315,0.983527,1
null,2307415,5,6,confirmed_planet_host,13.002000666888964,tcf,False,1,False,True,False,True,True,,13.002000666888964,,1.0,,6.152213358338831,,1.0,,,,0.0,0.014507038693861135,0.0,1.0,0.014507038693861135,1.0,0.0147205908752854,1.0,7.0,,0.7142857142857143,,,,,lowest_scatter,172.96249416353436,0.0319378506689684,0.5031070980975872,118.67901618382976,0,0.9027431421446384,,0.9047619047619048,,1.0,316,0.22316127,2
null,2307415,5,7,confirmed_planet_host,5.579526508836279,bls,False,1,True,False,True,False,False,5.579526508836279,,1.0,,3.795714775762813,,1.0,,,,,0.5933558531191524,0.0,0.18671170623830471,0.5,0.0,1.0,0.18671170623830471,0.5,,,,,,,,lowest_scatter,172.96249416353436,0.0319378506689684,0.5031070980975872,118.67901618382976,0,,0.40399002493765584,,0.3619047619047619,1.0,317,0.97760177,1
null,2307415,5,7,confirmed_planet_host,13.720906968989665,tcf,False,1,False,True,False,True,True,,13.720906968989665,,1.0,,7.349058477563721,,1.0,,,,0.0,1.4591525727604135,0.0,1.0,0.18028247574652873,3.0,0.18671170623830471,0.5,6.0,,0.6666666666666666,,,,,lowest_scatter,172.96249416353436,0.0319378506689684,0.5031070980975872,118.67901618382976,0,0.1770573566084788,,0.26666666666666666,,1.0,318,0.0026072506,2
null,2438264,5,0,confirmed_planet_host,7.927642547515839,bls,False,1,True,False,True,False,False,7.927642547515839,,1.0,,2.949732856136203,,1.0,,,,,0.26839400560051696,0.0,0.26839400560051696,1.0,0.0,1.0,0.26839400560051696,1.0,,,,,,,,highest_scatter,1945.792123199032,0.0321536469572723,0.9831486886940024,223.33990248902808,1,,0.8453865336658354,,0.6476190476190476,1.0,319,0.92529255,1
null,2438264,5,0,confirmed_planet_host,10.835945315105036,tcf,False,1,False,True,False,True,True,,10.835945315105036,,1.0,,7.045845067962623,,1.0,,,,0.0,0.36685594111461617,0.0,1.0,0.3165720294426919,2.0,0.26839400560051696,1.0,6.0,,0.8333333333333334,,,,,highest_scatter,1945.792123199032,0.0321536469572723,0.9831486886940024,223.33990248902808,1,0.2892768079800499,,0.3238095238095238,,1.0,320,0.020643136,2
null,2438264,5,1,confirmed_planet_host,6.732577525841948,bls,False,1,True,False,True,False,False,6.732577525841948,,1.0,,2.216767350150874,,1.0,,,,,0.43778019101718046,0.0,0.12443961796563911,0.5,0.0,1.0,0.12443961796563911,0.5,,,,,,,,highest_scatter,1945.792123199032,0.0321536469572723,0.9831486886940024,223.33990248902808,1,,0.9975062344139651,,1.0,1.0,321,0.8755524,1
null,2438264,5,1,confirmed_planet_host,11.974991663887964,tcf,False,1,False,True,False,True,True,,11.974991663887964,,1.0,,7.393720553839659,,1.0,,,,0.0,0.7786637610816701,0.0,1.0,0.11066811945916491,2.0,0.12443961796563911,0.5,6.0,,1.0,,,,,highest_scatter,1945.792123199032,0.0321536469572723,0.9831486886940024,223.33990248902808,1,0.16458852867830423,,0.2,,1.0,322,0.007771835,2
null,2438264,5,2,confirmed_planet_host,10.831277092364122,bls,False,1,True,False,True,False,False,10.831277092364122,,1.0,,2.5072290664066266,,1.0,,,,,1.8184815618221257,0.0,0.06050614605929141,3.0,0.0,1.0,0.06050614605929141,3.0,,,,,,,,highest_scatter,1945.792123199032,0.0321536469572723,0.9831486886940024,223.33990248902808,1,,0.9650872817955112,,0.9238095238095239,1.0,323,0.26993796,1
null,2438264,5,2,confirmed_planet_host,3.8429476492164056,tcf,False,1,False,True,False,True,True,,3.8429476492164056,,1.0,,6.231740429432035,,1.0,,,,0.0,0.6451990271834498,0.0,1.0,0.2903980543668996,0.5,0.06050614605929141,3.0,23.0,,0.8260869565217391,,,,,highest_scatter,1945.792123199032,0.0321536469572723,0.9831486886940024,223.33990248902808,1,0.8403990024937655,,0.8476190476190476,,1.0,324,0.12831712,2
null,2438264,5,3,confirmed_planet_host,11.312104034678226,bls,False,1,True,False,True,False,False,11.312104034678226,,1.0,,3.08130972988288,,1.0,,,,,0.13401403956604968,0.0,0.13401403956604968,1.0,0.0,1.0,0.13401403956604968,1.0,,,,,,,,highest_scatter,1945.792123199032,0.0321536469572723,0.9831486886940024,223.33990248902808,1,,0.7755610972568578,,0.5142857142857142,1.0,325,0.8230553,1
null,2438264,5,3,confirmed_planet_host,13.06268756252084,tcf,False,1,False,True,False,True,True,,13.06268756252084,,1.0,,6.291443110922155,,1.0,,,,0.0,0.15475313190862186,0.0,1.0,0.15475313190862186,1.0,0.13401403956604968,1.0,7.0,,0.7142857142857143,,,,,highest_scatter,1945.792123199032,0.0321536469572723,0.9831486886940024,223.33990248902808,1,0.7955112219451371,,0.8,,1.0,326,0.03763391,2
null,2438264,5,4,confirmed_planet_host,12.18972990996999,bls,False,1,True,False,True,False,False,12.18972990996999,,1.0,,3.2573959679302713,,1.0,,,,,0.11997785320526724,0.0,0.11997785320526724,1.0,0.0,1.0,0.11997785320526724,1.0,,,,,,,,highest_scatter,1945.792123199032,0.0321536469572723,0.9831486886940024,223.33990248902808,1,,0.6982543640897756,,0.41904761904761906,1.0,327,0.80854845,1
null,2438264,5,4,confirmed_planet_host,13.851617205735248,tcf,False,1,False,True,False,True,True,,13.851617205735248,,1.0,,8.089555622520958,,1.0,,,,0.0,0.13633503843313202,0.0,1.0,0.13633503843313202,1.0,0.11997785320526724,1.0,7.0,,0.7142857142857143,,,,,highest_scatter,1945.792123199032,0.0321536469572723,0.9831486886940024,223.33990248902808,1,0.09975062344139651,,0.18095238095238095,,1.0,328,0.03978839,2
null,2438264,5,5,confirmed_planet_host,11.228076025341782,bls,False,1,True,False,True,False,False,11.228076025341782,,1.0,,2.627702771645431,,1.0,,,,,0.01595604780969636,0.0,0.01595604780969636,1.0,0.0,1.0,0.01595604780969636,1.0,,,,,,,,highest_scatter,1945.792123199032,0.0321536469572723,0.9831486886940024,223.33990248902808,1,,0.942643391521197,,0.8761904761904762,1.0,329,0.87783647,1
null,2438264,5,5,confirmed_planet_host,11.410136712237414,tcf,False,1,False,True,False,True,True,,11.410136712237414,,1.0,,6.4872834929043055,,1.0,,,,0.0,0.016214771478632727,0.0,1.0,0.016214771478632727,1.0,0.01595604780969636,1.0,8.0,,0.875,,,,,highest_scatter,1945.792123199032,0.0321536469572723,0.9831486886940024,223.33990248902808,1,0.6384039900249376,,0.6666666666666666,,1.0,330,0.052364115,2
null,2438264,5,6,confirmed_planet_host,11.11137045681894,bls,False,1,True,False,True,False,False,11.11137045681894,,1.0,,3.42500510374445,,1.0,,,,,0.229009046528308,0.0,0.229009046528308,1.0,0.0,1.0,0.229009046528308,1.0,,,,,,,,highest_scatter,1945.792123199032,0.0321536469572723,0.9831486886940024,223.33990248902808,1,,0.6259351620947631,,0.3142857142857143,1.0,331,0.7886309,1
null,2438264,5,6,confirmed_planet_host,14.411803934644883,tcf,False,1,False,True,False,True,True,,14.411803934644883,,1.0,,6.316851426023552,,1.0,,,,0.0,0.29703207994478287,0.0,1.0,0.29703207994478287,1.0,0.229009046528308,1.0,6.0,,0.6666666666666666,,,,,highest_scatter,1945.792123199032,0.0321536469572723,0.9831486886940024,223.33990248902808,1,0.773067331670823,,0.7619047619047619,,1.0,332,0.0625419,2
null,2438264,5,7,confirmed_planet_host,6.457152384128043,bls,False,1,True,False,True,False,False,6.457152384128043,,1.0,,4.586325275022666,,1.0,,,,,0.5010435185900904,0.0,0.002087037180180847,0.5,0.0,1.0,0.002087037180180847,0.5,,,,,,,,highest_scatter,1945.792123199032,0.0321536469572723,0.9831486886940024,223.33990248902808,1,,0.12718204488778054,,0.05714285714285714,1.0,333,0.9440576,1
null,2438264,5,7,confirmed_planet_host,12.941313771257086,tcf,False,1,False,True,False,True,True,,12.941313771257086,,1.0,,6.379702131771098,,1.0,,,,0.0,1.0041828040278853,0.0,1.0,0.0020914020139426504,2.0,0.002087037180180847,0.5,7.0,,0.8571428571428571,,,,,highest_scatter,1945.792123199032,0.0321536469572723,0.9831486886940024,223.33990248902808,1,0.7281795511221946,,0.7333333333333333,,1.0,334,0.0006943465,2
null,2438513,5,0,confirmed_planet_host,5.486162054018006,bls,False,1,True,False,True,False,False,5.486162054018006,,1.0,,3.3749189713348624,,1.0,,,,,0.5745390602777275,0.0,0.149078120555455,0.5,0.0,1.0,0.149078120555455,0.5,,,,,,,,highest_scatter,5520.86821340344,0.0321536469572723,0.997967450966772,202.48195783361825,1,,0.6433915211970075,,0.3523809523809524,1.0,335,0.6396144,1
null,2438513,5,0,confirmed_planet_host,12.89463154384795,tcf,False,1,False,True,False,True,True,,12.89463154384795,,1.0,,6.605525710263716,,1.0,,,,0.0,1.3503920257703763,0.0,1.0,0.17519601288518813,2.0,0.149078120555455,0.5,6.0,,1.0,,,,,highest_scatter,5520.86821340344,0.0321536469572723,0.997967450966772,202.48195783361825,1,0.5336658354114713,,0.5619047619047619,,1.0,336,0.0035385739,2
null,2438513,5,1,confirmed_planet_host,14.542514171390463,bls,False,1,True,False,True,False,False,14.542514171390463,,1.0,,2.7962512471584637,,1.0,,,,,0.5763545017529909,0.0,0.21182274912350454,2.0,0.0,1.0,0.21182274912350454,2.0,,,,,,,,highest_scatter,5520.86821340344,0.0321536469572723,0.997967450966772,202.48195783361825,1,,0.9077306733167082,,0.7904761904761904,1.0,337,0.28832492,2
null,2438513,5,1,confirmed_planet_host,9.22540846948983,tcf,False,1,False,True,False,True,True,,9.22540846948983,,1.0,,6.308692721271434,,1.0,,,,0.0,0.36562492834705246,0.0,1.0,0.26875014330589503,0.5,0.21182274912350454,2.0,9.0,,0.7777777777777778,,,,,highest_scatter,5520.86821340344,0.0321536469572723,0.997967450966772,202.48195783361825,1,0.7755610972568578,,0.7714285714285715,,1.0,338,0.4169305,1
null,2438513,5,2,confirmed_planet_host,9.696898966322108,bls,False,1,True,False,True,False,False,9.696898966322108,,1.0,,4.221623079142062,,1.0,,,,,0.3218841086627027,0.0,0.3218841086627027,1.0,0.0,1.0,0.3218841086627027,1.0,,,,,,,,highest_scatter,5520.86821340344,0.0321536469572723,0.997967450966772,202.48195783361825,1,,0.2344139650872818,,0.09523809523809523,1.0,339,0.6407126,1
null,2438513,5,2,confirmed_planet_host,14.299766588862957,tcf,False,1,False,True,False,True,True,,14.299766588862957,,1.0,,6.754904435686762,,1.0,,,,0.0,0.4746741858945705,0.0,1.0,0.2626629070527147,2.0,0.3218841086627027,1.0,7.0,,0.7142857142857143,,,,,highest_scatter,5520.86821340344,0.0321536469572723,0.997967450966772,202.48195783361825,1,0.428927680798005,,0.4380952380952381,,1.0,340,0.003934258,2
null,2438513,5,3,confirmed_planet_host,6.15838612870957,bls,False,1,True,False,True,False,False,6.15838612870957,,1.0,,3.213744824998338,,1.0,,,,,0.5820263878516305,0.0,0.16405277570326116,0.5,0.0,1.0,0.16405277570326116,0.5,,,,,,,,highest_scatter,5520.86821340344,0.0321536469572723,0.997967450966772,202.48195783361825,1,,0.7182044887780549,,0.4380952380952381,1.0,341,0.652722,1
null,2438513,5,3,confirmed_planet_host,14.733911303767924,tcf,False,1,False,True,False,True,True,,14.733911303767924,,1.0,,6.640711447774464,,1.0,,,,0.0,1.39249553305539,0.0,1.0,0.19624776652769507,2.0,0.16405277570326116,0.5,6.0,,1.0,,,,,highest_scatter,5520.86821340344,0.0321536469572723,0.997967450966772,202.48195783361825,1,0.49875311720698257,,0.4857142857142857,,1.0,342,0.0032698526,2
null,2438513,5,4,confirmed_planet_host,8.711903967989329,bls,False,1,True,False,True,False,False,8.711903967989329,,1.0,,3.9413604898300183,,1.0,,,,,0.3667870386078865,0.0,0.266425922784227,0.5,0.0,1.0,0.266425922784227,0.5,,,,,,,,highest_scatter,5520.86821340344,0.0321536469572723,0.997967450966772,202.48195783361825,1,,0.3316708229426434,,0.13333333333333333,1.0,343,0.6937695,1
null,2438513,5,4,confirmed_planet_host,13.758252750916974,tcf,False,1,False,True,False,True,True,,13.758252750916974,,1.0,,9.893358817649885,,1.0,,,,0.0,0.5792475217208255,0.0,1.0,0.21037623913958725,2.0,0.266425922784227,0.5,6.0,,0.6666666666666666,,,,,highest_scatter,5520.86821340344,0.0321536469572723,0.997967450966772,202.48195783361825,1,0.04738154613466334,,0.09523809523809523,,1.0,344,0.007856517,2
null,2438513,5,5,confirmed_planet_host,6.961320440146716,bls,False,1,True,False,True,False,False,6.961320440146716,,1.0,,3.0095795763367432,,1.0,,,,,0.3431394141522197,0.0,0.3137211716955606,0.5,0.0,1.0,0.3137211716955606,0.5,,,,,,,,highest_scatter,5520.86821340344,0.0321536469572723,0.997967450966772,202.48195783361825,1,,0.8204488778054863,,0.6190476190476191,1.0,345,0.7261585,1
null,2438513,5,5,confirmed_planet_host,10.59786595531844,tcf,False,1,False,True,False,True,True,,10.59786595531844,,1.0,,6.382211617999587,,1.0,,,,0.0,0.5223930641375676,0.0,1.0,0.2388034679312162,2.0,0.3137211716955606,0.5,9.0,,0.8888888888888888,,,,,highest_scatter,5520.86821340344,0.0321536469572723,0.997967450966772,202.48195783361825,1,0.7231920199501247,,0.7238095238095238,,1.0,346,0.059641607,2
null,2438513,5,6,confirmed_planet_host,4.958652884294765,bls,False,1,True,False,True,False,False,4.958652884294765,,1.0,,2.4523361275860456,,1.0,,,,,0.15375860695384969,0.0,0.15375860695384969,1.0,0.0,1.0,0.15375860695384969,1.0,,,,,,,,highest_scatter,5520.86821340344,0.0321536469572723,0.997967450966772,202.48195783361825,1,,0.9750623441396509,,0.9523809523809523,1.0,347,0.44653395,1
null,2438513,5,6,confirmed_planet_host,5.859619873291098,tcf,False,1,False,True,False,True,True,,5.859619873291098,,1.0,,6.15262983248789,,1.0,,,,0.0,0.18169591823011233,0.0,1.0,0.18169591823011233,1.0,0.15375860695384969,1.0,15.0,,0.7333333333333333,,,,,highest_scatter,5520.86821340344,0.0321536469572723,0.997967450966772,202.48195783361825,1,0.9002493765586035,,0.9333333333333333,,1.0,348,0.18763044,2
null,2438513,5,7,confirmed_planet_host,10.490496832277426,bls,False,1,True,False,True,False,False,10.490496832277426,,1.0,,3.333158753613822,,1.0,,,,,0.24544909461566142,0.0,0.24544909461566142,1.0,0.0,1.0,0.24544909461566142,1.0,,,,,,,,highest_scatter,5520.86821340344,0.0321536469572723,0.997967450966772,202.48195783361825,1,,0.6683291770573566,,0.37142857142857144,1.0,349,0.3625003,1
null,2438513,5,7,confirmed_planet_host,13.902967655885297,tcf,False,1,False,True,False,True,True,,13.902967655885297,,1.0,,6.977577261756093,,1.0,,,,0.0,0.3252916309081086,0.0,1.0,0.3252916309081086,1.0,0.24544909461566142,1.0,6.0,,0.8333333333333334,,,,,highest_scatter,5520.86821340344,0.0321536469572723,0.997967450966772,202.48195783361825,1,0.29925187032418954,,0.3333333333333333,,1.0,350,0.27184775,2
null,2439243,5,0,confirmed_planet_host,2.871957319106369,bls,False,1,True,False,True,False,False,2.871957319106369,,1.0,,3.403828709751106,,1.0,,,,,0.7745819047868304,0.0,0.5491638095736606,0.5,0.0,1.0,0.5491638095736606,0.5,,,,,,,,high_scatter,815.8214492229673,0.0321536469572723,0.2516985648930642,642.4356865485978,1,,0.6334164588528678,,0.7731958762886598,1.0,351,0.98744476,1
null,2439243,5,0,confirmed_planet_host,12.7405801933978,tcf,False,1,False,True,False,True,True,,12.7405801933978,,1.0,,6.807396144489186,,1.0,,,,0.0,3.4362010913735057,0.0,1.0,0.4787336971245016,3.0,0.5491638095736606,0.5,5.0,,0.8,,,,,high_scatter,815.8214492229673,0.0321536469572723,0.2516985648930642,642.4356865485978,1,0.38902743142144636,,0.3402061855670103,,1.0,352,0.0010376015,2
null,2439243,5,1,confirmed_planet_host,13.188729576525509,bls,False,1,True,False,True,False,False,13.188729576525509,,1.0,,2.5641576471986873,,1.0,,,,,0.19045899172310005,0.0,0.19045899172310005,1.0,0.0,1.0,0.19045899172310005,1.0,,,,,,,,high_scatter,815.8214492229673,0.0321536469572723,0.2516985648930642,642.4356865485978,1,,0.9576059850374065,,0.9690721649484536,1.0,353,0.86114854,1
null,2439243,5,1,confirmed_planet_host,11.078692897632545,tcf,False,1,False,True,False,True,True,,11.078692897632545,,1.0,,6.75311691087448,,1.0,,,,0.0,0.15998786438449672,0.0,1.0,0.15998786438449672,1.0,0.19045899172310005,1.0,9.0,,0.6666666666666666,,,,,high_scatter,815.8214492229673,0.0321536469572723,0.2516985648930642,642.4356865485978,1,0.4314214463840399,,0.3917525773195876,,1.0,354,0.029595098,2
null,2439243,5,2,confirmed_planet_host,4.42647549183061,bls,False,1,True,False,True,False,False,4.42647549183061,,1.0,,2.5468554673779233,,1.0,,,,,0.6492271105826397,0.0,0.2984542211652794,0.5,0.0,1.0,0.2984542211652794,0.5,,,,,,,,high_scatter,815.8214492229673,0.0321536469572723,0.2516985648930642,642.4356865485978,1,,0.9625935162094763,,0.979381443298969,1.0,355,0.98801863,1
null,2439243,5,2,confirmed_planet_host,12.619206402134044,tcf,False,1,False,True,False,True,True,,12.619206402134044,,1.0,,6.264028880131449,,1.0,,,,0.0,1.8508474576271186,0.0,1.0,0.049717514124293816,3.0,0.2984542211652794,0.5,7.0,,0.8571428571428571,,,,,high_scatter,815.8214492229673,0.0321536469572723,0.2516985648930642,642.4356865485978,1,0.8104738154613467,,0.8144329896907216,,1.0,356,0.0002975857,2
null,2439243,5,3,confirmed_planet_host,12.077692564188064,bls,False,1,True,False,True,False,False,12.077692564188064,,1.0,,3.8820049484169767,,1.0,,,,,0.1126777869935184,0.0,0.1126777869935184,1.0,0.0,1.0,0.1126777869935184,1.0,,,,,,,,high_scatter,815.8214492229673,0.0321536469572723,0.2516985648930642,642.4356865485978,1,,0.3566084788029925,,0.4742268041237113,1.0,357,0.87933236,1
null,2439243,5,3,confirmed_planet_host,10.85461820606869,tcf,False,1,False,True,False,True,True,,10.85461820606869,,1.0,,6.505491154087924,,1.0,,,,0.0,0.10126722067309031,0.0,1.0,0.10126722067309031,1.0,0.1126777869935184,1.0,9.0,,0.8888888888888888,,,,,high_scatter,815.8214492229673,0.0321536469572723,0.2516985648930642,642.4356865485978,1,0.6234413965087282,,0.5773195876288659,,1.0,358,0.06358657,2
null,2439243,5,4,confirmed_planet_host,12.334444814938314,bls,False,1,True,False,True,False,False,12.334444814938314,,1.0,,3.635617809974667,,1.0,,,,,0.9626996338939884,0.0,0.01865018305300582,2.0,0.0,1.0,0.01865018305300582,2.0,,,,,,,,high_scatter,815.8214492229673,0.0321536469572723,0.2516985648930642,642.4356865485978,1,,0.486284289276808,,0.6082474226804123,1.0,359,0.9439398,1
null,2439243,5,4,confirmed_planet_host,6.284428142714239,tcf,False,1,False,True,False,True,True,,6.284428142714239,,1.0,,6.34458865421386,,1.0,,,,0.0,0.4904976886269633,0.0,1.0,0.019004622746073407,0.5,0.01865018305300582,2.0,14.0,,0.8571428571428571,,,,,high_scatter,815.8214492229673,0.0321536469572723,0.2516985648930642,642.4356865485978,1,0.7506234413965087,,0.7216494845360825,,1.0,360,0.024879262,2
null,2439243,5,5,confirmed_planet_host,10.32710903634545,bls,False,1,True,False,True,False,False,10.32710903634545,,1.0,,2.9191771687790644,,1.0,,,,,0.0880379413314597,0.0,0.0880379413314597,1.0,0.0,1.0,0.0880379413314597,1.0,,,,,,,,high_scatter,815.8214492229673,0.0321536469572723,0.2516985648930642,642.4356865485978,1,,0.85785536159601,,0.9175257731958762,1.0,361,0.84175384,1
null,2439243,5,5,confirmed_planet_host,9.491497165721908,tcf,False,1,False,True,False,True,True,,9.491497165721908,,1.0,,7.2430720996032925,,1.0,,,,0.0,0.08091440379710052,0.0,1.0,0.08091440379710052,1.0,0.0880379413314597,1.0,10.0,,0.7,,,,,high_scatter,815.8214492229673,0.0321536469572723,0.2516985648930642,642.4356865485978,1,0.20947630922693267,,0.12371134020618557,,1.0,362,0.02491074,2
null,2439243,5,6,confirmed_planet_host,12.41847282427476,bls,False,1,True,False,True,False,False,12.41847282427476,,1.0,,2.757216018497308,,1.0,,,,,0.21848519548503226,0.0,0.21848519548503226,1.0,0.0,1.0,0.21848519548503226,1.0,,,,,,,,high_scatter,815.8214492229673,0.0321536469572723,0.2516985648930642,642.4356865485978,1,,0.9251870324189526,,0.9484536082474226,1.0,363,0.8656767,1
null,2439243,5,6,confirmed_planet_host,10.191730576858951,tcf,False,1,False,True,False,True,True,,10.191730576858951,,1.0,,6.395280436584372,,1.0,,,,0.0,0.17930886341057403,0.0,1.0,0.17930886341057403,1.0,0.21848519548503226,1.0,9.0,,0.6666666666666666,,,,,high_scatter,815.8214492229673,0.0321536469572723,0.2516985648930642,642.4356865485978,1,0.7107231920199502,,0.6494845360824743,,1.0,364,0.041432027,2
null,2439243,5,7,confirmed_planet_host,3.1847282427475827,bls,False,1,True,False,True,False,False,3.1847282427475827,,1.0,,3.545992358456739,,1.0,,,,,0.7421923502577805,0.0,0.48438470051556126,0.5,0.0,1.0,0.48438470051556126,0.5,,,,,,,,high_scatter,815.8214492229673,0.0321536469572723,0.2516985648930642,642.4356865485978,1,,0.5461346633416458,,0.6597938144329897,1.0,365,0.98744476,1
null,2439243,5,7,confirmed_planet_host,12.353117705901967,tcf,False,1,False,True,False,True,True,,12.353117705901967,,1.0,,6.685071186039968,,1.0,,,,0.0,2.878860852266778,0.0,1.0,0.2929536174222592,3.0,0.48438470051556126,0.5,7.0,,0.8571428571428571,,,,,high_scatter,815.8214492229673,0.0321536469572723,0.2516985648930642,642.4356865485978,1,0.4837905236907731,,0.4536082474226804,,1.0,366,0.00078015553,2
null,2441495,5,0,confirmed_planet_host,5.532844281427143,bls,False,1,True,False,True,False,False,5.532844281427143,,1.0,,3.617337224464347,,1.0,,,,,0.44543965776544914,0.0,0.10912068446910173,0.5,0.0,1.0,0.10912068446910173,0.5,,,,,,,,low_scatter,313.5617282104444,0.0321536469572723,0.6591995947594694,156.73928131019386,0,,0.49625935162094764,,0.6494845360824743,1.0,367,0.96592706,1
null,2441495,5,0,confirmed_planet_host,9.976992330776929,tcf,False,1,False,True,False,True,True,,9.976992330776929,,1.0,,7.231287965291754,,1.0,,,,0.0,0.8032302778280002,0.0,1.0,0.09838486108599992,2.0,0.10912068446910173,0.5,9.0,,0.8888888888888888,,,,,low_scatter,313.5617282104444,0.0321536469572723,0.6591995947594694,156.73928131019386,0,0.2119700748129676,,0.16494845360824742,,1.0,368,0.043122683,2
null,2441495,5,1,confirmed_planet_host,4.239746582194065,bls,False,1,True,False,True,False,False,4.239746582194065,,1.0,,3.616208442171064,,1.0,,,,,0.6201869940556203,0.0,0.2403739881112406,0.5,0.0,1.0,0.2403739881112406,0.5,,,,,,,,low_scatter,313.5617282104444,0.0321536469572723,0.6591995947594694,156.73928131019386,0,,0.49875311720698257,,0.6597938144329897,1.0,369,0.98237705,1
null,2441495,5,1,confirmed_planet_host,11.16272090696899,tcf,False,1,False,True,False,True,True,,11.16272090696899,,1.0,,6.719683213155804,,1.0,,,,0.0,1.6328745576091233,0.0,1.0,0.1223751474636255,3.0,0.2403739881112406,0.5,8.0,,0.625,,,,,low_scatter,313.5617282104444,0.0321536469572723,0.6591995947594694,156.73928131019386,0,0.4513715710723192,,0.41237113402061853,,1.0,370,0.0018256797,2
null,2441495,5,2,confirmed_planet_host,14.276425475158389,bls,False,1,True,False,True,False,False,14.276425475158389,,1.0,,4.349836062606376,,1.0,,,,,5.732976883157731,0.0,1.2443256277192436,3.0,0.0,1.0,1.2443256277192436,3.0,,,,,,,,low_scatter,313.5617282104444,0.0321536469572723,0.6591995947594694,156.73928131019386,0,,0.18952618453865336,,0.24742268041237114,1.0,371,0.7867453,1
null,2441495,5,2,confirmed_planet_host,2.120373457819273,tcf,False,1,False,True,False,True,True,,2.120373457819273,,1.0,,6.212015771804146,,1.0,,,,0.0,0.851477285997898,0.0,1.0,0.7029545719957959,0.5,1.2443256277192436,3.0,43.0,,0.7441860465116279,,,,,low_scatter,313.5617282104444,0.0321536469572723,0.6591995947594694,156.73928131019386,0,0.8553615960099751,,0.8144329896907216,,1.0,372,0.0632578,2
null,2441495,5,3,confirmed_planet_host,7.927642547515839,bls,False,1,True,False,True,False,False,7.927642547515839,,1.0,,4.04816385188098,,1.0,,,,,0.5052231718898386,0.0,0.24738841405508072,2.0,0.0,1.0,0.24738841405508072,2.0,,,,,,,,low_scatter,313.5617282104444,0.0321536469572723,0.6591995947594694,156.73928131019386,0,,0.2892768079800499,,0.4020618556701031,1.0,373,0.9545628,1
null,2441495,5,3,confirmed_planet_host,5.266755585195066,tcf,False,1,False,True,False,True,True,,5.266755585195066,,1.0,,6.479727821899407,,1.0,,,,0.0,0.3356466876971609,0.0,1.0,0.32870662460567823,0.5,0.24738841405508072,2.0,17.0,,0.7058823529411765,,,,,low_scatter,313.5617282104444,0.0321536469572723,0.6591995947594694,156.73928131019386,0,0.6458852867830424,,0.6082474226804123,,1.0,374,0.36768794,2
null,2441495,5,4,confirmed_planet_host,2.666555518506169,bls,False,1,True,False,True,False,False,2.666555518506169,,1.0,,3.369745926509441,,1.0,,,,,0.810493139647859,0.0,0.620986279295718,0.5,0.0,1.0,0.620986279295718,0.5,,,,,,,,low_scatter,313.5617282104444,0.0321536469572723,0.6591995947594694,156.73928131019386,0,,0.6458852867830424,,0.8144329896907216,1.0,375,0.98111916,1
null,2441495,5,4,confirmed_planet_host,14.071023674558187,tcf,False,1,False,True,False,True,True,,14.071023674558187,,1.0,,6.437323410855168,,1.0,,,,0.0,4.276853820182569,0.0,1.0,0.7589512733941894,3.0,0.620986279295718,0.5,6.0,,0.8333333333333334,,,,,low_scatter,313.5617282104444,0.0321536469572723,0.6591995947594694,156.73928131019386,0,0.6807980049875312,,0.6494845360824743,,1.0,376,0.0034465361,2
null,2441495,5,5,confirmed_planet_host,13.80493497832611,bls,False,1,True,False,True,False,False,13.80493497832611,,1.0,,3.9968451287299143,,1.0,,,,,0.39345696879943454,0.0,0.3032715156002827,2.0,0.0,1.0,0.3032715156002827,2.0,,,,,,,,low_scatter,313.5617282104444,0.0321536469572723,0.6591995947594694,156.73928131019386,0,,0.29925187032418954,,0.422680412371134,1.0,377,0.9515315,1
null,2441495,5,5,confirmed_planet_host,9.906968989663222,tcf,False,1,False,True,False,True,True,,9.906968989663222,,1.0,,6.203124251671651,,1.0,,,,0.0,0.28236032946064105,0.0,1.0,0.28236032946064105,1.0,0.3032715156002827,2.0,9.0,,0.7777777777777778,,,,,low_scatter,313.5617282104444,0.0321536469572723,0.6591995947594694,156.73928131019386,0,0.8703241895261845,,0.8247422680412371,,1.0,378,0.36120993,2
null,2441495,5,6,confirmed_planet_host,12.591197065688563,bls,False,1,True,False,True,False,False,12.591197065688563,,1.0,,4.403988392314917,,1.0,,,,,0.24627875507442487,0.0,0.24627875507442487,1.0,0.0,1.0,0.24627875507442487,1.0,,,,,,,,low_scatter,313.5617282104444,0.0321536469572723,0.6591995947594694,156.73928131019386,0,,0.1745635910224439,,0.2268041237113402,1.0,379,0.9727288,1
null,2441495,5,6,confirmed_planet_host,10.103034344781594,tcf,False,1,False,True,False,True,True,,10.103034344781594,,1.0,,6.264266916557475,,1.0,,,,0.0,0.19761129207383277,0.0,1.0,0.19761129207383277,1.0,0.24627875507442487,1.0,9.0,,0.8888888888888888,,,,,low_scatter,313.5617282104444,0.0321536469572723,0.6591995947594694,156.73928131019386,0,0.8079800498753117,,0.7938144329896907,,1.0,380,0.42695123,2
null,2441495,5,7,confirmed_planet_host,4.253751250416806,bls,False,1,True,False,True,False,False,4.253751250416806,,1.0,,3.4549941342409056,,1.0,,,,,0.629318611070754,0.0,0.2586372221415081,0.5,0.0,1.0,0.2586372221415081,0.5,,,,,,,,low_scatter,313.5617282104444,0.0321536469572723,0.6591995947594694,156.73928131019386,0,,0.600997506234414,,0.8041237113402062,1.0,381,0.9936982,1
null,2441495,5,7,confirmed_planet_host,11.475491830610205,tcf,False,1,False,True,False,True,True,,11.475491830610205,,1.0,,6.132830192491466,,1.0,,,,0.0,1.6977345770949284,0.0,1.0,0.10075514096835726,3.0,0.2586372221415081,0.5,8.0,,0.875,,,,,low_scatter,313.5617282104444,0.0321536469572723,0.6591995947594694,156.73928131019386,0,0.9077306733167082,,0.8762886597938144,,1.0,382,0.0038471315,2
null,2442448,5,0,confirmed_planet_host,11.825608536178729,bls,False,1,True,False,True,False,False,11.825608536178729,,1.0,,5.038800670221696,,1.0,,,,,0.09631800229328559,0.0,0.09631800229328559,1.0,0.0,1.0,0.09631800229328559,1.0,,,,,,,,lowest_scatter,254.40492110314065,0.0321536469572723,0.0940582618315911,234.17823467877648,0,,0.04987531172069826,,0.06666666666666667,1.0,383,0.9761233,1
null,2442448,5,0,confirmed_planet_host,13.086028676225409,tcf,False,1,False,True,False,True,True,,13.086028676225409,,1.0,,6.444187298213521,,1.0,,,,0.0,0.10658395601297031,0.0,1.0,0.10658395601297031,1.0,0.09631800229328559,1.0,6.0,,1.0,,,,,lowest_scatter,254.40492110314065,0.0321536469572723,0.0940582618315911,234.17823467877648,0,0.6758104738154613,,0.7619047619047619,,1.0,384,0.15835914,2
null,2442448,5,1,confirmed_planet_host,8.109703234411471,bls,False,1,True,False,True,False,False,8.109703234411471,,1.0,,4.546939513344635,,1.0,,,,,0.20062448644207068,0.0,0.20062448644207068,1.0,0.0,1.0,0.20062448644207068,1.0,,,,,,,,lowest_scatter,254.40492110314065,0.0321536469572723,0.0940582618315911,234.17823467877648,0,,0.1396508728179551,,0.1523809523809524,1.0,385,0.9729214,1
null,2442448,5,1,confirmed_planet_host,10.145048349449818,tcf,False,1,False,True,False,True,True,,10.145048349449818,,1.0,,6.807901889447834,,1.0,,,,0.0,0.25097652234694295,0.0,1.0,0.25097652234694295,1.0,0.20062448644207068,1.0,9.0,,0.7777777777777778,,,,,lowest_scatter,254.40492110314065,0.0321536469572723,0.0940582618315911,234.17823467877648,0,0.3865336658354115,,0.4857142857142857,,1.0,386,0.37339798,2
null,2442448,5,2,confirmed_planet_host,9.752917639213072,bls,False,1,True,False,True,False,False,9.752917639213072,,1.0,,4.159763323191676,,1.0,,,,,0.2544416405393694,0.0,0.2544416405393694,1.0,0.0,1.0,0.2544416405393694,1.0,,,,,,,,lowest_scatter,254.40492110314065,0.0321536469572723,0.0940582618315911,234.17823467877648,0,,0.26184538653366585,,0.2571428571428571,1.0,387,0.9754758,1
null,2442448,5,2,confirmed_planet_host,13.081360453484496,tcf,False,1,False,True,False,True,True,,13.081360453484496,,1.0,,6.862426626873501,,1.0,,,,0.0,0.341276624841875,0.0,1.0,0.32936168757906253,2.0,0.2544416405393694,1.0,8.0,,0.625,,,,,lowest_scatter,254.40492110314065,0.0321536469572723,0.0940582618315911,234.17823467877648,0,0.36658354114713215,,0.4666666666666667,,1.0,388,0.013026668,2
null,2442448,5,3,confirmed_planet_host,12.815271757252418,bls,False,1,True,False,True,False,False,12.815271757252418,,1.0,,3.1329905911281943,,1.0,,,,,0.11507909097188652,0.0,0.11507909097188652,1.0,0.0,1.0,0.11507909097188652,1.0,,,,,,,,lowest_scatter,254.40492110314065,0.0321536469572723,0.0940582618315911,234.17823467877648,0,,0.7506234413965087,,0.780952380952381,1.0,389,0.95462286,1
null,2442448,5,3,confirmed_planet_host,14.481827275758588,tcf,False,1,False,True,False,True,True,,14.481827275758588,,1.0,,7.248342025019758,,1.0,,,,0.0,0.13004449301381638,0.0,1.0,0.13004449301381638,1.0,0.11507909097188652,1.0,6.0,,1.0,,,,,lowest_scatter,254.40492110314065,0.0321536469572723,0.0940582618315911,234.17823467877648,0,0.20448877805486285,,0.34285714285714286,,1.0,390,0.17377248,2
null,2442448,5,4,confirmed_planet_host,8.893964654884963,bls,False,1,True,False,True,False,False,8.893964654884963,,1.0,,3.766390522980187,,1.0,,,,,0.4928639391056137,0.0,0.2535680304471931,2.0,0.0,1.0,0.2535680304471931,2.0,,,,,,,,lowest_scatter,254.40492110314065,0.0321536469572723,0.0940582618315911,234.17823467877648,0,,0.4164588528678304,,0.3904761904761905,1.0,391,0.9180524,1
null,2442448,5,4,confirmed_planet_host,5.957652550850284,tcf,False,1,False,True,False,True,True,,5.957652550850284,,1.0,,6.113950818679665,,1.0,,,,0.0,0.3301465901848311,0.0,1.0,0.3301465901848311,1.0,0.2535680304471931,2.0,15.0,,0.8,,,,,lowest_scatter,254.40492110314065,0.0321536469572723,0.0940582618315911,234.17823467877648,0,0.9201995012468828,,0.9142857142857143,,1.0,392,0.35205543,2
null,2442448,5,5,confirmed_planet_host,12.283094364788264,bls,False,1,True,False,True,False,False,12.283094364788264,,1.0,,4.419165908989022,,1.0,,,,,0.03297720198536217,0.0,0.03297720198536217,1.0,0.0,1.0,0.03297720198536217,1.0,,,,,,,,lowest_scatter,254.40492110314065,0.0321536469572723,0.0940582618315911,234.17823467877648,0,,0.16708229426433915,,0.18095238095238095,1.0,393,0.9851061,1
null,2442448,5,5,confirmed_planet_host,11.890963654551518,tcf,False,1,False,True,False,True,True,,11.890963654551518,,1.0,,6.605127340638758,,1.0,,,,0.0,0.0319244238130141,0.0,1.0,0.0319244238130141,1.0,0.03297720198536217,1.0,7.0,,0.8571428571428571,,,,,lowest_scatter,254.40492110314065,0.0321536469572723,0.0940582618315911,234.17823467877648,0,0.5361596009975063,,0.6,,1.0,394,0.062197592,2
null,2442448,5,6,confirmed_planet_host,11.928309436478829,bls,False,1,True,False,True,False,False,11.928309436478829,,1.0,,3.650658316249382,,1.0,,,,,0.1614589437659687,0.0,0.1614589437659687,1.0,0.0,1.0,0.1614589437659687,1.0,,,,,,,,lowest_scatter,254.40492110314065,0.0321536469572723,0.0940582618315911,234.17823467877648,0,,0.48129675810473815,,0.49523809523809526,1.0,395,0.9774973,1
null,2442448,5,6,confirmed_planet_host,14.225075025008335,tcf,False,1,False,True,False,True,True,,14.225075025008335,,1.0,,6.258636508591886,,1.0,,,,0.0,0.1925474519889299,0.0,1.0,0.1925474519889299,1.0,0.1614589437659687,1.0,7.0,,0.7142857142857143,,,,,lowest_scatter,254.40492110314065,0.0321536469572723,0.0940582618315911,234.17823467877648,0,0.8204488778054863,,0.8476190476190476,,1.0,396,0.06705994,2
null,2442448,5,7,confirmed_planet_host,6.251750583527843,bls,False,1,True,False,True,False,False,6.251750583527843,,1.0,,3.1544750735316573,,1.0,,,,,0.3065428856751858,0.0,0.3065428856751858,1.0,0.0,1.0,0.3065428856751858,1.0,,,,,,,,lowest_scatter,254.40492110314065,0.0321536469572723,0.0940582618315911,234.17823467877648,0,,0.7456359102244389,,0.7619047619047619,1.0,397,0.9834763,1
null,2442448,5,7,confirmed_planet_host,9.015338446148716,tcf,False,1,False,True,False,True,True,,9.015338446148716,,1.0,,6.476905078486613,,1.0,,,,0.0,0.4420502426796094,0.0,1.0,0.2789748786601953,2.0,0.3065428856751858,1.0,11.0,,0.7272727272727273,,,,,lowest_scatter,254.40492110314065,0.0321536469572723,0.0940582618315911,234.17823467877648,0,0.6483790523690773,,0.7142857142857143,,1.0,398,0.01300652,2
null,2444412,5,0,confirmed_planet_host,9.104034678226077,bls,False,1,True,False,True,False,False,9.104034678226077,,1.0,,3.97382044248722,,1.0,,,,,0.14133408812152087,0.0,0.14133408812152087,1.0,0.0,1.0,0.14133408812152087,1.0,,,,,,,,high_scatter,1105.0141019134894,0.0321536469572723,0.9909382285573692,93.66421297026582,0,,0.32169576059850374,,0.44329896907216493,1.0,399,0.85223395,1
null,2444412,5,0,confirmed_planet_host,10.602534178059354,tcf,False,1,False,True,False,True,True,,10.602534178059354,,1.0,,7.141466568231685,,1.0,,,,0.0,0.1645972970003296,0.0,1.0,0.1645972970003296,1.0,0.14133408812152087,1.0,9.0,,0.8888888888888888,,,,,high_scatter,1105.0141019134894,0.0321536469572723,0.9909382285573692,93.66421297026582,0,0.26184538653366585,,0.16494845360824742,,1.0,400,0.31201103,2
null,2444412,5,1,confirmed_planet_host,12.385795265088364,bls,False,1,True,False,True,False,False,12.385795265088364,,1.0,,3.909229449626652,,1.0,,,,,0.062208084021308285,0.0,0.062208084021308285,1.0,0.0,1.0,0.062208084021308285,1.0,,,,,,,,high_scatter,1105.0141019134894,0.0321536469572723,0.9909382285573692,93.66421297026582,0,,0.34663341645885287,,0.4639175257731959,1.0,401,0.7912011,1
null,2444412,5,1,confirmed_planet_host,13.207402467489164,tcf,False,1,False,True,False,True,True,,13.207402467489164,,1.0,,16.085275694914447,,1.0,,,,0.0,0.06633463454031498,0.0,1.0,0.06633463454031498,1.0,0.062208084021308285,1.0,4.0,,0.75,,,,,high_scatter,1105.0141019134894,0.0321536469572723,0.9909382285573692,93.66421297026582,0,0.012468827930174564,,0.020618556701030927,,1.0,402,0.1848134,2
null,2444412,5,2,confirmed_planet_host,7.362787595865289,bls,False,1,True,False,True,False,False,7.362787595865289,,1.0,,3.4141143717786564,,1.0,,,,,0.5042099827110044,0.0,0.008419965422008704,0.5,0.0,1.0,0.008419965422008704,0.5,,,,,,,,high_scatter,1105.0141019134894,0.0321536469572723,0.9909382285573692,93.66421297026582,0,,0.628428927680798,,0.7628865979381443,1.0,403,0.9382521,1
null,2444412,5,2,confirmed_planet_host,14.850616872290765,tcf,False,1,False,True,False,True,True,,14.850616872290765,,1.0,,7.082605354890038,,1.0,,,,0.0,1.0169829264978942,0.0,1.0,0.008491463248947095,2.0,0.008419965422008704,0.5,7.0,,0.7142857142857143,,,,,high_scatter,1105.0141019134894,0.0321536469572723,0.9909382285573692,93.66421297026582,0,0.2817955112219451,,0.20618556701030927,,1.0,404,0.00046766447,2
null,2444412,5,3,confirmed_planet_host,5.8456152050683565,bls,False,1,True,False,True,False,False,5.8456152050683565,,1.0,,2.614955939453876,,1.0,,,,,0.5820678475218727,0.0,0.16413569504374553,0.5,0.0,1.0,0.16413569504374553,0.5,,,,,,,,high_scatter,1105.0141019134894,0.0321536469572723,0.9909382285573692,93.66421297026582,0,,0.9451371571072319,,0.9587628865979382,1.0,405,0.92573225,1
null,2444412,5,3,confirmed_planet_host,13.98699566522174,tcf,False,1,False,True,False,True,True,,13.98699566522174,,1.0,,6.373240170156511,,1.0,,,,0.0,1.3927328731960522,0.0,1.0,0.19636643659802616,2.0,0.16413569504374553,0.5,7.0,,0.7142857142857143,,,,,high_scatter,1105.0141019134894,0.0321536469572723,0.9909382285573692,93.66421297026582,0,0.7306733167082294,,0.6804123711340206,,1.0,406,0.002427876,2
null,2444412,5,4,confirmed_planet_host,14.990663554518171,bls,False,1,True,False,True,False,False,14.990663554518171,,1.0,,3.614937321646708,,1.0,,,,,0.11029611518609049,0.0,0.11029611518609049,1.0,0.0,1.0,0.11029611518609049,1.0,,,,,,,,high_scatter,1105.0141019134894,0.0321536469572723,0.9909382285573692,93.66421297026582,0,,0.5012468827930174,,0.6288659793814433,1.0,407,0.8266985,1
null,2444412,5,4,confirmed_planet_host,13.501500500166724,tcf,False,1,False,True,False,True,True,,13.501500500166724,,1.0,,6.784463600356679,,1.0,,,,0.0,0.0993393687301197,0.0,1.0,0.0993393687301197,1.0,0.11029611518609049,1.0,7.0,,0.8571428571428571,,,,,high_scatter,1105.0141019134894,0.0321536469572723,0.9909382285573692,93.66421297026582,0,0.40648379052369077,,0.3711340206185567,,1.0,408,0.1064714,2
null,2444412,5,5,confirmed_planet_host,12.49783261087029,bls,False,1,True,False,True,False,False,12.49783261087029,,1.0,,3.87449509717893,,1.0,,,,,0.11881979546256027,0.0,0.11881979546256027,1.0,0.0,1.0,0.11881979546256027,1.0,,,,,,,,high_scatter,1105.0141019134894,0.0321536469572723,0.9909382285573692,93.66421297026582,0,,0.36658354114713215,,0.4948453608247423,1.0,409,0.8340137,1
null,2444412,5,5,confirmed_planet_host,14.183061020340114,tcf,False,1,False,True,False,True,True,,14.183061020340114,,1.0,,6.686760311358904,,1.0,,,,0.0,0.1348416531042395,0.0,1.0,0.1348416531042395,1.0,0.11881979546256027,1.0,7.0,,0.7142857142857143,,,,,high_scatter,1105.0141019134894,0.0321536469572723,0.9909382285573692,93.66421297026582,0,0.48129675810473815,,0.44329896907216493,,1.0,410,0.04182861,2
null,2444412,5,6,confirmed_planet_host,14.001000333444482,bls,False,1,True,False,True,False,False,14.001000333444482,,1.0,,3.435121363395909,,1.0,,,,,0.04896450073696572,0.0,0.04896450073696572,1.0,0.0,1.0,0.04896450073696572,1.0,,,,,,,,high_scatter,1105.0141019134894,0.0321536469572723,0.9909382285573692,93.66421297026582,0,,0.6159600997506235,,0.7422680412371134,1.0,411,0.78500706,1
null,2444412,5,6,confirmed_planet_host,13.347449149716573,tcf,False,1,False,True,False,True,True,,13.347449149716573,,1.0,,7.126959384308116,,1.0,,,,0.0,0.0466788920907857,0.0,1.0,0.0466788920907857,1.0,0.04896450073696572,1.0,7.0,,0.7142857142857143,,,,,high_scatter,1105.0141019134894,0.0321536469572723,0.9909382285573692,93.66421297026582,0,0.26433915211970077,,0.17525773195876287,,1.0,412,0.014040749,2
null,2444412,5,7,confirmed_planet_host,7.745581860620208,bls,False,1,True,False,True,False,False,7.745581860620208,,1.0,,3.879649769140491,,1.0,,,,,0.47263150725361547,0.0,0.05473698549276908,0.5,0.0,1.0,0.05473698549276908,0.5,,,,,,,,high_scatter,1105.0141019134894,0.0321536469572723,0.9909382285573692,93.66421297026582,0,,0.3640897755610973,,0.4845360824742268,1.0,413,0.8501053,1
null,2444412,5,7,confirmed_planet_host,14.687229076358788,tcf,False,1,False,True,False,True,True,,14.687229076358788,,1.0,,7.5584936247316,,1.0,,,,0.0,0.8962073270480865,0.0,1.0,0.05189633647595677,2.0,0.05473698549276908,0.5,5.0,,0.8,,,,,high_scatter,1105.0141019134894,0.0321536469572723,0.9909382285573692,93.66421297026582,0,0.1396508728179551,,0.061855670103092786,,1.0,414,0.0025933995,2
null,2556650,5,0,confirmed_planet_host,10.784594864954986,bls,False,1,True,False,True,False,False,10.784594864954986,,1.0,,4.263761528054899,,1.0,,,,,0.08653878456008347,0.0,0.08653878456008347,1.0,0.0,1.0,0.08653878456008347,1.0,,,,,,,,high_scatter,916.332682756996,0.0321536469572723,0.1879710433904475,771.5386824391611,1,,0.2169576059850374,,0.29896907216494845,1.0,415,0.883647,1
null,2556650,5,0,confirmed_planet_host,9.925641880626875,tcf,False,1,False,True,False,True,True,,9.925641880626875,,1.0,,6.344586650307894,,1.0,,,,0.0,0.07964629131496782,0.0,1.0,0.07964629131496782,1.0,0.08653878456008347,1.0,9.0,,0.8888888888888888,,,,,high_scatter,916.332682756996,0.0321536469572723,0.1879710433904475,771.5386824391611,1,0.7531172069825436,,0.7319587628865979,,1.0,416,0.13636962,2
null,2556650,5,1,confirmed_planet_host,5.3181060353451155,bls,False,1,True,False,True,False,False,5.3181060353451155,,1.0,,3.505556092659623,,1.0,,,,,0.6197821059908932,0.0,0.2395642119817864,0.5,0.0,1.0,0.2395642119817864,0.5,,,,,,,,high_scatter,916.332682756996,0.0321536469572723,0.1879710433904475,771.5386824391611,1,,0.571072319201995,,0.711340206185567,1.0,417,0.97052854,1
null,2556650,5,1,confirmed_planet_host,13.98699566522174,tcf,False,1,False,True,False,True,True,,13.98699566522174,,1.0,,6.952250815017311,,1.0,,,,0.0,1.6300708508370425,0.0,1.0,0.12330971638765247,3.0,0.2395642119817864,0.5,5.0,,0.6,,,,,high_scatter,916.332682756996,0.0321536469572723,0.1879710433904475,771.5386824391611,1,0.3092269326683292,,0.23711340206185566,,1.0,418,0.0004016466,2
null,2556650,5,2,confirmed_planet_host,14.53784594864955,bls,False,1,True,False,True,False,False,14.53784594864955,,1.0,,3.108571755938664,,1.0,,,,,0.02333059500058684,0.0,0.02333059500058684,1.0,0.0,1.0,0.02333059500058684,1.0,,,,,,,,high_scatter,916.332682756996,0.0321536469572723,0.1879710433904475,771.5386824391611,1,,0.7680798004987531,,0.8762886597938144,1.0,419,0.8650947,1
null,2556650,5,2,confirmed_planet_host,14.206402134044682,tcf,False,1,False,True,False,True,True,,14.206402134044682,,1.0,,7.380139039083547,,1.0,,,,0.0,0.022798688043303796,0.0,1.0,0.022798688043303796,1.0,0.02333059500058684,1.0,5.0,,0.8,,,,,high_scatter,916.332682756996,0.0321536469572723,0.1879710433904475,771.5386824391611,1,0.16957605985037408,,0.09278350515463918,,1.0,420,0.008143953,2
null,2556650,5,3,confirmed_planet_host,8.59519839946649,bls,False,1,True,False,True,False,False,8.59519839946649,,1.0,,3.4302178381199457,,1.0,,,,,0.22579966962006295,0.0,0.22579966962006295,1.0,0.0,1.0,0.22579966962006295,1.0,,,,,,,,high_scatter,916.332682756996,0.0321536469572723,0.1879710433904475,771.5386824391611,1,,0.6209476309226932,,0.7525773195876289,1.0,421,0.8934152,1
null,2556650,5,3,confirmed_planet_host,11.102034011337112,tcf,False,1,False,True,False,True,True,,11.102034011337112,,1.0,,6.90020200747223,,1.0,,,,0.0,0.2916553516700933,0.0,1.0,0.2916553516700933,1.0,0.22579966962006295,1.0,7.0,,0.8571428571428571,,,,,high_scatter,916.332682756996,0.0321536469572723,0.1879710433904475,771.5386824391611,1,0.3491271820448878,,0.29896907216494845,,1.0,422,0.04634593,2
null,2556650,5,4,confirmed_planet_host,3.4554851617205737,bls,False,1,True,False,True,False,False,3.4554851617205737,,1.0,,2.984608390499078,,1.0,,,,,0.6930118197707142,0.0,0.3860236395414285,0.5,0.0,1.0,0.3860236395414285,0.5,,,,,,,,high_scatter,916.332682756996,0.0321536469572723,0.1879710433904475,771.5386824391611,1,,0.8329177057356608,,0.9072164948453608,1.0,423,0.98286045,1
null,2556650,5,4,confirmed_planet_host,11.256085361787264,tcf,False,1,False,True,False,True,True,,11.256085361787264,,1.0,,6.601990387203208,,1.0,,,,0.0,2.2574544050950496,0.0,1.0,0.08581813503168334,3.0,0.3860236395414285,0.5,8.0,,0.875,,,,,high_scatter,916.332682756996,0.0321536469572723,0.1879710433904475,771.5386824391611,1,0.5411471321695761,,0.5051546391752577,,1.0,424,0.00071365316,2
null,2556650,5,5,confirmed_planet_host,8.165721907302434,bls,False,1,True,False,True,False,False,8.165721907302434,,1.0,,3.953625274112895,,1.0,,,,,0.4116756756756758,0.0,0.1766486486486484,0.5,0.0,1.0,0.1766486486486484,0.5,,,,,,,,high_scatter,916.332682756996,0.0321536469572723,0.1879710433904475,771.5386824391611,1,,0.32917705735660846,,0.4536082474226804,1.0,425,0.88094145,1
null,2556650,5,5,confirmed_planet_host,13.879626542180729,tcf,False,1,False,True,False,True,True,,13.879626542180729,,1.0,,7.003557123532589,,1.0,,,,0.0,0.6997427416391037,0.0,1.0,0.1501286291804482,2.0,0.1766486486486484,0.5,7.0,,0.8571428571428571,,,,,high_scatter,916.332682756996,0.0321536469572723,0.1879710433904475,771.5386824391611,1,0.2967581047381546,,0.21649484536082475,,1.0,426,0.0035212475,2
null,2556650,5,6,confirmed_planet_host,14.299766588862957,bls,False,1,True,False,True,False,False,14.299766588862957,,1.0,,3.293188653964712,,1.0,,,,,0.02607135557422834,0.0,0.02607135557422834,1.0,0.0,1.0,0.02607135557422834,1.0,,,,,,,,high_scatter,916.332682756996,0.0321536469572723,0.1879710433904475,771.5386824391611,1,,0.685785536159601,,0.8144329896907216,1.0,427,0.8650947,1
null,2556650,5,6,confirmed_planet_host,14.682560853617874,tcf,False,1,False,True,False,True,True,,14.682560853617874,,1.0,,14.414588830784863,,1.0,,,,0.0,0.026769266643348406,0.0,1.0,0.026769266643348406,1.0,0.02607135557422834,1.0,5.0,,1.0,,,,,high_scatter,916.332682756996,0.0321536469572723,0.1879710433904475,771.5386824391611,1,0.0199501246882793,,0.030927835051546393,,1.0,428,0.025559044,2
null,2556650,5,7,confirmed_planet_host,13.454818272757588,bls,False,1,True,False,True,False,False,13.454818272757588,,1.0,,3.812567075173138,,1.0,,,,,0.19040033041272106,0.0,0.19040033041272106,1.0,0.0,1.0,0.19040033041272106,1.0,,,,,,,,high_scatter,916.332682756996,0.0321536469572723,0.1879710433904475,771.5386824391611,1,,0.39650872817955113,,0.5154639175257731,1.0,429,0.89469755,1
null,2556650,5,7,confirmed_planet_host,11.3027675891964,tcf,False,1,False,True,False,True,True,,11.3027675891964,,1.0,,6.25833388659229,,1.0,,,,0.0,0.15994646972813573,0.0,1.0,0.15994646972813573,1.0,0.19040033041272106,1.0,8.0,,0.875,,,,,high_scatter,916.332682756996,0.0321536469572723,0.1879710433904475,771.5386824391611,1,0.8229426433915212,,0.845360824742268,,1.0,430,0.033421725,2
null,2584163,5,0,confirmed_planet_host,3.3154384794931646,bls,False,1,True,False,True,False,False,3.3154384794931646,,1.0,,4.276292645310784,,1.0,,,,,0.43463922215272643,0.0,0.13072155569454713,0.5,0.0,1.0,0.13072155569454713,0.5,,,,,,,,low_scatter,399.36644959214834,0.0319378506689684,0.0044160981216212,383.838254148619,1,,0.2119700748129676,,0.29896907216494845,1.0,431,0.9833066,1
null,2584163,5,0,confirmed_planet_host,5.864288096032011,tcf,False,1,False,True,False,True,True,,5.864288096032011,,1.0,,6.415478591271277,,1.0,,,,0.0,0.7687820577290556,0.0,1.0,0.11560897113547221,2.0,0.13072155569454713,0.5,14.0,,0.7857142857142857,,,,,low_scatter,399.36644959214834,0.0319378506689684,0.0044160981216212,383.838254148619,1,0.6932668329177057,,0.6804123711340206,,1.0,432,0.04121091,2
null,2584163,5,1,confirmed_planet_host,13.78159386462154,bls,False,1,True,False,True,False,False,13.78159386462154,,1.0,,4.085786871449776,,1.0,,,,,0.5052991951050728,0.0,0.2473504024474636,2.0,0.0,1.0,0.2473504024474636,2.0,,,,,,,,low_scatter,399.36644959214834,0.0319378506689684,0.0044160981216212,383.838254148619,1,,0.28428927680798005,,0.3917525773195876,1.0,433,0.9842516,1
null,2584163,5,1,confirmed_planet_host,9.155385128376128,tcf,False,1,False,True,False,True,True,,9.155385128376128,,1.0,,6.489917136064695,,1.0,,,,0.0,0.3356802400135489,0.0,1.0,0.3286395199729022,0.5,0.2473504024474636,2.0,11.0,,0.6363636363636364,,,,,low_scatter,399.36644959214834,0.0319378506689684,0.0044160981216212,383.838254148619,1,0.6334164588528678,,0.5876288659793815,,1.0,434,0.20956138,2
null,2584163,5,2,confirmed_planet_host,7.474824941647216,bls,False,1,True,False,True,False,False,7.474824941647216,,1.0,,3.720929189683051,,1.0,,,,,0.44406418173251,0.0,0.11187163653497999,0.5,0.0,1.0,0.11187163653497999,0.5,,,,,,,,low_scatter,399.36644959214834,0.0319378506689684,0.0044160981216212,383.838254148619,1,,0.4389027431421446,,0.5979381443298969,1.0,435,0.97988725,1
null,2584163,5,2,confirmed_planet_host,13.44548182727576,tcf,False,1,False,True,False,True,True,,13.44548182727576,,1.0,,8.340845039579198,,1.0,,,,0.0,0.7987687915421333,0.0,1.0,0.10061560422893336,2.0,0.11187163653497999,0.5,5.0,,0.8,,,,,low_scatter,399.36644959214834,0.0319378506689684,0.0044160981216212,383.838254148619,1,0.0773067331670823,,0.07216494845360824,,1.0,436,0.01633727,2
null,2584163,5,3,confirmed_planet_host,3.5348449483161057,bls,False,1,True,False,True,False,False,3.5348449483161057,,1.0,,4.435337935331055,,1.0,,,,,0.6690806929920399,0.0,0.3381613859840799,0.5,0.0,1.0,0.3381613859840799,0.5,,,,,,,,low_scatter,399.36644959214834,0.0319378506689684,0.0044160981216212,383.838254148619,1,,0.16209476309226933,,0.20618556701030927,1.0,437,0.99474156,1
null,2584163,5,3,confirmed_planet_host,10.681893964654886,tcf,False,1,False,True,False,True,True,,10.681893964654886,,1.0,,6.026142124220945,,1.0,,,,0.0,2.0218847278558627,0.0,1.0,0.007294909285287612,3.0,0.3381613859840799,0.5,8.0,,0.875,,,,,low_scatter,399.36644959214834,0.0319378506689684,0.0044160981216212,383.838254148619,1,0.9576059850374065,,0.9484536082474226,,1.0,438,0.00042729895,2
null,2584163,5,4,confirmed_planet_host,9.150716905635212,bls,False,1,True,False,True,False,False,9.150716905635212,,1.0,,4.398810348054457,,1.0,,,,,0.0040979107972631545,0.0,0.0040979107972631545,1.0,0.0,1.0,0.0040979107972631545,1.0,,,,,,,,low_scatter,399.36644959214834,0.0319378506689684,0.0044160981216212,383.838254148619,1,,0.17955112219451372,,0.23711340206185566,1.0,439,0.9919342,1
null,2584163,5,4,confirmed_planet_host,9.113371123707903,tcf,False,1,False,True,False,True,True,,9.113371123707903,,1.0,,6.762101778948178,,1.0,,,,0.0,0.004081186459206329,0.0,1.0,0.004081186459206329,1.0,0.0040979107972631545,1.0,11.0,,0.8181818181818182,,,,,low_scatter,399.36644959214834,0.0319378506689684,0.0044160981216212,383.838254148619,1,0.41895261845386533,,0.38144329896907214,,1.0,440,0.9513741,2
null,2584163,5,5,confirmed_planet_host,9.720240080026675,bls,False,1,True,False,True,False,False,9.720240080026675,,1.0,,3.5431378291001483,,1.0,,,,,0.31488401607558353,0.0,0.31488401607558353,1.0,0.0,1.0,0.31488401607558353,1.0,,,,,,,,low_scatter,399.36644959214834,0.0319378506689684,0.0044160981216212,383.838254148619,1,,0.5486284289276808,,0.7216494845360825,1.0,441,0.99377114,1
null,2584163,5,5,confirmed_planet_host,14.187729243081028,tcf,False,1,False,True,False,True,True,,14.187729243081028,,1.0,,7.675114664407555,,1.0,,,,0.0,0.4596068745497583,0.0,1.0,0.2701965627251209,2.0,0.31488401607558353,1.0,6.0,,1.0,,,,,low_scatter,399.36644959214834,0.0319378506689684,0.0044160981216212,383.838254148619,1,0.1172069825436409,,0.09278350515463918,,1.0,442,0.014904697,2
null,2584163,5,6,confirmed_planet_host,14.435145048349453,bls,False,1,True,False,True,False,False,14.435145048349453,,1.0,,3.558136052474053,,1.0,,,,,1.461534087678399,0.0,0.1794886374405335,3.0,0.0,1.0,0.1794886374405335,3.0,,,,,,,,low_scatter,399.36644959214834,0.0319378506689684,0.0044160981216212,383.838254148619,1,,0.5361596009975063,,0.7010309278350515,1.0,443,0.8249346,1
null,2584163,5,6,confirmed_planet_host,5.864288096032011,tcf,False,1,False,True,False,True,True,,5.864288096032011,,1.0,,7.146423440455423,,1.0,,,,0.0,0.5937492781409531,0.0,1.0,0.1874985562819063,0.5,0.1794886374405335,3.0,17.0,,0.7647058823529411,,,,,low_scatter,399.36644959214834,0.0319378506689684,0.0044160981216212,383.838254148619,1,0.2518703241895262,,0.1958762886597938,,1.0,444,0.30215266,2
null,2584163,5,7,confirmed_planet_host,14.019673224408136,bls,False,1,True,False,True,False,False,14.019673224408136,,1.0,,4.842651600577377,,1.0,,,,,0.18976201929879163,0.0,0.18976201929879163,1.0,0.0,1.0,0.18976201929879163,1.0,,,,,,,,low_scatter,399.36644959214834,0.0319378506689684,0.0044160981216212,383.838254148619,1,,0.07481296758104738,,0.09278350515463918,1.0,445,0.98406315,1
null,2584163,5,7,confirmed_planet_host,11.783594531510504,tcf,False,1,False,True,False,True,True,,11.783594531510504,,1.0,,7.644360778544196,,1.0,,,,0.0,0.15949577833273867,0.0,1.0,0.15949577833273867,1.0,0.18976201929879163,1.0,7.0,,0.8571428571428571,,,,,low_scatter,399.36644959214834,0.0319378506689684,0.0044160981216212,383.838254148619,1,0.12718204488778054,,0.1134020618556701,,1.0,446,0.12688066,2
null,2693736,5,0,confirmed_planet_host,1.8916305435145049,bls,False,1,True,False,True,False,False,1.8916305435145049,,1.0,,3.229030049864362,,1.0,,,,,0.8546167448297071,0.0,0.7092334896594142,0.5,0.0,1.0,0.7092334896594142,0.5,,,,,,,,low_scatter,454.0150778128674,0.0321536469572723,0.1169715578241618,418.6860573701959,1,,0.7107231920199502,,0.9072164948453608,1.0,447,0.9850979,1
null,2693736,5,0,confirmed_planet_host,13.011337112370793,tcf,False,1,False,True,False,True,True,,13.011337112370793,,1.0,,6.81115244015497,,1.0,,,,0.0,5.878371232152301,0.0,1.0,1.2927904107174337,3.0,0.7092334896594142,0.5,5.0,,1.0,,,,,low_scatter,454.0150778128674,0.0321536469572723,0.1169715578241618,418.6860573701959,1,0.38403990024937656,,0.32989690721649484,,1.0,448,0.0027910024,2
null,2693736,5,1,confirmed_planet_host,9.580193397799269,bls,False,1,True,False,True,False,False,9.580193397799269,,1.0,,4.0430420200499775,,1.0,,,,,0.14188625253368312,0.0,0.14188625253368312,1.0,0.0,1.0,0.14188625253368312,1.0,,,,,,,,low_scatter,454.0150778128674,0.0321536469572723,0.1169715578241618,418.6860573701959,1,,0.29177057356608477,,0.41237113402061853,1.0,449,0.9792987,1
null,2693736,5,1,confirmed_planet_host,8.38979659886629,tcf,False,1,False,True,False,True,True,,8.38979659886629,,1.0,,6.051997947351804,,1.0,,,,0.0,0.12425603007204765,0.0,1.0,0.12425603007204765,1.0,0.14188625253368312,1.0,11.0,,0.8181818181818182,,,,,low_scatter,454.0150778128674,0.0321536469572723,0.1169715578241618,418.6860573701959,1,0.9476309226932669,,0.9381443298969072,,1.0,450,0.20917745,2
null,2693736,5,2,confirmed_planet_host,13.898299433144382,bls,False,1,True,False,True,False,False,13.898299433144382,,1.0,,3.360847799798879,,1.0,,,,,0.4223170107490193,0.0,0.28884149462549036,2.0,0.0,1.0,0.28884149462549036,2.0,,,,,,,,low_scatter,454.0150778128674,0.0321536469572723,0.1169715578241618,418.6860573701959,1,,0.6533665835411472,,0.8247422680412371,1.0,451,0.9165117,1
null,2693736,5,2,confirmed_planet_host,9.771590530176724,tcf,False,1,False,True,False,True,True,,9.771590530176724,,1.0,,6.192651010283338,,1.0,,,,0.0,0.2969218588805453,0.0,1.0,0.2969218588805453,1.0,0.28884149462549036,2.0,9.0,,1.0,,,,,low_scatter,454.0150778128674,0.0321536469572723,0.1169715578241618,418.6860573701959,1,0.8802992518703242,,0.8350515463917526,,1.0,452,0.52246445,2
null,2693736,5,3,confirmed_planet_host,8.109703234411471,bls,False,1,True,False,True,False,False,8.109703234411471,,1.0,,4.279858669454032,,1.0,,,,,0.14124161231289004,0.0,0.14124161231289004,1.0,0.0,1.0,0.14124161231289004,1.0,,,,,,,,low_scatter,454.0150778128674,0.0321536469572723,0.1169715578241618,418.6860573701959,1,,0.20947630922693267,,0.28865979381443296,1.0,453,0.9792987,1
null,2693736,5,3,confirmed_planet_host,7.106035345115039,tcf,False,1,False,True,False,True,True,,7.106035345115039,,1.0,,6.42463636511561,,1.0,,,,0.0,0.12376135849677232,0.0,1.0,0.12376135849677232,1.0,0.14124161231289004,1.0,13.0,,0.9230769230769232,,,,,low_scatter,454.0150778128674,0.0321536469572723,0.1169715578241618,418.6860573701959,1,0.6882793017456359,,0.6597938144329897,,1.0,454,0.24971077,2
null,2693736,5,4,confirmed_planet_host,4.916638879626543,bls,False,1,True,False,True,False,False,4.916638879626543,,1.0,,3.5411960775261333,,1.0,,,,,0.3507551406807274,0.0,0.2984897186385452,0.5,0.0,1.0,0.2984897186385452,0.5,,,,,,,,low_scatter,454.0150778128674,0.0321536469572723,0.1169715578241618,418.6860573701959,1,,0.5511221945137157,,0.7319587628865979,1.0,455,0.9851467,1
null,2693736,5,4,confirmed_planet_host,7.572857619206403,tcf,False,1,False,True,False,True,True,,7.572857619206403,,1.0,,6.159516845005884,,1.0,,,,0.0,0.5402509325194982,0.0,1.0,0.22987453374025094,2.0,0.2984897186385452,0.5,13.0,,0.6923076923076923,,,,,low_scatter,454.0150778128674,0.0321536469572723,0.1169715578241618,418.6860573701959,1,0.8952618453865336,,0.865979381443299,,1.0,456,0.026547518,2
null,2693736,5,5,confirmed_planet_host,14.397799266422142,bls,False,1,True,False,True,False,False,14.397799266422142,,1.0,,4.205735076256077,,1.0,,,,,0.01580916084409629,0.0,0.01580916084409629,1.0,0.0,1.0,0.01580916084409629,1.0,,,,,,,,low_scatter,454.0150778128674,0.0321536469572723,0.1169715578241618,418.6860573701959,1,,0.23690773067331672,,0.3402061855670103,1.0,457,0.987015,1
null,2693736,5,5,confirmed_planet_host,14.173724574858287,tcf,False,1,False,True,False,True,True,,14.173724574858287,,1.0,,6.463793652767724,,1.0,,,,0.0,0.015563120961578567,0.0,1.0,0.015563120961578567,1.0,0.01580916084409629,1.0,7.0,,0.8571428571428571,,,,,low_scatter,454.0150778128674,0.0321536469572723,0.1169715578241618,418.6860573701959,1,0.6583541147132169,,0.6288659793814433,,1.0,458,0.2820822,2
null,2693736,5,6,confirmed_planet_host,4.468489496498833,bls,False,1,True,False,True,False,False,4.468489496498833,,1.0,,3.238121911864419,,1.0,,,,,0.5185557751032872,0.0,0.03711155020657448,0.5,0.0,1.0,0.03711155020657448,0.5,,,,,,,,low_scatter,454.0150778128674,0.0321536469572723,0.1169715578241618,418.6860573701959,1,,0.7082294264339152,,0.8969072164948454,1.0,459,0.97574586,1
null,2693736,5,6,confirmed_planet_host,9.281427142380794,tcf,False,1,False,True,False,True,True,,9.281427142380794,,1.0,,6.304159893284833,,1.0,,,,0.0,1.077083799716439,0.0,1.0,0.03854189985821956,2.0,0.03711155020657448,0.5,9.0,,0.6666666666666666,,,,,low_scatter,454.0150778128674,0.0321536469572723,0.1169715578241618,418.6860573701959,1,0.7805486284289277,,0.7628865979381443,,1.0,460,0.0013917158,2
null,2693736,5,7,confirmed_planet_host,7.227409136378793,bls,False,1,True,False,True,False,False,7.227409136378793,,1.0,,3.968802670278356,,1.0,,,,,0.2752532851840706,0.0,0.2752532851840706,1.0,0.0,1.0,0.2752532851840706,1.0,,,,,,,,low_scatter,454.0150778128674,0.0321536469572723,0.1169715578241618,418.6860573701959,1,,0.32418952618453867,,0.4742268041237113,1.0,461,0.99156475,1
null,2693736,5,7,confirmed_planet_host,9.972324108036013,tcf,False,1,False,True,False,True,True,,9.972324108036013,,1.0,,6.066469328547888,,1.0,,,,0.0,0.3797923875432526,0.0,1.0,0.3101038062283737,2.0,0.2752532851840706,1.0,10.0,,0.9,,,,,low_scatter,454.0150778128674,0.0321536469572723,0.1169715578241618,418.6860573701959,1,0.942643391521197,,0.9278350515463918,,1.0,462,0.03326461,2
null,2713049,5,0,confirmed_planet_host,6.793264421473825,bls,False,1,True,False,True,False,False,6.793264421473825,,1.0,,2.946643444085443,,1.0,,,,,0.47639363643372995,0.0,0.047212727132540065,0.5,0.0,1.0,0.047212727132540065,0.5,,,,,,,,low_scatter,452.97370745852663,0.0321536469572723,0.3031218423350373,350.575032674304,1,,0.8478802992518704,,0.9690721649484536,1.0,463,0.9345492,1
null,2713049,5,0,confirmed_planet_host,12.973991330443482,tcf,False,1,False,True,False,True,True,,12.973991330443482,,1.0,,16.276126694754126,,1.0,,,,0.0,0.9098316399155745,0.0,1.0,0.04508418004221276,2.0,0.047212727132540065,0.5,5.0,,0.8,,,,,low_scatter,452.97370745852663,0.0321536469572723,0.3031218423350373,350.575032674304,1,0.00997506234413965,,0.020618556701030927,,1.0,464,0.001405674,2
null,2713049,5,1,confirmed_planet_host,3.0353451150383464,bls,False,1,True,False,True,False,False,3.0353451150383464,,1.0,,3.297918929824865,,1.0,,,,,0.7705029623093408,0.0,0.5410059246186815,0.5,0.0,1.0,0.5410059246186815,0.5,,,,,,,,low_scatter,452.97370745852663,0.0321536469572723,0.3031218423350373,350.575032674304,1,,0.683291770573566,,0.8556701030927835,1.0,465,0.9820124,1
null,2713049,5,1,confirmed_planet_host,13.22607535845282,tcf,False,1,False,True,False,True,True,,13.22607535845282,,1.0,,7.650317362026103,,1.0,,,,0.0,3.3573547182247614,0.0,1.0,0.4524515727415871,3.0,0.5410059246186815,0.5,7.0,,0.7142857142857143,,,,,low_scatter,452.97370745852663,0.0321536469572723,0.3031218423350373,350.575032674304,1,0.12468827930174564,,0.10309278350515463,,1.0,466,0.0019733459,2
null,2713049,5,2,confirmed_planet_host,13.1513837945982,bls,False,1,True,False,True,False,False,13.1513837945982,,1.0,,2.904522958394489,,1.0,,,,,0.015133966489074068,0.0,0.015133966489074068,1.0,0.0,1.0,0.015133966489074068,1.0,,,,,,,,low_scatter,452.97370745852663,0.0321536469572723,0.3031218423350373,350.575032674304,1,,0.8628428927680798,,0.979381443298969,1.0,467,0.97124755,1
null,2713049,5,2,confirmed_planet_host,12.955318439479829,tcf,False,1,False,True,False,True,True,,12.955318439479829,,1.0,,9.573106381632776,,1.0,,,,0.0,0.014908344108922058,0.0,1.0,0.014908344108922058,1.0,0.015133966489074068,1.0,4.0,,1.0,,,,,low_scatter,452.97370745852663,0.0321536469572723,0.3031218423350373,350.575032674304,1,0.05236907730673317,,0.041237113402061855,,1.0,468,0.49986556,2
null,2713049,5,3,confirmed_planet_host,13.655551850616874,bls,False,1,True,False,True,False,False,13.655551850616874,,1.0,,2.802120015828253,,1.0,,,,,0.32529691595741234,0.0,0.32529691595741234,1.0,0.0,1.0,0.32529691595741234,1.0,,,,,,,,low_scatter,452.97370745852663,0.0321536469572723,0.3031218423350373,350.575032674304,1,,0.9052369077306733,,1.0,1.0,469,0.98158264,1
null,2713049,5,3,confirmed_planet_host,10.303767922640882,tcf,False,1,False,True,False,True,True,,10.303767922640882,,1.0,,7.430160703517093,,1.0,,,,0.0,0.24545210363099162,0.0,1.0,0.24545210363099162,1.0,0.32529691595741234,1.0,9.0,,0.7777777777777778,,,,,low_scatter,452.97370745852663,0.0321536469572723,0.3031218423350373,350.575032674304,1,0.1571072319201995,,0.14432989690721648,,1.0,470,0.3273164,2
null,2713049,5,4,confirmed_planet_host,6.447815938646216,bls,False,1,True,False,True,False,False,6.447815938646216,,1.0,,3.8797869017195503,,1.0,,,,,0.3573398916547575,0.0,0.2853202166904851,0.5,0.0,1.0,0.2853202166904851,0.5,,,,,,,,low_scatter,452.97370745852663,0.0321536469572723,0.3031218423350373,350.575032674304,1,,0.36159600997506236,,0.5360824742268041,1.0,471,0.9858878,1
null,2713049,5,4,confirmed_planet_host,10.03301100366789,tcf,False,1,False,True,False,True,True,,10.03301100366789,,1.0,,6.922316817536711,,1.0,,,,0.0,0.5560324765992655,0.0,1.0,0.22198376170036727,2.0,0.2853202166904851,0.5,9.0,,0.6666666666666666,,,,,low_scatter,452.97370745852663,0.0321536469572723,0.3031218423350373,350.575032674304,1,0.3341645885286783,,0.26804123711340205,,1.0,472,0.017511353,2
null,2713049,5,5,confirmed_planet_host,8.19839946648883,bls,False,1,True,False,True,False,False,8.19839946648883,,1.0,,3.035472448901743,,1.0,,,,,0.4376901086335049,0.0,0.12461978273299022,0.5,0.0,1.0,0.12461978273299022,0.5,,,,,,,,low_scatter,452.97370745852663,0.0321536469572723,0.3031218423350373,350.575032674304,1,,0.8054862842892768,,0.9484536082474226,1.0,473,0.9438969,1
null,2713049,5,5,confirmed_planet_host,14.579859953317774,tcf,False,1,False,True,False,True,True,,14.579859953317774,,1.0,,6.842363939988398,,1.0,,,,0.0,0.7783788180745923,0.0,1.0,0.11081059096270383,2.0,0.12461978273299022,0.5,4.0,,0.75,,,,,low_scatter,452.97370745852663,0.0321536469572723,0.3031218423350373,350.575032674304,1,0.3765586034912718,,0.31958762886597936,,1.0,474,0.006112176,2
null,2713049,5,6,confirmed_planet_host,4.603867955985329,bls,False,1,True,False,True,False,False,4.603867955985329,,1.0,,3.2729287235514812,,1.0,,,,,0.6663928286660062,0.0,0.33278565733201243,0.5,0.0,1.0,0.33278565733201243,0.5,,,,,,,,low_scatter,452.97370745852663,0.0321536469572723,0.3031218423350373,350.575032674304,1,,0.6932668329177057,,0.865979381443299,1.0,475,0.98322845,1
null,2713049,5,6,confirmed_planet_host,13.800266755585197,tcf,False,1,False,True,False,True,True,,13.800266755585197,,1.0,,6.508332355329033,,1.0,,,,0.0,1.9975374809879045,0.0,1.0,0.0008208396706984945,3.0,0.33278565733201243,0.5,5.0,,1.0,,,,,low_scatter,452.97370745852663,0.0321536469572723,0.3031218423350373,350.575032674304,1,0.6159600997506235,,0.5670103092783505,,1.0,476,0.00055495364,2
null,2713049,5,7,confirmed_planet_host,12.885295098366123,bls,False,1,True,False,True,False,False,12.885295098366123,,1.0,,4.199383854125658,,1.0,,,,,0.07629974901398345,0.0,0.07629974901398345,1.0,0.0,1.0,0.07629974901398345,1.0,,,,,,,,low_scatter,452.97370745852663,0.0321536469572723,0.3031218423350373,350.575032674304,1,,0.23940149625935161,,0.35051546391752575,1.0,477,0.9772474,1
null,2713049,5,7,confirmed_planet_host,13.949649883294432,tcf,False,1,False,True,False,True,True,,13.949649883294432,,1.0,,7.316882328464875,,1.0,,,,0.0,0.08260228243148818,0.0,1.0,0.08260228243148818,1.0,0.07629974901398345,1.0,6.0,,0.8333333333333334,,,,,low_scatter,452.97370745852663,0.0321536469572723,0.3031218423350373,350.575032674304,1,0.18703241895261846,,0.15463917525773196,,1.0,478,0.12666903,2
null,2715135,5,0,confirmed_planet_host,13.949649883294432,bls,False,1,True,False,True,False,False,13.949649883294432,,1.0,,3.315470712596736,,1.0,,,,,0.04810120821861704,0.0,0.04810120821861704,1.0,0.0,1.0,0.04810120821861704,1.0,,,,,,,,highest_scatter,2555.578506954862,0.0319378506689684,0.9857965973376128,277.77690379901316,1,,0.6758104738154613,,0.3904761904761905,1.0,479,0.4096489,1
null,2715135,5,0,confirmed_planet_host,14.654551517172392,tcf,False,1,False,True,False,True,True,,14.654551517172392,,1.0,,6.5845259507721305,,1.0,,,,0.0,0.050531851320664525,0.0,1.0,0.050531851320664525,1.0,0.04810120821861704,1.0,5.0,,1.0,,,,,highest_scatter,2555.578506954862,0.0319378506689684,0.9857965973376128,277.77690379901316,1,0.5635910224438903,,0.6,,1.0,480,0.057459533,2
null,2715135,5,1,confirmed_planet_host,13.146715571857287,bls,False,1,True,False,True,False,False,13.146715571857287,,1.0,,2.2492826943484188,,1.0,,,,,0.008799054730120414,0.0,0.008799054730120414,1.0,0.0,1.0,0.008799054730120414,1.0,,,,,,,,highest_scatter,2555.578506954862,0.0319378506689684,0.9857965973376128,277.77690379901316,1,,0.9950124688279302,,0.9904761904761905,1.0,481,0.595221,1
null,2715135,5,1,confirmed_planet_host,13.263421140380128,tcf,False,1,False,True,False,True,True,,13.263421140380128,,1.0,,6.4144314208821545,,1.0,,,,0.0,0.008877165394272952,0.0,1.0,0.008877165394272952,1.0,0.008799054730120414,1.0,4.0,,1.0,,,,,highest_scatter,2555.578506954862,0.0319378506689684,0.9857965973376128,277.77690379901316,1,0.6957605985037406,,0.7047619047619048,,1.0,482,0.029184459,2
null,2715135,5,2,confirmed_planet_host,6.060353451150384,bls,False,1,True,False,True,False,False,6.060353451150384,,1.0,,3.863233812328303,,1.0,,,,,0.32881568743306605,0.0,0.32881568743306605,1.0,0.0,1.0,0.32881568743306605,1.0,,,,,,,,highest_scatter,2555.578506954862,0.0319378506689684,0.9857965973376128,277.77690379901316,1,,0.371571072319202,,0.18095238095238095,1.0,483,0.72883236,1
null,2715135,5,2,confirmed_planet_host,9.029343114371455,tcf,False,1,False,True,False,True,True,,9.029343114371455,,1.0,,6.760706052202749,,1.0,,,,0.0,0.48990371389270937,0.0,1.0,0.2550481430536453,2.0,0.32881568743306605,1.0,10.0,,1.0,,,,,highest_scatter,2555.578506954862,0.0319378506689684,0.9857965973376128,277.77690379901316,1,0.4239401496259352,,0.42857142857142855,,1.0,484,0.038278073,2
null,2715135,5,3,confirmed_planet_host,5.948316105368456,bls,False,1,True,False,True,False,False,5.948316105368456,,1.0,,3.380372257996585,,1.0,,,,,1.0984590048229617,0.0,0.04922950241148088,2.0,0.0,1.0,0.04922950241148088,2.0,,,,,,,,highest_scatter,2555.578506954862,0.0319378506689684,0.9857965973376128,277.77690379901316,1,,0.6408977556109726,,0.34285714285714286,1.0,485,0.3706714,1
null,2715135,5,3,confirmed_planet_host,2.83461153717906,tcf,False,1,False,True,False,True,True,,2.83461153717906,,1.0,,6.3636310140609105,,1.0,,,,0.0,0.5234598351925556,0.0,1.0,0.04691967038511116,0.5,0.04922950241148088,2.0,32.0,,0.75,,,,,highest_scatter,2555.578506954862,0.0319378506689684,0.9857965973376128,277.77690379901316,1,0.743142144638404,,0.7428571428571429,,1.0,486,0.020817311,2
null,2715135,5,4,confirmed_planet_host,9.911637212404136,bls,False,1,True,False,True,False,False,9.911637212404136,,1.0,,3.6648958503770257,,1.0,,,,,0.5098796159902474,0.0,0.2450601920048763,2.0,0.0,1.0,0.2450601920048763,2.0,,,,,,,,highest_scatter,2555.578506954862,0.0319378506689684,0.9857965973376128,277.77690379901316,1,,0.46384039900249374,,0.23809523809523808,1.0,487,0.3160527,1
null,2715135,5,4,confirmed_planet_host,6.564521507169057,tcf,False,1,False,True,False,True,True,,6.564521507169057,,1.0,,7.125432194127051,,1.0,,,,0.0,0.3376955424726661,0.0,1.0,0.32460891505466777,0.5,0.2450601920048763,2.0,13.0,,0.7692307692307693,,,,,highest_scatter,2555.578506954862,0.0319378506689684,0.9857965973376128,277.77690379901316,1,0.26683291770573564,,0.2857142857142857,,1.0,488,0.285808,2
null,2715135,5,5,confirmed_planet_host,8.417805935311772,bls,False,1,True,False,True,False,False,8.417805935311772,,1.0,,3.719582424563298,,1.0,,,,,0.38733163451037483,0.0,0.2253367309792503,0.5,0.0,1.0,0.2253367309792503,0.5,,,,,,,,highest_scatter,2555.578506954862,0.0319378506689684,0.9857965973376128,277.77690379901316,1,,0.44139650872817954,,0.22857142857142856,1.0,489,0.51577836,1
null,2715135,5,5,confirmed_planet_host,13.739579859953318,tcf,False,1,False,True,False,True,True,,13.739579859953318,,1.0,,6.638193230395248,,1.0,,,,0.0,0.632204396910279,0.0,1.0,0.18389780154486052,2.0,0.2253367309792503,0.5,7.0,,0.8571428571428571,,,,,highest_scatter,2555.578506954862,0.0319378506689684,0.9857965973376128,277.77690379901316,1,0.5012468827930174,,0.49523809523809526,,1.0,490,0.018877652,2
null,2715135,5,6,confirmed_planet_host,7.152717572524176,bls,False,1,True,False,True,False,False,7.152717572524176,,1.0,,2.8343807825056677,,1.0,,,,,0.09986991733456418,0.0,0.09986991733456418,1.0,0.0,1.0,0.09986991733456418,1.0,,,,,,,,highest_scatter,2555.578506954862,0.0319378506689684,0.9857965973376128,277.77690379901316,1,,0.8952618453865336,,0.7714285714285715,1.0,491,0.49035546,1
null,2715135,5,6,confirmed_planet_host,7.946315438479494,tcf,False,1,False,True,False,True,True,,7.946315438479494,,1.0,,6.5405465158765885,,1.0,,,,0.0,0.11095053843643649,0.0,1.0,0.11095053843643649,1.0,0.09986991733456418,1.0,11.0,,0.6363636363636364,,,,,highest_scatter,2555.578506954862,0.0319378506689684,0.9857965973376128,277.77690379901316,1,0.5935162094763092,,0.638095238095238,,1.0,492,0.09709711,2
null,2715135,5,7,confirmed_planet_host,11.820940313437813,bls,False,1,True,False,True,False,False,11.820940313437813,,1.0,,3.564767489880111,,1.0,,,,,0.15711262749946503,0.0,0.15711262749946503,1.0,0.0,1.0,0.15711262749946503,1.0,,,,,,,,highest_scatter,2555.578506954862,0.0319378506689684,0.9857965973376128,277.77690379901316,1,,0.5261845386533666,,0.2761904761904762,1.0,493,0.51395077,1
null,2715135,5,7,confirmed_planet_host,14.02434144714905,tcf,False,1,False,True,False,True,True,,14.02434144714905,,1.0,,6.559986648745443,,1.0,,,,0.0,0.18639812699218639,0.0,1.0,0.18639812699218639,1.0,0.15711262749946503,1.0,7.0,,0.8571428571428571,,,,,highest_scatter,2555.578506954862,0.0319378506689684,0.9857965973376128,277.77690379901316,1,0.5785536159600998,,0.6190476190476191,,1.0,494,0.13099544,2
null,2715695,5,0,confirmed_planet_host,8.959319773257754,bls,False,1,True,False,True,False,False,8.959319773257754,,1.0,,3.994245626814299,,1.0,,,,,0.09907146071092565,0.0,0.09907146071092565,1.0,0.0,1.0,0.09907146071092565,1.0,,,,,,,,high_scatter,751.0872160005945,0.0319378506689684,0.121172730279881,667.7552088921291,0,,0.30174563591022446,,0.422680412371134,1.0,495,0.8881297,1
null,2715695,5,0,confirmed_planet_host,8.151717239079694,tcf,False,1,False,True,False,True,True,,8.151717239079694,,1.0,,6.22406298227404,,1.0,,,,0.0,0.0901410547471063,0.0,1.0,0.0901410547471063,1.0,0.09907146071092565,1.0,9.0,,0.7777777777777778,,,,,high_scatter,751.0872160005945,0.0319378506689684,0.121172730279881,667.7552088921291,0,0.8503740648379052,,0.8762886597938144,,1.0,496,0.07101866,2
null,2715695,5,1,confirmed_planet_host,7.936978992997666,bls,False,1,True,False,True,False,False,7.936978992997666,,1.0,,3.5278658010401287,,1.0,,,,,0.2510776201113803,0.0,0.2510776201113803,1.0,0.0,1.0,0.2510776201113803,1.0,,,,,,,,high_scatter,751.0872160005945,0.0319378506689684,0.121172730279881,667.7552088921291,0,,0.5586034912718204,,0.6701030927835051,1.0,497,0.9286449,1
null,2715695,5,1,confirmed_planet_host,10.59786595531844,tcf,False,1,False,True,False,True,True,,10.59786595531844,,1.0,,6.687318446442997,,1.0,,,,0.0,0.3352518590093686,0.0,1.0,0.3323740704953157,2.0,0.2510776201113803,1.0,9.0,,0.8888888888888888,,,,,high_scatter,751.0872160005945,0.0319378506689684,0.121172730279881,667.7552088921291,0,0.4763092269326683,,0.4329896907216495,,1.0,498,0.029362615,2
null,2715695,5,2,confirmed_planet_host,10.34111370456819,bls,False,1,True,False,True,False,False,10.34111370456819,,1.0,,3.34578960998528,,1.0,,,,,0.2727976176518864,0.0,0.2727976176518864,1.0,0.0,1.0,0.2727976176518864,1.0,,,,,,,,high_scatter,751.0872160005945,0.0319378506689684,0.121172730279881,667.7552088921291,0,,0.6608478802992519,,0.7938144329896907,1.0,499,0.97226834,1
null,2715695,5,2,confirmed_planet_host,14.220406802267425,tcf,False,1,False,True,False,True,True,,14.220406802267425,,1.0,,6.108737618719914,,1.0,,,,0.0,0.3751330087382711,0.0,1.0,0.3124334956308644,2.0,0.2727976176518864,1.0,7.0,,0.7142857142857143,,,,,high_scatter,751.0872160005945,0.0319378506689684,0.121172730279881,667.7552088921291,0,0.9251870324189526,,0.9381443298969072,,1.0,500,0.0011283482,2
null,2715695,5,3,confirmed_planet_host,10.18706235411804,bls,False,1,True,False,True,False,False,10.18706235411804,,1.0,,5.378248267228928,,1.0,,,,,0.08241477699354245,0.0,0.08241477699354245,1.0,0.0,1.0,0.08241477699354245,1.0,,,,,,,,high_scatter,751.0872160005945,0.0319378506689684,0.121172730279881,667.7552088921291,0,,0.0199501246882793,,0.030927835051546393,1.0,501,0.8927533,1
null,2715695,5,3,confirmed_planet_host,11.102034011337112,tcf,False,1,False,True,False,True,True,,11.102034011337112,,1.0,,6.44004779491607,,1.0,,,,0.0,0.08981702726588313,0.0,1.0,0.08981702726588313,1.0,0.08241477699354245,1.0,9.0,,0.8888888888888888,,,,,high_scatter,751.0872160005945,0.0319378506689684,0.121172730279881,667.7552088921291,0,0.6783042394014963,,0.6288659793814433,,1.0,502,0.06358657,2
null,2715695,5,4,confirmed_planet_host,8.282427475825276,bls,False,1,True,False,True,False,False,8.282427475825276,,1.0,,3.742184955798745,,1.0,,,,,0.1511794966862864,0.0,0.1511794966862864,1.0,0.0,1.0,0.1511794966862864,1.0,,,,,,,,high_scatter,751.0872160005945,0.0319378506689684,0.121172730279881,667.7552088921291,0,,0.4239401496259352,,0.5463917525773195,1.0,503,0.89730513,1
null,2715695,5,4,confirmed_planet_host,7.194731577192398,tcf,False,1,False,True,False,True,True,,7.194731577192398,,1.0,,6.122253155804367,,1.0,,,,0.0,0.13132573775111728,0.0,1.0,0.13132573775111728,1.0,0.1511794966862864,1.0,13.0,,0.6923076923076923,,,,,high_scatter,751.0872160005945,0.0319378506689684,0.121172730279881,667.7552088921291,0,0.9152119700748129,,0.9175257731958762,,1.0,504,0.025961395,2
null,2715695,5,5,confirmed_planet_host,14.220406802267425,bls,False,1,True,False,True,False,False,14.220406802267425,,1.0,,3.6634189843484064,,1.0,,,,,0.09844172569220873,0.0,0.09844172569220873,1.0,0.0,1.0,0.09844172569220873,1.0,,,,,,,,high_scatter,751.0872160005945,0.0319378506689684,0.121172730279881,667.7552088921291,0,,0.4688279301745636,,0.5773195876288659,1.0,505,0.8785247,1
null,2715695,5,5,confirmed_planet_host,12.945981993998,tcf,False,1,False,True,False,True,True,,12.945981993998,,1.0,,6.922520269351768,,1.0,,,,0.0,0.08961943395784003,0.0,1.0,0.08961943395784003,1.0,0.09844172569220873,1.0,7.0,,0.8571428571428571,,,,,high_scatter,751.0872160005945,0.0319378506689684,0.121172730279881,667.7552088921291,0,0.3316708229426434,,0.27835051546391754,,1.0,506,0.02325436,2
null,2715695,5,6,confirmed_planet_host,10.4811603867956,bls,False,1,True,False,True,False,False,10.4811603867956,,1.0,,4.339855043484932,,1.0,,,,,0.4906340399298146,0.0,0.2546829800350927,2.0,0.0,1.0,0.2546829800350927,2.0,,,,,,,,high_scatter,751.0872160005945,0.0319378506689684,0.121172730279881,667.7552088921291,0,,0.19201995012468828,,0.26804123711340205,1.0,507,0.8933997,1
null,2715695,5,6,confirmed_planet_host,7.0313437812604205,tcf,False,1,False,True,False,True,True,,7.0313437812604205,,1.0,,6.205868301165558,,1.0,,,,0.0,0.3291445296344606,0.0,1.0,0.3291445296344606,1.0,0.2546829800350927,2.0,13.0,,0.8461538461538461,,,,,high_scatter,751.0872160005945,0.0319378506689684,0.121172730279881,667.7552088921291,0,0.8653366583541147,,0.8969072164948454,,1.0,508,0.17031272,2
null,2715695,5,7,confirmed_planet_host,14.509836612204069,bls,False,1,True,False,True,False,False,14.509836612204069,,1.0,,5.099140934485102,,1.0,,,,,1.635834999091405,0.0,0.12138833363619847,3.0,0.0,1.0,0.12138833363619847,3.0,,,,,,,,high_scatter,751.0872160005945,0.0319378506689684,0.121172730279881,667.7552088921291,0,,0.04488778054862843,,0.08247422680412371,1.0,509,0.767608,1
null,2715695,5,7,confirmed_planet_host,5.504834944981661,tcf,False,1,False,True,False,True,True,,5.504834944981661,,1.0,,6.611865269899809,,1.0,,,,0.0,0.6206135815236126,0.0,1.0,0.2412271630472251,0.5,0.12138833363619847,3.0,17.0,,0.8823529411764706,,,,,high_scatter,751.0872160005945,0.0319378506689684,0.121172730279881,667.7552088921291,0,0.5236907730673317,,0.4948453608247423,,1.0,510,0.24591157,2
null,2716801,5,0,confirmed_planet_host,12.147715905301768,bls,False,1,True,False,True,False,False,12.147715905301768,,1.0,,3.4026439667581965,,1.0,,,,,0.49878635783930525,0.0,0.2506068210803474,2.0,0.0,1.0,0.2506068210803474,2.0,,,,,,,,high_scatter,637.4152184568583,0.0319378506689684,0.0884020306825957,585.5662546125403,1,,0.6359102244389028,,0.7835051546391752,1.0,511,0.88650626,1
null,2716801,5,0,confirmed_planet_host,8.105035011670559,tcf,False,1,False,True,False,True,True,,8.105035011670559,,1.0,,6.919925581717152,,1.0,,,,0.0,0.3327935000411736,0.0,1.0,0.3327935000411736,1.0,0.2506068210803474,2.0,12.0,,0.8333333333333334,,,,,high_scatter,637.4152184568583,0.0319378506689684,0.0884020306825957,585.5662546125403,1,0.33665835411471323,,0.28865979381443296,,1.0,512,0.18310004,2
null,2716801,5,1,confirmed_planet_host,6.5831943981327115,bls,False,1,True,False,True,False,False,6.5831943981327115,,1.0,,2.7863703159965745,,1.0,,,,,0.520915183730067,0.0,0.23954240813496652,2.0,0.0,1.0,0.23954240813496652,2.0,,,,,,,,high_scatter,637.4152184568583,0.0319378506689684,0.0884020306825957,585.5662546125403,1,,0.9152119700748129,,0.9278350515463918,1.0,513,0.9318431,1
null,2716801,5,1,confirmed_planet_host,4.328442814271424,tcf,False,1,False,True,False,True,True,,4.328442814271424,,1.0,,6.210645908392114,,1.0,,,,0.0,0.3425011396444309,0.0,1.0,0.3149977207111382,0.5,0.23954240813496652,2.0,21.0,,0.8095238095238095,,,,,high_scatter,637.4152184568583,0.0319378506689684,0.0884020306825957,585.5662546125403,1,0.85785536159601,,0.8865979381443299,,1.0,514,0.046109367,2
null,2716801,5,2,confirmed_planet_host,5.103367789263088,bls,False,1,True,False,True,False,False,5.103367789263088,,1.0,,5.011084728045617,,1.0,,,,,0.42949267528981994,0.0,0.14101464942036007,0.5,0.0,1.0,0.14101464942036007,0.5,,,,,,,,high_scatter,637.4152184568583,0.0319378506689684,0.0884020306825957,585.5662546125403,1,,0.059850374064837904,,0.1134020618556701,1.0,515,0.9064578,1
null,2716801,5,2,confirmed_planet_host,8.945315105035013,tcf,False,1,False,True,False,True,True,,8.945315105035013,,1.0,,5.941292665487319,,1.0,,,,0.0,0.7528258738974192,0.0,1.0,0.12358706305129043,2.0,0.14101464942036007,0.5,9.0,,0.6666666666666666,,,,,high_scatter,637.4152184568583,0.0319378506689684,0.0884020306825957,585.5662546125403,1,0.9825436408977556,,0.9896907216494846,,1.0,516,0.0016180127,2
null,2716801,5,3,confirmed_planet_host,12.992664221407138,bls,False,1,True,False,True,False,False,12.992664221407138,,1.0,,3.260922265270315,,1.0,,,,,0.557291874825147,0.0,0.22135406258742651,2.0,0.0,1.0,0.22135406258742651,2.0,,,,,,,,high_scatter,637.4152184568583,0.0319378506689684,0.0884020306825957,585.5662546125403,1,,0.6957605985037406,,0.8247422680412371,1.0,517,0.90670174,1
null,2716801,5,3,confirmed_planet_host,8.343114371457153,tcf,False,1,False,True,False,True,True,,8.343114371457153,,1.0,,6.38212098079288,,1.0,,,,0.0,0.35785961760554347,0.0,1.0,0.28428076478891307,0.5,0.22135406258742651,2.0,12.0,,0.6666666666666666,,,,,high_scatter,637.4152184568583,0.0319378506689684,0.0884020306825957,585.5662546125403,1,0.7256857855361596,,0.6701030927835051,,1.0,518,0.04903152,2
null,2716801,5,4,confirmed_planet_host,14.757252417472492,bls,False,1,True,False,True,False,False,14.757252417472492,,1.0,,5.184656010887956,,1.0,,,,,0.3320391271632807,0.0,0.3320391271632807,1.0,0.0,1.0,0.3320391271632807,1.0,,,,,,,,high_scatter,637.4152184568583,0.0319378506689684,0.0884020306825957,585.5662546125403,1,,0.03740648379052369,,0.061855670103092786,1.0,519,0.9789242,1
null,2716801,5,4,confirmed_planet_host,11.078692897632545,tcf,False,1,False,True,False,True,True,,11.078692897632545,,1.0,,6.593620343176826,,1.0,,,,0.0,0.24927130171498296,0.0,1.0,0.24927130171498296,1.0,0.3320391271632807,1.0,8.0,,0.875,,,,,high_scatter,637.4152184568583,0.0319378506689684,0.0884020306825957,585.5662546125403,1,0.5486284289276808,,0.5154639175257731,,1.0,520,0.03405068,2
null,2716801,5,5,confirmed_planet_host,4.090363454484828,bls,False,1,True,False,True,False,False,4.090363454484828,,1.0,,4.137016968310149,,1.0,,,,,0.5585059077626731,0.0,0.2207470461186635,2.0,0.0,1.0,0.2207470461186635,2.0,,,,,,,,high_scatter,637.4152184568583,0.0319378506689684,0.0884020306825957,585.5662546125403,1,,0.26932668329177056,,0.3711340206185567,1.0,521,0.949681,1
null,2716801,5,5,confirmed_planet_host,2.624541513837946,tcf,False,1,False,True,False,True,True,,2.624541513837946,,1.0,,6.5361762588566386,,1.0,,,,0.0,0.35835982717860926,0.0,1.0,0.28328034564278154,0.5,0.2207470461186635,2.0,35.0,,0.6285714285714286,,,,,high_scatter,637.4152184568583,0.0319378506689684,0.0884020306825957,585.5662546125403,1,0.5985037406483791,,0.5567010309278351,,1.0,522,0.014635324,2
null,2716801,5,6,confirmed_planet_host,6.20973657885962,bls,False,1,True,False,True,False,False,6.20973657885962,,1.0,,4.091002277687384,,1.0,,,,,0.5298290792496655,0.0,0.059658158499330975,0.5,0.0,1.0,0.059658158499330975,0.5,,,,,,,,high_scatter,637.4152184568583,0.0319378506689684,0.0884020306825957,585.5662546125403,1,,0.2793017456359102,,0.3917525773195876,1.0,523,0.93702316,1
null,2716801,5,6,confirmed_planet_host,13.207402467489164,tcf,False,1,False,True,False,True,True,,13.207402467489164,,1.0,,7.144569415714875,,1.0,,,,0.0,1.1268861085754176,0.0,1.0,0.06344305428770877,2.0,0.059658158499330975,0.5,7.0,,0.8571428571428571,,,,,high_scatter,637.4152184568583,0.0319378506689684,0.0884020306825957,585.5662546125403,1,0.256857855361596,,0.15463917525773196,,1.0,524,0.0016279055,2
null,2716801,5,7,confirmed_planet_host,14.93464488162721,bls,False,1,True,False,True,False,False,14.93464488162721,,1.0,,4.501310216777644,,1.0,,,,,0.2346390274829783,0.0,0.2346390274829783,1.0,0.0,1.0,0.2346390274829783,1.0,,,,,,,,high_scatter,637.4152184568583,0.0319378506689684,0.0884020306825957,585.5662546125403,1,,0.14962593516209477,,0.2268041237113402,1.0,525,0.9475898,1
null,2716801,5,7,confirmed_planet_host,12.096365455151718,tcf,False,1,False,True,False,True,True,,12.096365455151718,,1.0,,6.368051182070829,,1.0,,,,0.0,0.1900466632432071,0.0,1.0,0.1900466632432071,1.0,0.2346390274829783,1.0,8.0,,0.875,,,,,high_scatter,637.4152184568583,0.0319378506689684,0.0884020306825957,585.5662546125403,1,0.7381546134663342,,0.7010309278350515,,1.0,526,0.041078012,2
null,2716853,5,0,confirmed_planet_host,12.95998666222074,bls,False,1,True,False,True,False,False,12.95998666222074,,1.0,,3.649333472596687,,1.0,,,,,0.2464962637503603,0.0,0.2464962637503603,1.0,0.0,1.0,0.2464962637503603,1.0,,,,,,,,high_scatter,597.2938732475109,0.0319378506689684,0.0690730216284773,572.952348696835,0,,0.4837905236907731,,0.5979381443298969,1.0,527,0.9546222,1
null,2716853,5,0,confirmed_planet_host,10.397132377459156,tcf,False,1,False,True,False,True,True,,10.397132377459156,,1.0,,6.328682445988511,,1.0,,,,0.0,0.19775130573494193,0.0,1.0,0.19775130573494193,1.0,0.2464962637503603,1.0,9.0,,1.0,,,,,high_scatter,597.2938732475109,0.0319378506689684,0.0690730216284773,572.952348696835,0,0.7655860349127181,,0.7422680412371134,,1.0,528,0.40509528,2
null,2716853,5,1,confirmed_planet_host,14.029009669889964,bls,False,1,True,False,True,False,False,14.029009669889964,,1.0,,4.913625767092885,,1.0,,,,,0.6304204611509397,0.0,0.18478976942453015,2.0,0.0,1.0,0.18478976942453015,2.0,,,,,,,,high_scatter,597.2938732475109,0.0319378506689684,0.0690730216284773,572.952348696835,0,,0.06733167082294264,,0.12371134020618557,1.0,529,0.9799898,1
null,2716853,5,1,confirmed_planet_host,8.604534844948317,tcf,False,1,False,True,False,True,True,,8.604534844948317,,1.0,,5.779600787120845,,1.0,,,,0.0,0.38666127920519094,0.0,1.0,0.22667744158961806,0.5,0.18478976942453015,2.0,11.0,,0.9090909090909092,,,,,high_scatter,597.2938732475109,0.0319378506689684,0.0690730216284773,572.952348696835,0,1.0,,1.0,,1.0,530,0.054615684,2
null,2716853,5,2,confirmed_planet_host,14.88329443147716,bls,False,1,True,False,True,False,False,14.88329443147716,,1.0,,4.233314248564953,,1.0,,,,,0.14223200348030798,0.0,0.14223200348030798,1.0,0.0,1.0,0.14223200348030798,1.0,,,,,,,,high_scatter,597.2938732475109,0.0319378506689684,0.0690730216284773,572.952348696835,0,,0.23192019950124687,,0.32989690721649484,1.0,531,0.95891964,1
null,2716853,5,2,confirmed_planet_host,13.030010003334446,tcf,False,1,False,True,False,True,True,,13.030010003334446,,1.0,,7.192965793502384,,1.0,,,,0.0,0.12452111571636598,0.0,1.0,0.12452111571636598,1.0,0.14223200348030798,1.0,5.0,,0.6,,,,,high_scatter,597.2938732475109,0.0319378506689684,0.0690730216284773,572.952348696835,0,0.22942643391521197,,0.14432989690721648,,1.0,532,0.030886134,2
null,2716853,5,3,confirmed_planet_host,12.661220406802268,bls,False,1,True,False,True,False,False,12.661220406802268,,1.0,,4.625767209978842,,1.0,,,,,0.6287479088920346,0.0,0.1856260455539827,2.0,0.0,1.0,0.1856260455539827,2.0,,,,,,,,high_scatter,597.2938732475109,0.0319378506689684,0.0690730216284773,572.952348696835,0,,0.1172069825436409,,0.1958762886597938,1.0,533,0.9799898,1
null,2716853,5,3,confirmed_planet_host,7.773591197065689,tcf,False,1,False,True,False,True,True,,7.773591197065689,,1.0,,6.2851696528929,,1.0,,,,0.0,0.3860314450501699,0.0,1.0,0.2279371098996602,0.5,0.1856260455539827,2.0,12.0,,0.75,,,,,high_scatter,597.2938732475109,0.0319378506689684,0.0690730216284773,572.952348696835,0,0.7980049875311721,,0.7731958762886598,,1.0,534,0.09113769,2
null,2716853,5,4,confirmed_planet_host,4.9353117705901965,bls,False,1,True,False,True,False,False,4.9353117705901965,,1.0,,4.250814014738784,,1.0,,,,,0.3868428683872573,0.0,0.22631426322548548,0.5,0.0,1.0,0.22631426322548548,0.5,,,,,,,,high_scatter,597.2938732475109,0.0319378506689684,0.0690730216284773,572.952348696835,0,,0.22194513715710723,,0.30927835051546393,1.0,535,0.9480505,1
null,2716853,5,4,confirmed_planet_host,8.049016338779595,tcf,False,1,False,True,False,True,True,,8.049016338779595,,1.0,,6.36830412679905,,1.0,,,,0.0,0.6309033173434231,0.0,1.0,0.18454834132828846,2.0,0.22631426322548548,0.5,10.0,,0.7,,,,,high_scatter,597.2938732475109,0.0319378506689684,0.0690730216284773,572.952348696835,0,0.7356608478802993,,0.6907216494845361,,1.0,536,0.014900938,2
null,2716853,5,5,confirmed_planet_host,11.760253417805936,bls,False,1,True,False,True,False,False,11.760253417805936,,1.0,,4.64407109481057,,1.0,,,,,0.13967557019148694,0.0,0.13967557019148694,1.0,0.0,1.0,0.13967557019148694,1.0,,,,,,,,high_scatter,597.2938732475109,0.0319378506689684,0.0690730216284773,572.952348696835,0,,0.11471321695760599,,0.18556701030927836,1.0,537,0.95891964,1
null,2716853,5,5,confirmed_planet_host,13.669556518839617,tcf,False,1,False,True,False,True,True,,13.669556518839617,,1.0,,6.873554521527749,,1.0,,,,0.0,0.1623522073208769,0.0,1.0,0.1623522073208769,1.0,0.13967557019148694,1.0,7.0,,0.8571428571428571,,,,,high_scatter,597.2938732475109,0.0319378506689684,0.0690730216284773,572.952348696835,0,0.36159600997506236,,0.30927835051546393,,1.0,538,0.09071224,2
null,2716853,5,6,confirmed_planet_host,12.325108369456489,bls,False,1,True,False,True,False,False,12.325108369456489,,1.0,,4.016004209492503,,1.0,,,,,0.16136131593874073,0.0,0.16136131593874073,1.0,0.0,1.0,0.16136131593874073,1.0,,,,,,,,high_scatter,597.2938732475109,0.0319378506689684,0.0690730216284773,572.952348696835,0,,0.2967581047381546,,0.41237113402061853,1.0,539,0.9611198,1
null,2716853,5,6,confirmed_planet_host,14.696565521840617,tcf,False,1,False,True,False,True,True,,14.696565521840617,,1.0,,7.301662651232065,,1.0,,,,0.0,0.19240862484105722,0.0,1.0,0.19240862484105722,1.0,0.16136131593874073,1.0,7.0,,0.7142857142857143,,,,,high_scatter,597.2938732475109,0.0319378506689684,0.0690730216284773,572.952348696835,0,0.18952618453865336,,0.10309278350515463,,1.0,540,0.044837996,2
null,2716853,5,7,confirmed_planet_host,9.729576525508504,bls,False,1,True,False,True,False,False,9.729576525508504,,1.0,,4.698235392305355,,1.0,,,,,0.3016460721773655,0.0,0.3016460721773655,1.0,0.0,1.0,0.3016460721773655,1.0,,,,,,,,high_scatter,597.2938732475109,0.0319378506689684,0.0690730216284773,572.952348696835,0,,0.09975062344139651,,0.15463917525773196,1.0,541,0.9875616,1
null,2716853,5,7,confirmed_planet_host,7.474824941647216,tcf,False,1,False,True,False,True,True,,7.474824941647216,,1.0,,6.261265051205329,,1.0,,,,0.0,0.23174200623736255,0.0,1.0,0.23174200623736255,1.0,0.3016460721773655,1.0,13.0,,0.7692307692307693,,,,,high_scatter,597.2938732475109,0.0319378506689684,0.0690730216284773,572.952348696835,0,0.8179551122194514,,0.8350515463917526,,1.0,542,0.11688206,2
null,2717158,5,0,confirmed_planet_host,11.788262754251418,bls,False,1,True,False,True,False,False,11.788262754251418,,1.0,,3.2411007810110193,,1.0,,,,,0.18362775661009115,0.0,0.18362775661009115,1.0,0.0,1.0,0.18362775661009115,1.0,,,,,,,,low_scatter,422.7800536981861,0.0319378506689684,0.1066488575873861,387.81304624357085,1,,0.7057356608478803,,0.8865979381443299,1.0,543,0.9524387,1
null,2717158,5,0,confirmed_planet_host,14.439813271090364,tcf,False,1,False,True,False,True,True,,14.439813271090364,,1.0,,6.298547182568505,,1.0,,,,0.0,0.22493140610414947,0.0,1.0,0.22493140610414947,1.0,0.18362775661009115,1.0,7.0,,0.8571428571428571,,,,,low_scatter,422.7800536981861,0.0319378506689684,0.1066488575873861,387.81304624357085,1,0.7880299251870324,,0.7835051546391752,,1.0,544,0.14302696,2
null,2717158,5,1,confirmed_planet_host,12.72657552517506,bls,False,1,True,False,True,False,False,12.72657552517506,,1.0,,3.604435333399363,,1.0,,,,,0.5010421992370317,0.0,0.24947890038148415,2.0,0.0,1.0,0.24947890038148415,2.0,,,,,,,,low_scatter,422.7800536981861,0.0319378506689684,0.1066488575873861,387.81304624357085,1,,0.5037406483790524,,0.6701030927835051,1.0,545,0.95682675,1
null,2717158,5,1,confirmed_planet_host,8.478492830943647,tcf,False,1,False,True,False,True,True,,8.478492830943647,,1.0,,6.110853049452979,,1.0,,,,0.0,0.3337962113868002,0.0,1.0,0.3324075772263996,0.5,0.24947890038148415,2.0,11.0,,0.9090909090909092,,,,,low_scatter,422.7800536981861,0.0319378506689684,0.1066488575873861,387.81304624357085,1,0.9226932668329177,,0.8969072164948454,,1.0,546,0.32441762,2
null,2717158,5,2,confirmed_planet_host,5.7522507502500835,bls,False,1,True,False,True,False,False,5.7522507502500835,,1.0,,3.178372418759241,,1.0,,,,,0.5374943027963216,0.0,0.07498860559264327,0.5,0.0,1.0,0.07498860559264327,0.5,,,,,,,,low_scatter,422.7800536981861,0.0319378506689684,0.1066488575873861,387.81304624357085,1,,0.7381546134663342,,0.9278350515463918,1.0,547,0.9611124,1
null,2717158,5,2,confirmed_planet_host,12.437145715238414,tcf,False,1,False,True,False,True,True,,12.437145715238414,,1.0,,6.132643601520388,,1.0,,,,0.0,1.1621355283751666,0.0,1.0,0.08106776418758337,2.0,0.07498860559264327,0.5,8.0,,1.0,,,,,low_scatter,422.7800536981861,0.0319378506689684,0.1066488575873861,387.81304624357085,1,0.9102244389027432,,0.8865979381443299,,1.0,548,0.0023412504,2
null,2717158,5,3,confirmed_planet_host,14.775925308436149,bls,False,1,True,False,True,False,False,14.775925308436149,,1.0,,4.729632028197606,,1.0,,,,,0.5164778755004966,0.0,0.2417610622497517,2.0,0.0,1.0,0.2417610622497517,2.0,,,,,,,,low_scatter,422.7800536981861,0.0319378506689684,0.1066488575873861,387.81304624357085,1,,0.08977556109725686,,0.12371134020618557,1.0,549,0.97251546,1
null,2717158,5,3,confirmed_planet_host,9.743581193731243,tcf,False,1,False,True,False,True,True,,9.743581193731243,,1.0,,7.044636390231922,,1.0,,,,0.0,0.3405772572382824,0.0,1.0,0.3188454855234352,0.5,0.2417610622497517,2.0,9.0,,0.7777777777777778,,,,,low_scatter,422.7800536981861,0.0319378506689684,0.1066488575873861,387.81304624357085,1,0.29177057356608477,,0.2268041237113402,,1.0,550,0.4523737,2
null,2717158,5,4,confirmed_planet_host,10.14971657219073,bls,False,1,True,False,True,False,False,10.14971657219073,,1.0,,3.633818994282094,,1.0,,,,,0.559454890107075,0.0,0.22027255494646245,2.0,0.0,1.0,0.22027255494646245,2.0,,,,,,,,low_scatter,422.7800536981861,0.0319378506689684,0.1066488575873861,387.81304624357085,1,,0.48877805486284287,,0.6391752577319587,1.0,551,0.9594924,1
null,2717158,5,4,confirmed_planet_host,6.508502834278093,tcf,False,1,False,True,False,True,True,,6.508502834278093,,1.0,,6.400117474415782,,1.0,,,,0.0,0.3587502874601662,0.0,1.0,0.2824994250796676,0.5,0.22027255494646245,2.0,13.0,,0.6153846153846154,,,,,low_scatter,422.7800536981861,0.0319378506689684,0.1066488575873861,387.81304624357085,1,0.7057356608478803,,0.6907216494845361,,1.0,552,0.165122,2
null,2717158,5,5,confirmed_planet_host,5.271423807935979,bls,False,1,True,False,True,False,False,5.271423807935979,,1.0,,4.9445682392344725,,1.0,,,,,0.4711470912922757,0.0,0.05770581741544851,0.5,0.0,1.0,0.05770581741544851,0.5,,,,,,,,low_scatter,422.7800536981861,0.0319378506689684,0.1066488575873861,387.81304624357085,1,,0.06483790523690773,,0.07216494845360824,1.0,553,0.9637101,1
null,2717158,5,5,confirmed_planet_host,9.967655885295098,tcf,False,1,False,True,False,True,True,,9.967655885295098,,1.0,,6.748426804458687,,1.0,,,,0.0,0.8908849389588208,0.0,1.0,0.054557530520589606,2.0,0.05770581741544851,0.5,9.0,,0.7777777777777778,,,,,low_scatter,422.7800536981861,0.0319378506689684,0.1066488575873861,387.81304624357085,1,0.4339152119700748,,0.4020618556701031,,1.0,554,0.0065895347,2
null,2717158,5,6,confirmed_planet_host,14.864621540513506,bls,False,1,True,False,True,False,False,14.864621540513506,,1.0,,3.983249306255325,,1.0,,,,,3.2218960128800074,0.0,0.4072986709600026,3.0,0.0,1.0,0.4072986709600026,3.0,,,,,,,,low_scatter,422.7800536981861,0.0319378506689684,0.1066488575873861,387.81304624357085,1,,0.3117206982543641,,0.4329896907216495,1.0,555,0.8086395,1
null,2717158,5,6,confirmed_planet_host,3.5208402800933647,tcf,False,1,False,True,False,True,True,,3.5208402800933647,,1.0,,6.021636411897575,,1.0,,,,0.0,0.7631395948765113,0.0,1.0,0.5262791897530227,0.5,0.4072986709600026,3.0,25.0,,0.8,,,,,low_scatter,422.7800536981861,0.0319378506689684,0.1066488575873861,387.81304624357085,1,0.9600997506234414,,0.9587628865979382,,1.0,556,0.028074099,2
null,2717158,5,7,confirmed_planet_host,9.46815605201734,bls,False,1,True,False,True,False,False,9.46815605201734,,1.0,,3.3318425609036546,,1.0,,,,,0.3421089946589781,0.0,0.3289455026705109,2.0,0.0,1.0,0.3289455026705109,2.0,,,,,,,,low_scatter,422.7800536981861,0.0319378506689684,0.1066488575873861,387.81304624357085,1,,0.6733167082294265,,0.845360824742268,1.0,557,0.91355187,1
null,2717158,5,7,confirmed_planet_host,7.054684894964989,tcf,False,1,False,True,False,True,True,,7.054684894964989,,1.0,,5.9934255841853155,,1.0,,,,0.0,0.2549040324000704,0.0,1.0,0.2549040324000704,1.0,0.3289455026705109,2.0,12.0,,0.75,,,,,low_scatter,422.7800536981861,0.0319378506689684,0.1066488575873861,387.81304624357085,1,0.9675810473815462,,0.979381443298969,,1.0,558,0.069268,2
null,2718778,5,0,confirmed_planet_host,12.27842614204735,bls,False,1,True,False,True,False,False,12.27842614204735,,1.0,,4.332496885320494,,1.0,,,,,0.015834919583988326,0.0,0.015834919583988326,1.0,0.0,1.0,0.015834919583988326,1.0,,,,,,,,high_scatter,626.7773187953732,0.0319378506689684,0.0957554142562626,563.4907165874912,0,,0.19451371571072318,,0.27835051546391754,1.0,559,0.9572097,1
null,2718778,5,0,confirmed_planet_host,12.087029009669893,tcf,False,1,False,True,False,True,True,,12.087029009669893,,1.0,,7.446737336159216,,1.0,,,,0.0,0.015588083534747114,0.0,1.0,0.015588083534747114,1.0,0.015834919583988326,1.0,6.0,,0.6666666666666666,,,,,high_scatter,626.7773187953732,0.0319378506689684,0.0957554142562626,563.4907165874912,0,0.15211970074812967,,0.07216494845360824,,1.0,560,0.03892599,2
null,2718778,5,1,confirmed_planet_host,5.4114704901633885,bls,False,1,True,False,True,False,False,5.4114704901633885,,1.0,,2.759898288089439,,1.0,,,,,0.5372793887035611,0.0,0.07455877740712208,0.5,0.0,1.0,0.07455877740712208,0.5,,,,,,,,high_scatter,626.7773187953732,0.0319378506689684,0.0957554142562626,563.4907165874912,0,,0.9226932668329177,,0.9381443298969072,1.0,561,0.9229096,1
null,2718778,5,1,confirmed_planet_host,11.694898299433143,tcf,False,1,False,True,False,True,True,,11.694898299433143,,1.0,,6.9731046618199,,1.0,,,,0.0,1.1611313081520729,0.0,1.0,0.08056565407603648,2.0,0.07455877740712208,0.5,7.0,,0.7142857142857143,,,,,high_scatter,626.7773187953732,0.0319378506689684,0.0957554142562626,563.4907165874912,0,0.30423940149625933,,0.2268041237113402,,1.0,562,0.0014635205,2
null,2718778,5,2,confirmed_planet_host,4.818606202067356,bls,False,1,True,False,True,False,False,4.818606202067356,,1.0,,4.407465423120767,,1.0,,,,,0.6607029654152287,0.0,0.3214059308304572,0.5,0.0,1.0,0.3214059308304572,0.5,,,,,,,,high_scatter,626.7773187953732,0.0319378506689684,0.0957554142562626,563.4907165874912,0,,0.17206982543640897,,0.24742268041237114,1.0,563,0.9912834,1
null,2718778,5,2,confirmed_planet_host,14.20173391130377,tcf,False,1,False,True,False,True,True,,14.20173391130377,,1.0,,7.422958275187534,,1.0,,,,0.0,1.9472700851152174,0.0,1.0,0.01757663829492757,3.0,0.3214059308304572,0.5,5.0,,0.8,,,,,high_scatter,626.7773187953732,0.0319378506689684,0.0957554142562626,563.4907165874912,0,0.1596009975062344,,0.08247422680412371,,1.0,564,0.00047375835,2
null,2718778,5,3,confirmed_planet_host,6.667222407469157,bls,False,1,True,False,True,False,False,6.667222407469157,,1.0,,4.291473157054102,,1.0,,,,,0.4519966015293119,0.0,0.09600679694137619,0.5,0.0,1.0,0.09600679694137619,0.5,,,,,,,,high_scatter,626.7773187953732,0.0319378506689684,0.0957554142562626,563.4907165874912,0,,0.20199501246882792,,0.28865979381443296,1.0,565,0.90318006,1
null,2718778,5,3,confirmed_planet_host,12.166388796265425,tcf,False,1,False,True,False,True,True,,12.166388796265425,,1.0,,8.08287325203214,,1.0,,,,0.0,0.8248062015503879,0.0,1.0,0.08759689922480605,2.0,0.09600679694137619,0.5,8.0,,0.75,,,,,high_scatter,626.7773187953732,0.0319378506689684,0.0957554142562626,563.4907165874912,0,0.10224438902743142,,0.041237113402061855,,1.0,566,0.006134925,2
null,2718778,5,4,confirmed_planet_host,13.912304101367123,bls,False,1,True,False,True,False,False,13.912304101367123,,1.0,,3.470806003791545,,1.0,,,,,0.06435987711075733,0.0,0.06435987711075733,1.0,0.0,1.0,0.06435987711075733,1.0,,,,,,,,high_scatter,626.7773187953732,0.0319378506689684,0.0957554142562626,563.4907165874912,0,,0.5910224438902744,,0.7216494845360825,1.0,567,0.9026369,1
null,2718778,5,4,confirmed_planet_host,14.86928976325442,tcf,False,1,False,True,False,True,True,,14.86928976325442,,1.0,,6.637945273933365,,1.0,,,,0.0,0.06878699997603245,0.0,1.0,0.06878699997603245,1.0,0.06435987711075733,1.0,6.0,,0.8333333333333334,,,,,high_scatter,626.7773187953732,0.0319378506689684,0.0957554142562626,563.4907165874912,0,0.5037406483790524,,0.4845360824742268,,1.0,568,0.113826215,2
null,2718778,5,5,confirmed_planet_host,7.255418472824275,bls,False,1,True,False,True,False,False,7.255418472824275,,1.0,,3.1686137057604933,,1.0,,,,,0.48861312839314675,0.0,0.02277374321370656,0.5,0.0,1.0,0.02277374321370656,0.5,,,,,,,,high_scatter,626.7773187953732,0.0319378506689684,0.0957554142562626,563.4907165874912,0,,0.7406483790523691,,0.845360824742268,1.0,569,0.90180856,1
null,2718778,5,5,confirmed_planet_host,14.187729243081028,tcf,False,1,False,True,False,True,True,,14.187729243081028,,1.0,,7.206457885656001,,1.0,,,,0.0,0.9554667034330622,0.0,1.0,0.022266648283468915,2.0,0.02277374321370656,0.5,5.0,,0.8,,,,,high_scatter,626.7773187953732,0.0319378506689684,0.0957554142562626,563.4907165874912,0,0.2194513715710723,,0.13402061855670103,,1.0,570,0.0006808823,2
null,2718778,5,6,confirmed_planet_host,9.206735578526176,bls,False,1,True,False,True,False,False,9.206735578526176,,1.0,,4.804987957433554,,1.0,,,,,0.20864979507609413,0.0,0.20864979507609413,1.0,0.0,1.0,0.20864979507609413,1.0,,,,,,,,high_scatter,626.7773187953732,0.0319378506689684,0.0957554142562626,563.4907165874912,0,,0.0798004987531172,,0.13402061855670103,1.0,571,0.927082,1
null,2718778,5,6,confirmed_planet_host,11.634211403801269,tcf,False,1,False,True,False,True,True,,11.634211403801269,,1.0,,7.579920675558483,,1.0,,,,0.0,0.26366303284922676,0.0,1.0,0.26366303284922676,1.0,0.20864979507609413,1.0,8.0,,0.875,,,,,high_scatter,626.7773187953732,0.0319378506689684,0.0957554142562626,563.4907165874912,0,0.13216957605985039,,0.05154639175257732,,1.0,572,0.14085174,2
null,2718778,5,7,confirmed_planet_host,2.4284761587195733,bls,False,1,True,False,True,False,False,2.4284761587195733,,1.0,,4.128452047474093,,1.0,,,,,0.8238481073890435,0.0,0.6476962147780868,0.5,0.0,1.0,0.6476962147780868,0.5,,,,,,,,high_scatter,626.7773187953732,0.0319378506689684,0.0957554142562626,563.4907165874912,0,,0.2718204488778055,,0.38144329896907214,1.0,573,0.986405,1
null,2718778,5,7,confirmed_planet_host,13.786262087362456,tcf,False,1,False,True,False,True,True,,13.786262087362456,,1.0,,7.252131465433168,,1.0,,,,0.0,4.676918852121379,0.0,1.0,0.8923062840404596,3.0,0.6476962147780868,0.5,7.0,,0.7142857142857143,,,,,high_scatter,626.7773187953732,0.0319378506689684,0.0957554142562626,563.4907165874912,0,0.19950124688279303,,0.1134020618556701,,1.0,574,0.0014027808,2
null,2721030,5,0,confirmed_planet_host,7.792264088029343,bls,False,1,True,False,True,False,False,7.792264088029343,,1.0,,6.470843008693946,,1.0,,,,,0.44750218691632976,0.0,0.10499562616734046,0.5,0.0,1.0,0.10499562616734046,0.5,,,,,,,,high_scatter,564.1063681281146,0.0319378506689684,0.091405673978549,529.0511866800758,1,,0.004987531172069825,,0.020618556701030927,1.0,575,0.94321215,1
null,2721030,5,0,confirmed_planet_host,14.103701233744582,tcf,False,1,False,True,False,True,True,,14.103701233744582,,1.0,,6.85747656594558,,1.0,,,,0.0,0.8099619153579529,0.0,1.0,0.09501904232102357,2.0,0.10499562616734046,0.5,5.0,,0.6,,,,,high_scatter,564.1063681281146,0.0319378506689684,0.091405673978549,529.0511866800758,1,0.3690773067331671,,0.31958762886597936,,1.0,576,0.008612307,2
null,2721030,5,1,confirmed_planet_host,5.93897965988663,bls,False,1,True,False,True,False,False,5.93897965988663,,1.0,,3.8395471292915873,,1.0,,,,,0.5770865487356048,0.0,0.15417309747120964,0.5,0.0,1.0,0.15417309747120964,0.5,,,,,,,,high_scatter,564.1063681281146,0.0319378506689684,0.091405673978549,529.0511866800758,1,,0.38902743142144636,,0.5051546391752577,1.0,577,0.9733565,1
null,2721030,5,1,confirmed_planet_host,14.043014338112703,tcf,False,1,False,True,False,True,True,,14.043014338112703,,1.0,,6.769077583651964,,1.0,,,,0.0,1.3645499971927457,0.0,1.0,0.18227499859637283,2.0,0.15417309747120964,0.5,7.0,,0.8571428571428571,,,,,high_scatter,564.1063681281146,0.0319378506689684,0.091405673978549,529.0511866800758,1,0.4139650872817955,,0.38144329896907214,,1.0,578,0.0057758363,2
null,2721030,5,2,confirmed_planet_host,13.98699566522174,bls,False,1,True,False,True,False,False,13.98699566522174,,1.0,,4.414522264203893,,1.0,,,,,0.5910108097857006,0.0,0.20449459510714965,2.0,0.0,1.0,0.20449459510714965,2.0,,,,,,,,high_scatter,564.1063681281146,0.0319378506689684,0.091405673978549,529.0511866800758,1,,0.16957605985037408,,0.23711340206185566,1.0,579,0.9688516,1
null,2721030,5,2,confirmed_planet_host,8.791263754584861,tcf,False,1,False,True,False,True,True,,8.791263754584861,,1.0,,6.745192156036954,,1.0,,,,0.0,0.3714687581948649,0.0,1.0,0.2570624836102701,0.5,0.20449459510714965,2.0,11.0,,1.0,,,,,high_scatter,564.1063681281146,0.0319378506689684,0.091405673978549,529.0511866800758,1,0.43640897755610975,,0.4020618556701031,,1.0,580,0.5459378,2
null,2721030,5,3,confirmed_planet_host,9.104034678226077,bls,False,1,True,False,True,False,False,9.104034678226077,,1.0,,3.4563011297285513,,1.0,,,,,0.1652245696639862,0.0,0.1652245696639862,1.0,0.0,1.0,0.1652245696639862,1.0,,,,,,,,high_scatter,564.1063681281146,0.0319378506689684,0.091405673978549,529.0511866800758,1,,0.5985037406483791,,0.7319587628865979,1.0,581,0.9591234,1
null,2721030,5,3,confirmed_planet_host,10.90596865621874,tcf,False,1,False,True,False,True,True,,10.90596865621874,,1.0,,6.66495628817724,,1.0,,,,0.0,0.19792696773248344,0.0,1.0,0.19792696773248344,1.0,0.1652245696639862,1.0,9.0,,0.8888888888888888,,,,,high_scatter,564.1063681281146,0.0319378506689684,0.091405673978549,529.0511866800758,1,0.4912718204488778,,0.4639175257731959,,1.0,582,0.43382928,2
null,2721030,5,4,confirmed_planet_host,7.694231410470158,bls,False,1,True,False,True,False,False,7.694231410470158,,1.0,,3.1268626311407064,,1.0,,,,,0.17459913463985752,0.0,0.17459913463985752,1.0,0.0,1.0,0.17459913463985752,1.0,,,,,,,,high_scatter,564.1063681281146,0.0319378506689684,0.091405673978549,529.0511866800758,1,,0.7556109725685786,,0.865979381443299,1.0,583,0.92952704,1
null,2721030,5,4,confirmed_planet_host,6.550516838946316,tcf,False,1,False,True,False,True,True,,6.550516838946316,,1.0,,6.454063436051923,,1.0,,,,0.0,0.14864572047670643,0.0,1.0,0.14864572047670643,1.0,0.17459913463985752,1.0,15.0,,0.8666666666666667,,,,,high_scatter,564.1063681281146,0.0319378506689684,0.091405673978549,529.0511866800758,1,0.6633416458852868,,0.6082474226804123,,1.0,584,0.34098807,2
null,2721030,5,5,confirmed_planet_host,14.859953317772591,bls,False,1,True,False,True,False,False,14.859953317772591,,1.0,,5.027348917974732,,1.0,,,,,0.7662795767111884,0.0,0.1168602116444058,2.0,0.0,1.0,0.1168602116444058,2.0,,,,,,,,high_scatter,564.1063681281146,0.0319378506689684,0.091405673978549,529.0511866800758,1,,0.05486284289276808,,0.10309278350515463,1.0,585,0.97241837,1
null,2721030,5,5,confirmed_planet_host,8.413137712570858,tcf,False,1,False,True,False,True,True,,8.413137712570858,,1.0,,6.561876501401605,,1.0,,,,0.0,0.43383821384494553,0.0,1.0,0.13232357231010897,0.5,0.1168602116444058,2.0,11.0,,0.9090909090909092,,,,,high_scatter,564.1063681281146,0.0319378506689684,0.091405673978549,529.0511866800758,1,0.57356608478803,,0.5360824742268041,,1.0,586,0.25533363,2
null,2721030,5,6,confirmed_planet_host,11.746248749583197,bls,False,1,True,False,True,False,False,11.746248749583197,,1.0,,4.678488167974671,,1.0,,,,,5.531985907658076,0.0,1.1773286358860258,3.0,0.0,1.0,1.1773286358860258,3.0,,,,,,,,high_scatter,564.1063681281146,0.0319378506689684,0.091405673978549,529.0511866800758,1,,0.10224438902743142,,0.16494845360824742,1.0,587,0.8072641,1
null,2721030,5,6,confirmed_planet_host,1.798266088696232,tcf,False,1,False,True,False,True,True,,1.798266088696232,,1.0,,6.785911197789182,,1.0,,,,0.0,0.8469072018622079,0.0,1.0,0.693814403724416,0.5,1.1773286358860258,3.0,51.0,,0.7450980392156863,,,,,high_scatter,564.1063681281146,0.0319378506689684,0.091405673978549,529.0511866800758,1,0.40399002493765584,,0.36082474226804123,,1.0,588,0.08409605,2
null,2721030,5,7,confirmed_planet_host,3.4461487162387465,bls,False,1,True,False,True,False,False,3.4461487162387465,,1.0,,3.519256434838471,,1.0,,,,,0.5733393881847831,0.0,0.14667877636956622,0.5,0.0,1.0,0.14667877636956622,0.5,,,,,,,,high_scatter,564.1063681281146,0.0319378506689684,0.091405673978549,529.0511866800758,1,,0.5660847880299252,,0.6907216494845361,1.0,589,0.9703711,1
null,2721030,5,7,confirmed_planet_host,8.077025675225077,tcf,False,1,False,True,False,True,True,,8.077025675225077,,1.0,,6.482494107043477,,1.0,,,,0.0,1.3437832607643931,0.0,1.0,0.17189163038219657,2.0,0.14667877636956622,0.5,11.0,,0.9090909090909092,,,,,high_scatter,564.1063681281146,0.0319378506689684,0.091405673978549,529.0511866800758,1,0.6408977556109726,,0.5979381443298969,,1.0,590,0.009782199,2
null,2831055,5,0,confirmed_planet_host,8.973324441480493,bls,False,1,True,False,True,False,False,8.973324441480493,,1.0,,3.3031111326173126,,1.0,,,,,0.38097209762381257,0.0,0.2380558047523749,0.5,0.0,1.0,0.2380558047523749,0.5,,,,,,,,lowest_scatter,284.85392005780625,0.0321536469572723,0.4490121649359341,184.04384415330637,1,,0.6807980049875312,,0.7047619047619048,1.0,591,0.9339826,1
null,2831055,5,0,confirmed_planet_host,14.495831943981328,tcf,False,1,False,True,False,True,True,,14.495831943981328,,1.0,,6.5874102891906725,,1.0,,,,0.0,0.6154360670357848,0.0,1.0,0.1922819664821076,2.0,0.2380558047523749,0.5,5.0,,0.8,,,,,lowest_scatter,284.85392005780625,0.0321536469572723,0.4490121649359341,184.04384415330637,1,0.5586034912718204,,0.6095238095238096,,1.0,592,0.020821005,2
null,2831055,5,1,confirmed_planet_host,10.476492164054685,bls,False,1,True,False,True,False,False,10.476492164054685,,1.0,,3.4281614587022498,,1.0,,,,,0.2896289764634064,0.0,0.2896289764634064,1.0,0.0,1.0,0.2896289764634064,1.0,,,,,,,,lowest_scatter,284.85392005780625,0.0321536469572723,0.4490121649359341,184.04384415330637,1,,0.6234413965087282,,0.6666666666666666,1.0,593,0.99028426,1
null,2831055,5,1,confirmed_planet_host,14.747915971990665,tcf,False,1,False,True,False,True,True,,14.747915971990665,,1.0,,7.204366610792656,,1.0,,,,0.0,0.4077150768643179,0.0,1.0,0.2961424615678411,2.0,0.2896289764634064,1.0,5.0,,0.8,,,,,lowest_scatter,284.85392005780625,0.0321536469572723,0.4490121649359341,184.04384415330637,1,0.22194513715710723,,0.37142857142857144,,1.0,594,0.009219435,2
null,2831055,5,2,confirmed_planet_host,2.587195731910637,bls,False,1,True,False,True,False,False,2.587195731910637,,1.0,,3.558646308004641,,1.0,,,,,0.8095623788135385,0.0,0.619124757627077,0.5,0.0,1.0,0.619124757627077,0.5,,,,,,,,lowest_scatter,284.85392005780625,0.0321536469572723,0.4490121649359341,184.04384415330637,1,,0.5336658354114713,,0.5523809523809524,1.0,595,0.9897962,1
null,2831055,5,2,confirmed_planet_host,13.585528509503169,tcf,False,1,False,True,False,True,True,,13.585528509503169,,1.0,,6.8061634310398516,,1.0,,,,0.0,4.25106328135069,0.0,1.0,0.7503544271168965,3.0,0.619124757627077,0.5,7.0,,0.8571428571428571,,,,,lowest_scatter,284.85392005780625,0.0321536469572723,0.4490121649359341,184.04384415330637,1,0.3940149625935162,,0.49523809523809526,,1.0,596,0.003450074,2
null,2831055,5,3,confirmed_planet_host,8.977992664221407,bls,False,1,True,False,True,False,False,8.977992664221407,,1.0,,3.00718577999494,,1.0,,,,,0.38124784557049296,0.0,0.23750430885901408,0.5,0.0,1.0,0.23750430885901408,0.5,,,,,,,,lowest_scatter,284.85392005780625,0.0321536469572723,0.4490121649359341,184.04384415330637,1,,0.8229426433915212,,0.8666666666666667,1.0,597,0.9339826,1
null,2831055,5,3,confirmed_planet_host,14.509836612204069,tcf,False,1,False,True,False,True,True,,14.509836612204069,,1.0,,10.577366622233903,,1.0,,,,0.0,0.6161559888579388,0.0,1.0,0.19192200557103062,2.0,0.23750430885901408,0.5,3.0,,1.0,,,,,lowest_scatter,284.85392005780625,0.0321536469572723,0.4490121649359341,184.04384415330637,1,0.03740648379052369,,0.0380952380952381,,1.0,598,0.04816705,2
null,2831055,5,4,confirmed_planet_host,9.16005335111704,bls,False,1,True,False,True,False,False,9.16005335111704,,1.0,,3.124425931934543,,1.0,,,,,0.37112835656891685,0.0,0.25774328686216635,0.5,0.0,1.0,0.25774328686216635,0.5,,,,,,,,lowest_scatter,284.85392005780625,0.0321536469572723,0.4490121649359341,184.04384415330637,1,,0.7581047381546134,,0.7904761904761904,1.0,599,0.94613415,1
null,2831055,5,4,confirmed_planet_host,14.565855285095031,tcf,False,1,False,True,False,True,True,,14.565855285095031,,1.0,,7.327589016792554,,1.0,,,,0.0,0.5901496123184445,0.0,1.0,0.20492519384077773,2.0,0.25774328686216635,0.5,4.0,,0.75,,,,,lowest_scatter,284.85392005780625,0.0321536469572723,0.4490121649359341,184.04384415330637,1,0.18204488778054864,,0.2857142857142857,,1.0,600,0.0063363635,2
null,2831055,5,5,confirmed_planet_host,14.505168389463156,bls,False,1,True,False,True,False,False,14.505168389463156,,1.0,,3.0521745424497664,,1.0,,,,,0.18631541629169063,0.0,0.18631541629169063,1.0,0.0,1.0,0.18631541629169063,1.0,,,,,,,,lowest_scatter,284.85392005780625,0.0321536469572723,0.4490121649359341,184.04384415330637,1,,0.7905236907730673,,0.8476190476190476,1.0,601,0.94704956,1
null,2831055,5,5,confirmed_planet_host,12.2270756918973,tcf,False,1,False,True,False,True,True,,12.2270756918973,,1.0,,9.570421361280234,,1.0,,,,0.0,0.15705386083078557,0.0,1.0,0.15705386083078557,1.0,0.18631541629169063,1.0,5.0,,0.8,,,,,lowest_scatter,284.85392005780625,0.0321536469572723,0.4490121649359341,184.04384415330637,1,0.05486284289276808,,0.06666666666666667,,1.0,602,0.2018426,2
null,2831055,5,6,confirmed_planet_host,8.931310436812272,bls,False,1,True,False,True,False,False,8.931310436812272,,1.0,,3.5732433248615867,,1.0,,,,,0.3350462997442964,0.0,0.3299074005114072,0.5,0.0,1.0,0.3299074005114072,0.5,,,,,,,,lowest_scatter,284.85392005780625,0.0321536469572723,0.4490121649359341,184.04384415330637,1,,0.5211970074812967,,0.5238095238095238,1.0,603,0.98446447,1
null,2831055,5,6,confirmed_planet_host,13.43147715905302,tcf,False,1,False,True,False,True,True,,13.43147715905302,,1.0,,6.720723425394964,,1.0,,,,0.0,0.503864103042748,0.0,1.0,0.248067948478626,2.0,0.3299074005114072,0.5,7.0,,0.7142857142857143,,,,,lowest_scatter,284.85392005780625,0.0321536469572723,0.4490121649359341,184.04384415330637,1,0.4463840399002494,,0.5333333333333333,,1.0,604,0.005322205,2
null,2831055,5,7,confirmed_planet_host,14.206402134044682,bls,False,1,True,False,True,False,False,14.206402134044682,,1.0,,2.579424590477433,,1.0,,,,,0.1435434951821134,0.0,0.1435434951821134,1.0,0.0,1.0,0.1435434951821134,1.0,,,,,,,,lowest_scatter,284.85392005780625,0.0321536469572723,0.4490121649359341,184.04384415330637,1,,0.9501246882793017,,0.9619047619047619,1.0,605,0.95862764,1
null,2831055,5,7,confirmed_planet_host,12.423141047015672,tcf,False,1,False,True,False,True,True,,12.423141047015672,,1.0,,8.834379242944998,,1.0,,,,0.0,0.1255251731017486,0.0,1.0,0.1255251731017486,1.0,0.1435434951821134,1.0,6.0,,0.8333333333333334,,,,,lowest_scatter,284.85392005780625,0.0321536469572723,0.4490121649359341,184.04384415330637,1,0.06982543640897755,,0.08571428571428572,,1.0,606,0.18367729,2
null,2832589,5,0,confirmed_planet_host,6.6625541847282435,bls,False,1,True,False,True,False,False,6.6625541847282435,,1.0,,2.8943081019716645,,1.0,,,,,0.40860063447303496,0.0,0.2956996827634825,2.0,0.0,1.0,0.2956996827634825,2.0,,,,,,,,highest_scatter,5321.4752031346225,0.0321536469572723,0.9871454924439728,521.8653007567668,1,,0.8703241895261845,,0.6952380952380952,1.0,607,0.2747676,1
null,2832589,5,0,confirmed_planet_host,4.729909969989997,tcf,False,1,False,True,False,True,True,,4.729909969989997,,1.0,,6.91407634314715,,1.0,,,,0.0,0.2900755717932036,0.0,1.0,0.2900755717932036,1.0,0.2956996827634825,2.0,19.0,,0.7894736842105263,,,,,highest_scatter,5321.4752031346225,0.0321536469572723,0.9871454924439728,521.8653007567668,1,0.341645885286783,,0.38095238095238093,,1.0,608,0.10798214,2
null,2832589,5,1,confirmed_planet_host,4.1323774591530515,bls,False,1,True,False,True,False,False,4.1323774591530515,,1.0,,2.6691370769582665,,1.0,,,,,1.1319456390848102,0.0,0.06597281954240511,2.0,0.0,1.0,0.06597281954240511,2.0,,,,,,,,highest_scatter,5321.4752031346225,0.0321536469572723,0.9871454924439728,521.8653007567668,1,,0.940149625935162,,0.8666666666666667,1.0,609,0.42092612,1
null,2832589,5,1,confirmed_planet_host,1.9383127709236412,tcf,False,1,False,True,False,True,True,,1.9383127709236412,,1.0,,6.534797693635664,,1.0,,,,0.0,0.5309448882433633,0.0,1.0,0.061889776486726514,0.5,0.06597281954240511,2.0,46.0,,0.6956521739130435,,,,,highest_scatter,5321.4752031346225,0.0321536469572723,0.9871454924439728,521.8653007567668,1,0.6034912718204489,,0.6476190476190476,,1.0,610,0.057838537,2
null,2832589,5,2,confirmed_planet_host,12.68922974324775,bls,False,1,True,False,True,False,False,12.68922974324775,,1.0,,3.0121936050148763,,1.0,,,,,0.11262679258481992,0.0,0.11262679258481992,1.0,0.0,1.0,0.11262679258481992,1.0,,,,,,,,highest_scatter,5321.4752031346225,0.0321536469572723,0.9871454924439728,521.8653007567668,1,,0.8179551122194514,,0.6095238095238096,1.0,611,0.41242406,1
null,2832589,5,2,confirmed_planet_host,14.299766588862957,tcf,False,1,False,True,False,True,True,,14.299766588862957,,1.0,,6.591614284147836,,1.0,,,,0.0,0.12692156089869933,0.0,1.0,0.12692156089869933,1.0,0.11262679258481992,1.0,7.0,,0.8571428571428571,,,,,highest_scatter,5321.4752031346225,0.0321536469572723,0.9871454924439728,521.8653007567668,1,0.5511221945137157,,0.5904761904761905,,1.0,612,0.06367565,2
null,2832589,5,3,confirmed_planet_host,10.32710903634545,bls,False,1,True,False,True,False,False,10.32710903634545,,1.0,,4.113029434342333,,1.0,,,,,0.037519681082710546,0.0,0.037519681082710546,1.0,0.0,1.0,0.037519681082710546,1.0,,,,,,,,highest_scatter,5321.4752031346225,0.0321536469572723,0.9871454924439728,521.8653007567668,1,,0.2743142144638404,,0.11428571428571428,1.0,613,0.5148247,1
null,2832589,5,3,confirmed_planet_host,9.95365121707236,tcf,False,1,False,True,False,True,True,,9.95365121707236,,1.0,,6.611121552247721,,1.0,,,,0.0,0.03616286203222346,0.0,1.0,0.03616286203222346,1.0,0.037519681082710546,1.0,9.0,,0.8888888888888888,,,,,highest_scatter,5321.4752031346225,0.0321536469572723,0.9871454924439728,521.8653007567668,1,0.5261845386533666,,0.5333333333333333,,1.0,614,0.074392445,2
null,2832589,5,4,confirmed_planet_host,5.551517172390797,bls,False,1,True,False,True,False,False,5.551517172390797,,1.0,,2.327569494059105,,1.0,,,,,0.2146327656964951,0.0,0.2146327656964951,1.0,0.0,1.0,0.2146327656964951,1.0,,,,,,,,highest_scatter,5321.4752031346225,0.0321536469572723,0.9871454924439728,521.8653007567668,1,,0.9875311720698254,,0.9714285714285714,1.0,615,0.38972306,1
null,2832589,5,4,confirmed_planet_host,7.068689563187729,tcf,False,1,False,True,False,True,True,,7.068689563187729,,1.0,,7.154117361977455,,1.0,,,,0.0,0.2732896870682923,0.0,1.0,0.2732896870682923,1.0,0.2146327656964951,1.0,11.0,,0.7272727272727273,,,,,highest_scatter,5321.4752031346225,0.0321536469572723,0.9871454924439728,521.8653007567668,1,0.24688279301745636,,0.2571428571428571,,1.0,616,0.16381624,2
null,2832589,5,5,confirmed_planet_host,5.523507835945315,bls,False,1,True,False,True,False,False,5.523507835945315,,1.0,,3.1193210241855125,,1.0,,,,,0.34995879606011854,0.0,0.3000824078797629,0.5,0.0,1.0,0.3000824078797629,0.5,,,,,,,,highest_scatter,5321.4752031346225,0.0321536469572723,0.9871454924439728,521.8653007567668,1,,0.7605985037406484,,0.4857142857142857,1.0,617,0.6907268,1
null,2832589,5,5,confirmed_planet_host,8.497165721907303,tcf,False,1,False,True,False,True,True,,8.497165721907303,,1.0,,6.204497193747007,,1.0,,,,0.0,0.5383640205252038,0.0,1.0,0.23081798973739812,2.0,0.3000824078797629,0.5,9.0,,0.7777777777777778,,,,,highest_scatter,5321.4752031346225,0.0321536469572723,0.9871454924439728,521.8653007567668,1,0.8678304239401496,,0.8952380952380953,,1.0,618,0.03627755,2
null,2832589,5,6,confirmed_planet_host,9.967655885295098,bls,False,1,True,False,True,False,False,9.967655885295098,,1.0,,3.0412000962902015,,1.0,,,,,0.11954608441631392,0.0,0.11954608441631392,1.0,0.0,1.0,0.11954608441631392,1.0,,,,,,,,highest_scatter,5321.4752031346225,0.0321536469572723,0.9871454924439728,521.8653007567668,1,,0.800498753117207,,0.5619047619047619,1.0,619,0.41242406,1
null,2832589,5,6,confirmed_planet_host,8.90330110036679,tcf,False,1,False,True,False,True,True,,8.90330110036679,,1.0,,6.6048316843987775,,1.0,,,,0.0,0.10678085170441234,0.0,1.0,0.10678085170441234,1.0,0.11954608441631392,1.0,10.0,,0.7,,,,,highest_scatter,5321.4752031346225,0.0321536469572723,0.9871454924439728,521.8653007567668,1,0.5386533665835411,,0.5714285714285714,,1.0,620,0.065508775,2
null,2832589,5,7,confirmed_planet_host,11.246748916305435,bls,False,1,True,False,True,False,False,11.246748916305435,,1.0,,3.657710479467249,,1.0,,,,,0.8486708687311593,0.0,0.07566456563442038,2.0,0.0,1.0,0.07566456563442038,2.0,,,,,,,,highest_scatter,5321.4752031346225,0.0321536469572723,0.9871454924439728,521.8653007567668,1,,0.47381546134663344,,0.24761904761904763,1.0,621,0.37583363,1
null,2832589,5,7,confirmed_planet_host,6.083694564854952,tcf,False,1,False,True,False,True,True,,6.083694564854952,,1.0,,6.21832881469067,,1.0,,,,0.0,0.4590708292567227,0.0,1.0,0.08185834148655458,0.5,0.07566456563442038,2.0,14.0,,0.7142857142857143,,,,,highest_scatter,5321.4752031346225,0.0321536469572723,0.9871454924439728,521.8653007567668,1,0.8528678304239401,,0.8761904761904762,,1.0,622,0.08980267,2
null,1865042,5,0,confirmed_planet_host,11.041347115705236,bls,False,1,True,False,True,False,False,11.041347115705236,,1.0,,5.023776452792614,,1.0,,,,,0.228620681622289,0.0,0.228620681622289,1.0,0.0,1.0,0.228620681622289,1.0,,,,,,,,lowest_scatter,190.32169768631584,0.0321536469572723,0.2160367336126833,160.60120880078074,0,,0.057356608478802994,,0.0761904761904762,1.0,623,0.9730584,1
null,1865042,5,0,confirmed_planet_host,14.313771257085696,tcf,False,1,False,True,False,True,True,,14.313771257085696,,1.0,,6.735484615192958,,1.0,,,,0.0,0.29637906562377314,0.0,1.0,0.29637906562377314,1.0,0.228620681622289,1.0,6.0,,0.8333333333333334,,,,,lowest_scatter,190.32169768631584,0.0321536469572723,0.2160367336126833,160.60120880078074,0,0.4389027431421446,,0.5238095238095238,,1.0,624,0.19027571,2
null,1865042,5,1,confirmed_planet_host,5.840946982327443,bls,False,1,True,False,True,False,False,5.840946982327443,,1.0,,3.221107964984152,,1.0,,,,,0.6106035345115038,0.0,0.22120706902300757,0.5,0.0,1.0,0.22120706902300757,0.5,,,,,,,,lowest_scatter,190.32169768631584,0.0321536469572723,0.2160367336126833,160.60120880078074,0,,0.71571072319202,,0.7333333333333333,1.0,625,0.96051115,1
null,1865042,5,1,confirmed_planet_host,15.0,tcf,False,1,False,True,False,True,True,,15.0,,1.0,,7.535172443227016,,1.0,,,,0.0,1.5680767254666892,0.0,1.0,0.14397442484443684,3.0,0.22120706902300757,0.5,6.0,,0.8333333333333334,,,,,lowest_scatter,190.32169768631584,0.0321536469572723,0.2160367336126833,160.60120880078074,0,0.14214463840399003,,0.20952380952380953,,1.0,626,0.0032729686,2
null,1865042,5,2,confirmed_planet_host,7.572857619206403,bls,False,1,True,False,True,False,False,7.572857619206403,,1.0,,3.807010328694095,,1.0,,,,,0.35936927026035925,0.0,0.28126145947928144,0.5,0.0,1.0,0.28126145947928144,0.5,,,,,,,,lowest_scatter,190.32169768631584,0.0321536469572723,0.2160367336126833,160.60120880078074,0,,0.4014962593516209,,0.3523809523809524,1.0,627,0.9851842,1
null,1865042,5,2,confirmed_planet_host,11.820940313437813,tcf,False,1,False,True,False,True,True,,11.820940313437813,,1.0,,7.041686954069919,,1.0,,,,0.0,0.5609616485403547,0.0,1.0,0.21951917572982269,2.0,0.28126145947928144,0.5,7.0,,0.7142857142857143,,,,,lowest_scatter,190.32169768631584,0.0321536469572723,0.2160367336126833,160.60120880078074,0,0.2942643391521197,,0.42857142857142855,,1.0,628,0.007625099,2
null,1865042,5,3,confirmed_planet_host,5.574858286095365,bls,False,1,True,False,True,False,False,5.574858286095365,,1.0,,2.814701817835912,,1.0,,,,,0.5827655910758404,0.0,0.1655311821516808,0.5,0.0,1.0,0.1655311821516808,0.5,,,,,,,,lowest_scatter,190.32169768631584,0.0321536469572723,0.2160367336126833,160.60120880078074,0,,0.9002493765586035,,0.9238095238095239,1.0,629,0.9688091,1
null,1865042,5,3,confirmed_planet_host,13.361453817939314,tcf,False,1,False,True,False,True,True,,13.361453817939314,,1.0,,6.614299799062773,,1.0,,,,0.0,1.3967342544410553,0.0,1.0,0.1983671272205276,2.0,0.1655311821516808,0.5,7.0,,0.8571428571428571,,,,,lowest_scatter,190.32169768631584,0.0321536469572723,0.2160367336126833,160.60120880078074,0,0.516209476309227,,0.5904761904761905,,1.0,630,0.0039120875,2
null,1865042,5,4,confirmed_planet_host,12.441813937979328,bls,False,1,True,False,True,False,False,12.441813937979328,,1.0,,3.702571383209502,,1.0,,,,,0.32386020933120435,0.0,0.32386020933120435,1.0,0.0,1.0,0.32386020933120435,1.0,,,,,,,,lowest_scatter,190.32169768631584,0.0321536469572723,0.2160367336126833,160.60120880078074,0,,0.4488778054862843,,0.4380952380952381,1.0,631,0.98898727,1
null,1865042,5,4,confirmed_planet_host,9.398132710903637,tcf,False,1,False,True,False,True,True,,9.398132710903637,,1.0,,7.533330216975985,,1.0,,,,0.0,0.24463323774555776,0.0,1.0,0.24463323774555776,1.0,0.32386020933120435,1.0,9.0,,0.8888888888888888,,,,,lowest_scatter,190.32169768631584,0.0321536469572723,0.2160367336126833,160.60120880078074,0,0.14463840399002495,,0.21904761904761905,,1.0,632,0.37156627,2
null,1865042,5,5,confirmed_planet_host,9.127375791930644,bls,False,1,True,False,True,False,False,9.127375791930644,,1.0,,3.8723070098209176,,1.0,,,,,0.3325123753322441,0.0,0.3325123753322441,1.0,0.0,1.0,0.3325123753322441,1.0,,,,,,,,lowest_scatter,190.32169768631584,0.0321536469572723,0.2160367336126833,160.60120880078074,0,,0.3690773067331671,,0.3142857142857143,1.0,633,0.98179835,1
null,1865042,5,5,confirmed_planet_host,13.674224741580527,tcf,False,1,False,True,False,True,True,,13.674224741580527,,1.0,,6.390789359845045,,1.0,,,,0.0,0.4981551163555327,0.0,1.0,0.2509224418222336,2.0,0.3325123753322441,1.0,7.0,,0.8571428571428571,,,,,lowest_scatter,190.32169768631584,0.0321536469572723,0.2160367336126833,160.60120880078074,0,0.7206982543640897,,0.8095238095238095,,1.0,634,0.0093420055,2
null,1865042,5,6,confirmed_planet_host,5.467489163054352,bls,False,1,True,False,True,False,False,5.467489163054352,,1.0,,3.4468868853800188,,1.0,,,,,0.6307896692260925,0.0,0.2615793384521852,0.5,0.0,1.0,0.2615793384521852,0.5,,,,,,,,lowest_scatter,190.32169768631584,0.0321536469572723,0.2160367336126833,160.60120880078074,0,,0.6109725685785536,,0.638095238095238,1.0,635,0.9936982,1
null,1865042,5,6,confirmed_planet_host,14.80860286762254,tcf,False,1,False,True,False,True,True,,14.80860286762254,,1.0,,6.0529725465997,,1.0,,,,0.0,1.7084832591327677,0.0,1.0,0.09717224695574403,3.0,0.2615793384521852,0.5,7.0,,0.7142857142857143,,,,,lowest_scatter,190.32169768631584,0.0321536469572723,0.2160367336126833,160.60120880078074,0,0.9451371571072319,,0.9333333333333333,,1.0,636,0.00091343845,2
null,1865042,5,7,confirmed_planet_host,3.6282094031343783,bls,False,1,True,False,True,False,False,3.6282094031343783,,1.0,,3.0162350182797897,,1.0,,,,,0.3260452152369155,0.0,0.3260452152369155,1.0,0.0,1.0,0.3260452152369155,1.0,,,,,,,,lowest_scatter,190.32169768631584,0.0321536469572723,0.2160367336126833,160.60120880078074,0,,0.8154613466334164,,0.8571428571428571,1.0,637,0.98066837,1
null,1865042,5,7,confirmed_planet_host,5.3834611537179065,tcf,False,1,False,True,False,True,True,,5.3834611537179065,,1.0,,6.402188937465165,,1.0,,,,0.0,0.48377906442422575,0.0,1.0,0.2581104677878871,2.0,0.3260452152369155,1.0,16.0,,0.75,,,,,lowest_scatter,190.32169768631584,0.0321536469572723,0.2160367336126833,160.60120880078074,0,0.7007481296758105,,0.780952380952381,,1.0,638,0.016901946,2
null,2557816,5,0,confirmed_planet_host,13.968322774258088,bls,False,1,True,False,True,False,False,13.968322774258088,,1.0,,3.8357204863687695,,1.0,,,,,0.02793827590207678,0.0,0.02793827590207678,1.0,0.0,1.0,0.02793827590207678,1.0,,,,,,,,low_scatter,345.18407079687677,0.0321536469572723,0.0777296209747519,333.4332530987721,1,,0.3940149625935162,,0.5773195876288659,1.0,639,0.98882514,1
null,2557816,5,0,confirmed_planet_host,14.36978992997666,tcf,False,1,False,True,False,True,True,,14.36978992997666,,1.0,,6.672347246831019,,1.0,,,,0.0,0.02874125707192473,0.0,1.0,0.02874125707192473,1.0,0.02793827590207678,1.0,7.0,,0.8571428571428571,,,,,low_scatter,345.18407079687677,0.0321536469572723,0.0777296209747519,333.4332530987721,1,0.48877805486284287,,0.4639175257731959,,1.0,640,0.07168558,2
null,2557816,5,1,confirmed_planet_host,11.783594531510504,bls,False,1,True,False,True,False,False,11.783594531510504,,1.0,,4.717661535541995,,1.0,,,,,0.05573814295257186,0.0,0.05573814295257186,1.0,0.0,1.0,0.05573814295257186,1.0,,,,,,,,low_scatter,345.18407079687677,0.0321536469572723,0.0777296209747519,333.4332530987721,1,,0.09476309226932668,,0.13402061855670103,1.0,641,0.97700447,1
null,2557816,5,1,confirmed_planet_host,12.479159719906637,tcf,False,1,False,True,False,True,True,,12.479159719906637,,1.0,,6.598131462464878,,1.0,,,,0.0,0.059028269051189956,0.0,1.0,0.059028269051189956,1.0,0.05573814295257186,1.0,7.0,,0.7142857142857143,,,,,low_scatter,345.18407079687677,0.0321536469572723,0.0777296209747519,333.4332530987721,1,0.543640897755611,,0.5051546391752577,,1.0,642,0.025141377,2
null,2557816,5,2,confirmed_planet_host,10.131043681227077,bls,False,1,True,False,True,False,False,10.131043681227077,,1.0,,4.615936662126552,,1.0,,,,,1.2276559865092749,0.0,0.11382799325463745,2.0,0.0,1.0,0.11382799325463745,2.0,,,,,,,,low_scatter,345.18407079687677,0.0321536469572723,0.0777296209747519,333.4332530987721,1,,0.11970074812967581,,0.15463917525773196,1.0,643,0.9780321,1
null,2557816,5,2,confirmed_planet_host,4.547849283094365,tcf,False,1,False,True,False,True,True,,4.547849283094365,,1.0,,7.167635517175905,,1.0,,,,0.0,0.5510976532929599,0.0,1.0,0.10219530658591977,0.5,0.11382799325463745,2.0,19.0,,0.7368421052631579,,,,,low_scatter,345.18407079687677,0.0321536469572723,0.0777296209747519,333.4332530987721,1,0.23690773067331672,,0.18556701030927836,,1.0,644,0.059875913,2
null,2557816,5,3,confirmed_planet_host,10.196398799599868,bls,False,1,True,False,True,False,False,10.196398799599868,,1.0,,3.470867415489646,,1.0,,,,,0.2155006541984145,0.0,0.2155006541984145,1.0,0.0,1.0,0.2155006541984145,1.0,,,,,,,,low_scatter,345.18407079687677,0.0321536469572723,0.0777296209747519,333.4332530987721,1,,0.5885286783042394,,0.7835051546391752,1.0,645,0.9802931,1
null,2557816,5,3,confirmed_planet_host,12.99733244414805,tcf,False,1,False,True,False,True,True,,12.99733244414805,,1.0,,6.299665648752825,,1.0,,,,0.0,0.2746983223781026,0.0,1.0,0.2746983223781026,1.0,0.2155006541984145,1.0,7.0,,0.8571428571428571,,,,,low_scatter,345.18407079687677,0.0321536469572723,0.0777296209747519,333.4332530987721,1,0.7855361596009975,,0.7731958762886598,,1.0,646,0.14844649,2
null,2557816,5,4,confirmed_planet_host,12.339113037679228,bls,False,1,True,False,True,False,False,12.339113037679228,,1.0,,5.216082297683768,,1.0,,,,,1.2152050284346005,0.0,0.10760251421730031,2.0,0.0,1.0,0.10760251421730031,2.0,,,,,,,,low_scatter,345.18407079687677,0.0321536469572723,0.0777296209747519,333.4332530987721,1,,0.029925187032418952,,0.041237113402061855,1.0,647,0.98403305,1
null,2557816,5,4,confirmed_planet_host,5.570190063354452,tcf,False,1,False,True,False,True,True,,5.570190063354452,,1.0,,6.659906250593421,,1.0,,,,0.0,0.548574516957168,0.0,1.0,0.09714903391433599,0.5,0.10760251421730031,2.0,16.0,,0.75,,,,,low_scatter,345.18407079687677,0.0321536469572723,0.0777296209747519,333.4332530987721,1,0.4937655860349127,,0.4742268041237113,,1.0,648,0.31710804,2
null,2557816,5,5,confirmed_planet_host,13.515505168389463,bls,False,1,True,False,True,False,False,13.515505168389463,,1.0,,4.799832974379484,,1.0,,,,,0.5220232060380758,0.0,0.2389883969809621,2.0,0.0,1.0,0.2389883969809621,2.0,,,,,,,,low_scatter,345.18407079687677,0.0321536469572723,0.0777296209747519,333.4332530987721,1,,0.08229426433915212,,0.10309278350515463,1.0,649,0.98219645,1
null,2557816,5,5,confirmed_planet_host,8.879959986662222,tcf,False,1,False,True,False,True,True,,8.879959986662222,,1.0,,6.554492175067337,,1.0,,,,0.0,0.3429797942417289,0.0,1.0,0.31404041151654216,0.5,0.2389883969809621,2.0,11.0,,0.6363636363636364,,,,,low_scatter,345.18407079687677,0.0321536469572723,0.0777296209747519,333.4332530987721,1,0.5810473815461347,,0.5257731958762887,,1.0,650,0.22899677,2
null,2557816,5,6,confirmed_planet_host,7.484161387129044,bls,False,1,True,False,True,False,False,7.484161387129044,,1.0,,3.838416817687135,,1.0,,,,,0.42397022969331455,0.0,0.15205954061337093,0.5,0.0,1.0,0.15205954061337093,0.5,,,,,,,,low_scatter,345.18407079687677,0.0321536469572723,0.0777296209747519,333.4332530987721,1,,0.3915211970074813,,0.5670103092783505,1.0,651,0.9796331,1
null,2557816,5,6,confirmed_planet_host,12.992664221407138,tcf,False,1,False,True,False,True,True,,12.992664221407138,,1.0,,6.904162612176222,,1.0,,,,0.0,0.7360213856092671,0.0,1.0,0.13198930719536642,2.0,0.15205954061337093,0.5,6.0,,0.8333333333333334,,,,,low_scatter,345.18407079687677,0.0321536469572723,0.0777296209747519,333.4332530987721,1,0.34413965087281795,,0.27835051546391754,,1.0,652,0.014648491,2
null,2557816,5,7,confirmed_planet_host,11.41947315771924,bls,False,1,True,False,True,False,False,11.41947315771924,,1.0,,4.253539214745632,,1.0,,,,,0.1143396349201186,0.0,0.1143396349201186,1.0,0.0,1.0,0.1143396349201186,1.0,,,,,,,,low_scatter,345.18407079687677,0.0321536469572723,0.0777296209747519,333.4332530987721,1,,0.2194513715710723,,0.30927835051546393,1.0,653,0.9835502,1
null,2557816,5,7,confirmed_planet_host,10.247749249749916,tcf,False,1,False,True,False,True,True,,10.247749249749916,,1.0,,6.700714949573065,,1.0,,,,0.0,0.10260752766665707,0.0,1.0,0.10260752766665707,1.0,0.1143396349201186,1.0,10.0,,0.9,,,,,low_scatter,345.18407079687677,0.0321536469572723,0.0777296209747519,333.4332530987721,1,0.46384039900249374,,0.44329896907216493,,1.0,654,0.30835685,2
null,2571238,5,0,confirmed_planet_host,13.95898632877626,bls,False,1,True,False,True,False,False,13.95898632877626,,1.0,,3.593035511915866,,1.0,,,,,0.046856856628947265,0.0,0.046856856628947265,1.0,0.0,1.0,0.046856856628947265,1.0,,,,,,,,lowest_scatter,136.43715443867333,0.0321536469572723,0.7945712482910711,66.78109494030717,1,,0.5087281795511222,,0.5047619047619047,1.0,655,0.9626007,1
null,2571238,5,0,confirmed_planet_host,14.645215071690563,tcf,False,1,False,True,False,True,True,,14.645215071690563,,1.0,,9.956222781461184,,1.0,,,,0.0,0.04916035640064,0.0,1.0,0.04916035640064,1.0,0.046856856628947265,1.0,4.0,,1.0,,,,,lowest_scatter,136.43715443867333,0.0321536469572723,0.7945712482910711,66.78109494030717,1,0.04488778054862843,,0.05714285714285714,,1.0,656,0.16403958,2
null,2571238,5,1,confirmed_planet_host,9.30010003334445,bls,False,1,True,False,True,False,False,9.30010003334445,,1.0,,2.942885351252078,,1.0,,,,,0.36456838220217347,0.0,0.27086323559565306,0.5,0.0,1.0,0.27086323559565306,0.5,,,,,,,,lowest_scatter,136.43715443867333,0.0321536469572723,0.7945712482910711,66.78109494030717,1,,0.8503740648379052,,0.8952380952380953,1.0,657,0.97109985,1
null,2571238,5,1,confirmed_planet_host,14.635878626208738,tcf,False,1,False,True,False,True,True,,14.635878626208738,,1.0,,7.330931535579146,,1.0,,,,0.0,0.5737334624072281,0.0,1.0,0.21313326879638594,2.0,0.27086323559565306,0.5,6.0,,0.6666666666666666,,,,,lowest_scatter,136.43715443867333,0.0321536469572723,0.7945712482910711,66.78109494030717,1,0.17955112219451372,,0.2761904761904762,,1.0,658,0.00777516,2
null,2571238,5,2,confirmed_planet_host,7.194731577192398,bls,False,1,True,False,True,False,False,7.194731577192398,,1.0,,3.075473994321777,,1.0,,,,,0.1158400992915136,0.0,0.1158400992915136,1.0,0.0,1.0,0.1158400992915136,1.0,,,,,,,,lowest_scatter,136.43715443867333,0.0321536469572723,0.7945712482910711,66.78109494030717,1,,0.7805486284289277,,0.8285714285714286,1.0,659,0.9519757,1
null,2571238,5,2,confirmed_planet_host,6.447815938646216,tcf,False,1,False,True,False,True,True,,6.447815938646216,,1.0,,7.457555994499611,,1.0,,,,0.0,0.10381424665152704,0.0,1.0,0.10381424665152704,1.0,0.1158400992915136,1.0,13.0,,0.8461538461538461,,,,,lowest_scatter,136.43715443867333,0.0321536469572723,0.7945712482910711,66.78109494030717,1,0.14962593516209477,,0.23809523809523808,,1.0,660,0.36202195,2
null,2571238,5,3,confirmed_planet_host,11.498832944314772,bls,False,1,True,False,True,False,False,11.498832944314772,,1.0,,3.483597407062588,,1.0,,,,,0.22104763840889072,0.0,0.22104763840889072,1.0,0.0,1.0,0.22104763840889072,1.0,,,,,,,,lowest_scatter,136.43715443867333,0.0321536469572723,0.7945712482910711,66.78109494030717,1,,0.5835411471321695,,0.6,1.0,661,0.968752,1
null,2571238,5,3,confirmed_planet_host,14.761920640213406,tcf,False,1,False,True,False,True,True,,14.761920640213406,,1.0,,7.694113297162479,,1.0,,,,0.0,0.28377555458895176,0.0,1.0,0.28377555458895176,1.0,0.22104763840889072,1.0,4.0,,1.0,,,,,lowest_scatter,136.43715443867333,0.0321536469572723,0.7945712482910711,66.78109494030717,1,0.11471321695760599,,0.1619047619047619,,1.0,662,0.36114272,2
null,2571238,5,4,confirmed_planet_host,13.016005335111704,bls,False,1,True,False,True,False,False,13.016005335111704,,1.0,,4.5332217354838695,,1.0,,,,,0.028021384740986432,0.0,0.028021384740986432,1.0,0.0,1.0,0.028021384740986432,1.0,,,,,,,,lowest_scatter,136.43715443867333,0.0321536469572723,0.7945712482910711,66.78109494030717,1,,0.14214463840399003,,0.1619047619047619,1.0,663,0.98288316,1
null,2571238,5,4,confirmed_planet_host,12.661220406802268,tcf,False,1,False,True,False,True,True,,12.661220406802268,,1.0,,8.130421821396716,,1.0,,,,0.0,0.027257589342897293,0.0,1.0,0.027257589342897293,1.0,0.028021384740986432,1.0,7.0,,1.0,,,,,lowest_scatter,136.43715443867333,0.0321536469572723,0.7945712482910711,66.78109494030717,1,0.08977556109725686,,0.11428571428571428,,1.0,664,0.12537338,2
null,2571238,5,5,confirmed_planet_host,13.790930310103368,bls,False,1,True,False,True,False,False,13.790930310103368,,1.0,,3.5630941841027735,,1.0,,,,,0.9810796570388465,0.0,0.00946017148057676,2.0,0.0,1.0,0.00946017148057676,2.0,,,,,,,,lowest_scatter,136.43715443867333,0.0321536469572723,0.7945712482910711,66.78109494030717,1,,0.5286783042394015,,0.5428571428571428,1.0,665,0.9757734,1
null,2571238,5,5,confirmed_planet_host,6.961320440146716,tcf,False,1,False,True,False,True,True,,6.961320440146716,,1.0,,7.216530758815405,,1.0,,,,0.0,0.4952247394762929,0.0,1.0,0.009550521047414155,0.5,0.00946017148057676,2.0,13.0,,0.8461538461538461,,,,,lowest_scatter,136.43715443867333,0.0321536469572723,0.7945712482910711,66.78109494030717,1,0.2169576059850374,,0.3619047619047619,,1.0,666,0.08962189,2
null,2571238,5,6,confirmed_planet_host,12.283094364788264,bls,False,1,True,False,True,False,False,12.283094364788264,,1.0,,3.1128315933542345,,1.0,,,,,0.07748365931231375,0.0,0.07748365931231375,1.0,0.0,1.0,0.07748365931231375,1.0,,,,,,,,lowest_scatter,136.43715443867333,0.0321536469572723,0.7945712482910711,66.78109494030717,1,,0.7655860349127181,,0.8095238095238095,1.0,667,0.9519757,1
null,2571238,5,6,confirmed_planet_host,13.314771590530178,tcf,False,1,False,True,False,True,True,,13.314771590530178,,1.0,,7.3800234986938,,1.0,,,,0.0,0.08399163884138232,0.0,1.0,0.08399163884138232,1.0,0.07748365931231375,1.0,7.0,,0.7142857142857143,,,,,lowest_scatter,136.43715443867333,0.0321536469572723,0.7945712482910711,66.78109494030717,1,0.17206982543640897,,0.2571428571428571,,1.0,668,0.06328492,2
null,2571238,5,7,confirmed_planet_host,4.533844614871624,bls,False,1,True,False,True,False,False,4.533844614871624,,1.0,,4.392316488858161,,1.0,,,,,0.6907171940040489,0.0,0.38143438800809776,0.5,0.0,1.0,0.38143438800809776,0.5,,,,,,,,lowest_scatter,136.43715443867333,0.0321536469572723,0.7945712482910711,66.78109494030717,1,,0.18204488778054864,,0.2,1.0,669,0.9901316,1
null,2571238,5,7,confirmed_planet_host,14.659219739913306,tcf,False,1,False,True,False,True,True,,14.659219739913306,,1.0,,8.101277723865,,1.0,,,,0.0,2.233286754431125,0.0,1.0,0.07776225147704158,3.0,0.38143438800809776,0.5,6.0,,1.0,,,,,lowest_scatter,136.43715443867333,0.0321536469572723,0.7945712482910711,66.78109494030717,1,0.09725685785536159,,0.12380952380952381,,1.0,670,0.0034895956,2
null,1724719,5,0,confirmed_planet_host,9.206735578526176,bls,False,1,True,False,True,False,False,9.206735578526176,,1.0,,2.9686255780348683,,1.0,,,,,0.2142574431593298,0.0,0.2142574431593298,1.0,0.0,1.0,0.2142574431593298,1.0,,,,,,,,lowest_scatter,253.7484978064117,0.0321536469572723,0.2896619107984814,201.49712071074617,1,,0.8379052369077307,,0.8857142857142857,1.0,671,0.9489425,1
null,1724719,5,0,confirmed_planet_host,7.58219406468823,tcf,False,1,False,True,False,True,True,,7.58219406468823,,1.0,,6.877198611065017,,1.0,,,,0.0,0.1764514142914056,0.0,1.0,0.1764514142914056,1.0,0.2142574431593298,1.0,13.0,,0.8461538461538461,,,,,lowest_scatter,253.7484978064117,0.0321536469572723,0.2896619107984814,201.49712071074617,1,0.35910224438902744,,0.44761904761904764,,1.0,672,0.47296578,2
null,1724719,5,1,confirmed_planet_host,11.209403134378126,bls,False,1,True,False,True,False,False,11.209403134378126,,1.0,,3.764220101353004,,1.0,,,,,0.1907513059387113,0.0,0.1907513059387113,1.0,0.0,1.0,0.1907513059387113,1.0,,,,,,,,lowest_scatter,253.7484978064117,0.0321536469572723,0.2896619107984814,201.49712071074617,1,,0.41895261845386533,,0.4,1.0,673,0.9693838,1
null,1724719,5,1,confirmed_planet_host,13.851617205735248,tcf,False,1,False,True,False,True,True,,13.851617205735248,,1.0,,6.564837793035421,,1.0,,,,0.0,0.23571407323675547,0.0,1.0,0.23571407323675547,1.0,0.1907513059387113,1.0,7.0,,0.8571428571428571,,,,,lowest_scatter,253.7484978064117,0.0321536469572723,0.2896619107984814,201.49712071074617,1,0.571072319201995,,0.6476190476190476,,1.0,674,0.16092905,2
null,1724719,5,2,confirmed_planet_host,13.968322774258088,bls,False,1,True,False,True,False,False,13.968322774258088,,1.0,,4.185131008410959,,1.0,,,,,0.019978944905836918,0.0,0.019978944905836918,1.0,0.0,1.0,0.019978944905836918,1.0,,,,,,,,lowest_scatter,253.7484978064117,0.0321536469572723,0.2896619107984814,201.49712071074617,1,,0.24688279301745636,,0.22857142857142856,1.0,675,0.9851061,1
null,1724719,5,2,confirmed_planet_host,14.25308436145382,tcf,False,1,False,True,False,True,True,,14.25308436145382,,1.0,,7.282154585814872,,1.0,,,,0.0,0.020386240481248933,0.0,1.0,0.020386240481248933,1.0,0.019978944905836918,1.0,7.0,,0.7142857142857143,,,,,lowest_scatter,253.7484978064117,0.0321536469572723,0.2896619107984814,201.49712071074617,1,0.19451371571072318,,0.3142857142857143,,1.0,676,0.022469204,2
null,1724719,5,3,confirmed_planet_host,12.759253084361454,bls,False,1,True,False,True,False,False,12.759253084361454,,1.0,,3.5810565118406603,,1.0,,,,,0.9030685830805192,0.0,0.04846570845974041,2.0,0.0,1.0,0.04846570845974041,2.0,,,,,,,,lowest_scatter,253.7484978064117,0.0321536469572723,0.2896619107984814,201.49712071074617,1,,0.513715710723192,,0.5142857142857142,1.0,677,0.9533108,1
null,1724719,5,3,confirmed_planet_host,6.704568189396466,tcf,False,1,False,True,False,True,True,,6.704568189396466,,1.0,,5.8389461689604465,,1.0,,,,0.0,0.4745328629295701,0.0,1.0,0.05093427414085981,0.5,0.04846570845974041,2.0,14.0,,0.7142857142857143,,,,,lowest_scatter,253.7484978064117,0.0321536469572723,0.2896619107984814,201.49712071074617,1,0.9950124688279302,,1.0,,1.0,678,0.016210688,2
null,1724719,5,4,confirmed_planet_host,10.929309769923307,bls,False,1,True,False,True,False,False,10.929309769923307,,1.0,,4.724781793612293,,1.0,,,,,0.2508627979795672,0.0,0.2508627979795672,1.0,0.0,1.0,0.2508627979795672,1.0,,,,,,,,lowest_scatter,253.7484978064117,0.0321536469572723,0.2896619107984814,201.49712071074617,1,,0.09226932668329177,,0.11428571428571428,1.0,679,0.9727288,1
null,1724719,5,4,confirmed_planet_host,14.5891963987996,tcf,False,1,False,True,False,True,True,,14.5891963987996,,1.0,,6.496272160491041,,1.0,,,,0.0,0.3348689629923423,0.0,1.0,0.3325655185038288,2.0,0.2508627979795672,1.0,7.0,,0.8571428571428571,,,,,lowest_scatter,253.7484978064117,0.0321536469572723,0.2896619107984814,201.49712071074617,1,0.628428927680798,,0.6952380952380952,,1.0,680,0.03451668,2
null,1724719,5,5,confirmed_planet_host,7.871623874624875,bls,False,1,True,False,True,False,False,7.871623874624875,,1.0,,5.219580911190659,,1.0,,,,,0.7934361467750514,0.0,0.10328192661247433,2.0,0.0,1.0,0.10328192661247433,2.0,,,,,,,,lowest_scatter,253.7484978064117,0.0321536469572723,0.2896619107984814,201.49712071074617,1,,0.02743142144638404,,0.05714285714285714,1.0,681,0.9669201,1
null,1724719,5,5,confirmed_planet_host,4.389129709903301,tcf,False,1,False,True,False,True,True,,4.389129709903301,,1.0,,6.69764633400061,,1.0,,,,0.0,0.4424111492353963,0.0,1.0,0.1151777015292074,0.5,0.10328192661247433,2.0,19.0,,0.6842105263157895,,,,,lowest_scatter,253.7484978064117,0.0321536469572723,0.2896619107984814,201.49712071074617,1,0.4688279301745636,,0.5523809523809524,,1.0,682,0.02874733,2
null,1724719,5,6,confirmed_planet_host,13.4594864954985,bls,False,1,True,False,True,False,False,13.4594864954985,,1.0,,3.668165853543957,,1.0,,,,,0.025611708209467017,0.0,0.025611708209467017,1.0,0.0,1.0,0.025611708209467017,1.0,,,,,,,,lowest_scatter,253.7484978064117,0.0321536469572723,0.2896619107984814,201.49712071074617,1,,0.45885286783042395,,0.4666666666666667,1.0,683,0.9836744,1
null,1724719,5,6,confirmed_planet_host,13.12337445815272,tcf,False,1,False,True,False,True,True,,13.12337445815272,,1.0,,6.872526087516387,,1.0,,,,0.0,0.024972129319955245,0.0,1.0,0.024972129319955245,1.0,0.025611708209467017,1.0,7.0,,0.8571428571428571,,,,,lowest_scatter,253.7484978064117,0.0321536469572723,0.2896619107984814,201.49712071074617,1,0.3640897755610973,,0.45714285714285713,,1.0,684,0.059033345,2
null,1724719,5,7,confirmed_planet_host,14.925308436145382,bls,False,1,True,False,True,False,False,14.925308436145382,,1.0,,5.522537927340707,,1.0,,,,,0.8319895223672901,0.0,0.08400523881635495,2.0,0.0,1.0,0.08400523881635495,2.0,,,,,,,,lowest_scatter,253.7484978064117,0.0321536469572723,0.2896619107984814,201.49712071074617,1,,0.017456359102244388,,0.0380952380952381,1.0,685,0.9682916,1
null,1724719,5,7,confirmed_planet_host,8.14704901633878,tcf,False,1,False,True,False,True,True,,8.14704901633878,,1.0,,6.197848611088744,,1.0,,,,0.0,0.454145349746431,0.0,1.0,0.09170930050713794,0.5,0.08400523881635495,2.0,12.0,,0.9166666666666666,,,,,lowest_scatter,253.7484978064117,0.0321536469572723,0.2896619107984814,201.49712071074617,1,0.8753117206982544,,0.8761904761904762,,1.0,686,0.25633872,2
null,1718189,5,0,confirmed_planet_host,9.89296432144048,bls,False,1,True,False,True,False,False,9.89296432144048,,1.0,,3.488315151514402,,1.0,,,,,0.32983217004359516,0.0,0.32983217004359516,1.0,0.0,1.0,0.32983217004359516,1.0,,,,,,,,lowest_scatter,248.6156618207829,0.0321536469572723,0.0578485618147859,236.84314482102673,1,,0.57356608478803,,0.580952380952381,1.0,687,0.99208575,1
null,1718189,5,0,confirmed_planet_host,14.761920640213406,tcf,False,1,False,True,False,True,True,,14.761920640213406,,1.0,,6.586420897377163,,1.0,,,,0.0,0.49216353769928217,0.0,1.0,0.25391823115035894,2.0,0.32983217004359516,1.0,5.0,,0.8,,,,,lowest_scatter,248.6156618207829,0.0321536469572723,0.0578485618147859,236.84314482102673,1,0.5610972568578554,,0.6190476190476191,,1.0,688,0.00851412,2
null,1718189,5,1,confirmed_planet_host,9.608202734244747,bls,False,1,True,False,True,False,False,9.608202734244747,,1.0,,3.85201498143967,,1.0,,,,,0.6306377680946179,0.0,0.18468111595269102,2.0,0.0,1.0,0.18468111595269102,2.0,,,,,,,,lowest_scatter,248.6156618207829,0.0321536469572723,0.0578485618147859,236.84314482102673,1,,0.3765586034912718,,0.3238095238095238,1.0,689,0.97465014,1
null,1718189,5,1,confirmed_planet_host,5.892297432477493,tcf,False,1,False,True,False,True,True,,5.892297432477493,,1.0,,6.5388222342601,,1.0,,,,0.0,0.38674301579038683,0.0,1.0,0.22651396841922636,0.5,0.18468111595269102,2.0,15.0,,0.8666666666666667,,,,,lowest_scatter,248.6156618207829,0.0321536469572723,0.0578485618147859,236.84314482102673,1,0.5960099750623441,,0.6761904761904762,,1.0,690,0.27734327,2
null,1718189,5,2,confirmed_planet_host,13.725575191730575,bls,False,1,True,False,True,False,False,13.725575191730575,,1.0,,4.4722000966806235,,1.0,,,,,1.0819887714329066,0.0,0.04099438571645328,2.0,0.0,1.0,0.04099438571645328,2.0,,,,,,,,lowest_scatter,248.6156618207829,0.0321536469572723,0.0578485618147859,236.84314482102673,1,,0.1546134663341646,,0.17142857142857143,1.0,691,0.9781808,1
null,1718189,5,2,confirmed_planet_host,6.592530843614538,tcf,False,1,False,True,False,True,True,,6.592530843614538,,1.0,,6.017813657213839,,1.0,,,,0.0,0.5196900128756407,0.0,1.0,0.03938002575128139,0.5,0.04099438571645328,2.0,13.0,,0.8461538461538461,,,,,lowest_scatter,248.6156618207829,0.0321536469572723,0.0578485618147859,236.84314482102673,1,0.9625935162094763,,0.9619047619047619,,1.0,692,0.079106584,2
null,1718189,5,3,confirmed_planet_host,11.657552517505836,bls,False,1,True,False,True,False,False,11.657552517505836,,1.0,,3.195790506773818,,1.0,,,,,0.2167357454912064,0.0,0.2167357454912064,1.0,0.0,1.0,0.2167357454912064,1.0,,,,,,,,lowest_scatter,248.6156618207829,0.0321536469572723,0.0578485618147859,236.84314482102673,1,,0.7281795511221946,,0.7428571428571429,1.0,693,0.96288526,1
null,1718189,5,3,confirmed_planet_host,14.88329443147716,tcf,False,1,False,True,False,True,True,,14.88329443147716,,1.0,,6.428984313246622,,1.0,,,,0.0,0.276708332141529,0.0,1.0,0.276708332141529,1.0,0.2167357454912064,1.0,5.0,,0.8,,,,,lowest_scatter,248.6156618207829,0.0321536469572723,0.0578485618147859,236.84314482102673,1,0.685785536159601,,0.7714285714285715,,1.0,694,0.15412386,2
null,1718189,5,4,confirmed_planet_host,7.008002667555853,bls,False,1,True,False,True,False,False,7.008002667555853,,1.0,,3.993668332510159,,1.0,,,,,0.1925544584886088,0.0,0.1925544584886088,1.0,0.0,1.0,0.1925544584886088,1.0,,,,,,,,lowest_scatter,248.6156618207829,0.0321536469572723,0.0578485618147859,236.84314482102673,1,,0.30423940149625933,,0.2857142857142857,1.0,695,0.97980464,1
null,1718189,5,4,confirmed_planet_host,8.679226408802935,tcf,False,1,False,True,False,True,True,,8.679226408802935,,1.0,,6.701270850715483,,1.0,,,,0.0,0.2384736165960888,0.0,1.0,0.2384736165960888,1.0,0.1925544584886088,1.0,11.0,,0.9090909090909092,,,,,lowest_scatter,248.6156618207829,0.0321536469572723,0.0578485618147859,236.84314482102673,1,0.4613466334164589,,0.5428571428571428,,1.0,696,0.34825125,2
null,1718189,5,5,confirmed_planet_host,13.725575191730575,bls,False,1,True,False,True,False,False,13.725575191730575,,1.0,,3.933060066689324,,1.0,,,,,1.7943113162718074,0.0,0.06856289457606421,3.0,0.0,1.0,0.06856289457606421,3.0,,,,,,,,lowest_scatter,248.6156618207829,0.0321536469572723,0.0578485618147859,236.84314482102673,1,,0.33915211970074816,,0.3047619047619048,1.0,697,0.7892848,1
null,1718189,5,5,confirmed_planet_host,4.911970656885629,tcf,False,1,False,True,False,True,True,,4.911970656885629,,1.0,,6.190981018281808,,1.0,,,,0.0,0.6421300682651896,0.0,1.0,0.2842601365303791,0.5,0.06856289457606421,3.0,18.0,,0.7222222222222222,,,,,lowest_scatter,248.6156618207829,0.0321536469572723,0.0578485618147859,236.84314482102673,1,0.8827930174563591,,0.8857142857142857,,1.0,698,0.3219605,2
null,1718189,5,6,confirmed_planet_host,4.762587529176392,bls,False,1,True,False,True,False,False,4.762587529176392,,1.0,,3.663830512375819,,1.0,,,,,0.6716627203972323,0.0,0.34332544079446453,0.5,0.0,1.0,0.34332544079446453,0.5,,,,,,,,lowest_scatter,248.6156618207829,0.0321536469572723,0.0578485618147859,236.84314482102673,1,,0.46633416458852867,,0.47619047619047616,1.0,699,0.99266875,1
null,1718189,5,6,confirmed_planet_host,14.505168389463156,tcf,False,1,False,True,False,True,True,,14.505168389463156,,1.0,,6.30041678784781,,1.0,,,,0.0,2.0456486732479173,0.0,1.0,0.015216224415972505,3.0,0.34332544079446453,0.5,7.0,,0.7142857142857143,,,,,lowest_scatter,248.6156618207829,0.0321536469572723,0.0578485618147859,236.84314482102673,1,0.7830423940149626,,0.8380952380952381,,1.0,700,0.00068187877,2
null,1718189,5,7,confirmed_planet_host,10.94331443814605,bls,False,1,True,False,True,False,False,10.94331443814605,,1.0,,5.577848433974941,,1.0,,,,,0.4010245464247599,0.0,0.29948772678762003,2.0,0.0,1.0,0.29948772678762003,2.0,,,,,,,,lowest_scatter,248.6156618207829,0.0321536469572723,0.0578485618147859,236.84314482102673,1,,0.014962593516209476,,0.02857142857142857,1.0,701,0.97646743,1
null,1718189,5,7,confirmed_planet_host,7.8109369789929985,tcf,False,1,False,True,False,True,True,,7.8109369789929985,,1.0,,6.16767752919161,,1.0,,,,0.0,0.2862366312197203,0.0,1.0,0.2862366312197203,1.0,0.29948772678762003,2.0,11.0,,0.8181818181818182,,,,,lowest_scatter,248.6156618207829,0.0321536469572723,0.0578485618147859,236.84314482102673,1,0.8902743142144638,,0.8952380952380953,,1.0,702,0.34076756,2
null,11086270,5,0,confirmed_planet_host,12.721907302434143,bls,False,1,True,False,True,False,False,12.721907302434143,,1.0,,4.28226833712503,,1.0,,,,,0.09833894694418013,0.0,0.09833894694418013,1.0,0.0,1.0,0.09833894694418013,1.0,,,,,,,,lowest_scatter,108.5956025930775,0.0319378506689684,0.1415028809891498,96.5740904428604,1,,0.20698254364089774,,0.21904761904761905,1.0,703,0.97702104,1
null,11086270,5,0,confirmed_planet_host,11.58286095365122,tcf,False,1,False,True,False,True,True,,11.58286095365122,,1.0,,6.49336435184068,,1.0,,,,0.0,0.08953424370298499,0.0,1.0,0.08953424370298499,1.0,0.09833894694418013,1.0,9.0,,0.7777777777777778,,,,,lowest_scatter,108.5956025930775,0.0319378506689684,0.1415028809891498,96.5740904428604,1,0.6309226932668329,,0.7047619047619048,,1.0,704,0.28135887,2
null,11086270,5,1,confirmed_planet_host,13.618206068689563,bls,False,1,True,False,True,False,False,13.618206068689563,,1.0,,5.7105589836517865,,1.0,,,,,0.0037565556775219,0.0,0.0037565556775219,1.0,0.0,1.0,0.0037565556775219,1.0,,,,,,,,lowest_scatter,108.5956025930775,0.0319378506689684,0.1415028809891498,96.5740904428604,1,,0.00997506234413965,,0.01904761904761905,1.0,705,0.99010825,1
null,11086270,5,1,confirmed_planet_host,13.669556518839617,tcf,False,1,False,True,False,True,True,,13.669556518839617,,1.0,,7.144871291248365,,1.0,,,,0.0,0.003770720599397917,0.0,1.0,0.003770720599397917,1.0,0.0037565556775219,1.0,7.0,,0.8571428571428571,,,,,lowest_scatter,108.5956025930775,0.0319378506689684,0.1415028809891498,96.5740904428604,1,0.2543640897755611,,0.41904761904761906,,1.0,706,0.798963,2
null,11086270,5,2,confirmed_planet_host,4.505835278426142,bls,False,1,True,False,True,False,False,4.505835278426142,,1.0,,4.171026692415323,,1.0,,,,,0.6893634629088987,0.0,0.3787269258177974,0.5,0.0,1.0,0.3787269258177974,0.5,,,,,,,,lowest_scatter,108.5956025930775,0.0319378506689684,0.1415028809891498,96.5740904428604,1,,0.2543640897755611,,0.23809523809523808,1.0,707,0.99105096,1
null,11086270,5,2,confirmed_planet_host,14.505168389463156,tcf,False,1,False,True,False,True,True,,14.505168389463156,,1.0,,6.466660231537242,,1.0,,,,0.0,2.21919632946052,0.0,1.0,0.07306544315350666,3.0,0.3787269258177974,0.5,5.0,,0.6,,,,,lowest_scatter,108.5956025930775,0.0319378506689684,0.1415028809891498,96.5740904428604,1,0.655860349127182,,0.7333333333333333,,1.0,708,0.0016625774,2
null,11086270,5,3,confirmed_planet_host,14.598532844281428,bls,False,1,True,False,True,False,False,14.598532844281428,,1.0,,4.168694215581877,,1.0,,,,,0.13998177320661365,0.0,0.13998177320661365,1.0,0.0,1.0,0.13998177320661365,1.0,,,,,,,,lowest_scatter,108.5956025930775,0.0319378506689684,0.1415028809891498,96.5740904428604,1,,0.256857855361596,,0.24761904761904763,1.0,709,0.97909224,1
null,11086270,5,3,confirmed_planet_host,12.805935311770591,tcf,False,1,False,True,False,True,True,,12.805935311770591,,1.0,,7.167405454614471,,1.0,,,,0.0,0.12279299239396078,0.0,1.0,0.12279299239396078,1.0,0.13998177320661365,1.0,7.0,,0.8571428571428571,,,,,lowest_scatter,108.5956025930775,0.0319378506689684,0.1415028809891498,96.5740904428604,1,0.23940149625935161,,0.4,,1.0,710,0.14960937,2
null,11086270,5,4,confirmed_planet_host,12.763921307102368,bls,False,1,True,False,True,False,False,12.763921307102368,,1.0,,4.375604774316118,,1.0,,,,,0.09798053585314705,0.0,0.09798053585314705,1.0,0.0,1.0,0.09798053585314705,1.0,,,,,,,,lowest_scatter,108.5956025930775,0.0319378506689684,0.1415028809891498,96.5740904428604,1,,0.18453865336658354,,0.20952380952380953,1.0,711,0.97702104,1
null,11086270,5,4,confirmed_planet_host,14.15038346115372,tcf,False,1,False,True,False,True,True,,14.15038346115372,,1.0,,9.41721666395366,,1.0,,,,0.0,0.1086235272603778,0.0,1.0,0.1086235272603778,1.0,0.09798053585314705,1.0,5.0,,1.0,,,,,lowest_scatter,108.5956025930775,0.0319378506689684,0.1415028809891498,96.5740904428604,1,0.059850374064837904,,0.0761904761904762,,1.0,712,0.30263478,2
null,11086270,5,5,confirmed_planet_host,13.058019339779928,bls,False,1,True,False,True,False,False,13.058019339779928,,1.0,,3.48415349918144,,1.0,,,,,0.004669180840965737,0.0,0.004669180840965737,1.0,0.0,1.0,0.004669180840965737,1.0,,,,,,,,lowest_scatter,108.5956025930775,0.0319378506689684,0.1415028809891498,96.5740904428604,1,,0.5810473815461347,,0.5904761904761905,1.0,713,0.98334795,1
null,11086270,5,5,confirmed_planet_host,12.99733244414805,tcf,False,1,False,True,False,True,True,,12.99733244414805,,1.0,,6.761672042584436,,1.0,,,,0.0,0.004647480912132056,0.0,1.0,0.004647480912132056,1.0,0.004669180840965737,1.0,7.0,,0.8571428571428571,,,,,lowest_scatter,108.5956025930775,0.0319378506689684,0.1415028809891498,96.5740904428604,1,0.42144638403990026,,0.5142857142857142,,1.0,714,0.8250988,2
null,11086270,5,6,confirmed_planet_host,14.094364788262755,bls,False,1,True,False,True,False,False,14.094364788262755,,1.0,,4.657918248025237,,1.0,,,,,0.5666209554871946,0.0,0.21668952225640267,2.0,0.0,1.0,0.21668952225640267,2.0,,,,,,,,lowest_scatter,108.5956025930775,0.0319378506689684,0.1415028809891498,96.5740904428604,1,,0.11221945137157108,,0.13333333333333333,1.0,715,0.96261895,1
null,11086270,5,6,confirmed_planet_host,8.996665555185063,tcf,False,1,False,True,False,True,True,,8.996665555185063,,1.0,,7.166815200094787,,1.0,,,,0.0,0.36168350327663296,0.0,1.0,0.27663299344673403,0.5,0.21668952225640267,2.0,11.0,,0.9090909090909092,,,,,lowest_scatter,108.5956025930775,0.0319378506689684,0.1415028809891498,96.5740904428604,1,0.24189526184538654,,0.4095238095238095,,1.0,716,0.4120534,2
null,11086270,5,7,confirmed_planet_host,10.71457152384128,bls,False,1,True,False,True,False,False,10.71457152384128,,1.0,,4.860782630059537,,1.0,,,,,0.31892624061076214,0.0,0.31892624061076214,1.0,0.0,1.0,0.31892624061076214,1.0,,,,,,,,lowest_scatter,108.5956025930775,0.0319378506689684,0.1415028809891498,96.5740904428604,1,,0.06982543640897755,,0.09523809523809523,1.0,717,0.99034065,1
null,11086270,5,7,confirmed_planet_host,8.123707902634212,tcf,False,1,False,True,False,True,True,,8.123707902634212,,1.0,,6.936173416283338,,1.0,,,,0.0,0.24180748762953969,0.0,1.0,0.24180748762953969,1.0,0.31892624061076214,1.0,11.0,,0.9090909090909092,,,,,lowest_scatter,108.5956025930775,0.0319378506689684,0.1415028809891498,96.5740904428604,1,0.3192019950124688,,0.4380952380952381,,1.0,718,0.35302308,2
null,2581554,5,0,confirmed_planet_host,7.437479159719907,bls,False,1,True,False,True,False,False,7.437479159719907,,1.0,,3.244691648499205,,1.0,,,,,0.37202435873777456,0.0,0.31398782063111275,2.0,0.0,1.0,0.31398782063111275,2.0,,,,,,,,highest_scatter,8745.033574829806,0.0319378506689684,0.9995608510557872,136.74949662182183,1,,0.7032418952618454,,0.42857142857142855,1.0,719,0.23295622,2
null,2581554,5,0,confirmed_planet_host,5.420806935645215,tcf,False,1,False,True,False,True,True,,5.420806935645215,,1.0,,6.13384358126412,,1.0,,,,0.0,0.27114996637525224,0.0,1.0,0.27114996637525224,1.0,0.31398782063111275,2.0,17.0,,0.6470588235294118,,,,,highest_scatter,8745.033574829806,0.0319378506689684,0.9995608510557872,136.74949662182183,1,0.9052369077306733,,0.9428571428571428,,1.0,720,0.33556136,1
null,2581554,5,1,confirmed_planet_host,13.557519173057688,bls,False,1,True,False,True,False,False,13.557519173057688,,1.0,,3.0910122118278336,,1.0,,,,,0.2703158684037869,0.0,0.2703158684037869,1.0,0.0,1.0,0.2703158684037869,1.0,,,,,,,,highest_scatter,8745.033574829806,0.0319378506689684,0.9995608510557872,136.74949662182183,1,,0.773067331670823,,0.5047619047619047,1.0,721,0.6429736,1
null,2581554,5,1,confirmed_planet_host,10.672557519173058,tcf,False,1,False,True,False,True,True,,10.672557519173058,,1.0,,6.725370559832876,,1.0,,,,0.0,0.21279421530288511,0.0,1.0,0.21279421530288511,1.0,0.2703158684037869,1.0,8.0,,0.625,,,,,highest_scatter,8745.033574829806,0.0319378506689684,0.9995608510557872,136.74949662182183,1,0.44389027431421446,,0.45714285714285713,,1.0,722,0.054834303,2
null,2581554,5,2,confirmed_planet_host,3.2127375791930644,bls,False,1,True,False,True,False,False,3.2127375791930644,,1.0,,2.9401788988853275,,1.0,,,,,0.41138737858146496,0.0,0.17722524283707006,0.5,0.0,1.0,0.17722524283707006,0.5,,,,,,,,highest_scatter,8745.033574829806,0.0319378506689684,0.9995608510557872,136.74949662182183,1,,0.8528678304239401,,0.6571428571428571,1.0,723,0.45756677,1
null,2581554,5,2,confirmed_planet_host,5.458152717572524,tcf,False,1,False,True,False,True,True,,5.458152717572524,,1.0,,5.8228717474272464,,1.0,,,,0.0,0.6989102231447847,0.0,1.0,0.1505448884276077,2.0,0.17722524283707006,0.5,18.0,,0.7777777777777778,,,,,highest_scatter,8745.033574829806,0.0319378506689684,0.9995608510557872,136.74949662182183,1,0.9975062344139651,,1.0,,1.0,724,0.049221843,2
null,2581554,5,3,confirmed_planet_host,14.3837945981994,bls,False,1,True,False,True,False,False,14.3837945981994,,1.0,,2.8696005800437665,,1.0,,,,,0.07201968239767378,0.0,0.07201968239767378,1.0,0.0,1.0,0.07201968239767378,1.0,,,,,,,,highest_scatter,8745.033574829806,0.0319378506689684,0.9995608510557872,136.74949662182183,1,,0.8802992518703242,,0.7333333333333333,1.0,725,0.34835112,1
null,2581554,5,3,confirmed_planet_host,13.417472490830278,tcf,False,1,False,True,False,True,True,,13.417472490830278,,1.0,,6.341959426900913,,1.0,,,,0.0,0.06718130607135395,0.0,1.0,0.06718130607135395,1.0,0.07201968239767378,1.0,7.0,,0.7142857142857143,,,,,highest_scatter,8745.033574829806,0.0319378506689684,0.9995608510557872,136.74949662182183,1,0.7556109725685786,,0.7523809523809524,,1.0,726,0.117291115,2
null,2581554,5,4,confirmed_planet_host,13.828276092030675,bls,False,1,True,False,True,False,False,13.828276092030675,,1.0,,3.3829070634376524,,1.0,,,,,0.03107404032616073,0.0,0.03107404032616073,1.0,0.0,1.0,0.03107404032616073,1.0,,,,,,,,highest_scatter,8745.033574829806,0.0319378506689684,0.9995608510557872,136.74949662182183,1,,0.6384039900249376,,0.3333333333333333,1.0,727,0.513247,1
null,2581554,5,4,confirmed_planet_host,14.271757252417473,tcf,False,1,False,True,False,True,True,,14.271757252417473,,1.0,,6.125379020803033,,1.0,,,,0.0,0.03207060355429109,0.0,1.0,0.03207060355429109,1.0,0.03107404032616073,1.0,7.0,,0.8571428571428571,,,,,highest_scatter,8745.033574829806,0.0319378506689684,0.9995608510557872,136.74949662182183,1,0.912718204488778,,0.9523809523809523,,1.0,728,0.06399693,2
null,2581554,5,5,confirmed_planet_host,14.043014338112703,bls,False,1,True,False,True,False,False,14.043014338112703,,1.0,,2.5020642897671563,,1.0,,,,,0.02936228076240529,0.0,0.02936228076240529,1.0,0.0,1.0,0.02936228076240529,1.0,,,,,,,,highest_scatter,8745.033574829806,0.0319378506689684,0.9995608510557872,136.74949662182183,1,,0.9675810473815462,,0.9333333333333333,1.0,729,0.5280992,1
null,2581554,5,5,confirmed_planet_host,14.467822607535846,tcf,False,1,False,True,False,True,True,,14.467822607535846,,1.0,,6.7725155882932695,,1.0,,,,0.0,0.030250504570818074,0.0,1.0,0.030250504570818074,1.0,0.02936228076240529,1.0,6.0,,0.8333333333333334,,,,,highest_scatter,8745.033574829806,0.0319378506689684,0.9995608510557872,136.74949662182183,1,0.4089775561097257,,0.41904761904761906,,1.0,730,0.044222392,2
null,2581554,5,6,confirmed_planet_host,3.55351783927976,bls,False,1,True,False,True,False,False,3.55351783927976,,1.0,,2.7269131500130213,,1.0,,,,,0.6100764699425562,0.0,0.22015293988511214,0.5,0.0,1.0,0.22015293988511214,0.5,,,,,,,,highest_scatter,8745.033574829806,0.0319378506689684,0.9995608510557872,136.74949662182183,1,,0.9276807980049875,,0.8285714285714286,1.0,731,0.64089483,1
null,2581554,5,6,confirmed_planet_host,9.113371123707903,tcf,False,1,False,True,False,True,True,,9.113371123707903,,1.0,,6.560680051409407,,1.0,,,,0.0,1.5646054236651967,0.0,1.0,0.1451315254449345,3.0,0.22015293988511214,0.5,11.0,,0.8181818181818182,,,,,highest_scatter,8745.033574829806,0.0319378506689684,0.9995608510557872,136.74949662182183,1,0.5760598503740648,,0.6095238095238096,,1.0,732,0.005999153,2
null,2581554,5,7,confirmed_planet_host,14.379126375458489,bls,False,1,True,False,True,False,False,14.379126375458489,,1.0,,2.574658776794059,,1.0,,,,,0.35440811583278375,0.0,0.3227959420836081,2.0,0.0,1.0,0.3227959420836081,2.0,,,,,,,,highest_scatter,8745.033574829806,0.0319378506689684,0.9995608510557872,136.74949662182183,1,,0.9526184538653366,,0.8952380952380953,1.0,733,0.23682263,2
null,2581554,5,7,confirmed_planet_host,10.616538846282095,tcf,False,1,False,True,False,True,True,,10.616538846282095,,1.0,,6.630150013721714,,1.0,,,,0.0,0.261670106439719,0.0,1.0,0.261670106439719,1.0,0.3227959420836081,2.0,9.0,,0.8888888888888888,,,,,highest_scatter,8745.033574829806,0.0319378506689684,0.9995608510557872,136.74949662182183,1,0.5112219451371571,,0.5142857142857142,,1.0,734,0.45784822,1
null,2581316,5,0,confirmed_planet_host,10.355118372790932,bls,False,1,True,False,True,False,False,10.355118372790932,,1.0,,2.4685409866686583,,1.0,,,,,0.251668714908793,0.0,0.251668714908793,1.0,0.0,1.0,0.251668714908793,1.0,,,,,,,,lowest_scatter,202.40798946213667,0.0319378506689684,0.986239189186234,69.45143570846693,1,,0.970074812967581,,0.9714285714285714,1.0,735,0.91289407,1
null,2581316,5,0,confirmed_planet_host,13.837612537512506,tcf,False,1,False,True,False,True,True,,13.837612537512506,,1.0,,7.608887447923672,,1.0,,,,0.0,0.3363065528900338,0.0,1.0,0.3318467235549831,2.0,0.251668714908793,1.0,7.0,,0.8571428571428571,,,,,lowest_scatter,202.40798946213667,0.0319378506689684,0.986239189186234,69.45143570846693,1,0.12967581047381546,,0.19047619047619047,,1.0,736,0.046794277,2
null,2581316,5,1,confirmed_planet_host,14.747915971990665,bls,False,1,True,False,True,False,False,14.747915971990665,,1.0,,3.8417502971956696,,1.0,,,,,0.8238010803678202,0.0,0.08809945981608991,2.0,0.0,1.0,0.08809945981608991,2.0,,,,,,,,lowest_scatter,202.40798946213667,0.0319378506689684,0.986239189186234,69.45143570846693,1,,0.38403990024937656,,0.34285714285714286,1.0,737,0.93535566,1
null,2581316,5,1,confirmed_planet_host,8.086362120706902,tcf,False,1,False,True,False,True,True,,8.086362120706902,,1.0,,6.339019797990925,,1.0,,,,0.0,0.4516945895227114,0.0,1.0,0.09661082095457714,0.5,0.08809945981608991,2.0,11.0,,0.6363636363636364,,,,,lowest_scatter,202.40798946213667,0.0319378506689684,0.986239189186234,69.45143570846693,1,0.7605985037406484,,0.8285714285714286,,1.0,738,0.16104305,2
null,2581316,5,2,confirmed_planet_host,12.95998666222074,bls,False,1,True,False,True,False,False,12.95998666222074,,1.0,,2.0595763919363543,,1.0,,,,,0.08953126098058058,0.0,0.08953126098058058,1.0,0.0,1.0,0.08953126098058058,1.0,,,,,,,,lowest_scatter,202.40798946213667,0.0319378506689684,0.986239189186234,69.45143570846693,1,,1.0,,1.0,1.0,739,0.8826887,1
null,2581316,5,2,confirmed_planet_host,14.234411470490164,tcf,False,1,False,True,False,True,True,,14.234411470490164,,1.0,,15.85432744950628,,1.0,,,,0.0,0.09833534875344134,0.0,1.0,0.09833534875344134,1.0,0.08953126098058058,1.0,5.0,,0.6,,,,,lowest_scatter,202.40798946213667,0.0319378506689684,0.986239189186234,69.45143570846693,1,0.014962593516209476,,0.01904761904761905,,1.0,740,0.121868946,2
null,2581316,5,3,confirmed_planet_host,4.22107369123041,bls,False,1,True,False,True,False,False,4.22107369123041,,1.0,,3.356667332629049,,1.0,,,,,0.49434791292190927,0.0,0.011304174156181459,0.5,0.0,1.0,0.011304174156181459,0.5,,,,,,,,lowest_scatter,202.40798946213667,0.0319378506689684,0.986239189186234,69.45143570846693,1,,0.655860349127182,,0.6857142857142857,1.0,741,0.9519406,1
null,2581316,5,3,confirmed_planet_host,8.347782594198065,tcf,False,1,False,True,False,True,True,,8.347782594198065,,1.0,,6.630741120994889,,1.0,,,,0.0,0.9776443636938145,0.0,1.0,0.011177818153092772,2.0,0.011304174156181459,0.5,10.0,,0.9,,,,,lowest_scatter,202.40798946213667,0.0319378506689684,0.986239189186234,69.45143570846693,1,0.5087281795511222,,0.580952380952381,,1.0,742,0.0025900505,2
null,2581316,5,4,confirmed_planet_host,14.738579526508838,bls,False,1,True,False,True,False,False,14.738579526508838,,1.0,,5.220019324572531,,1.0,,,,,0.021681344335806575,0.0,0.021681344335806575,1.0,0.0,1.0,0.021681344335806575,1.0,,,,,,,,lowest_scatter,202.40798946213667,0.0319378506689684,0.986239189186234,69.45143570846693,1,,0.02493765586034913,,0.047619047619047616,1.0,743,0.9789025,1
null,2581316,5,4,confirmed_planet_host,14.425808602867624,tcf,False,1,False,True,False,True,True,,14.425808602867624,,1.0,,6.572193835040196,,1.0,,,,0.0,0.021221239338476503,0.0,1.0,0.021221239338476503,1.0,0.021681344335806575,1.0,7.0,,0.7142857142857143,,,,,lowest_scatter,202.40798946213667,0.0319378506689684,0.986239189186234,69.45143570846693,1,0.5685785536159601,,0.638095238095238,,1.0,744,0.028001452,2
null,2581316,5,5,confirmed_planet_host,9.916305435145048,bls,False,1,True,False,True,False,False,9.916305435145048,,1.0,,3.1918466605856275,,1.0,,,,,0.43798655770997524,0.0,0.2810067211450124,2.0,0.0,1.0,0.2810067211450124,2.0,,,,,,,,lowest_scatter,202.40798946213667,0.0319378506689684,0.986239189186234,69.45143570846693,1,,0.7306733167082294,,0.7523809523809524,1.0,745,0.8447793,1
null,2581316,5,5,confirmed_planet_host,6.895965321773925,tcf,False,1,False,True,False,True,True,,6.895965321773925,,1.0,,6.695658602045308,,1.0,,,,0.0,0.304583207236289,0.0,1.0,0.304583207236289,1.0,0.2810067211450124,2.0,12.0,,0.8333333333333334,,,,,lowest_scatter,202.40798946213667,0.0319378506689684,0.986239189186234,69.45143570846693,1,0.47381546134663344,,0.5619047619047619,,1.0,746,0.5440462,2
null,2581316,5,6,confirmed_planet_host,12.987995998666223,bls,False,1,True,False,True,False,False,12.987995998666223,,1.0,,3.985816488277379,,1.0,,,,,0.059177314557619334,0.0,0.059177314557619334,1.0,0.0,1.0,0.059177314557619334,1.0,,,,,,,,lowest_scatter,202.40798946213667,0.0319378506689684,0.986239189186234,69.45143570846693,1,,0.30673316708229426,,0.29523809523809524,1.0,747,0.9426472,1
null,2581316,5,6,confirmed_planet_host,13.80493497832611,tcf,False,1,False,True,False,True,True,,13.80493497832611,,1.0,,14.755773328670138,,1.0,,,,0.0,0.06289954044825545,0.0,1.0,0.06289954044825545,1.0,0.059177314557619334,1.0,4.0,,0.75,,,,,lowest_scatter,202.40798946213667,0.0319378506689684,0.986239189186234,69.45143570846693,1,0.017456359102244388,,0.02857142857142857,,1.0,748,0.24683885,2
null,2581316,5,7,confirmed_planet_host,6.461820606868956,bls,False,1,True,False,True,False,False,6.461820606868956,,1.0,,3.071702011348555,,1.0,,,,,0.4259264745089908,0.0,0.1481470509820184,0.5,0.0,1.0,0.1481470509820184,0.5,,,,,,,,lowest_scatter,202.40798946213667,0.0319378506689684,0.986239189186234,69.45143570846693,1,,0.7830423940149626,,0.8380952380952381,1.0,749,0.93850213,1
null,2581316,5,7,confirmed_planet_host,11.256085361787264,tcf,False,1,False,True,False,True,True,,11.256085361787264,,1.0,,6.043562947789503,,1.0,,,,0.0,0.7419371484596731,0.0,1.0,0.12903142577016347,2.0,0.1481470509820184,0.5,9.0,,0.7777777777777778,,,,,lowest_scatter,202.40798946213667,0.0319378506689684,0.986239189186234,69.45143570846693,1,0.9526184538653366,,0.9523809523809523,,1.0,750,0.013261084,2
null,2574338,5,0,confirmed_planet_host,14.976658886295432,bls,False,1,True,False,True,False,False,14.976658886295432,,1.0,,4.546968088635007,,1.0,,,,,0.15104687219702193,0.0,0.15104687219702193,1.0,0.0,1.0,0.15104687219702193,1.0,,,,,,,,low_scatter,482.2928696762642,0.0321536469572723,0.0246290124961552,447.6939623877364,1,,0.1371571072319202,,0.16494845360824742,1.0,751,0.98661256,1
null,2574338,5,0,confirmed_planet_host,13.011337112370793,tcf,False,1,False,True,False,True,True,,13.011337112370793,,1.0,,7.0603018394622055,,1.0,,,,0.0,0.13122564844706652,0.0,1.0,0.13122564844706652,1.0,0.15104687219702193,1.0,7.0,,0.8571428571428571,,,,,low_scatter,482.2928696762642,0.0321536469572723,0.0246290124961552,447.6939623877364,1,0.28428927680798005,,0.21649484536082475,,1.0,752,0.12158392,2
null,2574338,5,1,confirmed_planet_host,4.715905301767256,bls,False,1,True,False,True,False,False,4.715905301767256,,1.0,,3.728239599999066,,1.0,,,,,0.27697970451408416,0.0,0.27697970451408416,1.0,0.0,1.0,0.27697970451408416,1.0,,,,,,,,low_scatter,482.2928696762642,0.0321536469572723,0.0246290124961552,447.6939623877364,1,,0.4314214463840399,,0.5876288659793815,1.0,753,0.9944905,1
null,2574338,5,1,confirmed_planet_host,6.522507502500834,tcf,False,1,False,True,False,True,True,,6.522507502500834,,1.0,,7.199411288464134,,1.0,,,,0.0,0.3830870395248533,0.0,1.0,0.3084564802375733,2.0,0.27697970451408416,1.0,13.0,,0.8461538461538461,,,,,low_scatter,482.2928696762642,0.0321536469572723,0.0246290124961552,447.6939623877364,1,0.22443890274314215,,0.17525773195876287,,1.0,754,0.050729252,2
null,2574338,5,2,confirmed_planet_host,14.771257085695233,bls,False,1,True,False,True,False,False,14.771257085695233,,1.0,,4.66887052855513,,1.0,,,,,1.1492892144971134,0.0,0.07464460724855665,2.0,0.0,1.0,0.07464460724855665,2.0,,,,,,,,low_scatter,482.2928696762642,0.0321536469572723,0.0246290124961552,447.6939623877364,1,,0.10972568578553615,,0.14432989690721648,1.0,755,0.98420435,1
null,2574338,5,2,confirmed_planet_host,6.8726242080693565,tcf,False,1,False,True,False,True,True,,6.8726242080693565,,1.0,,7.094028803560095,,1.0,,,,0.0,0.5347299036095623,0.0,1.0,0.06945980721912463,0.5,0.07464460724855665,2.0,13.0,,0.7692307692307693,,,,,low_scatter,482.2928696762642,0.0321536469572723,0.0246290124961552,447.6939623877364,1,0.27680798004987534,,0.20618556701030927,,1.0,756,0.2958451,2
null,2574338,5,3,confirmed_planet_host,14.757252417472492,bls,False,1,True,False,True,False,False,14.757252417472492,,1.0,,4.307784518377314,,1.0,,,,,10.04492138757175,0.0,2.681640462523916,3.0,0.0,1.0,2.681640462523916,3.0,,,,,,,,low_scatter,482.2928696762642,0.0321536469572723,0.0246290124961552,447.6939623877364,1,,0.19950124688279303,,0.26804123711340205,1.0,757,0.9007051,1
null,2574338,5,3,confirmed_planet_host,1.336112037345782,tcf,False,1,False,True,False,True,True,,1.336112037345782,,1.0,,6.798403304804128,,1.0,,,,0.0,0.9094606502926091,0.0,1.0,0.8189213005852181,0.5,2.681640462523916,3.0,69.0,,0.7246376811594203,,,,,low_scatter,482.2928696762642,0.0321536469572723,0.0246290124961552,447.6939623877364,1,0.4014962593516209,,0.36082474226804123,,1.0,758,0.010694691,2
null,2574338,5,4,confirmed_planet_host,14.262420806935646,bls,False,1,True,False,True,False,False,14.262420806935646,,1.0,,4.238439242765626,,1.0,,,,,0.23282893788730355,0.0,0.23282893788730355,1.0,0.0,1.0,0.23282893788730355,1.0,,,,,,,,low_scatter,482.2928696762642,0.0321536469572723,0.0246290124961552,447.6939623877364,1,,0.22693266832917705,,0.31958762886597936,1.0,759,0.98389924,1
null,2574338,5,4,confirmed_planet_host,11.568856285428478,tcf,False,1,False,True,False,True,True,,11.568856285428478,,1.0,,6.7116529010939585,,1.0,,,,0.0,0.18885745680686408,0.0,1.0,0.18885745680686408,1.0,0.23282893788730355,1.0,8.0,,0.875,,,,,low_scatter,482.2928696762642,0.0321536469572723,0.0246290124961552,447.6939623877364,1,0.4538653366583541,,0.422680412371134,,1.0,760,0.19115539,2
null,2574338,5,5,confirmed_planet_host,13.32877625875292,bls,False,1,True,False,True,False,False,13.32877625875292,,1.0,,3.845951670107303,,1.0,,,,,0.07184154921401514,0.0,0.07184154921401514,1.0,0.0,1.0,0.07184154921401514,1.0,,,,,,,,low_scatter,482.2928696762642,0.0321536469572723,0.0246290124961552,447.6939623877364,1,,0.38154613466334164,,0.5567010309278351,1.0,761,0.98024476,1
null,2574338,5,5,confirmed_planet_host,14.360453484494831,tcf,False,1,False,True,False,True,True,,14.360453484494831,,1.0,,8.199713223636943,,1.0,,,,0.0,0.07740224651639831,0.0,1.0,0.07740224651639831,1.0,0.07184154921401514,1.0,7.0,,0.8571428571428571,,,,,low_scatter,482.2928696762642,0.0321536469572723,0.0246290124961552,447.6939623877364,1,0.08478802992518704,,0.08247422680412371,,1.0,762,0.23785308,2
null,2574338,5,6,confirmed_planet_host,9.18806268756252,bls,False,1,True,False,True,False,False,9.18806268756252,,1.0,,5.684844459265036,,1.0,,,,,0.33443636627134626,0.0,0.33112726745730753,0.5,0.0,1.0,0.33112726745730753,0.5,,,,,,,,low_scatter,482.2928696762642,0.0321536469572723,0.0246290124961552,447.6939623877364,1,,0.012468827930174564,,0.030927835051546393,1.0,763,0.9915473,1
null,2574338,5,6,confirmed_planet_host,13.80493497832611,tcf,False,1,False,True,False,True,True,,13.80493497832611,,1.0,,9.01558464686588,,1.0,,,,0.0,0.5024859372164765,0.0,1.0,0.24875703139176178,2.0,0.33112726745730753,0.5,6.0,,0.8333333333333334,,,,,low_scatter,482.2928696762642,0.0321536469572723,0.0246290124961552,447.6939623877364,1,0.06733167082294264,,0.061855670103092786,,1.0,764,0.017201189,2
null,2574338,5,7,confirmed_planet_host,14.72924308102701,bls,False,1,True,False,True,False,False,14.72924308102701,,1.0,,3.9346241507815978,,1.0,,,,,0.25495042472797513,0.0,0.25495042472797513,1.0,0.0,1.0,0.25495042472797513,1.0,,,,,,,,low_scatter,482.2928696762642,0.0321536469572723,0.0246290124961552,447.6939623877364,1,,0.33665835411471323,,0.4948453608247423,1.0,765,0.9849364,1
null,2574338,5,7,confirmed_planet_host,11.736912304101368,tcf,False,1,False,True,False,True,True,,11.736912304101368,,1.0,,7.432698425072921,,1.0,,,,0.0,0.20315577388902717,0.0,1.0,0.20315577388902717,1.0,0.25495042472797513,1.0,7.0,,0.7142857142857143,,,,,low_scatter,482.2928696762642,0.0321536469572723,0.0246290124961552,447.6939623877364,1,0.1546134663341646,,0.13402061855670103,,1.0,766,0.056160785,2
null,2692377,5,0,confirmed_planet_host,5.084694898299434,bls,False,1,True,False,True,False,False,5.084694898299434,,1.0,,3.185594095791106,,1.0,,,,,0.5529070278828393,0.0,0.1058140557656786,0.5,0.0,1.0,0.1058140557656786,0.5,,,,,,,,highest_scatter,2204.6923881329853,0.0321536469572723,0.9956274601551844,116.71237551405744,0,,0.7356608478802993,,0.4666666666666667,1.0,767,0.88020825,1
null,2692377,5,0,confirmed_planet_host,11.372790930310105,tcf,False,1,False,True,False,True,True,,11.372790930310105,,1.0,,7.0895258983732505,,1.0,,,,0.0,1.2366712571316152,0.0,1.0,0.11833562856580758,2.0,0.1058140557656786,0.5,8.0,,0.75,,,,,highest_scatter,2204.6923881329853,0.0321536469572723,0.9956274601551844,116.71237551405744,0,0.2793017456359102,,0.3047619047619048,,1.0,768,0.001811435,2
null,2692377,5,1,confirmed_planet_host,8.60920306768923,bls,False,1,True,False,True,False,False,8.60920306768923,,1.0,,3.840558059723888,,1.0,,,,,0.1982423997764184,0.0,0.1982423997764184,1.0,0.0,1.0,0.1982423997764184,1.0,,,,,,,,highest_scatter,2204.6923881329853,0.0321536469572723,0.9956274601551844,116.71237551405744,0,,0.3865336658354115,,0.19047619047619047,1.0,769,0.7164389,1
null,2692377,5,1,confirmed_planet_host,10.737912637545849,tcf,False,1,False,True,False,True,True,,10.737912637545849,,1.0,,8.01021407445948,,1.0,,,,0.0,0.24725976993686827,0.0,1.0,0.24725976993686827,1.0,0.1982423997764184,1.0,9.0,,0.8888888888888888,,,,,highest_scatter,2204.6923881329853,0.0321536469572723,0.9956274601551844,116.71237551405744,0,0.10473815461346633,,0.19047619047619047,,1.0,770,0.38755342,2
null,2692377,5,2,confirmed_planet_host,13.982327442480829,bls,False,1,True,False,True,False,False,13.982327442480829,,1.0,,2.8985688205474176,,1.0,,,,,0.0482966796032772,0.0,0.0482966796032772,1.0,0.0,1.0,0.0482966796032772,1.0,,,,,,,,highest_scatter,2204.6923881329853,0.0321536469572723,0.9956274601551844,116.71237551405744,0,,0.8653366583541147,,0.6857142857142857,1.0,771,0.7071068,1
null,2692377,5,2,confirmed_planet_host,14.6918972990997,tcf,False,1,False,True,False,True,True,,14.6918972990997,,1.0,,7.160436361368224,,1.0,,,,0.0,0.05074762120525592,0.0,1.0,0.05074762120525592,1.0,0.0482966796032772,1.0,6.0,,0.8333333333333334,,,,,highest_scatter,2204.6923881329853,0.0321536469572723,0.9956274601551844,116.71237551405744,0,0.24438902743142144,,0.24761904761904763,,1.0,772,0.03625403,2
null,2692377,5,3,confirmed_planet_host,9.472824274758253,bls,False,1,True,False,True,False,False,9.472824274758253,,1.0,,3.332205494086909,,1.0,,,,,0.3418510367195645,0.0,0.316297926560871,0.5,0.0,1.0,0.316297926560871,0.5,,,,,,,,highest_scatter,2204.6923881329853,0.0321536469572723,0.9956274601551844,116.71237551405744,0,,0.6708229426433915,,0.38095238095238093,1.0,773,0.9164449,1
null,2692377,5,3,confirmed_planet_host,14.393131043681228,tcf,False,1,False,True,False,True,True,,14.393131043681228,,1.0,,6.6361663508304005,,1.0,,,,0.0,0.5194128621211589,0.0,1.0,0.24029356893942055,2.0,0.316297926560871,0.5,7.0,,0.8571428571428571,,,,,highest_scatter,2204.6923881329853,0.0321536469572723,0.9956274601551844,116.71237551405744,0,0.5062344139650873,,0.5047619047619047,,1.0,774,0.023141105,2
null,2692377,5,4,confirmed_planet_host,7.516838946315439,bls,False,1,True,False,True,False,False,7.516838946315439,,1.0,,2.6696249169346307,,1.0,,,,,0.2577693466495565,0.0,0.2577693466495565,1.0,0.0,1.0,0.2577693466495565,1.0,,,,,,,,highest_scatter,2204.6923881329853,0.0321536469572723,0.9956274601551844,116.71237551405744,0,,0.9376558603491272,,0.8571428571428571,1.0,775,0.7901489,1
null,2692377,5,4,confirmed_planet_host,5.976325441813938,tcf,False,1,False,True,False,True,True,,5.976325441813938,,1.0,,6.882203209156217,,1.0,,,,0.0,0.2049416670363306,0.0,1.0,0.2049416670363306,1.0,0.2577693466495565,1.0,15.0,,0.8,,,,,highest_scatter,2204.6923881329853,0.0321536469572723,0.9956274601551844,116.71237551405744,0,0.3566084788029925,,0.4,,1.0,776,0.36079448,2
null,2692377,5,5,confirmed_planet_host,13.249416472157389,bls,False,1,True,False,True,False,False,13.249416472157389,,1.0,,4.275703241862061,,1.0,,,,,0.0906698400347849,0.0,0.0906698400347849,1.0,0.0,1.0,0.0906698400347849,1.0,,,,,,,,highest_scatter,2204.6923881329853,0.0321536469572723,0.9956274601551844,116.71237551405744,0,,0.2144638403990025,,0.08571428571428572,1.0,777,0.7455274,1
null,2692377,5,5,confirmed_planet_host,14.570523507835947,tcf,False,1,False,True,False,True,True,,14.570523507835947,,1.0,,6.893917146565741,,1.0,,,,0.0,0.09971058260978975,0.0,1.0,0.09971058260978975,1.0,0.0906698400347849,1.0,7.0,,0.7142857142857143,,,,,highest_scatter,2204.6923881329853,0.0321536469572723,0.9956274601551844,116.71237551405744,0,0.3516209476309227,,0.3904761904761905,,1.0,778,0.04053728,2
null,2692377,5,6,confirmed_planet_host,10.229076358786262,bls,False,1,True,False,True,False,False,10.229076358786262,,1.0,,3.7241928711728263,,1.0,,,,,0.29045911876951547,0.0,0.29045911876951547,1.0,0.0,1.0,0.29045911876951547,1.0,,,,,,,,highest_scatter,2204.6923881329853,0.0321536469572723,0.9956274601551844,116.71237551405744,0,,0.43640897755610975,,0.21904761904761905,1.0,779,0.8946565,1
null,2692377,5,6,confirmed_planet_host,14.416472157385796,tcf,False,1,False,True,False,True,True,,14.416472157385796,,1.0,,7.3541854505316575,,1.0,,,,0.0,0.40936206278319265,0.0,1.0,0.2953189686084037,2.0,0.29045911876951547,1.0,4.0,,0.75,,,,,highest_scatter,2204.6923881329853,0.0321536469572723,0.9956274601551844,116.71237551405744,0,0.1745635910224439,,0.21904761904761905,,1.0,780,0.0044557517,2
null,2692377,5,7,confirmed_planet_host,8.422474158052685,bls,False,1,True,False,True,False,False,8.422474158052685,,1.0,,2.5877307143316317,,1.0,,,,,0.3480034072429725,0.0,0.30399318551405496,0.5,0.0,1.0,0.30399318551405496,0.5,,,,,,,,highest_scatter,2204.6923881329853,0.0321536469572723,0.9956274601551844,116.71237551405744,0,,0.9476309226932669,,0.8857142857142857,1.0,781,0.9131963,1
null,2692377,5,7,confirmed_planet_host,12.917972657552518,tcf,False,1,False,True,False,True,True,,12.917972657552518,,1.0,,6.975795486719648,,1.0,,,,0.0,0.5337503464111801,0.0,1.0,0.23312482679440996,2.0,0.30399318551405496,0.5,7.0,,0.7142857142857143,,,,,highest_scatter,2204.6923881329853,0.0321536469572723,0.9956274601551844,116.71237551405744,0,0.30174563591022446,,0.34285714285714286,,1.0,782,0.009351149,2
null,2837111,5,0,confirmed_planet_host,9.253417805935312,bls,False,1,True,False,True,False,False,9.253417805935312,,1.0,,3.91982520534326,,1.0,,,,,0.14168757970954846,0.0,0.14168757970954846,1.0,0.0,1.0,0.14168757970954846,1.0,,,,,,,,low_scatter,325.5765286070513,0.0319378506689684,0.0185707072989567,318.52561656753244,1,,0.34413965087281795,,0.5051546391752577,1.0,783,0.9867112,1
null,2837111,5,0,confirmed_planet_host,8.105035011670559,tcf,False,1,False,True,False,True,True,,8.105035011670559,,1.0,,7.564681264962153,,1.0,,,,0.0,0.12410363590501225,0.0,1.0,0.12410363590501225,1.0,0.14168757970954846,1.0,11.0,,0.8181818181818182,,,,,low_scatter,325.5765286070513,0.0319378506689684,0.0185707072989567,318.52561656753244,1,0.13466334164588528,,0.12371134020618557,,1.0,784,0.3522165,2
null,2837111,5,1,confirmed_planet_host,4.435811937312438,bls,False,1,True,False,True,False,False,4.435811937312438,,1.0,,4.431286592958068,,1.0,,,,,1.038149226290792,0.0,0.01907461314539608,2.0,0.0,1.0,0.01907461314539608,2.0,,,,,,,,low_scatter,325.5765286070513,0.0319378506689684,0.0185707072989567,318.52561656753244,1,,0.16458852867830423,,0.21649484536082475,1.0,785,0.99185467,1
null,2837111,5,1,confirmed_planet_host,2.1763921307102367,tcf,False,1,False,True,False,True,True,,2.1763921307102367,,1.0,,6.085898551179755,,1.0,,,,0.0,0.509358791250094,0.0,1.0,0.01871758250018796,0.5,0.01907461314539608,2.0,41.0,,0.8048780487804879,,,,,low_scatter,325.5765286070513,0.0319378506689684,0.0185707072989567,318.52561656753244,1,0.9351620947630923,,0.9072164948453608,,1.0,786,0.029201953,2
null,2837111,5,2,confirmed_planet_host,8.28709569856619,bls,False,1,True,False,True,False,False,8.28709569856619,,1.0,,4.288416022202137,,1.0,,,,,0.2674134119380986,0.0,0.2674134119380986,1.0,0.0,1.0,0.2674134119380986,1.0,,,,,,,,low_scatter,325.5765286070513,0.0319378506689684,0.0185707072989567,318.52561656753244,1,,0.20448877805486285,,0.27835051546391754,1.0,787,0.99482405,1
null,2837111,5,2,confirmed_planet_host,11.312104034678226,tcf,False,1,False,True,False,True,True,,11.312104034678226,,1.0,,6.756075116765309,,1.0,,,,0.0,0.3650263549672069,0.0,1.0,0.31748682251639654,2.0,0.2674134119380986,1.0,9.0,,1.0,,,,,low_scatter,325.5765286070513,0.0319378506689684,0.0185707072989567,318.52561656753244,1,0.42643391521197005,,0.3917525773195876,,1.0,788,0.087972336,2
null,2837111,5,3,confirmed_planet_host,14.887962654218072,bls,False,1,True,False,True,False,False,14.887962654218072,,1.0,,3.861281561293007,,1.0,,,,,0.01238011019658514,0.0,0.01238011019658514,1.0,0.0,1.0,0.01238011019658514,1.0,,,,,,,,low_scatter,325.5765286070513,0.0319378506689684,0.0185707072989567,318.52561656753244,1,,0.3740648379052369,,0.5463917525773195,1.0,789,0.99168795,1
null,2837111,5,3,confirmed_planet_host,14.705901967322442,tcf,False,1,False,True,False,True,True,,14.705901967322442,,1.0,,6.1842074789444865,,1.0,,,,0.0,0.012228717328495477,0.0,1.0,0.012228717328495477,1.0,0.01238011019658514,1.0,6.0,,0.8333333333333334,,,,,low_scatter,325.5765286070513,0.0319378506689684,0.0185707072989567,318.52561656753244,1,0.8877805486284289,,0.845360824742268,,1.0,790,0.46149138,2
null,2837111,5,4,confirmed_planet_host,6.443147715905302,bls,False,1,True,False,True,False,False,6.443147715905302,,1.0,,3.6511390687519527,,1.0,,,,,0.04099459030224828,0.0,0.04099459030224828,1.0,0.0,1.0,0.04099459030224828,1.0,,,,,,,,low_scatter,325.5765286070513,0.0319378506689684,0.0185707072989567,318.52561656753244,1,,0.47880299251870323,,0.6288659793814433,1.0,791,0.97999614,1
null,2837111,5,4,confirmed_planet_host,6.718572857619207,tcf,False,1,False,True,False,True,True,,6.718572857619207,,1.0,,6.92712768725057,,1.0,,,,0.0,0.04274698545774469,0.0,1.0,0.04274698545774469,1.0,0.04099459030224828,1.0,13.0,,0.6153846153846154,,,,,low_scatter,325.5765286070513,0.0319378506689684,0.0185707072989567,318.52561656753244,1,0.3266832917705736,,0.25773195876288657,,1.0,792,0.09072892,2
null,2837111,5,5,confirmed_planet_host,8.086362120706902,bls,False,1,True,False,True,False,False,8.086362120706902,,1.0,,4.859596187273851,,1.0,,,,,0.38029284746888825,0.0,0.23941430506222355,0.5,0.0,1.0,0.23941430506222355,0.5,,,,,,,,low_scatter,325.5765286070513,0.0319378506689684,0.0185707072989567,318.52561656753244,1,,0.07231920199501247,,0.08247422680412371,1.0,793,0.9796896,1
null,2837111,5,5,confirmed_planet_host,13.0486828942981,tcf,False,1,False,True,False,True,True,,13.0486828942981,,1.0,,6.371936640674327,,1.0,,,,0.0,0.61366541585914,0.0,1.0,0.19316729207042999,2.0,0.23941430506222355,0.5,7.0,,1.0,,,,,low_scatter,325.5765286070513,0.0319378506689684,0.0185707072989567,318.52561656753244,1,0.7331670822942643,,0.711340206185567,,1.0,794,0.027289161,2
null,2837111,5,6,confirmed_planet_host,7.185395131710571,bls,False,1,True,False,True,False,False,7.185395131710571,,1.0,,3.6942963883490503,,1.0,,,,,0.3985598258394038,0.0,0.20288034832119234,0.5,0.0,1.0,0.20288034832119234,0.5,,,,,,,,low_scatter,325.5765286070513,0.0319378506689684,0.0185707072989567,318.52561656753244,1,,0.4538653366583541,,0.6082474226804123,1.0,795,0.97717834,1
null,2837111,5,6,confirmed_planet_host,11.946982327442482,tcf,False,1,False,True,False,True,True,,11.946982327442482,,1.0,,6.341703043664527,,1.0,,,,0.0,0.6626757622163442,0.0,1.0,0.16866211889182794,2.0,0.20288034832119234,0.5,7.0,,0.7142857142857143,,,,,low_scatter,325.5765286070513,0.0319378506689684,0.0185707072989567,318.52561656753244,1,0.7581047381546134,,0.7319587628865979,,1.0,796,0.008896399,2
null,2837111,5,7,confirmed_planet_host,2.381793931310437,bls,False,1,True,False,True,False,False,2.381793931310437,,1.0,,3.904224888347561,,1.0,,,,,0.8177294649008651,0.0,0.6354589298017301,0.5,0.0,1.0,0.6354589298017301,0.5,,,,,,,,low_scatter,325.5765286070513,0.0319378506689684,0.0185707072989567,318.52561656753244,1,,0.3491271820448878,,0.5154639175257731,1.0,797,0.994521,1
null,2837111,5,7,confirmed_planet_host,13.067355785261755,tcf,False,1,False,True,False,True,True,,13.067355785261755,,1.0,,6.160162456468733,,1.0,,,,0.0,4.486350272994541,0.0,1.0,0.8287834243315135,3.0,0.6354589298017301,0.5,7.0,,0.8571428571428571,,,,,low_scatter,325.5765286070513,0.0319378506689684,0.0185707072989567,318.52561656753244,1,0.8927680798004988,,0.8556701030927835,,1.0,798,0.0029938393,2
original,11904151,5,-1,reference,11.722907635878627,bls,False,1,True,False,True,False,False,11.722907635878627,,1.0,,3.5729741375372908,,1.0,,,,,3.665826144658262,0.0,0.5552753815527539,3.0,0.0,1.0,0.5552753815527539,3.0,,,,,,,,lowest_scatter,123.63222550869293,0.0319378506689684,0.8052428510473029,56.98672894551581,0,,0.5211970074812967,,0.5238095238095238,1.0,799,0.7400841,1
original,11904151,5,-1,reference,2.5125041680560187,tcf,False,1,False,True,False,True,True,,2.5125041680560187,,1.0,,16.5159391865428,,1.0,,,,0.0,0.7856756833631994,0.0,1.0,0.5713513667263987,0.5,0.5552753815527539,3.0,37.0,,1.0,,15.177473819543222,,,lowest_scatter,123.63222550869293,0.0319378506689684,0.8052428510473029,56.98672894551581,0,0.007481296758104738,,0.009523809523809525,,1.0,800,0.20989025,2
original,757450,5,-1,confirmed_planet_host,8.884628209403136,both,True,2,True,True,True,True,True,8.884628209403136,8.884628209403136,1.0,1.0,8.60590415716419,68.00492181981033,1.0,1.0,0.0,0.0,1.0,0.0,0.0,0.0,1.0,0.0,1.0,0.0,1.0,11.0,,1.0,,60.92432178087042,,,highest_scatter,3652.4689853836817,0.0321536469572723,0.9529528081407052,502.2373859396175,1,0.0024937655860349127,0.0024937655860349127,0.009523809523809525,0.009523809523809525,1.0,801,0.32753497,1
original,1026957,5,-1,confirmed_planet_host,10.84061353784595,bls,False,1,True,False,True,False,False,10.84061353784595,,1.0,,4.16655674771765,,1.0,,,,,0.2528783178214408,0.0,0.2528783178214408,1.0,0.0,1.0,0.2528783178214408,1.0,,,,,,,,highest_scatter,12515.572525533244,0.0321536469572723,0.9998605651518044,113.73504882416344,0,,0.256857855361596,,0.10476190476190476,1.0,802,0.37689275,1
original,1026957,5,-1,confirmed_planet_host,14.509836612204069,tcf,False,1,False,True,False,True,True,,14.509836612204069,,1.0,,12.4727648229941,,1.0,,,,0.0,0.33847005628864063,0.0,1.0,0.33076497185567966,2.0,0.2528783178214408,1.0,6.0,,0.6666666666666666,,9.190895382290677,,,highest_scatter,12515.572525533244,0.0321536469572723,0.9998605651518044,113.73504882416344,0,0.032418952618453865,,0.0761904761904762,,1.0,803,0.027391069,2
original,1161345,5,-1,confirmed_planet_host,7.806268756252084,bls,False,1,True,False,True,False,False,7.806268756252084,,1.0,,10.420864529881223,,1.0,,,,,0.8211590820692337,0.0,0.08942045896538313,2.0,0.0,1.0,0.08942045896538313,2.0,,,,,,,,highest_scatter,4174.237095946945,0.0321536469572723,0.9992048337683134,88.50649008806953,1,,0.0024937655860349127,,0.009523809523809525,1.0,804,0.27671984,1
original,1161345,5,-1,confirmed_planet_host,4.286428809603201,tcf,False,1,False,True,False,True,True,,4.286428809603201,,1.0,,28.693454327144973,,1.0,,,,0.0,0.4508991499722353,0.0,1.0,0.09820170005552947,0.5,0.08942045896538313,2.0,22.0,,0.9090909090909092,,25.632205598411904,,,highest_scatter,4174.237095946945,0.0321536469572723,0.9992048337683134,88.50649008806953,1,0.0024937655860349127,,0.009523809523809525,,1.0,805,0.063972555,2
original,1432789,5,-1,confirmed_planet_host,12.133711237079028,bls,False,1,True,False,True,False,False,12.133711237079028,,1.0,,2.332227652077413,,1.0,,,,,0.40938843487354304,0.0,0.2953057825632285,2.0,0.0,1.0,0.2953057825632285,2.0,,,,,,,,high_scatter,550.6954214538522,0.0321536469572723,0.1967743958025241,418.1050924613707,1,,0.9850374064837906,,1.0,1.0,806,0.8874503,1
original,1432789,5,-1,confirmed_planet_host,8.60920306768923,tcf,False,1,False,True,False,True,True,,8.60920306768923,,1.0,,5.730060967912484,,1.0,,,,0.0,0.290472395504136,0.0,1.0,0.290472395504136,1.0,0.2953057825632285,2.0,11.0,,0.8181818181818182,,4.143258518216899,,,high_scatter,550.6954214538522,0.0321536469572723,0.1967743958025241,418.1050924613707,1,1.0,,1.0,,1.0,807,0.18747652,2
original,1717722,5,-1,confirmed_planet_host,12.082360786928977,bls,False,1,True,False,True,False,False,12.082360786928977,,1.0,,2.5813832421025658,,1.0,,,,,0.08872569977114406,0.0,0.08872569977114406,1.0,0.0,1.0,0.08872569977114406,1.0,,,,,,,,high_scatter,737.9563719446062,0.0321536469572723,0.2500402288464777,615.2008523717308,1,,0.9476309226932669,,0.9587628865979382,1.0,808,0.84757215,1
original,1717722,5,-1,confirmed_planet_host,13.258752917639214,tcf,False,1,False,True,False,True,True,,13.258752917639214,,1.0,,6.385551556608527,,1.0,,,,0.0,0.09736442665930733,0.0,1.0,0.09736442665930733,1.0,0.08872569977114406,1.0,7.0,,0.7142857142857143,,4.486902744382091,,,high_scatter,737.9563719446062,0.0321536469572723,0.2500402288464777,615.2008523717308,1,0.7206982543640897,,0.6597938144329897,,1.0,809,0.008057356,2
original,1718958,5,-1,confirmed_planet_host,9.37945981993998,bls,False,1,True,False,True,False,False,9.37945981993998,,1.0,,6.044101163072778,,1.0,,,,,0.2811948994454809,0.0,0.2811948994454809,1.0,0.0,1.0,0.2811948994454809,1.0,,,,,,,,highest_scatter,1424.2388676234768,0.0321536469572723,0.994743120015974,111.53175896129348,1,,0.004987531172069825,,0.009523809523809525,1.0,810,0.8912583,1
original,1718958,5,-1,confirmed_planet_host,13.0486828942981,tcf,False,1,False,True,False,True,True,,13.0486828942981,,1.0,,6.392994634609615,,1.0,,,,0.0,0.3911976963276335,0.0,1.0,0.30440115183618327,2.0,0.2811948994454809,1.0,7.0,,1.0,,4.9510195309984395,,,highest_scatter,1424.2388676234768,0.0321536469572723,0.994743120015974,111.53175896129348,1,0.713216957605985,,0.7047619047619048,,1.0,811,0.023084758,2
original,1725016,5,-1,confirmed_planet_host,7.409469823274425,bls,False,1,True,False,True,False,False,7.409469823274425,,1.0,,5.244614204989287,,1.0,,,,,0.31885479569628794,0.0,0.31885479569628794,1.0,0.0,1.0,0.31885479569628794,1.0,,,,,,,,low_scatter,459.8359804321691,0.0321536469572723,0.0427758813352123,419.522553521834,0,,0.022443890274314215,,0.030927835051546393,1.0,812,0.9934464,1
original,1725016,5,-1,confirmed_planet_host,10.87795931977326,tcf,False,1,False,True,False,True,True,,10.87795931977326,,1.0,,6.228432003785729,,1.0,,,,0.0,0.46811574636605024,0.0,1.0,0.2659421268169749,2.0,0.31885479569628794,1.0,8.0,,0.875,,4.5178116951636405,,,low_scatter,459.8359804321691,0.0321536469572723,0.0427758813352123,419.522553521834,0,0.8453865336658354,,0.8041237113402062,,1.0,813,0.010919649,2
original,1849702,5,-1,confirmed_planet_host,11.139379793264425,bls,False,1,True,False,True,False,False,11.139379793264425,,1.0,,3.74909523830221,,1.0,,,,,0.17409577492645056,0.0,0.17409577492645056,1.0,0.0,1.0,0.17409577492645056,1.0,,,,,,,,low_scatter,358.803277129436,0.0321536469572723,0.3549742624179406,245.7729619525827,1,,0.42144638403990026,,0.5773195876288659,1.0,814,0.9703199,1
original,1849702,5,-1,confirmed_planet_host,13.487495831943985,tcf,False,1,False,True,False,True,True,,13.487495831943985,,1.0,,6.440870981260444,,1.0,,,,0.0,0.21079414493968326,0.0,1.0,0.21079414493968326,1.0,0.17409577492645056,1.0,6.0,,0.8333333333333334,,4.550835796070433,,,low_scatter,358.803277129436,0.0321536469572723,0.3549742624179406,245.7729619525827,1,0.6758104738154613,,0.6391752577319587,,1.0,815,0.13988347,2
original,1871056,5,-1,confirmed_planet_host,11.984328109369793,bls,False,1,True,False,True,False,False,11.984328109369793,,1.0,,3.92556905496988,,1.0,,,,,0.09292582590919403,0.0,0.09292582590919403,1.0,0.0,1.0,0.09292582590919403,1.0,,,,,,,,lowest_scatter,176.2158497586388,0.0321536469572723,0.2741188997657067,123.1495629545986,1,,0.341645885286783,,0.3047619047619048,1.0,816,0.9751414,1
original,1871056,5,-1,confirmed_planet_host,13.212070690230078,tcf,False,1,False,True,False,True,True,,13.212070690230078,,1.0,,6.323982400207444,,1.0,,,,0.0,0.10244567485601387,0.0,1.0,0.10244567485601387,1.0,0.09292582590919403,1.0,8.0,,0.75,,4.674509475398291,,,lowest_scatter,176.2158497586388,0.0321536469572723,0.2741188997657067,123.1495629545986,1,0.7655860349127181,,0.8285714285714286,,1.0,817,0.06538047,2
original,1872821,5,-1,confirmed_planet_host,14.509836612204069,bls,False,1,True,False,True,False,False,14.509836612204069,,1.0,,1.799645922696719,,1.0,,,,,0.447556634842487,0.0,0.2762216825787565,2.0,0.0,1.0,0.2762216825787565,2.0,,,,,,,,high_scatter,486.8290311425361,0.0319378506689684,0.4225260859477737,345.25820720607,0,,1.0,,1.0,1.0,818,0.7212552,1
original,1872821,5,-1,confirmed_planet_host,10.023674558186062,tcf,False,1,False,True,False,True,True,,10.023674558186062,,1.0,,6.30326823933946,,1.0,,,,0.0,0.30918074227277953,0.0,1.0,0.30918074227277953,1.0,0.2762216825787565,2.0,9.0,,0.7777777777777778,,3.930770142320322,,,high_scatter,486.8290311425361,0.0319378506689684,0.4225260859477737,345.25820720607,0,0.7805486284289277,,0.7525773195876289,,1.0,819,0.5551046,2
original,1995519,5,-1,confirmed_planet_host,10.117039013004336,bls,False,1,True,False,True,False,False,10.117039013004336,,1.0,,4.847093538705542,,1.0,,,,,0.3285895695581731,0.0,0.3285895695581731,1.0,0.0,1.0,0.3285895695581731,1.0,,,,,,,,high_scatter,816.8643991620489,0.0321536469572723,0.0371546236181325,779.8351591906599,1,,0.07231920199501247,,0.12371134020618557,1.0,820,0.99032354,1
original,1995519,5,-1,confirmed_planet_host,7.614871623874626,tcf,False,1,False,True,False,True,True,,7.614871623874626,,1.0,,6.076971073050992,,1.0,,,,0.0,0.24732210540193136,0.0,1.0,0.24732210540193136,1.0,0.3285895695581731,1.0,13.0,,0.7692307692307693,,3.6452880769780873,,,high_scatter,816.8643991620489,0.0321536469572723,0.0371546236181325,779.8351591906599,1,0.940149625935162,,0.9587628865979382,,1.0,821,0.03429811,2
original,1996180,5,-1,confirmed_planet_host,14.257752584194732,bls,False,1,True,False,True,False,False,14.257752584194732,,1.0,,2.569515699118428,,1.0,,,,,0.07044686443860308,0.0,0.07044686443860308,1.0,0.0,1.0,0.07044686443860308,1.0,,,,,,,,lowest_scatter,273.220004242054,0.0321536469572723,0.3705671406453277,209.36529953610523,1,,0.9526184538653366,,0.9619047619047619,1.0,822,0.94205743,1
original,1996180,5,-1,confirmed_planet_host,13.31943981327109,tcf,False,1,False,True,False,True,True,,13.31943981327109,,1.0,,6.6099359949662375,,1.0,,,,0.0,0.06581070651792605,0.0,1.0,0.06581070651792605,1.0,0.07044686443860308,1.0,7.0,,0.8571428571428571,,7.224948277413673,,,lowest_scatter,273.220004242054,0.0321536469572723,0.3705671406453277,209.36529953610523,1,0.5286783042394015,,0.5904761904761905,,1.0,823,0.25639328,2
original,2142522,5,-1,confirmed_planet_host,14.4864954984995,bls,False,1,True,False,True,False,False,14.4864954984995,,1.0,,2.0177487842337016,,1.0,,,,,0.4601888885154434,0.0,0.2699055557422783,2.0,0.0,1.0,0.2699055557422783,2.0,,,,,,,,low_scatter,422.3672572265974,0.0321536469572723,0.849836352904928,117.6490993750662,1,,1.0,,1.0,1.0,824,0.8163196,1
original,2142522,5,-1,confirmed_planet_host,9.920973657885964,tcf,False,1,False,True,False,True,True,,9.920973657885964,,1.0,,7.062313428569179,,1.0,,,,0.0,0.3151570951778108,0.0,1.0,0.3151570951778108,1.0,0.2699055557422783,2.0,9.0,,0.7777777777777778,,10.643478663321408,,,low_scatter,422.3672572265974,0.0321536469572723,0.849836352904928,117.6490993750662,1,0.2817955112219451,,0.20618556701030927,,1.0,825,0.4822621,2
original,2161536,5,-1,confirmed_planet_host,13.38479493164388,bls,False,1,True,False,True,False,False,13.38479493164388,,1.0,,5.107907035789853,,1.0,,,,,1.7966975545182184,0.0,0.06776748182726053,3.0,0.0,1.0,0.06776748182726053,3.0,,,,,,,,highest_scatter,1412.374593812632,0.0321536469572723,0.7550331653312861,570.7798591060216,1,,0.04239401496259352,,0.01904761904761905,1.0,826,0.4877524,1
original,2161536,5,-1,confirmed_planet_host,4.785928642880961,tcf,False,1,False,True,False,True,True,,4.785928642880961,,1.0,,6.28347837411879,,1.0,,,,0.0,0.6424354151615554,0.0,1.0,0.28487083032311084,0.5,0.06776748182726053,3.0,19.0,,0.7894736842105263,,2.927181026032899,,,highest_scatter,1412.374593812632,0.0321536469572723,0.7550331653312861,570.7798591060216,1,0.800498753117207,,0.8,,1.0,827,0.07322338,2
original,2164169,5,-1,confirmed_planet_host,14.92064021340447,bls,False,1,True,False,True,False,False,14.92064021340447,,1.0,,3.258936988253132,,1.0,,,,,0.09714355768051984,0.0,0.09714355768051984,1.0,0.0,1.0,0.09714355768051984,1.0,,,,,,,,low_scatter,343.70698594756755,0.0319378506689684,0.0789860043072013,320.66252820598083,1,,0.6957605985037406,,0.865979381443299,1.0,828,0.96852165,1
original,2164169,5,-1,confirmed_planet_host,13.59953317772591,tcf,False,1,False,True,False,True,True,,13.59953317772591,,1.0,,7.053759151876263,,1.0,,,,0.0,0.08854224864236712,0.0,1.0,0.08854224864236712,1.0,0.09714355768051984,1.0,7.0,,0.8571428571428571,,5.31703324326929,,,low_scatter,343.70698594756755,0.0319378506689684,0.0789860043072013,320.66252820598083,1,0.28428927680798005,,0.21649484536082475,,1.0,829,0.12268392,2
original,2165002,5,-1,confirmed_planet_host,11.120706902300768,bls,False,1,True,False,True,False,False,11.120706902300768,,1.0,,2.0578842353778164,,1.0,,,,,0.01838224067910477,0.0,0.01838224067910477,1.0,0.0,1.0,0.01838224067910477,1.0,,,,,,,,highest_scatter,3911.167466024422,0.0319378506689684,0.9490952603224084,508.54516876191406,1,,1.0,,1.0,1.0,830,0.5844862,1
original,2165002,5,-1,confirmed_planet_host,10.91997332444148,tcf,False,1,False,True,False,True,True,,10.91997332444148,,1.0,,7.284275350309811,,1.0,,,,0.0,0.01805043327036677,0.0,1.0,0.01805043327036677,1.0,0.01838224067910477,1.0,9.0,,0.6666666666666666,,4.538632365743415,,,highest_scatter,3911.167466024422,0.0319378506689684,0.9490952603224084,508.54516876191406,1,0.19201995012468828,,0.21904761904761905,,1.0,831,0.036936153,2
original,2302548,5,-1,confirmed_planet_host,12.465155051683896,bls,False,1,True,False,True,False,False,12.465155051683896,,1.0,,4.387244735496993,,1.0,,,,,0.20052024792061396,0.0,0.20052024792061396,1.0,0.0,1.0,0.20052024792061396,1.0,,,,,,,,highest_scatter,3555.9199577177724,0.0321536469572723,0.9944962467635508,190.5590688225889,1,,0.18204488778054864,,0.0761904761904762,1.0,832,0.37813973,2
original,2302548,5,-1,confirmed_planet_host,10.383127709236414,tcf,False,1,False,True,False,True,True,,10.383127709236414,,1.0,,9.87760631488582,,1.0,,,,0.0,0.1670277933820185,0.0,1.0,0.1670277933820185,1.0,0.20052024792061396,1.0,9.0,,1.0,,9.400914107555774,,,highest_scatter,3555.9199577177724,0.0321536469572723,0.9944962467635508,190.5590688225889,1,0.04738154613466334,,0.09523809523809523,,1.0,833,0.47878936,1
original,2304320,5,-1,confirmed_planet_host,15.0,bls,False,1,True,False,True,False,False,15.0,,1.0,,1.88658907153254,,1.0,,,,,0.5155139305326277,0.0,0.24224303473368616,2.0,0.0,1.0,0.24224303473368616,2.0,,,,,,,,lowest_scatter,226.02026297123473,0.0321536469572723,0.5849591140687749,161.84559325439145,0,,1.0,,1.0,1.0,834,0.759921,1
original,2304320,5,-1,confirmed_planet_host,9.897632544181397,tcf,False,1,False,True,False,True,True,,9.897632544181397,,1.0,,6.8755845928192265,,1.0,,,,0.0,0.34015783038790687,0.0,1.0,0.3196843392241862,0.5,0.24224303473368616,2.0,9.0,,0.7777777777777778,,4.252993993295074,,,lowest_scatter,226.02026297123473,0.0321536469572723,0.5849591140687749,161.84559325439145,0,0.35910224438902744,,0.44761904761904764,,1.0,835,0.5035175,2
original,2307415,5,-1,confirmed_planet_host,9.164721573857951,bls,False,1,True,False,True,False,False,9.164721573857951,,1.0,,2.127295055761433,,1.0,,,,,0.22378491344008597,0.0,0.22378491344008597,1.0,0.0,1.0,0.22378491344008597,1.0,,,,,,,,lowest_scatter,172.96249416353436,0.0319378506689684,0.5031070980975872,118.67901618382976,0,,0.9975062344139651,,0.9904761904761905,1.0,836,0.93791366,1
original,2307415,5,-1,confirmed_planet_host,11.806935645215072,tcf,False,1,False,True,False,True,True,,11.806935645215072,,1.0,,7.24725999738587,,1.0,,,,0.0,0.28830271056940165,0.0,1.0,0.28830271056940165,1.0,0.22378491344008597,1.0,7.0,,0.7142857142857143,,4.082883845006464,,,lowest_scatter,172.96249416353436,0.0319378506689684,0.5031070980975872,118.67901618382976,0,0.20448877805486285,,0.34285714285714286,,1.0,837,0.07761873,2
original,2438264,5,-1,confirmed_planet_host,13.333444481493832,bls,False,1,True,False,True,False,False,13.333444481493832,,1.0,,4.105542788122773,,1.0,,,,,1.68135184067592,0.0,0.10621605310802656,3.0,0.0,1.0,0.10621605310802656,3.0,,,,,,,,highest_scatter,1945.792123199032,0.0321536469572723,0.9831486886940024,223.33990248902808,1,,0.27680798004987534,,0.12380952380952381,1.0,838,0.4809081,2
original,2438264,5,-1,confirmed_planet_host,4.972657552517506,tcf,False,1,False,True,False,True,True,,4.972657552517506,,1.0,,11.728003734158698,,1.0,,,,0.0,0.6270537924825568,0.0,1.0,0.2541075849651136,0.5,0.10621605310802656,3.0,18.0,,1.0,,10.85713486505203,,,highest_scatter,1945.792123199032,0.0321536469572723,0.9831486886940024,223.33990248902808,1,0.032418952618453865,,0.0761904761904762,,1.0,839,0.8988925,1
original,2438513,5,-1,confirmed_planet_host,13.38479493164388,bls,False,1,True,False,True,False,False,13.38479493164388,,1.0,,5.637516585474625,,1.0,,,,,0.05056400324530847,0.0,0.05056400324530847,1.0,0.0,1.0,0.05056400324530847,1.0,,,,,,,,highest_scatter,5520.86821340344,0.0321536469572723,0.997967450966772,202.48195783361825,1,,0.012468827930174564,,0.009523809523809525,1.0,840,0.26433283,1
original,2438513,5,-1,confirmed_planet_host,12.7405801933978,tcf,False,1,False,True,False,True,True,,12.7405801933978,,1.0,,6.906931746424961,,1.0,,,,0.0,0.04813034054956259,0.0,1.0,0.04813034054956259,1.0,0.05056400324530847,1.0,5.0,,0.6,,5.198200645869008,,,highest_scatter,5520.86821340344,0.0321536469572723,0.997967450966772,202.48195783361825,1,0.341645885286783,,0.38095238095238093,,1.0,841,0.012772427,2
original,2439243,5,-1,confirmed_planet_host,13.571523841280428,bls,False,1,True,False,True,False,False,13.571523841280428,,1.0,,4.312816510650279,,1.0,,,,,0.0724264454522665,0.0,0.0724264454522665,1.0,0.0,1.0,0.0724264454522665,1.0,,,,,,,,high_scatter,815.8214492229673,0.0321536469572723,0.2516985648930642,642.4356865485978,1,,0.1970074812967581,,0.27835051546391754,1.0,842,0.84493196,1
original,2439243,5,-1,confirmed_planet_host,14.631210403467824,tcf,False,1,False,True,False,True,True,,14.631210403467824,,1.0,,6.370944872267817,,1.0,,,,0.0,0.07808161961622569,0.0,1.0,0.07808161961622569,1.0,0.0724264454522665,1.0,6.0,,0.6666666666666666,,6.040222224756217,,,high_scatter,815.8214492229673,0.0321536469572723,0.2516985648930642,642.4356865485978,1,0.7331670822942643,,0.6804123711340206,,1.0,843,0.018538373,2
original,2441495,5,-1,confirmed_planet_host,14.603201067022342,bls,False,1,True,False,True,False,False,14.603201067022342,,1.0,,3.0982510593803267,,1.0,,,,,0.16845868573410536,0.0,0.16845868573410536,1.0,0.0,1.0,0.16845868573410536,1.0,,,,,,,,low_scatter,313.5617282104444,0.0321536469572723,0.6591995947594694,156.73928131019386,0,,0.7680798004987531,,0.9278350515463918,1.0,844,0.94704956,1
original,2441495,5,-1,confirmed_planet_host,12.49783261087029,tcf,False,1,False,True,False,True,True,,12.49783261087029,,1.0,,7.384868323305256,,1.0,,,,0.0,0.1441717090992123,0.0,1.0,0.1441717090992123,1.0,0.16845868573410536,1.0,6.0,,1.0,,7.098500994188951,,,low_scatter,313.5617282104444,0.0321536469572723,0.6591995947594694,156.73928131019386,0,0.16458852867830423,,0.14432989690721648,,1.0,845,0.19670053,2
original,2442448,5,-1,confirmed_planet_host,10.94331443814605,bls,False,1,True,False,True,False,False,10.94331443814605,,1.0,,4.7866595610912475,,1.0,,,,,0.19476408960423985,0.0,0.19476408960423985,1.0,0.0,1.0,0.19476408960423985,1.0,,,,,,,,lowest_scatter,254.40492110314065,0.0321536469572723,0.0940582618315911,234.17823467877648,0,,0.08478802992518704,,0.10476190476190476,1.0,846,0.9729214,1
original,2442448,5,-1,confirmed_planet_host,13.590196732244085,tcf,False,1,False,True,False,True,True,,13.590196732244085,,1.0,,6.490292690075918,,1.0,,,,0.0,0.24187208629147763,0.0,1.0,0.24187208629147763,1.0,0.19476408960423985,1.0,7.0,,0.7142857142857143,,5.03719108600406,,,lowest_scatter,254.40492110314065,0.0321536469572723,0.0940582618315911,234.17823467877648,0,0.6309226932668329,,0.7047619047619048,,1.0,847,0.055034455,2
original,2444412,5,-1,confirmed_planet_host,14.388462820940315,bls,False,1,True,False,True,False,False,14.388462820940315,,1.0,,3.9247033110896,,1.0,,,,,0.03476121239234982,0.0,0.03476121239234982,1.0,0.0,1.0,0.03476121239234982,1.0,,,,,,,,high_scatter,1105.0141019134894,0.0321536469572723,0.9909382285573692,93.66421297026582,0,,0.341645885286783,,0.4536082474226804,1.0,848,0.89281124,1
original,2444412,5,-1,confirmed_planet_host,14.906635545181729,tcf,False,1,False,True,False,True,True,,14.906635545181729,,1.0,,18.614952594840897,,1.0,,,,0.0,0.036013070380755914,0.0,1.0,0.036013070380755914,1.0,0.03476121239234982,1.0,6.0,,1.0,,18.56112691033996,,,high_scatter,1105.0141019134894,0.0321536469572723,0.9909382285573692,93.66421297026582,0,0.004987531172069825,,0.010309278350515464,,1.0,849,0.116193354,2
original,2556650,5,-1,confirmed_planet_host,14.93464488162721,bls,False,1,True,False,True,False,False,14.93464488162721,,1.0,,3.624774111768243,,1.0,,,,,0.040322393329152356,0.0,0.040322393329152356,1.0,0.0,1.0,0.040322393329152356,1.0,,,,,,,,high_scatter,916.332682756996,0.0321536469572723,0.1879710433904475,771.5386824391611,1,,0.4912718204488778,,0.6185567010309279,1.0,850,0.84115744,1
original,2556650,5,-1,confirmed_planet_host,14.35578526175392,tcf,False,1,False,True,False,True,True,,14.35578526175392,,1.0,,7.138548102570818,,1.0,,,,0.0,0.03875951684565399,0.0,1.0,0.03875951684565399,1.0,0.040322393329152356,1.0,5.0,,0.6,,5.4300452500727525,,,high_scatter,916.332682756996,0.0321536469572723,0.1879710433904475,771.5386824391611,1,0.26184538653366585,,0.16494845360824742,,1.0,851,0.0031217975,2
original,2584163,5,-1,confirmed_planet_host,10.779926642214072,bls,False,1,True,False,True,False,False,10.779926642214072,,1.0,,3.665965617586175,,1.0,,,,,0.2711306504339985,0.0,0.2711306504339985,1.0,0.0,1.0,0.2711306504339985,1.0,,,,,,,,low_scatter,399.36644959214834,0.0319378506689684,0.0044160981216212,383.838254148619,1,,0.4613466334164589,,0.6185567010309279,1.0,852,0.99450785,1
original,2584163,5,-1,confirmed_planet_host,14.789929976658888,tcf,False,1,False,True,False,True,True,,14.789929976658888,,1.0,,7.076174718600959,,1.0,,,,0.0,0.3719879983915371,0.0,1.0,0.31400600080423147,2.0,0.2711306504339985,1.0,5.0,,1.0,,9.5109554632337,,,low_scatter,399.36644959214834,0.0319378506689684,0.0044160981216212,383.838254148619,1,0.2817955112219451,,0.20618556701030927,,1.0,853,0.018369634,2
original,2693736,5,-1,confirmed_planet_host,12.119706568856286,bls,False,1,True,False,True,False,False,12.119706568856286,,1.0,,6.807186479884859,,1.0,,,,,0.24208044288008732,0.0,0.24208044288008732,1.0,0.0,1.0,0.24208044288008732,1.0,,,,,,,,low_scatter,454.0150778128674,0.0321536469572723,0.1169715578241618,418.6860573701959,1,,0.0024937655860349127,,0.010309278350515464,1.0,854,0.97606146,1
original,2693736,5,-1,confirmed_planet_host,9.757585861953986,tcf,False,1,False,True,False,True,True,,9.757585861953986,,1.0,,7.230117202229719,,1.0,,,,0.0,0.1948991663686135,0.0,1.0,0.1948991663686135,1.0,0.24208044288008732,1.0,9.0,,0.7777777777777778,,3.982562371871804,,,low_scatter,454.0150778128674,0.0321536469572723,0.1169715578241618,418.6860573701959,1,0.2119700748129676,,0.16494845360824742,,1.0,855,0.40090013,2
original,2713049,5,-1,confirmed_planet_host,11.90496832277426,bls,False,1,True,False,True,False,False,11.90496832277426,,1.0,,3.0368019468118344,,1.0,,,,,0.14998928647953705,0.0,0.14998928647953705,1.0,0.0,1.0,0.14998928647953705,1.0,,,,,,,,low_scatter,452.97370745852663,0.0321536469572723,0.3031218423350373,350.575032674304,1,,0.8029925187032418,,0.9381443298969072,1.0,856,0.9605421,1
original,2713049,5,-1,confirmed_planet_host,14.005668556185396,tcf,False,1,False,True,False,True,True,,14.005668556185396,,1.0,,6.606532713973645,,1.0,,,,0.0,0.1764557600201662,0.0,1.0,0.1764557600201662,1.0,0.14998928647953705,1.0,7.0,,0.8571428571428571,,3.797041271201592,,,low_scatter,452.97370745852663,0.0321536469572723,0.3031218423350373,350.575032674304,1,0.5286783042394015,,0.4948453608247423,,1.0,857,0.23677492,2
original,2715135,5,-1,confirmed_planet_host,10.737912637545849,bls,False,1,True,False,True,False,False,10.737912637545849,,1.0,,3.131690598998201,,1.0,,,,,0.8682485351279224,0.0,0.06587573243603881,2.0,0.0,1.0,0.06587573243603881,2.0,,,,,,,,highest_scatter,2555.578506954862,0.0319378506689684,0.9857965973376128,277.77690379901316,1,,0.7506234413965087,,0.4666666666666667,1.0,858,0.35929283,2
original,2715135,5,-1,confirmed_planet_host,5.74758252750917,tcf,False,1,False,True,False,True,True,,5.74758252750917,,1.0,,9.95703507719102,,1.0,,,,0.0,0.46473931000217367,0.0,1.0,0.07052137999565264,0.5,0.06587573243603881,2.0,17.0,,1.0,,10.406258612127532,,,highest_scatter,2555.578506954862,0.0319378506689684,0.9857965973376128,277.77690379901316,1,0.04239401496259352,,0.08571428571428572,,1.0,859,0.7546664,1
original,2715695,5,-1,confirmed_planet_host,14.225075025008335,bls,False,1,True,False,True,False,False,14.225075025008335,,1.0,,3.5816914850322163,,1.0,,,,,0.09210762102245078,0.0,0.09210762102245078,1.0,0.0,1.0,0.09210762102245078,1.0,,,,,,,,high_scatter,751.0872160005945,0.0319378506689684,0.121172730279881,667.7552088921291,0,,0.5112219451371571,,0.6494845360824743,1.0,860,0.8785247,1
original,2715695,5,-1,confirmed_planet_host,13.025341780593532,tcf,False,1,False,True,False,True,True,,13.025341780593532,,1.0,,7.163182761940375,,1.0,,,,0.0,0.08433932631677633,0.0,1.0,0.08433932631677633,1.0,0.09210762102245078,1.0,7.0,,1.0,,6.181044428042728,,,high_scatter,751.0872160005945,0.0319378506689684,0.121172730279881,667.7552088921291,0,0.24189526184538654,,0.14432989690721648,,1.0,861,0.034522634,2
original,2716801,5,-1,confirmed_planet_host,14.93464488162721,bls,False,1,True,False,True,False,False,14.93464488162721,,1.0,,4.159602218880347,,1.0,,,,,0.10767899097316685,0.0,0.10767899097316685,1.0,0.0,1.0,0.10767899097316685,1.0,,,,,,,,high_scatter,637.4152184568583,0.0319378506689684,0.0884020306825957,585.5662546125403,1,,0.26184538653366585,,0.3402061855670103,1.0,862,0.9056474,1
original,2716801,5,-1,confirmed_planet_host,13.482827609203069,tcf,False,1,False,True,False,True,True,,13.482827609203069,,1.0,,6.269681879715736,,1.0,,,,0.0,0.09721136886289047,0.0,1.0,0.09721136886289047,1.0,0.10767899097316685,1.0,7.0,,0.8571428571428571,,4.557629620666918,,,high_scatter,637.4152184568583,0.0319378506689684,0.0884020306825957,585.5662546125403,1,0.8054862842892768,,0.8041237113402062,,1.0,863,0.026415406,2
original,2716853,5,-1,confirmed_planet_host,9.407469156385462,bls,False,1,True,False,True,False,False,9.407469156385462,,1.0,,8.87561851117315,,1.0,,,,,0.34554269410099986,0.0,0.3089146117980002,0.5,0.0,1.0,0.3089146117980002,0.5,,,,,,,,high_scatter,597.2938732475109,0.0319378506689684,0.0690730216284773,572.952348696835,0,,0.0024937655860349127,,0.010309278350515464,1.0,864,0.9820973,1
original,2716853,5,-1,confirmed_planet_host,14.374458152717574,tcf,False,1,False,True,False,True,True,,14.374458152717574,,1.0,,6.806342317973449,,1.0,,,,0.0,0.5279835536809274,0.0,1.0,0.2360082231595363,2.0,0.3089146117980002,0.5,7.0,,0.8571428571428571,,4.9291309353372315,,,high_scatter,597.2938732475109,0.0319378506689684,0.0690730216284773,572.952348696835,0,0.3915211970074813,,0.35051546391752575,,1.0,865,0.011305793,2
original,2717158,5,-1,confirmed_planet_host,11.59686562187396,bls,False,1,True,False,True,False,False,11.59686562187396,,1.0,,3.936441126748108,,1.0,,,,,0.1338812103100485,0.0,0.1338812103100485,1.0,0.0,1.0,0.1338812103100485,1.0,,,,,,,,low_scatter,422.7800536981861,0.0319378506689684,0.1066488575873861,387.81304624357085,1,,0.3341645885286783,,0.4845360824742268,1.0,866,0.9790775,1
original,2717158,5,-1,confirmed_planet_host,13.389463154384796,tcf,False,1,False,True,False,True,True,,13.389463154384796,,1.0,,5.977164686549221,,1.0,,,,0.0,0.15457603726386604,0.0,1.0,0.15457603726386604,1.0,0.1338812103100485,1.0,7.0,,0.7142857142857143,,3.4308576075951502,,,low_scatter,422.7800536981861,0.0319378506689684,0.1066488575873861,387.81304624357085,1,0.9775561097256857,,0.9896907216494846,,1.0,867,0.02123323,2
original,2718778,5,-1,confirmed_planet_host,3.9223074358119376,bls,False,1,True,False,True,False,False,3.9223074358119376,,1.0,,5.074981324565365,,1.0,,,,,0.5026005327920842,0.0,0.005201065584168432,0.5,0.0,1.0,0.005201065584168432,0.5,,,,,,,,high_scatter,626.7773187953732,0.0319378506689684,0.0957554142562626,563.4907165874912,0,,0.04738154613466334,,0.09278350515463918,1.0,868,0.95944184,1
original,2718778,5,-1,confirmed_planet_host,7.885628542847616,tcf,False,1,False,True,False,True,True,,7.885628542847616,,1.0,,6.9257199575335315,,1.0,,,,0.0,1.0104565161948482,0.0,1.0,0.005228258097424094,2.0,0.005201065584168432,0.5,11.0,,0.9090909090909092,,4.682266822620401,,,high_scatter,626.7773187953732,0.0319378506689684,0.0957554142562626,563.4907165874912,0,0.32917705735660846,,0.26804123711340205,,1.0,869,0.0012527562,2
original,2721030,5,-1,confirmed_planet_host,6.102367455818607,bls,False,1,True,False,True,False,False,6.102367455818607,,1.0,,17.101403986627545,,1.0,,,,,0.20790706884034058,0.0,0.20790706884034058,1.0,0.0,1.0,0.20790706884034058,1.0,,,,,,,,high_scatter,564.1063681281146,0.0319378506689684,0.091405673978549,529.0511866800758,1,,0.0024937655860349127,,0.010309278350515464,1.0,870,0.95985407,1
original,2721030,5,-1,confirmed_planet_host,5.052017339113038,tcf,False,1,False,True,False,True,True,,5.052017339113038,,1.0,,6.393910141818682,,1.0,,,,0.0,0.1721217419813125,0.0,1.0,0.1721217419813125,1.0,0.20790706884034058,1.0,17.0,,0.7058823529411765,,4.190309818082821,,,high_scatter,564.1063681281146,0.0319378506689684,0.091405673978549,529.0511866800758,1,0.7107231920199502,,0.6494845360824743,,1.0,871,0.35509875,2
original,2831055,5,-1,confirmed_planet_host,10.350450150050015,bls,False,1,True,False,True,False,False,10.350450150050015,,1.0,,3.6828941667745174,,1.0,,,,,0.22345082930978438,0.0,0.22345082930978438,1.0,0.0,1.0,0.22345082930978438,1.0,,,,,,,,lowest_scatter,284.85392005780625,0.0321536469572723,0.4490121649359341,184.04384415330637,1,,0.4538653366583541,,0.44761904761904764,1.0,872,0.97050303,1
original,2831055,5,-1,confirmed_planet_host,13.32877625875292,tcf,False,1,False,True,False,True,True,,13.32877625875292,,1.0,,7.170480946654212,,1.0,,,,0.0,0.28774846171192986,0.0,1.0,0.28774846171192986,1.0,0.22345082930978438,1.0,7.0,,1.0,,8.475174858135265,,,lowest_scatter,284.85392005780625,0.0321536469572723,0.4490121649359341,184.04384415330637,1,0.2344139650872818,,0.3904761904761905,,1.0,873,0.2538452,2
original,2832589,5,-1,confirmed_planet_host,10.677225741913972,bls,False,1,True,False,True,False,False,10.677225741913972,,1.0,,3.692583803053356,,1.0,,,,,0.21000172698788638,0.0,0.21000172698788638,1.0,0.0,1.0,0.21000172698788638,1.0,,,,,,,,highest_scatter,5321.4752031346225,0.0321536469572723,0.9871454924439728,521.8653007567668,1,,0.4538653366583541,,0.22857142857142856,1.0,874,0.3667021,1
original,2832589,5,-1,confirmed_planet_host,13.515505168389463,tcf,False,1,False,True,False,True,True,,13.515505168389463,,1.0,,6.473500887250551,,1.0,,,,0.0,0.2658255519815121,0.0,1.0,0.2658255519815121,1.0,0.21000172698788638,1.0,7.0,,0.7142857142857143,,5.503412810013561,,,highest_scatter,5321.4752031346225,0.0321536469572723,0.9871454924439728,521.8653007567668,1,0.6508728179551122,,0.6761904761904762,,1.0,875,0.047941774,2
original,1865042,5,-1,confirmed_planet_host,14.248416138712903,bls,False,1,True,False,True,False,False,14.248416138712903,,1.0,,3.3096298864036777,,1.0,,,,,0.29980228136882114,0.0,0.29980228136882114,1.0,0.0,1.0,0.29980228136882114,1.0,,,,,,,,lowest_scatter,190.32169768631584,0.0321536469572723,0.2160367336126833,160.60120880078074,0,,0.6758104738154613,,0.6952380952380952,1.0,876,0.9829282,1
original,1865042,5,-1,confirmed_planet_host,10.961987329109704,tcf,False,1,False,True,False,True,True,,10.961987329109704,,1.0,,6.596089489260779,,1.0,,,,0.0,0.23065221969998354,0.0,1.0,0.23065221969998354,1.0,0.29980228136882114,1.0,7.0,,1.0,,4.4893043802909345,,,lowest_scatter,190.32169768631584,0.0321536469572723,0.2160367336126833,160.60120880078074,0,0.543640897755611,,0.6,,1.0,877,0.26789778,2
original,2557816,5,-1,confirmed_planet_host,9.37945981993998,bls,False,1,True,False,True,False,False,9.37945981993998,,1.0,,9.90409402711444,,1.0,,,,,0.316469321851453,0.0,0.316469321851453,1.0,0.0,1.0,0.316469321851453,1.0,,,,,,,,low_scatter,345.18407079687677,0.0321536469572723,0.0777296209747519,333.4332530987721,1,,0.0024937655860349127,,0.010309278350515464,1.0,878,0.99436086,1
original,2557816,5,-1,confirmed_planet_host,7.1247082360786935,tcf,False,1,False,True,False,True,True,,7.1247082360786935,,1.0,,6.805975674771553,,1.0,,,,0.0,0.24039247751430898,0.0,1.0,0.24039247751430898,1.0,0.316469321851453,1.0,11.0,,0.9090909090909092,,5.741581481027663,,,low_scatter,345.18407079687677,0.0321536469572723,0.0777296209747519,333.4332530987721,1,0.3940149625935162,,0.32989690721649484,,1.0,879,0.32644966,2
original,2571238,5,-1,confirmed_planet_host,9.286095365121708,both,True,2,True,True,True,True,True,9.286095365121708,9.286095365121708,1.0,1.0,7.418340831702174,24.016515136351373,1.0,1.0,0.0,0.0,1.0,0.0,0.0,0.0,1.0,0.0,1.0,0.0,1.0,10.0,,1.0,,24.0804230199735,,,lowest_scatter,136.43715443867333,0.0321536469572723,0.7945712482910711,66.78109494030717,1,0.004987531172069825,0.0024937655860349127,0.009523809523809525,0.009523809523809525,1.0,880,0.9694036,1
original,1724719,5,-1,confirmed_planet_host,8.40380126708903,bls,False,1,True,False,True,False,False,8.40380126708903,,1.0,,2.1043645066053194,,1.0,,,,,0.364603554771209,0.0,0.2707928904575821,0.5,0.0,1.0,0.2707928904575821,0.5,,,,,,,,lowest_scatter,253.7484978064117,0.0321536469572723,0.2896619107984814,201.49712071074617,1,,0.9975062344139651,,0.9904761904761905,1.0,881,0.9661841,1
original,1724719,5,-1,confirmed_planet_host,13.22607535845282,tcf,False,1,False,True,False,True,True,,13.22607535845282,,1.0,,6.459101596020014,,1.0,,,,0.0,0.5738205769154467,0.0,1.0,0.2130897115422766,2.0,0.2707928904575821,0.5,7.0,,0.7142857142857143,,5.263719829158053,,,lowest_scatter,253.7484978064117,0.0321536469572723,0.2896619107984814,201.49712071074617,1,0.6583541147132169,,0.7333333333333333,,1.0,882,0.006411207,2
original,1718189,5,-1,confirmed_planet_host,10.924641547182397,bls,False,1,True,False,True,False,False,10.924641547182397,,1.0,,5.50278312604653,,1.0,,,,,0.19696561190225242,0.0,0.19696561190225242,1.0,0.0,1.0,0.19696561190225242,1.0,,,,,,,,lowest_scatter,248.6156618207829,0.0321536469572723,0.0578485618147859,236.84314482102673,1,,0.017456359102244388,,0.0380952380952381,1.0,883,0.9807216,1
original,1718189,5,-1,confirmed_planet_host,13.604201400466824,tcf,False,1,False,True,False,True,True,,13.604201400466824,,1.0,,6.529335740528111,,1.0,,,,0.0,0.24527668406434075,0.0,1.0,0.24527668406434075,1.0,0.19696561190225242,1.0,7.0,,0.8571428571428571,,4.579630357116031,,,lowest_scatter,248.6156618207829,0.0321536469572723,0.0578485618147859,236.84314482102673,1,0.6059850374064838,,0.6761904761904762,,1.0,884,0.14442907,2
original,11086270,5,-1,confirmed_planet_host,12.68922974324775,bls,False,1,True,False,True,False,False,12.68922974324775,,1.0,,9.5882169048617,,1.0,,,,,0.11666395858963342,0.0,0.11666395858963342,1.0,0.0,1.0,0.11666395858963342,1.0,,,,,,,,lowest_scatter,108.5956025930775,0.0319378506689684,0.1415028809891498,96.5740904428604,1,,0.0024937655860349127,,0.009523809523809525,1.0,885,0.9805079,1
original,11086270,5,-1,confirmed_planet_host,14.365121707235746,tcf,False,1,False,True,False,True,True,,14.365121707235746,,1.0,,7.886065704194121,,1.0,,,,0.0,0.13207200105111017,0.0,1.0,0.13207200105111017,1.0,0.11666395858963342,1.0,7.0,,0.8571428571428571,,5.022785282600191,,,lowest_scatter,108.5956025930775,0.0319378506689684,0.1415028809891498,96.5740904428604,1,0.11221945137157108,,0.1523809523809524,,1.0,886,0.17428811,2
original,2581554,5,-1,confirmed_planet_host,7.642880960320107,bls,False,1,True,False,True,False,False,7.642880960320107,,1.0,,8.699219340472535,,1.0,,,,,0.48192934475510263,0.0,0.03614131048979477,0.5,0.0,1.0,0.03614131048979477,0.5,,,,,,,,highest_scatter,8745.033574829806,0.0319378506689684,0.9995608510557872,136.74949662182183,1,,0.0024937655860349127,,0.009523809523809525,1.0,887,0.5451467,1
original,2581554,5,-1,confirmed_planet_host,14.75258419473158,tcf,False,1,False,True,False,True,True,,14.75258419473158,,1.0,,7.19945523904678,,1.0,,,,0.0,0.9302386457833433,0.0,1.0,0.034880677108328394,2.0,0.03614131048979477,0.5,6.0,,0.6666666666666666,,9.65132815995488,,,highest_scatter,8745.033574829806,0.0319378506689684,0.9995608510557872,136.74949662182183,1,0.22194513715710723,,0.22857142857142856,,1.0,888,0.00047147967,2
original,2581316,5,-1,confirmed_planet_host,13.683561187062356,bls,False,1,True,False,True,False,False,13.683561187062356,,1.0,,1.355147395427287,,1.0,,,,,0.05694588073078241,0.0,0.05694588073078241,1.0,0.0,1.0,0.05694588073078241,1.0,,,,,,,,lowest_scatter,202.40798946213667,0.0319378506689684,0.986239189186234,69.45143570846693,1,,1.0,,1.0,1.0,889,0.7171589,1
original,2581316,5,-1,confirmed_planet_host,14.509836612204069,tcf,False,1,False,True,False,True,True,,14.509836612204069,,1.0,,6.81986464727776,,1.0,,,,0.0,0.06038453103297016,0.0,1.0,0.06038453103297016,1.0,0.05694588073078241,1.0,6.0,,0.8333333333333334,,5.658729911903255,,,lowest_scatter,202.40798946213667,0.0319378506689684,0.986239189186234,69.45143570846693,1,0.38154613466334164,,0.47619047619047616,,1.0,890,0.07417402,2
original,2574338,5,-1,confirmed_planet_host,14.687229076358788,bls,False,1,True,False,True,False,False,14.687229076358788,,1.0,,3.4790318778983673,,1.0,,,,,0.06427138956677217,0.0,0.06427138956677217,1.0,0.0,1.0,0.06427138956677217,1.0,,,,,,,,low_scatter,482.2928696762642,0.0321536469572723,0.0246290124961552,447.6939623877364,1,,0.5860349127182045,,0.7731958762886598,1.0,891,0.97870946,1
original,2574338,5,-1,confirmed_planet_host,13.800266755585197,tcf,False,1,False,True,False,True,True,,13.800266755585197,,1.0,,7.051924183436493,,1.0,,,,0.0,0.06039003791404636,0.0,1.0,0.06039003791404636,1.0,0.06427138956677217,1.0,6.0,,0.8333333333333334,,9.045568755560344,,,low_scatter,482.2928696762642,0.0321536469572723,0.0246290124961552,447.6939623877364,1,0.28428927680798005,,0.21649484536082475,,1.0,892,0.05719584,2
original,2692377,5,-1,confirmed_planet_host,14.95798599533178,bls,False,1,True,False,True,False,False,14.95798599533178,,1.0,,2.5090012407104547,,1.0,,,,,1.4252040871492677,0.0,0.1915986376169108,3.0,0.0,1.0,0.1915986376169108,3.0,,,,,,,,highest_scatter,2204.6923881329853,0.0321536469572723,0.9956274601551844,116.71237551405744,0,,0.9625935162094763,,0.9142857142857143,1.0,893,0.20590155,2
original,2692377,5,-1,confirmed_planet_host,6.167722574191398,tcf,False,1,False,True,False,True,True,,6.167722574191398,,1.0,,9.629924285227556,,1.0,,,,0.0,0.5876635680688379,0.0,1.0,0.1753271361376759,0.5,0.1915986376169108,3.0,15.0,,1.0,,7.833642258081592,,,highest_scatter,2204.6923881329853,0.0321536469572723,0.9956274601551844,116.71237551405744,0,0.04987531172069826,,0.10476190476190476,,1.0,894,0.76173055,1
original,2837111,5,-1,confirmed_planet_host,8.753917972657554,bls,False,1,True,False,True,False,False,8.753917972657554,,1.0,,4.668724083892691,,1.0,,,,,0.23109026963657692,0.0,0.23109026963657692,1.0,0.0,1.0,0.23109026963657692,1.0,,,,,,,,low_scatter,325.5765286070513,0.0319378506689684,0.0185707072989567,318.52561656753244,1,,0.10972568578553615,,0.14432989690721648,1.0,895,0.9846543,1
original,2837111,5,-1,confirmed_planet_host,7.1107035678559525,tcf,False,1,False,True,False,True,True,,7.1107035678559525,,1.0,,6.204720894236629,,1.0,,,,0.0,0.18771188054698518,0.0,1.0,0.18771188054698518,1.0,0.23109026963657692,1.0,14.0,,0.6428571428571429,,3.646600900145216,,,low_scatter,325.5765286070513,0.0319378506689684,0.0185707072989567,318.52561656753244,1,0.8653366583541147,,0.8144329896907216,,1.0,896,0.2370156,2
