target_id,quarter,selection_group,sample_stratum,pipeline,branch,detector,success,rank,period_days,score,duration_hours,error
4818593,5,catalog_clean_background,gap_heavy,raw_bls,raw,bls,True,1,8.195319531953196,4.544542346264113,5.1000000000000005,
4818593,5,catalog_clean_background,gap_heavy,raw_bls,raw,bls,True,2,8.864586458645864,4.112864338917856,6.300000000000001,
4818593,5,catalog_clean_background,gap_heavy,raw_bls,raw,bls,True,3,3.4306430643064307,4.003259358618287,10.05,
4818593,5,catalog_clean_background,gap_heavy,raw_bls,raw,bls,True,4,1.14001400140014,3.139774009445668,7.5,
4818593,5,catalog_clean_background,gap_heavy,raw_bls,raw,bls,True,5,13.9008900890089,2.9171531107655087,5.1000000000000005,
4818593,5,catalog_clean_background,gap_heavy,raw_bls,raw,bls,True,6,13.34083408340834,2.9108570376067338,6.300000000000001,
4818593,5,catalog_clean_background,gap_heavy,raw_bls,raw,bls,True,7,10.313731373137314,2.62576230506418,7.5,
4818593,5,catalog_clean_background,gap_heavy,raw_bls,raw,bls,True,8,12.523152315231522,2.5875843206155236,10.05,
4818593,5,catalog_clean_background,gap_heavy,raw_bls,raw,bls,True,9,6.867986798679868,2.5808161095312916,8.850000000000001,
4818593,5,catalog_clean_background,gap_heavy,raw_bls,raw,bls,True,10,6.944994499449945,2.279046241596539,6.300000000000001,
4818593,5,catalog_clean_background,gap_heavy,raw_tcf,raw,tcf,True,1,13.688068806880688,6.1712761163898575,5.142857142857142,
4818593,5,catalog_clean_background,gap_heavy,raw_tcf,raw,tcf,True,2,6.593559355935594,6.146605489957065,5.142857142857142,
4818593,5,catalog_clean_background,gap_heavy,raw_tcf,raw,tcf,True,3,3.3354335433543354,6.063283023769596,7.571428571428571,
4818593,5,catalog_clean_background,gap_heavy,raw_tcf,raw,tcf,True,4,11.964496449644964,6.0471766053382,6.357142857142858,
4818593,5,catalog_clean_background,gap_heavy,raw_tcf,raw,tcf,True,5,5.738073807380738,6.005844160875535,8.785714285714285,
4818593,5,catalog_clean_background,gap_heavy,raw_tcf,raw,tcf,True,6,4.657165716571657,5.970240728709821,5.142857142857142,
4818593,5,catalog_clean_background,gap_heavy,raw_tcf,raw,tcf,True,7,13.094409440944094,5.913448683947069,5.142857142857142,
4818593,5,catalog_clean_background,gap_heavy,raw_tcf,raw,tcf,True,8,4.543754375437544,5.8637818991712365,7.571428571428571,
4818593,5,catalog_clean_background,gap_heavy,raw_tcf,raw,tcf,True,9,5.584058405840584,5.809775896994122,5.142857142857142,
4818593,5,catalog_clean_background,gap_heavy,raw_tcf,raw,tcf,True,10,13.522852285228522,5.805931435147628,8.785714285714285,
4818593,5,catalog_clean_background,gap_heavy,arima_bls,arima,bls,True,1,9.763476347634764,4.461946450159602,1.5,
4818593,5,catalog_clean_background,gap_heavy,arima_bls,arima,bls,True,2,1.4676467646764677,4.44329357685626,1.5,
4818593,5,catalog_clean_background,gap_heavy,arima_bls,arima,bls,True,3,3.0344034403440343,4.4423514924197045,1.5,
4818593,5,catalog_clean_background,gap_heavy,arima_bls,arima,bls,True,4,3.2976297629762974,4.123214416427208,1.5,
4818593,5,catalog_clean_background,gap_heavy,arima_bls,arima,bls,True,5,7.474247424742474,4.057978614315656,1.5,
4818593,5,catalog_clean_background,gap_heavy,arima_bls,arima,bls,True,6,5.136013601360136,4.006074800463216,1.5,
4818593,5,catalog_clean_background,gap_heavy,arima_bls,arima,bls,True,7,13.933093309330932,3.925877225904721,1.5,
4818593,5,catalog_clean_background,gap_heavy,arima_bls,arima,bls,True,8,2.1355135513551353,3.915531173527783,1.5,
4818593,5,catalog_clean_background,gap_heavy,arima_bls,arima,bls,True,9,12.714971497149715,3.8975594545567023,1.5,
4818593,5,catalog_clean_background,gap_heavy,arima_bls,arima,bls,True,10,6.971597159715971,3.775122543079709,1.5,
4818593,5,catalog_clean_background,gap_heavy,arima_tcf,arima,tcf,True,1,8.66996699669967,6.993915726634494,3.928571428571429,
4818593,5,catalog_clean_background,gap_heavy,arima_tcf,arima,tcf,True,2,7.978297829782978,6.860768184177559,1.5,
4818593,5,catalog_clean_background,gap_heavy,arima_tcf,arima,tcf,True,3,14.274727472747276,6.773028550502039,1.5,
4818593,5,catalog_clean_background,gap_heavy,arima_tcf,arima,tcf,True,4,13.801480148014802,6.7535427358204005,5.142857142857142,
4818593,5,catalog_clean_background,gap_heavy,arima_tcf,arima,tcf,True,5,7.195619561956195,6.72822796255001,1.5,
4818593,5,catalog_clean_background,gap_heavy,arima_tcf,arima,tcf,True,6,11.012401240124012,6.655802782861739,10.0,
4818593,5,catalog_clean_background,gap_heavy,arima_tcf,arima,tcf,True,7,1.322032203220322,6.560044022018073,1.5,
4818593,5,catalog_clean_background,gap_heavy,arima_tcf,arima,tcf,True,8,11.869286928692867,6.551034182148057,3.928571428571429,
4818593,5,catalog_clean_background,gap_heavy,arima_tcf,arima,tcf,True,9,3.0736073607360734,6.512257894190455,1.5,
4818593,5,catalog_clean_background,gap_heavy,arima_tcf,arima,tcf,True,10,9.994499449944994,6.473356889612732,5.142857142857142,
4818593,5,catalog_clean_background,gap_heavy,kalman_bls,kalman,bls,True,1,1.4676467646764677,4.649066166241402,1.5,
4818593,5,catalog_clean_background,gap_heavy,kalman_bls,kalman,bls,True,2,13.933093309330932,4.328624848256978,1.5,
4818593,5,catalog_clean_background,gap_heavy,kalman_bls,kalman,bls,True,3,7.474247424742474,4.326054223215484,1.5,
4818593,5,catalog_clean_background,gap_heavy,kalman_bls,kalman,bls,True,4,3.0344034403440343,4.235117152196713,1.5,
4818593,5,catalog_clean_background,gap_heavy,kalman_bls,kalman,bls,True,5,9.763476347634764,4.158774656076641,1.5,
4818593,5,catalog_clean_background,gap_heavy,kalman_bls,kalman,bls,True,6,10.273127312731273,4.145889055081605,1.5,
4818593,5,catalog_clean_background,gap_heavy,kalman_bls,kalman,bls,True,7,1.5166516651665165,3.944549149564488,1.5,
4818593,5,catalog_clean_background,gap_heavy,kalman_bls,kalman,bls,True,8,3.2976297629762974,3.8891001873580633,1.5,
4818593,5,catalog_clean_background,gap_heavy,kalman_bls,kalman,bls,True,9,12.714971497149715,3.740292363990785,1.5,
4818593,5,catalog_clean_background,gap_heavy,kalman_bls,kalman,bls,True,10,14.946794679467946,3.7390328761191447,1.5,
4818593,5,catalog_clean_background,gap_heavy,kalman_tcf,kalman,tcf,True,1,14.274727472747276,6.835221098861437,1.5,
4818593,5,catalog_clean_background,gap_heavy,kalman_tcf,kalman,tcf,True,2,8.66996699669967,6.824312616838991,3.928571428571429,
4818593,5,catalog_clean_background,gap_heavy,kalman_tcf,kalman,tcf,True,3,7.195619561956195,6.675936763290406,1.5,
4818593,5,catalog_clean_background,gap_heavy,kalman_tcf,kalman,tcf,True,4,14.529552955295529,6.599453262506583,1.5,
4818593,5,catalog_clean_background,gap_heavy,kalman_tcf,kalman,tcf,True,5,13.801480148014802,6.5893819252098496,5.142857142857142,
4818593,5,catalog_clean_background,gap_heavy,kalman_tcf,kalman,tcf,True,6,7.978297829782978,6.504677111483317,1.5,
4818593,5,catalog_clean_background,gap_heavy,kalman_tcf,kalman,tcf,True,7,13.606860686068606,6.497553311637113,10.0,
4818593,5,catalog_clean_background,gap_heavy,kalman_tcf,kalman,tcf,True,8,4.455545554555456,6.483571061011736,1.5,
4818593,5,catalog_clean_background,gap_heavy,kalman_tcf,kalman,tcf,True,9,11.869286928692867,6.427024679823442,3.928571428571429,
4818593,5,catalog_clean_background,gap_heavy,kalman_tcf,kalman,tcf,True,10,6.2743274327432745,6.38876436677337,5.142857142857142,
4818593,5,catalog_clean_background,gap_heavy,gp_bls,gp,bls,True,1,8.195319531953196,4.665685903320413,5.1000000000000005,
4818593,5,catalog_clean_background,gap_heavy,gp_bls,gp,bls,True,2,1.14001400140014,3.713642917798304,6.300000000000001,
4818593,5,catalog_clean_background,gap_heavy,gp_bls,gp,bls,True,3,8.003500350035004,3.1739862982623266,8.850000000000001,
4818593,5,catalog_clean_background,gap_heavy,gp_bls,gp,bls,True,4,5.72967296729673,3.0120943782251075,6.300000000000001,
4818593,5,catalog_clean_background,gap_heavy,gp_bls,gp,bls,True,5,8.863186318631863,2.994588933391777,5.1000000000000005,
4818593,5,catalog_clean_background,gap_heavy,gp_bls,gp,bls,True,6,2.3287328732873287,2.9165355355186584,7.5,
4818593,5,catalog_clean_background,gap_heavy,gp_bls,gp,bls,True,7,6.982798279827983,2.696756738099326,8.850000000000001,
4818593,5,catalog_clean_background,gap_heavy,gp_bls,gp,bls,True,8,14.41054105410541,2.5197830437534665,3.9,
4818593,5,catalog_clean_background,gap_heavy,gp_bls,gp,bls,True,9,2.3007300730073004,2.400375633922471,2.7,
4818593,5,catalog_clean_background,gap_heavy,gp_bls,gp,bls,True,10,12.271127112711271,2.3946695510013227,5.1000000000000005,
4818593,5,catalog_clean_background,gap_heavy,gp_tcf,gp,tcf,True,1,13.693669366936694,6.726077142102101,5.142857142857142,
4818593,5,catalog_clean_background,gap_heavy,gp_tcf,gp,tcf,True,2,2.2727272727272725,6.464141157774512,7.571428571428571,
4818593,5,catalog_clean_background,gap_heavy,gp_tcf,gp,tcf,True,3,5.738073807380738,6.3758379156142695,8.785714285714285,
4818593,5,catalog_clean_background,gap_heavy,gp_tcf,gp,tcf,True,4,6.593559355935594,6.256371602298962,5.142857142857142,
4818593,5,catalog_clean_background,gap_heavy,gp_tcf,gp,tcf,True,5,2.064106410641064,6.192522545093331,10.0,
4818593,5,catalog_clean_background,gap_heavy,gp_tcf,gp,tcf,True,6,11.964496449644964,6.1496820667233685,6.357142857142858,
4818593,5,catalog_clean_background,gap_heavy,gp_tcf,gp,tcf,True,7,4.657165716571657,6.1458828645346335,5.142857142857142,
4818593,5,catalog_clean_background,gap_heavy,gp_tcf,gp,tcf,True,8,5.648464846484648,6.1271919914626,8.785714285714285,
4818593,5,catalog_clean_background,gap_heavy,gp_tcf,gp,tcf,True,9,3.423642364236424,6.125084618958593,7.571428571428571,
4818593,5,catalog_clean_background,gap_heavy,gp_tcf,gp,tcf,True,10,13.098609860986098,6.117057625397284,5.142857142857142,
1431344,5,catalog_clean_background,gap_heavy,raw_bls,raw,bls,True,1,12.672967296729672,3.9503475216961097,10.05,
1431344,5,catalog_clean_background,gap_heavy,raw_bls,raw,bls,True,2,13.21062106210621,3.7016530011496664,10.05,
1431344,5,catalog_clean_background,gap_heavy,raw_bls,raw,bls,True,3,12.91099109910991,3.6856917511454705,10.05,
1431344,5,catalog_clean_background,gap_heavy,raw_bls,raw,bls,True,4,13.05940594059406,3.3050556711001025,10.05,
1431344,5,catalog_clean_background,gap_heavy,raw_bls,raw,bls,True,5,12.51055105510551,2.9719048356162134,10.05,
1431344,5,catalog_clean_background,gap_heavy,raw_bls,raw,bls,True,6,13.35063506350635,2.8231780105052424,10.05,
1431344,5,catalog_clean_background,gap_heavy,raw_bls,raw,bls,True,7,14.955195519551957,2.5407508043957754,10.05,
1431344,5,catalog_clean_background,gap_heavy,raw_bls,raw,bls,True,8,7.645064506450645,2.124649056387779,2.7,
1431344,5,catalog_clean_background,gap_heavy,raw_bls,raw,bls,True,9,13.499049904990498,2.1009839841543645,5.1000000000000005,
1431344,5,catalog_clean_background,gap_heavy,raw_bls,raw,bls,True,10,12.37893789378938,2.0135729759618863,10.05,
1431344,5,catalog_clean_background,gap_heavy,raw_tcf,raw,tcf,True,1,4.563356335633563,6.130466052809827,2.7142857142857144,
1431344,5,catalog_clean_background,gap_heavy,raw_tcf,raw,tcf,True,2,10.071507150715073,5.965965675945979,10.0,
1431344,5,catalog_clean_background,gap_heavy,raw_tcf,raw,tcf,True,3,13.472447244724473,5.551069020509593,3.928571428571429,
1431344,5,catalog_clean_background,gap_heavy,raw_tcf,raw,tcf,True,4,13.784678467846785,5.489118696506004,8.785714285714285,
1431344,5,catalog_clean_background,gap_heavy,raw_tcf,raw,tcf,True,5,4.773377337733773,5.331894955104301,6.357142857142858,
1431344,5,catalog_clean_background,gap_heavy,raw_tcf,raw,tcf,True,6,12.93059305930593,5.261487169633473,10.0,
1431344,5,catalog_clean_background,gap_heavy,raw_tcf,raw,tcf,True,7,12.685568556855683,5.243276760053905,8.785714285714285,
1431344,5,catalog_clean_background,gap_heavy,raw_tcf,raw,tcf,True,8,11.71947194719472,5.204908077360545,2.7142857142857144,
1431344,5,catalog_clean_background,gap_heavy,raw_tcf,raw,tcf,True,9,6.482948294829483,5.176173192279737,2.7142857142857144,
1431344,5,catalog_clean_background,gap_heavy,raw_tcf,raw,tcf,True,10,6.590759075907591,5.030478925622562,10.0,
1431344,5,catalog_clean_background,gap_heavy,arima_bls,arima,bls,True,1,10.263326332633262,6.06118860261137,1.5,
1431344,5,catalog_clean_background,gap_heavy,arima_bls,arima,bls,True,2,12.871787178717872,5.124877979508916,1.5,
1431344,5,catalog_clean_background,gap_heavy,arima_bls,arima,bls,True,3,14.40914091409141,4.368776340432314,1.5,
1431344,5,catalog_clean_background,gap_heavy,arima_bls,arima,bls,True,4,3.784878487848785,4.268594783442124,1.5,
1431344,5,catalog_clean_background,gap_heavy,arima_bls,arima,bls,True,5,7.086408640864086,4.249455003670351,1.5,
1431344,5,catalog_clean_background,gap_heavy,arima_bls,arima,bls,True,6,9.353235323532353,4.170556972307845,1.5,
1431344,5,catalog_clean_background,gap_heavy,arima_bls,arima,bls,True,7,14.052105210521052,4.066897401377989,1.5,
1431344,5,catalog_clean_background,gap_heavy,arima_bls,arima,bls,True,8,10.81078107810781,4.059556814828242,1.5,
1431344,5,catalog_clean_background,gap_heavy,arima_bls,arima,bls,True,9,12.451745174517452,4.026155461094579,1.5,
1431344,5,catalog_clean_background,gap_heavy,arima_bls,arima,bls,True,10,13.448644864486448,4.007620826949083,1.5,
1431344,5,catalog_clean_background,gap_heavy,arima_tcf,arima,tcf,True,1,9.335033503350337,6.53272828128973,5.142857142857142,
1431344,5,catalog_clean_background,gap_heavy,arima_tcf,arima,tcf,True,2,9.546454645464546,6.271561162890532,5.142857142857142,
1431344,5,catalog_clean_background,gap_heavy,arima_tcf,arima,tcf,True,3,11.25042504250425,6.264800736113383,7.571428571428571,
1431344,5,catalog_clean_background,gap_heavy,arima_tcf,arima,tcf,True,4,13.872887288728872,6.248827103061322,1.5,
1431344,5,catalog_clean_background,gap_heavy,arima_tcf,arima,tcf,True,5,7.386038603860386,6.199503991177706,5.142857142857142,
1431344,5,catalog_clean_background,gap_heavy,arima_tcf,arima,tcf,True,6,5.267626762676268,6.186224492648267,7.571428571428571,
1431344,5,catalog_clean_background,gap_heavy,arima_tcf,arima,tcf,True,7,10.954995499549955,6.044032194199805,8.785714285714285,
1431344,5,catalog_clean_background,gap_heavy,arima_tcf,arima,tcf,True,8,7.61986198619862,6.035800054925774,3.928571428571429,
1431344,5,catalog_clean_background,gap_heavy,arima_tcf,arima,tcf,True,9,13.088808880888088,5.935553790726292,8.785714285714285,
1431344,5,catalog_clean_background,gap_heavy,arima_tcf,arima,tcf,True,10,8.312931293129314,5.934770528037615,3.928571428571429,
1431344,5,catalog_clean_background,gap_heavy,kalman_bls,kalman,bls,True,1,13.499049904990498,4.348867757831679,5.1000000000000005,
1431344,5,catalog_clean_background,gap_heavy,kalman_bls,kalman,bls,True,2,13.13081308130813,4.270995419692773,6.300000000000001,
1431344,5,catalog_clean_background,gap_heavy,kalman_bls,kalman,bls,True,3,8.501950195019502,4.01852455408603,2.7,
1431344,5,catalog_clean_background,gap_heavy,kalman_bls,kalman,bls,True,4,7.645064506450645,3.895226390537548,3.9,
1431344,5,catalog_clean_background,gap_heavy,kalman_bls,kalman,bls,True,5,6.757375737573757,3.808592816895899,2.7,
1431344,5,catalog_clean_background,gap_heavy,kalman_bls,kalman,bls,True,6,12.511951195119511,3.625541061552029,3.9,
1431344,5,catalog_clean_background,gap_heavy,kalman_bls,kalman,bls,True,7,11.796479647964796,3.342043159602097,1.5,
1431344,5,catalog_clean_background,gap_heavy,kalman_bls,kalman,bls,True,8,6.555755575557556,3.2939213313417777,1.5,
1431344,5,catalog_clean_background,gap_heavy,kalman_bls,kalman,bls,True,9,13.685268526852685,3.2332655308342506,2.7,
1431344,5,catalog_clean_background,gap_heavy,kalman_bls,kalman,bls,True,10,14.271927192719271,3.1704650452574885,2.7,
1431344,5,catalog_clean_background,gap_heavy,kalman_tcf,kalman,tcf,True,1,4.563356335633563,7.158034826495751,2.7142857142857144,
1431344,5,catalog_clean_background,gap_heavy,kalman_tcf,kalman,tcf,True,2,4.255325532553256,6.571214958484797,8.785714285714285,
1431344,5,catalog_clean_background,gap_heavy,kalman_tcf,kalman,tcf,True,3,12.48114811481148,6.448427506962652,2.7142857142857144,
1431344,5,catalog_clean_background,gap_heavy,kalman_tcf,kalman,tcf,True,4,11.71947194719472,6.398697741037806,2.7142857142857144,
1431344,5,catalog_clean_background,gap_heavy,kalman_tcf,kalman,tcf,True,5,6.482948294829483,6.376847877207694,2.7142857142857144,
1431344,5,catalog_clean_background,gap_heavy,kalman_tcf,kalman,tcf,True,6,13.472447244724473,6.1483571122595055,3.928571428571429,
1431344,5,catalog_clean_background,gap_heavy,kalman_tcf,kalman,tcf,True,7,13.784678467846785,6.111067936938369,8.785714285714285,
1431344,5,catalog_clean_background,gap_heavy,kalman_tcf,kalman,tcf,True,8,9.886688668866888,6.078280943713562,5.142857142857142,
1431344,5,catalog_clean_background,gap_heavy,kalman_tcf,kalman,tcf,True,9,12.843784378437844,6.050039935292457,7.571428571428571,
1431344,5,catalog_clean_background,gap_heavy,kalman_tcf,kalman,tcf,True,10,8.794579457945794,5.989417661361505,8.785714285714285,
1431344,5,catalog_clean_background,gap_heavy,gp_bls,gp,bls,True,1,8.501950195019502,4.153530038539648,2.7,
1431344,5,catalog_clean_background,gap_heavy,gp_bls,gp,bls,True,2,13.076207620762077,3.5084545269532987,5.1000000000000005,
1431344,5,catalog_clean_background,gap_heavy,gp_bls,gp,bls,True,3,4.791579157915791,3.1985062813386795,5.1000000000000005,
1431344,5,catalog_clean_background,gap_heavy,gp_bls,gp,bls,True,4,12.077907790779078,3.1453605507278812,3.9,
1431344,5,catalog_clean_background,gap_heavy,gp_bls,gp,bls,True,5,12.513351335133514,2.8749646521074985,3.9,
1431344,5,catalog_clean_background,gap_heavy,gp_bls,gp,bls,True,6,3.5132513251325133,2.725105686998345,8.850000000000001,
1431344,5,catalog_clean_background,gap_heavy,gp_bls,gp,bls,True,7,6.757375737573757,2.7144350166810316,2.7,
1431344,5,catalog_clean_background,gap_heavy,gp_bls,gp,bls,True,8,13.273627362736274,2.699167290753326,10.05,
1431344,5,catalog_clean_background,gap_heavy,gp_bls,gp,bls,True,9,10.026702670267026,2.606327552613541,10.05,
1431344,5,catalog_clean_background,gap_heavy,gp_bls,gp,bls,True,10,3.012001200120012,2.5589357356868936,8.850000000000001,
1431344,5,catalog_clean_background,gap_heavy,gp_tcf,gp,tcf,True,1,4.563356335633563,7.028472368810779,2.7142857142857144,
1431344,5,catalog_clean_background,gap_heavy,gp_tcf,gp,tcf,True,2,10.264726472647263,6.468908520931171,3.928571428571429,
1431344,5,catalog_clean_background,gap_heavy,gp_tcf,gp,tcf,True,3,13.472447244724473,6.130007928234158,3.928571428571429,
1431344,5,catalog_clean_background,gap_heavy,gp_tcf,gp,tcf,True,4,10.071507150715073,6.077230858743031,10.0,
1431344,5,catalog_clean_background,gap_heavy,gp_tcf,gp,tcf,True,5,4.773377337733773,6.0553105434358345,6.357142857142858,
1431344,5,catalog_clean_background,gap_heavy,gp_tcf,gp,tcf,True,6,13.784678467846785,5.9981569258769625,8.785714285714285,
1431344,5,catalog_clean_background,gap_heavy,gp_tcf,gp,tcf,True,7,11.71947194719472,5.957000322277941,8.785714285714285,
1431344,5,catalog_clean_background,gap_heavy,gp_tcf,gp,tcf,True,8,7.736073607360736,5.949627963260513,10.0,
1431344,5,catalog_clean_background,gap_heavy,gp_tcf,gp,tcf,True,9,10.74077407740774,5.918857129297356,8.785714285714285,
1431344,5,catalog_clean_background,gap_heavy,gp_tcf,gp,tcf,True,10,7.064006400640064,5.872430898083217,6.357142857142858,
3115178,5,catalog_clean_background,gap_heavy,raw_bls,raw,bls,True,1,8.398339833983398,3.586239439901543,5.1000000000000005,
3115178,5,catalog_clean_background,gap_heavy,raw_bls,raw,bls,True,2,13.09020902090209,3.287346606845525,8.850000000000001,
3115178,5,catalog_clean_background,gap_heavy,raw_bls,raw,bls,True,3,12.90959095909591,3.280373620949019,7.5,
3115178,5,catalog_clean_background,gap_heavy,raw_bls,raw,bls,True,4,14.011501150115013,3.133868839674492,8.850000000000001,
3115178,5,catalog_clean_background,gap_heavy,raw_bls,raw,bls,True,5,11.215421542154216,2.8952883580583806,5.1000000000000005,
3115178,5,catalog_clean_background,gap_heavy,raw_bls,raw,bls,True,6,12.43914391439144,2.7637273005774032,8.850000000000001,
3115178,5,catalog_clean_background,gap_heavy,raw_bls,raw,bls,True,7,3.5146514651465144,2.725012480771946,5.1000000000000005,
3115178,5,catalog_clean_background,gap_heavy,raw_bls,raw,bls,True,8,12.084908490849084,2.537006431623701,7.5,
3115178,5,catalog_clean_background,gap_heavy,raw_bls,raw,bls,True,9,6.993999399939994,2.4841291915957897,5.1000000000000005,
3115178,5,catalog_clean_background,gap_heavy,raw_bls,raw,bls,True,10,4.034103410341034,2.416105137797714,7.5,
3115178,5,catalog_clean_background,gap_heavy,raw_tcf,raw,tcf,True,1,4.126512651265126,6.531639069838808,7.571428571428571,
3115178,5,catalog_clean_background,gap_heavy,raw_tcf,raw,tcf,True,2,1.994099409940994,6.165876598289849,7.571428571428571,
3115178,5,catalog_clean_background,gap_heavy,raw_tcf,raw,tcf,True,3,9.728472847284728,6.085865912038185,8.785714285714285,
3115178,5,catalog_clean_background,gap_heavy,raw_tcf,raw,tcf,True,4,8.436143614361436,5.842712377908826,8.785714285714285,
3115178,5,catalog_clean_background,gap_heavy,raw_tcf,raw,tcf,True,5,9.112411241124112,5.818818678023617,5.142857142857142,
3115178,5,catalog_clean_background,gap_heavy,raw_tcf,raw,tcf,True,6,13.32963296329633,5.799830394299047,5.142857142857142,
3115178,5,catalog_clean_background,gap_heavy,raw_tcf,raw,tcf,True,7,8.823982398239824,5.72837239085439,1.5,
3115178,5,catalog_clean_background,gap_heavy,raw_tcf,raw,tcf,True,8,14.7003700370037,5.702122785507431,10.0,
3115178,5,catalog_clean_background,gap_heavy,raw_tcf,raw,tcf,True,9,7.311831183118311,5.663937572724109,5.142857142857142,
3115178,5,catalog_clean_background,gap_heavy,raw_tcf,raw,tcf,True,10,14.53935393539354,5.650760462800447,5.142857142857142,
3115178,5,catalog_clean_background,gap_heavy,arima_bls,arima,bls,True,1,5.406240624062406,5.088152360784398,1.5,
3115178,5,catalog_clean_background,gap_heavy,arima_bls,arima,bls,True,2,9.385438543854384,4.818430556098923,1.5,
3115178,5,catalog_clean_background,gap_heavy,arima_bls,arima,bls,True,3,7.549854985498549,4.552301857115561,1.5,
3115178,5,catalog_clean_background,gap_heavy,arima_bls,arima,bls,True,4,1.4592459245924592,4.532882662079191,1.5,
3115178,5,catalog_clean_background,gap_heavy,arima_bls,arima,bls,True,5,11.961696169616962,4.354859818427757,1.5,
3115178,5,catalog_clean_background,gap_heavy,arima_bls,arima,bls,True,6,12.184318431843185,4.340341233558668,1.5,
3115178,5,catalog_clean_background,gap_heavy,arima_bls,arima,bls,True,7,8.744174417441744,4.330219536504504,1.5,
3115178,5,catalog_clean_background,gap_heavy,arima_bls,arima,bls,True,8,6.153915391539154,4.1923116601996435,1.5,
3115178,5,catalog_clean_background,gap_heavy,arima_bls,arima,bls,True,9,8.52995299529953,4.177123308224549,1.5,
3115178,5,catalog_clean_background,gap_heavy,arima_bls,arima,bls,True,10,11.68026802680268,4.1724268202832,1.5,
3115178,5,catalog_clean_background,gap_heavy,arima_tcf,arima,tcf,True,1,10.532153215321532,7.37147409354135,2.7142857142857144,
3115178,5,catalog_clean_background,gap_heavy,arima_tcf,arima,tcf,True,2,8.61116111611161,6.432597090073112,2.7142857142857144,
3115178,5,catalog_clean_background,gap_heavy,arima_tcf,arima,tcf,True,3,13.186818681868186,6.235442085459741,5.142857142857142,
3115178,5,catalog_clean_background,gap_heavy,arima_tcf,arima,tcf,True,4,6.6999699969997,6.146820468275361,6.357142857142858,
3115178,5,catalog_clean_background,gap_heavy,arima_tcf,arima,tcf,True,5,5.927092709270927,6.1458849985008435,5.142857142857142,
3115178,5,catalog_clean_background,gap_heavy,arima_tcf,arima,tcf,True,6,5.032403240324032,6.086668399468872,3.928571428571429,
3115178,5,catalog_clean_background,gap_heavy,arima_tcf,arima,tcf,True,7,14.945394539453943,6.082642989810215,3.928571428571429,
3115178,5,catalog_clean_background,gap_heavy,arima_tcf,arima,tcf,True,8,10.413141314131414,6.005983562135162,3.928571428571429,
3115178,5,catalog_clean_background,gap_heavy,arima_tcf,arima,tcf,True,9,9.88108810881088,5.980809449625955,1.5,
3115178,5,catalog_clean_background,gap_heavy,arima_tcf,arima,tcf,True,10,7.304830483048304,5.971866678684355,1.5,
3115178,5,catalog_clean_background,gap_heavy,kalman_bls,kalman,bls,True,1,6.604760476047605,5.054469872958069,1.5,
3115178,5,catalog_clean_background,gap_heavy,kalman_bls,kalman,bls,True,2,11.601860186018602,4.357196246080685,1.5,
3115178,5,catalog_clean_background,gap_heavy,kalman_bls,kalman,bls,True,3,5.799679967996799,4.169463335327335,1.5,
3115178,5,catalog_clean_background,gap_heavy,kalman_bls,kalman,bls,True,4,13.82108210821082,4.03963018262056,1.5,
3115178,5,catalog_clean_background,gap_heavy,kalman_bls,kalman,bls,True,5,1.4592459245924592,3.9903246376310584,1.5,
3115178,5,catalog_clean_background,gap_heavy,kalman_bls,kalman,bls,True,6,13.1014101410141,3.913283066717968,2.7,
3115178,5,catalog_clean_background,gap_heavy,kalman_bls,kalman,bls,True,7,3.0666066606660665,3.6852543417918615,1.5,
3115178,5,catalog_clean_background,gap_heavy,kalman_bls,kalman,bls,True,8,3.3886388638863885,3.555115236336014,1.5,
3115178,5,catalog_clean_background,gap_heavy,kalman_bls,kalman,bls,True,9,10.53915391539154,3.5358475905287103,1.5,
3115178,5,catalog_clean_background,gap_heavy,kalman_bls,kalman,bls,True,10,4.37013701370137,3.354662676315235,1.5,
3115178,5,catalog_clean_background,gap_heavy,kalman_tcf,kalman,tcf,True,1,9.727072707270729,6.794555384031973,8.785714285714285,
3115178,5,catalog_clean_background,gap_heavy,kalman_tcf,kalman,tcf,True,2,7.360836083608361,6.3843097347452495,3.928571428571429,
3115178,5,catalog_clean_background,gap_heavy,kalman_tcf,kalman,tcf,True,3,8.839383938393839,6.275449977773107,5.142857142857142,
3115178,5,catalog_clean_background,gap_heavy,kalman_tcf,kalman,tcf,True,4,12.908190819081907,6.138987244827045,7.571428571428571,
3115178,5,catalog_clean_background,gap_heavy,kalman_tcf,kalman,tcf,True,5,13.931693169316931,6.05979411927691,10.0,
3115178,5,catalog_clean_background,gap_heavy,kalman_tcf,kalman,tcf,True,6,5.796879687968797,6.044566086472156,1.5,
3115178,5,catalog_clean_background,gap_heavy,kalman_tcf,kalman,tcf,True,7,12.651965196519653,6.031017769335754,5.142857142857142,
3115178,5,catalog_clean_background,gap_heavy,kalman_tcf,kalman,tcf,True,8,13.43044304430443,5.9944020842153725,1.5,
3115178,5,catalog_clean_background,gap_heavy,kalman_tcf,kalman,tcf,True,9,2.918191819181918,5.87844778694699,2.7142857142857144,
3115178,5,catalog_clean_background,gap_heavy,kalman_tcf,kalman,tcf,True,10,9.05920592059206,5.852850778098756,1.5,
3115178,5,catalog_clean_background,gap_heavy,gp_bls,gp,bls,True,1,7.010801080108011,3.960816717084827,8.850000000000001,
3115178,5,catalog_clean_background,gap_heavy,gp_bls,gp,bls,True,2,8.09030903090309,3.306766894896628,10.05,
3115178,5,catalog_clean_background,gap_heavy,gp_bls,gp,bls,True,3,11.965896589658966,3.0429530638208666,10.05,
3115178,5,catalog_clean_background,gap_heavy,gp_bls,gp,bls,True,4,14.613561356135612,3.024841608739292,6.300000000000001,
3115178,5,catalog_clean_background,gap_heavy,gp_bls,gp,bls,True,5,7.443444344434443,2.7313050150395406,10.05,
3115178,5,catalog_clean_background,gap_heavy,gp_bls,gp,bls,True,6,2.8383838383838382,2.644406022303051,7.5,
3115178,5,catalog_clean_background,gap_heavy,gp_bls,gp,bls,True,7,13.1014101410141,2.550490615656304,2.7,
3115178,5,catalog_clean_background,gap_heavy,gp_bls,gp,bls,True,8,6.751775177517752,2.4425651356754132,10.05,
3115178,5,catalog_clean_background,gap_heavy,gp_bls,gp,bls,True,9,11.226622662266228,2.3392449717611763,10.05,
3115178,5,catalog_clean_background,gap_heavy,gp_bls,gp,bls,True,10,6.565556555655565,2.320744299818429,8.850000000000001,
3115178,5,catalog_clean_background,gap_heavy,gp_tcf,gp,tcf,True,1,2.7613761376137615,6.236051325572275,5.142857142857142,
3115178,5,catalog_clean_background,gap_heavy,gp_tcf,gp,tcf,True,2,7.311831183118311,6.183376452605339,5.142857142857142,
3115178,5,catalog_clean_background,gap_heavy,gp_tcf,gp,tcf,True,3,9.724272427242724,5.965174541461895,8.785714285714285,
3115178,5,catalog_clean_background,gap_heavy,gp_tcf,gp,tcf,True,4,5.368436843684369,5.880710473199546,10.0,
3115178,5,catalog_clean_background,gap_heavy,gp_tcf,gp,tcf,True,5,8.436143614361436,5.86726060571172,8.785714285714285,
3115178,5,catalog_clean_background,gap_heavy,gp_tcf,gp,tcf,True,6,9.108210821082109,5.851853513323306,5.142857142857142,
3115178,5,catalog_clean_background,gap_heavy,gp_tcf,gp,tcf,True,7,7.706670667066707,5.809671651904334,10.0,
3115178,5,catalog_clean_background,gap_heavy,gp_tcf,gp,tcf,True,8,8.823982398239824,5.725478880026386,1.5,
3115178,5,catalog_clean_background,gap_heavy,gp_tcf,gp,tcf,True,9,13.923292329232924,5.718582898487342,10.0,
3115178,5,catalog_clean_background,gap_heavy,gp_tcf,gp,tcf,True,10,13.23162316231623,5.640424374206294,3.928571428571429,
3230022,5,catalog_clean_background,gap_heavy,raw_bls,raw,bls,True,1,11.778277827782778,3.68172800294976,1.5,
3230022,5,catalog_clean_background,gap_heavy,raw_bls,raw,bls,True,2,3.411041104110411,3.606502242096235,1.5,
3230022,5,catalog_clean_background,gap_heavy,raw_bls,raw,bls,True,3,7.801880188018802,3.588037312730027,1.5,
3230022,5,catalog_clean_background,gap_heavy,raw_bls,raw,bls,True,4,7.6660666066606655,3.313900297453694,3.9,
3230022,5,catalog_clean_background,gap_heavy,raw_bls,raw,bls,True,5,1.84008400840084,3.2626176262863917,3.9,
3230022,5,catalog_clean_background,gap_heavy,raw_bls,raw,bls,True,6,11.457645764576457,3.074358512382937,2.7,
3230022,5,catalog_clean_background,gap_heavy,raw_bls,raw,bls,True,7,10.317931793179318,3.0295984270112046,1.5,
3230022,5,catalog_clean_background,gap_heavy,raw_bls,raw,bls,True,8,14.008700870087008,3.020364077234268,1.5,
3230022,5,catalog_clean_background,gap_heavy,raw_bls,raw,bls,True,9,12.8003800380038,2.92628388430231,1.5,
3230022,5,catalog_clean_background,gap_heavy,raw_bls,raw,bls,True,10,8.433343334333433,2.903754732664327,1.5,
3230022,5,catalog_clean_background,gap_heavy,raw_tcf,raw,tcf,True,1,8.767976797679768,6.997454006903134,2.7142857142857144,
3230022,5,catalog_clean_background,gap_heavy,raw_tcf,raw,tcf,True,2,8.319931993199319,6.925088250536669,10.0,
3230022,5,catalog_clean_background,gap_heavy,raw_tcf,raw,tcf,True,3,10.715571557155716,6.76202260331697,8.785714285714285,
3230022,5,catalog_clean_background,gap_heavy,raw_tcf,raw,tcf,True,4,4.899389938993899,6.543834889490164,3.928571428571429,
3230022,5,catalog_clean_background,gap_heavy,raw_tcf,raw,tcf,True,5,5.792679267926792,6.424300935699229,6.357142857142858,
3230022,5,catalog_clean_background,gap_heavy,raw_tcf,raw,tcf,True,6,13.2988298829883,6.402440680603727,8.785714285714285,
3230022,5,catalog_clean_background,gap_heavy,raw_tcf,raw,tcf,True,7,10.343134313431342,6.39204661912807,1.5,
3230022,5,catalog_clean_background,gap_heavy,raw_tcf,raw,tcf,True,8,3.002200220022002,6.367054541258255,3.928571428571429,
3230022,5,catalog_clean_background,gap_heavy,raw_tcf,raw,tcf,True,9,11.9014901490149,6.291086492217228,2.7142857142857144,
3230022,5,catalog_clean_background,gap_heavy,raw_tcf,raw,tcf,True,10,6.351335133513351,6.27633312114422,1.5,
3230022,5,catalog_clean_background,gap_heavy,arima_bls,arima,bls,True,1,10.183518351835184,4.91298147775345,1.5,
3230022,5,catalog_clean_background,gap_heavy,arima_bls,arima,bls,True,2,5.092609260926093,4.674593967526207,1.5,
3230022,5,catalog_clean_background,gap_heavy,arima_bls,arima,bls,True,3,14.33073307330733,4.61633499937734,1.5,
3230022,5,catalog_clean_background,gap_heavy,arima_bls,arima,bls,True,4,8.490749074907491,4.423931210664065,1.5,
3230022,5,catalog_clean_background,gap_heavy,arima_bls,arima,bls,True,5,11.246224622462243,4.342308869998495,1.5,
3230022,5,catalog_clean_background,gap_heavy,arima_bls,arima,bls,True,6,7.940494049404941,4.17483117146798,1.5,
3230022,5,catalog_clean_background,gap_heavy,arima_bls,arima,bls,True,7,14.186518651865184,4.137390207803623,1.5,
3230022,5,catalog_clean_background,gap_heavy,arima_bls,arima,bls,True,8,11.625662566256626,4.087892691639425,1.5,
3230022,5,catalog_clean_background,gap_heavy,arima_bls,arima,bls,True,9,11.005400540054003,3.9886954264134338,1.5,
3230022,5,catalog_clean_background,gap_heavy,arima_bls,arima,bls,True,10,9.966496649664968,3.943375152573908,1.5,
3230022,5,catalog_clean_background,gap_heavy,arima_tcf,arima,tcf,True,1,7.61986198619862,6.992331331470972,1.5,
3230022,5,catalog_clean_background,gap_heavy,arima_tcf,arima,tcf,True,2,6.242124212421242,6.642563888199421,10.0,
3230022,5,catalog_clean_background,gap_heavy,arima_tcf,arima,tcf,True,3,5.767476747674768,6.5613145746469135,8.785714285714285,
3230022,5,catalog_clean_background,gap_heavy,arima_tcf,arima,tcf,True,4,14.248124812481247,6.403218802029769,1.5,
3230022,5,catalog_clean_background,gap_heavy,arima_tcf,arima,tcf,True,5,13.868686868686869,6.386531385132553,8.785714285714285,
3230022,5,catalog_clean_background,gap_heavy,arima_tcf,arima,tcf,True,6,9.837683768376838,6.359575574374742,8.785714285714285,
3230022,5,catalog_clean_background,gap_heavy,arima_tcf,arima,tcf,True,7,7.115811581158115,6.354537025909408,6.357142857142858,
3230022,5,catalog_clean_background,gap_heavy,arima_tcf,arima,tcf,True,8,9.385438543854384,6.349982111522579,8.785714285714285,
3230022,5,catalog_clean_background,gap_heavy,arima_tcf,arima,tcf,True,9,3.6784678467846783,6.319658178308721,3.928571428571429,
3230022,5,catalog_clean_background,gap_heavy,arima_tcf,arima,tcf,True,10,4.610961096109611,6.302539650858467,6.357142857142858,
3230022,5,catalog_clean_background,gap_heavy,kalman_bls,kalman,bls,True,1,3.411041104110411,5.046113631642674,1.5,
3230022,5,catalog_clean_background,gap_heavy,kalman_bls,kalman,bls,True,2,11.778277827782778,4.616669720716882,1.5,
3230022,5,catalog_clean_background,gap_heavy,kalman_bls,kalman,bls,True,3,7.801880188018802,4.139668908868988,1.5,
3230022,5,catalog_clean_background,gap_heavy,kalman_bls,kalman,bls,True,4,14.008700870087008,3.9246840003649472,1.5,
3230022,5,catalog_clean_background,gap_heavy,kalman_bls,kalman,bls,True,5,12.707970797079708,3.87743137318492,2.7,
3230022,5,catalog_clean_background,gap_heavy,kalman_bls,kalman,bls,True,6,1.8386838683868385,3.849117646367393,3.9,
3230022,5,catalog_clean_background,gap_heavy,kalman_bls,kalman,bls,True,7,7.664666466646665,3.796353445060141,3.9,
3230022,5,catalog_clean_background,gap_heavy,kalman_bls,kalman,bls,True,8,1.07000700070007,3.688291784173947,1.5,
3230022,5,catalog_clean_background,gap_heavy,kalman_bls,kalman,bls,True,9,8.433343334333433,3.318411861075384,1.5,
3230022,5,catalog_clean_background,gap_heavy,kalman_bls,kalman,bls,True,10,10.316531653165317,3.2862295437969644,1.5,
3230022,5,catalog_clean_background,gap_heavy,kalman_tcf,kalman,tcf,True,1,8.765176517651765,7.157584259071164,2.7142857142857144,
3230022,5,catalog_clean_background,gap_heavy,kalman_tcf,kalman,tcf,True,2,8.319931993199319,6.861369285472491,10.0,
3230022,5,catalog_clean_background,gap_heavy,kalman_tcf,kalman,tcf,True,3,10.715571557155716,6.749650849225249,8.785714285714285,
3230022,5,catalog_clean_background,gap_heavy,kalman_tcf,kalman,tcf,True,4,5.792679267926792,6.722235545336922,6.357142857142858,
3230022,5,catalog_clean_background,gap_heavy,kalman_tcf,kalman,tcf,True,5,3.002200220022002,6.668522256638157,3.928571428571429,
3230022,5,catalog_clean_background,gap_heavy,kalman_tcf,kalman,tcf,True,6,10.343134313431342,6.581714932384283,1.5,
3230022,5,catalog_clean_background,gap_heavy,kalman_tcf,kalman,tcf,True,7,4.6935693569356935,6.533950686205374,10.0,
3230022,5,catalog_clean_background,gap_heavy,kalman_tcf,kalman,tcf,True,8,11.9014901490149,6.5163747299481205,2.7142857142857144,
3230022,5,catalog_clean_background,gap_heavy,kalman_tcf,kalman,tcf,True,9,4.899389938993899,6.479265058696731,3.928571428571429,
3230022,5,catalog_clean_background,gap_heavy,kalman_tcf,kalman,tcf,True,10,6.351335133513351,6.436577730351039,1.5,
3230022,5,catalog_clean_background,gap_heavy,gp_bls,gp,bls,True,1,9.238423842384238,3.2236397560376804,10.05,
3230022,5,catalog_clean_background,gap_heavy,gp_bls,gp,bls,True,2,8.552355235523553,3.159990682556146,8.850000000000001,
3230022,5,catalog_clean_background,gap_heavy,gp_bls,gp,bls,True,3,8.835183518351835,3.069994415060496,10.05,
3230022,5,catalog_clean_background,gap_heavy,gp_bls,gp,bls,True,4,4.620762076207621,2.6886019110935493,8.850000000000001,
3230022,5,catalog_clean_background,gap_heavy,gp_bls,gp,bls,True,5,14.31953195319532,2.6875652846116167,8.850000000000001,
3230022,5,catalog_clean_background,gap_heavy,gp_bls,gp,bls,True,6,13.983498349834983,2.583217488500423,10.05,
3230022,5,catalog_clean_background,gap_heavy,gp_bls,gp,bls,True,7,8.744174417441744,2.486743454034942,8.850000000000001,
3230022,5,catalog_clean_background,gap_heavy,gp_bls,gp,bls,True,8,14.126312631263126,2.2197750780567285,10.05,
3230022,5,catalog_clean_background,gap_heavy,gp_bls,gp,bls,True,9,9.447044704470446,2.169762276007454,10.05,
3230022,5,catalog_clean_background,gap_heavy,gp_bls,gp,bls,True,10,10.215721572157216,2.13176635624725,10.05,
3230022,5,catalog_clean_background,gap_heavy,gp_tcf,gp,tcf,True,1,8.765176517651765,6.809926144833926,2.7142857142857144,
3230022,5,catalog_clean_background,gap_heavy,gp_tcf,gp,tcf,True,2,5.792679267926792,6.568088568708759,6.357142857142858,
3230022,5,catalog_clean_background,gap_heavy,gp_tcf,gp,tcf,True,3,3.002200220022002,6.2760633271439055,3.928571428571429,
3230022,5,catalog_clean_background,gap_heavy,gp_tcf,gp,tcf,True,4,10.343134313431342,6.221388072767741,1.5,
3230022,5,catalog_clean_background,gap_heavy,gp_tcf,gp,tcf,True,5,14.043704370437045,6.105236076983749,8.785714285714285,
3230022,5,catalog_clean_background,gap_heavy,gp_tcf,gp,tcf,True,6,13.2988298829883,6.045139410671809,8.785714285714285,
3230022,5,catalog_clean_background,gap_heavy,gp_tcf,gp,tcf,True,7,8.319931993199319,6.036759934379187,10.0,
3230022,5,catalog_clean_background,gap_heavy,gp_tcf,gp,tcf,True,8,10.715571557155716,5.987775737882287,8.785714285714285,
3230022,5,catalog_clean_background,gap_heavy,gp_tcf,gp,tcf,True,9,4.899389938993899,5.957932275170343,3.928571428571429,
3230022,5,catalog_clean_background,gap_heavy,gp_tcf,gp,tcf,True,10,14.613561356135612,5.919977591926951,8.785714285714285,
1431791,5,catalog_clean_background,gap_heavy,raw_bls,raw,bls,True,1,13.832283228322831,3.319646181335526,7.5,
1431791,5,catalog_clean_background,gap_heavy,raw_bls,raw,bls,True,2,8.756775677567756,3.2228240002382087,10.05,
1431791,5,catalog_clean_background,gap_heavy,raw_bls,raw,bls,True,3,8.984998499849985,2.888463696208306,10.05,
1431791,5,catalog_clean_background,gap_heavy,raw_bls,raw,bls,True,4,12.523152315231522,2.852579746171498,10.05,
1431791,5,catalog_clean_background,gap_heavy,raw_bls,raw,bls,True,5,9.181018101810182,2.619874789886536,7.5,
1431791,5,catalog_clean_background,gap_heavy,raw_bls,raw,bls,True,6,8.846384638463846,2.5290082548641593,7.5,
1431791,5,catalog_clean_background,gap_heavy,raw_bls,raw,bls,True,7,13.132213221322132,2.499317672541775,10.05,
1431791,5,catalog_clean_background,gap_heavy,raw_bls,raw,bls,True,8,13.272227222722272,2.352478969871968,6.300000000000001,
1431791,5,catalog_clean_background,gap_heavy,raw_bls,raw,bls,True,9,6.719571957195719,2.3121510713839073,2.7,
1431791,5,catalog_clean_background,gap_heavy,raw_bls,raw,bls,True,10,13.625062506250623,2.221288930224184,8.850000000000001,
1431791,5,catalog_clean_background,gap_heavy,raw_tcf,raw,tcf,True,1,14.011501150115013,7.328903611897429,5.142857142857142,
1431791,5,catalog_clean_background,gap_heavy,raw_tcf,raw,tcf,True,2,12.047104710471046,6.730266536508065,2.7142857142857144,
1431791,5,catalog_clean_background,gap_heavy,raw_tcf,raw,tcf,True,3,4.822382238223822,6.448420370021347,6.357142857142858,
1431791,5,catalog_clean_background,gap_heavy,raw_tcf,raw,tcf,True,4,11.47164716471647,6.420858341978908,6.357142857142858,
1431791,5,catalog_clean_background,gap_heavy,raw_tcf,raw,tcf,True,5,12.38873887388739,6.333042915450003,5.142857142857142,
1431791,5,catalog_clean_background,gap_heavy,raw_tcf,raw,tcf,True,6,5.409040904090409,6.291386824054948,10.0,
1431791,5,catalog_clean_background,gap_heavy,raw_tcf,raw,tcf,True,7,3.0582058205820584,6.198837522057671,7.571428571428571,
1431791,5,catalog_clean_background,gap_heavy,raw_tcf,raw,tcf,True,8,8.713371337133713,6.13252333274469,2.7142857142857144,
1431791,5,catalog_clean_background,gap_heavy,raw_tcf,raw,tcf,True,9,11.646664666466648,6.123847201583033,8.785714285714285,
1431791,5,catalog_clean_background,gap_heavy,raw_tcf,raw,tcf,True,10,11.20982098209821,6.016557829254153,8.785714285714285,
1431791,5,catalog_clean_background,gap_heavy,arima_bls,arima,bls,True,1,9.941294129412942,4.622161219705783,1.5,
1431791,5,catalog_clean_background,gap_heavy,arima_bls,arima,bls,True,2,8.61116111611161,4.569277857495177,1.5,
1431791,5,catalog_clean_background,gap_heavy,arima_bls,arima,bls,True,3,9.046604660466048,4.466770629887444,1.5,
1431791,5,catalog_clean_background,gap_heavy,arima_bls,arima,bls,True,4,13.927492749274927,4.201560708311916,1.5,
1431791,5,catalog_clean_background,gap_heavy,arima_bls,arima,bls,True,5,14.295729572957296,3.875206115988541,1.5,
1431791,5,catalog_clean_background,gap_heavy,arima_bls,arima,bls,True,6,14.88098809880988,3.8718415617278414,1.5,
1431791,5,catalog_clean_background,gap_heavy,arima_bls,arima,bls,True,7,11.578057805780578,3.862548014085119,1.5,
1431791,5,catalog_clean_background,gap_heavy,arima_bls,arima,bls,True,8,13.361836183618362,3.8172376416436418,1.5,
1431791,5,catalog_clean_background,gap_heavy,arima_bls,arima,bls,True,9,11.30923092309231,3.794101618540814,1.5,
1431791,5,catalog_clean_background,gap_heavy,arima_bls,arima,bls,True,10,10.112111211121112,3.7892803558570463,1.5,
1431791,5,catalog_clean_background,gap_heavy,arima_tcf,arima,tcf,True,1,12.38873887388739,6.826354317231769,5.142857142857142,
1431791,5,catalog_clean_background,gap_heavy,arima_tcf,arima,tcf,True,2,14.599559955995598,6.812277774606457,2.7142857142857144,
1431791,5,catalog_clean_background,gap_heavy,arima_tcf,arima,tcf,True,3,10.663766376637664,6.651478388597784,5.142857142857142,
1431791,5,catalog_clean_background,gap_heavy,arima_tcf,arima,tcf,True,4,12.037303730373036,6.326870596653406,2.7142857142857144,
1431791,5,catalog_clean_background,gap_heavy,arima_tcf,arima,tcf,True,5,11.57105710571057,6.28327513868074,3.928571428571429,
1431791,5,catalog_clean_background,gap_heavy,arima_tcf,arima,tcf,True,6,7.82988298829883,6.1810111367004446,8.785714285714285,
1431791,5,catalog_clean_background,gap_heavy,arima_tcf,arima,tcf,True,7,14.194919491949197,6.146122654222202,2.7142857142857144,
1431791,5,catalog_clean_background,gap_heavy,arima_tcf,arima,tcf,True,8,13.557855785578557,6.140711586916305,6.357142857142858,
1431791,5,catalog_clean_background,gap_heavy,arima_tcf,arima,tcf,True,9,7.323032303230323,6.132541385898801,3.928571428571429,
1431791,5,catalog_clean_background,gap_heavy,arima_tcf,arima,tcf,True,10,1.5152515251525154,6.125211651738091,10.0,
1431791,5,catalog_clean_background,gap_heavy,kalman_bls,kalman,bls,True,1,6.725172517251725,4.840309365218619,3.9,
1431791,5,catalog_clean_background,gap_heavy,kalman_bls,kalman,bls,True,2,9.87128712871287,3.903466240158388,6.300000000000001,
1431791,5,catalog_clean_background,gap_heavy,kalman_bls,kalman,bls,True,3,7.925092509250925,3.775862568379887,3.9,
1431791,5,catalog_clean_background,gap_heavy,kalman_bls,kalman,bls,True,4,6.2883288328832885,3.668343686745242,6.300000000000001,
1431791,5,catalog_clean_background,gap_heavy,kalman_bls,kalman,bls,True,5,8.489348934893489,3.4852317278585345,7.5,
1431791,5,catalog_clean_background,gap_heavy,kalman_bls,kalman,bls,True,6,2.5583558355835585,3.374355742646022,3.9,
1431791,5,catalog_clean_background,gap_heavy,kalman_bls,kalman,bls,True,7,13.44164416441644,3.2839843432316465,1.5,
1431791,5,catalog_clean_background,gap_heavy,kalman_bls,kalman,bls,True,8,8.793179317931793,3.2312679684355956,3.9,
1431791,5,catalog_clean_background,gap_heavy,kalman_bls,kalman,bls,True,9,1.2548254825482548,3.1122694840492606,10.05,
1431791,5,catalog_clean_background,gap_heavy,kalman_bls,kalman,bls,True,10,5.736673667366737,3.0662411907532454,1.5,
1431791,5,catalog_clean_background,gap_heavy,kalman_tcf,kalman,tcf,True,1,14.011501150115013,7.362908563233383,5.142857142857142,
1431791,5,catalog_clean_background,gap_heavy,kalman_tcf,kalman,tcf,True,2,14.717171717171716,7.149936863609385,3.928571428571429,
1431791,5,catalog_clean_background,gap_heavy,kalman_tcf,kalman,tcf,True,3,12.047104710471046,6.925474800690879,2.7142857142857144,
1431791,5,catalog_clean_background,gap_heavy,kalman_tcf,kalman,tcf,True,4,7.373437343734373,6.81315397732632,7.571428571428571,
1431791,5,catalog_clean_background,gap_heavy,kalman_tcf,kalman,tcf,True,5,5.409040904090409,6.730529778916257,10.0,
1431791,5,catalog_clean_background,gap_heavy,kalman_tcf,kalman,tcf,True,6,11.47164716471647,6.6978260945360315,6.357142857142858,
1431791,5,catalog_clean_background,gap_heavy,kalman_tcf,kalman,tcf,True,7,12.39013901390139,6.663133797042623,5.142857142857142,
1431791,5,catalog_clean_background,gap_heavy,kalman_tcf,kalman,tcf,True,8,4.822382238223822,6.564581703814677,6.357142857142858,
1431791,5,catalog_clean_background,gap_heavy,kalman_tcf,kalman,tcf,True,9,11.20982098209821,6.458050479963988,8.785714285714285,
1431791,5,catalog_clean_background,gap_heavy,kalman_tcf,kalman,tcf,True,10,2.948994899489949,6.338466268170307,7.571428571428571,
1431791,5,catalog_clean_background,gap_heavy,gp_bls,gp,bls,True,1,3.643464346434643,4.571694693511917,10.05,
1431791,5,catalog_clean_background,gap_heavy,gp_bls,gp,bls,True,2,3.836683668366837,3.736552051857988,10.05,
1431791,5,catalog_clean_background,gap_heavy,gp_bls,gp,bls,True,3,3.775077507750775,3.0073564813634426,5.1000000000000005,
1431791,5,catalog_clean_background,gap_heavy,gp_bls,gp,bls,True,4,10.933993399339936,2.9868402474063505,10.05,
1431791,5,catalog_clean_background,gap_heavy,gp_bls,gp,bls,True,5,3.703670367036703,2.867399493296906,6.300000000000001,
1431791,5,catalog_clean_background,gap_heavy,gp_bls,gp,bls,True,6,10.07010701070107,2.822342217852792,10.05,
1431791,5,catalog_clean_background,gap_heavy,gp_bls,gp,bls,True,7,7.565256525652565,2.7795216977756394,3.9,
1431791,5,catalog_clean_background,gap_heavy,gp_bls,gp,bls,True,8,7.317431743174318,2.6757807063068064,10.05,
1431791,5,catalog_clean_background,gap_heavy,gp_bls,gp,bls,True,9,14.847384738473847,2.310716944987105,2.7,
1431791,5,catalog_clean_background,gap_heavy,gp_bls,gp,bls,True,10,3.8954895489548953,2.2948971754654215,5.1000000000000005,
1431791,5,catalog_clean_background,gap_heavy,gp_tcf,gp,tcf,True,1,14.005900590059005,6.866165662261702,5.142857142857142,
1431791,5,catalog_clean_background,gap_heavy,gp_tcf,gp,tcf,True,2,12.047104710471046,6.666356828460188,2.7142857142857144,
1431791,5,catalog_clean_background,gap_heavy,gp_tcf,gp,tcf,True,3,11.47164716471647,6.408369876954247,6.357142857142858,
1431791,5,catalog_clean_background,gap_heavy,gp_tcf,gp,tcf,True,4,12.39013901390139,6.326522923824839,5.142857142857142,
1431791,5,catalog_clean_background,gap_heavy,gp_tcf,gp,tcf,True,5,2.9811981198119812,6.065587120943394,3.928571428571429,
1431791,5,catalog_clean_background,gap_heavy,gp_tcf,gp,tcf,True,6,5.409040904090409,6.020219997257634,10.0,
1431791,5,catalog_clean_background,gap_heavy,gp_tcf,gp,tcf,True,7,8.713371337133713,5.938481941160004,2.7142857142857144,
1431791,5,catalog_clean_background,gap_heavy,gp_tcf,gp,tcf,True,8,3.0582058205820584,5.935479029893299,7.571428571428571,
1431791,5,catalog_clean_background,gap_heavy,gp_tcf,gp,tcf,True,9,6.98979897989799,5.867454115390023,1.5,
1431791,5,catalog_clean_background,gap_heavy,gp_tcf,gp,tcf,True,10,10.66096609660966,5.840904616228531,1.5,
12645975,5,catalog_clean_background,gap_heavy,raw_bls,raw,bls,True,1,9.472247224722471,4.419398395936315,1.5,
12645975,5,catalog_clean_background,gap_heavy,raw_bls,raw,bls,True,2,12.563756375637563,4.0716818635636445,5.1000000000000005,
12645975,5,catalog_clean_background,gap_heavy,raw_bls,raw,bls,True,3,9.883888388838884,3.6426619719161897,7.5,
12645975,5,catalog_clean_background,gap_heavy,raw_bls,raw,bls,True,4,5.904690469046905,3.5660193737001635,2.7,
12645975,5,catalog_clean_background,gap_heavy,raw_bls,raw,bls,True,5,13.356235623562355,3.5331180294676723,1.5,
12645975,5,catalog_clean_background,gap_heavy,raw_bls,raw,bls,True,6,13.97089708970897,3.487782427318547,1.5,
12645975,5,catalog_clean_background,gap_heavy,raw_bls,raw,bls,True,7,1.2352235223522352,3.340688820447002,1.5,
12645975,5,catalog_clean_background,gap_heavy,raw_bls,raw,bls,True,8,4.2665266526652665,3.145626365865404,1.5,
12645975,5,catalog_clean_background,gap_heavy,raw_bls,raw,bls,True,9,13.514451445144514,3.1230425696139106,6.300000000000001,
12645975,5,catalog_clean_background,gap_heavy,raw_bls,raw,bls,True,10,10.71977197719772,3.064360476200908,5.1000000000000005,
12645975,5,catalog_clean_background,gap_heavy,raw_tcf,raw,tcf,True,1,11.191619161916192,7.603254178705075,5.142857142857142,
12645975,5,catalog_clean_background,gap_heavy,raw_tcf,raw,tcf,True,2,13.198019801980198,6.833933241574442,3.928571428571429,
12645975,5,catalog_clean_background,gap_heavy,raw_tcf,raw,tcf,True,3,14.08990899089909,6.643449165543003,5.142857142857142,
12645975,5,catalog_clean_background,gap_heavy,raw_tcf,raw,tcf,True,4,14.864186418641864,6.599552946844423,3.928571428571429,
12645975,5,catalog_clean_background,gap_heavy,raw_tcf,raw,tcf,True,5,13.38003800380038,6.435433512608767,5.142857142857142,
12645975,5,catalog_clean_background,gap_heavy,raw_tcf,raw,tcf,True,6,10.967596759675969,6.353750287199697,8.785714285714285,
12645975,5,catalog_clean_background,gap_heavy,raw_tcf,raw,tcf,True,7,5.330633063306331,6.341230316875565,7.571428571428571,
12645975,5,catalog_clean_background,gap_heavy,raw_tcf,raw,tcf,True,8,9.447044704470446,6.313312575600534,1.5,
12645975,5,catalog_clean_background,gap_heavy,raw_tcf,raw,tcf,True,9,8.73997399739974,6.11176328311414,2.7142857142857144,
12645975,5,catalog_clean_background,gap_heavy,raw_tcf,raw,tcf,True,10,7.871887188718872,6.098721758192954,2.7142857142857144,
12645975,5,catalog_clean_background,gap_heavy,arima_bls,arima,bls,True,1,14.823582358235823,4.769194632808215,1.5,
12645975,5,catalog_clean_background,gap_heavy,arima_bls,arima,bls,True,2,9.323832383238324,4.699191466510957,1.5,
12645975,5,catalog_clean_background,gap_heavy,arima_bls,arima,bls,True,3,14.554755475547555,4.422095928841087,1.5,
12645975,5,catalog_clean_background,gap_heavy,arima_bls,arima,bls,True,4,14.091309130913093,4.163584496573967,1.5,
12645975,5,catalog_clean_background,gap_heavy,arima_bls,arima,bls,True,5,12.416741674167415,3.9732830041155967,1.5,
12645975,5,catalog_clean_background,gap_heavy,arima_bls,arima,bls,True,6,11.942094209420942,3.856871343479171,1.5,
12645975,5,catalog_clean_background,gap_heavy,arima_bls,arima,bls,True,7,12.61976197619762,3.794556185355591,1.5,
12645975,5,catalog_clean_background,gap_heavy,arima_bls,arima,bls,True,8,8.566356635663567,3.5059257794994574,1.5,
12645975,5,catalog_clean_background,gap_heavy,arima_bls,arima,bls,True,9,7.96009600960096,3.476492837611189,1.5,
12645975,5,catalog_clean_background,gap_heavy,arima_bls,arima,bls,True,10,13.156015601560156,3.4749288223119454,1.5,
12645975,5,catalog_clean_background,gap_heavy,arima_tcf,arima,tcf,True,1,11.008200820082008,6.667784364510313,7.571428571428571,
12645975,5,catalog_clean_background,gap_heavy,arima_tcf,arima,tcf,True,2,13.009000900090008,6.467240441195312,6.357142857142858,
12645975,5,catalog_clean_background,gap_heavy,arima_tcf,arima,tcf,True,3,14.803980398039805,6.451227516971815,8.785714285714285,
12645975,5,catalog_clean_background,gap_heavy,arima_tcf,arima,tcf,True,4,7.68986898689869,6.3620319174028905,6.357142857142858,
12645975,5,catalog_clean_background,gap_heavy,arima_tcf,arima,tcf,True,5,2.516351635163516,6.271959877753381,2.7142857142857144,
12645975,5,catalog_clean_background,gap_heavy,arima_tcf,arima,tcf,True,6,7.955895589558955,6.270471968243121,1.5,
12645975,5,catalog_clean_background,gap_heavy,arima_tcf,arima,tcf,True,7,14.565956595659566,6.269881856311851,7.571428571428571,
12645975,5,catalog_clean_background,gap_heavy,arima_tcf,arima,tcf,True,8,6.323332333233323,6.2630676320556,8.785714285714285,
12645975,5,catalog_clean_background,gap_heavy,arima_tcf,arima,tcf,True,9,10.596559655965596,6.255287229178262,3.928571428571429,
12645975,5,catalog_clean_background,gap_heavy,arima_tcf,arima,tcf,True,10,13.287628762876288,6.2218056540515665,1.5,
12645975,5,catalog_clean_background,gap_heavy,kalman_bls,kalman,bls,True,1,9.472247224722471,4.2183711224490015,1.5,
12645975,5,catalog_clean_background,gap_heavy,kalman_bls,kalman,bls,True,2,1.2352235223522352,3.4334524766262104,1.5,
12645975,5,catalog_clean_background,gap_heavy,kalman_bls,kalman,bls,True,3,4.2665266526652665,3.4040640833162947,1.5,
12645975,5,catalog_clean_background,gap_heavy,kalman_bls,kalman,bls,True,4,5.904690469046905,3.402651625596963,2.7,
12645975,5,catalog_clean_background,gap_heavy,kalman_bls,kalman,bls,True,5,9.883888388838884,3.3920375401540657,7.5,
12645975,5,catalog_clean_background,gap_heavy,kalman_bls,kalman,bls,True,6,2.071107110711071,3.32654116955397,3.9,
12645975,5,catalog_clean_background,gap_heavy,kalman_bls,kalman,bls,True,7,3.5146514651465144,3.2171489655222207,5.1000000000000005,
12645975,5,catalog_clean_background,gap_heavy,kalman_bls,kalman,bls,True,8,12.562356235623565,3.0543994346868435,3.9,
12645975,5,catalog_clean_background,gap_heavy,kalman_bls,kalman,bls,True,9,6.124512451245124,3.0490199450644258,1.5,
12645975,5,catalog_clean_background,gap_heavy,kalman_bls,kalman,bls,True,10,12.156315631563157,3.0194796389932383,2.7,
12645975,5,catalog_clean_background,gap_heavy,kalman_tcf,kalman,tcf,True,1,11.191619161916192,7.466383698576936,5.142857142857142,
12645975,5,catalog_clean_background,gap_heavy,kalman_tcf,kalman,tcf,True,2,13.21062106210621,6.780467842328203,3.928571428571429,
12645975,5,catalog_clean_background,gap_heavy,kalman_tcf,kalman,tcf,True,3,14.08990899089909,6.612558255986049,5.142857142857142,
12645975,5,catalog_clean_background,gap_heavy,kalman_tcf,kalman,tcf,True,4,14.862786278627862,6.52219922181166,3.928571428571429,
12645975,5,catalog_clean_background,gap_heavy,kalman_tcf,kalman,tcf,True,5,13.374437443744377,6.366378421681338,5.142857142857142,
12645975,5,catalog_clean_background,gap_heavy,kalman_tcf,kalman,tcf,True,6,10.967596759675969,6.353805952443331,8.785714285714285,
12645975,5,catalog_clean_background,gap_heavy,kalman_tcf,kalman,tcf,True,7,9.447044704470446,6.321132513116213,1.5,
12645975,5,catalog_clean_background,gap_heavy,kalman_tcf,kalman,tcf,True,8,5.330633063306331,6.264374386313088,7.571428571428571,
12645975,5,catalog_clean_background,gap_heavy,kalman_tcf,kalman,tcf,True,9,8.73997399739974,6.2070648230781424,2.7142857142857144,
12645975,5,catalog_clean_background,gap_heavy,kalman_tcf,kalman,tcf,True,10,9.934293429342937,6.161898140826884,2.7142857142857144,
12645975,5,catalog_clean_background,gap_heavy,gp_bls,gp,bls,True,1,12.633763376337631,3.2301150019909035,10.05,
12645975,5,catalog_clean_background,gap_heavy,gp_bls,gp,bls,True,2,5.071607160716072,2.653224912745793,10.05,
12645975,5,catalog_clean_background,gap_heavy,gp_bls,gp,bls,True,3,13.21062106210621,2.6389817265998876,10.05,
12645975,5,catalog_clean_background,gap_heavy,gp_bls,gp,bls,True,4,12.5021502150215,2.4679943374186633,10.05,
12645975,5,catalog_clean_background,gap_heavy,gp_bls,gp,bls,True,5,8.177117711771178,2.418990860799076,10.05,
12645975,5,catalog_clean_background,gap_heavy,gp_bls,gp,bls,True,6,9.888088808880887,2.4039293193503233,8.850000000000001,
12645975,5,catalog_clean_background,gap_heavy,gp_bls,gp,bls,True,7,9.20902090209021,2.3500457301436692,2.7,
12645975,5,catalog_clean_background,gap_heavy,gp_bls,gp,bls,True,8,14.544954495449543,2.285895759481599,6.300000000000001,
12645975,5,catalog_clean_background,gap_heavy,gp_bls,gp,bls,True,9,7.926492649264926,2.2228587195877023,10.05,
12645975,5,catalog_clean_background,gap_heavy,gp_bls,gp,bls,True,10,12.356535653565356,2.219041581492986,8.850000000000001,
12645975,5,catalog_clean_background,gap_heavy,gp_tcf,gp,tcf,True,1,11.191619161916192,6.573059834996799,5.142857142857142,
12645975,5,catalog_clean_background,gap_heavy,gp_tcf,gp,tcf,True,2,10.243724372437244,6.4187397844110805,7.571428571428571,
12645975,5,catalog_clean_background,gap_heavy,gp_tcf,gp,tcf,True,3,13.21062106210621,6.372895815517422,3.928571428571429,
12645975,5,catalog_clean_background,gap_heavy,gp_tcf,gp,tcf,True,4,14.08990899089909,6.170773229768289,5.142857142857142,
12645975,5,catalog_clean_background,gap_heavy,gp_tcf,gp,tcf,True,5,5.330633063306331,6.124073284328066,7.571428571428571,
12645975,5,catalog_clean_background,gap_heavy,gp_tcf,gp,tcf,True,6,10.670767076707673,5.917528239655192,6.357142857142858,
12645975,5,catalog_clean_background,gap_heavy,gp_tcf,gp,tcf,True,7,14.81098109810981,5.897489957444099,5.142857142857142,
12645975,5,catalog_clean_background,gap_heavy,gp_tcf,gp,tcf,True,8,7.764076407640764,5.858027524404822,5.142857142857142,
12645975,5,catalog_clean_background,gap_heavy,gp_tcf,gp,tcf,True,9,8.933193319331933,5.8543591600315645,10.0,
12645975,5,catalog_clean_background,gap_heavy,gp_tcf,gp,tcf,True,10,5.081408140814081,5.845836520045783,7.571428571428571,
2834231,5,catalog_clean_background,gap_heavy,raw_bls,raw,bls,True,1,7.169016901690169,3.940575785104417,5.1000000000000005,
2834231,5,catalog_clean_background,gap_heavy,raw_bls,raw,bls,True,2,12.098909890989098,3.8607035223603625,1.5,
2834231,5,catalog_clean_background,gap_heavy,raw_bls,raw,bls,True,3,6.286928692869287,3.8594936318205098,1.5,
2834231,5,catalog_clean_background,gap_heavy,raw_bls,raw,bls,True,4,11.415641564156417,3.813464296480244,2.7,
2834231,5,catalog_clean_background,gap_heavy,raw_bls,raw,bls,True,5,6.074107410741074,3.721623807044871,10.05,
2834231,5,catalog_clean_background,gap_heavy,raw_bls,raw,bls,True,6,8.926192619261926,3.720337548761952,2.7,
2834231,5,catalog_clean_background,gap_heavy,raw_bls,raw,bls,True,7,4.881188118811881,3.7100637943910137,5.1000000000000005,
2834231,5,catalog_clean_background,gap_heavy,raw_bls,raw,bls,True,8,8.144914491449144,3.1925496243455584,10.05,
2834231,5,catalog_clean_background,gap_heavy,raw_bls,raw,bls,True,9,7.813081308130813,3.101708548464981,1.5,
2834231,5,catalog_clean_background,gap_heavy,raw_bls,raw,bls,True,10,2.4365436543654364,3.0993310986278373,5.1000000000000005,
2834231,5,catalog_clean_background,gap_heavy,raw_tcf,raw,tcf,True,1,11.14961496149615,6.578399213818691,7.571428571428571,
2834231,5,catalog_clean_background,gap_heavy,raw_tcf,raw,tcf,True,2,14.259325932593258,6.494871563270325,8.785714285714285,
2834231,5,catalog_clean_background,gap_heavy,raw_tcf,raw,tcf,True,3,14.54075407540754,6.307133660625163,6.357142857142858,
2834231,5,catalog_clean_background,gap_heavy,raw_tcf,raw,tcf,True,4,4.808380838083808,6.295917366034628,3.928571428571429,
2834231,5,catalog_clean_background,gap_heavy,raw_tcf,raw,tcf,True,5,8.331133113311331,6.2379081433389185,3.928571428571429,
2834231,5,catalog_clean_background,gap_heavy,raw_tcf,raw,tcf,True,6,13.725872587258726,6.198327219218883,6.357142857142858,
2834231,5,catalog_clean_background,gap_heavy,raw_tcf,raw,tcf,True,7,11.863686368636865,6.148552051037957,3.928571428571429,
2834231,5,catalog_clean_background,gap_heavy,raw_tcf,raw,tcf,True,8,4.710371037103711,6.12579024030755,7.571428571428571,
2834231,5,catalog_clean_background,gap_heavy,raw_tcf,raw,tcf,True,9,12.285128512851283,6.119395757979532,10.0,
2834231,5,catalog_clean_background,gap_heavy,raw_tcf,raw,tcf,True,10,9.916091609160915,6.1132434613436395,10.0,
2834231,5,catalog_clean_background,gap_heavy,arima_bls,arima,bls,True,1,13.371637163716372,4.759925390651118,1.5,
2834231,5,catalog_clean_background,gap_heavy,arima_bls,arima,bls,True,2,10.694569456945697,3.725858993567481,1.5,
2834231,5,catalog_clean_background,gap_heavy,arima_bls,arima,bls,True,3,8.913591359135914,3.2406547330355373,1.5,
2834231,5,catalog_clean_background,gap_heavy,arima_bls,arima,bls,True,4,7.639463946394639,2.3164605170003125,1.5,
2834231,5,catalog_clean_background,gap_heavy,arima_bls,arima,bls,True,5,5.941094109410941,2.314938802832517,1.5,
2834231,5,catalog_clean_background,gap_heavy,arima_bls,arima,bls,True,6,6.685968596859686,2.2722652065639153,1.5,
2834231,5,catalog_clean_background,gap_heavy,arima_bls,arima,bls,True,7,12.237523752375235,2.2228389922573992,1.5,
2834231,5,catalog_clean_background,gap_heavy,arima_bls,arima,bls,True,8,13.745474547454744,2.0961661425613283,1.5,
2834231,5,catalog_clean_background,gap_heavy,arima_bls,arima,bls,True,9,5.348834883488348,1.890632878504871,1.5,
2834231,5,catalog_clean_background,gap_heavy,arima_bls,arima,bls,True,10,10.308130813081307,1.874758422444117,1.5,
2834231,5,catalog_clean_background,gap_heavy,arima_tcf,arima,tcf,True,1,14.255125512551254,7.120820287398897,8.785714285714285,
2834231,5,catalog_clean_background,gap_heavy,arima_tcf,arima,tcf,True,2,9.01020102010201,6.685392242993213,5.142857142857142,
2834231,5,catalog_clean_background,gap_heavy,arima_tcf,arima,tcf,True,3,3.6084608460846086,6.50040317807057,7.571428571428571,
2834231,5,catalog_clean_background,gap_heavy,arima_tcf,arima,tcf,True,4,13.82948294829483,6.392154562714937,6.357142857142858,
2834231,5,catalog_clean_background,gap_heavy,arima_tcf,arima,tcf,True,5,12.822782278227823,6.382350262414055,5.142857142857142,
2834231,5,catalog_clean_background,gap_heavy,arima_tcf,arima,tcf,True,6,6.41994199419942,6.361805758613034,2.7142857142857144,
2834231,5,catalog_clean_background,gap_heavy,arima_tcf,arima,tcf,True,7,9.197819781978197,6.297795573879797,10.0,
2834231,5,catalog_clean_background,gap_heavy,arima_tcf,arima,tcf,True,8,11.555655565556556,6.211508419280869,2.7142857142857144,
2834231,5,catalog_clean_background,gap_heavy,arima_tcf,arima,tcf,True,9,4.241324132413242,6.207623014834078,5.142857142857142,
2834231,5,catalog_clean_background,gap_heavy,arima_tcf,arima,tcf,True,10,10.000100010001,6.147121694233574,6.357142857142858,
2834231,5,catalog_clean_background,gap_heavy,kalman_bls,kalman,bls,True,1,7.169016901690169,3.85597568582082,5.1000000000000005,
2834231,5,catalog_clean_background,gap_heavy,kalman_bls,kalman,bls,True,2,8.926192619261926,3.5770489753149293,2.7,
2834231,5,catalog_clean_background,gap_heavy,kalman_bls,kalman,bls,True,3,6.286928692869287,3.566334312878559,1.5,
2834231,5,catalog_clean_background,gap_heavy,kalman_bls,kalman,bls,True,4,6.074107410741074,3.3715725091808295,10.05,
2834231,5,catalog_clean_background,gap_heavy,kalman_bls,kalman,bls,True,5,12.098909890989098,3.3324641063565945,1.5,
2834231,5,catalog_clean_background,gap_heavy,kalman_bls,kalman,bls,True,6,14.374137413741376,3.246777769771992,5.1000000000000005,
2834231,5,catalog_clean_background,gap_heavy,kalman_bls,kalman,bls,True,7,11.41984198419842,3.222749882986646,2.7,
2834231,5,catalog_clean_background,gap_heavy,kalman_bls,kalman,bls,True,8,4.881188118811881,3.122580511758017,5.1000000000000005,
2834231,5,catalog_clean_background,gap_heavy,kalman_bls,kalman,bls,True,9,10.03930393039304,3.0210516169694195,3.9,
2834231,5,catalog_clean_background,gap_heavy,kalman_bls,kalman,bls,True,10,7.535853585358535,2.89523307329905,2.7,
2834231,5,catalog_clean_background,gap_heavy,kalman_tcf,kalman,tcf,True,1,11.14961496149615,6.685493184597889,7.571428571428571,
2834231,5,catalog_clean_background,gap_heavy,kalman_tcf,kalman,tcf,True,2,14.259325932593258,6.6279504600357155,8.785714285714285,
2834231,5,catalog_clean_background,gap_heavy,kalman_tcf,kalman,tcf,True,3,14.54075407540754,6.393277084788481,6.357142857142858,
2834231,5,catalog_clean_background,gap_heavy,kalman_tcf,kalman,tcf,True,4,4.808380838083808,6.39076658954532,3.928571428571429,
2834231,5,catalog_clean_background,gap_heavy,kalman_tcf,kalman,tcf,True,5,8.331133113311331,6.308861557512118,3.928571428571429,
2834231,5,catalog_clean_background,gap_heavy,kalman_tcf,kalman,tcf,True,6,13.725872587258726,6.288389203497331,6.357142857142858,
2834231,5,catalog_clean_background,gap_heavy,kalman_tcf,kalman,tcf,True,7,12.285128512851283,6.2238112159830274,10.0,
2834231,5,catalog_clean_background,gap_heavy,kalman_tcf,kalman,tcf,True,8,4.710371037103711,6.208111295973345,7.571428571428571,
2834231,5,catalog_clean_background,gap_heavy,kalman_tcf,kalman,tcf,True,9,13.541054105410542,6.207954675334343,2.7142857142857144,
2834231,5,catalog_clean_background,gap_heavy,kalman_tcf,kalman,tcf,True,10,9.916091609160915,6.197466782700705,10.0,
2834231,5,catalog_clean_background,gap_heavy,gp_bls,gp,bls,True,1,4.217521752175218,3.365846269941951,8.850000000000001,
2834231,5,catalog_clean_background,gap_heavy,gp_bls,gp,bls,True,2,4.1741174117411735,3.3538686242501505,7.5,
2834231,5,catalog_clean_background,gap_heavy,gp_bls,gp,bls,True,3,2.776777677767777,3.284794587888294,7.5,
2834231,5,catalog_clean_background,gap_heavy,gp_bls,gp,bls,True,4,10.46914691469147,3.207852504329175,10.05,
2834231,5,catalog_clean_background,gap_heavy,gp_bls,gp,bls,True,5,8.501950195019502,2.8933854772557637,10.05,
2834231,5,catalog_clean_background,gap_heavy,gp_bls,gp,bls,True,6,7.6002600260026,2.794505508474426,8.850000000000001,
2834231,5,catalog_clean_background,gap_heavy,gp_bls,gp,bls,True,7,11.907090709070909,2.6956134999593018,8.850000000000001,
2834231,5,catalog_clean_background,gap_heavy,gp_bls,gp,bls,True,8,4.2805280528052805,2.508282432791052,10.05,
2834231,5,catalog_clean_background,gap_heavy,gp_bls,gp,bls,True,9,7.925092509250925,2.435411605327612,10.05,
2834231,5,catalog_clean_background,gap_heavy,gp_bls,gp,bls,True,10,7.412641264126412,2.3692678470105784,10.05,
2834231,5,catalog_clean_background,gap_heavy,gp_tcf,gp,tcf,True,1,11.335833583358337,6.38266824208662,1.5,
2834231,5,catalog_clean_background,gap_heavy,gp_tcf,gp,tcf,True,2,11.14961496149615,6.282678036770176,7.571428571428571,
2834231,5,catalog_clean_background,gap_heavy,gp_tcf,gp,tcf,True,3,14.53935393539354,6.270487178700326,6.357142857142858,
2834231,5,catalog_clean_background,gap_heavy,gp_tcf,gp,tcf,True,4,14.259325932593258,6.057404572254921,8.785714285714285,
2834231,5,catalog_clean_background,gap_heavy,gp_tcf,gp,tcf,True,5,9.916091609160915,6.057218486159754,10.0,
2834231,5,catalog_clean_background,gap_heavy,gp_tcf,gp,tcf,True,6,7.556855685568556,6.055857309704347,5.142857142857142,
2834231,5,catalog_clean_background,gap_heavy,gp_tcf,gp,tcf,True,7,1.151215121512151,6.028771678639294,1.5,
2834231,5,catalog_clean_background,gap_heavy,gp_tcf,gp,tcf,True,8,3.188418841884189,5.970763939318754,3.928571428571429,
2834231,5,catalog_clean_background,gap_heavy,gp_tcf,gp,tcf,True,9,4.808380838083808,5.918667411626318,3.928571428571429,
2834231,5,catalog_clean_background,gap_heavy,gp_tcf,gp,tcf,True,10,11.863686368636865,5.8950453417541935,3.928571428571429,
4544745,5,catalog_clean_background,gap_heavy,raw_bls,raw,bls,True,1,7.957295729572957,3.696065914451639,10.05,
4544745,5,catalog_clean_background,gap_heavy,raw_bls,raw,bls,True,2,6.369536953695369,3.6052390710070856,7.5,
4544745,5,catalog_clean_background,gap_heavy,raw_bls,raw,bls,True,3,12.754175417541754,3.4720420525358286,10.05,
4544745,5,catalog_clean_background,gap_heavy,raw_bls,raw,bls,True,4,4.596959695969597,3.342581974441061,2.7,
4544745,5,catalog_clean_background,gap_heavy,raw_bls,raw,bls,True,5,12.532953295329532,3.1440504800645748,1.5,
4544745,5,catalog_clean_background,gap_heavy,raw_bls,raw,bls,True,6,14.056305630563056,2.793442480459972,3.9,
4544745,5,catalog_clean_background,gap_heavy,raw_bls,raw,bls,True,7,8.310131013101309,2.7715900797304083,1.5,
4544745,5,catalog_clean_background,gap_heavy,raw_bls,raw,bls,True,8,7.701070107010701,2.768580681223585,8.850000000000001,
4544745,5,catalog_clean_background,gap_heavy,raw_bls,raw,bls,True,9,5.973297329732973,2.7559099850422046,8.850000000000001,
4544745,5,catalog_clean_background,gap_heavy,raw_bls,raw,bls,True,10,14.992999299929991,2.6380734803194263,8.850000000000001,
4544745,5,catalog_clean_background,gap_heavy,raw_tcf,raw,tcf,True,1,2.3343334333433345,6.617338921417659,6.357142857142858,
4544745,5,catalog_clean_background,gap_heavy,raw_tcf,raw,tcf,True,2,9.06200620062006,6.148372664337513,1.5,
4544745,5,catalog_clean_background,gap_heavy,raw_tcf,raw,tcf,True,3,6.541754175417542,6.0886315081435,1.5,
4544745,5,catalog_clean_background,gap_heavy,raw_tcf,raw,tcf,True,4,13.338033803380338,6.071952391473935,6.357142857142858,
4544745,5,catalog_clean_background,gap_heavy,raw_tcf,raw,tcf,True,5,13.884088408840883,6.047289380695019,7.571428571428571,
4544745,5,catalog_clean_background,gap_heavy,raw_tcf,raw,tcf,True,6,5.064606460646065,6.039877471247584,7.571428571428571,
4544745,5,catalog_clean_background,gap_heavy,raw_tcf,raw,tcf,True,7,12.48954895489549,6.011305643656729,6.357142857142858,
4544745,5,catalog_clean_background,gap_heavy,raw_tcf,raw,tcf,True,8,7.5078507850785074,5.968808659003637,5.142857142857142,
4544745,5,catalog_clean_background,gap_heavy,raw_tcf,raw,tcf,True,9,10.145714571457145,5.9638727967046865,10.0,
4544745,5,catalog_clean_background,gap_heavy,raw_tcf,raw,tcf,True,10,2.7263726372637263,5.932496435438135,1.5,
4544745,5,catalog_clean_background,gap_heavy,arima_bls,arima,bls,True,1,14.074507450745074,4.280705295309963,1.5,
4544745,5,catalog_clean_background,gap_heavy,arima_bls,arima,bls,True,2,13.721672167216722,3.6150222536652143,1.5,
4544745,5,catalog_clean_background,gap_heavy,arima_bls,arima,bls,True,3,14.325132513251324,2.9843289894762397,1.5,
4544745,5,catalog_clean_background,gap_heavy,arima_bls,arima,bls,True,4,12.563756375637563,2.9763472274046743,1.5,
4544745,5,catalog_clean_background,gap_heavy,arima_bls,arima,bls,True,5,14.869786978697867,2.7744490933128976,1.5,
4544745,5,catalog_clean_background,gap_heavy,arima_bls,arima,bls,True,6,13.031403140314032,2.6606473803757313,1.5,
4544745,5,catalog_clean_background,gap_heavy,arima_bls,arima,bls,True,7,14.495949594959496,2.5985317043924474,1.5,
4544745,5,catalog_clean_background,gap_heavy,arima_bls,arima,bls,True,8,9.384038403840384,2.575769701639767,1.5,
4544745,5,catalog_clean_background,gap_heavy,arima_bls,arima,bls,True,9,12.121312131213122,2.553676990624238,1.5,
4544745,5,catalog_clean_background,gap_heavy,arima_bls,arima,bls,True,10,11.552855285528551,2.514271023534849,1.5,
4544745,5,catalog_clean_background,gap_heavy,arima_tcf,arima,tcf,True,1,3.95009500950095,6.808794646500816,6.357142857142858,
4544745,5,catalog_clean_background,gap_heavy,arima_tcf,arima,tcf,True,2,8.44034403440344,6.490106880453619,8.785714285714285,
4544745,5,catalog_clean_background,gap_heavy,arima_tcf,arima,tcf,True,3,13.132213221322132,6.407160546265039,1.5,
4544745,5,catalog_clean_background,gap_heavy,arima_tcf,arima,tcf,True,4,7.916691669166917,6.130023954988852,2.7142857142857144,
4544745,5,catalog_clean_background,gap_heavy,arima_tcf,arima,tcf,True,5,5.680668066806681,6.103049797082397,5.142857142857142,
4544745,5,catalog_clean_background,gap_heavy,arima_tcf,arima,tcf,True,6,11.55145514551455,6.026542888586897,5.142857142857142,
4544745,5,catalog_clean_background,gap_heavy,arima_tcf,arima,tcf,True,7,8.564956495649565,6.021322705606988,7.571428571428571,
4544745,5,catalog_clean_background,gap_heavy,arima_tcf,arima,tcf,True,8,4.885388538853885,6.0196688534384455,7.571428571428571,
4544745,5,catalog_clean_background,gap_heavy,arima_tcf,arima,tcf,True,9,10.109310931093107,5.995947349000533,6.357142857142858,
4544745,5,catalog_clean_background,gap_heavy,arima_tcf,arima,tcf,True,10,7.575057505750575,5.975477603984308,5.142857142857142,
4544745,5,catalog_clean_background,gap_heavy,kalman_bls,kalman,bls,True,1,4.596959695969597,5.323898565743658,2.7,
4544745,5,catalog_clean_background,gap_heavy,kalman_bls,kalman,bls,True,2,12.532953295329532,4.2529263703568,1.5,
4544745,5,catalog_clean_background,gap_heavy,kalman_bls,kalman,bls,True,3,7.954495449544955,4.096803778317173,2.7,
4544745,5,catalog_clean_background,gap_heavy,kalman_bls,kalman,bls,True,4,3.1856185618561854,4.038757607744294,7.5,
4544745,5,catalog_clean_background,gap_heavy,kalman_bls,kalman,bls,True,5,8.310131013101309,4.004666065003419,1.5,
4544745,5,catalog_clean_background,gap_heavy,kalman_bls,kalman,bls,True,6,3.863286328632863,3.769442612494488,1.5,
4544745,5,catalog_clean_background,gap_heavy,kalman_bls,kalman,bls,True,7,1.5936593659365936,3.634629853331565,7.5,
4544745,5,catalog_clean_background,gap_heavy,kalman_bls,kalman,bls,True,8,14.054905490549055,3.497681483558945,3.9,
4544745,5,catalog_clean_background,gap_heavy,kalman_bls,kalman,bls,True,9,14.451145114511451,3.485085808190719,1.5,
4544745,5,catalog_clean_background,gap_heavy,kalman_bls,kalman,bls,True,10,6.369536953695369,3.2761235288843396,7.5,
4544745,5,catalog_clean_background,gap_heavy,kalman_tcf,kalman,tcf,True,1,2.3343334333433345,6.6052675746850795,10.0,
4544745,5,catalog_clean_background,gap_heavy,kalman_tcf,kalman,tcf,True,2,6.541754175417542,6.2425450233186695,1.5,
4544745,5,catalog_clean_background,gap_heavy,kalman_tcf,kalman,tcf,True,3,9.06200620062006,6.13043544701542,1.5,
4544745,5,catalog_clean_background,gap_heavy,kalman_tcf,kalman,tcf,True,4,5.064606460646065,6.1185128640011035,7.571428571428571,
4544745,5,catalog_clean_background,gap_heavy,kalman_tcf,kalman,tcf,True,5,13.338033803380338,6.11482254337568,6.357142857142858,
4544745,5,catalog_clean_background,gap_heavy,kalman_tcf,kalman,tcf,True,6,10.145714571457145,6.103209239255651,10.0,
4544745,5,catalog_clean_background,gap_heavy,kalman_tcf,kalman,tcf,True,7,10.396339633963397,6.063878057946394,10.0,
4544745,5,catalog_clean_background,gap_heavy,kalman_tcf,kalman,tcf,True,8,4.1601160116011595,6.054906539158599,8.785714285714285,
4544745,5,catalog_clean_background,gap_heavy,kalman_tcf,kalman,tcf,True,9,2.7263726372637263,6.044251608314372,1.5,
4544745,5,catalog_clean_background,gap_heavy,kalman_tcf,kalman,tcf,True,10,9.658465846584658,5.967234635396418,3.928571428571429,
4544745,5,catalog_clean_background,gap_heavy,gp_bls,gp,bls,True,1,10.875187518751876,3.8180800755536426,8.850000000000001,
4544745,5,catalog_clean_background,gap_heavy,gp_bls,gp,bls,True,2,3.6028602860286028,3.63638144050898,10.05,
4544745,5,catalog_clean_background,gap_heavy,gp_bls,gp,bls,True,3,9.843284328432842,2.989196690593098,8.850000000000001,
4544745,5,catalog_clean_background,gap_heavy,gp_bls,gp,bls,True,4,12.866186618661866,2.949896869839997,6.300000000000001,
4544745,5,catalog_clean_background,gap_heavy,gp_bls,gp,bls,True,5,10.76037603760376,2.823421190643231,5.1000000000000005,
4544745,5,catalog_clean_background,gap_heavy,gp_bls,gp,bls,True,6,6.335933593359336,2.666340063087331,2.7,
4544745,5,catalog_clean_background,gap_heavy,gp_bls,gp,bls,True,7,7.824282428242824,2.6058013013529697,10.05,
4544745,5,catalog_clean_background,gap_heavy,gp_bls,gp,bls,True,8,11.165016501650165,2.58745123760263,7.5,
4544745,5,catalog_clean_background,gap_heavy,gp_bls,gp,bls,True,9,3.341034103410341,2.586384616651145,6.300000000000001,
4544745,5,catalog_clean_background,gap_heavy,gp_bls,gp,bls,True,10,4.596959695969597,2.4214107944615577,2.7,
4544745,5,catalog_clean_background,gap_heavy,gp_tcf,gp,tcf,True,1,2.3343334333433345,6.199705624395604,6.357142857142858,
4544745,5,catalog_clean_background,gap_heavy,gp_tcf,gp,tcf,True,2,13.338033803380338,6.132777177001941,6.357142857142858,
4544745,5,catalog_clean_background,gap_heavy,gp_tcf,gp,tcf,True,3,6.001300130013001,6.116628302585603,3.928571428571429,
4544745,5,catalog_clean_background,gap_heavy,gp_tcf,gp,tcf,True,4,4.1601160116011595,6.080513066748414,8.785714285714285,
4544745,5,catalog_clean_background,gap_heavy,gp_tcf,gp,tcf,True,5,6.541754175417542,5.926169321895962,1.5,
4544745,5,catalog_clean_background,gap_heavy,gp_tcf,gp,tcf,True,6,5.064606460646065,5.914574642558493,7.571428571428571,
4544745,5,catalog_clean_background,gap_heavy,gp_tcf,gp,tcf,True,7,9.06200620062006,5.877927667888526,1.5,
4544745,5,catalog_clean_background,gap_heavy,gp_tcf,gp,tcf,True,8,12.48954895489549,5.830065930987103,6.357142857142858,
4544745,5,catalog_clean_background,gap_heavy,gp_tcf,gp,tcf,True,9,9.914691469146916,5.801740815172129,6.357142857142858,
4544745,5,catalog_clean_background,gap_heavy,gp_tcf,gp,tcf,True,10,14.334933493349334,5.772112183790813,6.357142857142858,
10677499,5,catalog_clean_background,high_scatter,raw_bls,raw,bls,True,1,8.45854585458546,8.497718360266349,10.05,
10677499,5,catalog_clean_background,high_scatter,raw_bls,raw,bls,True,2,8.37173717371737,8.10556498713443,10.05,
10677499,5,catalog_clean_background,high_scatter,raw_bls,raw,bls,True,3,8.56075607560756,8.087016045423557,10.05,
10677499,5,catalog_clean_background,high_scatter,raw_bls,raw,bls,True,4,8.65036503650365,7.254421590450798,10.05,
10677499,5,catalog_clean_background,high_scatter,raw_bls,raw,bls,True,5,8.276527652765276,7.069301851659364,10.05,
10677499,5,catalog_clean_background,high_scatter,raw_bls,raw,bls,True,6,8.745574557455745,6.2724496459750965,10.05,
10677499,5,catalog_clean_background,high_scatter,raw_bls,raw,bls,True,7,8.849184918491849,5.7189257036422445,10.05,
10677499,5,catalog_clean_background,high_scatter,raw_bls,raw,bls,True,8,8.192519251925193,5.562183953139912,10.05,
10677499,5,catalog_clean_background,high_scatter,raw_bls,raw,bls,True,9,8.948594859485947,5.305375974002415,10.05,
10677499,5,catalog_clean_background,high_scatter,raw_bls,raw,bls,True,10,9.03960396039604,4.680948930098995,10.05,
10677499,5,catalog_clean_background,high_scatter,raw_tcf,raw,tcf,True,1,4.209120912091209,1.565364451645728,10.0,
10677499,5,catalog_clean_background,high_scatter,raw_tcf,raw,tcf,True,2,8.374537453745376,1.4364845918790028,10.0,
10677499,5,catalog_clean_background,high_scatter,raw_tcf,raw,tcf,True,3,4.155915591559156,1.3936219718491656,10.0,
10677499,5,catalog_clean_background,high_scatter,raw_tcf,raw,tcf,True,4,8.237323732373238,1.346449761179625,10.0,
10677499,5,catalog_clean_background,high_scatter,raw_tcf,raw,tcf,True,5,8.487948794879488,1.2501650019764243,10.0,
10677499,5,catalog_clean_background,high_scatter,raw_tcf,raw,tcf,True,6,4.252525252525253,1.250132682013999,10.0,
10677499,5,catalog_clean_background,high_scatter,raw_tcf,raw,tcf,True,7,4.097109710971097,1.2061057008281826,10.0,
10677499,5,catalog_clean_background,high_scatter,raw_tcf,raw,tcf,True,8,8.61116111611161,1.1997045136470332,10.0,
10677499,5,catalog_clean_background,high_scatter,raw_tcf,raw,tcf,True,9,4.463946394639464,1.1363282223208997,10.0,
10677499,5,catalog_clean_background,high_scatter,raw_tcf,raw,tcf,True,10,8.126712671267127,1.1129739484270562,10.0,
10677499,5,catalog_clean_background,high_scatter,arima_bls,arima,bls,True,1,8.37873787378738,10.801051814731768,10.05,
10677499,5,catalog_clean_background,high_scatter,arima_bls,arima,bls,True,2,8.475347534753475,9.976203444574113,10.05,
10677499,5,catalog_clean_background,high_scatter,arima_bls,arima,bls,True,3,8.886988698869887,8.632919167965644,10.05,
10677499,5,catalog_clean_background,high_scatter,arima_bls,arima,bls,True,4,8.29192919291929,8.515491573183082,10.05,
10677499,5,catalog_clean_background,high_scatter,arima_bls,arima,bls,True,5,8.987798779877988,8.342651140675821,10.05,
10677499,5,catalog_clean_background,high_scatter,arima_bls,arima,bls,True,6,8.671367136713672,7.279845886331944,10.05,
10677499,5,catalog_clean_background,high_scatter,arima_bls,arima,bls,True,7,8.794579457945794,7.244252778823693,10.05,
10677499,5,catalog_clean_background,high_scatter,arima_bls,arima,bls,True,8,8.566356635663567,7.079202396202026,10.05,
10677499,5,catalog_clean_background,high_scatter,arima_bls,arima,bls,True,9,4.186718671867187,6.907233339074495,10.05,
10677499,5,catalog_clean_background,high_scatter,arima_bls,arima,bls,True,10,4.239923992399239,6.223304973079484,8.850000000000001,
10677499,5,catalog_clean_background,high_scatter,arima_tcf,arima,tcf,True,1,13.84068406840684,6.286438713153332,6.357142857142858,
10677499,5,catalog_clean_background,high_scatter,arima_tcf,arima,tcf,True,2,6.748974897489749,6.177304746787562,5.142857142857142,
10677499,5,catalog_clean_background,high_scatter,arima_tcf,arima,tcf,True,3,3.2654265426542652,6.148414074564639,8.785714285714285,
10677499,5,catalog_clean_background,high_scatter,arima_tcf,arima,tcf,True,4,12.95859585958596,6.134728160107073,8.785714285714285,
10677499,5,catalog_clean_background,high_scatter,arima_tcf,arima,tcf,True,5,6.226722672267226,6.085147537911227,2.7142857142857144,
10677499,5,catalog_clean_background,high_scatter,arima_tcf,arima,tcf,True,6,13.508850885088508,6.032058239149773,5.142857142857142,
10677499,5,catalog_clean_background,high_scatter,arima_tcf,arima,tcf,True,7,13.154615461546154,5.999835047134167,7.571428571428571,
10677499,5,catalog_clean_background,high_scatter,arima_tcf,arima,tcf,True,8,10.214321432143214,5.9953834542008995,7.571428571428571,
10677499,5,catalog_clean_background,high_scatter,arima_tcf,arima,tcf,True,9,8.986398639863985,5.971740965520904,8.785714285714285,
10677499,5,catalog_clean_background,high_scatter,arima_tcf,arima,tcf,True,10,11.082408240824082,5.92915455949239,8.785714285714285,
10677499,5,catalog_clean_background,high_scatter,kalman_bls,kalman,bls,True,1,8.377337733773377,11.464659578563246,10.05,
10677499,5,catalog_clean_background,high_scatter,kalman_bls,kalman,bls,True,2,8.478147814781478,10.590414728853071,10.05,
10677499,5,catalog_clean_background,high_scatter,kalman_bls,kalman,bls,True,3,8.888388838883888,9.274759816880312,10.05,
10677499,5,catalog_clean_background,high_scatter,kalman_bls,kalman,bls,True,4,8.29052905290529,9.183221099332554,10.05,
10677499,5,catalog_clean_background,high_scatter,kalman_bls,kalman,bls,True,5,8.987798779877988,8.730764705401677,10.05,
10677499,5,catalog_clean_background,high_scatter,kalman_bls,kalman,bls,True,6,8.797379737973797,8.67069527348913,10.05,
10677499,5,catalog_clean_background,high_scatter,kalman_bls,kalman,bls,True,7,8.563556355635562,7.726341002034045,10.05,
10677499,5,catalog_clean_background,high_scatter,kalman_bls,kalman,bls,True,8,8.665766576657665,7.725858017507255,10.05,
10677499,5,catalog_clean_background,high_scatter,kalman_bls,kalman,bls,True,9,4.186718671867187,7.351564778070228,10.05,
10677499,5,catalog_clean_background,high_scatter,kalman_bls,kalman,bls,True,10,8.206520652065207,6.775010516903438,10.05,
10677499,5,catalog_clean_background,high_scatter,kalman_tcf,kalman,tcf,True,1,10.214321432143214,6.160487783134567,7.571428571428571,
10677499,5,catalog_clean_background,high_scatter,kalman_tcf,kalman,tcf,True,2,12.954395439543957,6.082369024880689,8.785714285714285,
10677499,5,catalog_clean_background,high_scatter,kalman_tcf,kalman,tcf,True,3,4.822382238223822,5.909422173135592,3.928571428571429,
10677499,5,catalog_clean_background,high_scatter,kalman_tcf,kalman,tcf,True,4,13.51025102510251,5.884237608306249,5.142857142857142,
10677499,5,catalog_clean_background,high_scatter,kalman_tcf,kalman,tcf,True,5,13.84068406840684,5.880326926694462,6.357142857142858,
10677499,5,catalog_clean_background,high_scatter,kalman_tcf,kalman,tcf,True,6,13.154615461546154,5.824594676323257,7.571428571428571,
10677499,5,catalog_clean_background,high_scatter,kalman_tcf,kalman,tcf,True,7,6.089508950895089,5.819010374820371,8.785714285714285,
10677499,5,catalog_clean_background,high_scatter,kalman_tcf,kalman,tcf,True,8,11.082408240824082,5.778117251870385,8.785714285714285,
10677499,5,catalog_clean_background,high_scatter,kalman_tcf,kalman,tcf,True,9,6.433943394339434,5.771837654803214,7.571428571428571,
10677499,5,catalog_clean_background,high_scatter,kalman_tcf,kalman,tcf,True,10,8.956995699569957,5.672742792818779,6.357142857142858,
10677499,5,catalog_clean_background,high_scatter,gp_bls,gp,bls,True,1,2.702570257025702,8.620761681626266,10.05,
10677499,5,catalog_clean_background,high_scatter,gp_bls,gp,bls,True,2,5.409040904090409,6.115051908873426,10.05,
10677499,5,catalog_clean_background,high_scatter,gp_bls,gp,bls,True,3,8.107110711071108,5.606449058601153,10.05,
10677499,5,catalog_clean_background,high_scatter,gp_bls,gp,bls,True,4,8.214921492149216,4.617910265880053,10.05,
10677499,5,catalog_clean_background,high_scatter,gp_bls,gp,bls,True,5,10.834583458345834,4.102570909464164,10.05,
10677499,5,catalog_clean_background,high_scatter,gp_bls,gp,bls,True,6,8.297529752975297,3.781927910307139,10.05,
10677499,5,catalog_clean_background,high_scatter,gp_bls,gp,bls,True,7,2.7487748774877487,3.407897197611273,10.05,
10677499,5,catalog_clean_background,high_scatter,gp_bls,gp,bls,True,8,13.508850885088508,3.3258322577109536,10.05,
10677499,5,catalog_clean_background,high_scatter,gp_bls,gp,bls,True,9,8.462746274627463,3.0073434207563188,10.05,
10677499,5,catalog_clean_background,high_scatter,gp_bls,gp,bls,True,10,13.368836883688369,2.9633970462203534,10.05,
10677499,5,catalog_clean_background,high_scatter,gp_tcf,gp,tcf,True,1,5.5616561656165615,5.460101172907537,7.571428571428571,
10677499,5,catalog_clean_background,high_scatter,gp_tcf,gp,tcf,True,2,7.759875987598759,5.0667436202302385,8.785714285714285,
10677499,5,catalog_clean_background,high_scatter,gp_tcf,gp,tcf,True,3,5.395039503950395,4.9330582533824145,10.0,
10677499,5,catalog_clean_background,high_scatter,gp_tcf,gp,tcf,True,4,2.7067706770677065,4.917700771016571,8.785714285714285,
10677499,5,catalog_clean_background,high_scatter,gp_tcf,gp,tcf,True,5,2.663366336633663,4.862334822689525,8.785714285714285,
10677499,5,catalog_clean_background,high_scatter,gp_tcf,gp,tcf,True,6,8.17991799179918,4.847221020139121,10.0,
10677499,5,catalog_clean_background,high_scatter,gp_tcf,gp,tcf,True,7,10.701570157015702,4.7603950964295905,10.0,
10677499,5,catalog_clean_background,high_scatter,gp_tcf,gp,tcf,True,8,8.303130313031303,4.652390097722315,10.0,
10677499,5,catalog_clean_background,high_scatter,gp_tcf,gp,tcf,True,9,5.498649864986499,4.634198166885154,10.0,
10677499,5,catalog_clean_background,high_scatter,gp_tcf,gp,tcf,True,10,12.168916891689168,4.604383176216847,8.785714285714285,
2996004,5,catalog_clean_background,high_scatter,raw_bls,raw,bls,True,1,7.0906090609060906,6.731987694406427,10.05,
2996004,5,catalog_clean_background,high_scatter,raw_bls,raw,bls,True,2,7.171817181718172,6.432095362256053,10.05,
2996004,5,catalog_clean_background,high_scatter,raw_bls,raw,bls,True,3,7.017801780178018,6.240735812793922,10.05,
2996004,5,catalog_clean_background,high_scatter,raw_bls,raw,bls,True,4,7.25022502250225,5.563564909423629,10.05,
2996004,5,catalog_clean_background,high_scatter,raw_bls,raw,bls,True,5,6.946394639463946,5.066991066807891,10.05,
2996004,5,catalog_clean_background,high_scatter,raw_bls,raw,bls,True,6,3.5454545454545454,4.488765631411608,10.05,
2996004,5,catalog_clean_background,high_scatter,raw_bls,raw,bls,True,7,14.245324532453244,4.43606454733955,10.05,
2996004,5,catalog_clean_background,high_scatter,raw_bls,raw,bls,True,8,14.098309830983098,4.275565314469344,10.05,
2996004,5,catalog_clean_background,high_scatter,raw_bls,raw,bls,True,9,14.392339233923392,4.238437231323528,10.05,
2996004,5,catalog_clean_background,high_scatter,raw_bls,raw,bls,True,10,7.332833283328332,4.077869282558407,10.05,
2996004,5,catalog_clean_background,high_scatter,raw_tcf,raw,tcf,True,1,7.048604860486049,2.349175202553442,10.0,
2996004,5,catalog_clean_background,high_scatter,raw_tcf,raw,tcf,True,2,7.124212421242124,2.2379673062720364,10.0,
2996004,5,catalog_clean_background,high_scatter,raw_tcf,raw,tcf,True,3,3.567856785678568,2.2363681910563527,10.0,
2996004,5,catalog_clean_background,high_scatter,raw_tcf,raw,tcf,True,4,3.4936493649364935,2.1042342383095187,10.0,
2996004,5,catalog_clean_background,high_scatter,raw_tcf,raw,tcf,True,5,6.972997299729973,1.9293554679560985,10.0,
2996004,5,catalog_clean_background,high_scatter,raw_tcf,raw,tcf,True,6,7.208220822082208,1.8507499398248215,10.0,
2996004,5,catalog_clean_background,high_scatter,raw_tcf,raw,tcf,True,7,3.6112611261126113,1.7678024543982742,8.785714285714285,
2996004,5,catalog_clean_background,high_scatter,raw_tcf,raw,tcf,True,8,14.07170717071707,1.7193737543033307,10.0,
2996004,5,catalog_clean_background,high_scatter,raw_tcf,raw,tcf,True,9,10.564356435643564,1.6559606752178757,10.0,
2996004,5,catalog_clean_background,high_scatter,raw_tcf,raw,tcf,True,10,14.215921592159216,1.633574065974272,10.0,
2996004,5,catalog_clean_background,high_scatter,arima_bls,arima,bls,True,1,7.16061606160616,5.534534512364103,10.05,
2996004,5,catalog_clean_background,high_scatter,arima_bls,arima,bls,True,2,7.082208220822082,5.22025201205667,10.05,
2996004,5,catalog_clean_background,high_scatter,arima_bls,arima,bls,True,3,3.555255525552555,5.121776109462296,10.05,
2996004,5,catalog_clean_background,high_scatter,arima_bls,arima,bls,True,4,3.5188518851885187,4.6591353340412,10.05,
2996004,5,catalog_clean_background,high_scatter,arima_bls,arima,bls,True,5,7.234823482348235,4.371207197954,10.05,
2996004,5,catalog_clean_background,high_scatter,arima_bls,arima,bls,True,6,3.5916591659165915,3.914940367343358,10.05,
2996004,5,catalog_clean_background,high_scatter,arima_bls,arima,bls,True,7,14.257925792579258,3.76466173288604,10.05,
2996004,5,catalog_clean_background,high_scatter,arima_bls,arima,bls,True,8,6.998199819981998,3.5426635899666072,10.05,
2996004,5,catalog_clean_background,high_scatter,arima_bls,arima,bls,True,9,14.115111511151117,3.309801373459598,10.05,
2996004,5,catalog_clean_background,high_scatter,arima_bls,arima,bls,True,10,14.402140214021404,3.079229850392967,10.05,
2996004,5,catalog_clean_background,high_scatter,arima_tcf,arima,tcf,True,1,4.067706770677068,5.8653643971022005,8.785714285714285,
2996004,5,catalog_clean_background,high_scatter,arima_tcf,arima,tcf,True,2,7.491049104910491,5.853935688969038,10.0,
2996004,5,catalog_clean_background,high_scatter,arima_tcf,arima,tcf,True,3,3.6952695269526954,5.8055457385144456,8.785714285714285,
2996004,5,catalog_clean_background,high_scatter,arima_tcf,arima,tcf,True,4,13.035603560356035,5.597480683786191,10.0,
2996004,5,catalog_clean_background,high_scatter,arima_tcf,arima,tcf,True,5,14.295729572957296,5.501894423385671,7.571428571428571,
2996004,5,catalog_clean_background,high_scatter,arima_tcf,arima,tcf,True,6,8.076307630763075,5.41275050300175,10.0,
2996004,5,catalog_clean_background,high_scatter,arima_tcf,arima,tcf,True,7,11.13141314131413,5.405947394344013,1.5,
2996004,5,catalog_clean_background,high_scatter,arima_tcf,arima,tcf,True,8,13.58025802580258,5.387921155852434,1.5,
2996004,5,catalog_clean_background,high_scatter,arima_tcf,arima,tcf,True,9,8.76937693769377,5.384479821033674,5.142857142857142,
2996004,5,catalog_clean_background,high_scatter,arima_tcf,arima,tcf,True,10,10.333333333333334,5.377606343073818,2.7142857142857144,
2996004,5,catalog_clean_background,high_scatter,kalman_bls,kalman,bls,True,1,7.162016201620162,4.669571187575429,10.05,
2996004,5,catalog_clean_background,high_scatter,kalman_bls,kalman,bls,True,2,7.079407940794079,4.202331002805768,10.05,
2996004,5,catalog_clean_background,high_scatter,kalman_bls,kalman,bls,True,3,3.555255525552555,4.059416016741195,10.05,
2996004,5,catalog_clean_background,high_scatter,kalman_bls,kalman,bls,True,4,7.234823482348235,3.5162718791032233,10.05,
2996004,5,catalog_clean_background,high_scatter,kalman_bls,kalman,bls,True,5,3.5146514651465144,3.4945339181509554,10.05,
2996004,5,catalog_clean_background,high_scatter,kalman_bls,kalman,bls,True,6,14.257925792579258,3.0996270202899354,10.05,
2996004,5,catalog_clean_background,high_scatter,kalman_bls,kalman,bls,True,7,3.5916591659165915,3.029223525974148,10.05,
2996004,5,catalog_clean_background,high_scatter,kalman_bls,kalman,bls,True,8,7.008000800080008,2.83502143438431,10.05,
2996004,5,catalog_clean_background,high_scatter,kalman_bls,kalman,bls,True,9,14.115111511151117,2.6845245665850803,10.05,
2996004,5,catalog_clean_background,high_scatter,kalman_bls,kalman,bls,True,10,10.932593259325932,2.508582178558685,1.5,
2996004,5,catalog_clean_background,high_scatter,kalman_tcf,kalman,tcf,True,1,7.491049104910491,6.182278619280954,10.0,
2996004,5,catalog_clean_background,high_scatter,kalman_tcf,kalman,tcf,True,2,9.14181418141814,5.972436603471362,5.142857142857142,
2996004,5,catalog_clean_background,high_scatter,kalman_tcf,kalman,tcf,True,3,3.6952695269526954,5.966787076882143,8.785714285714285,
2996004,5,catalog_clean_background,high_scatter,kalman_tcf,kalman,tcf,True,4,10.333333333333334,5.9372094110209295,2.7142857142857144,
2996004,5,catalog_clean_background,high_scatter,kalman_tcf,kalman,tcf,True,5,8.766576657665766,5.749119043368355,5.142857142857142,
2996004,5,catalog_clean_background,high_scatter,kalman_tcf,kalman,tcf,True,6,13.034203420342036,5.720979965634804,10.0,
2996004,5,catalog_clean_background,high_scatter,kalman_tcf,kalman,tcf,True,7,8.079107910791079,5.609634478530022,8.785714285714285,
2996004,5,catalog_clean_background,high_scatter,kalman_tcf,kalman,tcf,True,8,14.295729572957296,5.605136592663321,7.571428571428571,
2996004,5,catalog_clean_background,high_scatter,kalman_tcf,kalman,tcf,True,9,7.962896289628962,5.586980628435504,3.928571428571429,
2996004,5,catalog_clean_background,high_scatter,kalman_tcf,kalman,tcf,True,10,11.86088608860886,5.571809178307472,8.785714285714285,
2996004,5,catalog_clean_background,high_scatter,gp_bls,gp,bls,True,1,7.0906090609060906,5.222441246806241,10.05,
2996004,5,catalog_clean_background,high_scatter,gp_bls,gp,bls,True,2,6.993999399939994,4.399874652673774,10.05,
2996004,5,catalog_clean_background,high_scatter,gp_bls,gp,bls,True,3,14.102510251025102,3.702681981476583,10.05,
2996004,5,catalog_clean_background,high_scatter,gp_bls,gp,bls,True,4,1.7798779877987798,3.6403924438961495,10.05,
2996004,5,catalog_clean_background,high_scatter,gp_bls,gp,bls,True,5,3.5188518851885187,3.585505687231246,10.05,
2996004,5,catalog_clean_background,high_scatter,gp_bls,gp,bls,True,6,6.922592259225922,3.5038556770778886,10.05,
2996004,5,catalog_clean_background,high_scatter,gp_bls,gp,bls,True,7,7.184418441844184,3.4750976087569705,10.05,
2996004,5,catalog_clean_background,high_scatter,gp_bls,gp,bls,True,8,14.243924392439244,3.2509299609260216,10.05,
2996004,5,catalog_clean_background,high_scatter,gp_bls,gp,bls,True,9,13.944294429442945,3.2144014282247633,10.05,
2996004,5,catalog_clean_background,high_scatter,gp_bls,gp,bls,True,10,2.379137913791379,2.730341294739429,10.05,
2996004,5,catalog_clean_background,high_scatter,gp_tcf,gp,tcf,True,1,7.062606260626063,6.005332728257531,8.785714285714285,
2996004,5,catalog_clean_background,high_scatter,gp_tcf,gp,tcf,True,2,1.42004200420042,5.747677157268764,8.785714285714285,
2996004,5,catalog_clean_background,high_scatter,gp_tcf,gp,tcf,True,3,2.4043404340434043,5.344526690491318,10.0,
2996004,5,catalog_clean_background,high_scatter,gp_tcf,gp,tcf,True,4,14.11931193119312,5.273837314123012,8.785714285714285,
2996004,5,catalog_clean_background,high_scatter,gp_tcf,gp,tcf,True,5,6.95059505950595,5.038465123005704,10.0,
2996004,5,catalog_clean_background,high_scatter,gp_tcf,gp,tcf,True,6,4.685168516851685,4.9761469520136306,8.785714285714285,
2996004,5,catalog_clean_background,high_scatter,gp_tcf,gp,tcf,True,7,3.534253425342534,4.903917803521468,10.0,
2996004,5,catalog_clean_background,high_scatter,gp_tcf,gp,tcf,True,8,7.178817881788179,4.846638686312065,10.0,
2996004,5,catalog_clean_background,high_scatter,gp_tcf,gp,tcf,True,9,2.3623362336233624,4.811224892523989,10.0,
2996004,5,catalog_clean_background,high_scatter,gp_tcf,gp,tcf,True,10,8.54815481548155,4.628840764571555,10.0,
5171052,5,catalog_clean_background,gap_heavy,raw_bls,raw,bls,True,1,14.983198319831985,4.11237449394636,2.7,
5171052,5,catalog_clean_background,gap_heavy,raw_bls,raw,bls,True,2,11.974297429742974,3.903239190001376,6.300000000000001,
5171052,5,catalog_clean_background,gap_heavy,raw_bls,raw,bls,True,3,9.302830283028303,3.5279006826714663,1.5,
5171052,5,catalog_clean_background,gap_heavy,raw_bls,raw,bls,True,4,10.984398439843984,3.4152309582694618,1.5,
5171052,5,catalog_clean_background,gap_heavy,raw_bls,raw,bls,True,5,8.734373437343734,3.352951345427171,1.5,
5171052,5,catalog_clean_background,gap_heavy,raw_bls,raw,bls,True,6,3.677067706770677,3.183818101788135,1.5,
5171052,5,catalog_clean_background,gap_heavy,raw_bls,raw,bls,True,7,5.340434043404341,3.1626924524101647,1.5,
5171052,5,catalog_clean_background,gap_heavy,raw_bls,raw,bls,True,8,7.568056805680568,2.9835403013996498,1.5,
5171052,5,catalog_clean_background,gap_heavy,raw_bls,raw,bls,True,9,5.901890189018902,2.981321439014484,2.7,
5171052,5,catalog_clean_background,gap_heavy,raw_bls,raw,bls,True,10,14.30973097309731,2.9751316730346034,1.5,
5171052,5,catalog_clean_background,gap_heavy,raw_tcf,raw,tcf,True,1,6.43954395439544,7.397863264642013,5.142857142857142,
5171052,5,catalog_clean_background,gap_heavy,raw_tcf,raw,tcf,True,2,12.87878787878788,6.697908589080289,5.142857142857142,
5171052,5,catalog_clean_background,gap_heavy,raw_tcf,raw,tcf,True,3,9.703270327032705,6.617935895981049,7.571428571428571,
5171052,5,catalog_clean_background,gap_heavy,raw_tcf,raw,tcf,True,4,14.285928592859284,6.397807744590278,5.142857142857142,
5171052,5,catalog_clean_background,gap_heavy,raw_tcf,raw,tcf,True,5,4.791579157915791,6.32417141846065,2.7142857142857144,
5171052,5,catalog_clean_background,gap_heavy,raw_tcf,raw,tcf,True,6,7.541454145414542,6.290897173443962,1.5,
5171052,5,catalog_clean_background,gap_heavy,raw_tcf,raw,tcf,True,7,10.387938793879387,6.264294660788524,10.0,
5171052,5,catalog_clean_background,gap_heavy,raw_tcf,raw,tcf,True,8,12.189918991899187,6.086144012364013,2.7142857142857144,
5171052,5,catalog_clean_background,gap_heavy,raw_tcf,raw,tcf,True,9,7.465846584658466,6.084570578844396,3.928571428571429,
5171052,5,catalog_clean_background,gap_heavy,raw_tcf,raw,tcf,True,10,11.76007600760076,6.040621656414254,7.571428571428571,
5171052,5,catalog_clean_background,gap_heavy,arima_bls,arima,bls,True,1,14.67096709670967,2.97072318190553,1.5,
5171052,5,catalog_clean_background,gap_heavy,arima_bls,arima,bls,True,2,14.838983898389838,2.8109365747472235,1.5,
5171052,5,catalog_clean_background,gap_heavy,arima_bls,arima,bls,True,3,14.446944694469446,2.699803166607959,1.5,
5171052,5,catalog_clean_background,gap_heavy,arima_bls,arima,bls,True,4,13.99049904990499,2.643877569349219,1.5,
5171052,5,catalog_clean_background,gap_heavy,arima_bls,arima,bls,True,5,13.044004400440045,2.6214247723151622,1.5,
5171052,5,catalog_clean_background,gap_heavy,arima_bls,arima,bls,True,6,7.222222222222222,2.553237647090116,1.5,
5171052,5,catalog_clean_background,gap_heavy,arima_bls,arima,bls,True,7,12.363536353635364,2.5122385050728893,1.5,
5171052,5,catalog_clean_background,gap_heavy,arima_bls,arima,bls,True,8,12.82978297829783,2.42682765713394,1.5,
5171052,5,catalog_clean_background,gap_heavy,arima_bls,arima,bls,True,9,10.806580658065808,2.381393735938164,1.5,
5171052,5,catalog_clean_background,gap_heavy,arima_bls,arima,bls,True,10,13.258225822582258,2.362604249197096,1.5,
5171052,5,catalog_clean_background,gap_heavy,arima_tcf,arima,tcf,True,1,12.30893089308931,6.453532525276409,7.571428571428571,
5171052,5,catalog_clean_background,gap_heavy,arima_tcf,arima,tcf,True,2,11.216821682168217,6.3696096703354765,3.928571428571429,
5171052,5,catalog_clean_background,gap_heavy,arima_tcf,arima,tcf,True,3,8.333933393339333,6.237859297088123,8.785714285714285,
5171052,5,catalog_clean_background,gap_heavy,arima_tcf,arima,tcf,True,4,12.87878787878788,6.2368658752233666,5.142857142857142,
5171052,5,catalog_clean_background,gap_heavy,arima_tcf,arima,tcf,True,5,9.09000900090009,6.185637719309948,1.5,
5171052,5,catalog_clean_background,gap_heavy,arima_tcf,arima,tcf,True,6,7.310431043104311,6.06791969051071,5.142857142857142,
5171052,5,catalog_clean_background,gap_heavy,arima_tcf,arima,tcf,True,7,6.600560056005601,5.990130261971147,5.142857142857142,
5171052,5,catalog_clean_background,gap_heavy,arima_tcf,arima,tcf,True,8,10.67916791679168,5.985008975874941,6.357142857142858,
5171052,5,catalog_clean_background,gap_heavy,arima_tcf,arima,tcf,True,9,6.097909790979098,5.973617470919141,1.5,
5171052,5,catalog_clean_background,gap_heavy,arima_tcf,arima,tcf,True,10,14.547754775477548,5.899160292071215,1.5,
5171052,5,catalog_clean_background,gap_heavy,kalman_bls,kalman,bls,True,1,11.972897289728971,4.091227287172474,6.300000000000001,
5171052,5,catalog_clean_background,gap_heavy,kalman_bls,kalman,bls,True,2,14.983198319831985,3.9211519769270966,2.7,
5171052,5,catalog_clean_background,gap_heavy,kalman_bls,kalman,bls,True,3,8.734373437343734,3.5945195223639854,1.5,
5171052,5,catalog_clean_background,gap_heavy,kalman_bls,kalman,bls,True,4,9.302830283028303,3.5570876716307325,1.5,
5171052,5,catalog_clean_background,gap_heavy,kalman_bls,kalman,bls,True,5,7.568056805680568,3.4606363516193315,1.5,
5171052,5,catalog_clean_background,gap_heavy,kalman_bls,kalman,bls,True,6,10.938193819381938,3.44828887194824,2.7,
5171052,5,catalog_clean_background,gap_heavy,kalman_bls,kalman,bls,True,7,5.340434043404341,3.301518438108427,1.5,
5171052,5,catalog_clean_background,gap_heavy,kalman_bls,kalman,bls,True,8,3.677067706770677,3.290177491829905,1.5,
5171052,5,catalog_clean_background,gap_heavy,kalman_bls,kalman,bls,True,9,14.30973097309731,3.218388966665969,1.5,
5171052,5,catalog_clean_background,gap_heavy,kalman_bls,kalman,bls,True,10,5.23962396239624,3.1179512006137644,1.5,
5171052,5,catalog_clean_background,gap_heavy,kalman_tcf,kalman,tcf,True,1,6.43954395439544,7.487819517061352,5.142857142857142,
5171052,5,catalog_clean_background,gap_heavy,kalman_tcf,kalman,tcf,True,2,12.87878787878788,6.7689636090035545,5.142857142857142,
5171052,5,catalog_clean_background,gap_heavy,kalman_tcf,kalman,tcf,True,3,9.701870187018702,6.665299232570707,7.571428571428571,
5171052,5,catalog_clean_background,gap_heavy,kalman_tcf,kalman,tcf,True,4,14.281728172817282,6.4540765483703755,5.142857142857142,
5171052,5,catalog_clean_background,gap_heavy,kalman_tcf,kalman,tcf,True,5,4.791579157915791,6.422192674692341,2.7142857142857144,
5171052,5,catalog_clean_background,gap_heavy,kalman_tcf,kalman,tcf,True,6,7.538653865386539,6.3525309761160615,1.5,
5171052,5,catalog_clean_background,gap_heavy,kalman_tcf,kalman,tcf,True,7,10.385138513851384,6.312443916278436,10.0,
5171052,5,catalog_clean_background,gap_heavy,kalman_tcf,kalman,tcf,True,8,12.189918991899187,6.2101141834586695,2.7142857142857144,
5171052,5,catalog_clean_background,gap_heavy,kalman_tcf,kalman,tcf,True,9,6.138513851385138,6.140862753732339,10.0,
5171052,5,catalog_clean_background,gap_heavy,kalman_tcf,kalman,tcf,True,10,6.622962296229622,6.06539447144682,10.0,
5171052,5,catalog_clean_background,gap_heavy,gp_bls,gp,bls,True,1,5.061806180618062,3.288155494417035,10.05,
5171052,5,catalog_clean_background,gap_heavy,gp_bls,gp,bls,True,2,7.1802180218021805,2.9145858400254383,10.05,
5171052,5,catalog_clean_background,gap_heavy,gp_bls,gp,bls,True,3,14.395139513951396,2.778369628160891,8.850000000000001,
5171052,5,catalog_clean_background,gap_heavy,gp_bls,gp,bls,True,4,9.77887788778878,2.7047371500013977,10.05,
5171052,5,catalog_clean_background,gap_heavy,gp_bls,gp,bls,True,5,10.803780378037803,2.6174153378520275,8.850000000000001,
5171052,5,catalog_clean_background,gap_heavy,gp_bls,gp,bls,True,6,7.309030903090309,2.494443490162593,10.05,
5171052,5,catalog_clean_background,gap_heavy,gp_bls,gp,bls,True,7,8.025902590259026,2.238424603373118,10.05,
5171052,5,catalog_clean_background,gap_heavy,gp_bls,gp,bls,True,8,9.67946794679468,2.0976896618018905,8.850000000000001,
5171052,5,catalog_clean_background,gap_heavy,gp_bls,gp,bls,True,9,6.4675467546754675,2.0780038640386884,10.05,
5171052,5,catalog_clean_background,gap_heavy,gp_bls,gp,bls,True,10,10.673567356735674,2.0163633151978235,10.05,
5171052,5,catalog_clean_background,gap_heavy,gp_tcf,gp,tcf,True,1,6.43954395439544,6.986422375432065,5.142857142857142,
5171052,5,catalog_clean_background,gap_heavy,gp_tcf,gp,tcf,True,2,12.87878787878788,6.356789309380961,5.142857142857142,
5171052,5,catalog_clean_background,gap_heavy,gp_tcf,gp,tcf,True,3,4.791579157915791,6.032254356376115,2.7142857142857144,
5171052,5,catalog_clean_background,gap_heavy,gp_tcf,gp,tcf,True,4,7.541454145414542,5.99524465928037,1.5,
5171052,5,catalog_clean_background,gap_heavy,gp_tcf,gp,tcf,True,5,14.285928592859284,5.883869779207908,5.142857142857142,
5171052,5,catalog_clean_background,gap_heavy,gp_tcf,gp,tcf,True,6,13.438843884388438,5.848951892273858,6.357142857142858,
5171052,5,catalog_clean_background,gap_heavy,gp_tcf,gp,tcf,True,7,6.622962296229622,5.749977727537834,10.0,
5171052,5,catalog_clean_background,gap_heavy,gp_tcf,gp,tcf,True,8,10.387938793879387,5.745368766697855,10.0,
5171052,5,catalog_clean_background,gap_heavy,gp_tcf,gp,tcf,True,9,12.189918991899187,5.7396795167137915,2.7142857142857144,
5171052,5,catalog_clean_background,gap_heavy,gp_tcf,gp,tcf,True,10,9.701870187018702,5.715166486310889,7.571428571428571,
7583204,5,catalog_clean_background,gap_heavy,raw_bls,raw,bls,True,1,8.535553555355534,3.471315658642608,10.05,
7583204,5,catalog_clean_background,gap_heavy,raw_bls,raw,bls,True,2,13.833683368336834,3.016443836729108,7.5,
7583204,5,catalog_clean_background,gap_heavy,raw_bls,raw,bls,True,3,10.81078107810781,2.944963540611116,5.1000000000000005,
7583204,5,catalog_clean_background,gap_heavy,raw_bls,raw,bls,True,4,10.21012101210121,2.7818268432054345,10.05,
7583204,5,catalog_clean_background,gap_heavy,raw_bls,raw,bls,True,5,14.054905490549055,2.492709587914956,3.9,
7583204,5,catalog_clean_background,gap_heavy,raw_bls,raw,bls,True,6,13.5998599859986,2.459707607858445,8.850000000000001,
7583204,5,catalog_clean_background,gap_heavy,raw_bls,raw,bls,True,7,14.308330833083309,2.2646878813518554,10.05,
7583204,5,catalog_clean_background,gap_heavy,raw_bls,raw,bls,True,8,10.634363436343634,2.263992027342585,7.5,
7583204,5,catalog_clean_background,gap_heavy,raw_bls,raw,bls,True,9,7.159215921592159,2.2560485884700383,10.05,
7583204,5,catalog_clean_background,gap_heavy,raw_bls,raw,bls,True,10,5.256425642564256,2.2337631709324737,10.05,
7583204,5,catalog_clean_background,gap_heavy,raw_tcf,raw,tcf,True,1,8.753975397539755,6.409367862818855,6.357142857142858,
7583204,5,catalog_clean_background,gap_heavy,raw_tcf,raw,tcf,True,2,9.23002300230023,6.373602053402015,6.357142857142858,
7583204,5,catalog_clean_background,gap_heavy,raw_tcf,raw,tcf,True,3,13.707670767076708,6.045998643064444,6.357142857142858,
7583204,5,catalog_clean_background,gap_heavy,raw_tcf,raw,tcf,True,4,12.61836183618362,5.901976440221256,8.785714285714285,
7583204,5,catalog_clean_background,gap_heavy,raw_tcf,raw,tcf,True,5,6.552955295529553,5.839051039427312,1.5,
7583204,5,catalog_clean_background,gap_heavy,raw_tcf,raw,tcf,True,6,14.144514451445144,5.786573468954317,5.142857142857142,
7583204,5,catalog_clean_background,gap_heavy,raw_tcf,raw,tcf,True,7,6.737773777377738,5.62920183576492,10.0,
7583204,5,catalog_clean_background,gap_heavy,raw_tcf,raw,tcf,True,8,6.121712171217122,5.611399938710471,5.142857142857142,
7583204,5,catalog_clean_background,gap_heavy,raw_tcf,raw,tcf,True,9,6.471747174717471,5.579323971837478,5.142857142857142,
7583204,5,catalog_clean_background,gap_heavy,raw_tcf,raw,tcf,True,10,9.596859685968596,5.573029372865722,5.142857142857142,
7583204,5,catalog_clean_background,gap_heavy,arima_bls,arima,bls,True,1,14.155715571557156,3.9503875367224786,1.5,
7583204,5,catalog_clean_background,gap_heavy,arima_bls,arima,bls,True,2,9.435843584358436,3.204876189842463,1.5,
7583204,5,catalog_clean_background,gap_heavy,arima_bls,arima,bls,True,3,14.76057605760576,2.3230883123652326,1.5,
7583204,5,catalog_clean_background,gap_heavy,arima_bls,arima,bls,True,4,12.945994599459944,2.2859835850564494,1.5,
7583204,5,catalog_clean_background,gap_heavy,arima_bls,arima,bls,True,5,10.015501550155015,2.2736609262646623,1.5,
7583204,5,catalog_clean_background,gap_heavy,arima_bls,arima,bls,True,6,5.662466246624662,2.247040652998581,1.5,
7583204,5,catalog_clean_background,gap_heavy,arima_bls,arima,bls,True,7,14.316731673167316,2.242567272995325,1.5,
7583204,5,catalog_clean_background,gap_heavy,arima_bls,arima,bls,True,8,12.74997499749975,2.2049979078912596,1.5,
7583204,5,catalog_clean_background,gap_heavy,arima_bls,arima,bls,True,9,4.293129312931293,2.1643914601456187,1.5,
7583204,5,catalog_clean_background,gap_heavy,arima_bls,arima,bls,True,10,7.510651065106511,2.1151750192621415,1.5,
7583204,5,catalog_clean_background,gap_heavy,arima_tcf,arima,tcf,True,1,9.267826782678268,7.577404565345605,1.5,
7583204,5,catalog_clean_background,gap_heavy,arima_tcf,arima,tcf,True,2,8.952795279527953,7.273236738056458,1.5,
7583204,5,catalog_clean_background,gap_heavy,arima_tcf,arima,tcf,True,3,14.2985298529853,6.723258378283153,2.7142857142857144,
7583204,5,catalog_clean_background,gap_heavy,arima_tcf,arima,tcf,True,4,12.275327532753275,6.597197969805414,7.571428571428571,
7583204,5,catalog_clean_background,gap_heavy,arima_tcf,arima,tcf,True,5,13.14061406140614,6.455269647404656,1.5,
7583204,5,catalog_clean_background,gap_heavy,arima_tcf,arima,tcf,True,6,7.688468846884688,6.443632627376029,6.357142857142858,
7583204,5,catalog_clean_background,gap_heavy,arima_tcf,arima,tcf,True,7,10.473347334733472,6.438660868639277,6.357142857142858,
7583204,5,catalog_clean_background,gap_heavy,arima_tcf,arima,tcf,True,8,7.365036503650365,6.39819332317538,2.7142857142857144,
7583204,5,catalog_clean_background,gap_heavy,arima_tcf,arima,tcf,True,9,11.396039603960396,6.37901616759161,6.357142857142858,
7583204,5,catalog_clean_background,gap_heavy,arima_tcf,arima,tcf,True,10,14.938393839383938,6.34211124187725,5.142857142857142,
7583204,5,catalog_clean_background,gap_heavy,kalman_bls,kalman,bls,True,1,3.52025202520252,4.576683243856246,8.850000000000001,
7583204,5,catalog_clean_background,gap_heavy,kalman_bls,kalman,bls,True,2,8.391339133913391,4.288357494455471,1.5,
7583204,5,catalog_clean_background,gap_heavy,kalman_bls,kalman,bls,True,3,7.653465346534653,4.009589027925015,3.9,
7583204,5,catalog_clean_background,gap_heavy,kalman_bls,kalman,bls,True,4,10.20872087208721,3.740448814890184,10.05,
7583204,5,catalog_clean_background,gap_heavy,kalman_bls,kalman,bls,True,5,9.84048404840484,3.415353983522858,7.5,
7583204,5,catalog_clean_background,gap_heavy,kalman_bls,kalman,bls,True,6,14.075907590759076,3.356960803120668,1.5,
7583204,5,catalog_clean_background,gap_heavy,kalman_bls,kalman,bls,True,7,3.1296129612961296,3.2565064087305333,3.9,
7583204,5,catalog_clean_background,gap_heavy,kalman_bls,kalman,bls,True,8,9.277627762776277,3.085950815328181,6.300000000000001,
7583204,5,catalog_clean_background,gap_heavy,kalman_bls,kalman,bls,True,9,4.623562356235624,3.0373052267018643,8.850000000000001,
7583204,5,catalog_clean_background,gap_heavy,kalman_bls,kalman,bls,True,10,3.5566556655665567,2.985192083094374,2.7,
7583204,5,catalog_clean_background,gap_heavy,kalman_tcf,kalman,tcf,True,1,8.753975397539755,7.1938478568558075,6.357142857142858,
7583204,5,catalog_clean_background,gap_heavy,kalman_tcf,kalman,tcf,True,2,9.23002300230023,6.6936091412019,6.357142857142858,
7583204,5,catalog_clean_background,gap_heavy,kalman_tcf,kalman,tcf,True,3,12.61836183618362,6.362416821867782,8.785714285714285,
7583204,5,catalog_clean_background,gap_heavy,kalman_tcf,kalman,tcf,True,4,13.707670767076708,6.355988505934812,6.357142857142858,
7583204,5,catalog_clean_background,gap_heavy,kalman_tcf,kalman,tcf,True,5,6.552955295529553,6.3431935813885225,1.5,
7583204,5,catalog_clean_background,gap_heavy,kalman_tcf,kalman,tcf,True,6,7.828482848284828,6.17555262770393,5.142857142857142,
7583204,5,catalog_clean_background,gap_heavy,kalman_tcf,kalman,tcf,True,7,6.737773777377738,6.116154944382557,10.0,
7583204,5,catalog_clean_background,gap_heavy,kalman_tcf,kalman,tcf,True,8,12.143714371437143,6.046939021341427,8.785714285714285,
7583204,5,catalog_clean_background,gap_heavy,kalman_tcf,kalman,tcf,True,9,7.178817881788179,6.0307332564355765,6.357142857142858,
7583204,5,catalog_clean_background,gap_heavy,kalman_tcf,kalman,tcf,True,10,14.753575357535754,5.97572389196527,2.7142857142857144,
7583204,5,catalog_clean_background,gap_heavy,gp_bls,gp,bls,True,1,6.016701670167016,3.0011354164710053,10.05,
7583204,5,catalog_clean_background,gap_heavy,gp_bls,gp,bls,True,2,8.47114711471147,2.7251320045498577,8.850000000000001,
7583204,5,catalog_clean_background,gap_heavy,gp_bls,gp,bls,True,3,13.518651865186518,2.5982728399138333,10.05,
7583204,5,catalog_clean_background,gap_heavy,gp_bls,gp,bls,True,4,5.953695369536954,2.523884060516319,10.05,
7583204,5,catalog_clean_background,gap_heavy,gp_bls,gp,bls,True,5,7.653465346534653,2.50874287942158,3.9,
7583204,5,catalog_clean_background,gap_heavy,gp_bls,gp,bls,True,6,3.52025202520252,2.4041440029891374,8.850000000000001,
7583204,5,catalog_clean_background,gap_heavy,gp_bls,gp,bls,True,7,9.006000600060005,2.3078781872209597,10.05,
7583204,5,catalog_clean_background,gap_heavy,gp_bls,gp,bls,True,8,11.887488748874889,2.2877260374199393,3.9,
7583204,5,catalog_clean_background,gap_heavy,gp_bls,gp,bls,True,9,8.349334933493349,2.2227892810431555,10.05,
7583204,5,catalog_clean_background,gap_heavy,gp_bls,gp,bls,True,10,12.188518851885188,1.9988646272939377,10.05,
7583204,5,catalog_clean_background,gap_heavy,gp_tcf,gp,tcf,True,1,8.753975397539755,6.676682388980538,6.357142857142858,
7583204,5,catalog_clean_background,gap_heavy,gp_tcf,gp,tcf,True,2,9.23002300230023,6.420567786584064,6.357142857142858,
7583204,5,catalog_clean_background,gap_heavy,gp_tcf,gp,tcf,True,3,12.594559455945594,6.125615727550822,10.0,
7583204,5,catalog_clean_background,gap_heavy,gp_tcf,gp,tcf,True,4,6.552955295529553,6.041561857647062,1.5,
7583204,5,catalog_clean_background,gap_heavy,gp_tcf,gp,tcf,True,5,13.707670767076708,6.038776845094297,6.357142857142858,
7583204,5,catalog_clean_background,gap_heavy,gp_tcf,gp,tcf,True,6,14.144514451445144,6.002010798535834,5.142857142857142,
7583204,5,catalog_clean_background,gap_heavy,gp_tcf,gp,tcf,True,7,5.82068206820682,5.986451981530227,6.357142857142858,
7583204,5,catalog_clean_background,gap_heavy,gp_tcf,gp,tcf,True,8,11.502450245024502,5.964871758498554,8.785714285714285,
7583204,5,catalog_clean_background,gap_heavy,gp_tcf,gp,tcf,True,9,10.266126612661266,5.924868901737997,10.0,
7583204,5,catalog_clean_background,gap_heavy,gp_tcf,gp,tcf,True,10,1.273027302730273,5.923836932606197,10.0,
3657874,5,catalog_clean_background,high_scatter,raw_bls,raw,bls,True,1,14.358735873587358,3.646203102230385,10.05,
3657874,5,catalog_clean_background,high_scatter,raw_bls,raw,bls,True,2,14.504350435043504,3.5748696014997816,10.05,
3657874,5,catalog_clean_background,high_scatter,raw_bls,raw,bls,True,3,14.18091809180918,3.5598199521007103,10.05,
3657874,5,catalog_clean_background,high_scatter,raw_bls,raw,bls,True,4,14.998599859985998,3.5297005871123988,10.05,
3657874,5,catalog_clean_background,high_scatter,raw_bls,raw,bls,True,5,14.65136513651365,3.382950217278402,10.05,
3657874,5,catalog_clean_background,high_scatter,raw_bls,raw,bls,True,6,14.032503250325032,3.359856991258377,10.05,
3657874,5,catalog_clean_background,high_scatter,raw_bls,raw,bls,True,7,14.801180118011802,3.100428090021341,10.05,
3657874,5,catalog_clean_background,high_scatter,raw_bls,raw,bls,True,8,13.88968896889689,2.8746440549941448,10.05,
3657874,5,catalog_clean_background,high_scatter,raw_bls,raw,bls,True,9,13.746874687468749,2.278036095841425,10.05,
3657874,5,catalog_clean_background,high_scatter,raw_bls,raw,bls,True,10,7.904090409040904,1.9190042801446785,10.05,
3657874,5,catalog_clean_background,high_scatter,raw_tcf,raw,tcf,True,1,14.641564156415642,0.7155331482472285,10.0,
3657874,5,catalog_clean_background,high_scatter,raw_tcf,raw,tcf,True,2,5.3964396439643965,0.7100726518010213,10.0,
3657874,5,catalog_clean_background,high_scatter,raw_tcf,raw,tcf,True,3,7.267026702670267,0.6937230825805825,10.0,
3657874,5,catalog_clean_background,high_scatter,raw_tcf,raw,tcf,True,4,14.952395239523952,0.6647801339005358,10.0,
3657874,5,catalog_clean_background,high_scatter,raw_tcf,raw,tcf,True,5,14.7983798379838,0.6559229596517143,10.0,
3657874,5,catalog_clean_background,high_scatter,raw_tcf,raw,tcf,True,6,10.91019101910191,0.6258198352655109,10.0,
3657874,5,catalog_clean_background,high_scatter,raw_tcf,raw,tcf,True,7,10.681968196819682,0.6247630451386684,10.0,
3657874,5,catalog_clean_background,high_scatter,raw_tcf,raw,tcf,True,8,7.351035103510351,0.616626831811595,10.0,
3657874,5,catalog_clean_background,high_scatter,raw_tcf,raw,tcf,True,9,7.185818581858186,0.5999112025848116,10.0,
3657874,5,catalog_clean_background,high_scatter,raw_tcf,raw,tcf,True,10,14.473547354735471,0.5995655047600865,10.0,
3657874,5,catalog_clean_background,high_scatter,arima_bls,arima,bls,True,1,14.998599859985998,3.7892773292840274,10.05,
3657874,5,catalog_clean_background,high_scatter,arima_bls,arima,bls,True,2,14.126312631263126,2.6938253606609774,1.5,
3657874,5,catalog_clean_background,high_scatter,arima_bls,arima,bls,True,3,14.847384738473847,2.556469284973693,10.05,
3657874,5,catalog_clean_background,high_scatter,arima_bls,arima,bls,True,4,12.08210821082108,2.5464986989890197,1.5,
3657874,5,catalog_clean_background,high_scatter,arima_bls,arima,bls,True,5,14.42174217421742,2.422172459550461,1.5,
3657874,5,catalog_clean_background,high_scatter,arima_bls,arima,bls,True,6,8.013301330133013,2.3869039728665533,10.05,
3657874,5,catalog_clean_background,high_scatter,arima_bls,arima,bls,True,7,7.901290129012901,2.360068144772992,10.05,
3657874,5,catalog_clean_background,high_scatter,arima_bls,arima,bls,True,8,11.922492249224922,2.2863007309215857,1.5,
3657874,5,catalog_clean_background,high_scatter,arima_bls,arima,bls,True,9,8.13931393139314,2.268967374978638,1.5,
3657874,5,catalog_clean_background,high_scatter,arima_bls,arima,bls,True,10,14.663966396639664,2.093530124946606,1.5,
3657874,5,catalog_clean_background,high_scatter,arima_tcf,arima,tcf,True,1,10.673567356735674,6.377186908011806,3.928571428571429,
3657874,5,catalog_clean_background,high_scatter,arima_tcf,arima,tcf,True,2,8.067906790679068,6.00201870328931,7.571428571428571,
3657874,5,catalog_clean_background,high_scatter,arima_tcf,arima,tcf,True,3,8.653165316531652,5.673757044735979,10.0,
3657874,5,catalog_clean_background,high_scatter,arima_tcf,arima,tcf,True,4,9.071807180718071,5.652918071072659,8.785714285714285,
3657874,5,catalog_clean_background,high_scatter,arima_tcf,arima,tcf,True,5,11.177617761776178,5.554839202059667,5.142857142857142,
3657874,5,catalog_clean_background,high_scatter,arima_tcf,arima,tcf,True,6,10.32073207320732,5.517545245725481,8.785714285714285,
3657874,5,catalog_clean_background,high_scatter,arima_tcf,arima,tcf,True,7,7.477047704770477,5.502991361432394,2.7142857142857144,
3657874,5,catalog_clean_background,high_scatter,arima_tcf,arima,tcf,True,8,2.3273327332733276,5.464157089718504,6.357142857142858,
3657874,5,catalog_clean_background,high_scatter,arima_tcf,arima,tcf,True,9,9.489048904890488,5.462614225306913,7.571428571428571,
3657874,5,catalog_clean_background,high_scatter,arima_tcf,arima,tcf,True,10,10.06030603060306,5.459675179194134,8.785714285714285,
3657874,5,catalog_clean_background,high_scatter,kalman_bls,kalman,bls,True,1,15.0,3.8208830013822377,10.05,
3657874,5,catalog_clean_background,high_scatter,kalman_bls,kalman,bls,True,2,14.843184318431843,2.5633682384461665,10.05,
3657874,5,catalog_clean_background,high_scatter,kalman_bls,kalman,bls,True,3,14.131913191319132,2.3969636387591327,10.05,
3657874,5,catalog_clean_background,high_scatter,kalman_bls,kalman,bls,True,4,8.021702170217022,2.3726691716273893,10.05,
3657874,5,catalog_clean_background,high_scatter,kalman_bls,kalman,bls,True,5,7.901290129012901,2.3567393465975126,10.05,
3657874,5,catalog_clean_background,high_scatter,kalman_bls,kalman,bls,True,6,14.424542454245424,2.114958643820718,1.5,
3657874,5,catalog_clean_background,high_scatter,kalman_bls,kalman,bls,True,7,14.273327332733272,2.018779961150512,10.05,
3657874,5,catalog_clean_background,high_scatter,kalman_bls,kalman,bls,True,8,12.083508350835084,1.9550487358260775,1.5,
3657874,5,catalog_clean_background,high_scatter,kalman_bls,kalman,bls,True,9,8.12951295129513,1.9436013344775969,2.7,
3657874,5,catalog_clean_background,high_scatter,kalman_bls,kalman,bls,True,10,11.91969196919692,1.8140583648083923,1.5,
3657874,5,catalog_clean_background,high_scatter,kalman_tcf,kalman,tcf,True,1,10.673567356735674,6.084405612071207,3.928571428571429,
3657874,5,catalog_clean_background,high_scatter,kalman_tcf,kalman,tcf,True,2,8.066506650665065,5.872045078519863,7.571428571428571,
3657874,5,catalog_clean_background,high_scatter,kalman_tcf,kalman,tcf,True,3,9.074607460746074,5.776247544443612,8.785714285714285,
3657874,5,catalog_clean_background,high_scatter,kalman_tcf,kalman,tcf,True,4,8.767976797679768,5.575092272767107,3.928571428571429,
3657874,5,catalog_clean_background,high_scatter,kalman_tcf,kalman,tcf,True,5,8.653165316531652,5.563646559553693,10.0,
3657874,5,catalog_clean_background,high_scatter,kalman_tcf,kalman,tcf,True,6,10.886388638863886,5.5061212862180255,8.785714285714285,
3657874,5,catalog_clean_background,high_scatter,kalman_tcf,kalman,tcf,True,7,11.204220422042203,5.491564374780627,10.0,
3657874,5,catalog_clean_background,high_scatter,kalman_tcf,kalman,tcf,True,8,11.513651365136514,5.483938131668142,10.0,
3657874,5,catalog_clean_background,high_scatter,kalman_tcf,kalman,tcf,True,9,13.767876787678768,5.455594794163597,10.0,
3657874,5,catalog_clean_background,high_scatter,kalman_tcf,kalman,tcf,True,10,7.477047704770477,5.427844469403662,2.7142857142857144,
3657874,5,catalog_clean_background,high_scatter,gp_bls,gp,bls,True,1,3.612661266126613,3.5973645096425613,10.05,
3657874,5,catalog_clean_background,high_scatter,gp_bls,gp,bls,True,2,3.649064906490649,2.6794638740826073,10.05,
3657874,5,catalog_clean_background,high_scatter,gp_bls,gp,bls,True,3,4.652965296529652,2.483591955851019,10.05,
3657874,5,catalog_clean_background,high_scatter,gp_bls,gp,bls,True,4,7.204020402040204,2.231342157998223,10.05,
3657874,5,catalog_clean_background,high_scatter,gp_bls,gp,bls,True,5,14.067506750675069,1.9790155143045085,10.05,
3657874,5,catalog_clean_background,high_scatter,gp_bls,gp,bls,True,6,4.603960396039604,1.9653669850929767,10.05,
3657874,5,catalog_clean_background,high_scatter,gp_bls,gp,bls,True,7,9.305630563056305,1.9621191883336424,10.05,
3657874,5,catalog_clean_background,high_scatter,gp_bls,gp,bls,True,8,4.706170617061706,1.9382865145364776,10.05,
3657874,5,catalog_clean_background,high_scatter,gp_bls,gp,bls,True,9,3.25002500250025,1.9105614727835332,10.05,
3657874,5,catalog_clean_background,high_scatter,gp_bls,gp,bls,True,10,10.796779677967796,1.7677274310013071,10.05,
3657874,5,catalog_clean_background,high_scatter,gp_tcf,gp,tcf,True,1,3.541254125412541,3.2401446827346403,10.0,
3657874,5,catalog_clean_background,high_scatter,gp_tcf,gp,tcf,True,2,7.124212421242124,3.1349599592631487,10.0,
3657874,5,catalog_clean_background,high_scatter,gp_tcf,gp,tcf,True,3,3.649064906490649,3.118472538257609,10.0,
3657874,5,catalog_clean_background,high_scatter,gp_tcf,gp,tcf,True,4,10.88078807880788,3.0840221464117263,10.0,
3657874,5,catalog_clean_background,high_scatter,gp_tcf,gp,tcf,True,5,3.6098609860986097,3.076376889122358,8.785714285714285,
3657874,5,catalog_clean_background,high_scatter,gp_tcf,gp,tcf,True,6,9.328032803280328,3.067501247778628,10.0,
3657874,5,catalog_clean_background,high_scatter,gp_tcf,gp,tcf,True,7,7.25022502250225,3.032235231931061,10.0,
3657874,5,catalog_clean_background,high_scatter,gp_tcf,gp,tcf,True,8,3.0834083408340835,2.94150889794672,10.0,
3657874,5,catalog_clean_background,high_scatter,gp_tcf,gp,tcf,True,9,4.683768376837683,2.932876300292681,10.0,
3657874,5,catalog_clean_background,high_scatter,gp_tcf,gp,tcf,True,10,5.164016401640164,2.802433055399977,10.0,
7031686,5,catalog_clean_background,high_scatter,raw_bls,raw,bls,True,1,10.043504350435043,3.351532121740119,10.05,
7031686,5,catalog_clean_background,high_scatter,raw_bls,raw,bls,True,2,9.941294129412942,3.093388420745281,10.05,
7031686,5,catalog_clean_background,high_scatter,raw_bls,raw,bls,True,3,10.145714571457145,2.959023178653475,10.05,
7031686,5,catalog_clean_background,high_scatter,raw_bls,raw,bls,True,4,9.837683768376838,2.697151154016087,10.05,
7031686,5,catalog_clean_background,high_scatter,raw_bls,raw,bls,True,5,10.247924792479248,2.352343129096227,10.05,
7031686,5,catalog_clean_background,high_scatter,raw_bls,raw,bls,True,6,9.738273827382738,1.9638787856114468,10.05,
7031686,5,catalog_clean_background,high_scatter,raw_bls,raw,bls,True,7,12.789178917891787,1.5743006510597384,10.05,
7031686,5,catalog_clean_background,high_scatter,raw_bls,raw,bls,True,8,14.892189218921892,1.4445412253771144,10.05,
7031686,5,catalog_clean_background,high_scatter,raw_bls,raw,bls,True,9,10.38933893389339,1.4209920904257871,10.05,
7031686,5,catalog_clean_background,high_scatter,raw_bls,raw,bls,True,10,12.657565756575655,1.383003560703998,10.05,
7031686,5,catalog_clean_background,high_scatter,raw_tcf,raw,tcf,True,1,10.123312331233125,0.609063728587266,10.0,
7031686,5,catalog_clean_background,high_scatter,raw_tcf,raw,tcf,True,2,11.006800680068007,0.5948699446507599,10.0,
7031686,5,catalog_clean_background,high_scatter,raw_tcf,raw,tcf,True,3,10.62876287628763,0.5891125322923942,10.0,
7031686,5,catalog_clean_background,high_scatter,raw_tcf,raw,tcf,True,4,10.431343134313432,0.5854116306842186,10.0,
7031686,5,catalog_clean_background,high_scatter,raw_tcf,raw,tcf,True,5,9.864286428642863,0.5771982136569672,8.785714285714285,
7031686,5,catalog_clean_background,high_scatter,raw_tcf,raw,tcf,True,6,12.244524452445244,0.5715053325219709,8.785714285714285,
7031686,5,catalog_clean_background,high_scatter,raw_tcf,raw,tcf,True,7,14.71017101710171,0.5280427689094164,2.7142857142857144,
7031686,5,catalog_clean_background,high_scatter,raw_tcf,raw,tcf,True,8,10.28992899289929,0.5270734766758362,8.785714285714285,
7031686,5,catalog_clean_background,high_scatter,raw_tcf,raw,tcf,True,9,12.101710171017102,0.5258487381084791,8.785714285714285,
7031686,5,catalog_clean_background,high_scatter,raw_tcf,raw,tcf,True,10,9.169816981698167,0.5213372897275159,7.571428571428571,
7031686,5,catalog_clean_background,high_scatter,arima_bls,arima,bls,True,1,12.04990499049905,3.107209078926667,1.5,
7031686,5,catalog_clean_background,high_scatter,arima_bls,arima,bls,True,2,12.488148814881487,3.1012828030228996,1.5,
7031686,5,catalog_clean_background,high_scatter,arima_bls,arima,bls,True,3,10.406140614061409,2.9625472318311785,1.5,
7031686,5,catalog_clean_background,high_scatter,arima_bls,arima,bls,True,4,14.743774377437743,2.876853504498724,1.5,
7031686,5,catalog_clean_background,high_scatter,arima_bls,arima,bls,True,5,13.905090509050904,2.649127670840601,1.5,
7031686,5,catalog_clean_background,high_scatter,arima_bls,arima,bls,True,6,9.979097909790978,2.5912195863184913,1.5,
7031686,5,catalog_clean_background,high_scatter,arima_bls,arima,bls,True,7,8.22052205220522,2.540593045658007,1.5,
7031686,5,catalog_clean_background,high_scatter,arima_bls,arima,bls,True,8,8.92059205920592,2.469820371370447,1.5,
7031686,5,catalog_clean_background,high_scatter,arima_bls,arima,bls,True,9,14.97059705970597,2.425454612104793,1.5,
7031686,5,catalog_clean_background,high_scatter,arima_bls,arima,bls,True,10,11.9014901490149,2.403849738225373,1.5,
7031686,5,catalog_clean_background,high_scatter,arima_tcf,arima,tcf,True,1,14.711571157115712,8.290577025718799,2.7142857142857144,
7031686,5,catalog_clean_background,high_scatter,arima_tcf,arima,tcf,True,2,10.938193819381938,6.982419000358492,1.5,
7031686,5,catalog_clean_background,high_scatter,arima_tcf,arima,tcf,True,3,11.734873487348734,6.7275840419244615,10.0,
7031686,5,catalog_clean_background,high_scatter,arima_tcf,arima,tcf,True,4,3.923492349234923,6.586277840516022,7.571428571428571,
7031686,5,catalog_clean_background,high_scatter,arima_tcf,arima,tcf,True,5,9.307030703070309,6.502717280580412,1.5,
7031686,5,catalog_clean_background,high_scatter,arima_tcf,arima,tcf,True,6,8.536953695369537,6.233286239215316,5.142857142857142,
7031686,5,catalog_clean_background,high_scatter,arima_tcf,arima,tcf,True,7,5.162616261626162,6.139640422913687,5.142857142857142,
7031686,5,catalog_clean_background,high_scatter,arima_tcf,arima,tcf,True,8,12.772377237723772,6.113736665235156,5.142857142857142,
7031686,5,catalog_clean_background,high_scatter,arima_tcf,arima,tcf,True,9,2.7375737573757375,5.98602005162253,1.5,
7031686,5,catalog_clean_background,high_scatter,arima_tcf,arima,tcf,True,10,9.823682368236824,5.980023303067882,7.571428571428571,
7031686,5,catalog_clean_background,high_scatter,kalman_bls,kalman,bls,True,1,9.979097909790978,4.577621380343047,1.5,
7031686,5,catalog_clean_background,high_scatter,kalman_bls,kalman,bls,True,2,12.047104710471046,4.329586049534327,1.5,
7031686,5,catalog_clean_background,high_scatter,kalman_bls,kalman,bls,True,3,10.403340334033404,4.180571130454296,2.7,
7031686,5,catalog_clean_background,high_scatter,kalman_bls,kalman,bls,True,4,7.232023202320232,3.9211561109881106,1.5,
7031686,5,catalog_clean_background,high_scatter,kalman_bls,kalman,bls,True,5,10.292729272927293,3.5454481508779883,1.5,
7031686,5,catalog_clean_background,high_scatter,kalman_bls,kalman,bls,True,6,9.622062206220622,3.4066559693207217,1.5,
7031686,5,catalog_clean_background,high_scatter,kalman_bls,kalman,bls,True,7,12.476947694769477,3.333762945052787,1.5,
7031686,5,catalog_clean_background,high_scatter,kalman_bls,kalman,bls,True,8,11.037603760376037,3.2596489858771345,1.5,
7031686,5,catalog_clean_background,high_scatter,kalman_bls,kalman,bls,True,9,14.465146514651464,3.2596436429172746,1.5,
7031686,5,catalog_clean_background,high_scatter,kalman_bls,kalman,bls,True,10,11.898689868986898,3.2440596639171613,1.5,
7031686,5,catalog_clean_background,high_scatter,kalman_tcf,kalman,tcf,True,1,14.712971297129712,8.097762918171124,2.7142857142857144,
7031686,5,catalog_clean_background,high_scatter,kalman_tcf,kalman,tcf,True,2,10.645564556455644,6.460349748430259,6.357142857142858,
7031686,5,catalog_clean_background,high_scatter,kalman_tcf,kalman,tcf,True,3,6.097909790979098,6.456374837896911,5.142857142857142,
7031686,5,catalog_clean_background,high_scatter,kalman_tcf,kalman,tcf,True,4,9.16001600160016,6.298880996465431,7.571428571428571,
7031686,5,catalog_clean_background,high_scatter,kalman_tcf,kalman,tcf,True,5,3.062406240624062,6.204019236256459,7.571428571428571,
7031686,5,catalog_clean_background,high_scatter,kalman_tcf,kalman,tcf,True,6,11.102010201020102,6.072150651169382,10.0,
7031686,5,catalog_clean_background,high_scatter,kalman_tcf,kalman,tcf,True,7,5.27042704270427,6.06621781424423,8.785714285714285,
7031686,5,catalog_clean_background,high_scatter,kalman_tcf,kalman,tcf,True,8,7.015001500150015,6.031809934713467,2.7142857142857144,
7031686,5,catalog_clean_background,high_scatter,kalman_tcf,kalman,tcf,True,9,9.388238823882388,6.004406596137743,7.571428571428571,
7031686,5,catalog_clean_background,high_scatter,kalman_tcf,kalman,tcf,True,10,8.536953695369537,5.926059294402175,5.142857142857142,
7031686,5,catalog_clean_background,high_scatter,gp_bls,gp,bls,True,1,4.046704670467046,3.736900772924827,10.05,
7031686,5,catalog_clean_background,high_scatter,gp_bls,gp,bls,True,2,4.004700470047005,3.609461777678437,10.05,
7031686,5,catalog_clean_background,high_scatter,gp_bls,gp,bls,True,3,2.005300530053005,3.488394194412431,10.05,
7031686,5,catalog_clean_background,high_scatter,gp_bls,gp,bls,True,4,6.008300830083008,3.163546288733401,10.05,
7031686,5,catalog_clean_background,high_scatter,gp_bls,gp,bls,True,5,12.002300230023002,3.1020630394333866,10.05,
7031686,5,catalog_clean_background,high_scatter,gp_bls,gp,bls,True,6,10.215721572157216,2.5884329471678553,10.05,
7031686,5,catalog_clean_background,high_scatter,gp_bls,gp,bls,True,7,12.318731873187318,2.53706292674528,10.05,
7031686,5,catalog_clean_background,high_scatter,gp_bls,gp,bls,True,8,7.988098809880988,2.3827478884337774,10.05,
7031686,5,catalog_clean_background,high_scatter,gp_bls,gp,bls,True,9,5.9438943894389435,2.212043101305664,10.05,
7031686,5,catalog_clean_background,high_scatter,gp_bls,gp,bls,True,10,5.8164816481648165,2.2052477064841858,10.05,
7031686,5,catalog_clean_background,high_scatter,gp_tcf,gp,tcf,True,1,12.101710171017102,5.546788739682954,10.0,
7031686,5,catalog_clean_background,high_scatter,gp_tcf,gp,tcf,True,2,14.714371437143717,5.367014709544416,2.7142857142857144,
7031686,5,catalog_clean_background,high_scatter,gp_tcf,gp,tcf,True,3,8.009100910091009,5.166421767766177,10.0,
7031686,5,catalog_clean_background,high_scatter,gp_tcf,gp,tcf,True,4,6.090909090909091,4.64895848836256,8.785714285714285,
7031686,5,catalog_clean_background,high_scatter,gp_tcf,gp,tcf,True,5,3.978097809780978,4.628374964356503,8.785714285714285,
7031686,5,catalog_clean_background,high_scatter,gp_tcf,gp,tcf,True,6,9.284628462846284,4.624304087945207,8.785714285714285,
7031686,5,catalog_clean_background,high_scatter,gp_tcf,gp,tcf,True,7,14.004500450045004,4.585599907607256,7.571428571428571,
7031686,5,catalog_clean_background,high_scatter,gp_tcf,gp,tcf,True,8,11.883288328832885,4.462916401009271,10.0,
7031686,5,catalog_clean_background,high_scatter,gp_tcf,gp,tcf,True,9,13.009000900090008,4.433119523861423,10.0,
7031686,5,catalog_clean_background,high_scatter,gp_tcf,gp,tcf,True,10,10.63996399639964,4.406734052009932,10.0,
7771970,5,catalog_clean_background,high_scatter,raw_bls,raw,bls,True,1,13.524252425242524,5.133598578095519,10.05,
7771970,5,catalog_clean_background,high_scatter,raw_bls,raw,bls,True,2,13.245624562456245,5.020271050656162,10.05,
7771970,5,catalog_clean_background,high_scatter,raw_bls,raw,bls,True,3,13.108410841084108,4.623761769552862,10.05,
7771970,5,catalog_clean_background,high_scatter,raw_bls,raw,bls,True,4,13.384238423842383,4.381366244291736,10.05,
7771970,5,catalog_clean_background,high_scatter,raw_bls,raw,bls,True,5,12.975397539753976,4.228855931312573,10.05,
7771970,5,catalog_clean_background,high_scatter,raw_bls,raw,bls,True,6,13.668466846684668,4.018759054876058,10.05,
7771970,5,catalog_clean_background,high_scatter,raw_bls,raw,bls,True,7,12.836783678367835,3.729844667496746,10.05,
7771970,5,catalog_clean_background,high_scatter,raw_bls,raw,bls,True,8,13.81128112811281,3.4788010321051432,10.05,
7771970,5,catalog_clean_background,high_scatter,raw_bls,raw,bls,True,9,12.707970797079708,3.034496008156377,10.05,
7771970,5,catalog_clean_background,high_scatter,raw_bls,raw,bls,True,10,13.955495549554955,2.9427326270569756,10.05,
7771970,5,catalog_clean_background,high_scatter,raw_tcf,raw,tcf,True,1,13.828082808280827,0.8966005345535761,10.0,
7771970,5,catalog_clean_background,high_scatter,raw_tcf,raw,tcf,True,2,12.8997899789979,0.8718234929794576,8.785714285714285,
7771970,5,catalog_clean_background,high_scatter,raw_tcf,raw,tcf,True,3,6.508150815081508,0.8249314477300765,10.0,
7771970,5,catalog_clean_background,high_scatter,raw_tcf,raw,tcf,True,4,6.692969296929693,0.8225171686766073,8.785714285714285,
7771970,5,catalog_clean_background,high_scatter,raw_tcf,raw,tcf,True,5,6.435343534353435,0.8214252719021606,10.0,
7771970,5,catalog_clean_background,high_scatter,raw_tcf,raw,tcf,True,6,13.289028902890289,0.8033881100773722,10.0,
7771970,5,catalog_clean_background,high_scatter,raw_tcf,raw,tcf,True,7,6.611761176117612,0.7854322592814765,10.0,
7771970,5,catalog_clean_background,high_scatter,raw_tcf,raw,tcf,True,8,13.137813781378137,0.7737787990998435,10.0,
7771970,5,catalog_clean_background,high_scatter,raw_tcf,raw,tcf,True,9,13.43044304430443,0.7549534715785112,10.0,
7771970,5,catalog_clean_background,high_scatter,raw_tcf,raw,tcf,True,10,13.595659565956597,0.7322287451949956,10.0,
7771970,5,catalog_clean_background,high_scatter,arima_bls,arima,bls,True,1,13.15181518151815,4.029347241158621,10.05,
7771970,5,catalog_clean_background,high_scatter,arima_bls,arima,bls,True,2,14.465146514651464,3.815246693646999,1.5,
7771970,5,catalog_clean_background,high_scatter,arima_bls,arima,bls,True,3,7.068206820682068,3.5407971916004732,1.5,
7771970,5,catalog_clean_background,high_scatter,arima_bls,arima,bls,True,4,14.252325232523251,3.52029388390138,1.5,
7771970,5,catalog_clean_background,high_scatter,arima_bls,arima,bls,True,5,6.564156415641564,3.4298672081065793,7.5,
7771970,5,catalog_clean_background,high_scatter,arima_bls,arima,bls,True,6,10.016901690169016,3.418893759325943,1.5,
7771970,5,catalog_clean_background,high_scatter,arima_bls,arima,bls,True,7,13.917691769176916,3.3716862651560935,1.5,
7771970,5,catalog_clean_background,high_scatter,arima_bls,arima,bls,True,8,12.174517451745174,3.316904421829245,1.5,
7771970,5,catalog_clean_background,high_scatter,arima_bls,arima,bls,True,9,6.4983498349834985,3.286083570511743,2.7,
7771970,5,catalog_clean_background,high_scatter,arima_bls,arima,bls,True,10,5.708670867086709,3.215057858348889,1.5,
7771970,5,catalog_clean_background,high_scatter,arima_tcf,arima,tcf,True,1,13.245624562456245,7.588287804910367,5.142857142857142,
7771970,5,catalog_clean_background,high_scatter,arima_tcf,arima,tcf,True,2,10.156915691569155,6.463718468272855,10.0,
7771970,5,catalog_clean_background,high_scatter,arima_tcf,arima,tcf,True,3,14.5015501550155,6.439591976011317,3.928571428571429,
7771970,5,catalog_clean_background,high_scatter,arima_tcf,arima,tcf,True,4,10.823382338233824,6.4190975138197715,2.7142857142857144,
7771970,5,catalog_clean_background,high_scatter,arima_tcf,arima,tcf,True,5,13.746874687468749,6.299464706643551,10.0,
7771970,5,catalog_clean_background,high_scatter,arima_tcf,arima,tcf,True,6,11.474447444744474,6.215740134091975,6.357142857142858,
7771970,5,catalog_clean_background,high_scatter,arima_tcf,arima,tcf,True,7,14.217321732173216,6.17304304018836,5.142857142857142,
7771970,5,catalog_clean_background,high_scatter,arima_tcf,arima,tcf,True,8,8.128112811281127,6.089228283312387,2.7142857142857144,
7771970,5,catalog_clean_background,high_scatter,arima_tcf,arima,tcf,True,9,12.738773877387738,6.0611021058693755,2.7142857142857144,
7771970,5,catalog_clean_background,high_scatter,arima_tcf,arima,tcf,True,10,5.445444544454445,6.0578419030398765,7.571428571428571,
7771970,5,catalog_clean_background,high_scatter,kalman_bls,kalman,bls,True,1,12.961396139613962,3.8692596544280695,1.5,
7771970,5,catalog_clean_background,high_scatter,kalman_bls,kalman,bls,True,2,13.287628762876288,3.3055730821445017,1.5,
7771970,5,catalog_clean_background,high_scatter,kalman_bls,kalman,bls,True,3,12.766776677667767,3.2878564464752653,1.5,
7771970,5,catalog_clean_background,high_scatter,kalman_bls,kalman,bls,True,4,14.876787678767876,3.028296349555695,1.5,
7771970,5,catalog_clean_background,high_scatter,kalman_bls,kalman,bls,True,5,8.115511551155116,2.8587394466481726,1.5,
7771970,5,catalog_clean_background,high_scatter,kalman_bls,kalman,bls,True,6,14.358735873587358,2.738939646604976,1.5,
7771970,5,catalog_clean_background,high_scatter,kalman_bls,kalman,bls,True,7,9.505850585058504,2.5963063675733262,1.5,
7771970,5,catalog_clean_background,high_scatter,kalman_bls,kalman,bls,True,8,12.22072207220722,2.5880562609596365,1.5,
7771970,5,catalog_clean_background,high_scatter,kalman_bls,kalman,bls,True,9,10.523752375237525,2.5445080537575633,1.5,
7771970,5,catalog_clean_background,high_scatter,kalman_bls,kalman,bls,True,10,10.677767776777678,2.543264224548858,1.5,
7771970,5,catalog_clean_background,high_scatter,kalman_tcf,kalman,tcf,True,1,13.245624562456245,7.48535321693108,5.142857142857142,
7771970,5,catalog_clean_background,high_scatter,kalman_tcf,kalman,tcf,True,2,13.746874687468749,6.629918816255773,10.0,
7771970,5,catalog_clean_background,high_scatter,kalman_tcf,kalman,tcf,True,3,14.463746374637465,6.517560745306626,8.785714285714285,
7771970,5,catalog_clean_background,high_scatter,kalman_tcf,kalman,tcf,True,4,1.77007700770077,6.494905629584378,1.5,
7771970,5,catalog_clean_background,high_scatter,kalman_tcf,kalman,tcf,True,5,14.217321732173216,6.385478189671406,5.142857142857142,
7771970,5,catalog_clean_background,high_scatter,kalman_tcf,kalman,tcf,True,6,11.28962896289629,6.374336313056273,1.5,
7771970,5,catalog_clean_background,high_scatter,kalman_tcf,kalman,tcf,True,7,5.92989298929893,6.25768087948437,2.7142857142857144,
7771970,5,catalog_clean_background,high_scatter,kalman_tcf,kalman,tcf,True,8,8.095909590959096,6.100500557794075,5.142857142857142,
7771970,5,catalog_clean_background,high_scatter,kalman_tcf,kalman,tcf,True,9,4.851785178517852,6.0664355906767,2.7142857142857144,
7771970,5,catalog_clean_background,high_scatter,kalman_tcf,kalman,tcf,True,10,5.445444544454445,5.978770901341473,7.571428571428571,
7771970,5,catalog_clean_background,high_scatter,gp_bls,gp,bls,True,1,13.27922792279228,5.410835032435379,10.05,
7771970,5,catalog_clean_background,high_scatter,gp_bls,gp,bls,True,2,13.035603560356035,4.480940358757784,10.05,
7771970,5,catalog_clean_background,high_scatter,gp_bls,gp,bls,True,3,4.427542754275427,3.666572886570416,10.05,
7771970,5,catalog_clean_background,high_scatter,gp_bls,gp,bls,True,4,6.513751375137514,3.097920353571151,10.05,
7771970,5,catalog_clean_background,high_scatter,gp_bls,gp,bls,True,5,10.53075307530753,2.812587944031313,10.05,
7771970,5,catalog_clean_background,high_scatter,gp_bls,gp,bls,True,6,8.832383238323832,2.8040514343513983,10.05,
7771970,5,catalog_clean_background,high_scatter,gp_bls,gp,bls,True,7,9.463846384638464,2.7930994176406663,10.05,
7771970,5,catalog_clean_background,high_scatter,gp_bls,gp,bls,True,8,4.472347234723472,2.72552396931246,10.05,
7771970,5,catalog_clean_background,high_scatter,gp_bls,gp,bls,True,9,3.537053705370537,2.4918197938629763,10.05,
7771970,5,catalog_clean_background,high_scatter,gp_bls,gp,bls,True,10,7.071007100710071,2.4660044504486556,8.850000000000001,
7771970,5,catalog_clean_background,high_scatter,gp_tcf,gp,tcf,True,1,13.394039403940392,4.78713162141729,10.0,
7771970,5,catalog_clean_background,high_scatter,gp_tcf,gp,tcf,True,2,10.536353635363536,4.720707139277147,8.785714285714285,
7771970,5,catalog_clean_background,high_scatter,gp_tcf,gp,tcf,True,3,11.335833583358337,4.712985882656169,6.357142857142858,
7771970,5,catalog_clean_background,high_scatter,gp_tcf,gp,tcf,True,4,14.537953795379538,4.524662504910465,8.785714285714285,
7771970,5,catalog_clean_background,high_scatter,gp_tcf,gp,tcf,True,5,10.93959395939594,4.522508187352175,8.785714285714285,
7771970,5,catalog_clean_background,high_scatter,gp_tcf,gp,tcf,True,6,9.608060806080609,4.494761776291598,10.0,
7771970,5,catalog_clean_background,high_scatter,gp_tcf,gp,tcf,True,7,13.132213221322132,4.468017618015982,8.785714285714285,
7771970,5,catalog_clean_background,high_scatter,gp_tcf,gp,tcf,True,8,8.037103710371037,4.442316922481947,2.7142857142857144,
7771970,5,catalog_clean_background,high_scatter,gp_tcf,gp,tcf,True,9,14.108110811081108,4.390968637286912,10.0,
7771970,5,catalog_clean_background,high_scatter,gp_tcf,gp,tcf,True,10,7.407040704070407,4.383831528146947,8.785714285714285,
9414701,5,catalog_clean_background,high_scatter,raw_bls,raw,bls,True,1,14.416141614161416,4.381992495908366,10.05,
9414701,5,catalog_clean_background,high_scatter,raw_bls,raw,bls,True,2,14.64016401640164,4.265594211532285,10.05,
9414701,5,catalog_clean_background,high_scatter,raw_bls,raw,bls,True,3,14.253725372537254,3.917361070961182,10.05,
9414701,5,catalog_clean_background,high_scatter,raw_bls,raw,bls,True,4,14.99019901990199,3.4066880861380837,10.05,
9414701,5,catalog_clean_background,high_scatter,raw_bls,raw,bls,True,5,14.110911091109111,3.3274462606261364,10.05,
9414701,5,catalog_clean_background,high_scatter,raw_bls,raw,bls,True,6,14.826382638263826,3.273765466980628,10.05,
9414701,5,catalog_clean_background,high_scatter,raw_bls,raw,bls,True,7,9.76067606760676,3.265955820268128,10.05,
9414701,5,catalog_clean_background,high_scatter,raw_bls,raw,bls,True,8,9.658465846584658,2.8921736072586404,10.05,
9414701,5,catalog_clean_background,high_scatter,raw_bls,raw,bls,True,9,13.966696669666966,2.5288810946139235,10.05,
9414701,5,catalog_clean_background,high_scatter,raw_bls,raw,bls,True,10,9.862886288628864,2.4432542203438783,10.05,
9414701,5,catalog_clean_background,high_scatter,raw_tcf,raw,tcf,True,1,13.73147314731473,0.8140195637602526,3.928571428571429,
9414701,5,catalog_clean_background,high_scatter,raw_tcf,raw,tcf,True,2,14.824982498249824,0.806402301158126,10.0,
9414701,5,catalog_clean_background,high_scatter,raw_tcf,raw,tcf,True,3,10.114911491149115,0.7631500968058753,10.0,
9414701,5,catalog_clean_background,high_scatter,raw_tcf,raw,tcf,True,4,14.08990899089909,0.7596455275973494,7.571428571428571,
9414701,5,catalog_clean_background,high_scatter,raw_tcf,raw,tcf,True,5,12.845184518451845,0.7344706296149062,8.785714285714285,
9414701,5,catalog_clean_background,high_scatter,raw_tcf,raw,tcf,True,6,9.11101110111011,0.7309915164542573,8.785714285714285,
9414701,5,catalog_clean_background,high_scatter,raw_tcf,raw,tcf,True,7,14.642964296429644,0.730961117814365,10.0,
9414701,5,catalog_clean_background,high_scatter,raw_tcf,raw,tcf,True,8,9.697669766976697,0.7243591625632011,10.0,
9414701,5,catalog_clean_background,high_scatter,raw_tcf,raw,tcf,True,9,14.437143714371436,0.7128988304143866,6.357142857142858,
9414701,5,catalog_clean_background,high_scatter,raw_tcf,raw,tcf,True,10,7.541454145414542,0.7058271747482089,10.0,
9414701,5,catalog_clean_background,high_scatter,arima_bls,arima,bls,True,1,10.217121712171217,4.963674408783886,1.5,
9414701,5,catalog_clean_background,high_scatter,arima_bls,arima,bls,True,2,14.392339233923392,3.425036809786394,1.5,
9414701,5,catalog_clean_background,high_scatter,arima_bls,arima,bls,True,3,13.898089808980895,2.9243977455519627,1.5,
9414701,5,catalog_clean_background,high_scatter,arima_bls,arima,bls,True,4,6.8119811981198115,2.7582010489025017,1.5,
9414701,5,catalog_clean_background,high_scatter,arima_bls,arima,bls,True,5,11.615861586158616,2.749942486786511,1.5,
9414701,5,catalog_clean_background,high_scatter,arima_bls,arima,bls,True,6,12.257125712571256,2.6698991171300204,1.5,
9414701,5,catalog_clean_background,high_scatter,arima_bls,arima,bls,True,7,14.088508850885088,2.667702597362641,1.5,
9414701,5,catalog_clean_background,high_scatter,arima_bls,arima,bls,True,8,9.944094409440943,2.659241546153471,1.5,
9414701,5,catalog_clean_background,high_scatter,arima_bls,arima,bls,True,9,11.835683568356837,2.6586152040169124,1.5,
9414701,5,catalog_clean_background,high_scatter,arima_bls,arima,bls,True,10,9.592659265926592,2.641095236901481,1.5,
9414701,5,catalog_clean_background,high_scatter,arima_tcf,arima,tcf,True,1,10.168116811681168,7.195505289445947,7.571428571428571,
9414701,5,catalog_clean_background,high_scatter,arima_tcf,arima,tcf,True,2,13.636263626362636,6.804092942626894,8.785714285714285,
9414701,5,catalog_clean_background,high_scatter,arima_tcf,arima,tcf,True,3,10.021102110211022,6.722628720990002,10.0,
9414701,5,catalog_clean_background,high_scatter,arima_tcf,arima,tcf,True,4,13.99189918991899,6.437231925152202,5.142857142857142,
9414701,5,catalog_clean_background,high_scatter,arima_tcf,arima,tcf,True,5,9.61926192619262,6.345054250388984,2.7142857142857144,
9414701,5,catalog_clean_background,high_scatter,arima_tcf,arima,tcf,True,6,7.218021802180218,6.329801340233833,10.0,
9414701,5,catalog_clean_background,high_scatter,arima_tcf,arima,tcf,True,7,11.384838483848384,6.329128920362317,6.357142857142858,
9414701,5,catalog_clean_background,high_scatter,arima_tcf,arima,tcf,True,8,6.48994899489949,6.306836994303691,10.0,
9414701,5,catalog_clean_background,high_scatter,arima_tcf,arima,tcf,True,9,12.516151615161515,6.174956854468974,6.357142857142858,
9414701,5,catalog_clean_background,high_scatter,arima_tcf,arima,tcf,True,10,5.477647764776478,6.095718078600465,1.5,
9414701,5,catalog_clean_background,high_scatter,kalman_bls,kalman,bls,True,1,9.605260526052604,5.397419118477363,1.5,
9414701,5,catalog_clean_background,high_scatter,kalman_bls,kalman,bls,True,2,10.21992199219922,4.638175156064536,1.5,
9414701,5,catalog_clean_background,high_scatter,kalman_bls,kalman,bls,True,3,13.447244724472448,3.838680160583977,1.5,
9414701,5,catalog_clean_background,high_scatter,kalman_bls,kalman,bls,True,4,8.399739973997399,3.613854511931346,1.5,
9414701,5,catalog_clean_background,high_scatter,kalman_bls,kalman,bls,True,5,14.082908290829083,3.4921430173491155,1.5,
9414701,5,catalog_clean_background,high_scatter,kalman_bls,kalman,bls,True,6,11.2000200020002,3.478766018974191,1.5,
9414701,5,catalog_clean_background,high_scatter,kalman_bls,kalman,bls,True,7,13.907890789078907,3.4557401655041167,1.5,
9414701,5,catalog_clean_background,high_scatter,kalman_bls,kalman,bls,True,8,4.798579857985798,2.994072021268886,2.7,
9414701,5,catalog_clean_background,high_scatter,kalman_bls,kalman,bls,True,9,14.976197619761976,2.9787958833329533,2.7,
9414701,5,catalog_clean_background,high_scatter,kalman_bls,kalman,bls,True,10,10.015501550155015,2.9591673596491,2.7,
9414701,5,catalog_clean_background,high_scatter,kalman_tcf,kalman,tcf,True,1,13.728672867286727,7.346394988375306,3.928571428571429,
9414701,5,catalog_clean_background,high_scatter,kalman_tcf,kalman,tcf,True,2,10.137313731373135,6.967694834825538,3.928571428571429,
9414701,5,catalog_clean_background,high_scatter,kalman_tcf,kalman,tcf,True,3,5.004400440044004,6.6470834815219915,6.357142857142858,
9414701,5,catalog_clean_background,high_scatter,kalman_tcf,kalman,tcf,True,4,11.387638763876389,6.618382220346027,8.785714285714285,
9414701,5,catalog_clean_background,high_scatter,kalman_tcf,kalman,tcf,True,5,12.010701070107013,6.541879136751784,5.142857142857142,
9414701,5,catalog_clean_background,high_scatter,kalman_tcf,kalman,tcf,True,6,9.566056605660568,6.298133278661887,10.0,
9414701,5,catalog_clean_background,high_scatter,kalman_tcf,kalman,tcf,True,7,12.192719271927192,6.240900253754544,7.571428571428571,
9414701,5,catalog_clean_background,high_scatter,kalman_tcf,kalman,tcf,True,8,11.005400540054003,6.158258993885321,1.5,
9414701,5,catalog_clean_background,high_scatter,kalman_tcf,kalman,tcf,True,9,9.452645264526453,6.1410880976085185,5.142857142857142,
9414701,5,catalog_clean_background,high_scatter,kalman_tcf,kalman,tcf,True,10,2.736173617361736,6.086478405978907,8.785714285714285,
9414701,5,catalog_clean_background,high_scatter,gp_bls,gp,bls,True,1,6.331733173317332,4.148854382094649,10.05,
9414701,5,catalog_clean_background,high_scatter,gp_bls,gp,bls,True,2,6.408740874087409,2.9140289487731925,10.05,
9414701,5,catalog_clean_background,high_scatter,gp_bls,gp,bls,True,3,12.622562256225622,2.808466469655398,10.05,
9414701,5,catalog_clean_background,high_scatter,gp_bls,gp,bls,True,4,6.264526452645264,2.5418597060820822,10.05,
9414701,5,catalog_clean_background,high_scatter,gp_bls,gp,bls,True,5,12.457345734573456,2.371579897210643,10.05,
9414701,5,catalog_clean_background,high_scatter,gp_bls,gp,bls,True,6,7.512051205120512,2.3177818611238292,10.05,
9414701,5,catalog_clean_background,high_scatter,gp_bls,gp,bls,True,7,12.76117611761176,1.9546083406976509,10.05,
9414701,5,catalog_clean_background,high_scatter,gp_bls,gp,bls,True,8,9.966496649664968,1.94393547523378,10.05,
9414701,5,catalog_clean_background,high_scatter,gp_bls,gp,bls,True,9,6.4843484348434846,1.9310973247323209,10.05,
9414701,5,catalog_clean_background,high_scatter,gp_bls,gp,bls,True,10,5.781478147814782,1.9243106622252584,10.05,
9414701,5,catalog_clean_background,high_scatter,gp_tcf,gp,tcf,True,1,13.728672867286727,8.129007139989305,3.928571428571429,
9414701,5,catalog_clean_background,high_scatter,gp_tcf,gp,tcf,True,2,14.007300730073007,5.61892650961757,6.357142857142858,
9414701,5,catalog_clean_background,high_scatter,gp_tcf,gp,tcf,True,3,8.702170217021703,5.552289342855411,5.142857142857142,
9414701,5,catalog_clean_background,high_scatter,gp_tcf,gp,tcf,True,4,1.896089608960896,5.5199260323658965,7.571428571428571,
9414701,5,catalog_clean_background,high_scatter,gp_tcf,gp,tcf,True,5,11.004000400040004,5.516857146448524,1.5,
9414701,5,catalog_clean_background,high_scatter,gp_tcf,gp,tcf,True,6,4.154515451545155,5.507645766363376,3.928571428571429,
9414701,5,catalog_clean_background,high_scatter,gp_tcf,gp,tcf,True,7,12.079307930793078,5.497430400144311,8.785714285714285,
9414701,5,catalog_clean_background,high_scatter,gp_tcf,gp,tcf,True,8,9.6990699069907,5.454934454891435,2.7142857142857144,
9414701,5,catalog_clean_background,high_scatter,gp_tcf,gp,tcf,True,9,9.458245824582455,5.4355884141736155,5.142857142857142,
9414701,5,catalog_clean_background,high_scatter,gp_tcf,gp,tcf,True,10,10.088308830883088,5.433150598856074,10.0,
9603403,5,catalog_clean_background,high_scatter,raw_bls,raw,bls,True,1,6.596359635963596,2.6851915575007004,10.05,
9603403,5,catalog_clean_background,high_scatter,raw_bls,raw,bls,True,2,7.433643364336434,2.447161283807892,10.05,
9603403,5,catalog_clean_background,high_scatter,raw_bls,raw,bls,True,3,14.78157815781578,2.3449794785055262,10.05,
9603403,5,catalog_clean_background,high_scatter,raw_bls,raw,bls,True,4,6.669166916691669,2.244549024093592,10.05,
9603403,5,catalog_clean_background,high_scatter,raw_bls,raw,bls,True,5,14.92999299929993,2.1686457704717617,10.05,
9603403,5,catalog_clean_background,high_scatter,raw_bls,raw,bls,True,6,13.24982498249825,2.075073650133576,10.05,
9603403,5,catalog_clean_background,high_scatter,raw_bls,raw,bls,True,7,7.514851485148514,1.9482514651100509,10.05,
9603403,5,catalog_clean_background,high_scatter,raw_bls,raw,bls,True,8,7.352435243524352,1.946694725475844,10.05,
9603403,5,catalog_clean_background,high_scatter,raw_bls,raw,bls,True,9,3.292029202920292,1.8428081505309917,10.05,
9603403,5,catalog_clean_background,high_scatter,raw_bls,raw,bls,True,10,13.111211121112111,1.7484279140650594,10.05,
9603403,5,catalog_clean_background,high_scatter,raw_tcf,raw,tcf,True,1,3.257025702570257,0.7586392050908226,10.0,
9603403,5,catalog_clean_background,high_scatter,raw_tcf,raw,tcf,True,2,3.2136213621362137,0.6511725479670434,10.0,
9603403,5,catalog_clean_background,high_scatter,raw_tcf,raw,tcf,True,3,10.343134313431342,0.6472162705795854,10.0,
9603403,5,catalog_clean_background,high_scatter,raw_tcf,raw,tcf,True,4,6.911391139113912,0.6468344947350552,10.0,
9603403,5,catalog_clean_background,high_scatter,raw_tcf,raw,tcf,True,5,6.524952495249525,0.6340233126916727,10.0,
9603403,5,catalog_clean_background,high_scatter,raw_tcf,raw,tcf,True,6,9.734073407340734,0.6169821771815907,10.0,
9603403,5,catalog_clean_background,high_scatter,raw_tcf,raw,tcf,True,7,10.463546354635463,0.6087153026912756,10.0,
9603403,5,catalog_clean_background,high_scatter,raw_tcf,raw,tcf,True,8,10.1009100910091,0.6027613975298568,10.0,
9603403,5,catalog_clean_background,high_scatter,raw_tcf,raw,tcf,True,9,6.3919391939193915,0.5984985557089709,10.0,
9603403,5,catalog_clean_background,high_scatter,raw_tcf,raw,tcf,True,10,14.64016401640164,0.5910316051717047,10.0,
9603403,5,catalog_clean_background,high_scatter,arima_bls,arima,bls,True,1,14.08010801080108,2.126006064457604,1.5,
9603403,5,catalog_clean_background,high_scatter,arima_bls,arima,bls,True,2,14.31113111311131,1.5694417322038616,1.5,
9603403,5,catalog_clean_background,high_scatter,arima_bls,arima,bls,True,3,14.46094609460946,1.5063526718325118,1.5,
9603403,5,catalog_clean_background,high_scatter,arima_bls,arima,bls,True,4,13.84208420842084,1.4954671564193465,1.5,
9603403,5,catalog_clean_background,high_scatter,arima_bls,arima,bls,True,5,14.949594959495949,1.4818834978940068,1.5,
9603403,5,catalog_clean_background,high_scatter,arima_bls,arima,bls,True,6,14.78017801780178,1.4356586707952164,1.5,
9603403,5,catalog_clean_background,high_scatter,arima_bls,arima,bls,True,7,14.627562756275628,1.3886844289311149,1.5,
9603403,5,catalog_clean_background,high_scatter,arima_bls,arima,bls,True,8,12.292129212921292,1.2619873315297547,1.5,
9603403,5,catalog_clean_background,high_scatter,arima_bls,arima,bls,True,9,13.03980398039804,1.257993579550369,1.5,
9603403,5,catalog_clean_background,high_scatter,arima_bls,arima,bls,True,10,13.676867686768675,1.215990285891961,1.5,
9603403,5,catalog_clean_background,high_scatter,arima_tcf,arima,tcf,True,1,7.981098109810981,6.67522855557037,2.7142857142857144,
9603403,5,catalog_clean_background,high_scatter,arima_tcf,arima,tcf,True,2,7.173217321732173,6.418240220928705,10.0,
9603403,5,catalog_clean_background,high_scatter,arima_tcf,arima,tcf,True,3,12.86058605860586,6.3740332107731,10.0,
9603403,5,catalog_clean_background,high_scatter,arima_tcf,arima,tcf,True,4,6.5949594959495945,6.24759905147652,8.785714285714285,
9603403,5,catalog_clean_background,high_scatter,arima_tcf,arima,tcf,True,5,9.645864586458648,6.232291810502394,1.5,
9603403,5,catalog_clean_background,high_scatter,arima_tcf,arima,tcf,True,6,4.92039203920392,6.210356782050065,3.928571428571429,
9603403,5,catalog_clean_background,high_scatter,arima_tcf,arima,tcf,True,7,3.3004300430043005,6.1921859397369525,1.5,
9603403,5,catalog_clean_background,high_scatter,arima_tcf,arima,tcf,True,8,8.671367136713672,6.169960700841195,8.785714285714285,
9603403,5,catalog_clean_background,high_scatter,arima_tcf,arima,tcf,True,9,14.393739373937391,6.141004673957145,8.785714285714285,
9603403,5,catalog_clean_background,high_scatter,arima_tcf,arima,tcf,True,10,10.588158815881588,6.061917646610636,1.5,
9603403,5,catalog_clean_background,high_scatter,kalman_bls,kalman,bls,True,1,13.836483648364837,2.2886429261925176,1.5,
9603403,5,catalog_clean_background,high_scatter,kalman_bls,kalman,bls,True,2,14.31113111311131,2.118925883760205,1.5,
9603403,5,catalog_clean_background,high_scatter,kalman_bls,kalman,bls,True,3,14.024102410241024,2.0385238432454384,1.5,
9603403,5,catalog_clean_background,high_scatter,kalman_bls,kalman,bls,True,4,14.498749874987498,1.9750068672723005,1.5,
9603403,5,catalog_clean_background,high_scatter,kalman_bls,kalman,bls,True,5,14.942594259425942,1.8879689549503276,1.5,
9603403,5,catalog_clean_background,high_scatter,kalman_bls,kalman,bls,True,6,14.66116611661166,1.8242215504698425,1.5,
9603403,5,catalog_clean_background,high_scatter,kalman_bls,kalman,bls,True,7,13.674067406740674,1.6013960069360056,1.5,
9603403,5,catalog_clean_background,high_scatter,kalman_bls,kalman,bls,True,8,12.38033803380338,1.594019764167492,1.5,
9603403,5,catalog_clean_background,high_scatter,kalman_bls,kalman,bls,True,9,13.041204120412042,1.5883338321940834,1.5,
9603403,5,catalog_clean_background,high_scatter,kalman_bls,kalman,bls,True,10,13.45844584458446,1.575784988082482,1.5,
9603403,5,catalog_clean_background,high_scatter,kalman_tcf,kalman,tcf,True,1,8.018901890189019,8.87505201488583,7.571428571428571,
9603403,5,catalog_clean_background,high_scatter,kalman_tcf,kalman,tcf,True,2,14.969196919691967,6.059073815575412,10.0,
9603403,5,catalog_clean_background,high_scatter,kalman_tcf,kalman,tcf,True,3,4.963796379637964,5.986942613976288,10.0,
9603403,5,catalog_clean_background,high_scatter,kalman_tcf,kalman,tcf,True,4,13.625062506250623,5.975982141978428,8.785714285714285,
9603403,5,catalog_clean_background,high_scatter,kalman_tcf,kalman,tcf,True,5,6.529152915291529,5.836565885258037,10.0,
9603403,5,catalog_clean_background,high_scatter,kalman_tcf,kalman,tcf,True,6,10.01970197019702,5.741279498796898,6.357142857142858,
9603403,5,catalog_clean_background,high_scatter,kalman_tcf,kalman,tcf,True,7,7.013601360136014,5.7312293807734145,6.357142857142858,
9603403,5,catalog_clean_background,high_scatter,kalman_tcf,kalman,tcf,True,8,10.515351535153515,5.726049706487159,3.928571428571429,
9603403,5,catalog_clean_background,high_scatter,kalman_tcf,kalman,tcf,True,9,9.295829582958296,5.682356526827463,5.142857142857142,
9603403,5,catalog_clean_background,high_scatter,kalman_tcf,kalman,tcf,True,10,13.367436743674368,5.648477119446544,10.0,
9603403,5,catalog_clean_background,high_scatter,gp_bls,gp,bls,True,1,3.2486248624862486,8.86826155534121,10.05,
9603403,5,catalog_clean_background,high_scatter,gp_bls,gp,bls,True,2,3.2822282228222823,6.669999553278949,10.05,
9603403,5,catalog_clean_background,high_scatter,gp_bls,gp,bls,True,3,6.499749974997499,6.4746977809510335,10.05,
9603403,5,catalog_clean_background,high_scatter,gp_bls,gp,bls,True,4,6.580958095809581,5.237644188544249,10.05,
9603403,5,catalog_clean_background,high_scatter,gp_bls,gp,bls,True,5,3.446044604460446,4.725106741470424,10.05,
9603403,5,catalog_clean_background,high_scatter,gp_bls,gp,bls,True,6,6.41014101410141,4.458891398449949,10.05,
9603403,5,catalog_clean_background,high_scatter,gp_bls,gp,bls,True,7,9.725672567256725,4.23588655106757,10.05,
9603403,5,catalog_clean_background,high_scatter,gp_bls,gp,bls,True,8,12.996399639963997,4.09069258525695,10.05,
9603403,5,catalog_clean_background,high_scatter,gp_bls,gp,bls,True,9,6.653765376537653,4.008039913764808,10.05,
9603403,5,catalog_clean_background,high_scatter,gp_bls,gp,bls,True,10,13.221822182218222,3.97851679231266,10.05,
9603403,5,catalog_clean_background,high_scatter,gp_tcf,gp,tcf,True,1,3.247224722472247,3.9703935603395575,10.0,
9603403,5,catalog_clean_background,high_scatter,gp_tcf,gp,tcf,True,2,3.1912191219121913,3.6378301968757256,10.0,
9603403,5,catalog_clean_background,high_scatter,gp_tcf,gp,tcf,True,3,6.48014801480148,3.549908703525053,10.0,
9603403,5,catalog_clean_background,high_scatter,gp_tcf,gp,tcf,True,4,3.2836283628362835,3.23385043151798,10.0,
9603403,5,catalog_clean_background,high_scatter,gp_tcf,gp,tcf,True,5,3.439043904390439,3.170641003884559,10.0,
9603403,5,catalog_clean_background,high_scatter,gp_tcf,gp,tcf,True,6,6.552955295529553,3.146562460090547,10.0,
9603403,5,catalog_clean_background,high_scatter,gp_tcf,gp,tcf,True,7,12.873187318731873,3.137389412612621,10.0,
9603403,5,catalog_clean_background,high_scatter,gp_tcf,gp,tcf,True,8,13.34083408340834,3.0939244544342097,10.0,
9603403,5,catalog_clean_background,high_scatter,gp_tcf,gp,tcf,True,9,6.382138213821382,3.0599505777581717,10.0,
9603403,5,catalog_clean_background,high_scatter,gp_tcf,gp,tcf,True,10,10.14991499149915,2.9834805667449555,10.0,
9451256,5,catalog_clean_background,high_scatter,raw_bls,raw,bls,True,1,12.31173117311731,7.216662346654964,10.05,
9451256,5,catalog_clean_background,high_scatter,raw_bls,raw,bls,True,2,12.066706670667068,6.841855733112274,10.05,
9451256,5,catalog_clean_background,high_scatter,raw_bls,raw,bls,True,3,12.455945594559456,6.428095440806146,10.05,
9451256,5,catalog_clean_background,high_scatter,raw_bls,raw,bls,True,4,12.188518851885188,6.389899955195222,10.05,
9451256,5,catalog_clean_background,high_scatter,raw_bls,raw,bls,True,5,11.881888188818882,6.085883425647934,10.05,
9451256,5,catalog_clean_background,high_scatter,raw_bls,raw,bls,True,6,12.597359735973598,5.697594209828242,10.05,
9451256,5,catalog_clean_background,high_scatter,raw_bls,raw,bls,True,7,11.76007600760076,5.6309246375214315,10.05,
9451256,5,catalog_clean_background,high_scatter,raw_bls,raw,bls,True,8,11.636863686368637,5.355697704071644,10.05,
9451256,5,catalog_clean_background,high_scatter,raw_bls,raw,bls,True,9,11.515051505150517,4.976322150727373,10.05,
9451256,5,catalog_clean_background,high_scatter,raw_bls,raw,bls,True,10,12.74017401740174,4.629789377055848,10.05,
9451256,5,catalog_clean_background,high_scatter,raw_tcf,raw,tcf,True,1,12.20952095209521,0.5535545390004732,8.785714285714285,
9451256,5,catalog_clean_background,high_scatter,raw_tcf,raw,tcf,True,2,11.83988398839884,0.5241219424929454,8.785714285714285,
9451256,5,catalog_clean_background,high_scatter,raw_tcf,raw,tcf,True,3,12.04010401040104,0.4869830621042689,10.0,
9451256,5,catalog_clean_background,high_scatter,raw_tcf,raw,tcf,True,4,11.702670267026702,0.4695695644920831,10.0,
9451256,5,catalog_clean_background,high_scatter,raw_tcf,raw,tcf,True,5,12.454545454545457,0.4431924419444837,8.785714285714285,
9451256,5,catalog_clean_background,high_scatter,raw_tcf,raw,tcf,True,6,11.418441844184418,0.4258195037211512,10.0,
9451256,5,catalog_clean_background,high_scatter,raw_tcf,raw,tcf,True,7,12.717771777177717,0.4243188063337873,10.0,
9451256,5,catalog_clean_background,high_scatter,raw_tcf,raw,tcf,True,8,11.555655565556556,0.418910887820659,10.0,
9451256,5,catalog_clean_background,high_scatter,raw_tcf,raw,tcf,True,9,12.58195819581958,0.3770535985293188,10.0,
9451256,5,catalog_clean_background,high_scatter,raw_tcf,raw,tcf,True,10,8.08050805080508,0.3722739150392206,10.0,
9451256,5,catalog_clean_background,high_scatter,arima_bls,arima,bls,True,1,12.693969396939696,3.574214280015263,1.5,
9451256,5,catalog_clean_background,high_scatter,arima_bls,arima,bls,True,2,12.203920392039205,3.203798587229001,1.5,
9451256,5,catalog_clean_background,high_scatter,arima_bls,arima,bls,True,3,12.45034503450345,3.1349780626610784,1.5,
9451256,5,catalog_clean_background,high_scatter,arima_bls,arima,bls,True,4,14.109510951095109,2.9295343535073712,1.5,
9451256,5,catalog_clean_background,high_scatter,arima_bls,arima,bls,True,5,11.904290429042904,2.892711298749538,1.5,
9451256,5,catalog_clean_background,high_scatter,arima_bls,arima,bls,True,6,13.396839683968397,2.875898773977328,1.5,
9451256,5,catalog_clean_background,high_scatter,arima_bls,arima,bls,True,7,13.107010701070108,2.8123435307116846,1.5,
9451256,5,catalog_clean_background,high_scatter,arima_bls,arima,bls,True,8,13.913491349134912,2.516617073605186,1.5,
9451256,5,catalog_clean_background,high_scatter,arima_bls,arima,bls,True,9,11.77967796779678,2.430455537372187,1.5,
9451256,5,catalog_clean_background,high_scatter,arima_bls,arima,bls,True,10,7.5246524652465245,2.3031111445766057,1.5,
9451256,5,catalog_clean_background,high_scatter,arima_tcf,arima,tcf,True,1,7.745874587458745,7.045796838331556,3.928571428571429,
9451256,5,catalog_clean_background,high_scatter,arima_tcf,arima,tcf,True,2,14.49174917491749,6.669362980622672,3.928571428571429,
9451256,5,catalog_clean_background,high_scatter,arima_tcf,arima,tcf,True,3,8.618161816181619,6.4126144029617995,2.7142857142857144,
9451256,5,catalog_clean_background,high_scatter,arima_tcf,arima,tcf,True,4,13.146214621462146,6.405004299520715,8.785714285714285,
9451256,5,catalog_clean_background,high_scatter,arima_tcf,arima,tcf,True,5,9.847484748474848,6.343898469940907,7.571428571428571,
9451256,5,catalog_clean_background,high_scatter,arima_tcf,arima,tcf,True,6,3.7498749874987496,6.240515633563968,6.357142857142858,
9451256,5,catalog_clean_background,high_scatter,arima_tcf,arima,tcf,True,7,5.85988598859886,6.239186793793669,8.785714285714285,
9451256,5,catalog_clean_background,high_scatter,arima_tcf,arima,tcf,True,8,13.315631563156316,6.232879599297503,1.5,
9451256,5,catalog_clean_background,high_scatter,arima_tcf,arima,tcf,True,9,3.0792079207920793,6.1850736969030535,5.142857142857142,
9451256,5,catalog_clean_background,high_scatter,arima_tcf,arima,tcf,True,10,10.001500150015,6.155678584214256,10.0,
9451256,5,catalog_clean_background,high_scatter,kalman_bls,kalman,bls,True,1,12.692569256925692,3.381335789254156,1.5,
9451256,5,catalog_clean_background,high_scatter,kalman_bls,kalman,bls,True,2,11.904290429042904,3.309544076413774,1.5,
9451256,5,catalog_clean_background,high_scatter,kalman_bls,kalman,bls,True,3,12.44054405440544,3.28098009042601,1.5,
9451256,5,catalog_clean_background,high_scatter,kalman_bls,kalman,bls,True,4,12.212321232123212,3.2152995054282836,1.5,
9451256,5,catalog_clean_background,high_scatter,kalman_bls,kalman,bls,True,5,13.396839683968397,3.12976931789292,1.5,
9451256,5,catalog_clean_background,high_scatter,kalman_bls,kalman,bls,True,6,7.5246524652465245,2.9128474479895545,1.5,
9451256,5,catalog_clean_background,high_scatter,kalman_bls,kalman,bls,True,7,14.110911091109111,2.869953704350698,1.5,
9451256,5,catalog_clean_background,high_scatter,kalman_bls,kalman,bls,True,8,13.107010701070108,2.6881894332123824,1.5,
9451256,5,catalog_clean_background,high_scatter,kalman_bls,kalman,bls,True,9,11.776877687768776,2.45730449092969,1.5,
9451256,5,catalog_clean_background,high_scatter,kalman_bls,kalman,bls,True,10,12.072307230723071,2.3841788728178837,1.5,
9451256,5,catalog_clean_background,high_scatter,kalman_tcf,kalman,tcf,True,1,7.744474447444745,6.067588928716946,3.928571428571429,
9451256,5,catalog_clean_background,high_scatter,kalman_tcf,kalman,tcf,True,2,10.56015601560156,5.9487180426662025,2.7142857142857144,
9451256,5,catalog_clean_background,high_scatter,kalman_tcf,kalman,tcf,True,3,12.685568556855683,5.871063917952405,6.357142857142858,
9451256,5,catalog_clean_background,high_scatter,kalman_tcf,kalman,tcf,True,4,13.644664466446644,5.844599231663124,1.5,
9451256,5,catalog_clean_background,high_scatter,kalman_tcf,kalman,tcf,True,5,14.49174917491749,5.799366928059584,3.928571428571429,
9451256,5,catalog_clean_background,high_scatter,kalman_tcf,kalman,tcf,True,6,7.498049804980498,5.775427212565157,1.5,
9451256,5,catalog_clean_background,high_scatter,kalman_tcf,kalman,tcf,True,7,10.124712471247124,5.771373673985119,7.571428571428571,
9451256,5,catalog_clean_background,high_scatter,kalman_tcf,kalman,tcf,True,8,11.314831483148314,5.756156886236645,6.357142857142858,
9451256,5,catalog_clean_background,high_scatter,kalman_tcf,kalman,tcf,True,9,9.605260526052604,5.723014936926443,5.142857142857142,
9451256,5,catalog_clean_background,high_scatter,kalman_tcf,kalman,tcf,True,10,3.776477647764776,5.681810273421119,5.142857142857142,
9451256,5,catalog_clean_background,high_scatter,gp_bls,gp,bls,True,1,7.356635663566356,7.406519866797937,10.05,
9451256,5,catalog_clean_background,high_scatter,gp_bls,gp,bls,True,2,7.274027402740274,7.101473354709808,10.05,
9451256,5,catalog_clean_background,high_scatter,gp_bls,gp,bls,True,3,7.432243224322432,6.6263330489632,10.05,
9451256,5,catalog_clean_background,high_scatter,gp_bls,gp,bls,True,4,7.176017601760176,6.4004361880235505,10.05,
9451256,5,catalog_clean_background,high_scatter,gp_bls,gp,bls,True,5,7.513451345134513,5.80021506037334,10.05,
9451256,5,catalog_clean_background,high_scatter,gp_bls,gp,bls,True,6,14.655565556555656,4.778759291058976,10.05,
9451256,5,catalog_clean_background,high_scatter,gp_bls,gp,bls,True,7,14.483348334833485,4.634731846062753,10.05,
9451256,5,catalog_clean_background,high_scatter,gp_bls,gp,bls,True,8,7.601660166016601,4.522243497376105,10.05,
9451256,5,catalog_clean_background,high_scatter,gp_bls,gp,bls,True,9,14.812381238123812,4.391188392561021,10.05,
9451256,5,catalog_clean_background,high_scatter,gp_bls,gp,bls,True,10,7.094809480948094,4.349378411350749,10.05,
9451256,5,catalog_clean_background,high_scatter,gp_tcf,gp,tcf,True,1,13.338033803380338,3.621841435806886,8.785714285714285,
9451256,5,catalog_clean_background,high_scatter,gp_tcf,gp,tcf,True,2,7.552655265526552,3.221927798915584,8.785714285714285,
9451256,5,catalog_clean_background,high_scatter,gp_tcf,gp,tcf,True,3,8.044104410441044,3.220839478918153,10.0,
9451256,5,catalog_clean_background,high_scatter,gp_tcf,gp,tcf,True,4,14.203320332033202,3.1916872921059416,5.142857142857142,
9451256,5,catalog_clean_background,high_scatter,gp_tcf,gp,tcf,True,5,8.68116811681168,3.157780204605576,10.0,
9451256,5,catalog_clean_background,high_scatter,gp_tcf,gp,tcf,True,6,11.39183918391839,3.1518241813466794,6.357142857142858,
9451256,5,catalog_clean_background,high_scatter,gp_tcf,gp,tcf,True,7,9.196419641964196,3.1028428106410906,3.928571428571429,
9451256,5,catalog_clean_background,high_scatter,gp_tcf,gp,tcf,True,8,5.82068206820682,3.1017904745936966,6.357142857142858,
9451256,5,catalog_clean_background,high_scatter,gp_tcf,gp,tcf,True,9,7.325832583258325,3.097212230272782,8.785714285714285,
9451256,5,catalog_clean_background,high_scatter,gp_tcf,gp,tcf,True,10,12.951595159515952,3.0960152516641335,8.785714285714285,
9542723,5,catalog_clean_background,high_scatter,raw_bls,raw,bls,True,1,8.97099709970997,5.413572785666543,10.05,
9542723,5,catalog_clean_background,high_scatter,raw_bls,raw,bls,True,2,9.063406340634064,5.16049520586232,10.05,
9542723,5,catalog_clean_background,high_scatter,raw_bls,raw,bls,True,3,8.868786878687867,5.151345940003022,10.05,
9542723,5,catalog_clean_background,high_scatter,raw_bls,raw,bls,True,4,9.154415441544154,4.527853386644295,10.05,
9542723,5,catalog_clean_background,high_scatter,raw_bls,raw,bls,True,5,8.77917791779178,4.471364637609576,10.05,
9542723,5,catalog_clean_background,high_scatter,raw_bls,raw,bls,True,6,8.683968396839685,3.969913068601015,10.05,
9542723,5,catalog_clean_background,high_scatter,raw_bls,raw,bls,True,7,8.581758175817582,3.728958162773015,10.05,
9542723,5,catalog_clean_background,high_scatter,raw_bls,raw,bls,True,8,8.48094809480948,3.3399133387003324,10.05,
9542723,5,catalog_clean_background,high_scatter,raw_bls,raw,bls,True,9,9.255225522552257,3.16505610441667,10.05,
9542723,5,catalog_clean_background,high_scatter,raw_bls,raw,bls,True,10,4.239923992399239,2.9538855120273704,10.05,
9542723,5,catalog_clean_background,high_scatter,raw_tcf,raw,tcf,True,1,4.238523852385239,1.719006965177814,10.0,
9542723,5,catalog_clean_background,high_scatter,raw_tcf,raw,tcf,True,2,4.314131413141315,1.655060913326261,10.0,
9542723,5,catalog_clean_background,high_scatter,raw_tcf,raw,tcf,True,3,8.46834683468347,1.6175679393053437,10.0,
9542723,5,catalog_clean_background,high_scatter,raw_tcf,raw,tcf,True,4,8.566356635663567,1.5847511174335347,10.0,
9542723,5,catalog_clean_background,high_scatter,raw_tcf,raw,tcf,True,5,8.324132413241324,1.5137249152572017,10.0,
9542723,5,catalog_clean_background,high_scatter,raw_tcf,raw,tcf,True,6,8.667166716671666,1.4715665685285926,10.0,
9542723,5,catalog_clean_background,high_scatter,raw_tcf,raw,tcf,True,7,4.193719371937194,1.4460265092339413,10.0,
9542723,5,catalog_clean_background,high_scatter,raw_tcf,raw,tcf,True,8,12.663166316631663,1.267933880152533,10.0,
9542723,5,catalog_clean_background,high_scatter,raw_tcf,raw,tcf,True,9,8.772177217721772,1.227036832587093,10.0,
9542723,5,catalog_clean_background,high_scatter,raw_tcf,raw,tcf,True,10,9.113811381138111,1.2170109330169434,10.0,
9542723,5,catalog_clean_background,high_scatter,arima_bls,arima,bls,True,1,8.616761676167616,5.567301095080653,10.05,
9542723,5,catalog_clean_background,high_scatter,arima_bls,arima,bls,True,2,8.508950895089509,5.273045682138006,10.05,
9542723,5,catalog_clean_background,high_scatter,arima_bls,arima,bls,True,3,8.713371337133713,5.032696910656806,10.05,
9542723,5,catalog_clean_background,high_scatter,arima_bls,arima,bls,True,4,4.307130713071308,4.436125958259116,10.05,
9542723,5,catalog_clean_background,high_scatter,arima_bls,arima,bls,True,5,8.814181418141814,4.321326415481316,10.05,
9542723,5,catalog_clean_background,high_scatter,arima_bls,arima,bls,True,6,4.251125112511251,4.069699940140169,10.05,
9542723,5,catalog_clean_background,high_scatter,arima_bls,arima,bls,True,7,8.951395139513952,3.6937389235378975,10.05,
9542723,5,catalog_clean_background,high_scatter,arima_bls,arima,bls,True,8,13.542454245424542,3.5493087238512135,1.5,
9542723,5,catalog_clean_background,high_scatter,arima_bls,arima,bls,True,9,8.410941094109411,3.548763583826036,10.05,
9542723,5,catalog_clean_background,high_scatter,arima_bls,arima,bls,True,10,9.066206620662069,3.2624412166228987,10.05,
9542723,5,catalog_clean_background,high_scatter,arima_tcf,arima,tcf,True,1,14.582758275827585,6.639943718934993,10.0,
9542723,5,catalog_clean_background,high_scatter,arima_tcf,arima,tcf,True,2,13.844884488448844,6.363338412388273,3.928571428571429,
9542723,5,catalog_clean_background,high_scatter,arima_tcf,arima,tcf,True,3,14.288728872887289,6.266276605015318,7.571428571428571,
9542723,5,catalog_clean_background,high_scatter,arima_tcf,arima,tcf,True,4,12.888588858885887,6.248326723804045,6.357142857142858,
9542723,5,catalog_clean_background,high_scatter,arima_tcf,arima,tcf,True,5,10.425742574257423,6.193828742718868,10.0,
9542723,5,catalog_clean_background,high_scatter,arima_tcf,arima,tcf,True,6,12.184318431843185,5.930919756830085,6.357142857142858,
9542723,5,catalog_clean_background,high_scatter,arima_tcf,arima,tcf,True,7,6.226722672267226,5.913495462397269,10.0,
9542723,5,catalog_clean_background,high_scatter,arima_tcf,arima,tcf,True,8,13.475247524752476,5.905728754552272,1.5,
9542723,5,catalog_clean_background,high_scatter,arima_tcf,arima,tcf,True,9,11.739073907390738,5.843883230060254,7.571428571428571,
9542723,5,catalog_clean_background,high_scatter,arima_tcf,arima,tcf,True,10,10.74217421742174,5.7984329355316495,10.0,
9542723,5,catalog_clean_background,high_scatter,kalman_bls,kalman,bls,True,1,8.616761676167616,7.868132633402765,10.05,
9542723,5,catalog_clean_background,high_scatter,kalman_bls,kalman,bls,True,2,8.508950895089509,7.52765377124698,10.05,
9542723,5,catalog_clean_background,high_scatter,kalman_bls,kalman,bls,True,3,8.713371337133713,7.363025732993006,10.05,
9542723,5,catalog_clean_background,high_scatter,kalman_bls,kalman,bls,True,4,8.808580858085808,6.488389776339861,10.05,
9542723,5,catalog_clean_background,high_scatter,kalman_bls,kalman,bls,True,5,4.307130713071308,6.424716934140645,10.05,
9542723,5,catalog_clean_background,high_scatter,kalman_bls,kalman,bls,True,6,4.251125112511251,5.9474076673068055,10.05,
9542723,5,catalog_clean_background,high_scatter,kalman_bls,kalman,bls,True,7,8.948594859485947,5.577800340080297,10.05,
9542723,5,catalog_clean_background,high_scatter,kalman_bls,kalman,bls,True,8,8.420742074207421,5.164047358044397,10.05,
9542723,5,catalog_clean_background,high_scatter,kalman_bls,kalman,bls,True,9,9.066206620662069,4.903035497890318,10.05,
9542723,5,catalog_clean_background,high_scatter,kalman_bls,kalman,bls,True,10,4.2049204920492045,4.208752912039385,10.05,
9542723,5,catalog_clean_background,high_scatter,kalman_tcf,kalman,tcf,True,1,13.297429742974296,6.097952003704503,6.357142857142858,
9542723,5,catalog_clean_background,high_scatter,kalman_tcf,kalman,tcf,True,2,12.888588858885887,6.062228352575659,6.357142857142858,
9542723,5,catalog_clean_background,high_scatter,kalman_tcf,kalman,tcf,True,3,10.428542854285428,5.8869744987760395,10.0,
9542723,5,catalog_clean_background,high_scatter,kalman_tcf,kalman,tcf,True,4,13.53965396539654,5.759168417786164,1.5,
9542723,5,catalog_clean_background,high_scatter,kalman_tcf,kalman,tcf,True,5,14.58135813581358,5.754678014834704,10.0,
9542723,5,catalog_clean_background,high_scatter,kalman_tcf,kalman,tcf,True,6,13.844884488448844,5.735273422427926,6.357142857142858,
9542723,5,catalog_clean_background,high_scatter,kalman_tcf,kalman,tcf,True,7,6.226722672267226,5.689357119678743,3.928571428571429,
9542723,5,catalog_clean_background,high_scatter,kalman_tcf,kalman,tcf,True,8,14.026902690269026,5.649181453276947,8.785714285714285,
9542723,5,catalog_clean_background,high_scatter,kalman_tcf,kalman,tcf,True,9,14.172517251725171,5.645073954478491,3.928571428571429,
9542723,5,catalog_clean_background,high_scatter,kalman_tcf,kalman,tcf,True,10,11.744674467446744,5.582622257735103,5.142857142857142,
9542723,5,catalog_clean_background,high_scatter,gp_bls,gp,bls,True,1,4.314131413141315,4.9128833202081,10.05,
9542723,5,catalog_clean_background,high_scatter,gp_bls,gp,bls,True,2,4.23012301230123,4.3634525278372545,10.05,
9542723,5,catalog_clean_background,high_scatter,gp_bls,gp,bls,True,3,4.1601160116011595,4.096706378359473,10.05,
9542723,5,catalog_clean_background,high_scatter,gp_bls,gp,bls,True,4,12.499349934993498,3.86574231285163,10.05,
9542723,5,catalog_clean_background,high_scatter,gp_bls,gp,bls,True,5,12.68136813681368,3.8046989914884057,10.05,
9542723,5,catalog_clean_background,high_scatter,gp_bls,gp,bls,True,6,10.344534453445345,3.5291475055354646,10.05,
9542723,5,catalog_clean_background,high_scatter,gp_bls,gp,bls,True,7,12.80878087808781,3.3495201289838685,10.05,
9542723,5,catalog_clean_background,high_scatter,gp_bls,gp,bls,True,8,8.403940394039404,3.286091010415878,10.05,
9542723,5,catalog_clean_background,high_scatter,gp_bls,gp,bls,True,9,8.606960696069606,3.1878243855134873,10.05,
9542723,5,catalog_clean_background,high_scatter,gp_bls,gp,bls,True,10,1.7238723872387238,2.9159677421138146,8.850000000000001,
9542723,5,catalog_clean_background,high_scatter,gp_tcf,gp,tcf,True,1,12.574957495749574,5.826810359018844,10.0,
9542723,5,catalog_clean_background,high_scatter,gp_tcf,gp,tcf,True,2,1.7322732273227324,5.750605867860931,10.0,
9542723,5,catalog_clean_background,high_scatter,gp_tcf,gp,tcf,True,3,4.319731973197319,5.34611095001222,10.0,
9542723,5,catalog_clean_background,high_scatter,gp_tcf,gp,tcf,True,4,8.634963496349634,5.320190786132964,8.785714285714285,
9542723,5,catalog_clean_background,high_scatter,gp_tcf,gp,tcf,True,5,6.9183918391839185,5.293523557691849,8.785714285714285,
9542723,5,catalog_clean_background,high_scatter,gp_tcf,gp,tcf,True,6,5.193419341934193,5.2891772316929275,8.785714285714285,
9542723,5,catalog_clean_background,high_scatter,gp_tcf,gp,tcf,True,7,3.446044604460446,5.197658293752992,10.0,
9542723,5,catalog_clean_background,high_scatter,gp_tcf,gp,tcf,True,8,13.818281828182815,5.106887827713969,10.0,
9542723,5,catalog_clean_background,high_scatter,gp_tcf,gp,tcf,True,9,3.5874587458745872,5.054754526641146,8.785714285714285,
9542723,5,catalog_clean_background,high_scatter,gp_tcf,gp,tcf,True,10,4.234323432343235,5.054355250604201,10.0,
9827856,5,catalog_clean_background,high_scatter,raw_bls,raw,bls,True,1,12.882988298829884,6.294145617673667,10.05,
9827856,5,catalog_clean_background,high_scatter,raw_bls,raw,bls,True,2,13.027202720272028,6.041018321109451,10.05,
9827856,5,catalog_clean_background,high_scatter,raw_bls,raw,bls,True,3,13.17001700170017,5.780333388691556,10.05,
9827856,5,catalog_clean_background,high_scatter,raw_bls,raw,bls,True,4,12.74157415741574,5.5602637399753965,10.05,
9827856,5,catalog_clean_background,high_scatter,raw_bls,raw,bls,True,5,13.312831283128313,5.157194194989681,10.05,
9827856,5,catalog_clean_background,high_scatter,raw_bls,raw,bls,True,6,12.556755675567556,5.101167278060542,10.05,
9827856,5,catalog_clean_background,high_scatter,raw_bls,raw,bls,True,7,12.413941394139414,4.8708195031125054,10.05,
9827856,5,catalog_clean_background,high_scatter,raw_bls,raw,bls,True,8,13.454245424542457,4.731226871705355,10.05,
9827856,5,catalog_clean_background,high_scatter,raw_bls,raw,bls,True,9,12.147914791479147,4.679271040619966,10.05,
9827856,5,catalog_clean_background,high_scatter,raw_bls,raw,bls,True,10,12.269726972697269,4.6343729297415,10.05,
9827856,5,catalog_clean_background,high_scatter,raw_tcf,raw,tcf,True,1,8.455745574557454,0.597438579449937,3.928571428571429,
9827856,5,catalog_clean_background,high_scatter,raw_tcf,raw,tcf,True,2,12.22912291229123,0.5816240665480058,10.0,
9827856,5,catalog_clean_background,high_scatter,raw_tcf,raw,tcf,True,3,11.986898689868989,0.5502116893105519,10.0,
9827856,5,catalog_clean_background,high_scatter,raw_tcf,raw,tcf,True,4,12.42094209420942,0.5491492583619937,8.785714285714285,
9827856,5,catalog_clean_background,high_scatter,raw_tcf,raw,tcf,True,5,11.7992799279928,0.5423973199649432,8.785714285714285,
9827856,5,catalog_clean_background,high_scatter,raw_tcf,raw,tcf,True,6,12.597359735973598,0.5299011951703956,10.0,
9827856,5,catalog_clean_background,high_scatter,raw_tcf,raw,tcf,True,7,13.455645564556455,0.526147318971962,8.785714285714285,
9827856,5,catalog_clean_background,high_scatter,raw_tcf,raw,tcf,True,8,14.652765276527653,0.5144573957770852,8.785714285714285,
9827856,5,catalog_clean_background,high_scatter,raw_tcf,raw,tcf,True,9,12.843784378437844,0.5143451870568357,8.785714285714285,
9827856,5,catalog_clean_background,high_scatter,raw_tcf,raw,tcf,True,10,9.895089508950894,0.5106366266415445,8.785714285714285,
9827856,5,catalog_clean_background,high_scatter,arima_bls,arima,bls,True,1,9.377037703770377,3.644210399567991,1.5,
9827856,5,catalog_clean_background,high_scatter,arima_bls,arima,bls,True,2,10.695969596959696,2.8716928549039524,1.5,
9827856,5,catalog_clean_background,high_scatter,arima_bls,arima,bls,True,3,14.462346234623462,2.7005606009562273,1.5,
9827856,5,catalog_clean_background,high_scatter,arima_bls,arima,bls,True,4,6.249124912491249,2.5346648315822153,1.5,
9827856,5,catalog_clean_background,high_scatter,arima_bls,arima,bls,True,5,13.704870487048703,2.310111043730671,1.5,
9827856,5,catalog_clean_background,high_scatter,arima_bls,arima,bls,True,6,14.115111511151117,2.197545754528561,1.5,
9827856,5,catalog_clean_background,high_scatter,arima_bls,arima,bls,True,7,14.271927192719271,2.197425354857754,1.5,
9827856,5,catalog_clean_background,high_scatter,arima_bls,arima,bls,True,8,11.78947894789479,2.1584028148793286,1.5,
9827856,5,catalog_clean_background,high_scatter,arima_bls,arima,bls,True,9,4.686568656865687,2.152401358248196,1.5,
9827856,5,catalog_clean_background,high_scatter,arima_bls,arima,bls,True,10,14.914591459145914,2.1370429708559127,1.5,
9827856,5,catalog_clean_background,high_scatter,arima_tcf,arima,tcf,True,1,9.66126612661266,6.589566348891642,10.0,
9827856,5,catalog_clean_background,high_scatter,arima_tcf,arima,tcf,True,2,5.976097609760976,6.562985105822195,8.785714285714285,
9827856,5,catalog_clean_background,high_scatter,arima_tcf,arima,tcf,True,3,12.364936493649363,6.467774695265017,7.571428571428571,
9827856,5,catalog_clean_background,high_scatter,arima_tcf,arima,tcf,True,4,9.798479847984796,6.406570944312419,8.785714285714285,
9827856,5,catalog_clean_background,high_scatter,arima_tcf,arima,tcf,True,5,13.972297229722972,6.377544272455685,7.571428571428571,
9827856,5,catalog_clean_background,high_scatter,arima_tcf,arima,tcf,True,6,13.781878187818782,6.358836681148971,7.571428571428571,
9827856,5,catalog_clean_background,high_scatter,arima_tcf,arima,tcf,True,7,13.336633663366335,6.3514965582800595,10.0,
9827856,5,catalog_clean_background,high_scatter,arima_tcf,arima,tcf,True,8,9.214621462146214,6.2134742764432085,7.571428571428571,
9827856,5,catalog_clean_background,high_scatter,arima_tcf,arima,tcf,True,9,10.92139213921392,6.2134742764432085,7.571428571428571,
9827856,5,catalog_clean_background,high_scatter,arima_tcf,arima,tcf,True,10,14.388138813881389,6.18508668819138,2.7142857142857144,
9827856,5,catalog_clean_background,high_scatter,kalman_bls,kalman,bls,True,1,9.378437843784376,4.499886589491918,1.5,
9827856,5,catalog_clean_background,high_scatter,kalman_bls,kalman,bls,True,2,14.46094609460946,3.4861547600993825,1.5,
9827856,5,catalog_clean_background,high_scatter,kalman_bls,kalman,bls,True,3,13.804280428042803,3.269939938713607,3.9,
9827856,5,catalog_clean_background,high_scatter,kalman_bls,kalman,bls,True,4,14.143114311431145,3.20365226061918,2.7,
9827856,5,catalog_clean_background,high_scatter,kalman_bls,kalman,bls,True,5,13.198019801980198,3.0524906597527917,3.9,
9827856,5,catalog_clean_background,high_scatter,kalman_bls,kalman,bls,True,6,10.155515551555157,3.005540934632821,1.5,
9827856,5,catalog_clean_background,high_scatter,kalman_bls,kalman,bls,True,7,11.411441144114413,2.8247774727073214,1.5,
9827856,5,catalog_clean_background,high_scatter,kalman_bls,kalman,bls,True,8,10.663766376637664,2.789069037336488,1.5,
9827856,5,catalog_clean_background,high_scatter,kalman_bls,kalman,bls,True,9,4.686568656865687,2.719861678667193,1.5,
9827856,5,catalog_clean_background,high_scatter,kalman_bls,kalman,bls,True,10,12.017701770177018,2.6134778024152174,1.5,
9827856,5,catalog_clean_background,high_scatter,kalman_tcf,kalman,tcf,True,1,13.35903590359036,6.836303244935351,10.0,
9827856,5,catalog_clean_background,high_scatter,kalman_tcf,kalman,tcf,True,2,9.66126612661266,6.774878901306742,10.0,
9827856,5,catalog_clean_background,high_scatter,kalman_tcf,kalman,tcf,True,3,7.33003300330033,6.7523536021659085,2.7142857142857144,
9827856,5,catalog_clean_background,high_scatter,kalman_tcf,kalman,tcf,True,4,14.535153515351537,6.641388545563292,2.7142857142857144,
9827856,5,catalog_clean_background,high_scatter,kalman_tcf,kalman,tcf,True,5,11.305030503050304,6.457851668293917,3.928571428571429,
9827856,5,catalog_clean_background,high_scatter,kalman_tcf,kalman,tcf,True,6,5.3754375437543755,6.427339330740776,8.785714285714285,
9827856,5,catalog_clean_background,high_scatter,kalman_tcf,kalman,tcf,True,7,12.441944194419442,6.188810628565321,1.5,
9827856,5,catalog_clean_background,high_scatter,kalman_tcf,kalman,tcf,True,8,9.223022302230223,6.1672366898357245,7.571428571428571,
9827856,5,catalog_clean_background,high_scatter,kalman_tcf,kalman,tcf,True,9,14.801180118011802,6.159260226003777,2.7142857142857144,
9827856,5,catalog_clean_background,high_scatter,kalman_tcf,kalman,tcf,True,10,12.665966596659665,6.127581100441396,2.7142857142857144,
9827856,5,catalog_clean_background,high_scatter,gp_bls,gp,bls,True,1,6.202920292029202,2.9553746844921993,10.05,
9827856,5,catalog_clean_background,high_scatter,gp_bls,gp,bls,True,2,14.610761076107613,2.5059077815343653,10.05,
9827856,5,catalog_clean_background,high_scatter,gp_bls,gp,bls,True,3,12.472747274727473,2.2464661449121883,10.05,
9827856,5,catalog_clean_background,high_scatter,gp_bls,gp,bls,True,4,4.965196519651965,2.0676087668244674,10.05,
9827856,5,catalog_clean_background,high_scatter,gp_bls,gp,bls,True,5,4.902190219021902,1.9520205973802385,10.05,
9827856,5,catalog_clean_background,high_scatter,gp_bls,gp,bls,True,6,12.602960296029602,1.8871745804131064,10.05,
9827856,5,catalog_clean_background,high_scatter,gp_bls,gp,bls,True,7,9.942694269426942,1.8486711402943812,10.05,
9827856,5,catalog_clean_background,high_scatter,gp_bls,gp,bls,True,8,7.313231323132313,1.8378111749892985,10.05,
9827856,5,catalog_clean_background,high_scatter,gp_bls,gp,bls,True,9,14.78017801780178,1.810081138840548,10.05,
9827856,5,catalog_clean_background,high_scatter,gp_bls,gp,bls,True,10,4.844784478447845,1.692212374849878,10.05,
9827856,5,catalog_clean_background,high_scatter,gp_tcf,gp,tcf,True,1,9.895089508950894,5.510260356258962,8.785714285714285,
9827856,5,catalog_clean_background,high_scatter,gp_tcf,gp,tcf,True,2,14.801180118011802,5.447049267446628,2.7142857142857144,
9827856,5,catalog_clean_background,high_scatter,gp_tcf,gp,tcf,True,3,6.3849384938493845,5.398263036667233,10.0,
9827856,5,catalog_clean_background,high_scatter,gp_tcf,gp,tcf,True,4,13.35903590359036,5.193723272053205,10.0,
9827856,5,catalog_clean_background,high_scatter,gp_tcf,gp,tcf,True,5,14.077307730773075,5.119324583606734,7.571428571428571,
9827856,5,catalog_clean_background,high_scatter,gp_tcf,gp,tcf,True,6,5.3754375437543755,5.105722541656905,8.785714285714285,
9827856,5,catalog_clean_background,high_scatter,gp_tcf,gp,tcf,True,7,9.66126612661266,5.1056990221238765,10.0,
9827856,5,catalog_clean_background,high_scatter,gp_tcf,gp,tcf,True,8,12.273927392739274,5.008300032009768,8.785714285714285,
9827856,5,catalog_clean_background,high_scatter,gp_tcf,gp,tcf,True,9,4.906390639063906,4.97576789277569,8.785714285714285,
9827856,5,catalog_clean_background,high_scatter,gp_tcf,gp,tcf,True,10,14.456745674567456,4.92808430229139,10.0,
10718455,5,catalog_clean_background,long_memory,raw_bls,raw,bls,True,1,12.224922492249224,4.788373019604346,10.05,
10718455,5,catalog_clean_background,long_memory,raw_bls,raw,bls,True,2,11.7992799279928,4.4522528384248785,10.05,
10718455,5,catalog_clean_background,long_memory,raw_bls,raw,bls,True,3,12.367736773677368,4.34400062733209,10.05,
10718455,5,catalog_clean_background,long_memory,raw_bls,raw,bls,True,4,11.967296729672968,4.227674650946647,10.05,
10718455,5,catalog_clean_background,long_memory,raw_bls,raw,bls,True,5,12.096109610961095,4.0954034257087,10.05,
10718455,5,catalog_clean_background,long_memory,raw_bls,raw,bls,True,6,12.493749374937494,3.946824552174845,10.05,
10718455,5,catalog_clean_background,long_memory,raw_bls,raw,bls,True,7,12.626762676267626,3.502446693234657,10.05,
10718455,5,catalog_clean_background,long_memory,raw_bls,raw,bls,True,8,11.674667466746676,3.151200194717893,10.05,
10718455,5,catalog_clean_background,long_memory,raw_bls,raw,bls,True,9,12.784978497849783,2.7582150776269003,10.05,
10718455,5,catalog_clean_background,long_memory,raw_bls,raw,bls,True,10,11.557055705570557,2.571984806406432,10.05,
10718455,5,catalog_clean_background,long_memory,raw_tcf,raw,tcf,True,1,11.656465646564657,2.852381162922726,10.0,
10718455,5,catalog_clean_background,long_memory,raw_tcf,raw,tcf,True,2,7.292229222922292,2.7791904090263073,8.785714285714285,
10718455,5,catalog_clean_background,long_memory,raw_tcf,raw,tcf,True,3,11.492649264926492,2.6536489801381857,7.571428571428571,
10718455,5,catalog_clean_background,long_memory,raw_tcf,raw,tcf,True,4,14.9005900590059,2.6456502165930513,8.785714285714285,
10718455,5,catalog_clean_background,long_memory,raw_tcf,raw,tcf,True,5,11.856685668566856,2.6448515187047508,3.928571428571429,
10718455,5,catalog_clean_background,long_memory,raw_tcf,raw,tcf,True,6,6.426942694269427,2.5747113965058945,5.142857142857142,
10718455,5,catalog_clean_background,long_memory,raw_tcf,raw,tcf,True,7,5.260626062606261,2.554948386596088,10.0,
10718455,5,catalog_clean_background,long_memory,raw_tcf,raw,tcf,True,8,12.357935793579358,2.453013053647612,7.571428571428571,
10718455,5,catalog_clean_background,long_memory,raw_tcf,raw,tcf,True,9,8.709170917091708,2.444020772243579,7.571428571428571,
10718455,5,catalog_clean_background,long_memory,raw_tcf,raw,tcf,True,10,6.6257625762576255,2.4425461328182125,7.571428571428571,
10718455,5,catalog_clean_background,long_memory,arima_bls,arima,bls,True,1,14.238323832383236,3.041188776469628,1.5,
10718455,5,catalog_clean_background,long_memory,arima_bls,arima,bls,True,2,14.62056205620562,3.025961263517317,1.5,
10718455,5,catalog_clean_background,long_memory,arima_bls,arima,bls,True,3,10.46914691469147,2.5390050107608153,1.5,
10718455,5,catalog_clean_background,long_memory,arima_bls,arima,bls,True,4,14.771777177717771,2.388095349430032,1.5,
10718455,5,catalog_clean_background,long_memory,arima_bls,arima,bls,True,5,13.34083408340834,2.218661467332052,1.5,
10718455,5,catalog_clean_background,long_memory,arima_bls,arima,bls,True,6,13.5018501850185,2.153433115871183,1.5,
10718455,5,catalog_clean_background,long_memory,arima_bls,arima,bls,True,7,14.92999299929993,2.1438906111397977,1.5,
10718455,5,catalog_clean_background,long_memory,arima_bls,arima,bls,True,8,9.95109510951095,2.09237874706623,1.5,
10718455,5,catalog_clean_background,long_memory,arima_bls,arima,bls,True,9,12.315931593159316,2.0548452550319123,1.5,
10718455,5,catalog_clean_background,long_memory,arima_bls,arima,bls,True,10,13.912091209120913,2.0508541767476065,1.5,
10718455,5,catalog_clean_background,long_memory,arima_tcf,arima,tcf,True,1,13.254025402540254,7.364127639597813,7.571428571428571,
10718455,5,catalog_clean_background,long_memory,arima_tcf,arima,tcf,True,2,13.8994899489949,6.775799210922341,8.785714285714285,
10718455,5,catalog_clean_background,long_memory,arima_tcf,arima,tcf,True,3,11.656465646564657,6.558673028635078,10.0,
10718455,5,catalog_clean_background,long_memory,arima_tcf,arima,tcf,True,4,12.72057205720572,6.496894138831308,10.0,
10718455,5,catalog_clean_background,long_memory,arima_tcf,arima,tcf,True,5,8.147714771477148,6.408398045943657,10.0,
10718455,5,catalog_clean_background,long_memory,arima_tcf,arima,tcf,True,6,11.782478247824782,6.320821392011677,2.7142857142857144,
10718455,5,catalog_clean_background,long_memory,arima_tcf,arima,tcf,True,7,3.871687168716872,6.223414711814316,2.7142857142857144,
10718455,5,catalog_clean_background,long_memory,arima_tcf,arima,tcf,True,8,3.737273727372737,6.208607429782216,1.5,
10718455,5,catalog_clean_background,long_memory,arima_tcf,arima,tcf,True,9,10.365536553655366,6.1827657057915655,2.7142857142857144,
10718455,5,catalog_clean_background,long_memory,arima_tcf,arima,tcf,True,10,13.665666566656665,6.167950084945695,10.0,
10718455,5,catalog_clean_background,long_memory,kalman_bls,kalman,bls,True,1,9.952495249524953,5.404046838367702,2.7,
10718455,5,catalog_clean_background,long_memory,kalman_bls,kalman,bls,True,2,14.243924392439244,5.3746451779080235,5.1000000000000005,
10718455,5,catalog_clean_background,long_memory,kalman_bls,kalman,bls,True,3,11.701270127012702,4.074609350570208,2.7,
10718455,5,catalog_clean_background,long_memory,kalman_bls,kalman,bls,True,4,9.466646664666468,3.9552958001666423,2.7,
10718455,5,catalog_clean_background,long_memory,kalman_bls,kalman,bls,True,5,4.974997499749975,3.8866742283631632,2.7,
10718455,5,catalog_clean_background,long_memory,kalman_bls,kalman,bls,True,6,12.20952095209521,3.704342473022873,3.9,
10718455,5,catalog_clean_background,long_memory,kalman_bls,kalman,bls,True,7,14.934193419341934,3.685677746762779,2.7,
10718455,5,catalog_clean_background,long_memory,kalman_bls,kalman,bls,True,8,13.765076507650765,3.587915516615836,5.1000000000000005,
10718455,5,catalog_clean_background,long_memory,kalman_bls,kalman,bls,True,9,12.611361136113612,3.018487597664518,5.1000000000000005,
10718455,5,catalog_clean_background,long_memory,kalman_bls,kalman,bls,True,10,9.323832383238324,2.995238815449089,2.7,
10718455,5,catalog_clean_background,long_memory,kalman_tcf,kalman,tcf,True,1,13.254025402540254,8.048721154370977,7.571428571428571,
10718455,5,catalog_clean_background,long_memory,kalman_tcf,kalman,tcf,True,2,6.426942694269427,6.71041177443929,5.142857142857142,
10718455,5,catalog_clean_background,long_memory,kalman_tcf,kalman,tcf,True,3,10.315131513151314,6.429892227908898,2.7142857142857144,
10718455,5,catalog_clean_background,long_memory,kalman_tcf,kalman,tcf,True,4,14.9005900590059,6.386764216131259,8.785714285714285,
10718455,5,catalog_clean_background,long_memory,kalman_tcf,kalman,tcf,True,5,5.1724172417241725,6.347524855396829,2.7142857142857144,
10718455,5,catalog_clean_background,long_memory,kalman_tcf,kalman,tcf,True,6,6.789578957895789,6.340090441673943,2.7142857142857144,
10718455,5,catalog_clean_background,long_memory,kalman_tcf,kalman,tcf,True,7,10.002900290029002,6.335628194341704,7.571428571428571,
10718455,5,catalog_clean_background,long_memory,kalman_tcf,kalman,tcf,True,8,7.713671367136714,6.320172866724332,5.142857142857142,
10718455,5,catalog_clean_background,long_memory,kalman_tcf,kalman,tcf,True,9,8.658765876587658,6.298262460185442,7.571428571428571,
10718455,5,catalog_clean_background,long_memory,kalman_tcf,kalman,tcf,True,10,4.830783078307831,6.282428353619514,3.928571428571429,
10718455,5,catalog_clean_background,long_memory,gp_bls,gp,bls,True,1,9.952495249524953,5.178816347612756,10.05,
10718455,5,catalog_clean_background,long_memory,gp_bls,gp,bls,True,2,10.088308830883088,4.841005849210842,10.05,
10718455,5,catalog_clean_background,long_memory,gp_bls,gp,bls,True,3,1.9898989898989896,3.903430632680451,8.850000000000001,
10718455,5,catalog_clean_background,long_memory,gp_bls,gp,bls,True,4,13.86028602860286,3.015821692643215,6.300000000000001,
10718455,5,catalog_clean_background,long_memory,gp_bls,gp,bls,True,5,14.948194819481948,2.6730403363883033,6.300000000000001,
10718455,5,catalog_clean_background,long_memory,gp_bls,gp,bls,True,6,3.9794979497949794,2.6648092934923313,8.850000000000001,
10718455,5,catalog_clean_background,long_memory,gp_bls,gp,bls,True,7,7.178817881788179,2.5412611859713263,2.7,
10718455,5,catalog_clean_background,long_memory,gp_bls,gp,bls,True,8,5.8234823482348235,2.4935806924813213,10.05,
10718455,5,catalog_clean_background,long_memory,gp_bls,gp,bls,True,9,3.362036203620362,2.462585118857884,10.05,
10718455,5,catalog_clean_background,long_memory,gp_bls,gp,bls,True,10,5.697469746974697,2.411632681714568,5.1000000000000005,
10718455,5,catalog_clean_background,long_memory,gp_tcf,gp,tcf,True,1,6.426942694269427,6.120876678515014,5.142857142857142,
10718455,5,catalog_clean_background,long_memory,gp_tcf,gp,tcf,True,2,5.257825782578258,6.083843683658906,10.0,
10718455,5,catalog_clean_background,long_memory,gp_tcf,gp,tcf,True,3,14.893589358935891,5.986612879888297,8.785714285714285,
10718455,5,catalog_clean_background,long_memory,gp_tcf,gp,tcf,True,4,11.655065506550654,5.931327298239486,10.0,
10718455,5,catalog_clean_background,long_memory,gp_tcf,gp,tcf,True,5,14.544954495449543,5.927306704139879,10.0,
10718455,5,catalog_clean_background,long_memory,gp_tcf,gp,tcf,True,6,11.856685668566856,5.882082892821878,3.928571428571429,
10718455,5,catalog_clean_background,long_memory,gp_tcf,gp,tcf,True,7,10.429942994299427,5.758128170439196,2.7142857142857144,
10718455,5,catalog_clean_background,long_memory,gp_tcf,gp,tcf,True,8,12.664566456645664,5.612007922673428,10.0,
10718455,5,catalog_clean_background,long_memory,gp_tcf,gp,tcf,True,9,9.034003400340032,5.583624918400409,7.571428571428571,
10718455,5,catalog_clean_background,long_memory,gp_tcf,gp,tcf,True,10,5.880888088808881,5.547139281015978,10.0,
11245408,5,catalog_clean_background,long_memory,raw_bls,raw,bls,True,1,14.691969196919691,2.3323676917043104,10.05,
11245408,5,catalog_clean_background,long_memory,raw_bls,raw,bls,True,2,14.855785578557857,2.265065131622777,10.05,
11245408,5,catalog_clean_background,long_memory,raw_bls,raw,bls,True,3,14.466546654665466,2.198317409218913,10.05,
11245408,5,catalog_clean_background,long_memory,raw_bls,raw,bls,True,4,14.305530553055306,1.8975879374641915,10.05,
11245408,5,catalog_clean_background,long_memory,raw_bls,raw,bls,True,5,14.13891389138914,1.8408955913808385,10.05,
11245408,5,catalog_clean_background,long_memory,raw_bls,raw,bls,True,6,13.958295829582958,1.743744790376068,10.05,
11245408,5,catalog_clean_background,long_memory,raw_bls,raw,bls,True,7,13.487848784878487,1.6950426641434668,10.05,
11245408,5,catalog_clean_background,long_memory,raw_bls,raw,bls,True,8,13.65166516651665,1.627486615590949,10.05,
11245408,5,catalog_clean_background,long_memory,raw_bls,raw,bls,True,9,13.815481548154816,1.614363977327313,10.05,
11245408,5,catalog_clean_background,long_memory,raw_bls,raw,bls,True,10,12.446144614461446,1.5515370984324963,10.05,
11245408,5,catalog_clean_background,long_memory,raw_tcf,raw,tcf,True,1,11.943494349434944,1.3413496333229291,10.0,
11245408,5,catalog_clean_background,long_memory,raw_tcf,raw,tcf,True,2,12.52035203520352,1.279940374401802,10.0,
11245408,5,catalog_clean_background,long_memory,raw_tcf,raw,tcf,True,3,13.027202720272028,1.1563683687196955,8.785714285714285,
11245408,5,catalog_clean_background,long_memory,raw_tcf,raw,tcf,True,4,9.764876487648763,1.0906629615413648,10.0,
11245408,5,catalog_clean_background,long_memory,raw_tcf,raw,tcf,True,5,13.235823582358236,1.0511155361362527,10.0,
11245408,5,catalog_clean_background,long_memory,raw_tcf,raw,tcf,True,6,11.764276427642764,1.047395189928526,10.0,
11245408,5,catalog_clean_background,long_memory,raw_tcf,raw,tcf,True,7,13.381438143814382,1.0422620540217844,10.0,
11245408,5,catalog_clean_background,long_memory,raw_tcf,raw,tcf,True,8,14.084308430843084,1.0345034551458627,8.785714285714285,
11245408,5,catalog_clean_background,long_memory,raw_tcf,raw,tcf,True,9,7.093409340934093,1.0283710861356026,10.0,
11245408,5,catalog_clean_background,long_memory,raw_tcf,raw,tcf,True,10,6.9393939393939394,1.0236528047718796,8.785714285714285,
11245408,5,catalog_clean_background,long_memory,arima_bls,arima,bls,True,1,12.492349234923491,6.192195269268138,1.5,
11245408,5,catalog_clean_background,long_memory,arima_bls,arima,bls,True,2,13.58025802580258,4.507341752822229,1.5,
11245408,5,catalog_clean_background,long_memory,arima_bls,arima,bls,True,3,9.732673267326732,4.249586239502633,1.5,
11245408,5,catalog_clean_background,long_memory,arima_bls,arima,bls,True,4,14.186518651865184,4.193852884160268,1.5,
11245408,5,catalog_clean_background,long_memory,arima_bls,arima,bls,True,5,13.000600060006,4.00681045302933,1.5,
11245408,5,catalog_clean_background,long_memory,arima_bls,arima,bls,True,6,8.798779877987798,3.9964922468847743,1.5,
11245408,5,catalog_clean_background,long_memory,arima_bls,arima,bls,True,7,10.6007600760076,3.87388646896964,1.5,
11245408,5,catalog_clean_background,long_memory,arima_bls,arima,bls,True,8,9.442844284428444,3.759575253776844,1.5,
11245408,5,catalog_clean_background,long_memory,arima_bls,arima,bls,True,9,10.914391439143914,3.736415866889146,1.5,
11245408,5,catalog_clean_background,long_memory,arima_bls,arima,bls,True,10,14.455345534553455,3.7306333283651942,1.5,
11245408,5,catalog_clean_background,long_memory,arima_tcf,arima,tcf,True,1,5.095409540954095,6.257150906498303,1.5,
11245408,5,catalog_clean_background,long_memory,arima_tcf,arima,tcf,True,2,8.622362236223623,6.131643152861308,5.142857142857142,
11245408,5,catalog_clean_background,long_memory,arima_tcf,arima,tcf,True,3,13.05100510051005,6.0827540606614106,3.928571428571429,
11245408,5,catalog_clean_background,long_memory,arima_tcf,arima,tcf,True,4,9.963696369636963,5.9206552785123305,3.928571428571429,
11245408,5,catalog_clean_background,long_memory,arima_tcf,arima,tcf,True,5,11.107610761076108,5.8748677534442635,8.785714285714285,
11245408,5,catalog_clean_background,long_memory,arima_tcf,arima,tcf,True,6,11.855285528552855,5.840929520976636,10.0,
11245408,5,catalog_clean_background,long_memory,arima_tcf,arima,tcf,True,7,3.70927092709271,5.763541847098134,3.928571428571429,
11245408,5,catalog_clean_background,long_memory,arima_tcf,arima,tcf,True,8,12.48954895489549,5.751008102659004,8.785714285714285,
11245408,5,catalog_clean_background,long_memory,arima_tcf,arima,tcf,True,9,7.19001900190019,5.709336188691176,7.571428571428571,
11245408,5,catalog_clean_background,long_memory,arima_tcf,arima,tcf,True,10,14.593959395939594,5.700040675022726,6.357142857142858,
11245408,5,catalog_clean_background,long_memory,kalman_bls,kalman,bls,True,1,12.667366736673667,3.46711080931357,6.300000000000001,
11245408,5,catalog_clean_background,long_memory,kalman_bls,kalman,bls,True,2,14.985998599859986,3.203435260438431,10.05,
11245408,5,catalog_clean_background,long_memory,kalman_bls,kalman,bls,True,3,14.7997799779978,2.8017051880968955,2.7,
11245408,5,catalog_clean_background,long_memory,kalman_bls,kalman,bls,True,4,12.492349234923491,2.797423772150324,10.05,
11245408,5,catalog_clean_background,long_memory,kalman_bls,kalman,bls,True,5,13.034203420342036,2.762999537160414,1.5,
11245408,5,catalog_clean_background,long_memory,kalman_bls,kalman,bls,True,6,6.366736673667367,2.681202029393868,1.5,
11245408,5,catalog_clean_background,long_memory,kalman_bls,kalman,bls,True,7,14.008700870087008,2.5542832715449215,1.5,
11245408,5,catalog_clean_background,long_memory,kalman_bls,kalman,bls,True,8,6.2435243524352435,2.529885596704202,3.9,
11245408,5,catalog_clean_background,long_memory,kalman_bls,kalman,bls,True,9,7.006600660066006,2.5229485133769076,1.5,
11245408,5,catalog_clean_background,long_memory,kalman_bls,kalman,bls,True,10,13.573257325732571,2.522911960909963,1.5,
11245408,5,catalog_clean_background,long_memory,kalman_tcf,kalman,tcf,True,1,12.48954895489549,7.030398248953415,8.785714285714285,
11245408,5,catalog_clean_background,long_memory,kalman_tcf,kalman,tcf,True,2,2.9363936393639363,6.407164681619181,2.7142857142857144,
11245408,5,catalog_clean_background,long_memory,kalman_tcf,kalman,tcf,True,3,9.23002300230023,6.313755784279239,10.0,
11245408,5,catalog_clean_background,long_memory,kalman_tcf,kalman,tcf,True,4,5.5686568656865685,5.856435082547792,2.7142857142857144,
11245408,5,catalog_clean_background,long_memory,kalman_tcf,kalman,tcf,True,5,6.937993799379938,5.8252547985216445,10.0,
11245408,5,catalog_clean_background,long_memory,kalman_tcf,kalman,tcf,True,6,7.227822782278228,5.75827236377811,10.0,
11245408,5,catalog_clean_background,long_memory,kalman_tcf,kalman,tcf,True,7,12.031703170317032,5.738020562616683,5.142857142857142,
11245408,5,catalog_clean_background,long_memory,kalman_tcf,kalman,tcf,True,8,13.05100510051005,5.72098722036201,3.928571428571429,
11245408,5,catalog_clean_background,long_memory,kalman_tcf,kalman,tcf,True,9,10.53915391539154,5.696789135075578,8.785714285714285,
11245408,5,catalog_clean_background,long_memory,kalman_tcf,kalman,tcf,True,10,5.992899289928992,5.652996739660649,2.7142857142857144,
11245408,5,catalog_clean_background,long_memory,gp_bls,gp,bls,True,1,4.465346534653465,4.386057184224075,10.05,
11245408,5,catalog_clean_background,long_memory,gp_bls,gp,bls,True,2,4.414941494149415,3.723016223233836,10.05,
11245408,5,catalog_clean_background,long_memory,gp_bls,gp,bls,True,3,8.808580858085808,2.875211434341106,10.05,
11245408,5,catalog_clean_background,long_memory,gp_bls,gp,bls,True,4,4.1531153115311525,2.4593565282073087,8.850000000000001,
11245408,5,catalog_clean_background,long_memory,gp_bls,gp,bls,True,5,12.472747274727473,2.3743143706114833,10.05,
11245408,5,catalog_clean_background,long_memory,gp_bls,gp,bls,True,6,8.934593459345933,2.157712704625637,8.850000000000001,
11245408,5,catalog_clean_background,long_memory,gp_bls,gp,bls,True,7,8.304530453045304,2.026622756793612,8.850000000000001,
11245408,5,catalog_clean_background,long_memory,gp_bls,gp,bls,True,8,4.262326232623263,2.0152793865773577,10.05,
11245408,5,catalog_clean_background,long_memory,gp_bls,gp,bls,True,9,6.524952495249525,1.988365587210792,10.05,
11245408,5,catalog_clean_background,long_memory,gp_bls,gp,bls,True,10,12.314531453145314,1.8170584780873071,10.05,
11245408,5,catalog_clean_background,long_memory,gp_tcf,gp,tcf,True,1,7.547054705470547,5.624523170226979,3.928571428571429,
11245408,5,catalog_clean_background,long_memory,gp_tcf,gp,tcf,True,2,9.23002300230023,5.540557337033656,10.0,
11245408,5,catalog_clean_background,long_memory,gp_tcf,gp,tcf,True,3,10.288528852885287,5.304015761725217,6.357142857142858,
11245408,5,catalog_clean_background,long_memory,gp_tcf,gp,tcf,True,4,13.704870487048703,5.248575927419337,10.0,
11245408,5,catalog_clean_background,long_memory,gp_tcf,gp,tcf,True,5,8.903790379037904,5.178302446318073,10.0,
11245408,5,catalog_clean_background,long_memory,gp_tcf,gp,tcf,True,6,10.76037603760376,5.156880649676915,2.7142857142857144,
11245408,5,catalog_clean_background,long_memory,gp_tcf,gp,tcf,True,7,15.0,5.14250420971083,10.0,
11245408,5,catalog_clean_background,long_memory,gp_tcf,gp,tcf,True,8,6.321932193219322,5.069048417294004,5.142857142857142,
11245408,5,catalog_clean_background,long_memory,gp_tcf,gp,tcf,True,9,10.53915391539154,5.044200394287239,10.0,
11245408,5,catalog_clean_background,long_memory,gp_tcf,gp,tcf,True,10,6.607560756075608,5.026426264347384,6.357142857142858,
11414923,5,catalog_clean_background,long_memory,raw_bls,raw,bls,True,1,6.089508950895089,10.706028109626931,10.05,
11414923,5,catalog_clean_background,long_memory,raw_bls,raw,bls,True,2,6.027902790279028,9.673754675140012,10.05,
11414923,5,catalog_clean_background,long_memory,raw_bls,raw,bls,True,3,6.156715671567157,9.30126667289908,10.05,
11414923,5,catalog_clean_background,long_memory,raw_bls,raw,bls,True,4,12.138113811381135,6.991836491154121,10.05,
11414923,5,catalog_clean_background,long_memory,raw_bls,raw,bls,True,5,12.26132613261326,6.756664064275743,10.05,
11414923,5,catalog_clean_background,long_memory,raw_bls,raw,bls,True,6,5.945294529452945,5.848738834231905,10.05,
11414923,5,catalog_clean_background,long_memory,raw_bls,raw,bls,True,7,12.014901490149017,5.704290881397445,10.05,
11414923,5,catalog_clean_background,long_memory,raw_bls,raw,bls,True,8,12.384538453845384,5.099555126697185,10.05,
11414923,5,catalog_clean_background,long_memory,raw_bls,raw,bls,True,9,6.251925192519252,4.8599954294388,10.05,
11414923,5,catalog_clean_background,long_memory,raw_bls,raw,bls,True,10,5.883688368836884,4.724738316380286,10.05,
11414923,5,catalog_clean_background,long_memory,raw_tcf,raw,tcf,True,1,6.048904890489049,2.805251530303755,10.0,
11414923,5,catalog_clean_background,long_memory,raw_tcf,raw,tcf,True,2,3.0246024602460246,2.6006342214288676,10.0,
11414923,5,catalog_clean_background,long_memory,raw_tcf,raw,tcf,True,3,5.917291729172917,2.4395349694268806,8.785714285714285,
11414923,5,catalog_clean_background,long_memory,raw_tcf,raw,tcf,True,4,6.11051105110511,2.433464147331961,10.0,
11414923,5,catalog_clean_background,long_memory,raw_tcf,raw,tcf,True,5,5.983098309830983,2.3676420574650883,8.785714285714285,
11414923,5,catalog_clean_background,long_memory,raw_tcf,raw,tcf,True,6,12.189918991899187,2.2892813186961956,10.0,
11414923,5,catalog_clean_background,long_memory,raw_tcf,raw,tcf,True,7,12.048504850485047,2.143806893029919,10.0,
11414923,5,catalog_clean_background,long_memory,raw_tcf,raw,tcf,True,8,2.990999099909991,2.1256590524463164,10.0,
11414923,5,catalog_clean_background,long_memory,raw_tcf,raw,tcf,True,9,3.0582058205820584,2.121434233572589,10.0,
11414923,5,catalog_clean_background,long_memory,raw_tcf,raw,tcf,True,10,6.316331633163316,2.092783343690034,10.0,
11414923,5,catalog_clean_background,long_memory,arima_bls,arima,bls,True,1,12.182918291829182,5.172193949065887,1.5,
11414923,5,catalog_clean_background,long_memory,arima_bls,arima,bls,True,2,6.137113711371137,4.730319860388928,10.05,
11414923,5,catalog_clean_background,long_memory,arima_bls,arima,bls,True,3,8.198119811981197,3.685583353750846,1.5,
11414923,5,catalog_clean_background,long_memory,arima_bls,arima,bls,True,4,14.512751275127512,3.6743660020441538,1.5,
11414923,5,catalog_clean_background,long_memory,arima_bls,arima,bls,True,5,6.065706570657065,3.5524025600031672,10.05,
11414923,5,catalog_clean_background,long_memory,arima_bls,arima,bls,True,6,8.921992199219922,3.4234976799397296,1.5,
11414923,5,catalog_clean_background,long_memory,arima_bls,arima,bls,True,7,10.345934593459344,3.3786408550419806,1.5,
11414923,5,catalog_clean_background,long_memory,arima_bls,arima,bls,True,8,12.999199919991998,3.374219698138102,1.5,
11414923,5,catalog_clean_background,long_memory,arima_bls,arima,bls,True,9,12.45034503450345,3.364244129214729,1.5,
11414923,5,catalog_clean_background,long_memory,arima_bls,arima,bls,True,10,14.264926492649264,3.316013532752073,1.5,
11414923,5,catalog_clean_background,long_memory,arima_tcf,arima,tcf,True,1,11.656465646564657,6.784410784745606,2.7142857142857144,
11414923,5,catalog_clean_background,long_memory,arima_tcf,arima,tcf,True,2,12.532953295329532,6.609319788937927,7.571428571428571,
11414923,5,catalog_clean_background,long_memory,arima_tcf,arima,tcf,True,3,13.802880288028804,6.530457847576025,5.142857142857142,
11414923,5,catalog_clean_background,long_memory,arima_tcf,arima,tcf,True,4,13.641864186418642,6.4420966887829785,3.928571428571429,
11414923,5,catalog_clean_background,long_memory,arima_tcf,arima,tcf,True,5,11.93929392939294,6.4320468000426345,8.785714285714285,
11414923,5,catalog_clean_background,long_memory,arima_tcf,arima,tcf,True,6,7.08080808080808,6.3831312318872,8.785714285714285,
11414923,5,catalog_clean_background,long_memory,arima_tcf,arima,tcf,True,7,14.37973797379738,6.380661781224441,10.0,
11414923,5,catalog_clean_background,long_memory,arima_tcf,arima,tcf,True,8,12.104510451045105,6.346275328092238,8.785714285714285,
11414923,5,catalog_clean_background,long_memory,arima_tcf,arima,tcf,True,9,12.292129212921292,6.220737192351925,1.5,
11414923,5,catalog_clean_background,long_memory,arima_tcf,arima,tcf,True,10,2.477147714771477,6.1997875765469725,3.928571428571429,
11414923,5,catalog_clean_background,long_memory,kalman_bls,kalman,bls,True,1,6.114711471147115,8.193696264333889,10.05,
11414923,5,catalog_clean_background,long_memory,kalman_bls,kalman,bls,True,2,6.176317631763176,6.3193672574935755,10.05,
11414923,5,catalog_clean_background,long_memory,kalman_bls,kalman,bls,True,3,6.051705170517051,5.755368309914336,10.05,
11414923,5,catalog_clean_background,long_memory,kalman_bls,kalman,bls,True,4,12.182918291829182,5.4858470349920045,10.05,
11414923,5,catalog_clean_background,long_memory,kalman_bls,kalman,bls,True,5,3.028802880288029,5.215848408070705,10.05,
11414923,5,catalog_clean_background,long_memory,kalman_bls,kalman,bls,True,6,2.045904590459046,4.702577593584863,10.05,
11414923,5,catalog_clean_background,long_memory,kalman_bls,kalman,bls,True,7,12.332733273327332,4.692213698387249,10.05,
11414923,5,catalog_clean_background,long_memory,kalman_bls,kalman,bls,True,8,6.355535553555355,4.467275064070773,10.05,
11414923,5,catalog_clean_background,long_memory,kalman_bls,kalman,bls,True,9,6.2883288328832885,3.4318966782186178,10.05,
11414923,5,catalog_clean_background,long_memory,kalman_bls,kalman,bls,True,10,5.99009900990099,3.4194061370386346,10.05,
11414923,5,catalog_clean_background,long_memory,kalman_tcf,kalman,tcf,True,1,2.444944494449445,6.491970014132241,5.142857142857142,
11414923,5,catalog_clean_background,long_memory,kalman_tcf,kalman,tcf,True,2,14.2005200520052,6.477709432352884,8.785714285714285,
11414923,5,catalog_clean_background,long_memory,kalman_tcf,kalman,tcf,True,3,8.445944594459446,6.3271586622987614,10.0,
11414923,5,catalog_clean_background,long_memory,kalman_tcf,kalman,tcf,True,4,11.498249824982498,6.265602851044848,6.357142857142858,
11414923,5,catalog_clean_background,long_memory,kalman_tcf,kalman,tcf,True,5,8.914991499149915,6.263954016830496,3.928571428571429,
11414923,5,catalog_clean_background,long_memory,kalman_tcf,kalman,tcf,True,6,14.666766676667669,6.241165105532577,1.5,
11414923,5,catalog_clean_background,long_memory,kalman_tcf,kalman,tcf,True,7,14.37973797379738,6.239999527293332,10.0,
11414923,5,catalog_clean_background,long_memory,kalman_tcf,kalman,tcf,True,8,10.98159815981598,6.144892786811562,2.7142857142857144,
11414923,5,catalog_clean_background,long_memory,kalman_tcf,kalman,tcf,True,9,11.978497849784976,6.141528432518619,2.7142857142857144,
11414923,5,catalog_clean_background,long_memory,kalman_tcf,kalman,tcf,True,10,6.958995899589959,6.053677369929427,3.928571428571429,
11414923,5,catalog_clean_background,long_memory,gp_bls,gp,bls,True,1,2.0445044504450447,10.72283749975928,10.05,
11414923,5,catalog_clean_background,long_memory,gp_bls,gp,bls,True,2,4.09010901090109,7.607973725486783,10.05,
11414923,5,catalog_clean_background,long_memory,gp_bls,gp,bls,True,3,6.141314131413141,6.605115204589241,10.05,
11414923,5,catalog_clean_background,long_memory,gp_bls,gp,bls,True,4,6.075507550755075,5.070528575009565,10.05,
11414923,5,catalog_clean_background,long_memory,gp_bls,gp,bls,True,5,8.164516451645165,4.950943578625175,10.05,
11414923,5,catalog_clean_background,long_memory,gp_bls,gp,bls,True,6,12.25992599259926,4.216535697789723,10.05,
11414923,5,catalog_clean_background,long_memory,gp_bls,gp,bls,True,7,6.2057205720572055,4.1950922219490785,10.05,
11414923,5,catalog_clean_background,long_memory,gp_bls,gp,bls,True,8,10.250725072507253,3.958289865391992,10.05,
11414923,5,catalog_clean_background,long_memory,gp_bls,gp,bls,True,9,14.434343434343434,3.9060045162611954,10.05,
11414923,5,catalog_clean_background,long_memory,gp_bls,gp,bls,True,10,3.055405540554055,3.6227515041996474,10.05,
11414923,5,catalog_clean_background,long_memory,gp_tcf,gp,tcf,True,1,2.04030403040304,7.00700088357312,7.571428571428571,
11414923,5,catalog_clean_background,long_memory,gp_tcf,gp,tcf,True,2,8.118311831183117,6.03252835572954,10.0,
11414923,5,catalog_clean_background,long_memory,gp_tcf,gp,tcf,True,3,13.6992699269927,5.933393360934146,10.0,
11414923,5,catalog_clean_background,long_memory,gp_tcf,gp,tcf,True,4,13.886888688868886,5.833441531714985,10.0,
11414923,5,catalog_clean_background,long_memory,gp_tcf,gp,tcf,True,5,3.063806380638064,5.784281826801084,8.785714285714285,
11414923,5,catalog_clean_background,long_memory,gp_tcf,gp,tcf,True,6,4.091509150915091,5.660846328733921,10.0,
11414923,5,catalog_clean_background,long_memory,gp_tcf,gp,tcf,True,7,8.644764476447644,5.611322565423015,7.571428571428571,
11414923,5,catalog_clean_background,long_memory,gp_tcf,gp,tcf,True,8,4.980598059805981,5.604195366403328,8.785714285714285,
11414923,5,catalog_clean_background,long_memory,gp_tcf,gp,tcf,True,9,14.375537553755375,5.57767450842583,10.0,
11414923,5,catalog_clean_background,long_memory,gp_tcf,gp,tcf,True,10,6.155315531553155,5.507362213026778,7.571428571428571,
2571934,5,catalog_clean_background,long_memory,raw_bls,raw,bls,True,1,5.585458545854586,6.692484246763656,10.05,
2571934,5,catalog_clean_background,long_memory,raw_bls,raw,bls,True,2,5.525252525252525,6.321250944882648,10.05,
2571934,5,catalog_clean_background,long_memory,raw_bls,raw,bls,True,3,5.465046504650465,5.579823810547266,10.05,
2571934,5,catalog_clean_background,long_memory,raw_bls,raw,bls,True,4,5.665266526652665,4.423736359004515,10.05,
2571934,5,catalog_clean_background,long_memory,raw_bls,raw,bls,True,5,5.407640764076407,4.401828721337598,10.05,
2571934,5,catalog_clean_background,long_memory,raw_bls,raw,bls,True,6,11.205620562056206,4.259682101513131,10.05,
2571934,5,catalog_clean_background,long_memory,raw_bls,raw,bls,True,7,11.027802780278028,4.136102850297176,10.05,
2571934,5,catalog_clean_background,long_memory,raw_bls,raw,bls,True,8,10.911591159115911,3.198505917429423,10.05,
2571934,5,catalog_clean_background,long_memory,raw_bls,raw,bls,True,9,5.722672267226723,3.1474147875383855,10.05,
2571934,5,catalog_clean_background,long_memory,raw_bls,raw,bls,True,10,11.33023302330233,2.6922891498752675,10.05,
2571934,5,catalog_clean_background,long_memory,raw_tcf,raw,tcf,True,1,14.376937693769376,3.8066993293142657,10.0,
2571934,5,catalog_clean_background,long_memory,raw_tcf,raw,tcf,True,2,5.336233623362336,3.5428188571816728,10.0,
2571934,5,catalog_clean_background,long_memory,raw_tcf,raw,tcf,True,3,11.06140614061406,3.533495287780285,10.0,
2571934,5,catalog_clean_background,long_memory,raw_tcf,raw,tcf,True,4,12.048504850485047,3.4948068857852044,8.785714285714285,
2571934,5,catalog_clean_background,long_memory,raw_tcf,raw,tcf,True,5,5.6064606460646065,3.4858974613124176,10.0,
2571934,5,catalog_clean_background,long_memory,raw_tcf,raw,tcf,True,6,12.738773877387738,3.4661545802733227,8.785714285714285,
2571934,5,catalog_clean_background,long_memory,raw_tcf,raw,tcf,True,7,14.031103110311031,3.463948667064524,8.785714285714285,
2571934,5,catalog_clean_background,long_memory,raw_tcf,raw,tcf,True,8,11.251825182518251,3.454538780742136,8.785714285714285,
2571934,5,catalog_clean_background,long_memory,raw_tcf,raw,tcf,True,9,7.428042804280428,3.3877778871818713,7.571428571428571,
2571934,5,catalog_clean_background,long_memory,raw_tcf,raw,tcf,True,10,5.418841884188419,3.379785297659661,8.785714285714285,
2571934,5,catalog_clean_background,long_memory,arima_bls,arima,bls,True,1,12.665966596659665,5.618897469243819,1.5,
2571934,5,catalog_clean_background,long_memory,arima_bls,arima,bls,True,2,13.206420642064206,5.450906587079478,1.5,
2571934,5,catalog_clean_background,long_memory,arima_bls,arima,bls,True,3,14.647164716471648,5.310405220477833,1.5,
2571934,5,catalog_clean_background,long_memory,arima_bls,arima,bls,True,4,14.817981798179815,5.186165993269284,2.7,
2571934,5,catalog_clean_background,long_memory,arima_bls,arima,bls,True,5,8.077707770777078,5.086022090528913,1.5,
2571934,5,catalog_clean_background,long_memory,arima_bls,arima,bls,True,6,8.952795279527953,4.601689085180027,1.5,
2571934,5,catalog_clean_background,long_memory,arima_bls,arima,bls,True,7,13.462646264626462,4.305024785972209,1.5,
2571934,5,catalog_clean_background,long_memory,arima_bls,arima,bls,True,8,9.843284328432842,4.150288334488846,1.5,
2571934,5,catalog_clean_background,long_memory,arima_bls,arima,bls,True,9,13.032803280328032,4.112024434114887,1.5,
2571934,5,catalog_clean_background,long_memory,arima_bls,arima,bls,True,10,12.317331733173315,4.002946764618778,1.5,
2571934,5,catalog_clean_background,long_memory,arima_tcf,arima,tcf,True,1,13.48084808480848,7.20850366423416,6.357142857142858,
2571934,5,catalog_clean_background,long_memory,arima_tcf,arima,tcf,True,2,14.197719771977198,6.62937320802085,1.5,
2571934,5,catalog_clean_background,long_memory,arima_tcf,arima,tcf,True,3,7.015001500150015,6.490418054227017,3.928571428571429,
2571934,5,catalog_clean_background,long_memory,arima_tcf,arima,tcf,True,4,4.610961096109611,6.469774683941144,7.571428571428571,
2571934,5,catalog_clean_background,long_memory,arima_tcf,arima,tcf,True,5,13.16021602160216,6.428832549869718,3.928571428571429,
2571934,5,catalog_clean_background,long_memory,arima_tcf,arima,tcf,True,6,5.659665966596659,6.343880330105953,1.5,
2571934,5,catalog_clean_background,long_memory,arima_tcf,arima,tcf,True,7,4.857385738573857,6.30203328809405,2.7142857142857144,
2571934,5,catalog_clean_background,long_memory,arima_tcf,arima,tcf,True,8,9.182418241824182,6.28979837331914,5.142857142857142,
2571934,5,catalog_clean_background,long_memory,arima_tcf,arima,tcf,True,9,7.575057505750575,6.2694050063871956,7.571428571428571,
2571934,5,catalog_clean_background,long_memory,arima_tcf,arima,tcf,True,10,14.922992299229923,6.269178753105335,1.5,
2571934,5,catalog_clean_background,long_memory,kalman_bls,kalman,bls,True,1,5.589658965896589,7.10892357001344,10.05,
2571934,5,catalog_clean_background,long_memory,kalman_bls,kalman,bls,True,2,5.645664566456645,5.732952805682669,10.05,
2571934,5,catalog_clean_background,long_memory,kalman_bls,kalman,bls,True,3,11.271427142714272,4.608067866368502,10.05,
2571934,5,catalog_clean_background,long_memory,kalman_bls,kalman,bls,True,4,5.505650565056506,4.516683149127528,10.05,
2571934,5,catalog_clean_background,long_memory,kalman_bls,kalman,bls,True,5,5.407640764076407,4.156121928759753,8.850000000000001,
2571934,5,catalog_clean_background,long_memory,kalman_bls,kalman,bls,True,6,12.318731873187318,3.838570687602256,1.5,
2571934,5,catalog_clean_background,long_memory,kalman_bls,kalman,bls,True,7,13.464046404640465,3.82352903375205,1.5,
2571934,5,catalog_clean_background,long_memory,kalman_bls,kalman,bls,True,8,11.135613561356136,3.784664169405167,2.7,
2571934,5,catalog_clean_background,long_memory,kalman_bls,kalman,bls,True,9,9.878287828782875,3.737458162227694,2.7,
2571934,5,catalog_clean_background,long_memory,kalman_bls,kalman,bls,True,10,2.8229822982298227,3.724268161676601,10.05,
2571934,5,catalog_clean_background,long_memory,kalman_tcf,kalman,tcf,True,1,3.014801480148015,6.747164881671122,3.928571428571429,
2571934,5,catalog_clean_background,long_memory,kalman_tcf,kalman,tcf,True,2,14.004500450045004,6.508805645062373,8.785714285714285,
2571934,5,catalog_clean_background,long_memory,kalman_tcf,kalman,tcf,True,3,13.396839683968397,6.4258181437605995,1.5,
2571934,5,catalog_clean_background,long_memory,kalman_tcf,kalman,tcf,True,4,14.35033503350335,6.3557762435907765,1.5,
2571934,5,catalog_clean_background,long_memory,kalman_tcf,kalman,tcf,True,5,4.2875287528752875,6.173865340702143,5.142857142857142,
2571934,5,catalog_clean_background,long_memory,kalman_tcf,kalman,tcf,True,6,11.614461446144617,6.169474398123593,2.7142857142857144,
2571934,5,catalog_clean_background,long_memory,kalman_tcf,kalman,tcf,True,7,12.024702470247025,6.0877822038659595,7.571428571428571,
2571934,5,catalog_clean_background,long_memory,kalman_tcf,kalman,tcf,True,8,10.87938793879388,6.082305863256989,7.571428571428571,
2571934,5,catalog_clean_background,long_memory,kalman_tcf,kalman,tcf,True,9,12.48954895489549,6.019463986536977,1.5,
2571934,5,catalog_clean_background,long_memory,kalman_tcf,kalman,tcf,True,10,11.026402640264026,6.010588733002672,7.571428571428571,
2571934,5,catalog_clean_background,long_memory,gp_bls,gp,bls,True,1,5.285828582858286,3.2079755027858092,10.05,
2571934,5,catalog_clean_background,long_memory,gp_bls,gp,bls,True,2,9.862886288628864,3.143540901816128,10.05,
2571934,5,catalog_clean_background,long_memory,gp_bls,gp,bls,True,3,5.379637963796379,3.097199262348652,10.05,
2571934,5,catalog_clean_background,long_memory,gp_bls,gp,bls,True,4,4.9315931593159315,3.0680501559402056,10.05,
2571934,5,catalog_clean_background,long_memory,gp_bls,gp,bls,True,5,1.7616761676167616,2.9432937604588787,10.05,
2571934,5,catalog_clean_background,long_memory,gp_bls,gp,bls,True,6,4.981998199819982,2.856864219080327,10.05,
2571934,5,catalog_clean_background,long_memory,gp_bls,gp,bls,True,7,8.805780578057806,2.6744754583668637,10.05,
2571934,5,catalog_clean_background,long_memory,gp_bls,gp,bls,True,8,7.0668066806680665,2.599072818640862,10.05,
2571934,5,catalog_clean_background,long_memory,gp_bls,gp,bls,True,9,14.998599859985998,2.5391363558484277,10.05,
2571934,5,catalog_clean_background,long_memory,gp_bls,gp,bls,True,10,10.593759375937594,2.4263300583701684,7.5,
2571934,5,catalog_clean_background,long_memory,gp_tcf,gp,tcf,True,1,7.013601360136014,7.32071131230272,8.785714285714285,
2571934,5,catalog_clean_background,long_memory,gp_tcf,gp,tcf,True,2,14.005900590059005,7.1554229115284045,8.785714285714285,
2571934,5,catalog_clean_background,long_memory,gp_tcf,gp,tcf,True,3,14.376937693769376,6.72417421006712,10.0,
2571934,5,catalog_clean_background,long_memory,gp_tcf,gp,tcf,True,4,9.88948894889489,6.41511592887763,7.571428571428571,
2571934,5,catalog_clean_background,long_memory,gp_tcf,gp,tcf,True,5,4.944194419441944,6.205096353176564,10.0,
2571934,5,catalog_clean_background,long_memory,gp_tcf,gp,tcf,True,6,6.562756275627563,6.179692826814423,8.785714285714285,
2571934,5,catalog_clean_background,long_memory,gp_tcf,gp,tcf,True,7,11.026402640264026,6.164655497707597,7.571428571428571,
2571934,5,catalog_clean_background,long_memory,gp_tcf,gp,tcf,True,8,11.536053605360536,6.109729809375493,7.571428571428571,
2571934,5,catalog_clean_background,long_memory,gp_tcf,gp,tcf,True,9,7.232023202320232,6.016862281257718,7.571428571428571,
2571934,5,catalog_clean_background,long_memory,gp_tcf,gp,tcf,True,10,10.077107710771076,5.949698632752894,7.571428571428571,
7989712,5,catalog_clean_background,long_memory,raw_bls,raw,bls,True,1,3.0722072207220723,12.332293023677224,10.05,
7989712,5,catalog_clean_background,long_memory,raw_bls,raw,bls,True,2,3.0246024602460246,8.714543346195924,10.05,
7989712,5,catalog_clean_background,long_memory,raw_bls,raw,bls,True,3,6.151115111511151,7.95406863674252,10.05,
7989712,5,catalog_clean_background,long_memory,raw_bls,raw,bls,True,4,9.216021602160216,6.82335355028712,10.05,
7989712,5,catalog_clean_background,long_memory,raw_bls,raw,bls,True,5,6.06990699069907,5.68748065056976,10.05,
7989712,5,catalog_clean_background,long_memory,raw_bls,raw,bls,True,6,12.283728372837285,5.250354413867618,10.05,
7989712,5,catalog_clean_background,long_memory,raw_bls,raw,bls,True,7,6.006900690069007,5.051122196875764,10.05,
7989712,5,catalog_clean_background,long_memory,raw_bls,raw,bls,True,8,9.115211521152116,4.627501077733304,10.05,
7989712,5,catalog_clean_background,long_memory,raw_bls,raw,bls,True,9,9.01860186018602,4.482229271799657,10.05,
7989712,5,catalog_clean_background,long_memory,raw_bls,raw,bls,True,10,12.16051605160516,4.229947414777548,10.05,
7989712,5,catalog_clean_background,long_memory,raw_tcf,raw,tcf,True,1,3.069406940694069,6.147660225142614,10.0,
7989712,5,catalog_clean_background,long_memory,raw_tcf,raw,tcf,True,2,3.037203720372037,5.631956187593254,10.0,
7989712,5,catalog_clean_background,long_memory,raw_tcf,raw,tcf,True,3,6.14971497149715,4.537153723770093,10.0,
7989712,5,catalog_clean_background,long_memory,raw_tcf,raw,tcf,True,4,9.137613761376135,4.227587663703694,10.0,
7989712,5,catalog_clean_background,long_memory,raw_tcf,raw,tcf,True,5,6.068506850685068,4.079134646009199,10.0,
7989712,5,catalog_clean_background,long_memory,raw_tcf,raw,tcf,True,6,1.5404540454045406,4.050983576249294,10.0,
7989712,5,catalog_clean_background,long_memory,raw_tcf,raw,tcf,True,7,2.9965996599659963,3.9540645470211593,10.0,
7989712,5,catalog_clean_background,long_memory,raw_tcf,raw,tcf,True,8,9.249624962496249,3.624381556874641,10.0,
7989712,5,catalog_clean_background,long_memory,raw_tcf,raw,tcf,True,9,3.103010301030103,3.587490517166254,10.0,
7989712,5,catalog_clean_background,long_memory,raw_tcf,raw,tcf,True,10,12.212321232123212,3.322576462467573,10.0,
7989712,5,catalog_clean_background,long_memory,arima_bls,arima,bls,True,1,3.0078007800780076,8.15961668702967,10.05,
7989712,5,catalog_clean_background,long_memory,arima_bls,arima,bls,True,2,3.0722072207220723,7.463018702139938,10.05,
7989712,5,catalog_clean_background,long_memory,arima_bls,arima,bls,True,3,3.1184118411841184,7.141564853538486,10.05,
7989712,5,catalog_clean_background,long_memory,arima_bls,arima,bls,True,4,1.5026502650265026,5.727076417066216,10.05,
7989712,5,catalog_clean_background,long_memory,arima_bls,arima,bls,True,5,6.020902090209021,5.020213815302704,10.05,
7989712,5,catalog_clean_background,long_memory,arima_bls,arima,bls,True,6,1.5278527852785275,4.881144349172292,10.05,
7989712,5,catalog_clean_background,long_memory,arima_bls,arima,bls,True,7,6.153915391539154,4.742190546406463,10.05,
7989712,5,catalog_clean_background,long_memory,arima_bls,arima,bls,True,8,1.0,4.425033018614227,10.05,
7989712,5,catalog_clean_background,long_memory,arima_bls,arima,bls,True,9,9.028402840284029,4.125328579711271,10.05,
7989712,5,catalog_clean_background,long_memory,arima_bls,arima,bls,True,10,6.237923792379238,3.9890237545291423,10.05,
7989712,5,catalog_clean_background,long_memory,arima_tcf,arima,tcf,True,1,12.192719271927192,6.623123530384904,8.785714285714285,
7989712,5,catalog_clean_background,long_memory,arima_tcf,arima,tcf,True,2,3.042804280428043,6.614874334021251,8.785714285714285,
7989712,5,catalog_clean_background,long_memory,arima_tcf,arima,tcf,True,3,10.281528152815282,6.420097639183451,10.0,
7989712,5,catalog_clean_background,long_memory,arima_tcf,arima,tcf,True,4,2.9965996599659963,6.299327769075317,10.0,
7989712,5,catalog_clean_background,long_memory,arima_tcf,arima,tcf,True,5,3.0736073607360734,6.090042404312987,8.785714285714285,
7989712,5,catalog_clean_background,long_memory,arima_tcf,arima,tcf,True,6,5.974697469746975,5.928932092224328,7.571428571428571,
7989712,5,catalog_clean_background,long_memory,arima_tcf,arima,tcf,True,7,9.003200320032002,5.84623330423855,8.785714285714285,
7989712,5,catalog_clean_background,long_memory,arima_tcf,arima,tcf,True,8,12.012101210121012,5.730544540837481,10.0,
7989712,5,catalog_clean_background,long_memory,arima_tcf,arima,tcf,True,9,11.047404740474049,5.630524085347656,7.571428571428571,
7989712,5,catalog_clean_background,long_memory,arima_tcf,arima,tcf,True,10,10.431343134313432,5.586953627624043,8.785714285714285,
7989712,5,catalog_clean_background,long_memory,kalman_bls,kalman,bls,True,1,3.0106010601060107,8.167562712726284,10.05,
7989712,5,catalog_clean_background,long_memory,kalman_bls,kalman,bls,True,2,3.0722072207220723,7.492064366161651,10.05,
7989712,5,catalog_clean_background,long_memory,kalman_bls,kalman,bls,True,3,3.11981198119812,7.086906223111372,10.05,
7989712,5,catalog_clean_background,long_memory,kalman_bls,kalman,bls,True,4,1.5026502650265026,5.661813285854632,10.05,
7989712,5,catalog_clean_background,long_memory,kalman_bls,kalman,bls,True,5,6.020902090209021,5.036599705230491,10.05,
7989712,5,catalog_clean_background,long_memory,kalman_bls,kalman,bls,True,6,1.5278527852785275,4.854100279282033,10.05,
7989712,5,catalog_clean_background,long_memory,kalman_bls,kalman,bls,True,7,6.144114411441144,4.640707016407129,10.05,
7989712,5,catalog_clean_background,long_memory,kalman_bls,kalman,bls,True,8,1.0,4.417135397851871,10.05,
7989712,5,catalog_clean_background,long_memory,kalman_bls,kalman,bls,True,9,8.983598359835984,4.089100891491,10.05,
7989712,5,catalog_clean_background,long_memory,kalman_bls,kalman,bls,True,10,6.237923792379238,3.9604704470901417,10.05,
7989712,5,catalog_clean_background,long_memory,kalman_tcf,kalman,tcf,True,1,3.042804280428043,6.590063135505804,8.785714285714285,
7989712,5,catalog_clean_background,long_memory,kalman_tcf,kalman,tcf,True,2,12.192719271927192,6.584712865647478,8.785714285714285,
7989712,5,catalog_clean_background,long_memory,kalman_tcf,kalman,tcf,True,3,10.281528152815282,6.4692445961937874,10.0,
7989712,5,catalog_clean_background,long_memory,kalman_tcf,kalman,tcf,True,4,2.9965996599659963,6.203110117050287,10.0,
7989712,5,catalog_clean_background,long_memory,kalman_tcf,kalman,tcf,True,5,3.0736073607360734,6.009066493120908,8.785714285714285,
7989712,5,catalog_clean_background,long_memory,kalman_tcf,kalman,tcf,True,6,9.003200320032002,5.7774844282806415,8.785714285714285,
7989712,5,catalog_clean_background,long_memory,kalman_tcf,kalman,tcf,True,7,6.009700970097009,5.723066384017839,7.571428571428571,
7989712,5,catalog_clean_background,long_memory,kalman_tcf,kalman,tcf,True,8,6.170717071707171,5.689544106906374,8.785714285714285,
7989712,5,catalog_clean_background,long_memory,kalman_tcf,kalman,tcf,True,9,12.012101210121012,5.682028983744195,10.0,
7989712,5,catalog_clean_background,long_memory,kalman_tcf,kalman,tcf,True,10,11.047404740474049,5.586765155631314,7.571428571428571,
7989712,5,catalog_clean_background,long_memory,gp_bls,gp,bls,True,1,3.0722072207220723,12.333162587662722,10.05,
7989712,5,catalog_clean_background,long_memory,gp_bls,gp,bls,True,2,3.0246024602460246,8.712573663847847,10.05,
7989712,5,catalog_clean_background,long_memory,gp_bls,gp,bls,True,3,6.151115111511151,7.96038314886802,10.05,
7989712,5,catalog_clean_background,long_memory,gp_bls,gp,bls,True,4,9.216021602160216,6.82706331817128,10.05,
7989712,5,catalog_clean_background,long_memory,gp_bls,gp,bls,True,5,6.06990699069907,5.680275506709641,10.05,
7989712,5,catalog_clean_background,long_memory,gp_bls,gp,bls,True,6,12.283728372837285,5.241874302872738,10.05,
7989712,5,catalog_clean_background,long_memory,gp_bls,gp,bls,True,7,6.006900690069007,5.04356442892811,10.05,
7989712,5,catalog_clean_background,long_memory,gp_bls,gp,bls,True,8,9.115211521152116,4.6204032826296855,10.05,
7989712,5,catalog_clean_background,long_memory,gp_bls,gp,bls,True,9,9.01860186018602,4.474895784974194,10.05,
7989712,5,catalog_clean_background,long_memory,gp_bls,gp,bls,True,10,12.16051605160516,4.220322395770833,10.05,
7989712,5,catalog_clean_background,long_memory,gp_tcf,gp,tcf,True,1,3.069406940694069,6.101062897690695,10.0,
7989712,5,catalog_clean_background,long_memory,gp_tcf,gp,tcf,True,2,3.037203720372037,5.589223140091609,10.0,
7989712,5,catalog_clean_background,long_memory,gp_tcf,gp,tcf,True,3,6.151115111511151,4.502130000145889,10.0,
7989712,5,catalog_clean_background,long_memory,gp_tcf,gp,tcf,True,4,9.137613761376135,4.194487459930962,10.0,
7989712,5,catalog_clean_background,long_memory,gp_tcf,gp,tcf,True,5,6.051705170517051,4.047999091755165,10.0,
7989712,5,catalog_clean_background,long_memory,gp_tcf,gp,tcf,True,6,1.5404540454045406,4.019009109314215,10.0,
7989712,5,catalog_clean_background,long_memory,gp_tcf,gp,tcf,True,7,2.9965996599659963,3.922784814866277,10.0,
7989712,5,catalog_clean_background,long_memory,gp_tcf,gp,tcf,True,8,9.234223422342234,3.597357870583913,10.0,
7989712,5,catalog_clean_background,long_memory,gp_tcf,gp,tcf,True,9,3.103010301030103,3.559195786641301,10.0,
7989712,5,catalog_clean_background,long_memory,gp_tcf,gp,tcf,True,10,12.212321232123212,3.297437251584343,10.0,
3832957,5,catalog_clean_background,long_memory,raw_bls,raw,bls,True,1,11.319031903190318,1.732120776464969,10.05,
3832957,5,catalog_clean_background,long_memory,raw_bls,raw,bls,True,2,11.961696169616962,1.6316588851177602,10.05,
3832957,5,catalog_clean_background,long_memory,raw_bls,raw,bls,True,3,11.691469146914692,1.5394402282457131,10.05,
3832957,5,catalog_clean_background,long_memory,raw_bls,raw,bls,True,4,12.436343634363435,1.5298393432209043,10.05,
3832957,5,catalog_clean_background,long_memory,raw_bls,raw,bls,True,5,12.11851185118512,1.5093551269034653,10.05,
3832957,5,catalog_clean_background,long_memory,raw_bls,raw,bls,True,6,11.432443244324432,1.45805258268672,10.05,
3832957,5,catalog_clean_background,long_memory,raw_bls,raw,bls,True,7,11.828682868286828,1.415285696564915,10.05,
3832957,5,catalog_clean_background,long_memory,raw_bls,raw,bls,True,8,12.565156515651564,1.3862119542320932,10.05,
3832957,5,catalog_clean_background,long_memory,raw_bls,raw,bls,True,9,13.907890789078907,1.3763330812359411,10.05,
3832957,5,catalog_clean_background,long_memory,raw_bls,raw,bls,True,10,13.53965396539654,1.2852089228903567,10.05,
3832957,5,catalog_clean_background,long_memory,raw_tcf,raw,tcf,True,1,11.611661166116612,2.5450610707677144,10.0,
3832957,5,catalog_clean_background,long_memory,raw_tcf,raw,tcf,True,2,13.709070907090709,2.4813143906392967,6.357142857142858,
3832957,5,catalog_clean_background,long_memory,raw_tcf,raw,tcf,True,3,13.958295829582958,2.460144829152201,7.571428571428571,
3832957,5,catalog_clean_background,long_memory,raw_tcf,raw,tcf,True,4,6.516551655165516,2.4332202672660026,5.142857142857142,
3832957,5,catalog_clean_background,long_memory,raw_tcf,raw,tcf,True,5,10.63156315631563,2.40397816279328,2.7142857142857144,
3832957,5,catalog_clean_background,long_memory,raw_tcf,raw,tcf,True,6,13.325432543254324,2.3869627979650505,10.0,
3832957,5,catalog_clean_background,long_memory,raw_tcf,raw,tcf,True,7,6.282728272827282,2.37625865839144,7.571428571428571,
3832957,5,catalog_clean_background,long_memory,raw_tcf,raw,tcf,True,8,8.647564756475647,2.371289176068343,6.357142857142858,
3832957,5,catalog_clean_background,long_memory,raw_tcf,raw,tcf,True,9,9.888088808880887,2.344806216807476,8.785714285714285,
3832957,5,catalog_clean_background,long_memory,raw_tcf,raw,tcf,True,10,5.004400440044004,2.3417866394041993,10.0,
3832957,5,catalog_clean_background,long_memory,arima_bls,arima,bls,True,1,12.983798379837983,5.090887753284116,1.5,
3832957,5,catalog_clean_background,long_memory,arima_bls,arima,bls,True,2,11.774077407740776,4.74134483447617,1.5,
3832957,5,catalog_clean_background,long_memory,arima_bls,arima,bls,True,3,10.30953095309531,4.613468102961565,1.5,
3832957,5,catalog_clean_background,long_memory,arima_bls,arima,bls,True,4,12.541354135413542,4.288684954781489,1.5,
3832957,5,catalog_clean_background,long_memory,arima_bls,arima,bls,True,5,10.833183318331834,4.25405901360526,1.5,
3832957,5,catalog_clean_background,long_memory,arima_bls,arima,bls,True,6,14.887988798879888,4.10545340616924,1.5,
3832957,5,catalog_clean_background,long_memory,arima_bls,arima,bls,True,7,14.683568356835684,4.065514544382781,1.5,
3832957,5,catalog_clean_background,long_memory,arima_bls,arima,bls,True,8,13.318431843184316,3.976181310833909,1.5,
3832957,5,catalog_clean_background,long_memory,arima_bls,arima,bls,True,9,10.97179717971797,3.95258661512123,1.5,
3832957,5,catalog_clean_background,long_memory,arima_bls,arima,bls,True,10,10.638563856385638,3.845717992680475,1.5,
3832957,5,catalog_clean_background,long_memory,arima_tcf,arima,tcf,True,1,7.198419841984198,6.395421531054172,3.928571428571429,
3832957,5,catalog_clean_background,long_memory,arima_tcf,arima,tcf,True,2,11.6004600460046,6.265011088561164,10.0,
3832957,5,catalog_clean_background,long_memory,arima_tcf,arima,tcf,True,3,7.328632863286328,6.217236951909425,2.7142857142857144,
3832957,5,catalog_clean_background,long_memory,arima_tcf,arima,tcf,True,4,10.533553355335531,6.207733295041635,10.0,
3832957,5,catalog_clean_background,long_memory,arima_tcf,arima,tcf,True,5,6.352735273527353,6.179697809196721,5.142857142857142,
3832957,5,catalog_clean_background,long_memory,arima_tcf,arima,tcf,True,6,11.292429242924293,6.154593213666698,2.7142857142857144,
3832957,5,catalog_clean_background,long_memory,arima_tcf,arima,tcf,True,7,14.318131813181315,6.105387308765224,7.571428571428571,
3832957,5,catalog_clean_background,long_memory,arima_tcf,arima,tcf,True,8,4.447144714471447,6.041573898562248,8.785714285714285,
3832957,5,catalog_clean_background,long_memory,arima_tcf,arima,tcf,True,9,2.3693369336933694,5.925676905257135,8.785714285714285,
3832957,5,catalog_clean_background,long_memory,arima_tcf,arima,tcf,True,10,13.086008600860085,5.882803890808311,3.928571428571429,
3832957,5,catalog_clean_background,long_memory,kalman_bls,kalman,bls,True,1,13.682468246824682,4.158843720394514,1.5,
3832957,5,catalog_clean_background,long_memory,kalman_bls,kalman,bls,True,2,14.015701570157017,3.9780792241676326,1.5,
3832957,5,catalog_clean_background,long_memory,kalman_bls,kalman,bls,True,3,11.965896589658966,3.889171692510197,1.5,
3832957,5,catalog_clean_background,long_memory,kalman_bls,kalman,bls,True,4,14.574357435743574,3.8828351840470696,1.5,
3832957,5,catalog_clean_background,long_memory,kalman_bls,kalman,bls,True,5,7.815881588158816,3.652105768975795,1.5,
3832957,5,catalog_clean_background,long_memory,kalman_bls,kalman,bls,True,6,12.985198519851984,3.6331903111611656,1.5,
3832957,5,catalog_clean_background,long_memory,kalman_bls,kalman,bls,True,7,8.585958595859585,3.3471412253642225,1.5,
3832957,5,catalog_clean_background,long_memory,kalman_bls,kalman,bls,True,8,12.595959595959595,3.2219678698810843,1.5,
3832957,5,catalog_clean_background,long_memory,kalman_bls,kalman,bls,True,9,10.014101410141016,3.0323411686525965,2.7,
3832957,5,catalog_clean_background,long_memory,kalman_bls,kalman,bls,True,10,7.281028102810281,3.012690646931909,1.5,
3832957,5,catalog_clean_background,long_memory,kalman_tcf,kalman,tcf,True,1,12.475547554755476,6.373217287911368,3.928571428571429,
3832957,5,catalog_clean_background,long_memory,kalman_tcf,kalman,tcf,True,2,6.796579657965796,6.245913990634407,6.357142857142858,
3832957,5,catalog_clean_background,long_memory,kalman_tcf,kalman,tcf,True,3,11.895889588958896,6.074997672495608,10.0,
3832957,5,catalog_clean_background,long_memory,kalman_tcf,kalman,tcf,True,4,6.548754875487549,6.020753497487401,2.7142857142857144,
3832957,5,catalog_clean_background,long_memory,kalman_tcf,kalman,tcf,True,5,5.197619761976197,5.946515133422007,8.785714285714285,
3832957,5,catalog_clean_background,long_memory,kalman_tcf,kalman,tcf,True,6,9.722872287228723,5.857679707383526,8.785714285714285,
3832957,5,catalog_clean_background,long_memory,kalman_tcf,kalman,tcf,True,7,5.050605060506051,5.848910193014685,2.7142857142857144,
3832957,5,catalog_clean_background,long_memory,kalman_tcf,kalman,tcf,True,8,11.13001300130013,5.825029769145609,3.928571428571429,
3832957,5,catalog_clean_background,long_memory,kalman_tcf,kalman,tcf,True,9,9.16001600160016,5.7585834947096055,3.928571428571429,
3832957,5,catalog_clean_background,long_memory,kalman_tcf,kalman,tcf,True,10,11.594859485948597,5.741411610084002,10.0,
3832957,5,catalog_clean_background,long_memory,gp_bls,gp,bls,True,1,3.019001900190019,3.663892807123773,10.05,
3832957,5,catalog_clean_background,long_memory,gp_bls,gp,bls,True,2,2.986798679867986,2.99399754662805,10.05,
3832957,5,catalog_clean_background,long_memory,gp_bls,gp,bls,True,3,14.995799579957996,2.9656175615397085,10.05,
3832957,5,catalog_clean_background,long_memory,gp_bls,gp,bls,True,4,10.31093109310931,2.7271458152814687,10.05,
3832957,5,catalog_clean_background,long_memory,gp_bls,gp,bls,True,5,4.997399739973997,2.6915860651591355,6.300000000000001,
3832957,5,catalog_clean_background,long_memory,gp_bls,gp,bls,True,6,8.945794579457946,2.6252654943085414,10.05,
3832957,5,catalog_clean_background,long_memory,gp_bls,gp,bls,True,7,9.993099309930994,2.582891470444841,5.1000000000000005,
3832957,5,catalog_clean_background,long_memory,gp_bls,gp,bls,True,8,14.754975497549754,2.4143981148442175,10.05,
3832957,5,catalog_clean_background,long_memory,gp_bls,gp,bls,True,9,9.693469346934693,2.358824517441462,8.850000000000001,
3832957,5,catalog_clean_background,long_memory,gp_bls,gp,bls,True,10,11.312031203120313,2.239309491235258,10.05,
3832957,5,catalog_clean_background,long_memory,gp_tcf,gp,tcf,True,1,13.325432543254324,6.482263051175504,10.0,
3832957,5,catalog_clean_background,long_memory,gp_tcf,gp,tcf,True,2,6.781178117811781,6.451570008162315,7.571428571428571,
3832957,5,catalog_clean_background,long_memory,gp_tcf,gp,tcf,True,3,10.63156315631563,6.1392124229038005,2.7142857142857144,
3832957,5,catalog_clean_background,long_memory,gp_tcf,gp,tcf,True,4,5.004400440044004,6.12836804919001,10.0,
3832957,5,catalog_clean_background,long_memory,gp_tcf,gp,tcf,True,5,11.611661166116612,6.104696753780695,10.0,
3832957,5,catalog_clean_background,long_memory,gp_tcf,gp,tcf,True,6,6.1609160916091605,5.988550935189363,6.357142857142858,
3832957,5,catalog_clean_background,long_memory,gp_tcf,gp,tcf,True,7,6.282728272827282,5.883898614690577,7.571428571428571,
3832957,5,catalog_clean_background,long_memory,gp_tcf,gp,tcf,True,8,12.474147414741472,5.835098379134031,3.928571428571429,
3832957,5,catalog_clean_background,long_memory,gp_tcf,gp,tcf,True,9,6.872187218721872,5.747058741234448,7.571428571428571,
3832957,5,catalog_clean_background,long_memory,gp_tcf,gp,tcf,True,10,9.832083208320832,5.716199180447244,6.357142857142858,
8038388,5,catalog_clean_background,long_memory,raw_bls,raw,bls,True,1,12.994999499949994,4.0487800381037795,10.05,
8038388,5,catalog_clean_background,long_memory,raw_bls,raw,bls,True,2,13.137813781378137,3.9473548909122913,10.05,
8038388,5,catalog_clean_background,long_memory,raw_bls,raw,bls,True,3,12.856385638563856,3.855954382349963,10.05,
8038388,5,catalog_clean_background,long_memory,raw_bls,raw,bls,True,4,13.28062806280628,3.761646336684066,10.05,
8038388,5,catalog_clean_background,long_memory,raw_bls,raw,bls,True,5,13.426242624262423,3.591849064643138,10.05,
8038388,5,catalog_clean_background,long_memory,raw_bls,raw,bls,True,6,12.723372337233725,3.4829889959735185,10.05,
8038388,5,catalog_clean_background,long_memory,raw_bls,raw,bls,True,7,13.566256625662566,3.3369730207417594,10.05,
8038388,5,catalog_clean_background,long_memory,raw_bls,raw,bls,True,8,13.709070907090709,2.7907827906611247,10.05,
8038388,5,catalog_clean_background,long_memory,raw_bls,raw,bls,True,9,12.595959595959595,2.762374176355606,10.05,
8038388,5,catalog_clean_background,long_memory,raw_bls,raw,bls,True,10,11.83008300830083,2.607376187528741,10.05,
8038388,5,catalog_clean_background,long_memory,raw_tcf,raw,tcf,True,1,4.5003500350035,1.3616452883307597,10.0,
8038388,5,catalog_clean_background,long_memory,raw_tcf,raw,tcf,True,2,13.291829182918292,1.313251677506664,10.0,
8038388,5,catalog_clean_background,long_memory,raw_tcf,raw,tcf,True,3,4.42054205420542,1.3015987830737634,10.0,
8038388,5,catalog_clean_background,long_memory,raw_tcf,raw,tcf,True,4,8.886988698869887,1.2613817102840423,8.785714285714285,
8038388,5,catalog_clean_background,long_memory,raw_tcf,raw,tcf,True,5,8.982198219821981,1.2577816197801177,10.0,
8038388,5,catalog_clean_background,long_memory,raw_tcf,raw,tcf,True,6,8.703570357035703,1.1748609515739885,10.0,
8038388,5,catalog_clean_background,long_memory,raw_tcf,raw,tcf,True,7,13.431843184318431,1.125729339149954,10.0,
8038388,5,catalog_clean_background,long_memory,raw_tcf,raw,tcf,True,8,13.126612661266126,1.112037231905144,10.0,
8038388,5,catalog_clean_background,long_memory,raw_tcf,raw,tcf,True,9,9.08020802080208,1.104777773366269,10.0,
8038388,5,catalog_clean_background,long_memory,raw_tcf,raw,tcf,True,10,4.374337433743374,1.0898784634607124,10.0,
8038388,5,catalog_clean_background,long_memory,arima_bls,arima,bls,True,1,13.305830583058306,6.211075749720523,10.05,
8038388,5,catalog_clean_background,long_memory,arima_bls,arima,bls,True,2,13.452845284528452,5.4986350981394985,10.05,
8038388,5,catalog_clean_background,long_memory,arima_bls,arima,bls,True,3,4.466746674667466,5.102975179341187,10.05,
8038388,5,catalog_clean_background,long_memory,arima_bls,arima,bls,True,4,13.16021602160216,4.466300066625211,10.05,
8038388,5,catalog_clean_background,long_memory,arima_bls,arima,bls,True,5,4.42054205420542,4.190517317929508,10.05,
8038388,5,catalog_clean_background,long_memory,arima_bls,arima,bls,True,6,13.591459145914593,4.135720278694298,10.05,
8038388,5,catalog_clean_background,long_memory,arima_bls,arima,bls,True,7,12.906790679067909,3.285965588166337,1.5,
8038388,5,catalog_clean_background,long_memory,arima_bls,arima,bls,True,8,6.666366636663666,2.9445359594471037,1.5,
8038388,5,catalog_clean_background,long_memory,arima_bls,arima,bls,True,9,12.775177517751777,2.9294389369669416,1.5,
8038388,5,catalog_clean_background,long_memory,arima_bls,arima,bls,True,10,13.923292329232924,2.9066632638442855,1.5,
8038388,5,catalog_clean_background,long_memory,arima_tcf,arima,tcf,True,1,6.734973497349735,6.106394293925642,8.785714285714285,
8038388,5,catalog_clean_background,long_memory,arima_tcf,arima,tcf,True,2,12.717771777177717,5.907086136621205,7.571428571428571,
8038388,5,catalog_clean_background,long_memory,arima_tcf,arima,tcf,True,3,3.9584958495849585,5.898942481742254,8.785714285714285,
8038388,5,catalog_clean_background,long_memory,arima_tcf,arima,tcf,True,4,4.584358435843584,5.8395524603019515,6.357142857142858,
8038388,5,catalog_clean_background,long_memory,arima_tcf,arima,tcf,True,5,10.294129412941292,5.824279089547497,5.142857142857142,
8038388,5,catalog_clean_background,long_memory,arima_tcf,arima,tcf,True,6,1.4018401840184018,5.806999815063786,6.357142857142858,
8038388,5,catalog_clean_background,long_memory,arima_tcf,arima,tcf,True,7,8.907990799079908,5.7962240576657775,3.928571428571429,
8038388,5,catalog_clean_background,long_memory,arima_tcf,arima,tcf,True,8,7.218021802180218,5.708441186791174,8.785714285714285,
8038388,5,catalog_clean_background,long_memory,arima_tcf,arima,tcf,True,9,8.542554255425543,5.689867549646613,6.357142857142858,
8038388,5,catalog_clean_background,long_memory,arima_tcf,arima,tcf,True,10,4.651565156515652,5.656327373547458,5.142857142857142,
8038388,5,catalog_clean_background,long_memory,kalman_bls,kalman,bls,True,1,13.307230723072308,3.9981335237369295,10.05,
8038388,5,catalog_clean_background,long_memory,kalman_bls,kalman,bls,True,2,13.451445144514452,3.4489328456294284,10.05,
8038388,5,catalog_clean_background,long_memory,kalman_bls,kalman,bls,True,3,4.465346534653465,3.1763423020029036,10.05,
8038388,5,catalog_clean_background,long_memory,kalman_bls,kalman,bls,True,4,13.167216721672167,2.82658483930529,10.05,
8038388,5,catalog_clean_background,long_memory,kalman_bls,kalman,bls,True,5,14.448344834483448,2.737299911912762,1.5,
8038388,5,catalog_clean_background,long_memory,kalman_bls,kalman,bls,True,6,4.42054205420542,2.6227309385031927,10.05,
8038388,5,catalog_clean_background,long_memory,kalman_bls,kalman,bls,True,7,13.592859285928592,2.4827929273216967,10.05,
8038388,5,catalog_clean_background,long_memory,kalman_bls,kalman,bls,True,8,14.693369336933692,2.4585285153466967,1.5,
8038388,5,catalog_clean_background,long_memory,kalman_bls,kalman,bls,True,9,10.758975897589758,2.3194360613109493,1.5,
8038388,5,catalog_clean_background,long_memory,kalman_bls,kalman,bls,True,10,11.16221622162216,2.286372857251932,1.5,
8038388,5,catalog_clean_background,long_memory,kalman_tcf,kalman,tcf,True,1,7.087808780878087,5.8939688747983245,8.785714285714285,
8038388,5,catalog_clean_background,long_memory,kalman_tcf,kalman,tcf,True,2,9.73127312731273,5.855127278045868,10.0,
8038388,5,catalog_clean_background,long_memory,kalman_tcf,kalman,tcf,True,3,12.66036603660366,5.784620922549415,2.7142857142857144,
8038388,5,catalog_clean_background,long_memory,kalman_tcf,kalman,tcf,True,4,6.734973497349735,5.761116609721684,8.785714285714285,
8038388,5,catalog_clean_background,long_memory,kalman_tcf,kalman,tcf,True,5,10.294129412941292,5.703824323254485,5.142857142857142,
8038388,5,catalog_clean_background,long_memory,kalman_tcf,kalman,tcf,True,6,8.951395139513952,5.6946469163100515,2.7142857142857144,
8038388,5,catalog_clean_background,long_memory,kalman_tcf,kalman,tcf,True,7,1.3990399039903991,5.63599738612378,1.5,
8038388,5,catalog_clean_background,long_memory,kalman_tcf,kalman,tcf,True,8,6.823182318231823,5.632742384815196,8.785714285714285,
8038388,5,catalog_clean_background,long_memory,kalman_tcf,kalman,tcf,True,9,5.039403940394039,5.625203871809335,1.5,
8038388,5,catalog_clean_background,long_memory,kalman_tcf,kalman,tcf,True,10,8.53975397539754,5.61617829999902,6.357142857142858,
8038388,5,catalog_clean_background,long_memory,gp_bls,gp,bls,True,1,13.39123912391239,4.560891849003324,10.05,
8038388,5,catalog_clean_background,long_memory,gp_bls,gp,bls,True,2,2.233523352335234,3.699735299935766,10.05,
8038388,5,catalog_clean_background,long_memory,gp_bls,gp,bls,True,3,2.67036703670367,3.4412722156272895,10.05,
8038388,5,catalog_clean_background,long_memory,gp_bls,gp,bls,True,4,4.461146114611461,3.3280954800227565,10.05,
8038388,5,catalog_clean_background,long_memory,gp_bls,gp,bls,True,5,6.716771677167717,2.971143740237576,10.05,
8038388,5,catalog_clean_background,long_memory,gp_bls,gp,bls,True,6,6.62016201620162,2.91841193949442,10.05,
8038388,5,catalog_clean_background,long_memory,gp_bls,gp,bls,True,7,11.085208520852085,2.8707100760778452,10.05,
8038388,5,catalog_clean_background,long_memory,gp_bls,gp,bls,True,8,5.3894389438943895,2.6609752966831373,10.05,
8038388,5,catalog_clean_background,long_memory,gp_bls,gp,bls,True,9,2.2041204120412043,2.4636006338040346,10.05,
8038388,5,catalog_clean_background,long_memory,gp_bls,gp,bls,True,10,7.967096709670967,2.3835697634969675,10.05,
8038388,5,catalog_clean_background,long_memory,gp_tcf,gp,tcf,True,1,2.2265226522652264,5.04249498694205,8.785714285714285,
8038388,5,catalog_clean_background,long_memory,gp_tcf,gp,tcf,True,2,7.955895589558955,4.863390728094008,10.0,
8038388,5,catalog_clean_background,long_memory,gp_tcf,gp,tcf,True,3,3.161816181618162,4.849907230690908,8.785714285714285,
8038388,5,catalog_clean_background,long_memory,gp_tcf,gp,tcf,True,4,11.001200120012,4.729461637124499,8.785714285714285,
8038388,5,catalog_clean_background,long_memory,gp_tcf,gp,tcf,True,5,5.3586358635863585,4.717055196253538,10.0,
8038388,5,catalog_clean_background,long_memory,gp_tcf,gp,tcf,True,6,13.2988298829883,4.667590635218616,8.785714285714285,
8038388,5,catalog_clean_background,long_memory,gp_tcf,gp,tcf,True,7,2.653565356535654,4.574226578993747,10.0,
8038388,5,catalog_clean_background,long_memory,gp_tcf,gp,tcf,True,8,6.645364536453645,4.548185845835676,8.785714285714285,
8038388,5,catalog_clean_background,long_memory,gp_tcf,gp,tcf,True,9,6.727972797279728,4.498454164948554,7.571428571428571,
8038388,5,catalog_clean_background,long_memory,gp_tcf,gp,tcf,True,10,13.931693169316931,4.436317313661308,10.0,
5268387,5,catalog_clean_background,long_memory,raw_bls,raw,bls,True,1,8.296129612961295,6.679145340926985,10.05,
5268387,5,catalog_clean_background,long_memory,raw_bls,raw,bls,True,2,8.207920792079207,6.253765125530227,10.05,
5268387,5,catalog_clean_background,long_memory,raw_bls,raw,bls,True,3,8.384338433843384,5.989881099408099,10.05,
5268387,5,catalog_clean_background,long_memory,raw_bls,raw,bls,True,4,8.472547254725473,4.711329649117505,10.05,
5268387,5,catalog_clean_background,long_memory,raw_bls,raw,bls,True,5,4.171317131713171,4.696712766123104,10.05,
5268387,5,catalog_clean_background,long_memory,raw_bls,raw,bls,True,6,8.115511551155116,4.60993544473165,10.05,
5268387,5,catalog_clean_background,long_memory,raw_bls,raw,bls,True,7,4.220322032203221,4.089533571822112,10.05,
5268387,5,catalog_clean_background,long_memory,raw_bls,raw,bls,True,8,4.129312931293129,4.055179042103812,10.05,
5268387,5,catalog_clean_background,long_memory,raw_bls,raw,bls,True,9,4.087308730873087,3.139127928659907,10.05,
5268387,5,catalog_clean_background,long_memory,raw_bls,raw,bls,True,10,8.031503150315032,3.0360240331325095,10.05,
5268387,5,catalog_clean_background,long_memory,raw_tcf,raw,tcf,True,1,4.183918391839184,3.444103086773881,10.0,
5268387,5,catalog_clean_background,long_memory,raw_tcf,raw,tcf,True,2,8.254125412541253,3.3641361976884667,10.0,
5268387,5,catalog_clean_background,long_memory,raw_tcf,raw,tcf,True,3,12.252925292529252,3.1569979692070747,10.0,
5268387,5,catalog_clean_background,long_memory,raw_tcf,raw,tcf,True,4,4.062106210621062,3.023554878262334,10.0,
5268387,5,catalog_clean_background,long_memory,raw_tcf,raw,tcf,True,5,12.497949794979498,2.978188189432914,10.0,
5268387,5,catalog_clean_background,long_memory,raw_tcf,raw,tcf,True,6,4.134913491349135,2.963640751332409,8.785714285714285,
5268387,5,catalog_clean_background,long_memory,raw_tcf,raw,tcf,True,7,8.394139413941394,2.903371622168684,8.785714285714285,
5268387,5,catalog_clean_background,long_memory,raw_tcf,raw,tcf,True,8,8.158915891589158,2.8467913595314243,10.0,
5268387,5,catalog_clean_background,long_memory,raw_tcf,raw,tcf,True,9,4.225922592259225,2.7864253489395963,10.0,
5268387,5,catalog_clean_background,long_memory,raw_tcf,raw,tcf,True,10,14.32933293329333,2.744173583071481,8.785714285714285,
5268387,5,catalog_clean_background,long_memory,arima_bls,arima,bls,True,1,9.552055205520553,4.426279991561276,1.5,
5268387,5,catalog_clean_background,long_memory,arima_bls,arima,bls,True,2,13.5018501850185,4.189845488280845,1.5,
5268387,5,catalog_clean_background,long_memory,arima_bls,arima,bls,True,3,14.13891389138914,4.143066464293057,1.5,
5268387,5,catalog_clean_background,long_memory,arima_bls,arima,bls,True,4,12.182918291829182,4.100319799468525,1.5,
5268387,5,catalog_clean_background,long_memory,arima_bls,arima,bls,True,5,11.492649264926492,3.7501404928885944,1.5,
5268387,5,catalog_clean_background,long_memory,arima_bls,arima,bls,True,6,12.02050205020502,3.730392536128509,1.5,
5268387,5,catalog_clean_background,long_memory,arima_bls,arima,bls,True,7,14.455345534553455,3.7073524996266354,1.5,
5268387,5,catalog_clean_background,long_memory,arima_bls,arima,bls,True,8,12.556755675567556,3.651616608321228,1.5,
5268387,5,catalog_clean_background,long_memory,arima_bls,arima,bls,True,9,13.938693869386938,3.588211882025894,1.5,
5268387,5,catalog_clean_background,long_memory,arima_bls,arima,bls,True,10,7.852285228522852,3.32694023232137,1.5,
5268387,5,catalog_clean_background,long_memory,arima_tcf,arima,tcf,True,1,14.134713471347135,6.705329268320368,8.785714285714285,
5268387,5,catalog_clean_background,long_memory,arima_tcf,arima,tcf,True,2,13.578857885788578,6.429505172403367,1.5,
5268387,5,catalog_clean_background,long_memory,arima_tcf,arima,tcf,True,3,10.189118911891187,6.425567754427634,7.571428571428571,
5268387,5,catalog_clean_background,long_memory,arima_tcf,arima,tcf,True,4,14.452545254525452,6.356013693162845,8.785714285714285,
5268387,5,catalog_clean_background,long_memory,arima_tcf,arima,tcf,True,5,2.306330633063306,6.316942720660583,8.785714285714285,
5268387,5,catalog_clean_background,long_memory,arima_tcf,arima,tcf,True,6,14.735373537353736,6.302190542778911,7.571428571428571,
5268387,5,catalog_clean_background,long_memory,arima_tcf,arima,tcf,True,7,11.664866486648664,6.228525071183885,2.7142857142857144,
5268387,5,catalog_clean_background,long_memory,arima_tcf,arima,tcf,True,8,4.073307330733073,6.193704333823263,6.357142857142858,
5268387,5,catalog_clean_background,long_memory,arima_tcf,arima,tcf,True,9,11.898689868986898,6.187179550683341,2.7142857142857144,
5268387,5,catalog_clean_background,long_memory,arima_tcf,arima,tcf,True,10,7.015001500150015,6.161806325145113,2.7142857142857144,
5268387,5,catalog_clean_background,long_memory,kalman_bls,kalman,bls,True,1,8.262526252625262,9.45687651951359,10.05,
5268387,5,catalog_clean_background,long_memory,kalman_bls,kalman,bls,True,2,8.384338433843384,8.553460351993541,10.05,
5268387,5,catalog_clean_background,long_memory,kalman_bls,kalman,bls,True,3,4.097109710971097,7.529010147772167,10.05,
5268387,5,catalog_clean_background,long_memory,kalman_bls,kalman,bls,True,4,8.174317431743173,7.1128574525612995,10.05,
5268387,5,catalog_clean_background,long_memory,kalman_bls,kalman,bls,True,5,4.140514051405141,6.871805864153841,10.05,
5268387,5,catalog_clean_background,long_memory,kalman_bls,kalman,bls,True,6,4.192319231923192,6.76346291556555,7.5,
5268387,5,catalog_clean_background,long_memory,kalman_bls,kalman,bls,True,7,8.469746974697468,5.843585853378396,10.05,
5268387,5,catalog_clean_background,long_memory,kalman_bls,kalman,bls,True,8,4.253925392539253,5.259898035998299,7.5,
5268387,5,catalog_clean_background,long_memory,kalman_bls,kalman,bls,True,9,12.574957495749574,5.150803418688875,7.5,
5268387,5,catalog_clean_background,long_memory,kalman_bls,kalman,bls,True,10,12.39153915391539,4.496528019931099,2.7,
5268387,5,catalog_clean_background,long_memory,kalman_tcf,kalman,tcf,True,1,10.637163716371637,7.1918687475519745,10.0,
5268387,5,catalog_clean_background,long_memory,kalman_tcf,kalman,tcf,True,2,13.98909890989099,6.699148848901951,5.142857142857142,
5268387,5,catalog_clean_background,long_memory,kalman_tcf,kalman,tcf,True,3,14.152915291529151,6.227845148948758,5.142857142857142,
5268387,5,catalog_clean_background,long_memory,kalman_tcf,kalman,tcf,True,4,13.576057605760576,6.166614071184624,7.571428571428571,
5268387,5,catalog_clean_background,long_memory,kalman_tcf,kalman,tcf,True,5,11.573857385738574,6.162815170578217,5.142857142857142,
5268387,5,catalog_clean_background,long_memory,kalman_tcf,kalman,tcf,True,6,12.432143214321432,6.104153493592715,2.7142857142857144,
5268387,5,catalog_clean_background,long_memory,kalman_tcf,kalman,tcf,True,7,13.086008600860085,6.096695355941987,6.357142857142858,
5268387,5,catalog_clean_background,long_memory,kalman_tcf,kalman,tcf,True,8,7.92089208920892,5.948131815254197,5.142857142857142,
5268387,5,catalog_clean_background,long_memory,kalman_tcf,kalman,tcf,True,9,4.038303830383038,5.943535891068978,7.571428571428571,
5268387,5,catalog_clean_background,long_memory,kalman_tcf,kalman,tcf,True,10,10.29132913291329,5.903863629273961,5.142857142857142,
5268387,5,catalog_clean_background,long_memory,gp_bls,gp,bls,True,1,5.406240624062406,3.4434812063378835,10.05,
5268387,5,catalog_clean_background,long_memory,gp_bls,gp,bls,True,2,8.044104410441044,3.435006842666293,10.05,
5268387,5,catalog_clean_background,long_memory,gp_bls,gp,bls,True,3,5.3138313831383135,3.399943027405116,8.850000000000001,
5268387,5,catalog_clean_background,long_memory,gp_bls,gp,bls,True,4,10.142914291429143,3.2303613983428945,10.05,
5268387,5,catalog_clean_background,long_memory,gp_bls,gp,bls,True,5,10.407540754075407,3.0481174473906316,10.05,
5268387,5,catalog_clean_background,long_memory,gp_bls,gp,bls,True,6,9.953895389538951,3.0451851546671387,8.850000000000001,
5268387,5,catalog_clean_background,long_memory,gp_bls,gp,bls,True,7,2.667566756675668,3.0418214437814868,10.05,
5268387,5,catalog_clean_background,long_memory,gp_bls,gp,bls,True,8,2.7067706770677065,2.879687338721285,10.05,
5268387,5,catalog_clean_background,long_memory,gp_bls,gp,bls,True,9,10.638563856385638,2.5775650761213003,10.05,
5268387,5,catalog_clean_background,long_memory,gp_bls,gp,bls,True,10,8.132313231323131,2.3668956264163548,10.05,
5268387,5,catalog_clean_background,long_memory,gp_tcf,gp,tcf,True,1,13.997499749974995,7.021470654955835,5.142857142857142,
5268387,5,catalog_clean_background,long_memory,gp_tcf,gp,tcf,True,2,7.603060306030603,6.839859311061589,7.571428571428571,
5268387,5,catalog_clean_background,long_memory,gp_tcf,gp,tcf,True,3,5.9956995699569955,5.924283766951648,3.928571428571429,
5268387,5,catalog_clean_background,long_memory,gp_tcf,gp,tcf,True,4,3.5454545454545454,5.763773742471227,2.7142857142857144,
5268387,5,catalog_clean_background,long_memory,gp_tcf,gp,tcf,True,5,8.626562656265627,5.661425755242966,8.785714285714285,
5268387,5,catalog_clean_background,long_memory,gp_tcf,gp,tcf,True,6,14.967796779677968,5.60360982160889,1.5,
5268387,5,catalog_clean_background,long_memory,gp_tcf,gp,tcf,True,7,11.614461446144617,5.50803101460267,8.785714285714285,
5268387,5,catalog_clean_background,long_memory,gp_tcf,gp,tcf,True,8,2.4281428142814283,5.502540548054321,10.0,
5268387,5,catalog_clean_background,long_memory,gp_tcf,gp,tcf,True,9,6.277127712771277,5.475969012666835,6.357142857142858,
5268387,5,catalog_clean_background,long_memory,gp_tcf,gp,tcf,True,10,13.214821482148215,5.455030929695254,10.0,
8277175,5,catalog_clean_background,long_memory,raw_bls,raw,bls,True,1,4.413541354135413,3.565654342637748,10.05,
8277175,5,catalog_clean_background,long_memory,raw_bls,raw,bls,True,2,4.461146114611461,3.3155491992453054,10.05,
8277175,5,catalog_clean_background,long_memory,raw_bls,raw,bls,True,3,4.515751575157516,2.562424264837219,10.05,
8277175,5,catalog_clean_background,long_memory,raw_bls,raw,bls,True,4,4.346334633463346,2.3700500720821083,10.05,
8277175,5,catalog_clean_background,long_memory,raw_bls,raw,bls,True,5,8.822582258225822,2.3465405503210626,10.05,
8277175,5,catalog_clean_background,long_memory,raw_bls,raw,bls,True,6,8.951395139513952,2.2140443305352897,10.05,
8277175,5,catalog_clean_background,long_memory,raw_bls,raw,bls,True,7,13.263826382638264,2.0743783303719407,10.05,
8277175,5,catalog_clean_background,long_memory,raw_bls,raw,bls,True,8,9.043804380438043,1.9924531503754144,10.05,
8277175,5,catalog_clean_background,long_memory,raw_bls,raw,bls,True,9,13.398239823982395,1.845336597893767,10.05,
8277175,5,catalog_clean_background,long_memory,raw_bls,raw,bls,True,10,13.116811681168116,1.692325784508885,10.05,
8277175,5,catalog_clean_background,long_memory,raw_tcf,raw,tcf,True,1,4.442944294429443,2.3222986191740507,10.0,
8277175,5,catalog_clean_background,long_memory,raw_tcf,raw,tcf,True,2,4.396739673967397,2.3106033314504693,10.0,
8277175,5,catalog_clean_background,long_memory,raw_tcf,raw,tcf,True,3,4.487748774877488,2.1902006574813644,10.0,
8277175,5,catalog_clean_background,long_memory,raw_tcf,raw,tcf,True,4,9.09000900090009,2.051248734904169,10.0,
8277175,5,catalog_clean_background,long_memory,raw_tcf,raw,tcf,True,5,4.554955495549555,2.0128090192952612,10.0,
8277175,5,catalog_clean_background,long_memory,raw_tcf,raw,tcf,True,6,8.961196119611962,1.9400958291276873,10.0,
8277175,5,catalog_clean_background,long_memory,raw_tcf,raw,tcf,True,7,8.793179317931793,1.917448175388287,8.785714285714285,
8277175,5,catalog_clean_background,long_memory,raw_tcf,raw,tcf,True,8,13.252625262526252,1.8578516723882208,8.785714285714285,
8277175,5,catalog_clean_background,long_memory,raw_tcf,raw,tcf,True,9,4.330933093309331,1.807867319699542,10.0,
8277175,5,catalog_clean_background,long_memory,raw_tcf,raw,tcf,True,10,12.993599359935994,1.786437056748818,10.0,
8277175,5,catalog_clean_background,long_memory,arima_bls,arima,bls,True,1,11.912691269126912,3.781033304304655,1.5,
8277175,5,catalog_clean_background,long_memory,arima_bls,arima,bls,True,2,7.940494049404941,2.62209327367837,1.5,
8277175,5,catalog_clean_background,long_memory,arima_bls,arima,bls,True,3,12.625362536253624,2.00016399118136,1.5,
8277175,5,catalog_clean_background,long_memory,arima_bls,arima,bls,True,4,5.956495649564957,1.900200626536863,1.5,
8277175,5,catalog_clean_background,long_memory,arima_bls,arima,bls,True,5,10.525152515251524,1.8493299155435792,1.5,
8277175,5,catalog_clean_background,long_memory,arima_bls,arima,bls,True,6,9.01860186018602,1.7881771578601862,1.5,
8277175,5,catalog_clean_background,long_memory,arima_bls,arima,bls,True,7,13.783278327832782,1.7552479097722862,1.5,
8277175,5,catalog_clean_background,long_memory,arima_bls,arima,bls,True,8,14.206120612061206,1.7012068854793776,1.5,
8277175,5,catalog_clean_background,long_memory,arima_bls,arima,bls,True,9,13.497649764976495,1.668283177052457,1.5,
8277175,5,catalog_clean_background,long_memory,arima_bls,arima,bls,True,10,14.945394539453943,1.624194861948259,1.5,
8277175,5,catalog_clean_background,long_memory,arima_tcf,arima,tcf,True,1,13.80988098809881,7.548888446049587,8.785714285714285,
8277175,5,catalog_clean_background,long_memory,arima_tcf,arima,tcf,True,2,9.511451145114512,6.429903618655168,1.5,
8277175,5,catalog_clean_background,long_memory,arima_tcf,arima,tcf,True,3,10.434143414341436,6.374527237080257,8.785714285714285,
8277175,5,catalog_clean_background,long_memory,arima_tcf,arima,tcf,True,4,10.884988498849884,6.265290752116135,8.785714285714285,
8277175,5,catalog_clean_background,long_memory,arima_tcf,arima,tcf,True,5,13.612461246124612,6.09812273656361,8.785714285714285,
8277175,5,catalog_clean_background,long_memory,arima_tcf,arima,tcf,True,6,14.498749874987498,6.0975034644978745,8.785714285714285,
8277175,5,catalog_clean_background,long_memory,arima_tcf,arima,tcf,True,7,9.687868786878688,5.959385396486818,1.5,
8277175,5,catalog_clean_background,long_memory,arima_tcf,arima,tcf,True,8,6.457745774577457,5.944988156164476,1.5,
8277175,5,catalog_clean_background,long_memory,arima_tcf,arima,tcf,True,9,10.743574357435744,5.943999745937987,10.0,
8277175,5,catalog_clean_background,long_memory,arima_tcf,arima,tcf,True,10,8.065106510651065,5.912767338251626,8.785714285714285,
8277175,5,catalog_clean_background,long_memory,kalman_bls,kalman,bls,True,1,4.43034303430343,3.7934604334683866,8.850000000000001,
8277175,5,catalog_clean_background,long_memory,kalman_bls,kalman,bls,True,2,11.914091409140914,3.6859171374921673,2.7,
8277175,5,catalog_clean_background,long_memory,kalman_bls,kalman,bls,True,3,8.928992899289929,3.583776837839797,7.5,
8277175,5,catalog_clean_background,long_memory,kalman_bls,kalman,bls,True,4,13.496249624962497,2.6750787737241666,2.7,
8277175,5,catalog_clean_background,long_memory,kalman_bls,kalman,bls,True,5,13.262426242624262,2.6011016759082075,7.5,
8277175,5,catalog_clean_background,long_memory,kalman_bls,kalman,bls,True,6,8.833783378337834,2.5445357841117855,7.5,
8277175,5,catalog_clean_background,long_memory,kalman_bls,kalman,bls,True,7,9.021402140214022,2.4378403898484624,8.850000000000001,
8277175,5,catalog_clean_background,long_memory,kalman_bls,kalman,bls,True,8,4.476547654765477,2.347649378249206,8.850000000000001,
8277175,5,catalog_clean_background,long_memory,kalman_bls,kalman,bls,True,9,5.9578957895789575,2.221690186508509,2.7,
8277175,5,catalog_clean_background,long_memory,kalman_bls,kalman,bls,True,10,7.941894189418941,2.1432482659791967,2.7,
8277175,5,catalog_clean_background,long_memory,kalman_tcf,kalman,tcf,True,1,8.87018701870187,6.179597988292092,7.571428571428571,
8277175,5,catalog_clean_background,long_memory,kalman_tcf,kalman,tcf,True,2,14.092709270927092,6.024965534913278,6.357142857142858,
8277175,5,catalog_clean_background,long_memory,kalman_tcf,kalman,tcf,True,3,9.696269626962696,6.010033793250235,5.142857142857142,
8277175,5,catalog_clean_background,long_memory,kalman_tcf,kalman,tcf,True,4,8.606960696069606,5.922687874249878,2.7142857142857144,
8277175,5,catalog_clean_background,long_memory,kalman_tcf,kalman,tcf,True,5,11.956095609560956,5.921197683622339,3.928571428571429,
8277175,5,catalog_clean_background,long_memory,kalman_tcf,kalman,tcf,True,6,10.294129412941292,5.920012230451068,10.0,
8277175,5,catalog_clean_background,long_memory,kalman_tcf,kalman,tcf,True,7,9.893689368936894,5.838923297700335,8.785714285714285,
8277175,5,catalog_clean_background,long_memory,kalman_tcf,kalman,tcf,True,8,13.80988098809881,5.832621258658406,8.785714285714285,
8277175,5,catalog_clean_background,long_memory,kalman_tcf,kalman,tcf,True,9,11.254625462546256,5.81652693148208,10.0,
8277175,5,catalog_clean_background,long_memory,kalman_tcf,kalman,tcf,True,10,13.079007900790078,5.716908310669653,6.357142857142858,
8277175,5,catalog_clean_background,long_memory,gp_bls,gp,bls,True,1,6.739173917391739,3.332117505772937,10.05,
8277175,5,catalog_clean_background,long_memory,gp_bls,gp,bls,True,2,8.657365736573658,3.0722598179807727,10.05,
8277175,5,catalog_clean_background,long_memory,gp_bls,gp,bls,True,3,13.227422742274229,2.6632749072580313,8.850000000000001,
8277175,5,catalog_clean_background,long_memory,gp_bls,gp,bls,True,4,13.48084808480848,2.419019563114178,10.05,
8277175,5,catalog_clean_background,long_memory,gp_bls,gp,bls,True,5,4.4835483548354835,2.3837037879859055,10.05,
8277175,5,catalog_clean_background,long_memory,gp_bls,gp,bls,True,6,8.788978897889788,2.3221618840336578,10.05,
8277175,5,catalog_clean_background,long_memory,gp_bls,gp,bls,True,7,2.2643264326432644,2.3166886292658413,10.05,
8277175,5,catalog_clean_background,long_memory,gp_bls,gp,bls,True,8,14.623362336233622,2.146316972299684,10.05,
8277175,5,catalog_clean_background,long_memory,gp_bls,gp,bls,True,9,2.9223922392239223,2.076322955223667,10.05,
8277175,5,catalog_clean_background,long_memory,gp_bls,gp,bls,True,10,4.403740374037404,2.0301536045560367,10.05,
8277175,5,catalog_clean_background,long_memory,gp_tcf,gp,tcf,True,1,5.278827882788279,6.412325271011122,6.357142857142858,
8277175,5,catalog_clean_background,long_memory,gp_tcf,gp,tcf,True,2,8.270927092709272,5.976455219207612,10.0,
8277175,5,catalog_clean_background,long_memory,gp_tcf,gp,tcf,True,3,14.166916691669169,5.749231778210298,5.142857142857142,
8277175,5,catalog_clean_background,long_memory,gp_tcf,gp,tcf,True,4,9.86008600860086,5.738876795929676,1.5,
8277175,5,catalog_clean_background,long_memory,gp_tcf,gp,tcf,True,5,10.315131513151314,5.687860112037569,8.785714285714285,
8277175,5,catalog_clean_background,long_memory,gp_tcf,gp,tcf,True,6,8.868786878687867,5.6717341652904665,7.571428571428571,
8277175,5,catalog_clean_background,long_memory,gp_tcf,gp,tcf,True,7,11.564056405640564,5.590497587193355,2.7142857142857144,
8277175,5,catalog_clean_background,long_memory,gp_tcf,gp,tcf,True,8,7.038803880388039,5.588733787009769,6.357142857142858,
8277175,5,catalog_clean_background,long_memory,gp_tcf,gp,tcf,True,9,2.603160316031603,5.453059838288785,2.7142857142857144,
8277175,5,catalog_clean_background,long_memory,gp_tcf,gp,tcf,True,10,14.84038403840384,5.448913395374437,1.5,
10223890,5,catalog_clean_background,quiet_low_scatter,raw_bls,raw,bls,True,1,4.524152415241524,3.53061034388365,10.05,
10223890,5,catalog_clean_background,quiet_low_scatter,raw_bls,raw,bls,True,2,4.57035703570357,3.1428358328708628,10.05,
10223890,5,catalog_clean_background,quiet_low_scatter,raw_bls,raw,bls,True,3,4.466746674667466,3.074000628250434,10.05,
10223890,5,catalog_clean_background,quiet_low_scatter,raw_bls,raw,bls,True,4,14.105310531053105,2.7263836651870372,10.05,
10223890,5,catalog_clean_background,quiet_low_scatter,raw_bls,raw,bls,True,5,2.233523352335234,2.561207031214749,10.05,
10223890,5,catalog_clean_background,quiet_low_scatter,raw_bls,raw,bls,True,6,13.482248224822484,2.325890922564169,10.05,
10223890,5,catalog_clean_background,quiet_low_scatter,raw_bls,raw,bls,True,7,10.52935293529353,2.2948871967705045,10.05,
10223890,5,catalog_clean_background,quiet_low_scatter,raw_bls,raw,bls,True,8,13.951295129512951,2.155685287367277,10.05,
10223890,5,catalog_clean_background,quiet_low_scatter,raw_bls,raw,bls,True,9,8.931793179317932,2.078085831428286,10.05,
10223890,5,catalog_clean_background,quiet_low_scatter,raw_bls,raw,bls,True,10,7.047204720472047,2.0168889799402203,10.05,
10223890,5,catalog_clean_background,quiet_low_scatter,raw_tcf,raw,tcf,True,1,5.193419341934193,4.472331755523302,8.785714285714285,
10223890,5,catalog_clean_background,quiet_low_scatter,raw_tcf,raw,tcf,True,2,10.422942294229422,4.37381425082206,10.0,
10223890,5,catalog_clean_background,quiet_low_scatter,raw_tcf,raw,tcf,True,3,13.024402440244025,4.317494248956823,10.0,
10223890,5,catalog_clean_background,quiet_low_scatter,raw_tcf,raw,tcf,True,4,14.393739373937391,4.24086411035855,8.785714285714285,
10223890,5,catalog_clean_background,quiet_low_scatter,raw_tcf,raw,tcf,True,5,9.085808580858084,4.226058055490922,10.0,
10223890,5,catalog_clean_background,quiet_low_scatter,raw_tcf,raw,tcf,True,6,4.767776777677767,4.220253018414886,10.0,
10223890,5,catalog_clean_background,quiet_low_scatter,raw_tcf,raw,tcf,True,7,8.536953695369537,4.194792877613983,10.0,
10223890,5,catalog_clean_background,quiet_low_scatter,raw_tcf,raw,tcf,True,8,12.268326832683268,4.1730027444425835,10.0,
10223890,5,catalog_clean_background,quiet_low_scatter,raw_tcf,raw,tcf,True,9,2.243324332433243,4.166734916264153,10.0,
10223890,5,catalog_clean_background,quiet_low_scatter,raw_tcf,raw,tcf,True,10,2.603160316031603,4.1612584384246745,10.0,
10223890,5,catalog_clean_background,quiet_low_scatter,arima_bls,arima,bls,True,1,14.64016401640164,5.171686478162646,1.5,
10223890,5,catalog_clean_background,quiet_low_scatter,arima_bls,arima,bls,True,2,12.371937193719372,4.7130968043531505,1.5,
10223890,5,catalog_clean_background,quiet_low_scatter,arima_bls,arima,bls,True,3,10.431343134313432,4.6563902203339325,1.5,
10223890,5,catalog_clean_background,quiet_low_scatter,arima_bls,arima,bls,True,4,13.168616861686168,4.467805622035796,1.5,
10223890,5,catalog_clean_background,quiet_low_scatter,arima_bls,arima,bls,True,5,14.995799579957996,4.335527484214177,1.5,
10223890,5,catalog_clean_background,quiet_low_scatter,arima_bls,arima,bls,True,6,10.091109110911091,4.082141366714358,1.5,
10223890,5,catalog_clean_background,quiet_low_scatter,arima_bls,arima,bls,True,7,12.177317731773178,4.044694858301739,1.5,
10223890,5,catalog_clean_background,quiet_low_scatter,arima_bls,arima,bls,True,8,14.252325232523251,3.9904931632696856,1.5,
10223890,5,catalog_clean_background,quiet_low_scatter,arima_bls,arima,bls,True,9,11.97009700970097,3.728043254245301,1.5,
10223890,5,catalog_clean_background,quiet_low_scatter,arima_bls,arima,bls,True,10,10.254925492549257,3.642303142709189,1.5,
10223890,5,catalog_clean_background,quiet_low_scatter,arima_tcf,arima,tcf,True,1,14.757775777577756,7.63288049296996,2.7142857142857144,
10223890,5,catalog_clean_background,quiet_low_scatter,arima_tcf,arima,tcf,True,2,8.303130313031303,7.072377756333434,7.571428571428571,
10223890,5,catalog_clean_background,quiet_low_scatter,arima_tcf,arima,tcf,True,3,7.804680468046804,6.803610704883519,5.142857142857142,
10223890,5,catalog_clean_background,quiet_low_scatter,arima_tcf,arima,tcf,True,4,13.543854385438545,6.330052421864109,2.7142857142857144,
10223890,5,catalog_clean_background,quiet_low_scatter,arima_tcf,arima,tcf,True,5,6.298129812981298,6.28888436917904,8.785714285714285,
10223890,5,catalog_clean_background,quiet_low_scatter,arima_tcf,arima,tcf,True,6,8.756775677567756,6.2886756083873,1.5,
10223890,5,catalog_clean_background,quiet_low_scatter,arima_tcf,arima,tcf,True,7,9.3000300030003,6.2371316650027815,1.5,
10223890,5,catalog_clean_background,quiet_low_scatter,arima_tcf,arima,tcf,True,8,6.173517351735174,6.1637290476125735,6.357142857142858,
10223890,5,catalog_clean_background,quiet_low_scatter,arima_tcf,arima,tcf,True,9,12.787778777877788,6.120331094620214,3.928571428571429,
10223890,5,catalog_clean_background,quiet_low_scatter,arima_tcf,arima,tcf,True,10,8.408140814081408,6.030818597402034,1.5,
10223890,5,catalog_clean_background,quiet_low_scatter,kalman_bls,kalman,bls,True,1,12.355135513551357,5.865444643520182,2.7,
10223890,5,catalog_clean_background,quiet_low_scatter,kalman_bls,kalman,bls,True,2,10.431343134313432,5.271870822368174,1.5,
10223890,5,catalog_clean_background,quiet_low_scatter,kalman_bls,kalman,bls,True,3,10.093909390939094,4.790476853801379,1.5,
10223890,5,catalog_clean_background,quiet_low_scatter,kalman_bls,kalman,bls,True,4,14.64016401640164,4.775462276137723,2.7,
10223890,5,catalog_clean_background,quiet_low_scatter,kalman_bls,kalman,bls,True,5,5.227022702270227,4.269280214909337,3.9,
10223890,5,catalog_clean_background,quiet_low_scatter,kalman_bls,kalman,bls,True,6,12.17031703170317,4.109707450919206,1.5,
10223890,5,catalog_clean_background,quiet_low_scatter,kalman_bls,kalman,bls,True,7,14.997199719971997,3.819378818462621,1.5,
10223890,5,catalog_clean_background,quiet_low_scatter,kalman_bls,kalman,bls,True,8,11.993899389938994,3.693456687071998,3.9,
10223890,5,catalog_clean_background,quiet_low_scatter,kalman_bls,kalman,bls,True,9,13.16161616161616,3.5746510853018143,1.5,
10223890,5,catalog_clean_background,quiet_low_scatter,kalman_bls,kalman,bls,True,10,14.242524252425245,3.3878708535409565,1.5,
10223890,5,catalog_clean_background,quiet_low_scatter,kalman_tcf,kalman,tcf,True,1,8.303130313031303,7.547721327505371,7.571428571428571,
10223890,5,catalog_clean_background,quiet_low_scatter,kalman_tcf,kalman,tcf,True,2,7.807480748074807,6.486301113063035,5.142857142857142,
10223890,5,catalog_clean_background,quiet_low_scatter,kalman_tcf,kalman,tcf,True,3,11.768476847684768,6.265707332277053,2.7142857142857144,
10223890,5,catalog_clean_background,quiet_low_scatter,kalman_tcf,kalman,tcf,True,4,14.756375637563757,6.229193098704824,2.7142857142857144,
10223890,5,catalog_clean_background,quiet_low_scatter,kalman_tcf,kalman,tcf,True,5,10.886388638863886,6.189313653178673,10.0,
10223890,5,catalog_clean_background,quiet_low_scatter,kalman_tcf,kalman,tcf,True,6,12.40974097409741,6.140158762040033,2.7142857142857144,
10223890,5,catalog_clean_background,quiet_low_scatter,kalman_tcf,kalman,tcf,True,7,10.446744674467446,6.106811049703648,10.0,
10223890,5,catalog_clean_background,quiet_low_scatter,kalman_tcf,kalman,tcf,True,8,13.735673567356736,6.086559757697446,3.928571428571429,
10223890,5,catalog_clean_background,quiet_low_scatter,kalman_tcf,kalman,tcf,True,9,13.583058305830583,6.017554330434437,2.7142857142857144,
10223890,5,catalog_clean_background,quiet_low_scatter,kalman_tcf,kalman,tcf,True,10,9.4008400840084,5.878744012295395,8.785714285714285,
10223890,5,catalog_clean_background,quiet_low_scatter,gp_bls,gp,bls,True,1,9.116611661166116,3.5039722917088856,10.05,
10223890,5,catalog_clean_background,quiet_low_scatter,gp_bls,gp,bls,True,2,12.283728372837285,2.6973363047952414,10.05,
10223890,5,catalog_clean_background,quiet_low_scatter,gp_bls,gp,bls,True,3,8.931793179317932,2.5866818137152823,10.05,
10223890,5,catalog_clean_background,quiet_low_scatter,gp_bls,gp,bls,True,4,10.53075307530753,2.561165942491361,10.05,
10223890,5,catalog_clean_background,quiet_low_scatter,gp_bls,gp,bls,True,5,3.5258525852585256,2.386920099391764,5.1000000000000005,
10223890,5,catalog_clean_background,quiet_low_scatter,gp_bls,gp,bls,True,6,7.582058205820582,2.3426832932731014,2.7,
10223890,5,catalog_clean_background,quiet_low_scatter,gp_bls,gp,bls,True,7,8.384338433843384,2.323296243134916,6.300000000000001,
10223890,5,catalog_clean_background,quiet_low_scatter,gp_bls,gp,bls,True,8,4.113911391139114,2.259882242534194,10.05,
10223890,5,catalog_clean_background,quiet_low_scatter,gp_bls,gp,bls,True,9,1.7616761676167616,2.179078938668195,8.850000000000001,
10223890,5,catalog_clean_background,quiet_low_scatter,gp_bls,gp,bls,True,10,13.258225822582258,2.1410315978288796,8.850000000000001,
10223890,5,catalog_clean_background,quiet_low_scatter,gp_tcf,gp,tcf,True,1,6.487148714871487,6.7282725939136725,10.0,
10223890,5,catalog_clean_background,quiet_low_scatter,gp_tcf,gp,tcf,True,2,10.27032703270327,6.4759653381095745,7.571428571428571,
10223890,5,catalog_clean_background,quiet_low_scatter,gp_tcf,gp,tcf,True,3,10.683368336833682,6.466025485602993,10.0,
10223890,5,catalog_clean_background,quiet_low_scatter,gp_tcf,gp,tcf,True,4,3.128212821282128,6.401613030900926,10.0,
10223890,5,catalog_clean_background,quiet_low_scatter,gp_tcf,gp,tcf,True,5,6.386338633863386,6.308823548404002,8.785714285714285,
10223890,5,catalog_clean_background,quiet_low_scatter,gp_tcf,gp,tcf,True,6,7.947494749474948,6.243583675383664,10.0,
10223890,5,catalog_clean_background,quiet_low_scatter,gp_tcf,gp,tcf,True,7,9.108210821082109,6.213725787986334,10.0,
10223890,5,catalog_clean_background,quiet_low_scatter,gp_tcf,gp,tcf,True,8,6.148314831483148,6.127613921758344,10.0,
10223890,5,catalog_clean_background,quiet_low_scatter,gp_tcf,gp,tcf,True,9,9.633263326332631,6.125767987007498,10.0,
10223890,5,catalog_clean_background,quiet_low_scatter,gp_tcf,gp,tcf,True,10,5.193419341934193,6.079388320083871,8.785714285714285,
8327995,5,catalog_clean_background,long_memory,raw_bls,raw,bls,True,1,10.126112611261126,4.856710397282424,10.05,
8327995,5,catalog_clean_background,long_memory,raw_bls,raw,bls,True,2,9.648664866486648,4.766979603836004,10.05,
8327995,5,catalog_clean_background,long_memory,raw_bls,raw,bls,True,3,9.745274527452745,4.4248209363422655,10.05,
8327995,5,catalog_clean_background,long_memory,raw_bls,raw,bls,True,4,10.247924792479248,4.399229274283986,10.05,
8327995,5,catalog_clean_background,long_memory,raw_bls,raw,bls,True,5,9.983298329832984,4.394504887340688,10.05,
8327995,5,catalog_clean_background,long_memory,raw_bls,raw,bls,True,6,9.547854785478547,4.317384955554991,10.05,
8327995,5,catalog_clean_background,long_memory,raw_bls,raw,bls,True,7,9.87968796879688,4.2376082621027615,10.05,
8327995,5,catalog_clean_background,long_memory,raw_bls,raw,bls,True,8,9.43024302430243,3.9389033332084034,10.05,
8327995,5,catalog_clean_background,long_memory,raw_bls,raw,bls,True,9,10.45094509450945,3.8879130208344543,10.05,
8327995,5,catalog_clean_background,long_memory,raw_bls,raw,bls,True,10,10.593759375937594,3.38301147585549,10.05,
8327995,5,catalog_clean_background,long_memory,raw_tcf,raw,tcf,True,1,11.418441844184418,2.7415771436234855,7.571428571428571,
8327995,5,catalog_clean_background,long_memory,raw_tcf,raw,tcf,True,2,9.764876487648763,2.73398413773214,6.357142857142858,
8327995,5,catalog_clean_background,long_memory,raw_tcf,raw,tcf,True,3,13.315631563156316,2.5641684539058813,10.0,
8327995,5,catalog_clean_background,long_memory,raw_tcf,raw,tcf,True,4,9.441444144414442,2.461411858716332,8.785714285714285,
8327995,5,catalog_clean_background,long_memory,raw_tcf,raw,tcf,True,5,13.156015601560156,2.3943371813532464,7.571428571428571,
8327995,5,catalog_clean_background,long_memory,raw_tcf,raw,tcf,True,6,6.552955295529553,2.345234679627205,2.7142857142857144,
8327995,5,catalog_clean_background,long_memory,raw_tcf,raw,tcf,True,7,7.506450645064506,2.337299563608732,2.7142857142857144,
8327995,5,catalog_clean_background,long_memory,raw_tcf,raw,tcf,True,8,13.881288128812882,2.335326080893136,7.571428571428571,
8327995,5,catalog_clean_background,long_memory,raw_tcf,raw,tcf,True,9,12.048504850485047,2.2892839286096747,3.928571428571429,
8327995,5,catalog_clean_background,long_memory,raw_tcf,raw,tcf,True,10,13.557855785578557,2.2506827432676175,3.928571428571429,
8327995,5,catalog_clean_background,long_memory,arima_bls,arima,bls,True,1,8.392739273927393,5.099111333179112,1.5,
8327995,5,catalog_clean_background,long_memory,arima_bls,arima,bls,True,2,11.684468446844685,4.8186374386297235,1.5,
8327995,5,catalog_clean_background,long_memory,arima_bls,arima,bls,True,3,7.894289428942894,4.783366464952785,1.5,
8327995,5,catalog_clean_background,long_memory,arima_bls,arima,bls,True,4,7.300630063006301,4.560216830160702,1.5,
8327995,5,catalog_clean_background,long_memory,arima_bls,arima,bls,True,5,12.472747274727473,4.137591717633368,1.5,
8327995,5,catalog_clean_background,long_memory,arima_bls,arima,bls,True,6,10.855585558555855,3.9172116176930767,1.5,
8327995,5,catalog_clean_background,long_memory,arima_bls,arima,bls,True,7,13.083208320832084,3.9073915869409377,1.5,
8327995,5,catalog_clean_background,long_memory,arima_bls,arima,bls,True,8,6.082508250825082,3.746870729080197,1.5,
8327995,5,catalog_clean_background,long_memory,arima_bls,arima,bls,True,9,3.1296129612961296,3.7153089815250855,1.5,
8327995,5,catalog_clean_background,long_memory,arima_bls,arima,bls,True,10,13.770677067706773,3.5722300709586308,1.5,
8327995,5,catalog_clean_background,long_memory,arima_tcf,arima,tcf,True,1,7.246024602460245,6.372906615545297,6.357142857142858,
8327995,5,catalog_clean_background,long_memory,arima_tcf,arima,tcf,True,2,11.418441844184418,6.315129740870619,7.571428571428571,
8327995,5,catalog_clean_background,long_memory,arima_tcf,arima,tcf,True,3,12.692569256925692,6.076533806635592,6.357142857142858,
8327995,5,catalog_clean_background,long_memory,arima_tcf,arima,tcf,True,4,12.091909190919091,5.932584648695084,2.7142857142857144,
8327995,5,catalog_clean_background,long_memory,arima_tcf,arima,tcf,True,5,13.2988298829883,5.898075497291889,7.571428571428571,
8327995,5,catalog_clean_background,long_memory,arima_tcf,arima,tcf,True,6,9.991699169916991,5.894827545901773,8.785714285714285,
8327995,5,catalog_clean_background,long_memory,arima_tcf,arima,tcf,True,7,4.3113311331133115,5.893310202611865,2.7142857142857144,
8327995,5,catalog_clean_background,long_memory,arima_tcf,arima,tcf,True,8,7.939093909390939,5.861407173556356,7.571428571428571,
8327995,5,catalog_clean_background,long_memory,arima_tcf,arima,tcf,True,9,8.89118911891189,5.837298789502103,7.571428571428571,
8327995,5,catalog_clean_background,long_memory,arima_tcf,arima,tcf,True,10,10.739373937393738,5.834955563628132,2.7142857142857144,
8327995,5,catalog_clean_background,long_memory,kalman_bls,kalman,bls,True,1,12.47134713471347,4.925537853445887,1.5,
8327995,5,catalog_clean_background,long_memory,kalman_bls,kalman,bls,True,2,2.2307230723072307,4.449249741026957,2.7,
8327995,5,catalog_clean_background,long_memory,kalman_bls,kalman,bls,True,3,8.863186318631863,4.35076937358717,2.7,
8327995,5,catalog_clean_background,long_memory,kalman_bls,kalman,bls,True,4,8.058105810581058,3.9209493511486255,1.5,
8327995,5,catalog_clean_background,long_memory,kalman_bls,kalman,bls,True,5,12.81998199819982,3.544972433742291,2.7,
8327995,5,catalog_clean_background,long_memory,kalman_bls,kalman,bls,True,6,9.62066206620662,3.4048231440372088,1.5,
8327995,5,catalog_clean_background,long_memory,kalman_bls,kalman,bls,True,7,2.736173617361736,3.354201358669437,1.5,
8327995,5,catalog_clean_background,long_memory,kalman_bls,kalman,bls,True,8,2.1033103310331036,3.311087142355833,1.5,
8327995,5,catalog_clean_background,long_memory,kalman_bls,kalman,bls,True,9,12.09050905090509,3.280872723465852,2.7,
8327995,5,catalog_clean_background,long_memory,kalman_bls,kalman,bls,True,10,5.956495649564957,3.237989184430904,2.7,
8327995,5,catalog_clean_background,long_memory,kalman_tcf,kalman,tcf,True,1,11.41984198419842,7.081794845613871,7.571428571428571,
8327995,5,catalog_clean_background,long_memory,kalman_tcf,kalman,tcf,True,2,6.552955295529553,6.9940045613008754,2.7142857142857144,
8327995,5,catalog_clean_background,long_memory,kalman_tcf,kalman,tcf,True,3,13.557855785578557,6.9694273617791005,3.928571428571429,
8327995,5,catalog_clean_background,long_memory,kalman_tcf,kalman,tcf,True,4,8.21072107210721,6.88115497867014,6.357142857142858,
8327995,5,catalog_clean_background,long_memory,kalman_tcf,kalman,tcf,True,5,6.734973497349735,6.713516594370983,7.571428571428571,
8327995,5,catalog_clean_background,long_memory,kalman_tcf,kalman,tcf,True,6,8.89118911891189,6.658898195183738,7.571428571428571,
8327995,5,catalog_clean_background,long_memory,kalman_tcf,kalman,tcf,True,7,8.45014501450145,6.649037861877165,6.357142857142858,
8327995,5,catalog_clean_background,long_memory,kalman_tcf,kalman,tcf,True,8,2.9797979797979797,6.519802062822144,2.7142857142857144,
8327995,5,catalog_clean_background,long_memory,kalman_tcf,kalman,tcf,True,9,12.686968696869688,6.483171781128571,6.357142857142858,
8327995,5,catalog_clean_background,long_memory,kalman_tcf,kalman,tcf,True,10,3.751275127512751,6.469527307050616,1.5,
8327995,5,catalog_clean_background,long_memory,gp_bls,gp,bls,True,1,8.87998799879988,6.681660690199609,10.05,
8327995,5,catalog_clean_background,long_memory,gp_bls,gp,bls,True,2,8.759575957595759,3.172437968437976,10.05,
8327995,5,catalog_clean_background,long_memory,gp_bls,gp,bls,True,3,4.437343734373437,3.026054074739112,10.05,
8327995,5,catalog_clean_background,long_memory,gp_bls,gp,bls,True,4,4.2665266526652665,2.975626709324353,8.850000000000001,
8327995,5,catalog_clean_background,long_memory,gp_bls,gp,bls,True,5,12.866186618661866,2.962997830004203,3.9,
8327995,5,catalog_clean_background,long_memory,gp_bls,gp,bls,True,6,2.2307230723072307,2.803816600425209,3.9,
8327995,5,catalog_clean_background,long_memory,gp_bls,gp,bls,True,7,8.97099709970997,2.7946329697342924,10.05,
8327995,5,catalog_clean_background,long_memory,gp_bls,gp,bls,True,8,9.65006500650065,2.560007434303803,5.1000000000000005,
8327995,5,catalog_clean_background,long_memory,gp_bls,gp,bls,True,9,10.73097309730973,2.5544459148603056,6.300000000000001,
8327995,5,catalog_clean_background,long_memory,gp_bls,gp,bls,True,10,13.76227622762276,2.4643824780340715,5.1000000000000005,
8327995,5,catalog_clean_background,long_memory,gp_tcf,gp,tcf,True,1,13.315631563156316,6.767000989891337,10.0,
8327995,5,catalog_clean_background,long_memory,gp_tcf,gp,tcf,True,2,9.764876487648763,6.675327080878077,6.357142857142858,
8327995,5,catalog_clean_background,long_memory,gp_tcf,gp,tcf,True,3,6.734973497349735,6.216979731276406,7.571428571428571,
8327995,5,catalog_clean_background,long_memory,gp_tcf,gp,tcf,True,4,6.552955295529553,6.158419677843113,2.7142857142857144,
8327995,5,catalog_clean_background,long_memory,gp_tcf,gp,tcf,True,5,13.126612661266126,6.127403038181545,2.7142857142857144,
8327995,5,catalog_clean_background,long_memory,gp_tcf,gp,tcf,True,6,11.478647864786478,6.055774254868702,10.0,
8327995,5,catalog_clean_background,long_memory,gp_tcf,gp,tcf,True,7,13.881288128812882,5.867201887156588,7.571428571428571,
8327995,5,catalog_clean_background,long_memory,gp_tcf,gp,tcf,True,8,13.557855785578557,5.707423945492156,3.928571428571429,
8327995,5,catalog_clean_background,long_memory,gp_tcf,gp,tcf,True,9,7.342634263426342,5.6971659397024625,8.785714285714285,
8327995,5,catalog_clean_background,long_memory,gp_tcf,gp,tcf,True,10,12.436343634363435,5.6832321484206725,10.0,
2715763,5,catalog_clean_background,quiet_low_scatter,raw_bls,raw,bls,True,1,11.156615661566155,4.006023665378787,10.05,
2715763,5,catalog_clean_background,quiet_low_scatter,raw_bls,raw,bls,True,2,10.12051205120512,3.9666887498737786,1.5,
2715763,5,catalog_clean_background,quiet_low_scatter,raw_bls,raw,bls,True,3,8.984998499849985,3.7107926985327615,10.05,
2715763,5,catalog_clean_background,quiet_low_scatter,raw_bls,raw,bls,True,4,9.106810681068106,3.650862212908122,1.5,
2715763,5,catalog_clean_background,quiet_low_scatter,raw_bls,raw,bls,True,5,14.458145814581458,3.611454452003745,3.9,
2715763,5,catalog_clean_background,quiet_low_scatter,raw_bls,raw,bls,True,6,4.550755075507551,3.587240993953462,5.1000000000000005,
2715763,5,catalog_clean_background,quiet_low_scatter,raw_bls,raw,bls,True,7,12.16051605160516,3.5772879065124643,1.5,
2715763,5,catalog_clean_background,quiet_low_scatter,raw_bls,raw,bls,True,8,12.425142514251425,3.453441467536812,6.300000000000001,
2715763,5,catalog_clean_background,quiet_low_scatter,raw_bls,raw,bls,True,9,7.229222922292229,3.404695692043655,3.9,
2715763,5,catalog_clean_background,quiet_low_scatter,raw_bls,raw,bls,True,10,11.736273627362737,3.224277510659803,2.7,
2715763,5,catalog_clean_background,quiet_low_scatter,raw_tcf,raw,tcf,True,1,11.06000600060006,6.7788367374576834,5.142857142857142,
2715763,5,catalog_clean_background,quiet_low_scatter,raw_tcf,raw,tcf,True,2,12.416741674167415,6.458948594180845,7.571428571428571,
2715763,5,catalog_clean_background,quiet_low_scatter,raw_tcf,raw,tcf,True,3,13.352035203520352,6.368325590945944,2.7142857142857144,
2715763,5,catalog_clean_background,quiet_low_scatter,raw_tcf,raw,tcf,True,4,9.38123812381238,6.33808069808333,5.142857142857142,
2715763,5,catalog_clean_background,quiet_low_scatter,raw_tcf,raw,tcf,True,5,5.494449444944494,6.305943736645577,5.142857142857142,
2715763,5,catalog_clean_background,quiet_low_scatter,raw_tcf,raw,tcf,True,6,7.374837483748375,6.053289660407862,8.785714285714285,
2715763,5,catalog_clean_background,quiet_low_scatter,raw_tcf,raw,tcf,True,7,10.166716671667167,6.006603613484577,2.7142857142857144,
2715763,5,catalog_clean_background,quiet_low_scatter,raw_tcf,raw,tcf,True,8,6.197319731973197,5.981783988962961,5.142857142857142,
2715763,5,catalog_clean_background,quiet_low_scatter,raw_tcf,raw,tcf,True,9,2.873387338733873,5.9595745801314415,3.928571428571429,
2715763,5,catalog_clean_background,quiet_low_scatter,raw_tcf,raw,tcf,True,10,11.79087908790879,5.950784633116107,6.357142857142858,
2715763,5,catalog_clean_background,quiet_low_scatter,arima_bls,arima,bls,True,1,13.448644864486448,3.3007218273732706,1.5,
2715763,5,catalog_clean_background,quiet_low_scatter,arima_bls,arima,bls,True,2,13.312831283128313,3.206058200575008,1.5,
2715763,5,catalog_clean_background,quiet_low_scatter,arima_bls,arima,bls,True,3,12.098909890989098,3.1613389323668044,1.5,
2715763,5,catalog_clean_background,quiet_low_scatter,arima_bls,arima,bls,True,4,13.865886588658864,3.113931264304724,1.5,
2715763,5,catalog_clean_background,quiet_low_scatter,arima_bls,arima,bls,True,5,14.225722572257226,3.0579895715727385,1.5,
2715763,5,catalog_clean_background,quiet_low_scatter,arima_bls,arima,bls,True,6,12.68136813681368,2.876695904846888,1.5,
2715763,5,catalog_clean_background,quiet_low_scatter,arima_bls,arima,bls,True,7,12.282328232823282,2.745461797121057,1.5,
2715763,5,catalog_clean_background,quiet_low_scatter,arima_bls,arima,bls,True,8,14.875387538753875,2.7452799451969403,1.5,
2715763,5,catalog_clean_background,quiet_low_scatter,arima_bls,arima,bls,True,9,8.77077707770777,2.705376669784827,1.5,
2715763,5,catalog_clean_background,quiet_low_scatter,arima_bls,arima,bls,True,10,11.816081608160816,2.6978626534870003,1.5,
2715763,5,catalog_clean_background,quiet_low_scatter,arima_tcf,arima,tcf,True,1,12.643564356435643,7.167636117724711,2.7142857142857144,
2715763,5,catalog_clean_background,quiet_low_scatter,arima_tcf,arima,tcf,True,2,12.978197819781975,6.920367573960819,3.928571428571429,
2715763,5,catalog_clean_background,quiet_low_scatter,arima_tcf,arima,tcf,True,3,6.286928692869287,6.871138212104544,8.785714285714285,
2715763,5,catalog_clean_background,quiet_low_scatter,arima_tcf,arima,tcf,True,4,8.814181418141814,6.7540090019974075,3.928571428571429,
2715763,5,catalog_clean_background,quiet_low_scatter,arima_tcf,arima,tcf,True,5,14.728372837283729,6.501145761400153,10.0,
2715763,5,catalog_clean_background,quiet_low_scatter,arima_tcf,arima,tcf,True,6,13.746874687468749,6.497472368776446,7.571428571428571,
2715763,5,catalog_clean_background,quiet_low_scatter,arima_tcf,arima,tcf,True,7,5.971897189718971,6.341640295173976,2.7142857142857144,
2715763,5,catalog_clean_background,quiet_low_scatter,arima_tcf,arima,tcf,True,8,2.582158215821582,6.256834073865136,3.928571428571429,
2715763,5,catalog_clean_background,quiet_low_scatter,arima_tcf,arima,tcf,True,9,12.14931493149315,6.228631685153558,5.142857142857142,
2715763,5,catalog_clean_background,quiet_low_scatter,arima_tcf,arima,tcf,True,10,9.752275227522752,6.1803793496557375,2.7142857142857144,
2715763,5,catalog_clean_background,quiet_low_scatter,kalman_bls,kalman,bls,True,1,10.12051205120512,4.693949042900379,1.5,
2715763,5,catalog_clean_background,quiet_low_scatter,kalman_bls,kalman,bls,True,2,12.16051605160516,4.351770514459963,1.5,
2715763,5,catalog_clean_background,quiet_low_scatter,kalman_bls,kalman,bls,True,3,7.229222922292229,4.207867290601144,3.9,
2715763,5,catalog_clean_background,quiet_low_scatter,kalman_bls,kalman,bls,True,4,11.736273627362737,4.202044269844019,2.7,
2715763,5,catalog_clean_background,quiet_low_scatter,kalman_bls,kalman,bls,True,5,9.106810681068106,3.9771495087563062,1.5,
2715763,5,catalog_clean_background,quiet_low_scatter,kalman_bls,kalman,bls,True,6,4.550755075507551,3.72508969653308,5.1000000000000005,
2715763,5,catalog_clean_background,quiet_low_scatter,kalman_bls,kalman,bls,True,7,3.002200220022002,3.6578015655570577,6.300000000000001,
2715763,5,catalog_clean_background,quiet_low_scatter,kalman_bls,kalman,bls,True,8,13.354835483548356,3.537932540653944,1.5,
2715763,5,catalog_clean_background,quiet_low_scatter,kalman_bls,kalman,bls,True,9,14.458145814581458,3.424761256100356,3.9,
2715763,5,catalog_clean_background,quiet_low_scatter,kalman_bls,kalman,bls,True,10,14.85998599859986,3.3548319580903616,1.5,
2715763,5,catalog_clean_background,quiet_low_scatter,kalman_tcf,kalman,tcf,True,1,11.06000600060006,6.954106073489764,5.142857142857142,
2715763,5,catalog_clean_background,quiet_low_scatter,kalman_tcf,kalman,tcf,True,2,12.416741674167415,6.79214921692642,7.571428571428571,
2715763,5,catalog_clean_background,quiet_low_scatter,kalman_tcf,kalman,tcf,True,3,5.494449444944494,6.570006279838254,5.142857142857142,
2715763,5,catalog_clean_background,quiet_low_scatter,kalman_tcf,kalman,tcf,True,4,13.352035203520352,6.361539338978651,2.7142857142857144,
2715763,5,catalog_clean_background,quiet_low_scatter,kalman_tcf,kalman,tcf,True,5,9.38123812381238,6.241040304164973,5.142857142857142,
2715763,5,catalog_clean_background,quiet_low_scatter,kalman_tcf,kalman,tcf,True,6,11.79087908790879,6.045441381893349,6.357142857142858,
2715763,5,catalog_clean_background,quiet_low_scatter,kalman_tcf,kalman,tcf,True,7,3.219221922192219,6.04257236742652,3.928571428571429,
2715763,5,catalog_clean_background,quiet_low_scatter,kalman_tcf,kalman,tcf,True,8,12.7989798979898,5.96757400958105,7.571428571428571,
2715763,5,catalog_clean_background,quiet_low_scatter,kalman_tcf,kalman,tcf,True,9,6.197319731973197,5.951135656603429,5.142857142857142,
2715763,5,catalog_clean_background,quiet_low_scatter,kalman_tcf,kalman,tcf,True,10,13.924692469246924,5.943527888309829,8.785714285714285,
2715763,5,catalog_clean_background,quiet_low_scatter,gp_bls,gp,bls,True,1,10.196119611961196,4.805711469918434,10.05,
2715763,5,catalog_clean_background,quiet_low_scatter,gp_bls,gp,bls,True,2,10.312331233123311,3.3391512631750393,10.05,
2715763,5,catalog_clean_background,quiet_low_scatter,gp_bls,gp,bls,True,3,12.248724872487248,3.103308994958677,10.05,
2715763,5,catalog_clean_background,quiet_low_scatter,gp_bls,gp,bls,True,4,4.048104810481048,3.046746448979481,10.05,
2715763,5,catalog_clean_background,quiet_low_scatter,gp_bls,gp,bls,True,5,10.091109110911091,3.024507953915279,10.05,
2715763,5,catalog_clean_background,quiet_low_scatter,gp_bls,gp,bls,True,6,5.08000800080008,2.717079511616714,10.05,
2715763,5,catalog_clean_background,quiet_low_scatter,gp_bls,gp,bls,True,7,14.992999299929991,2.7054891541691237,10.05,
2715763,5,catalog_clean_background,quiet_low_scatter,gp_bls,gp,bls,True,8,10.418741874187418,2.520046392784628,10.05,
2715763,5,catalog_clean_background,quiet_low_scatter,gp_bls,gp,bls,True,9,12.385938593859386,2.2413748995353684,10.05,
2715763,5,catalog_clean_background,quiet_low_scatter,gp_bls,gp,bls,True,10,9.053605360536054,2.1902784958564685,10.05,
2715763,5,catalog_clean_background,quiet_low_scatter,gp_tcf,gp,tcf,True,1,12.416741674167415,6.0270690152554085,7.571428571428571,
2715763,5,catalog_clean_background,quiet_low_scatter,gp_tcf,gp,tcf,True,2,11.06000600060006,6.015267725631309,5.142857142857142,
2715763,5,catalog_clean_background,quiet_low_scatter,gp_tcf,gp,tcf,True,3,13.352035203520352,5.965956620047745,2.7142857142857144,
2715763,5,catalog_clean_background,quiet_low_scatter,gp_tcf,gp,tcf,True,4,5.494449444944494,5.695993643041071,5.142857142857142,
2715763,5,catalog_clean_background,quiet_low_scatter,gp_tcf,gp,tcf,True,5,2.554155415541554,5.50292532959838,7.571428571428571,
2715763,5,catalog_clean_background,quiet_low_scatter,gp_tcf,gp,tcf,True,6,9.202020202020202,5.4953423431519095,8.785714285714285,
2715763,5,catalog_clean_background,quiet_low_scatter,gp_tcf,gp,tcf,True,7,9.071807180718071,5.4919644208705645,5.142857142857142,
2715763,5,catalog_clean_background,quiet_low_scatter,gp_tcf,gp,tcf,True,8,9.377037703770377,5.489547990069639,5.142857142857142,
2715763,5,catalog_clean_background,quiet_low_scatter,gp_tcf,gp,tcf,True,9,4.4835483548354835,5.447087409038877,6.357142857142858,
2715763,5,catalog_clean_background,quiet_low_scatter,gp_tcf,gp,tcf,True,10,9.82228222822282,5.397961163210569,10.0,
4375186,5,catalog_clean_background,quiet_low_scatter,raw_bls,raw,bls,True,1,14.369936993699367,3.588292753637559,10.05,
4375186,5,catalog_clean_background,quiet_low_scatter,raw_bls,raw,bls,True,2,14.187918791879188,3.3284468149005924,10.05,
4375186,5,catalog_clean_background,quiet_low_scatter,raw_bls,raw,bls,True,3,14.738173817381735,3.2933408120502063,10.05,
4375186,5,catalog_clean_background,quiet_low_scatter,raw_bls,raw,bls,True,4,14.543554355435544,3.230349971714694,10.05,
4375186,5,catalog_clean_background,quiet_low_scatter,raw_bls,raw,bls,True,5,13.221822182218222,2.966337523745535,10.05,
4375186,5,catalog_clean_background,quiet_low_scatter,raw_bls,raw,bls,True,6,10.113511351135111,2.776449110318648,10.05,
4375186,5,catalog_clean_background,quiet_low_scatter,raw_bls,raw,bls,True,7,13.423442344234424,2.68311592368721,10.05,
4375186,5,catalog_clean_background,quiet_low_scatter,raw_bls,raw,bls,True,8,4.743974397439744,2.666992811975666,6.300000000000001,
4375186,5,catalog_clean_background,quiet_low_scatter,raw_bls,raw,bls,True,9,14.003100310031003,2.586089695172422,10.05,
4375186,5,catalog_clean_background,quiet_low_scatter,raw_bls,raw,bls,True,10,13.084608460846084,2.4888215548366137,10.05,
4375186,5,catalog_clean_background,quiet_low_scatter,raw_tcf,raw,tcf,True,1,14.316731673167316,5.877021013063385,10.0,
4375186,5,catalog_clean_background,quiet_low_scatter,raw_tcf,raw,tcf,True,2,8.028702870287027,5.741627249855014,6.357142857142858,
4375186,5,catalog_clean_background,quiet_low_scatter,raw_tcf,raw,tcf,True,3,6.027902790279028,5.656555646320441,8.785714285714285,
4375186,5,catalog_clean_background,quiet_low_scatter,raw_tcf,raw,tcf,True,4,10.372537253725373,5.6390584237485335,3.928571428571429,
4375186,5,catalog_clean_background,quiet_low_scatter,raw_tcf,raw,tcf,True,5,9.937093709370936,5.584618594221734,6.357142857142858,
4375186,5,catalog_clean_background,quiet_low_scatter,raw_tcf,raw,tcf,True,6,12.71917191719172,5.420744121630171,1.5,
4375186,5,catalog_clean_background,quiet_low_scatter,raw_tcf,raw,tcf,True,7,9.637463746374635,5.408762405138174,1.5,
4375186,5,catalog_clean_background,quiet_low_scatter,raw_tcf,raw,tcf,True,8,4.133513351335134,5.319725860744512,6.357142857142858,
4375186,5,catalog_clean_background,quiet_low_scatter,raw_tcf,raw,tcf,True,9,10.723972397239724,5.297466219695163,7.571428571428571,
4375186,5,catalog_clean_background,quiet_low_scatter,raw_tcf,raw,tcf,True,10,4.735573557355735,5.297260892052114,1.5,
4375186,5,catalog_clean_background,quiet_low_scatter,arima_bls,arima,bls,True,1,3.231823182318232,8.855047135413463,1.5,
4375186,5,catalog_clean_background,quiet_low_scatter,arima_bls,arima,bls,True,2,12.926392639263923,6.375341743341186,1.5,
4375186,5,catalog_clean_background,quiet_low_scatter,arima_bls,arima,bls,True,3,6.463346334633464,5.89981186127936,1.5,
4375186,5,catalog_clean_background,quiet_low_scatter,arima_bls,arima,bls,True,4,11.384838483848384,5.892123053283764,1.5,
4375186,5,catalog_clean_background,quiet_low_scatter,arima_bls,arima,bls,True,5,9.693469346934693,5.857200504600422,1.5,
4375186,5,catalog_clean_background,quiet_low_scatter,arima_bls,arima,bls,True,6,8.03010301030103,5.512843567561113,1.5,
4375186,5,catalog_clean_background,quiet_low_scatter,arima_bls,arima,bls,True,7,2.019301930193019,5.0313544146542295,1.5,
4375186,5,catalog_clean_background,quiet_low_scatter,arima_bls,arima,bls,True,8,13.206420642064206,4.725700148305579,1.5,
4375186,5,catalog_clean_background,quiet_low_scatter,arima_bls,arima,bls,True,9,13.46964696469647,4.680048922369201,1.5,
4375186,5,catalog_clean_background,quiet_low_scatter,arima_bls,arima,bls,True,10,14.288728872887289,4.676691319676317,1.5,
4375186,5,catalog_clean_background,quiet_low_scatter,arima_tcf,arima,tcf,True,1,1.182018201820182,7.173726450691688,7.571428571428571,
4375186,5,catalog_clean_background,quiet_low_scatter,arima_tcf,arima,tcf,True,2,8.241524152415241,6.729940789514283,10.0,
4375186,5,catalog_clean_background,quiet_low_scatter,arima_tcf,arima,tcf,True,3,3.6574657465746574,6.352608043527789,5.142857142857142,
4375186,5,catalog_clean_background,quiet_low_scatter,arima_tcf,arima,tcf,True,4,14.78157815781578,6.348292290083266,2.7142857142857144,
4375186,5,catalog_clean_background,quiet_low_scatter,arima_tcf,arima,tcf,True,5,10.973197319731971,6.309976496603073,5.142857142857142,
4375186,5,catalog_clean_background,quiet_low_scatter,arima_tcf,arima,tcf,True,6,7.342634263426342,6.220001194779343,7.571428571428571,
4375186,5,catalog_clean_background,quiet_low_scatter,arima_tcf,arima,tcf,True,7,12.832583258325831,6.179990916814056,5.142857142857142,
4375186,5,catalog_clean_background,quiet_low_scatter,arima_tcf,arima,tcf,True,8,10.56155615561556,6.174045949479378,6.357142857142858,
4375186,5,catalog_clean_background,quiet_low_scatter,arima_tcf,arima,tcf,True,9,3.8352835283528353,6.085707487694397,10.0,
4375186,5,catalog_clean_background,quiet_low_scatter,arima_tcf,arima,tcf,True,10,4.960996099609961,6.036567055610004,8.785714285714285,
4375186,5,catalog_clean_background,quiet_low_scatter,kalman_bls,kalman,bls,True,1,10.375337533753376,4.9742350877818104,1.5,
4375186,5,catalog_clean_background,quiet_low_scatter,kalman_bls,kalman,bls,True,2,13.352035203520352,4.066443067903147,1.5,
4375186,5,catalog_clean_background,quiet_low_scatter,kalman_bls,kalman,bls,True,3,4.118111811181118,3.657832949505373,1.5,
4375186,5,catalog_clean_background,quiet_low_scatter,kalman_bls,kalman,bls,True,4,4.34073407340734,3.580662283299965,1.5,
4375186,5,catalog_clean_background,quiet_low_scatter,kalman_bls,kalman,bls,True,5,6.8259825982598255,3.4475087003621407,1.5,
4375186,5,catalog_clean_background,quiet_low_scatter,kalman_bls,kalman,bls,True,6,11.386238623862386,3.399427103795591,1.5,
4375186,5,catalog_clean_background,quiet_low_scatter,kalman_bls,kalman,bls,True,7,11.866486648664866,3.3504714088622123,3.9,
4375186,5,catalog_clean_background,quiet_low_scatter,kalman_bls,kalman,bls,True,8,8.032903290329033,3.3335571837996545,1.5,
4375186,5,catalog_clean_background,quiet_low_scatter,kalman_bls,kalman,bls,True,9,1.1834183418341837,3.287062056094177,8.850000000000001,
4375186,5,catalog_clean_background,quiet_low_scatter,kalman_bls,kalman,bls,True,10,14.801180118011802,3.143182397519602,2.7,
4375186,5,catalog_clean_background,quiet_low_scatter,kalman_tcf,kalman,tcf,True,1,8.028702870287027,6.673479495064643,6.357142857142858,
4375186,5,catalog_clean_background,quiet_low_scatter,kalman_tcf,kalman,tcf,True,2,10.372537253725373,6.560103647078149,3.928571428571429,
4375186,5,catalog_clean_background,quiet_low_scatter,kalman_tcf,kalman,tcf,True,3,9.937093709370936,6.256610950257329,6.357142857142858,
4375186,5,catalog_clean_background,quiet_low_scatter,kalman_tcf,kalman,tcf,True,4,4.735573557355735,6.220877036442535,1.5,
4375186,5,catalog_clean_background,quiet_low_scatter,kalman_tcf,kalman,tcf,True,5,6.14971497149715,6.199777206081557,6.357142857142858,
4375186,5,catalog_clean_background,quiet_low_scatter,kalman_tcf,kalman,tcf,True,6,4.147514751475148,6.129114488401631,7.571428571428571,
4375186,5,catalog_clean_background,quiet_low_scatter,kalman_tcf,kalman,tcf,True,7,12.83118311831183,6.10654272314235,5.142857142857142,
4375186,5,catalog_clean_background,quiet_low_scatter,kalman_tcf,kalman,tcf,True,8,9.385438543854384,6.070516332149673,1.5,
4375186,5,catalog_clean_background,quiet_low_scatter,kalman_tcf,kalman,tcf,True,9,7.272627262726273,6.056403080638629,6.357142857142858,
4375186,5,catalog_clean_background,quiet_low_scatter,kalman_tcf,kalman,tcf,True,10,8.872987298729873,5.999927983721521,6.357142857142858,
4375186,5,catalog_clean_background,quiet_low_scatter,gp_bls,gp,bls,True,1,13.32123212321232,3.212522464709709,5.1000000000000005,
4375186,5,catalog_clean_background,quiet_low_scatter,gp_bls,gp,bls,True,2,8.15051505150515,2.751053516701851,10.05,
4375186,5,catalog_clean_background,quiet_low_scatter,gp_bls,gp,bls,True,3,14.831983198319833,2.7081291763244435,2.7,
4375186,5,catalog_clean_background,quiet_low_scatter,gp_bls,gp,bls,True,4,14.66956695669567,2.678909564308936,3.9,
4375186,5,catalog_clean_background,quiet_low_scatter,gp_bls,gp,bls,True,5,8.795979597959796,2.600037323763452,2.7,
4375186,5,catalog_clean_background,quiet_low_scatter,gp_bls,gp,bls,True,6,6.461946194619462,2.5715049753783723,5.1000000000000005,
4375186,5,catalog_clean_background,quiet_low_scatter,gp_bls,gp,bls,True,7,8.30873087308731,2.4452900124472716,5.1000000000000005,
4375186,5,catalog_clean_background,quiet_low_scatter,gp_bls,gp,bls,True,8,6.564156415641564,2.429117956681805,7.5,
4375186,5,catalog_clean_background,quiet_low_scatter,gp_bls,gp,bls,True,9,2.367936793679368,2.3950217776422815,8.850000000000001,
4375186,5,catalog_clean_background,quiet_low_scatter,gp_bls,gp,bls,True,10,13.128012801280128,2.2788938063679858,7.5,
4375186,5,catalog_clean_background,quiet_low_scatter,gp_tcf,gp,tcf,True,1,10.372537253725373,5.865141644434183,3.928571428571429,
4375186,5,catalog_clean_background,quiet_low_scatter,gp_tcf,gp,tcf,True,2,10.723972397239724,5.852041615372854,7.571428571428571,
4375186,5,catalog_clean_background,quiet_low_scatter,gp_tcf,gp,tcf,True,3,12.738773877387738,5.846057943415501,10.0,
4375186,5,catalog_clean_background,quiet_low_scatter,gp_tcf,gp,tcf,True,4,14.316731673167316,5.8278665494005875,10.0,
4375186,5,catalog_clean_background,quiet_low_scatter,gp_tcf,gp,tcf,True,5,4.735573557355735,5.761249591095012,1.5,
4375186,5,catalog_clean_background,quiet_low_scatter,gp_tcf,gp,tcf,True,6,10.884988498849884,5.7607575365027754,6.357142857142858,
4375186,5,catalog_clean_background,quiet_low_scatter,gp_tcf,gp,tcf,True,7,14.049304930493047,5.750049749993695,8.785714285714285,
4375186,5,catalog_clean_background,quiet_low_scatter,gp_tcf,gp,tcf,True,8,7.2768276827682765,5.748421477891884,6.357142857142858,
4375186,5,catalog_clean_background,quiet_low_scatter,gp_tcf,gp,tcf,True,9,9.08020802080208,5.732366223814052,6.357142857142858,
4375186,5,catalog_clean_background,quiet_low_scatter,gp_tcf,gp,tcf,True,10,9.423242324232422,5.714813363123341,8.785714285714285,
5880602,5,catalog_clean_background,quiet_low_scatter,raw_bls,raw,bls,True,1,8.014701470147013,7.235185915625357,10.05,
5880602,5,catalog_clean_background,quiet_low_scatter,raw_bls,raw,bls,True,2,7.932093209320932,6.124488796456377,10.05,
5880602,5,catalog_clean_background,quiet_low_scatter,raw_bls,raw,bls,True,3,2.6857685768576856,5.339340737798343,10.05,
5880602,5,catalog_clean_background,quiet_low_scatter,raw_bls,raw,bls,True,4,8.111311131113112,4.90851642105781,10.05,
5880602,5,catalog_clean_background,quiet_low_scatter,raw_bls,raw,bls,True,5,8.252725272527252,3.4138994931598554,10.05,
5880602,5,catalog_clean_background,quiet_low_scatter,raw_bls,raw,bls,True,6,2.656365636563656,3.3932426073096003,10.05,
5880602,5,catalog_clean_background,quiet_low_scatter,raw_bls,raw,bls,True,7,13.343634363436344,3.248465253303315,10.05,
5880602,5,catalog_clean_background,quiet_low_scatter,raw_bls,raw,bls,True,8,7.814481448144814,3.0091735906058976,10.05,
5880602,5,catalog_clean_background,quiet_low_scatter,raw_bls,raw,bls,True,9,5.327832783278327,2.991245378108407,10.05,
5880602,5,catalog_clean_background,quiet_low_scatter,raw_bls,raw,bls,True,10,13.497649764976495,2.8641408350553794,10.05,
5880602,5,catalog_clean_background,quiet_low_scatter,raw_tcf,raw,tcf,True,1,10.751975197519752,6.043932900869984,2.7142857142857144,
5880602,5,catalog_clean_background,quiet_low_scatter,raw_tcf,raw,tcf,True,2,9.027002700270026,6.017582135083868,3.928571428571429,
5880602,5,catalog_clean_background,quiet_low_scatter,raw_tcf,raw,tcf,True,3,7.729072907290729,5.831646389991914,6.357142857142858,
5880602,5,catalog_clean_background,quiet_low_scatter,raw_tcf,raw,tcf,True,4,12.82978297829783,5.658960195850412,1.5,
5880602,5,catalog_clean_background,quiet_low_scatter,raw_tcf,raw,tcf,True,5,4.794379437943794,5.649910966849726,5.142857142857142,
5880602,5,catalog_clean_background,quiet_low_scatter,raw_tcf,raw,tcf,True,6,4.717371737173718,5.647990856684064,10.0,
5880602,5,catalog_clean_background,quiet_low_scatter,raw_tcf,raw,tcf,True,7,9.615061506150616,5.606221577390504,6.357142857142858,
5880602,5,catalog_clean_background,quiet_low_scatter,raw_tcf,raw,tcf,True,8,5.9956995699569955,5.5684437583366115,3.928571428571429,
5880602,5,catalog_clean_background,quiet_low_scatter,raw_tcf,raw,tcf,True,9,6.6327632763276325,5.567640740010395,10.0,
5880602,5,catalog_clean_background,quiet_low_scatter,raw_tcf,raw,tcf,True,10,12.496549654965497,5.465642017250733,8.785714285714285,
5880602,5,catalog_clean_background,quiet_low_scatter,arima_bls,arima,bls,True,1,10.005700570057003,6.107370511552123,1.5,
5880602,5,catalog_clean_background,quiet_low_scatter,arima_bls,arima,bls,True,2,14.945394539453943,5.154085914307937,1.5,
5880602,5,catalog_clean_background,quiet_low_scatter,arima_bls,arima,bls,True,3,9.342034203420342,4.902094087590428,1.5,
5880602,5,catalog_clean_background,quiet_low_scatter,arima_bls,arima,bls,True,4,14.376937693769376,4.68803391563125,1.5,
5880602,5,catalog_clean_background,quiet_low_scatter,arima_bls,arima,bls,True,5,12.982398239823985,4.484817149369616,1.5,
5880602,5,catalog_clean_background,quiet_low_scatter,arima_bls,arima,bls,True,6,14.014301430143014,4.377838530195278,1.5,
5880602,5,catalog_clean_background,quiet_low_scatter,arima_bls,arima,bls,True,7,12.04010401040104,4.305641051068424,1.5,
5880602,5,catalog_clean_background,quiet_low_scatter,arima_bls,arima,bls,True,8,11.842684268426842,4.260003323226918,1.5,
5880602,5,catalog_clean_background,quiet_low_scatter,arima_bls,arima,bls,True,9,12.213721372137211,4.163490325152635,1.5,
5880602,5,catalog_clean_background,quiet_low_scatter,arima_bls,arima,bls,True,10,12.488148814881487,4.103185007388414,1.5,
5880602,5,catalog_clean_background,quiet_low_scatter,arima_tcf,arima,tcf,True,1,10.751975197519752,6.961672485939429,2.7142857142857144,
5880602,5,catalog_clean_background,quiet_low_scatter,arima_tcf,arima,tcf,True,2,8.409540954095409,6.695456497215721,10.0,
5880602,5,catalog_clean_background,quiet_low_scatter,arima_tcf,arima,tcf,True,3,11.284028402840285,6.691540536806887,5.142857142857142,
5880602,5,catalog_clean_background,quiet_low_scatter,arima_tcf,arima,tcf,True,4,10.428542854285428,6.377770580106519,8.785714285714285,
5880602,5,catalog_clean_background,quiet_low_scatter,arima_tcf,arima,tcf,True,5,10.924192419241924,6.291533965762186,7.571428571428571,
5880602,5,catalog_clean_background,quiet_low_scatter,arima_tcf,arima,tcf,True,6,6.911391139113912,6.279630255481725,1.5,
5880602,5,catalog_clean_background,quiet_low_scatter,arima_tcf,arima,tcf,True,7,13.42064206420642,6.251737566373194,2.7142857142857144,
5880602,5,catalog_clean_background,quiet_low_scatter,arima_tcf,arima,tcf,True,8,12.82978297829783,6.148740782018866,1.5,
5880602,5,catalog_clean_background,quiet_low_scatter,arima_tcf,arima,tcf,True,9,8.977997799779978,6.141172063864826,8.785714285714285,
5880602,5,catalog_clean_background,quiet_low_scatter,arima_tcf,arima,tcf,True,10,4.784578457845784,6.1393250028848625,8.785714285714285,
5880602,5,catalog_clean_background,quiet_low_scatter,kalman_bls,kalman,bls,True,1,2.667566756675668,4.703075178166607,10.05,
5880602,5,catalog_clean_background,quiet_low_scatter,kalman_bls,kalman,bls,True,2,7.717871787178717,4.282795983453402,1.5,
5880602,5,catalog_clean_background,quiet_low_scatter,kalman_bls,kalman,bls,True,3,5.379637963796379,3.9352464287065,1.5,
5880602,5,catalog_clean_background,quiet_low_scatter,kalman_bls,kalman,bls,True,4,8.157515751575158,3.815388139478338,1.5,
5880602,5,catalog_clean_background,quiet_low_scatter,kalman_bls,kalman,bls,True,5,2.6969696969696972,3.7944395390825254,3.9,
5880602,5,catalog_clean_background,quiet_low_scatter,kalman_bls,kalman,bls,True,6,2.4925492549254926,3.600164870625072,2.7,
5880602,5,catalog_clean_background,quiet_low_scatter,kalman_bls,kalman,bls,True,7,14.228522852285227,3.4413887925208857,1.5,
5880602,5,catalog_clean_background,quiet_low_scatter,kalman_bls,kalman,bls,True,8,8.744174417441744,3.33884348415767,1.5,
5880602,5,catalog_clean_background,quiet_low_scatter,kalman_bls,kalman,bls,True,9,7.997899789978998,3.3260093183649144,10.05,
5880602,5,catalog_clean_background,quiet_low_scatter,kalman_bls,kalman,bls,True,10,4.857385738573857,3.0484454497986713,6.300000000000001,
5880602,5,catalog_clean_background,quiet_low_scatter,kalman_tcf,kalman,tcf,True,1,10.751975197519752,7.152593007074775,2.7142857142857144,
5880602,5,catalog_clean_background,quiet_low_scatter,kalman_tcf,kalman,tcf,True,2,5.9956995699569955,6.740077594685715,3.928571428571429,
5880602,5,catalog_clean_background,quiet_low_scatter,kalman_tcf,kalman,tcf,True,3,9.027002700270026,6.578354351826362,3.928571428571429,
5880602,5,catalog_clean_background,quiet_low_scatter,kalman_tcf,kalman,tcf,True,4,12.496549654965497,6.570662412420709,8.785714285714285,
5880602,5,catalog_clean_background,quiet_low_scatter,kalman_tcf,kalman,tcf,True,5,12.82978297829783,6.394627026147044,1.5,
5880602,5,catalog_clean_background,quiet_low_scatter,kalman_tcf,kalman,tcf,True,6,2.3973397339733973,6.298193083971459,8.785714285714285,
5880602,5,catalog_clean_background,quiet_low_scatter,kalman_tcf,kalman,tcf,True,7,9.693469346934693,6.200674452723543,1.5,
5880602,5,catalog_clean_background,quiet_low_scatter,kalman_tcf,kalman,tcf,True,8,5.199019901990199,6.179991894638187,6.357142857142858,
5880602,5,catalog_clean_background,quiet_low_scatter,kalman_tcf,kalman,tcf,True,9,7.456045604560456,6.154144729662675,7.571428571428571,
5880602,5,catalog_clean_background,quiet_low_scatter,kalman_tcf,kalman,tcf,True,10,14.01010101010101,6.1123174123518815,1.5,
5880602,5,catalog_clean_background,quiet_low_scatter,gp_bls,gp,bls,True,1,9.671067106710671,3.99251719628641,10.05,
5880602,5,catalog_clean_background,quiet_low_scatter,gp_bls,gp,bls,True,2,3.1968196819681967,3.164527756380598,10.05,
5880602,5,catalog_clean_background,quiet_low_scatter,gp_bls,gp,bls,True,3,9.566056605660568,3.064177177522771,10.05,
5880602,5,catalog_clean_background,quiet_low_scatter,gp_bls,gp,bls,True,4,12.385938593859386,2.8978688224662035,10.05,
5880602,5,catalog_clean_background,quiet_low_scatter,gp_bls,gp,bls,True,5,9.378437843784376,2.63052895444914,7.5,
5880602,5,catalog_clean_background,quiet_low_scatter,gp_bls,gp,bls,True,6,13.517251725172516,2.418256205404437,3.9,
5880602,5,catalog_clean_background,quiet_low_scatter,gp_bls,gp,bls,True,7,11.986898689868989,2.1352955674777023,10.05,
5880602,5,catalog_clean_background,quiet_low_scatter,gp_bls,gp,bls,True,8,6.176317631763176,2.0544576211584156,5.1000000000000005,
5880602,5,catalog_clean_background,quiet_low_scatter,gp_bls,gp,bls,True,9,7.911091109110911,2.034235783539702,3.9,
5880602,5,catalog_clean_background,quiet_low_scatter,gp_bls,gp,bls,True,10,7.302030203020302,2.009770371667802,10.05,
5880602,5,catalog_clean_background,quiet_low_scatter,gp_tcf,gp,tcf,True,1,10.751975197519752,6.533528977930114,2.7142857142857144,
5880602,5,catalog_clean_background,quiet_low_scatter,gp_tcf,gp,tcf,True,2,9.027002700270026,6.457195066936951,3.928571428571429,
5880602,5,catalog_clean_background,quiet_low_scatter,gp_tcf,gp,tcf,True,3,4.833583358335833,6.331593080264557,10.0,
5880602,5,catalog_clean_background,quiet_low_scatter,gp_tcf,gp,tcf,True,4,5.9956995699569955,6.232130196366988,3.928571428571429,
5880602,5,catalog_clean_background,quiet_low_scatter,gp_tcf,gp,tcf,True,5,13.822482248224825,6.1585781960054495,5.142857142857142,
5880602,5,catalog_clean_background,quiet_low_scatter,gp_tcf,gp,tcf,True,6,3.551055105510551,6.135314424166796,10.0,
5880602,5,catalog_clean_background,quiet_low_scatter,gp_tcf,gp,tcf,True,7,9.664066406640664,6.114982055378723,10.0,
5880602,5,catalog_clean_background,quiet_low_scatter,gp_tcf,gp,tcf,True,8,12.496549654965497,6.059371241249801,8.785714285714285,
5880602,5,catalog_clean_background,quiet_low_scatter,gp_tcf,gp,tcf,True,9,7.729072907290729,6.0357135415114795,6.357142857142858,
5880602,5,catalog_clean_background,quiet_low_scatter,gp_tcf,gp,tcf,True,10,12.82978297829783,6.024864984833841,1.5,
5961063,5,catalog_clean_background,quiet_low_scatter,raw_bls,raw,bls,True,1,7.12001200120012,3.013070455478136,10.05,
5961063,5,catalog_clean_background,quiet_low_scatter,raw_bls,raw,bls,True,2,7.198419841984198,2.695607824624063,10.05,
5961063,5,catalog_clean_background,quiet_low_scatter,raw_bls,raw,bls,True,3,14.28032803280328,2.3385956494667655,10.05,
5961063,5,catalog_clean_background,quiet_low_scatter,raw_bls,raw,bls,True,4,7.04020402040204,2.255655501713395,10.05,
5961063,5,catalog_clean_background,quiet_low_scatter,raw_bls,raw,bls,True,5,7.418241824182418,2.2383502355775966,10.05,
5961063,5,catalog_clean_background,quiet_low_scatter,raw_bls,raw,bls,True,6,10.553155315531551,1.9996449629044917,10.05,
5961063,5,catalog_clean_background,quiet_low_scatter,raw_bls,raw,bls,True,7,7.575057505750575,1.867161398595894,10.05,
5961063,5,catalog_clean_background,quiet_low_scatter,raw_bls,raw,bls,True,8,2.4155415541554155,1.864609924381732,10.05,
5961063,5,catalog_clean_background,quiet_low_scatter,raw_bls,raw,bls,True,9,10.667966796679668,1.8477295460425944,10.05,
5961063,5,catalog_clean_background,quiet_low_scatter,raw_bls,raw,bls,True,10,10.12891289128913,1.820321011397252,10.05,
5961063,5,catalog_clean_background,quiet_low_scatter,raw_tcf,raw,tcf,True,1,14.32933293329333,6.128479988037507,8.785714285714285,
5961063,5,catalog_clean_background,quiet_low_scatter,raw_tcf,raw,tcf,True,2,12.636563656365636,5.749278697565572,10.0,
5961063,5,catalog_clean_background,quiet_low_scatter,raw_tcf,raw,tcf,True,3,9.64026402640264,5.7098022885610185,8.785714285714285,
5961063,5,catalog_clean_background,quiet_low_scatter,raw_tcf,raw,tcf,True,4,6.881988198819882,5.441188114872647,3.928571428571429,
5961063,5,catalog_clean_background,quiet_low_scatter,raw_tcf,raw,tcf,True,5,13.13921392139214,5.256480530613058,3.928571428571429,
5961063,5,catalog_clean_background,quiet_low_scatter,raw_tcf,raw,tcf,True,6,10.06030603060306,5.217121192208998,7.571428571428571,
5961063,5,catalog_clean_background,quiet_low_scatter,raw_tcf,raw,tcf,True,7,5.274627462746275,5.1070024221213925,2.7142857142857144,
5961063,5,catalog_clean_background,quiet_low_scatter,raw_tcf,raw,tcf,True,8,8.163116311631164,5.042364331314481,8.785714285714285,
5961063,5,catalog_clean_background,quiet_low_scatter,raw_tcf,raw,tcf,True,9,13.38003800380038,4.97020857050387,6.357142857142858,
5961063,5,catalog_clean_background,quiet_low_scatter,raw_tcf,raw,tcf,True,10,13.573257325732571,4.936307943650393,7.571428571428571,
5961063,5,catalog_clean_background,quiet_low_scatter,arima_bls,arima,bls,True,1,10.669366936693669,3.314670105410088,1.5,
5961063,5,catalog_clean_background,quiet_low_scatter,arima_bls,arima,bls,True,2,13.338033803380338,3.049369024006044,1.5,
5961063,5,catalog_clean_background,quiet_low_scatter,arima_bls,arima,bls,True,3,13.92049204920492,2.9458837255878,1.5,
5961063,5,catalog_clean_background,quiet_low_scatter,arima_bls,arima,bls,True,4,11.725072507250724,2.8964083084928705,1.5,
5961063,5,catalog_clean_background,quiet_low_scatter,arima_bls,arima,bls,True,5,14.127712771277128,2.880810965268911,1.5,
5961063,5,catalog_clean_background,quiet_low_scatter,arima_bls,arima,bls,True,6,9.703270327032705,2.877000542397698,1.5,
5961063,5,catalog_clean_background,quiet_low_scatter,arima_bls,arima,bls,True,7,14.55055505550555,2.849125335850271,1.5,
5961063,5,catalog_clean_background,quiet_low_scatter,arima_bls,arima,bls,True,8,11.268626862686268,2.794884985011985,1.5,
5961063,5,catalog_clean_background,quiet_low_scatter,arima_bls,arima,bls,True,9,11.418441844184418,2.79402657285919,1.5,
5961063,5,catalog_clean_background,quiet_low_scatter,arima_bls,arima,bls,True,10,13.137813781378137,2.64510126306588,1.5,
5961063,5,catalog_clean_background,quiet_low_scatter,arima_tcf,arima,tcf,True,1,5.813681368136813,7.228041786313019,6.357142857142858,
5961063,5,catalog_clean_background,quiet_low_scatter,arima_tcf,arima,tcf,True,2,7.205420542054205,6.754798718679152,5.142857142857142,
5961063,5,catalog_clean_background,quiet_low_scatter,arima_tcf,arima,tcf,True,3,11.03060306030603,6.7202213024499535,7.571428571428571,
5961063,5,catalog_clean_background,quiet_low_scatter,arima_tcf,arima,tcf,True,4,6.365336533653365,6.49040507536162,7.571428571428571,
5961063,5,catalog_clean_background,quiet_low_scatter,arima_tcf,arima,tcf,True,5,14.092709270927092,6.302366159863772,3.928571428571429,
5961063,5,catalog_clean_background,quiet_low_scatter,arima_tcf,arima,tcf,True,6,10.418741874187418,6.291062929931979,8.785714285714285,
5961063,5,catalog_clean_background,quiet_low_scatter,arima_tcf,arima,tcf,True,7,13.532653265326532,6.23320331102685,6.357142857142858,
5961063,5,catalog_clean_background,quiet_low_scatter,arima_tcf,arima,tcf,True,8,11.222422242224225,6.222356979517407,3.928571428571429,
5961063,5,catalog_clean_background,quiet_low_scatter,arima_tcf,arima,tcf,True,9,12.556755675567556,6.220487033464422,6.357142857142858,
5961063,5,catalog_clean_background,quiet_low_scatter,arima_tcf,arima,tcf,True,10,11.499649964996498,6.184813236484239,7.571428571428571,
5961063,5,catalog_clean_background,quiet_low_scatter,kalman_bls,kalman,bls,True,1,8.842184218421842,6.247831349790171,2.7,
5961063,5,catalog_clean_background,quiet_low_scatter,kalman_bls,kalman,bls,True,2,7.2390239023902385,5.519235125254573,3.9,
5961063,5,catalog_clean_background,quiet_low_scatter,kalman_bls,kalman,bls,True,3,2.4155415541554155,5.097814653734987,3.9,
5961063,5,catalog_clean_background,quiet_low_scatter,kalman_bls,kalman,bls,True,4,2.3903390339033903,4.600109308278929,10.05,
5961063,5,catalog_clean_background,quiet_low_scatter,kalman_bls,kalman,bls,True,5,14.481948194819482,3.974180397108712,2.7,
5961063,5,catalog_clean_background,quiet_low_scatter,kalman_bls,kalman,bls,True,6,9.281828182818282,3.794523848797944,1.5,
5961063,5,catalog_clean_background,quiet_low_scatter,kalman_bls,kalman,bls,True,7,14.65136513651365,3.6526204519885743,1.5,
5961063,5,catalog_clean_background,quiet_low_scatter,kalman_bls,kalman,bls,True,8,3.429242924292429,3.556993908677471,1.5,
5961063,5,catalog_clean_background,quiet_low_scatter,kalman_bls,kalman,bls,True,9,2.5275527552755275,3.5287821306246685,8.850000000000001,
5961063,5,catalog_clean_background,quiet_low_scatter,kalman_bls,kalman,bls,True,10,5.5924592459245925,3.5273303131628446,1.5,
5961063,5,catalog_clean_background,quiet_low_scatter,kalman_tcf,kalman,tcf,True,1,14.092709270927092,6.9392443406992905,3.928571428571429,
5961063,5,catalog_clean_background,quiet_low_scatter,kalman_tcf,kalman,tcf,True,2,9.64026402640264,6.875934889059958,8.785714285714285,
5961063,5,catalog_clean_background,quiet_low_scatter,kalman_tcf,kalman,tcf,True,3,5.274627462746275,6.832988845123861,2.7142857142857144,
5961063,5,catalog_clean_background,quiet_low_scatter,kalman_tcf,kalman,tcf,True,4,2.6311631163116314,6.401096584135351,1.5,
5961063,5,catalog_clean_background,quiet_low_scatter,kalman_tcf,kalman,tcf,True,5,6.881988198819882,6.365010691200683,3.928571428571429,
5961063,5,catalog_clean_background,quiet_low_scatter,kalman_tcf,kalman,tcf,True,6,12.636563656365636,6.342594366302321,10.0,
5961063,5,catalog_clean_background,quiet_low_scatter,kalman_tcf,kalman,tcf,True,7,4.4457445744574455,6.268014089975289,1.5,
5961063,5,catalog_clean_background,quiet_low_scatter,kalman_tcf,kalman,tcf,True,8,13.053805380538051,6.259700928898777,1.5,
5961063,5,catalog_clean_background,quiet_low_scatter,kalman_tcf,kalman,tcf,True,9,8.578957895789578,6.152326814032244,8.785714285714285,
5961063,5,catalog_clean_background,quiet_low_scatter,kalman_tcf,kalman,tcf,True,10,13.573257325732571,6.150818768788084,7.571428571428571,
5961063,5,catalog_clean_background,quiet_low_scatter,gp_bls,gp,bls,True,1,8.815581558155817,2.261135248321675,10.05,
5961063,5,catalog_clean_background,quiet_low_scatter,gp_bls,gp,bls,True,2,4.671167116711671,2.040817496809098,10.05,
5961063,5,catalog_clean_background,quiet_low_scatter,gp_bls,gp,bls,True,3,11.032003200320032,1.9892025723740383,10.05,
5961063,5,catalog_clean_background,quiet_low_scatter,gp_bls,gp,bls,True,4,11.43944394439444,1.9083174782891572,10.05,
5961063,5,catalog_clean_background,quiet_low_scatter,gp_bls,gp,bls,True,5,10.25912591259126,1.8759153627251584,10.05,
5961063,5,catalog_clean_background,quiet_low_scatter,gp_bls,gp,bls,True,6,14.693369336933692,1.7730658084600748,10.05,
5961063,5,catalog_clean_background,quiet_low_scatter,gp_bls,gp,bls,True,7,11.74047404740474,1.7482793662342035,10.05,
5961063,5,catalog_clean_background,quiet_low_scatter,gp_bls,gp,bls,True,8,9.330833083308333,1.7200029293891752,10.05,
5961063,5,catalog_clean_background,quiet_low_scatter,gp_bls,gp,bls,True,9,11.949094909490949,1.6058043342613268,10.05,
5961063,5,catalog_clean_background,quiet_low_scatter,gp_bls,gp,bls,True,10,7.626862686268627,1.564858135013414,10.05,
5961063,5,catalog_clean_background,quiet_low_scatter,gp_tcf,gp,tcf,True,1,14.092709270927092,6.78462614164401,3.928571428571429,
5961063,5,catalog_clean_background,quiet_low_scatter,gp_tcf,gp,tcf,True,2,9.64026402640264,6.606428922718557,8.785714285714285,
5961063,5,catalog_clean_background,quiet_low_scatter,gp_tcf,gp,tcf,True,3,6.881988198819882,6.576311801373918,3.928571428571429,
5961063,5,catalog_clean_background,quiet_low_scatter,gp_tcf,gp,tcf,True,4,8.394139413941394,6.309093909763342,5.142857142857142,
5961063,5,catalog_clean_background,quiet_low_scatter,gp_tcf,gp,tcf,True,5,12.636563656365636,6.2652146830812026,10.0,
5961063,5,catalog_clean_background,quiet_low_scatter,gp_tcf,gp,tcf,True,6,5.603660366036603,6.256427849511006,6.357142857142858,
5961063,5,catalog_clean_background,quiet_low_scatter,gp_tcf,gp,tcf,True,7,9.262226222622262,6.190538936670617,8.785714285714285,
5961063,5,catalog_clean_background,quiet_low_scatter,gp_tcf,gp,tcf,True,8,5.274627462746275,6.18724084915747,2.7142857142857144,
5961063,5,catalog_clean_background,quiet_low_scatter,gp_tcf,gp,tcf,True,9,13.142014201420142,6.108134098844699,3.928571428571429,
5961063,5,catalog_clean_background,quiet_low_scatter,gp_tcf,gp,tcf,True,10,13.354835483548356,6.102459595725273,6.357142857142858,
6129877,5,catalog_clean_background,quiet_low_scatter,raw_bls,raw,bls,True,1,8.261126112611262,2.3578690663879462,1.5,
6129877,5,catalog_clean_background,quiet_low_scatter,raw_bls,raw,bls,True,2,11.624262426242623,1.9565784225625984,1.5,
6129877,5,catalog_clean_background,quiet_low_scatter,raw_bls,raw,bls,True,3,14.609360936093609,1.81473959537919,10.05,
6129877,5,catalog_clean_background,quiet_low_scatter,raw_bls,raw,bls,True,4,9.841884188418842,1.8009610924414403,10.05,
6129877,5,catalog_clean_background,quiet_low_scatter,raw_bls,raw,bls,True,5,11.485648564856485,1.6563266453414698,10.05,
6129877,5,catalog_clean_background,quiet_low_scatter,raw_bls,raw,bls,True,6,13.683868386838684,1.580870244591898,1.5,
6129877,5,catalog_clean_background,quiet_low_scatter,raw_bls,raw,bls,True,7,10.014101410141016,1.5728284854432757,10.05,
6129877,5,catalog_clean_background,quiet_low_scatter,raw_bls,raw,bls,True,8,11.13001300130013,1.5177376641979736,1.5,
6129877,5,catalog_clean_background,quiet_low_scatter,raw_bls,raw,bls,True,9,14.91039103910391,1.5012921895611593,10.05,
6129877,5,catalog_clean_background,quiet_low_scatter,raw_bls,raw,bls,True,10,11.937893789378938,1.4711895300754936,10.05,
6129877,5,catalog_clean_background,quiet_low_scatter,raw_tcf,raw,tcf,True,1,8.433343334333433,5.457177006448445,10.0,
6129877,5,catalog_clean_background,quiet_low_scatter,raw_tcf,raw,tcf,True,2,6.512351235123512,5.078506205614247,8.785714285714285,
6129877,5,catalog_clean_background,quiet_low_scatter,raw_tcf,raw,tcf,True,3,8.654565456545654,5.050820031612266,5.142857142857142,
6129877,5,catalog_clean_background,quiet_low_scatter,raw_tcf,raw,tcf,True,4,12.044304430443043,4.837602616702993,7.571428571428571,
6129877,5,catalog_clean_background,quiet_low_scatter,raw_tcf,raw,tcf,True,5,8.913591359135914,4.746120618192474,3.928571428571429,
6129877,5,catalog_clean_background,quiet_low_scatter,raw_tcf,raw,tcf,True,6,11.204220422042203,4.632283667217126,7.571428571428571,
6129877,5,catalog_clean_background,quiet_low_scatter,raw_tcf,raw,tcf,True,7,13.986298629862986,4.62961564601027,6.357142857142858,
6129877,5,catalog_clean_background,quiet_low_scatter,raw_tcf,raw,tcf,True,8,12.929192919291928,4.583655494974238,6.357142857142858,
6129877,5,catalog_clean_background,quiet_low_scatter,raw_tcf,raw,tcf,True,9,12.653365336533652,4.4274490239190465,10.0,
6129877,5,catalog_clean_background,quiet_low_scatter,raw_tcf,raw,tcf,True,10,6.940794079407941,4.380555985672135,10.0,
6129877,5,catalog_clean_background,quiet_low_scatter,arima_bls,arima,bls,True,1,10.525152515251524,3.9107178764698687,1.5,
6129877,5,catalog_clean_background,quiet_low_scatter,arima_bls,arima,bls,True,2,8.2989298929893,3.5642258714661077,1.5,
6129877,5,catalog_clean_background,quiet_low_scatter,arima_bls,arima,bls,True,3,14.684968496849685,3.3658841818962255,1.5,
6129877,5,catalog_clean_background,quiet_low_scatter,arima_bls,arima,bls,True,4,8.546754675467547,3.2173698521461405,1.5,
6129877,5,catalog_clean_background,quiet_low_scatter,arima_bls,arima,bls,True,5,11.622862286228624,3.0951582101240462,1.5,
6129877,5,catalog_clean_background,quiet_low_scatter,arima_bls,arima,bls,True,6,14.217321732173216,3.091822643742113,1.5,
6129877,5,catalog_clean_background,quiet_low_scatter,arima_bls,arima,bls,True,7,14.043704370437045,2.8723914569943805,1.5,
6129877,5,catalog_clean_background,quiet_low_scatter,arima_bls,arima,bls,True,8,10.414541454145414,2.85987592548805,1.5,
6129877,5,catalog_clean_background,quiet_low_scatter,arima_bls,arima,bls,True,9,14.932793279327932,2.714137324002916,1.5,
6129877,5,catalog_clean_background,quiet_low_scatter,arima_bls,arima,bls,True,10,5.207420742074207,2.6848358934968624,1.5,
6129877,5,catalog_clean_background,quiet_low_scatter,arima_tcf,arima,tcf,True,1,10.51955195519552,6.766263473827607,5.142857142857142,
6129877,5,catalog_clean_background,quiet_low_scatter,arima_tcf,arima,tcf,True,2,6.975797579757976,6.306930699617271,3.928571428571429,
6129877,5,catalog_clean_background,quiet_low_scatter,arima_tcf,arima,tcf,True,3,9.892289228922891,6.189767346826574,5.142857142857142,
6129877,5,catalog_clean_background,quiet_low_scatter,arima_tcf,arima,tcf,True,4,4.4975497549754975,6.165357281278959,7.571428571428571,
6129877,5,catalog_clean_background,quiet_low_scatter,arima_tcf,arima,tcf,True,5,14.582758275827585,6.146191716279951,5.142857142857142,
6129877,5,catalog_clean_background,quiet_low_scatter,arima_tcf,arima,tcf,True,6,11.033403340334033,6.111592551072441,10.0,
6129877,5,catalog_clean_background,quiet_low_scatter,arima_tcf,arima,tcf,True,7,11.173417341734174,6.092466282175423,2.7142857142857144,
6129877,5,catalog_clean_background,quiet_low_scatter,arima_tcf,arima,tcf,True,8,5.603660366036603,6.0879340440519645,10.0,
6129877,5,catalog_clean_background,quiet_low_scatter,arima_tcf,arima,tcf,True,9,13.42204220422042,6.050047582542309,1.5,
6129877,5,catalog_clean_background,quiet_low_scatter,arima_tcf,arima,tcf,True,10,7.5316531653165315,6.014597335992314,6.357142857142858,
6129877,5,catalog_clean_background,quiet_low_scatter,kalman_bls,kalman,bls,True,1,8.261126112611262,3.636332096262717,1.5,
6129877,5,catalog_clean_background,quiet_low_scatter,kalman_bls,kalman,bls,True,2,11.62006200620062,3.0171207129438637,1.5,
6129877,5,catalog_clean_background,quiet_low_scatter,kalman_bls,kalman,bls,True,3,13.403840384038403,2.603158598476374,1.5,
6129877,5,catalog_clean_background,quiet_low_scatter,kalman_bls,kalman,bls,True,4,14.610761076107613,2.5876882970890436,1.5,
6129877,5,catalog_clean_background,quiet_low_scatter,kalman_bls,kalman,bls,True,5,14.971997199719972,2.493532355979118,1.5,
6129877,5,catalog_clean_background,quiet_low_scatter,kalman_bls,kalman,bls,True,6,12.021902190219022,2.4628007983589666,1.5,
6129877,5,catalog_clean_background,quiet_low_scatter,kalman_bls,kalman,bls,True,7,12.544154415441543,2.3239987568357425,1.5,
6129877,5,catalog_clean_background,quiet_low_scatter,kalman_bls,kalman,bls,True,8,12.346734673467347,2.270394590861937,1.5,
6129877,5,catalog_clean_background,quiet_low_scatter,kalman_bls,kalman,bls,True,9,13.683868386838684,2.263871400203922,1.5,
6129877,5,catalog_clean_background,quiet_low_scatter,kalman_bls,kalman,bls,True,10,13.984898489848984,2.256471407472126,1.5,
6129877,5,catalog_clean_background,quiet_low_scatter,kalman_tcf,kalman,tcf,True,1,7.206820682068207,6.782566733575055,8.785714285714285,
6129877,5,catalog_clean_background,quiet_low_scatter,kalman_tcf,kalman,tcf,True,2,7.038803880388039,6.546570463246194,8.785714285714285,
6129877,5,catalog_clean_background,quiet_low_scatter,kalman_tcf,kalman,tcf,True,3,12.927792779277928,6.537067768997987,7.571428571428571,
6129877,5,catalog_clean_background,quiet_low_scatter,kalman_tcf,kalman,tcf,True,4,4.101310131013101,6.509689473149832,3.928571428571429,
6129877,5,catalog_clean_background,quiet_low_scatter,kalman_tcf,kalman,tcf,True,5,3.063806380638064,6.348856381407882,10.0,
6129877,5,catalog_clean_background,quiet_low_scatter,kalman_tcf,kalman,tcf,True,6,13.984898489848984,6.246023855323505,6.357142857142858,
6129877,5,catalog_clean_background,quiet_low_scatter,kalman_tcf,kalman,tcf,True,7,13.375837583758376,6.246023855323505,6.357142857142858,
6129877,5,catalog_clean_background,quiet_low_scatter,kalman_tcf,kalman,tcf,True,8,12.044304430443043,6.187253190585155,7.571428571428571,
6129877,5,catalog_clean_background,quiet_low_scatter,kalman_tcf,kalman,tcf,True,9,14.74937493749375,6.120338687243295,3.928571428571429,
6129877,5,catalog_clean_background,quiet_low_scatter,kalman_tcf,kalman,tcf,True,10,6.173517351735174,6.106349097446112,2.7142857142857144,
6129877,5,catalog_clean_background,quiet_low_scatter,gp_bls,gp,bls,True,1,11.624262426242623,2.894550371142025,1.5,
6129877,5,catalog_clean_background,quiet_low_scatter,gp_bls,gp,bls,True,2,8.261126112611262,2.7878278414565516,1.5,
6129877,5,catalog_clean_background,quiet_low_scatter,gp_bls,gp,bls,True,3,14.609360936093609,2.587238915074367,1.5,
6129877,5,catalog_clean_background,quiet_low_scatter,gp_bls,gp,bls,True,4,14.76057605760576,2.561255369562754,1.5,
6129877,5,catalog_clean_background,quiet_low_scatter,gp_bls,gp,bls,True,5,14.971997199719972,2.4595412911415,1.5,
6129877,5,catalog_clean_background,quiet_low_scatter,gp_bls,gp,bls,True,6,11.13001300130013,2.415682488539888,1.5,
6129877,5,catalog_clean_background,quiet_low_scatter,gp_bls,gp,bls,True,7,13.402440244024405,2.347299390483614,1.5,
6129877,5,catalog_clean_background,quiet_low_scatter,gp_bls,gp,bls,True,8,10.807980798079807,2.1604034874226365,1.5,
6129877,5,catalog_clean_background,quiet_low_scatter,gp_bls,gp,bls,True,9,10.411741174117411,2.1597682013305,1.5,
6129877,5,catalog_clean_background,quiet_low_scatter,gp_bls,gp,bls,True,10,9.533853385338531,2.1575204918413755,1.5,
6129877,5,catalog_clean_background,quiet_low_scatter,gp_tcf,gp,tcf,True,1,12.65056505650565,6.27572856199976,10.0,
6129877,5,catalog_clean_background,quiet_low_scatter,gp_tcf,gp,tcf,True,2,13.984898489848984,6.133181687755216,6.357142857142858,
6129877,5,catalog_clean_background,quiet_low_scatter,gp_tcf,gp,tcf,True,3,9.532453245324533,6.092565171077125,7.571428571428571,
6129877,5,catalog_clean_background,quiet_low_scatter,gp_tcf,gp,tcf,True,4,4.139113911391139,6.06369729006071,2.7142857142857144,
6129877,5,catalog_clean_background,quiet_low_scatter,gp_tcf,gp,tcf,True,5,12.929192919291928,5.901341714624371,6.357142857142858,
6129877,5,catalog_clean_background,quiet_low_scatter,gp_tcf,gp,tcf,True,6,11.22942294229423,5.850869288297413,7.571428571428571,
6129877,5,catalog_clean_background,quiet_low_scatter,gp_tcf,gp,tcf,True,7,1.567056705670567,5.774544095291315,6.357142857142858,
6129877,5,catalog_clean_background,quiet_low_scatter,gp_tcf,gp,tcf,True,8,4.364536453645364,5.720687380639858,8.785714285714285,
6129877,5,catalog_clean_background,quiet_low_scatter,gp_tcf,gp,tcf,True,9,4.30993099309931,5.713284874408556,7.571428571428571,
6129877,5,catalog_clean_background,quiet_low_scatter,gp_tcf,gp,tcf,True,10,12.105910591059104,5.709772819707813,5.142857142857142,
7024325,5,catalog_clean_background,quiet_low_scatter,raw_bls,raw,bls,True,1,7.969896989698969,3.6150156489288583,10.05,
7024325,5,catalog_clean_background,quiet_low_scatter,raw_bls,raw,bls,True,2,6.176317631763176,3.352232790243305,10.05,
7024325,5,catalog_clean_background,quiet_low_scatter,raw_bls,raw,bls,True,3,12.262726272627262,2.8116653935985436,10.05,
7024325,5,catalog_clean_background,quiet_low_scatter,raw_bls,raw,bls,True,4,10.214321432143214,2.6747831581865293,10.05,
7024325,5,catalog_clean_background,quiet_low_scatter,raw_bls,raw,bls,True,5,9.403640364036404,2.5603156943629064,10.05,
7024325,5,catalog_clean_background,quiet_low_scatter,raw_bls,raw,bls,True,6,10.495749574957497,2.454143177062921,10.05,
7024325,5,catalog_clean_background,quiet_low_scatter,raw_bls,raw,bls,True,7,6.113311331133113,2.4503735466505567,10.05,
7024325,5,catalog_clean_background,quiet_low_scatter,raw_bls,raw,bls,True,8,9.223022302230223,2.176063400460136,8.850000000000001,
7024325,5,catalog_clean_background,quiet_low_scatter,raw_bls,raw,bls,True,9,11.524852485248523,2.077776481789226,7.5,
7024325,5,catalog_clean_background,quiet_low_scatter,raw_bls,raw,bls,True,10,4.623562356235624,2.015758710735624,10.05,
7024325,5,catalog_clean_background,quiet_low_scatter,raw_tcf,raw,tcf,True,1,13.81968196819682,5.964397636218556,8.785714285714285,
7024325,5,catalog_clean_background,quiet_low_scatter,raw_tcf,raw,tcf,True,2,4.577357735773577,5.951312839722829,3.928571428571429,
7024325,5,catalog_clean_background,quiet_low_scatter,raw_tcf,raw,tcf,True,3,7.204020402040204,5.829379365715561,1.5,
7024325,5,catalog_clean_background,quiet_low_scatter,raw_tcf,raw,tcf,True,4,11.975697569756976,5.7617159955269255,10.0,
7024325,5,catalog_clean_background,quiet_low_scatter,raw_tcf,raw,tcf,True,5,10.466346634663466,5.701003293465197,8.785714285714285,
7024325,5,catalog_clean_background,quiet_low_scatter,raw_tcf,raw,tcf,True,6,6.4675467546754675,5.608502824444378,5.142857142857142,
7024325,5,catalog_clean_background,quiet_low_scatter,raw_tcf,raw,tcf,True,7,3.8548854885488546,5.577243160503251,8.785714285714285,
7024325,5,catalog_clean_background,quiet_low_scatter,raw_tcf,raw,tcf,True,8,14.511351135113513,5.487910411597115,1.5,
7024325,5,catalog_clean_background,quiet_low_scatter,raw_tcf,raw,tcf,True,9,4.657165716571657,5.479363728058038,3.928571428571429,
7024325,5,catalog_clean_background,quiet_low_scatter,raw_tcf,raw,tcf,True,10,7.535853585358535,5.438022086678829,10.0,
7024325,5,catalog_clean_background,quiet_low_scatter,arima_bls,arima,bls,True,1,13.818281828182815,5.310109491548498,1.5,
7024325,5,catalog_clean_background,quiet_low_scatter,arima_bls,arima,bls,True,2,12.7009700970097,5.175447813544547,1.5,
7024325,5,catalog_clean_background,quiet_low_scatter,arima_bls,arima,bls,True,3,14.2985298529853,4.6324757903820055,1.5,
7024325,5,catalog_clean_background,quiet_low_scatter,arima_bls,arima,bls,True,4,8.29192919291929,4.066420931905893,1.5,
7024325,5,catalog_clean_background,quiet_low_scatter,arima_bls,arima,bls,True,5,14.724172417241723,3.728268606050687,1.5,
7024325,5,catalog_clean_background,quiet_low_scatter,arima_bls,arima,bls,True,6,6.134313431343134,3.716391616058301,1.5,
7024325,5,catalog_clean_background,quiet_low_scatter,arima_bls,arima,bls,True,7,13.472447244724473,3.665372766491529,1.5,
7024325,5,catalog_clean_background,quiet_low_scatter,arima_bls,arima,bls,True,8,9.764876487648763,3.622918917299379,1.5,
7024325,5,catalog_clean_background,quiet_low_scatter,arima_bls,arima,bls,True,9,9.06060606060606,3.5646108533784417,1.5,
7024325,5,catalog_clean_background,quiet_low_scatter,arima_bls,arima,bls,True,10,10.798179817981795,3.4981541101477296,1.5,
7024325,5,catalog_clean_background,quiet_low_scatter,arima_tcf,arima,tcf,True,1,13.629262926292627,6.629351553025704,6.357142857142858,
7024325,5,catalog_clean_background,quiet_low_scatter,arima_tcf,arima,tcf,True,2,8.613961396139615,6.416756426640825,6.357142857142858,
7024325,5,catalog_clean_background,quiet_low_scatter,arima_tcf,arima,tcf,True,3,11.74047404740474,6.401061393122952,1.5,
7024325,5,catalog_clean_background,quiet_low_scatter,arima_tcf,arima,tcf,True,4,13.224622462246224,6.326641320463531,8.785714285714285,
7024325,5,catalog_clean_background,quiet_low_scatter,arima_tcf,arima,tcf,True,5,11.908490849084908,6.324915139759134,3.928571428571429,
7024325,5,catalog_clean_background,quiet_low_scatter,arima_tcf,arima,tcf,True,6,12.993599359935994,6.324915139759134,3.928571428571429,
7024325,5,catalog_clean_background,quiet_low_scatter,arima_tcf,arima,tcf,True,7,6.24072407240724,6.312353517670003,5.142857142857142,
7024325,5,catalog_clean_background,quiet_low_scatter,arima_tcf,arima,tcf,True,8,11.043204320432045,6.300526875420726,3.928571428571429,
7024325,5,catalog_clean_background,quiet_low_scatter,arima_tcf,arima,tcf,True,9,9.426042604260426,6.299422163863276,6.357142857142858,
7024325,5,catalog_clean_background,quiet_low_scatter,arima_tcf,arima,tcf,True,10,13.81968196819682,6.181929903548961,10.0,
7024325,5,catalog_clean_background,quiet_low_scatter,kalman_bls,kalman,bls,True,1,9.323832383238324,4.337015490055116,6.300000000000001,
7024325,5,catalog_clean_background,quiet_low_scatter,kalman_bls,kalman,bls,True,2,1.1372137213721372,3.989871802339269,5.1000000000000005,
7024325,5,catalog_clean_background,quiet_low_scatter,kalman_bls,kalman,bls,True,3,10.882188218821884,3.748760770272146,1.5,
7024325,5,catalog_clean_background,quiet_low_scatter,kalman_bls,kalman,bls,True,4,4.6627662766276625,3.4080766217855327,6.300000000000001,
7024325,5,catalog_clean_background,quiet_low_scatter,kalman_bls,kalman,bls,True,5,11.678867886788678,3.101062050384155,6.300000000000001,
7024325,5,catalog_clean_background,quiet_low_scatter,kalman_bls,kalman,bls,True,6,12.282328232823282,3.066323526675916,3.9,
7024325,5,catalog_clean_background,quiet_low_scatter,kalman_bls,kalman,bls,True,7,4.561956195619562,2.8434292854974914,1.5,
7024325,5,catalog_clean_background,quiet_low_scatter,kalman_bls,kalman,bls,True,8,10.572757275727572,2.7983200876043037,1.5,
7024325,5,catalog_clean_background,quiet_low_scatter,kalman_bls,kalman,bls,True,9,11.314831483148314,2.7439153733409536,1.5,
7024325,5,catalog_clean_background,quiet_low_scatter,kalman_bls,kalman,bls,True,10,5.287228722872287,2.7158247643101125,1.5,
7024325,5,catalog_clean_background,quiet_low_scatter,kalman_tcf,kalman,tcf,True,1,13.81968196819682,6.749389190461116,8.785714285714285,
7024325,5,catalog_clean_background,quiet_low_scatter,kalman_tcf,kalman,tcf,True,2,6.4675467546754675,6.560601619148152,5.142857142857142,
7024325,5,catalog_clean_background,quiet_low_scatter,kalman_tcf,kalman,tcf,True,3,7.204020402040204,6.481600924980624,1.5,
7024325,5,catalog_clean_background,quiet_low_scatter,kalman_tcf,kalman,tcf,True,4,8.322732273227324,6.347863284399715,2.7142857142857144,
7024325,5,catalog_clean_background,quiet_low_scatter,kalman_tcf,kalman,tcf,True,5,3.811481148114811,6.147092182649001,2.7142857142857144,
7024325,5,catalog_clean_background,quiet_low_scatter,kalman_tcf,kalman,tcf,True,6,8.982198219821981,6.125757825319324,5.142857142857142,
7024325,5,catalog_clean_background,quiet_low_scatter,kalman_tcf,kalman,tcf,True,7,14.316731673167316,6.123490945229522,3.928571428571429,
7024325,5,catalog_clean_background,quiet_low_scatter,kalman_tcf,kalman,tcf,True,8,9.218821882188218,6.104350883714332,6.357142857142858,
7024325,5,catalog_clean_background,quiet_low_scatter,kalman_tcf,kalman,tcf,True,9,4.577357735773577,6.0790762879407,3.928571428571429,
7024325,5,catalog_clean_background,quiet_low_scatter,kalman_tcf,kalman,tcf,True,10,9.447044704470446,5.982933134685151,8.785714285714285,
7024325,5,catalog_clean_background,quiet_low_scatter,gp_bls,gp,bls,True,1,7.969896989698969,3.183288094314189,10.05,
7024325,5,catalog_clean_background,quiet_low_scatter,gp_bls,gp,bls,True,2,3.0918091809180916,2.5766722339445236,10.05,
7024325,5,catalog_clean_background,quiet_low_scatter,gp_bls,gp,bls,True,3,12.45034503450345,2.5425205299914535,10.05,
7024325,5,catalog_clean_background,quiet_low_scatter,gp_bls,gp,bls,True,4,9.218821882188218,2.506155511744947,8.850000000000001,
7024325,5,catalog_clean_background,quiet_low_scatter,gp_bls,gp,bls,True,5,10.021102110211022,2.496309150009094,10.05,
7024325,5,catalog_clean_background,quiet_low_scatter,gp_bls,gp,bls,True,6,6.208520852085209,2.3943861637764505,10.05,
7024325,5,catalog_clean_background,quiet_low_scatter,gp_bls,gp,bls,True,7,8.706370637063706,2.3231363002701397,10.05,
7024325,5,catalog_clean_background,quiet_low_scatter,gp_bls,gp,bls,True,8,3.3074307430743075,2.1373827688865323,10.05,
7024325,5,catalog_clean_background,quiet_low_scatter,gp_bls,gp,bls,True,9,11.436643664366436,2.073898616153682,10.05,
7024325,5,catalog_clean_background,quiet_low_scatter,gp_bls,gp,bls,True,10,6.709770977097709,2.035334413177949,10.05,
7024325,5,catalog_clean_background,quiet_low_scatter,gp_tcf,gp,tcf,True,1,13.81968196819682,6.4114136119154,8.785714285714285,
7024325,5,catalog_clean_background,quiet_low_scatter,gp_tcf,gp,tcf,True,2,7.204020402040204,5.9937290384352595,1.5,
7024325,5,catalog_clean_background,quiet_low_scatter,gp_tcf,gp,tcf,True,3,4.574557455745575,5.873351286794435,3.928571428571429,
7024325,5,catalog_clean_background,quiet_low_scatter,gp_tcf,gp,tcf,True,4,6.4675467546754675,5.862717887800835,5.142857142857142,
7024325,5,catalog_clean_background,quiet_low_scatter,gp_tcf,gp,tcf,True,5,8.356335633563356,5.840889059052657,6.357142857142858,
7024325,5,catalog_clean_background,quiet_low_scatter,gp_tcf,gp,tcf,True,6,14.50995099509951,5.641366179764119,1.5,
7024325,5,catalog_clean_background,quiet_low_scatter,gp_tcf,gp,tcf,True,7,13.44024402440244,5.637923488212938,7.571428571428571,
7024325,5,catalog_clean_background,quiet_low_scatter,gp_tcf,gp,tcf,True,8,10.609160916091607,5.597845844381382,8.785714285714285,
7024325,5,catalog_clean_background,quiet_low_scatter,gp_tcf,gp,tcf,True,9,4.668366836683669,5.577998014905282,3.928571428571429,
7024325,5,catalog_clean_background,quiet_low_scatter,gp_tcf,gp,tcf,True,10,7.933493349334933,5.557905834022117,10.0,
8487804,5,catalog_clean_background,quiet_low_scatter,raw_bls,raw,bls,True,1,8.406740674067407,3.7216526355383026,10.05,
8487804,5,catalog_clean_background,quiet_low_scatter,raw_bls,raw,bls,True,2,8.17991799179918,3.056760679116867,10.05,
8487804,5,catalog_clean_background,quiet_low_scatter,raw_bls,raw,bls,True,3,8.494949494949495,3.0021788871931436,10.05,
8487804,5,catalog_clean_background,quiet_low_scatter,raw_bls,raw,bls,True,4,12.91099109910991,2.9048092433391175,10.05,
8487804,5,catalog_clean_background,quiet_low_scatter,raw_bls,raw,bls,True,5,8.305930593059305,2.8871298350046484,10.05,
8487804,5,catalog_clean_background,quiet_low_scatter,raw_bls,raw,bls,True,6,8.580358035803581,2.517437314489934,10.05,
8487804,5,catalog_clean_background,quiet_low_scatter,raw_bls,raw,bls,True,7,12.744374437443744,2.288092541310637,10.05,
8487804,5,catalog_clean_background,quiet_low_scatter,raw_bls,raw,bls,True,8,12.607160716071608,2.246872997153914,10.05,
8487804,5,catalog_clean_background,quiet_low_scatter,raw_bls,raw,bls,True,9,10.704370437043703,2.0724304146043897,10.05,
8487804,5,catalog_clean_background,quiet_low_scatter,raw_bls,raw,bls,True,10,13.065006500650064,2.0243545486952397,10.05,
8487804,5,catalog_clean_background,quiet_low_scatter,raw_tcf,raw,tcf,True,1,6.881988198819882,5.715559824500173,8.785714285714285,
8487804,5,catalog_clean_background,quiet_low_scatter,raw_tcf,raw,tcf,True,2,8.571957195719571,5.663939867410912,1.5,
8487804,5,catalog_clean_background,quiet_low_scatter,raw_tcf,raw,tcf,True,3,13.851885188518851,5.524298871257844,7.571428571428571,
8487804,5,catalog_clean_background,quiet_low_scatter,raw_tcf,raw,tcf,True,4,5.263426342634263,5.445658113382587,10.0,
8487804,5,catalog_clean_background,quiet_low_scatter,raw_tcf,raw,tcf,True,5,11.684468446844685,5.358947537138269,3.928571428571429,
8487804,5,catalog_clean_background,quiet_low_scatter,raw_tcf,raw,tcf,True,6,8.107110711071108,5.354136206712344,2.7142857142857144,
8487804,5,catalog_clean_background,quiet_low_scatter,raw_tcf,raw,tcf,True,7,10.15971597159716,5.311143944835116,7.571428571428571,
8487804,5,catalog_clean_background,quiet_low_scatter,raw_tcf,raw,tcf,True,8,6.380738073807381,5.294650367737951,8.785714285714285,
8487804,5,catalog_clean_background,quiet_low_scatter,raw_tcf,raw,tcf,True,9,11.268626862686268,5.288749483676365,8.785714285714285,
8487804,5,catalog_clean_background,quiet_low_scatter,raw_tcf,raw,tcf,True,10,12.079307930793078,5.192801856978311,10.0,
8487804,5,catalog_clean_background,quiet_low_scatter,arima_bls,arima,bls,True,1,11.23082308230823,6.175308781117023,1.5,
8487804,5,catalog_clean_background,quiet_low_scatter,arima_bls,arima,bls,True,2,7.4868486848684865,4.5835445844431835,1.5,
8487804,5,catalog_clean_background,quiet_low_scatter,arima_bls,arima,bls,True,3,11.348434843484348,4.381956838880534,1.5,
8487804,5,catalog_clean_background,quiet_low_scatter,arima_bls,arima,bls,True,4,14.605160516051605,4.01644565901916,1.5,
8487804,5,catalog_clean_background,quiet_low_scatter,arima_bls,arima,bls,True,5,5.675067506750675,3.854317803242128,1.5,
8487804,5,catalog_clean_background,quiet_low_scatter,arima_bls,arima,bls,True,6,13.644664466446644,3.7725082685331266,1.5,
8487804,5,catalog_clean_background,quiet_low_scatter,arima_bls,arima,bls,True,7,12.258525852585258,3.765959229694356,1.5,
8487804,5,catalog_clean_background,quiet_low_scatter,arima_bls,arima,bls,True,8,13.184018401840184,3.648988193598132,1.5,
8487804,5,catalog_clean_background,quiet_low_scatter,arima_bls,arima,bls,True,9,14.456745674567456,3.5451298169865955,1.5,
8487804,5,catalog_clean_background,quiet_low_scatter,arima_bls,arima,bls,True,10,12.574957495749574,3.394043681676629,1.5,
8487804,5,catalog_clean_background,quiet_low_scatter,arima_tcf,arima,tcf,True,1,7.674467446744674,6.753523952995726,7.571428571428571,
8487804,5,catalog_clean_background,quiet_low_scatter,arima_tcf,arima,tcf,True,2,7.197019701970197,6.716115232510755,6.357142857142858,
8487804,5,catalog_clean_background,quiet_low_scatter,arima_tcf,arima,tcf,True,3,10.772977297729772,6.544805739591082,2.7142857142857144,
8487804,5,catalog_clean_background,quiet_low_scatter,arima_tcf,arima,tcf,True,4,13.868686868686869,6.483900296641563,10.0,
8487804,5,catalog_clean_background,quiet_low_scatter,arima_tcf,arima,tcf,True,5,7.813081308130813,6.3877430718541435,8.785714285714285,
8487804,5,catalog_clean_background,quiet_low_scatter,arima_tcf,arima,tcf,True,6,13.017401740174018,6.263198024920159,8.785714285714285,
8487804,5,catalog_clean_background,quiet_low_scatter,arima_tcf,arima,tcf,True,7,3.863286328632863,6.196240762378186,5.142857142857142,
8487804,5,catalog_clean_background,quiet_low_scatter,arima_tcf,arima,tcf,True,8,6.650965096509651,6.16167878035307,7.571428571428571,
8487804,5,catalog_clean_background,quiet_low_scatter,arima_tcf,arima,tcf,True,9,14.16971697169717,6.161438132535237,3.928571428571429,
8487804,5,catalog_clean_background,quiet_low_scatter,arima_tcf,arima,tcf,True,10,11.352635263526352,6.135640808862716,5.142857142857142,
8487804,5,catalog_clean_background,quiet_low_scatter,kalman_bls,kalman,bls,True,1,12.850785078507853,6.0057305429121985,3.9,
8487804,5,catalog_clean_background,quiet_low_scatter,kalman_bls,kalman,bls,True,2,11.328832883288328,4.1764908694218565,3.9,
8487804,5,catalog_clean_background,quiet_low_scatter,kalman_bls,kalman,bls,True,3,9.27062706270627,3.5221952782391295,1.5,
8487804,5,catalog_clean_background,quiet_low_scatter,kalman_bls,kalman,bls,True,4,14.616361636163616,3.425582157190188,5.1000000000000005,
8487804,5,catalog_clean_background,quiet_low_scatter,kalman_bls,kalman,bls,True,5,6.957595759575957,3.366873491653677,2.7,
8487804,5,catalog_clean_background,quiet_low_scatter,kalman_bls,kalman,bls,True,6,2.372137213721372,3.357414789141009,1.5,
8487804,5,catalog_clean_background,quiet_low_scatter,kalman_bls,kalman,bls,True,7,8.167316731673168,3.2821951789488635,3.9,
8487804,5,catalog_clean_background,quiet_low_scatter,kalman_bls,kalman,bls,True,8,8.598559855985599,3.1803421007293315,10.05,
8487804,5,catalog_clean_background,quiet_low_scatter,kalman_bls,kalman,bls,True,9,1.0532053205320533,3.1659924093190366,2.7,
8487804,5,catalog_clean_background,quiet_low_scatter,kalman_bls,kalman,bls,True,10,4.717371737173718,3.091061532746007,1.5,
8487804,5,catalog_clean_background,quiet_low_scatter,kalman_tcf,kalman,tcf,True,1,5.263426342634263,6.5797788646315265,10.0,
8487804,5,catalog_clean_background,quiet_low_scatter,kalman_tcf,kalman,tcf,True,2,8.571957195719571,6.548102104024976,1.5,
8487804,5,catalog_clean_background,quiet_low_scatter,kalman_tcf,kalman,tcf,True,3,14.194919491949197,6.409725649780652,2.7142857142857144,
8487804,5,catalog_clean_background,quiet_low_scatter,kalman_tcf,kalman,tcf,True,4,13.854685468546856,6.316641651677879,7.571428571428571,
8487804,5,catalog_clean_background,quiet_low_scatter,kalman_tcf,kalman,tcf,True,5,6.125912591259126,6.280779352353984,10.0,
8487804,5,catalog_clean_background,quiet_low_scatter,kalman_tcf,kalman,tcf,True,6,6.8189818981898185,6.13948319210553,3.928571428571429,
8487804,5,catalog_clean_background,quiet_low_scatter,kalman_tcf,kalman,tcf,True,7,11.684468446844685,6.117051823337476,3.928571428571429,
8487804,5,catalog_clean_background,quiet_low_scatter,kalman_tcf,kalman,tcf,True,8,9.157215721572156,6.102152237272951,7.571428571428571,
8487804,5,catalog_clean_background,quiet_low_scatter,kalman_tcf,kalman,tcf,True,9,6.965996599659966,6.053717906972955,3.928571428571429,
8487804,5,catalog_clean_background,quiet_low_scatter,kalman_tcf,kalman,tcf,True,10,7.234823482348235,6.017170809454415,5.142857142857142,
8487804,5,catalog_clean_background,quiet_low_scatter,gp_bls,gp,bls,True,1,11.6004600460046,3.782645246126741,10.05,
8487804,5,catalog_clean_background,quiet_low_scatter,gp_bls,gp,bls,True,2,4.983398339833983,2.549470710364706,6.300000000000001,
8487804,5,catalog_clean_background,quiet_low_scatter,gp_bls,gp,bls,True,3,5.82068206820682,2.530528052848911,10.05,
8487804,5,catalog_clean_background,quiet_low_scatter,gp_bls,gp,bls,True,4,13.514451445144514,2.3027999923002658,8.850000000000001,
8487804,5,catalog_clean_background,quiet_low_scatter,gp_bls,gp,bls,True,5,5.885088508850885,2.2850364018876923,7.5,
8487804,5,catalog_clean_background,quiet_low_scatter,gp_bls,gp,bls,True,6,11.475847584758476,2.1491834668354373,10.05,
8487804,5,catalog_clean_background,quiet_low_scatter,gp_bls,gp,bls,True,7,10.53915391539154,2.066128747622769,5.1000000000000005,
8487804,5,catalog_clean_background,quiet_low_scatter,gp_bls,gp,bls,True,8,12.436343634363435,1.9672158624581604,5.1000000000000005,
8487804,5,catalog_clean_background,quiet_low_scatter,gp_bls,gp,bls,True,9,3.112811281128113,1.929902841263288,7.5,
8487804,5,catalog_clean_background,quiet_low_scatter,gp_bls,gp,bls,True,10,2.878987898789879,1.9000282390544911,10.05,
8487804,5,catalog_clean_background,quiet_low_scatter,gp_tcf,gp,tcf,True,1,8.755375537553755,6.780086433487689,10.0,
8487804,5,catalog_clean_background,quiet_low_scatter,gp_tcf,gp,tcf,True,2,13.857485748574858,6.509734835404342,7.571428571428571,
8487804,5,catalog_clean_background,quiet_low_scatter,gp_tcf,gp,tcf,True,3,8.571957195719571,6.446611425539576,1.5,
8487804,5,catalog_clean_background,quiet_low_scatter,gp_tcf,gp,tcf,True,4,14.586958695869589,6.439482978960129,8.785714285714285,
8487804,5,catalog_clean_background,quiet_low_scatter,gp_tcf,gp,tcf,True,5,12.419541954195418,6.04849763065932,8.785714285714285,
8487804,5,catalog_clean_background,quiet_low_scatter,gp_tcf,gp,tcf,True,6,12.733173317331731,5.907081139225005,6.357142857142858,
8487804,5,catalog_clean_background,quiet_low_scatter,gp_tcf,gp,tcf,True,7,9.813881388138814,5.904693493289574,5.142857142857142,
8487804,5,catalog_clean_background,quiet_low_scatter,gp_tcf,gp,tcf,True,8,14.192119211921192,5.850573921893679,2.7142857142857144,
8487804,5,catalog_clean_background,quiet_low_scatter,gp_tcf,gp,tcf,True,9,8.107110711071108,5.785376953182997,2.7142857142857144,
8487804,5,catalog_clean_background,quiet_low_scatter,gp_tcf,gp,tcf,True,10,11.268626862686268,5.76320043392483,8.785714285714285,
7949968,5,catalog_clean_background,quiet_low_scatter,raw_bls,raw,bls,True,1,10.56995699569957,4.727366631795349,10.05,
7949968,5,catalog_clean_background,quiet_low_scatter,raw_bls,raw,bls,True,2,10.686168616861686,3.5253192520332473,10.05,
7949968,5,catalog_clean_background,quiet_low_scatter,raw_bls,raw,bls,True,3,10.373937393739372,3.37199570725416,8.850000000000001,
7949968,5,catalog_clean_background,quiet_low_scatter,raw_bls,raw,bls,True,4,10.016901690169016,3.3248933251371793,10.05,
7949968,5,catalog_clean_background,quiet_low_scatter,raw_bls,raw,bls,True,5,9.732673267326732,3.125489831528698,10.05,
7949968,5,catalog_clean_background,quiet_low_scatter,raw_bls,raw,bls,True,6,9.886688668866888,2.9952790501388806,10.05,
7949968,5,catalog_clean_background,quiet_low_scatter,raw_bls,raw,bls,True,7,14.62056205620562,2.9228673445810744,10.05,
7949968,5,catalog_clean_background,quiet_low_scatter,raw_bls,raw,bls,True,8,10.21012101210121,2.863186085048557,10.05,
7949968,5,catalog_clean_background,quiet_low_scatter,raw_bls,raw,bls,True,9,13.2988298829883,2.760322650321793,10.05,
7949968,5,catalog_clean_background,quiet_low_scatter,raw_bls,raw,bls,True,10,10.796779677967796,2.755949000332268,10.05,
7949968,5,catalog_clean_background,quiet_low_scatter,raw_tcf,raw,tcf,True,1,12.104510451045105,5.808690140370898,8.785714285714285,
7949968,5,catalog_clean_background,quiet_low_scatter,raw_tcf,raw,tcf,True,2,11.578057805780578,5.8062774711843685,8.785714285714285,
7949968,5,catalog_clean_background,quiet_low_scatter,raw_tcf,raw,tcf,True,3,14.308330833083309,5.543786818586819,8.785714285714285,
7949968,5,catalog_clean_background,quiet_low_scatter,raw_tcf,raw,tcf,True,4,7.351035103510351,5.399907203761457,5.142857142857142,
7949968,5,catalog_clean_background,quiet_low_scatter,raw_tcf,raw,tcf,True,5,9.316831683168315,5.3520965120888535,8.785714285714285,
7949968,5,catalog_clean_background,quiet_low_scatter,raw_tcf,raw,tcf,True,6,5.176617661766176,5.350774246747186,5.142857142857142,
7949968,5,catalog_clean_background,quiet_low_scatter,raw_tcf,raw,tcf,True,7,3.5034503450345036,5.342502226425613,7.571428571428571,
7949968,5,catalog_clean_background,quiet_low_scatter,raw_tcf,raw,tcf,True,8,7.4868486848684865,5.340844160380228,7.571428571428571,
7949968,5,catalog_clean_background,quiet_low_scatter,raw_tcf,raw,tcf,True,9,10.38933893389339,5.326343429524779,3.928571428571429,
7949968,5,catalog_clean_background,quiet_low_scatter,raw_tcf,raw,tcf,True,10,9.577257725772578,5.3254324756629305,8.785714285714285,
7949968,5,catalog_clean_background,quiet_low_scatter,arima_bls,arima,bls,True,1,9.857285728572856,5.158014662607027,1.5,
7949968,5,catalog_clean_background,quiet_low_scatter,arima_bls,arima,bls,True,2,12.089108910891088,5.00252282984412,1.5,
7949968,5,catalog_clean_background,quiet_low_scatter,arima_bls,arima,bls,True,3,14.784378437843785,4.85966984181798,1.5,
7949968,5,catalog_clean_background,quiet_low_scatter,arima_bls,arima,bls,True,4,12.96979697969797,4.832530909774974,1.5,
7949968,5,catalog_clean_background,quiet_low_scatter,arima_bls,arima,bls,True,5,14.152915291529151,4.653576812130983,1.5,
7949968,5,catalog_clean_background,quiet_low_scatter,arima_bls,arima,bls,True,6,13.513051305130512,4.61206218938009,1.5,
7949968,5,catalog_clean_background,quiet_low_scatter,arima_bls,arima,bls,True,7,6.571157115711571,4.27737937928402,1.5,
7949968,5,catalog_clean_background,quiet_low_scatter,arima_bls,arima,bls,True,8,7.078007800780078,4.003162835251146,1.5,
7949968,5,catalog_clean_background,quiet_low_scatter,arima_bls,arima,bls,True,9,4.336533653365336,3.950277553865069,1.5,
7949968,5,catalog_clean_background,quiet_low_scatter,arima_bls,arima,bls,True,10,11.66066606660666,3.939656596514223,1.5,
7949968,5,catalog_clean_background,quiet_low_scatter,arima_tcf,arima,tcf,True,1,11.522052205220522,6.502594572321462,2.7142857142857144,
7949968,5,catalog_clean_background,quiet_low_scatter,arima_tcf,arima,tcf,True,2,8.585958595859585,6.388633816669522,8.785714285714285,
7949968,5,catalog_clean_background,quiet_low_scatter,arima_tcf,arima,tcf,True,3,10.016901690169016,6.115362788589216,5.142857142857142,
7949968,5,catalog_clean_background,quiet_low_scatter,arima_tcf,arima,tcf,True,4,8.410941094109411,6.086846562809816,1.5,
7949968,5,catalog_clean_background,quiet_low_scatter,arima_tcf,arima,tcf,True,5,8.178517851785179,6.042572064226127,8.785714285714285,
7949968,5,catalog_clean_background,quiet_low_scatter,arima_tcf,arima,tcf,True,6,7.099009900990099,6.017173532635991,3.928571428571429,
7949968,5,catalog_clean_background,quiet_low_scatter,arima_tcf,arima,tcf,True,7,4.18951895189519,5.889491216669136,7.571428571428571,
7949968,5,catalog_clean_background,quiet_low_scatter,arima_tcf,arima,tcf,True,8,11.783878387838785,5.876598805852317,6.357142857142858,
7949968,5,catalog_clean_background,quiet_low_scatter,arima_tcf,arima,tcf,True,9,10.565756575657565,5.850646988866129,8.785714285714285,
7949968,5,catalog_clean_background,quiet_low_scatter,arima_tcf,arima,tcf,True,10,10.737973797379738,5.838561211620582,8.785714285714285,
7949968,5,catalog_clean_background,quiet_low_scatter,kalman_bls,kalman,bls,True,1,10.144314431443144,5.065907742275965,10.05,
7949968,5,catalog_clean_background,quiet_low_scatter,kalman_bls,kalman,bls,True,2,12.672967296729672,3.9679380613962327,1.5,
7949968,5,catalog_clean_background,quiet_low_scatter,kalman_bls,kalman,bls,True,3,3.6854685468546857,3.899188155967895,2.7,
7949968,5,catalog_clean_background,quiet_low_scatter,kalman_bls,kalman,bls,True,4,4.069106910691069,3.343306749994762,1.5,
7949968,5,catalog_clean_background,quiet_low_scatter,kalman_bls,kalman,bls,True,5,2.997999799979998,3.3317197583191493,1.5,
7949968,5,catalog_clean_background,quiet_low_scatter,kalman_bls,kalman,bls,True,6,4.448544854485449,3.3159558190142286,1.5,
7949968,5,catalog_clean_background,quiet_low_scatter,kalman_bls,kalman,bls,True,7,13.535453545354535,3.280237876313885,5.1000000000000005,
7949968,5,catalog_clean_background,quiet_low_scatter,kalman_bls,kalman,bls,True,8,6.8875887588758875,3.0262074647569577,2.7,
7949968,5,catalog_clean_background,quiet_low_scatter,kalman_bls,kalman,bls,True,9,3.4474447444744474,3.021774181995931,1.5,
7949968,5,catalog_clean_background,quiet_low_scatter,kalman_bls,kalman,bls,True,10,9.967896789678967,2.9326293991340964,6.300000000000001,
7949968,5,catalog_clean_background,quiet_low_scatter,kalman_tcf,kalman,tcf,True,1,12.104510451045105,6.763559204867141,8.785714285714285,
7949968,5,catalog_clean_background,quiet_low_scatter,kalman_tcf,kalman,tcf,True,2,10.578357835783578,6.463207286719856,8.785714285714285,
7949968,5,catalog_clean_background,quiet_low_scatter,kalman_tcf,kalman,tcf,True,3,11.127212721272128,6.283415815506807,8.785714285714285,
7949968,5,catalog_clean_background,quiet_low_scatter,kalman_tcf,kalman,tcf,True,4,14.308330833083309,6.280431231927768,8.785714285714285,
7949968,5,catalog_clean_background,quiet_low_scatter,kalman_tcf,kalman,tcf,True,5,5.176617661766176,6.271566219695936,5.142857142857142,
7949968,5,catalog_clean_background,quiet_low_scatter,kalman_tcf,kalman,tcf,True,6,8.585958595859585,6.0501948062479105,8.785714285714285,
7949968,5,catalog_clean_background,quiet_low_scatter,kalman_tcf,kalman,tcf,True,7,3.9794979497949794,5.913374599667905,2.7142857142857144,
7949968,5,catalog_clean_background,quiet_low_scatter,kalman_tcf,kalman,tcf,True,8,10.452345234523452,5.905756446504597,3.928571428571429,
7949968,5,catalog_clean_background,quiet_low_scatter,kalman_tcf,kalman,tcf,True,9,9.577257725772578,5.805905383389143,8.785714285714285,
7949968,5,catalog_clean_background,quiet_low_scatter,kalman_tcf,kalman,tcf,True,10,7.351035103510351,5.7991214094859975,5.142857142857142,
7949968,5,catalog_clean_background,quiet_low_scatter,gp_bls,gp,bls,True,1,14.617761776177618,4.182814893914799,10.05,
7949968,5,catalog_clean_background,quiet_low_scatter,gp_bls,gp,bls,True,2,14.77037703770377,3.5168968538608696,10.05,
7949968,5,catalog_clean_background,quiet_low_scatter,gp_bls,gp,bls,True,3,11.996699669966995,2.561888927453076,7.5,
7949968,5,catalog_clean_background,quiet_low_scatter,gp_bls,gp,bls,True,4,5.0072007200720074,2.478430746296386,10.05,
7949968,5,catalog_clean_background,quiet_low_scatter,gp_bls,gp,bls,True,5,12.194119411941196,2.455649933308058,6.300000000000001,
7949968,5,catalog_clean_background,quiet_low_scatter,gp_bls,gp,bls,True,6,10.077107710771076,2.307136525896614,5.1000000000000005,
7949968,5,catalog_clean_background,quiet_low_scatter,gp_bls,gp,bls,True,7,14.45954595459546,2.2414613541468813,10.05,
7949968,5,catalog_clean_background,quiet_low_scatter,gp_bls,gp,bls,True,8,3.4404440444044404,2.227751140426888,8.850000000000001,
7949968,5,catalog_clean_background,quiet_low_scatter,gp_bls,gp,bls,True,9,7.2390239023902385,2.0187926043298603,10.05,
7949968,5,catalog_clean_background,quiet_low_scatter,gp_bls,gp,bls,True,10,4.073307330733073,2.002752542229006,3.9,
7949968,5,catalog_clean_background,quiet_low_scatter,gp_tcf,gp,tcf,True,1,11.607460746074608,6.562218282142091,10.0,
7949968,5,catalog_clean_background,quiet_low_scatter,gp_tcf,gp,tcf,True,2,14.827782778277829,6.393187385593236,8.785714285714285,
7949968,5,catalog_clean_background,quiet_low_scatter,gp_tcf,gp,tcf,True,3,5.053405340534053,6.372688840089242,7.571428571428571,
7949968,5,catalog_clean_background,quiet_low_scatter,gp_tcf,gp,tcf,True,4,12.104510451045105,6.066168200046889,8.785714285714285,
7949968,5,catalog_clean_background,quiet_low_scatter,gp_tcf,gp,tcf,True,5,5.176617661766176,6.065560386317006,5.142857142857142,
7949968,5,catalog_clean_background,quiet_low_scatter,gp_tcf,gp,tcf,True,6,14.308330833083309,5.869388922581721,8.785714285714285,
7949968,5,catalog_clean_background,quiet_low_scatter,gp_tcf,gp,tcf,True,7,2.1047104710471047,5.765716609434083,7.571428571428571,
7949968,5,catalog_clean_background,quiet_low_scatter,gp_tcf,gp,tcf,True,8,4.7005700570057005,5.7627570101954095,2.7142857142857144,
7949968,5,catalog_clean_background,quiet_low_scatter,gp_tcf,gp,tcf,True,9,9.995899589958997,5.6502869305769305,6.357142857142858,
7949968,5,catalog_clean_background,quiet_low_scatter,gp_tcf,gp,tcf,True,10,10.38933893389339,5.628594340698603,3.928571428571429,
9147169,5,catalog_clean_background,quiet_low_scatter,raw_bls,raw,bls,True,1,13.734273427342734,3.0212928520232625,10.05,
9147169,5,catalog_clean_background,quiet_low_scatter,raw_bls,raw,bls,True,2,11.786678667866786,2.1961957521906923,10.05,
9147169,5,catalog_clean_background,quiet_low_scatter,raw_bls,raw,bls,True,3,7.822882288228823,2.0331665086637165,10.05,
9147169,5,catalog_clean_background,quiet_low_scatter,raw_bls,raw,bls,True,4,13.592859285928592,1.976436450288759,10.05,
9147169,5,catalog_clean_background,quiet_low_scatter,raw_bls,raw,bls,True,5,8.088908890889089,1.9546048669079152,10.05,
9147169,5,catalog_clean_background,quiet_low_scatter,raw_bls,raw,bls,True,6,12.355135513551357,1.9516171957627433,10.05,
9147169,5,catalog_clean_background,quiet_low_scatter,raw_bls,raw,bls,True,7,10.515351535153515,1.9411132135537368,10.05,
9147169,5,catalog_clean_background,quiet_low_scatter,raw_bls,raw,bls,True,8,13.872887288728872,1.7838116003701314,10.05,
9147169,5,catalog_clean_background,quiet_low_scatter,raw_bls,raw,bls,True,9,12.22072207220722,1.6988553115438303,10.05,
9147169,5,catalog_clean_background,quiet_low_scatter,raw_bls,raw,bls,True,10,6.113311331133113,1.6922400407357374,10.05,
9147169,5,catalog_clean_background,quiet_low_scatter,raw_tcf,raw,tcf,True,1,10.708570857085707,4.763771225335897,6.357142857142858,
9147169,5,catalog_clean_background,quiet_low_scatter,raw_tcf,raw,tcf,True,2,5.976097609760976,4.727018003055485,8.785714285714285,
9147169,5,catalog_clean_background,quiet_low_scatter,raw_tcf,raw,tcf,True,3,14.004500450045004,4.721547320530631,8.785714285714285,
9147169,5,catalog_clean_background,quiet_low_scatter,raw_tcf,raw,tcf,True,4,9.304230423042304,4.7193717230036745,8.785714285714285,
9147169,5,catalog_clean_background,quiet_low_scatter,raw_tcf,raw,tcf,True,5,11.978497849784976,4.697476687133369,10.0,
9147169,5,catalog_clean_background,quiet_low_scatter,raw_tcf,raw,tcf,True,6,7.303430343034303,4.552011552401845,10.0,
9147169,5,catalog_clean_background,quiet_low_scatter,raw_tcf,raw,tcf,True,7,11.734873487348734,4.449758554077415,7.571428571428571,
9147169,5,catalog_clean_background,quiet_low_scatter,raw_tcf,raw,tcf,True,8,7.164816481648165,4.417029269005291,5.142857142857142,
9147169,5,catalog_clean_background,quiet_low_scatter,raw_tcf,raw,tcf,True,9,7.729072907290729,4.406159241286285,7.571428571428571,
9147169,5,catalog_clean_background,quiet_low_scatter,raw_tcf,raw,tcf,True,10,14.985998599859986,4.386349633960035,10.0,
9147169,5,catalog_clean_background,quiet_low_scatter,arima_bls,arima,bls,True,1,14.927192719271927,5.600346099628278,1.5,
9147169,5,catalog_clean_background,quiet_low_scatter,arima_bls,arima,bls,True,2,14.745174517451744,5.024536165517191,1.5,
9147169,5,catalog_clean_background,quiet_low_scatter,arima_bls,arima,bls,True,3,12.041504150415042,4.63803335747468,1.5,
9147169,5,catalog_clean_background,quiet_low_scatter,arima_bls,arima,bls,True,4,7.062606260626063,4.454903086530996,1.5,
9147169,5,catalog_clean_background,quiet_low_scatter,arima_bls,arima,bls,True,5,13.655865586558656,4.434014884020423,1.5,
9147169,5,catalog_clean_background,quiet_low_scatter,arima_bls,arima,bls,True,6,6.337333733373337,4.25488737336667,1.5,
9147169,5,catalog_clean_background,quiet_low_scatter,arima_bls,arima,bls,True,7,13.954095409540956,4.059666883276305,1.5,
9147169,5,catalog_clean_background,quiet_low_scatter,arima_bls,arima,bls,True,8,7.992299229922992,4.048332657719825,1.5,
9147169,5,catalog_clean_background,quiet_low_scatter,arima_bls,arima,bls,True,9,9.903490349034904,4.008512954295242,1.5,
9147169,5,catalog_clean_background,quiet_low_scatter,arima_bls,arima,bls,True,10,10.494349434943494,4.002426139297139,1.5,
9147169,5,catalog_clean_background,quiet_low_scatter,arima_tcf,arima,tcf,True,1,8.977997799779978,6.327160815385187,3.928571428571429,
9147169,5,catalog_clean_background,quiet_low_scatter,arima_tcf,arima,tcf,True,2,14.617761776177618,6.272253520005323,5.142857142857142,
9147169,5,catalog_clean_background,quiet_low_scatter,arima_tcf,arima,tcf,True,3,14.246724672467248,6.24385639977236,1.5,
9147169,5,catalog_clean_background,quiet_low_scatter,arima_tcf,arima,tcf,True,4,10.106510651065106,6.240415688287438,10.0,
9147169,5,catalog_clean_background,quiet_low_scatter,arima_tcf,arima,tcf,True,5,13.497649764976495,6.030180615307776,7.571428571428571,
9147169,5,catalog_clean_background,quiet_low_scatter,arima_tcf,arima,tcf,True,6,11.516451645164516,5.838943853705622,6.357142857142858,
9147169,5,catalog_clean_background,quiet_low_scatter,arima_tcf,arima,tcf,True,7,6.748974897489749,5.825124793845631,1.5,
9147169,5,catalog_clean_background,quiet_low_scatter,arima_tcf,arima,tcf,True,8,8.436143614361436,5.720609459690049,7.571428571428571,
9147169,5,catalog_clean_background,quiet_low_scatter,arima_tcf,arima,tcf,True,9,2.3483348334833485,5.697433549964191,2.7142857142857144,
9147169,5,catalog_clean_background,quiet_low_scatter,arima_tcf,arima,tcf,True,10,14.924392439243924,5.652938181002739,10.0,
9147169,5,catalog_clean_background,quiet_low_scatter,kalman_bls,kalman,bls,True,1,5.679267926792679,4.054135439585565,1.5,
9147169,5,catalog_clean_background,quiet_low_scatter,kalman_bls,kalman,bls,True,2,12.042904290429044,4.050217292997378,5.1000000000000005,
9147169,5,catalog_clean_background,quiet_low_scatter,kalman_bls,kalman,bls,True,3,14.561756175617562,3.910336459848332,1.5,
9147169,5,catalog_clean_background,quiet_low_scatter,kalman_bls,kalman,bls,True,4,3.422242224222422,3.892866156182452,1.5,
9147169,5,catalog_clean_background,quiet_low_scatter,kalman_bls,kalman,bls,True,5,10.247924792479248,3.7834851528779225,1.5,
9147169,5,catalog_clean_background,quiet_low_scatter,kalman_bls,kalman,bls,True,6,3.103010301030103,3.774115333848368,1.5,
9147169,5,catalog_clean_background,quiet_low_scatter,kalman_bls,kalman,bls,True,7,2.8299829982998297,3.75866721605048,3.9,
9147169,5,catalog_clean_background,quiet_low_scatter,kalman_bls,kalman,bls,True,8,13.368836883688369,3.723631167287136,3.9,
9147169,5,catalog_clean_background,quiet_low_scatter,kalman_bls,kalman,bls,True,9,13.702070207020702,3.666378874668733,1.5,
9147169,5,catalog_clean_background,quiet_low_scatter,kalman_bls,kalman,bls,True,10,7.379037903790379,3.626689077495972,1.5,
9147169,5,catalog_clean_background,quiet_low_scatter,kalman_tcf,kalman,tcf,True,1,13.605460546054603,6.349572235871513,5.142857142857142,
9147169,5,catalog_clean_background,quiet_low_scatter,kalman_tcf,kalman,tcf,True,2,7.778077807780778,6.169421463081415,3.928571428571429,
9147169,5,catalog_clean_background,quiet_low_scatter,kalman_tcf,kalman,tcf,True,3,10.182118211821182,6.147644518613967,8.785714285714285,
9147169,5,catalog_clean_background,quiet_low_scatter,kalman_tcf,kalman,tcf,True,4,8.433343334333433,6.10932878454348,7.571428571428571,
9147169,5,catalog_clean_background,quiet_low_scatter,kalman_tcf,kalman,tcf,True,5,12.062506250625065,6.083010383247027,8.785714285714285,
9147169,5,catalog_clean_background,quiet_low_scatter,kalman_tcf,kalman,tcf,True,6,14.642964296429644,6.066596840990268,10.0,
9147169,5,catalog_clean_background,quiet_low_scatter,kalman_tcf,kalman,tcf,True,7,13.088808880888088,5.9947081401866775,10.0,
9147169,5,catalog_clean_background,quiet_low_scatter,kalman_tcf,kalman,tcf,True,8,4.665566556655666,5.962716670372936,10.0,
9147169,5,catalog_clean_background,quiet_low_scatter,kalman_tcf,kalman,tcf,True,9,3.4782478247824784,5.922436164991338,3.928571428571429,
9147169,5,catalog_clean_background,quiet_low_scatter,kalman_tcf,kalman,tcf,True,10,12.692569256925692,5.920040288965529,5.142857142857142,
9147169,5,catalog_clean_background,quiet_low_scatter,gp_bls,gp,bls,True,1,9.577257725772578,2.955348494500728,8.850000000000001,
9147169,5,catalog_clean_background,quiet_low_scatter,gp_bls,gp,bls,True,2,12.548354835483549,2.761010549219936,10.05,
9147169,5,catalog_clean_background,quiet_low_scatter,gp_bls,gp,bls,True,3,13.721672167216722,2.7184877301344965,10.05,
9147169,5,catalog_clean_background,quiet_low_scatter,gp_bls,gp,bls,True,4,8.52015201520152,2.6509119705355,10.05,
9147169,5,catalog_clean_background,quiet_low_scatter,gp_bls,gp,bls,True,5,4.659965996599659,2.513103105969152,8.850000000000001,
9147169,5,catalog_clean_background,quiet_low_scatter,gp_bls,gp,bls,True,6,4.808380838083808,2.477808921069581,10.05,
9147169,5,catalog_clean_background,quiet_low_scatter,gp_bls,gp,bls,True,7,4.227322732273228,2.4690509328810557,5.1000000000000005,
9147169,5,catalog_clean_background,quiet_low_scatter,gp_bls,gp,bls,True,8,8.373137313731373,2.225474961827339,10.05,
9147169,5,catalog_clean_background,quiet_low_scatter,gp_bls,gp,bls,True,9,13.583058305830583,2.176265097396472,10.05,
9147169,5,catalog_clean_background,quiet_low_scatter,gp_bls,gp,bls,True,10,13.38003800380038,2.146438970844987,7.5,
9147169,5,catalog_clean_background,quiet_low_scatter,gp_tcf,gp,tcf,True,1,3.1044104410441045,6.744872513077078,8.785714285714285,
9147169,5,catalog_clean_background,quiet_low_scatter,gp_tcf,gp,tcf,True,2,13.965296529652964,5.748348711439693,1.5,
9147169,5,catalog_clean_background,quiet_low_scatter,gp_tcf,gp,tcf,True,3,12.062506250625065,5.747088687355549,8.785714285714285,
9147169,5,catalog_clean_background,quiet_low_scatter,gp_tcf,gp,tcf,True,4,4.643164316431643,5.666964925107695,10.0,
9147169,5,catalog_clean_background,quiet_low_scatter,gp_tcf,gp,tcf,True,5,9.087208720872088,5.6607974609091425,10.0,
9147169,5,catalog_clean_background,quiet_low_scatter,gp_tcf,gp,tcf,True,6,14.537953795379538,5.647897159992726,8.785714285714285,
9147169,5,catalog_clean_background,quiet_low_scatter,gp_tcf,gp,tcf,True,7,10.701570157015702,5.6353168080263405,2.7142857142857144,
9147169,5,catalog_clean_background,quiet_low_scatter,gp_tcf,gp,tcf,True,8,4.728572857285728,5.632570617451448,7.571428571428571,
9147169,5,catalog_clean_background,quiet_low_scatter,gp_tcf,gp,tcf,True,9,7.288028802880288,5.5890842626558985,7.571428571428571,
9147169,5,catalog_clean_background,quiet_low_scatter,gp_tcf,gp,tcf,True,10,10.364136413641363,5.553099622049451,10.0,
11450313,5,catalog_clean_background,smooth_background_dominant,raw_bls,raw,bls,True,1,14.943994399439944,4.571796609566012,10.05,
11450313,5,catalog_clean_background,smooth_background_dominant,raw_bls,raw,bls,True,2,14.792779277927792,3.294844237245196,10.05,
11450313,5,catalog_clean_background,smooth_background_dominant,raw_bls,raw,bls,True,3,14.603760376037604,2.199975877859367,10.05,
11450313,5,catalog_clean_background,smooth_background_dominant,raw_bls,raw,bls,True,4,9.703270327032705,1.87320683600607,10.05,
11450313,5,catalog_clean_background,smooth_background_dominant,raw_bls,raw,bls,True,5,14.39093909390939,1.8333769444032075,10.05,
11450313,5,catalog_clean_background,smooth_background_dominant,raw_bls,raw,bls,True,6,12.6001600160016,1.7668101190500023,10.05,
11450313,5,catalog_clean_background,smooth_background_dominant,raw_bls,raw,bls,True,7,7.475647564756476,1.7424586480084934,10.05,
11450313,5,catalog_clean_background,smooth_background_dominant,raw_bls,raw,bls,True,8,8.961196119611962,1.693249232424505,10.05,
11450313,5,catalog_clean_background,smooth_background_dominant,raw_bls,raw,bls,True,9,7.3664366436643665,1.689999265072615,10.05,
11450313,5,catalog_clean_background,smooth_background_dominant,raw_bls,raw,bls,True,10,6.2057205720572055,1.6267683171130054,10.05,
11450313,5,catalog_clean_background,smooth_background_dominant,raw_tcf,raw,tcf,True,1,2.486948694869487,4.410527762172606,10.0,
11450313,5,catalog_clean_background,smooth_background_dominant,raw_tcf,raw,tcf,True,2,12.314531453145314,4.350296370756216,5.142857142857142,
11450313,5,catalog_clean_background,smooth_background_dominant,raw_tcf,raw,tcf,True,3,8.415141514151415,4.000344506571548,5.142857142857142,
11450313,5,catalog_clean_background,smooth_background_dominant,raw_tcf,raw,tcf,True,4,5.766076607660766,3.978145157213672,10.0,
11450313,5,catalog_clean_background,smooth_background_dominant,raw_tcf,raw,tcf,True,5,7.815881588158816,3.9268166026622344,5.142857142857142,
11450313,5,catalog_clean_background,smooth_background_dominant,raw_tcf,raw,tcf,True,6,14.12071207120712,3.8420781012956224,3.928571428571429,
11450313,5,catalog_clean_background,smooth_background_dominant,raw_tcf,raw,tcf,True,7,11.608860886088609,3.817134148084,8.785714285714285,
11450313,5,catalog_clean_background,smooth_background_dominant,raw_tcf,raw,tcf,True,8,4.825182518251825,3.78185529676526,10.0,
11450313,5,catalog_clean_background,smooth_background_dominant,raw_tcf,raw,tcf,True,9,3.9052905290529054,3.772003429399706,3.928571428571429,
11450313,5,catalog_clean_background,smooth_background_dominant,raw_tcf,raw,tcf,True,10,11.488448844884488,3.769182897627783,10.0,
11450313,5,catalog_clean_background,smooth_background_dominant,arima_bls,arima,bls,True,1,9.269226922692267,4.362067752302129,1.5,
11450313,5,catalog_clean_background,smooth_background_dominant,arima_bls,arima,bls,True,2,13.33103310331033,4.3539625592616265,1.5,
11450313,5,catalog_clean_background,smooth_background_dominant,arima_bls,arima,bls,True,3,13.973697369736971,3.876162256668456,1.5,
11450313,5,catalog_clean_background,smooth_background_dominant,arima_bls,arima,bls,True,4,10.308130813081307,3.768393844277312,1.5,
11450313,5,catalog_clean_background,smooth_background_dominant,arima_bls,arima,bls,True,5,5.144414441444145,3.61063746485082,1.5,
11450313,5,catalog_clean_background,smooth_background_dominant,arima_bls,arima,bls,True,6,5.448244824482448,3.3781051704972436,1.5,
11450313,5,catalog_clean_background,smooth_background_dominant,arima_bls,arima,bls,True,7,14.277527752775278,3.318331384395815,1.5,
11450313,5,catalog_clean_background,smooth_background_dominant,arima_bls,arima,bls,True,8,14.964996499649963,3.3047092262200204,1.5,
11450313,5,catalog_clean_background,smooth_background_dominant,arima_bls,arima,bls,True,9,4.658565856585659,3.275010647575773,1.5,
11450313,5,catalog_clean_background,smooth_background_dominant,arima_bls,arima,bls,True,10,10.987198719871987,3.2359786725091024,1.5,
11450313,5,catalog_clean_background,smooth_background_dominant,arima_tcf,arima,tcf,True,1,9.515651565156515,6.914959011895727,3.928571428571429,
11450313,5,catalog_clean_background,smooth_background_dominant,arima_tcf,arima,tcf,True,2,5.438443844384438,6.669048352283328,5.142857142857142,
11450313,5,catalog_clean_background,smooth_background_dominant,arima_tcf,arima,tcf,True,3,12.726172617261726,6.583462086400496,3.928571428571429,
11450313,5,catalog_clean_background,smooth_background_dominant,arima_tcf,arima,tcf,True,4,4.122312231223122,6.5541082175500565,6.357142857142858,
11450313,5,catalog_clean_background,smooth_background_dominant,arima_tcf,arima,tcf,True,5,7.251625162516252,6.478369099826716,5.142857142857142,
11450313,5,catalog_clean_background,smooth_background_dominant,arima_tcf,arima,tcf,True,6,13.949894989498947,6.242787844722074,3.928571428571429,
11450313,5,catalog_clean_background,smooth_background_dominant,arima_tcf,arima,tcf,True,7,7.171817181718172,6.203245887100992,3.928571428571429,
11450313,5,catalog_clean_background,smooth_background_dominant,arima_tcf,arima,tcf,True,8,5.038003800380038,6.195679869434514,3.928571428571429,
11450313,5,catalog_clean_background,smooth_background_dominant,arima_tcf,arima,tcf,True,9,1.189018901890189,6.1828109278614205,3.928571428571429,
11450313,5,catalog_clean_background,smooth_background_dominant,arima_tcf,arima,tcf,True,10,14.14031403140314,6.138528137292056,3.928571428571429,
11450313,5,catalog_clean_background,smooth_background_dominant,kalman_bls,kalman,bls,True,1,9.269226922692267,4.5124650541584606,1.5,
11450313,5,catalog_clean_background,smooth_background_dominant,kalman_bls,kalman,bls,True,2,13.32963296329633,4.346344438977342,1.5,
11450313,5,catalog_clean_background,smooth_background_dominant,kalman_bls,kalman,bls,True,3,13.973697369736971,3.732922395912896,1.5,
11450313,5,catalog_clean_background,smooth_background_dominant,kalman_bls,kalman,bls,True,4,10.308130813081307,3.661835387014054,1.5,
11450313,5,catalog_clean_background,smooth_background_dominant,kalman_bls,kalman,bls,True,5,5.144414441444145,3.4959338826103656,1.5,
11450313,5,catalog_clean_background,smooth_background_dominant,kalman_bls,kalman,bls,True,6,5.448244824482448,3.491939095890247,1.5,
11450313,5,catalog_clean_background,smooth_background_dominant,kalman_bls,kalman,bls,True,7,14.647164716471648,3.4729016547131657,1.5,
11450313,5,catalog_clean_background,smooth_background_dominant,kalman_bls,kalman,bls,True,8,5.703070307030703,3.3834793295814163,1.5,
11450313,5,catalog_clean_background,smooth_background_dominant,kalman_bls,kalman,bls,True,9,14.964996499649963,3.3362963868001994,1.5,
11450313,5,catalog_clean_background,smooth_background_dominant,kalman_bls,kalman,bls,True,10,10.763176317631762,3.3215863065760876,1.5,
11450313,5,catalog_clean_background,smooth_background_dominant,kalman_tcf,kalman,tcf,True,1,9.515651565156515,6.884429079452641,3.928571428571429,
11450313,5,catalog_clean_background,smooth_background_dominant,kalman_tcf,kalman,tcf,True,2,12.734573457345734,6.719294849842613,3.928571428571429,
11450313,5,catalog_clean_background,smooth_background_dominant,kalman_tcf,kalman,tcf,True,3,5.438443844384438,6.637540807197926,5.142857142857142,
11450313,5,catalog_clean_background,smooth_background_dominant,kalman_tcf,kalman,tcf,True,4,7.248824882488249,6.423970975041465,5.142857142857142,
11450313,5,catalog_clean_background,smooth_background_dominant,kalman_tcf,kalman,tcf,True,5,4.122312231223122,6.41536489930767,6.357142857142858,
11450313,5,catalog_clean_background,smooth_background_dominant,kalman_tcf,kalman,tcf,True,6,13.949894989498947,6.277727445902616,3.928571428571429,
11450313,5,catalog_clean_background,smooth_background_dominant,kalman_tcf,kalman,tcf,True,7,5.038003800380038,6.261762574448659,3.928571428571429,
11450313,5,catalog_clean_background,smooth_background_dominant,kalman_tcf,kalman,tcf,True,8,7.171817181718172,6.137350301919936,3.928571428571429,
11450313,5,catalog_clean_background,smooth_background_dominant,kalman_tcf,kalman,tcf,True,9,10.688968896889689,6.136426709083069,3.928571428571429,
11450313,5,catalog_clean_background,smooth_background_dominant,kalman_tcf,kalman,tcf,True,10,8.018901890189019,6.1106216460962575,3.928571428571429,
11450313,5,catalog_clean_background,smooth_background_dominant,gp_bls,gp,bls,True,1,1.058805880588059,4.279150724039375,10.05,
11450313,5,catalog_clean_background,smooth_background_dominant,gp_bls,gp,bls,True,2,10.924192419241924,3.264921935615957,7.5,
11450313,5,catalog_clean_background,smooth_background_dominant,gp_bls,gp,bls,True,3,5.277427742774277,2.9431156258669717,6.300000000000001,
11450313,5,catalog_clean_background,smooth_background_dominant,gp_bls,gp,bls,True,4,1.245024502450245,2.9116848831372684,7.5,
11450313,5,catalog_clean_background,smooth_background_dominant,gp_bls,gp,bls,True,5,1.9408940894089408,2.8354735552129853,7.5,
11450313,5,catalog_clean_background,smooth_background_dominant,gp_bls,gp,bls,True,6,6.726572657265726,2.806912658240562,5.1000000000000005,
11450313,5,catalog_clean_background,smooth_background_dominant,gp_bls,gp,bls,True,7,8.69096909690969,2.564622659065246,10.05,
11450313,5,catalog_clean_background,smooth_background_dominant,gp_bls,gp,bls,True,8,11.531853185318532,2.4700965908560346,6.300000000000001,
11450313,5,catalog_clean_background,smooth_background_dominant,gp_bls,gp,bls,True,9,5.126212621262126,2.410992502396756,10.05,
11450313,5,catalog_clean_background,smooth_background_dominant,gp_bls,gp,bls,True,10,1.21002100210021,2.32638273611067,10.05,
11450313,5,catalog_clean_background,smooth_background_dominant,gp_tcf,gp,tcf,True,1,12.314531453145314,7.029471108964902,5.142857142857142,
11450313,5,catalog_clean_background,smooth_background_dominant,gp_tcf,gp,tcf,True,2,8.415141514151415,6.090982936575542,5.142857142857142,
11450313,5,catalog_clean_background,smooth_background_dominant,gp_tcf,gp,tcf,True,3,2.4071407140714074,6.0311313824298995,10.0,
11450313,5,catalog_clean_background,smooth_background_dominant,gp_tcf,gp,tcf,True,4,3.9052905290529054,5.887233199820281,3.928571428571429,
11450313,5,catalog_clean_background,smooth_background_dominant,gp_tcf,gp,tcf,True,5,10.183518351835184,5.884011564193933,2.7142857142857144,
11450313,5,catalog_clean_background,smooth_background_dominant,gp_tcf,gp,tcf,True,6,14.115111511151117,5.878787052254942,5.142857142857142,
11450313,5,catalog_clean_background,smooth_background_dominant,gp_tcf,gp,tcf,True,7,1.357035703570357,5.8362043013333995,5.142857142857142,
11450313,5,catalog_clean_background,smooth_background_dominant,gp_tcf,gp,tcf,True,8,3.5328532853285326,5.808955493458842,3.928571428571429,
11450313,5,catalog_clean_background,smooth_background_dominant,gp_tcf,gp,tcf,True,9,5.725472547254725,5.663697571491937,5.142857142857142,
11450313,5,catalog_clean_background,smooth_background_dominant,gp_tcf,gp,tcf,True,10,7.815881588158816,5.654260461840058,5.142857142857142,
11666946,5,catalog_clean_background,smooth_background_dominant,raw_bls,raw,bls,True,1,14.446944694469446,7.366102711429617,10.05,
11666946,5,catalog_clean_background,smooth_background_dominant,raw_bls,raw,bls,True,2,14.283128312831282,7.166407908047496,10.05,
11666946,5,catalog_clean_background,smooth_background_dominant,raw_bls,raw,bls,True,3,14.610761076107613,7.069948769888438,10.05,
11666946,5,catalog_clean_background,smooth_background_dominant,raw_bls,raw,bls,True,4,14.11931193119312,6.5960726238633,10.05,
11666946,5,catalog_clean_background,smooth_background_dominant,raw_bls,raw,bls,True,5,14.76057605760576,6.519148190562248,10.05,
11666946,5,catalog_clean_background,smooth_background_dominant,raw_bls,raw,bls,True,6,14.917391739173915,6.015975877697978,10.05,
11666946,5,catalog_clean_background,smooth_background_dominant,raw_bls,raw,bls,True,7,13.975097509750976,5.786670923131332,10.05,
11666946,5,catalog_clean_background,smooth_background_dominant,raw_bls,raw,bls,True,8,13.833683368336834,5.065986597698212,10.05,
11666946,5,catalog_clean_background,smooth_background_dominant,raw_bls,raw,bls,True,9,13.693669366936694,4.152931669805005,10.05,
11666946,5,catalog_clean_background,smooth_background_dominant,raw_bls,raw,bls,True,10,7.08080808080808,3.5622204765617385,10.05,
11666946,5,catalog_clean_background,smooth_background_dominant,raw_tcf,raw,tcf,True,1,7.299229922992299,2.552202038762369,10.0,
11666946,5,catalog_clean_background,smooth_background_dominant,raw_tcf,raw,tcf,True,2,7.064006400640064,2.5096727474007845,10.0,
11666946,5,catalog_clean_background,smooth_background_dominant,raw_tcf,raw,tcf,True,3,14.444144414441444,2.5070938233179123,10.0,
11666946,5,catalog_clean_background,smooth_background_dominant,raw_tcf,raw,tcf,True,4,7.405640564056405,2.5040416914018495,10.0,
11666946,5,catalog_clean_background,smooth_background_dominant,raw_tcf,raw,tcf,True,5,14.812381238123812,2.3895588567981005,10.0,
11666946,5,catalog_clean_background,smooth_background_dominant,raw_tcf,raw,tcf,True,6,14.110911091109111,2.3568906798083726,10.0,
11666946,5,catalog_clean_background,smooth_background_dominant,raw_tcf,raw,tcf,True,7,13.934493449344934,2.2552116081297435,6.357142857142858,
11666946,5,catalog_clean_background,smooth_background_dominant,raw_tcf,raw,tcf,True,8,7.139613961396139,2.227082647655099,7.571428571428571,
11666946,5,catalog_clean_background,smooth_background_dominant,raw_tcf,raw,tcf,True,9,14.655565556555656,2.202761314719067,10.0,
11666946,5,catalog_clean_background,smooth_background_dominant,raw_tcf,raw,tcf,True,10,4.84058405840584,2.1628965168489787,10.0,
11666946,5,catalog_clean_background,smooth_background_dominant,arima_bls,arima,bls,True,1,14.45954595459546,3.2373614395032773,1.5,
11666946,5,catalog_clean_background,smooth_background_dominant,arima_bls,arima,bls,True,2,12.045704570457046,2.840509121399511,1.5,
11666946,5,catalog_clean_background,smooth_background_dominant,arima_bls,arima,bls,True,3,8.598559855985599,2.7864444243891646,1.5,
11666946,5,catalog_clean_background,smooth_background_dominant,arima_bls,arima,bls,True,4,13.3002300230023,2.458061450910913,1.5,
11666946,5,catalog_clean_background,smooth_background_dominant,arima_bls,arima,bls,True,5,14.766176617661763,2.441001351967285,1.5,
11666946,5,catalog_clean_background,smooth_background_dominant,arima_bls,arima,bls,True,6,10.58115811581158,2.3524766812724427,1.5,
11666946,5,catalog_clean_background,smooth_background_dominant,arima_bls,arima,bls,True,7,14.985998599859986,2.306834129477056,1.5,
11666946,5,catalog_clean_background,smooth_background_dominant,arima_bls,arima,bls,True,8,14.227122712271226,2.2620795511642258,1.5,
11666946,5,catalog_clean_background,smooth_background_dominant,arima_bls,arima,bls,True,9,10.392139213921393,2.25900728106498,1.5,
11666946,5,catalog_clean_background,smooth_background_dominant,arima_bls,arima,bls,True,10,13.76227622762276,2.2428940811218734,1.5,
11666946,5,catalog_clean_background,smooth_background_dominant,arima_tcf,arima,tcf,True,1,13.76087608760876,6.869128133903091,2.7142857142857144,
11666946,5,catalog_clean_background,smooth_background_dominant,arima_tcf,arima,tcf,True,2,11.691469146914692,6.53075045277489,3.928571428571429,
11666946,5,catalog_clean_background,smooth_background_dominant,arima_tcf,arima,tcf,True,3,12.962796279627964,6.443495927733479,1.5,
11666946,5,catalog_clean_background,smooth_background_dominant,arima_tcf,arima,tcf,True,4,4.332333233323332,6.4184871394888035,2.7142857142857144,
11666946,5,catalog_clean_background,smooth_background_dominant,arima_tcf,arima,tcf,True,5,6.306530653065306,6.296641207800213,10.0,
11666946,5,catalog_clean_background,smooth_background_dominant,arima_tcf,arima,tcf,True,6,13.515851585158517,6.177264253734081,7.571428571428571,
11666946,5,catalog_clean_background,smooth_background_dominant,arima_tcf,arima,tcf,True,7,6.121712171217122,6.14650575888532,10.0,
11666946,5,catalog_clean_background,smooth_background_dominant,arima_tcf,arima,tcf,True,8,4.9245924592459245,6.114901613646086,2.7142857142857144,
11666946,5,catalog_clean_background,smooth_background_dominant,arima_tcf,arima,tcf,True,9,4.808380838083808,5.981037915514785,2.7142857142857144,
11666946,5,catalog_clean_background,smooth_background_dominant,arima_tcf,arima,tcf,True,10,14.134713471347135,5.948827587074052,1.5,
11666946,5,catalog_clean_background,smooth_background_dominant,kalman_bls,kalman,bls,True,1,14.45954595459546,6.172757449542579,2.7,
11666946,5,catalog_clean_background,smooth_background_dominant,kalman_bls,kalman,bls,True,2,7.227822782278228,5.036225040877433,2.7,
11666946,5,catalog_clean_background,smooth_background_dominant,kalman_bls,kalman,bls,True,3,8.604160416041605,5.00178315970165,2.7,
11666946,5,catalog_clean_background,smooth_background_dominant,kalman_bls,kalman,bls,True,4,14.27052705270527,3.705017455066949,10.05,
11666946,5,catalog_clean_background,smooth_background_dominant,kalman_bls,kalman,bls,True,5,7.6660666066606655,3.649267671257999,3.9,
11666946,5,catalog_clean_background,smooth_background_dominant,kalman_bls,kalman,bls,True,6,14.763376337633764,3.632203006476988,5.1000000000000005,
11666946,5,catalog_clean_background,smooth_background_dominant,kalman_bls,kalman,bls,True,7,12.041504150415042,3.6028194307695056,2.7,
11666946,5,catalog_clean_background,smooth_background_dominant,kalman_bls,kalman,bls,True,8,14.962196219621962,3.5355845926339993,2.7,
11666946,5,catalog_clean_background,smooth_background_dominant,kalman_bls,kalman,bls,True,9,10.387938793879387,3.5223179940145797,1.5,
11666946,5,catalog_clean_background,smooth_background_dominant,kalman_bls,kalman,bls,True,10,14.082908290829083,3.4119638744181144,10.05,
11666946,5,catalog_clean_background,smooth_background_dominant,kalman_tcf,kalman,tcf,True,1,12.962796279627964,6.4956425782124,1.5,
11666946,5,catalog_clean_background,smooth_background_dominant,kalman_tcf,kalman,tcf,True,2,6.499749974997499,6.479524873664466,3.928571428571429,
11666946,5,catalog_clean_background,smooth_background_dominant,kalman_tcf,kalman,tcf,True,3,14.402140214021404,6.455402676262778,7.571428571428571,
11666946,5,catalog_clean_background,smooth_background_dominant,kalman_tcf,kalman,tcf,True,4,11.116011601160116,6.429903695186575,1.5,
11666946,5,catalog_clean_background,smooth_background_dominant,kalman_tcf,kalman,tcf,True,5,13.256825682568255,6.387003458687012,7.571428571428571,
11666946,5,catalog_clean_background,smooth_background_dominant,kalman_tcf,kalman,tcf,True,6,13.419241924192418,6.366317204568614,6.357142857142858,
11666946,5,catalog_clean_background,smooth_background_dominant,kalman_tcf,kalman,tcf,True,7,14.663966396639664,6.310352923294075,1.5,
11666946,5,catalog_clean_background,smooth_background_dominant,kalman_tcf,kalman,tcf,True,8,11.795079507950796,6.298786723013983,10.0,
11666946,5,catalog_clean_background,smooth_background_dominant,kalman_tcf,kalman,tcf,True,9,9.559055905590558,6.240292988981703,2.7142857142857144,
11666946,5,catalog_clean_background,smooth_background_dominant,kalman_tcf,kalman,tcf,True,10,8.595759575957596,6.221326778115982,6.357142857142858,
11666946,5,catalog_clean_background,smooth_background_dominant,gp_bls,gp,bls,True,1,5.934093409340934,5.667334004478051,10.05,
11666946,5,catalog_clean_background,smooth_background_dominant,gp_bls,gp,bls,True,2,5.798279827982798,5.020593923107996,10.05,
11666946,5,catalog_clean_background,smooth_background_dominant,gp_bls,gp,bls,True,3,11.5990599059906,4.210480992777432,10.05,
11666946,5,catalog_clean_background,smooth_background_dominant,gp_bls,gp,bls,True,4,6.011101110111011,4.075522420921805,10.05,
11666946,5,catalog_clean_background,smooth_background_dominant,gp_bls,gp,bls,True,5,11.916891689168915,3.917910496156295,10.05,
11666946,5,catalog_clean_background,smooth_background_dominant,gp_bls,gp,bls,True,6,5.871087108710871,3.674296877361515,8.850000000000001,
11666946,5,catalog_clean_background,smooth_background_dominant,gp_bls,gp,bls,True,7,6.090909090909091,3.630195992662634,10.05,
11666946,5,catalog_clean_background,smooth_background_dominant,gp_bls,gp,bls,True,8,11.723672367236723,3.020837201846227,10.05,
11666946,5,catalog_clean_background,smooth_background_dominant,gp_bls,gp,bls,True,9,14.983198319831985,2.4650168071203633,7.5,
11666946,5,catalog_clean_background,smooth_background_dominant,gp_bls,gp,bls,True,10,7.146614661466146,2.364812122493971,10.05,
11666946,5,catalog_clean_background,smooth_background_dominant,gp_tcf,gp,tcf,True,1,7.141014101410141,6.181829689066647,3.928571428571429,
11666946,5,catalog_clean_background,smooth_background_dominant,gp_tcf,gp,tcf,True,2,9.536653665366536,6.0920850522762064,7.571428571428571,
11666946,5,catalog_clean_background,smooth_background_dominant,gp_tcf,gp,tcf,True,3,5.7786778677867785,6.053555988668047,7.571428571428571,
11666946,5,catalog_clean_background,smooth_background_dominant,gp_tcf,gp,tcf,True,4,4.241324132413242,6.026200715332852,3.928571428571429,
11666946,5,catalog_clean_background,smooth_background_dominant,gp_tcf,gp,tcf,True,5,13.690869086908693,6.024435728225868,2.7142857142857144,
11666946,5,catalog_clean_background,smooth_background_dominant,gp_tcf,gp,tcf,True,6,8.905190519051905,6.005240737260285,7.571428571428571,
11666946,5,catalog_clean_background,smooth_background_dominant,gp_tcf,gp,tcf,True,7,11.116011601160116,5.9958999674496845,1.5,
11666946,5,catalog_clean_background,smooth_background_dominant,gp_tcf,gp,tcf,True,8,13.405240524052404,5.961757479888954,5.142857142857142,
11666946,5,catalog_clean_background,smooth_background_dominant,gp_tcf,gp,tcf,True,9,14.68216821682168,5.923234964258758,8.785714285714285,
11666946,5,catalog_clean_background,smooth_background_dominant,gp_tcf,gp,tcf,True,10,11.523452345234524,5.852278162901468,5.142857142857142,
4471641,5,catalog_clean_background,smooth_background_dominant,raw_bls,raw,bls,True,1,2.68016801680168,3.4288378844852354,10.05,
4471641,5,catalog_clean_background,smooth_background_dominant,raw_bls,raw,bls,True,2,5.354435443544355,3.3399740334346153,10.05,
4471641,5,catalog_clean_background,smooth_background_dominant,raw_bls,raw,bls,True,3,8.04970497049705,2.653324297411441,10.05,
4471641,5,catalog_clean_background,smooth_background_dominant,raw_bls,raw,bls,True,4,2.635363536353635,2.548414844809784,10.05,
4471641,5,catalog_clean_background,smooth_background_dominant,raw_bls,raw,bls,True,5,2.717971797179718,2.4922278055873384,10.05,
4471641,5,catalog_clean_background,smooth_background_dominant,raw_bls,raw,bls,True,6,5.428642864286428,2.3959748831028023,10.05,
4471641,5,catalog_clean_background,smooth_background_dominant,raw_bls,raw,bls,True,7,5.11081108110811,2.300894492973255,10.05,
4471641,5,catalog_clean_background,smooth_background_dominant,raw_bls,raw,bls,True,8,7.968496849684969,2.273020479040832,10.05,
4471641,5,catalog_clean_background,smooth_background_dominant,raw_bls,raw,bls,True,9,8.13091309130913,2.2630607206717626,10.05,
4471641,5,catalog_clean_background,smooth_background_dominant,raw_bls,raw,bls,True,10,5.168216821682168,2.0609385200038073,10.05,
4471641,5,catalog_clean_background,smooth_background_dominant,raw_tcf,raw,tcf,True,1,2.6885688568856887,3.3584138065131413,10.0,
4471641,5,catalog_clean_background,smooth_background_dominant,raw_tcf,raw,tcf,True,2,2.6325632563256325,3.285072649682935,10.0,
4471641,5,catalog_clean_background,smooth_background_dominant,raw_tcf,raw,tcf,True,3,8.132313231323131,3.0308719102194455,10.0,
4471641,5,catalog_clean_background,smooth_background_dominant,raw_tcf,raw,tcf,True,4,5.185018501850185,2.9373220330570673,10.0,
4471641,5,catalog_clean_background,smooth_background_dominant,raw_tcf,raw,tcf,True,5,5.386638663866386,2.8914794367621037,10.0,
4471641,5,catalog_clean_background,smooth_background_dominant,raw_tcf,raw,tcf,True,6,5.319431943194319,2.8117646817659425,10.0,
4471641,5,catalog_clean_background,smooth_background_dominant,raw_tcf,raw,tcf,True,7,5.078607860786079,2.766765018370672,10.0,
4471641,5,catalog_clean_background,smooth_background_dominant,raw_tcf,raw,tcf,True,8,2.660566056605661,2.7478656378650825,10.0,
4471641,5,catalog_clean_background,smooth_background_dominant,raw_tcf,raw,tcf,True,9,13.598459845984598,2.6977311110297375,10.0,
4471641,5,catalog_clean_background,smooth_background_dominant,raw_tcf,raw,tcf,True,10,5.253625362536254,2.657562796837578,10.0,
4471641,5,catalog_clean_background,smooth_background_dominant,arima_bls,arima,bls,True,1,2.6577657765776577,6.382138844882113,10.05,
4471641,5,catalog_clean_background,smooth_background_dominant,arima_bls,arima,bls,True,2,2.6857685768576856,5.759990287802655,10.05,
4471641,5,catalog_clean_background,smooth_background_dominant,arima_bls,arima,bls,True,3,2.717971797179718,4.421180492693211,10.05,
4471641,5,catalog_clean_background,smooth_background_dominant,arima_bls,arima,bls,True,4,5.234023402340234,4.230519795873376,10.05,
4471641,5,catalog_clean_background,smooth_background_dominant,arima_bls,arima,bls,True,5,5.340434043404341,4.103322022018003,10.05,
4471641,5,catalog_clean_background,smooth_background_dominant,arima_bls,arima,bls,True,6,7.989498949894989,4.069833256614545,10.05,
4471641,5,catalog_clean_background,smooth_background_dominant,arima_bls,arima,bls,True,7,2.62976297629763,4.019011171300567,10.05,
4471641,5,catalog_clean_background,smooth_background_dominant,arima_bls,arima,bls,True,8,5.432843284328433,3.2529248029876245,10.05,
4471641,5,catalog_clean_background,smooth_background_dominant,arima_bls,arima,bls,True,9,1.6412641264126413,3.1684541278194507,10.05,
4471641,5,catalog_clean_background,smooth_background_dominant,arima_bls,arima,bls,True,10,2.601760176017602,3.155852929809892,10.05,
4471641,5,catalog_clean_background,smooth_background_dominant,arima_tcf,arima,tcf,True,1,11.758675867586758,6.2341981189079005,8.785714285714285,
4471641,5,catalog_clean_background,smooth_background_dominant,arima_tcf,arima,tcf,True,2,9.083008300830082,6.025257767918398,5.142857142857142,
4471641,5,catalog_clean_background,smooth_background_dominant,arima_tcf,arima,tcf,True,3,8.98919891989199,5.853530481281009,10.0,
4471641,5,catalog_clean_background,smooth_background_dominant,arima_tcf,arima,tcf,True,4,14.358735873587358,5.806540028932317,6.357142857142858,
4471641,5,catalog_clean_background,smooth_background_dominant,arima_tcf,arima,tcf,True,5,12.234723472347234,5.804168806996009,2.7142857142857144,
4471641,5,catalog_clean_background,smooth_background_dominant,arima_tcf,arima,tcf,True,6,14.767576757675767,5.76312965836571,2.7142857142857144,
4471641,5,catalog_clean_background,smooth_background_dominant,arima_tcf,arima,tcf,True,7,3.7414741474147415,5.716035421789979,10.0,
4471641,5,catalog_clean_background,smooth_background_dominant,arima_tcf,arima,tcf,True,8,6.013901390139014,5.681658275632445,6.357142857142858,
4471641,5,catalog_clean_background,smooth_background_dominant,arima_tcf,arima,tcf,True,9,13.49064906490649,5.681515297402227,2.7142857142857144,
4471641,5,catalog_clean_background,smooth_background_dominant,arima_tcf,arima,tcf,True,10,7.929292929292929,5.670930274692602,10.0,
4471641,5,catalog_clean_background,smooth_background_dominant,kalman_bls,kalman,bls,True,1,2.661966196619662,6.147378750026826,10.05,
4471641,5,catalog_clean_background,smooth_background_dominant,kalman_bls,kalman,bls,True,2,2.694169416941694,4.998134717702614,10.05,
4471641,5,catalog_clean_background,smooth_background_dominant,kalman_bls,kalman,bls,True,3,5.232623262326232,4.101385903983279,10.05,
4471641,5,catalog_clean_background,smooth_background_dominant,kalman_bls,kalman,bls,True,4,5.340434043404341,4.082802320452839,10.05,
4471641,5,catalog_clean_background,smooth_background_dominant,kalman_bls,kalman,bls,True,5,2.62976297629763,4.047844006470272,10.05,
4471641,5,catalog_clean_background,smooth_background_dominant,kalman_bls,kalman,bls,True,6,7.989498949894989,4.036781891854398,10.05,
4471641,5,catalog_clean_background,smooth_background_dominant,kalman_bls,kalman,bls,True,7,2.7235723572357236,3.9098194672747946,10.05,
4471641,5,catalog_clean_background,smooth_background_dominant,kalman_bls,kalman,bls,True,8,5.435643564356435,3.1674806795611845,10.05,
4471641,5,catalog_clean_background,smooth_background_dominant,kalman_bls,kalman,bls,True,9,2.601760176017602,3.161692198075645,10.05,
4471641,5,catalog_clean_background,smooth_background_dominant,kalman_bls,kalman,bls,True,10,1.6384638463846386,3.135421713285698,10.05,
4471641,5,catalog_clean_background,smooth_background_dominant,kalman_tcf,kalman,tcf,True,1,11.758675867586758,6.281447501890639,8.785714285714285,
4471641,5,catalog_clean_background,smooth_background_dominant,kalman_tcf,kalman,tcf,True,2,9.083008300830082,6.056606007286914,5.142857142857142,
4471641,5,catalog_clean_background,smooth_background_dominant,kalman_tcf,kalman,tcf,True,3,3.7414741474147415,5.99741699016114,10.0,
4471641,5,catalog_clean_background,smooth_background_dominant,kalman_tcf,kalman,tcf,True,4,14.358735873587358,5.939188994041556,6.357142857142858,
4471641,5,catalog_clean_background,smooth_background_dominant,kalman_tcf,kalman,tcf,True,5,7.927892789278928,5.93850113570476,10.0,
4471641,5,catalog_clean_background,smooth_background_dominant,kalman_tcf,kalman,tcf,True,6,8.98919891989199,5.854408121059016,10.0,
4471641,5,catalog_clean_background,smooth_background_dominant,kalman_tcf,kalman,tcf,True,7,10.588158815881588,5.7555997607175975,8.785714285714285,
4471641,5,catalog_clean_background,smooth_background_dominant,kalman_tcf,kalman,tcf,True,8,12.234723472347234,5.736741059448086,2.7142857142857144,
4471641,5,catalog_clean_background,smooth_background_dominant,kalman_tcf,kalman,tcf,True,9,14.924392439243924,5.6617272514670365,1.5,
4471641,5,catalog_clean_background,smooth_background_dominant,kalman_tcf,kalman,tcf,True,10,11.223822382238223,5.645873859583067,8.785714285714285,
4471641,5,catalog_clean_background,smooth_background_dominant,gp_bls,gp,bls,True,1,1.6454645464546456,7.674296371617085,10.05,
4471641,5,catalog_clean_background,smooth_background_dominant,gp_bls,gp,bls,True,2,1.6622662266226622,5.500850005642027,10.05,
4471641,5,catalog_clean_background,smooth_background_dominant,gp_bls,gp,bls,True,3,3.286428642864286,4.574869783932934,10.05,
4471641,5,catalog_clean_background,smooth_background_dominant,gp_bls,gp,bls,True,4,4.925992599259926,4.081513602985746,10.05,
4471641,5,catalog_clean_background,smooth_background_dominant,gp_bls,gp,bls,True,5,6.5949594959495945,3.850855826721165,10.05,
4471641,5,catalog_clean_background,smooth_background_dominant,gp_bls,gp,bls,True,6,3.331233123312331,3.1984508826224327,10.05,
4471641,5,catalog_clean_background,smooth_background_dominant,gp_bls,gp,bls,True,7,4.991799179917992,2.981120373752516,10.05,
4471641,5,catalog_clean_background,smooth_background_dominant,gp_bls,gp,bls,True,8,13.182618261826182,2.8681993175687275,10.05,
4471641,5,catalog_clean_background,smooth_background_dominant,gp_bls,gp,bls,True,9,14.81938193819382,2.8179442685878255,10.05,
4471641,5,catalog_clean_background,smooth_background_dominant,gp_bls,gp,bls,True,10,8.151915191519151,2.8143050399822926,10.05,
4471641,5,catalog_clean_background,smooth_background_dominant,gp_tcf,gp,tcf,True,1,1.6468646864686467,6.411016823797197,10.0,
4471641,5,catalog_clean_background,smooth_background_dominant,gp_tcf,gp,tcf,True,2,3.3046304630463044,5.724206348213617,10.0,
4471641,5,catalog_clean_background,smooth_background_dominant,gp_tcf,gp,tcf,True,3,4.963796379637964,5.723308166254507,10.0,
4471641,5,catalog_clean_background,smooth_background_dominant,gp_tcf,gp,tcf,True,4,1.672067206720672,5.699667628534821,10.0,
4471641,5,catalog_clean_background,smooth_background_dominant,gp_tcf,gp,tcf,True,5,14.603760376037604,5.262078859099091,10.0,
4471641,5,catalog_clean_background,smooth_background_dominant,gp_tcf,gp,tcf,True,6,1.6258625862586258,5.212891636210722,10.0,
4471641,5,catalog_clean_background,smooth_background_dominant,gp_tcf,gp,tcf,True,7,8.2989298929893,5.184901364371253,10.0,
4471641,5,catalog_clean_background,smooth_background_dominant,gp_tcf,gp,tcf,True,8,9.896489648964897,5.170091551477912,10.0,
4471641,5,catalog_clean_background,smooth_background_dominant,gp_tcf,gp,tcf,True,9,1.3234323432343231,5.104037917931479,10.0,
4471641,5,catalog_clean_background,smooth_background_dominant,gp_tcf,gp,tcf,True,10,6.571157115711571,5.086412524617273,10.0,
2309943,5,catalog_clean_background,smooth_background_dominant,raw_bls,raw,bls,True,1,7.071007100710071,6.91676012919862,10.05,
2309943,5,catalog_clean_background,smooth_background_dominant,raw_bls,raw,bls,True,2,7.143814381438144,6.849163239930801,10.05,
2309943,5,catalog_clean_background,smooth_background_dominant,raw_bls,raw,bls,True,3,6.988398839883988,6.6393730925376095,10.05,
2309943,5,catalog_clean_background,smooth_background_dominant,raw_bls,raw,bls,True,4,7.234823482348235,6.203994631341344,10.05,
2309943,5,catalog_clean_background,smooth_background_dominant,raw_bls,raw,bls,True,5,6.912791279127912,5.632852322418993,10.05,
2309943,5,catalog_clean_background,smooth_background_dominant,raw_bls,raw,bls,True,6,7.3076307630763075,5.173485092335543,10.05,
2309943,5,catalog_clean_background,smooth_background_dominant,raw_bls,raw,bls,True,7,14.183718371837184,4.393479739576955,10.05,
2309943,5,catalog_clean_background,smooth_background_dominant,raw_bls,raw,bls,True,8,14.343334333433344,4.300599175130826,10.05,
2309943,5,catalog_clean_background,smooth_background_dominant,raw_bls,raw,bls,True,9,6.839983998399839,4.227994476750629,10.05,
2309943,5,catalog_clean_background,smooth_background_dominant,raw_bls,raw,bls,True,10,14.015701570157017,4.225994038345148,10.05,
2309943,5,catalog_clean_background,smooth_background_dominant,raw_tcf,raw,tcf,True,1,13.357635763576358,4.138436242451845,8.785714285714285,
2309943,5,catalog_clean_background,smooth_background_dominant,raw_tcf,raw,tcf,True,2,10.735173517351734,3.992224730998635,10.0,
2309943,5,catalog_clean_background,smooth_background_dominant,raw_tcf,raw,tcf,True,3,4.966596659665966,3.803540356067903,10.0,
2309943,5,catalog_clean_background,smooth_background_dominant,raw_tcf,raw,tcf,True,4,14.395139513951396,3.704005119193245,6.357142857142858,
2309943,5,catalog_clean_background,smooth_background_dominant,raw_tcf,raw,tcf,True,5,3.5902590259025904,3.669760592669261,8.785714285714285,
2309943,5,catalog_clean_background,smooth_background_dominant,raw_tcf,raw,tcf,True,6,13.53965396539654,3.669111053066877,8.785714285714285,
2309943,5,catalog_clean_background,smooth_background_dominant,raw_tcf,raw,tcf,True,7,9.62066206620662,3.64107513251031,8.785714285714285,
2309943,5,catalog_clean_background,smooth_background_dominant,raw_tcf,raw,tcf,True,8,9.979097909790978,3.6024981343650997,2.7142857142857144,
2309943,5,catalog_clean_background,smooth_background_dominant,raw_tcf,raw,tcf,True,9,14.838983898389838,3.5778482768041315,8.785714285714285,
2309943,5,catalog_clean_background,smooth_background_dominant,raw_tcf,raw,tcf,True,10,7.218021802180218,3.57476644443061,10.0,
2309943,5,catalog_clean_background,smooth_background_dominant,arima_bls,arima,bls,True,1,13.825282528252824,5.090977952205571,1.5,
2309943,5,catalog_clean_background,smooth_background_dominant,arima_bls,arima,bls,True,2,10.365536553655366,3.857465009139483,1.5,
2309943,5,catalog_clean_background,smooth_background_dominant,arima_bls,arima,bls,True,3,11.503850385038504,3.5374921141138858,1.5,
2309943,5,catalog_clean_background,smooth_background_dominant,arima_bls,arima,bls,True,4,14.974797479747975,2.997946210187689,1.5,
2309943,5,catalog_clean_background,smooth_background_dominant,arima_bls,arima,bls,True,5,14.396539653965396,2.895020909203361,1.5,
2309943,5,catalog_clean_background,smooth_background_dominant,arima_bls,arima,bls,True,6,5.921492149214921,2.8010265515617987,1.5,
2309943,5,catalog_clean_background,smooth_background_dominant,arima_bls,arima,bls,True,7,8.293329332933293,2.587060314786791,1.5,
2309943,5,catalog_clean_background,smooth_background_dominant,arima_bls,arima,bls,True,8,6.911391139113912,2.2082271184189897,1.5,
2309943,5,catalog_clean_background,smooth_background_dominant,arima_bls,arima,bls,True,9,14.000300030003,2.092931989406206,1.5,
2309943,5,catalog_clean_background,smooth_background_dominant,arima_bls,arima,bls,True,10,11.996699669966995,2.026646390639917,1.5,
2309943,5,catalog_clean_background,smooth_background_dominant,arima_tcf,arima,tcf,True,1,14.3993399339934,6.8736699949567175,1.5,
2309943,5,catalog_clean_background,smooth_background_dominant,arima_tcf,arima,tcf,True,2,5.207420742074207,6.737548505851466,6.357142857142858,
2309943,5,catalog_clean_background,smooth_background_dominant,arima_tcf,arima,tcf,True,3,8.926192619261926,6.698640427248777,1.5,
2309943,5,catalog_clean_background,smooth_background_dominant,arima_tcf,arima,tcf,True,4,11.775477547754775,6.347970730088468,6.357142857142858,
2309943,5,catalog_clean_background,smooth_background_dominant,arima_tcf,arima,tcf,True,5,14.23132313231323,6.290085029634979,3.928571428571429,
2309943,5,catalog_clean_background,smooth_background_dominant,arima_tcf,arima,tcf,True,6,14.012901290129012,6.174698527437273,3.928571428571429,
2309943,5,catalog_clean_background,smooth_background_dominant,arima_tcf,arima,tcf,True,7,13.84068406840684,6.118402815079921,6.357142857142858,
2309943,5,catalog_clean_background,smooth_background_dominant,arima_tcf,arima,tcf,True,8,10.64136413641364,6.112079196885742,8.785714285714285,
2309943,5,catalog_clean_background,smooth_background_dominant,arima_tcf,arima,tcf,True,9,14.603760376037604,6.082520650121687,10.0,
2309943,5,catalog_clean_background,smooth_background_dominant,arima_tcf,arima,tcf,True,10,12.56095609560956,6.074372414114364,7.571428571428571,
2309943,5,catalog_clean_background,smooth_background_dominant,kalman_bls,kalman,bls,True,1,13.818281828182815,5.061572681693668,7.5,
2309943,5,catalog_clean_background,smooth_background_dominant,kalman_bls,kalman,bls,True,2,6.90999099909991,4.171821861770546,7.5,
2309943,5,catalog_clean_background,smooth_background_dominant,kalman_bls,kalman,bls,True,3,14.316731673167316,3.5488585838084084,1.5,
2309943,5,catalog_clean_background,smooth_background_dominant,kalman_bls,kalman,bls,True,4,7.153615361536153,3.4668208496146873,10.05,
2309943,5,catalog_clean_background,smooth_background_dominant,kalman_bls,kalman,bls,True,5,14.463746374637465,2.999725627845525,10.05,
2309943,5,catalog_clean_background,smooth_background_dominant,kalman_bls,kalman,bls,True,6,14.123512351235124,2.9416200956028744,10.05,
2309943,5,catalog_clean_background,smooth_background_dominant,kalman_bls,kalman,bls,True,7,7.229222922292229,2.866055712699324,10.05,
2309943,5,catalog_clean_background,smooth_background_dominant,kalman_bls,kalman,bls,True,8,11.502450245024502,2.712854521716062,5.1000000000000005,
2309943,5,catalog_clean_background,smooth_background_dominant,kalman_bls,kalman,bls,True,9,7.076607660766077,2.62322901505683,10.05,
2309943,5,catalog_clean_background,smooth_background_dominant,kalman_bls,kalman,bls,True,10,14.736773677367736,2.584345835213135,5.1000000000000005,
2309943,5,catalog_clean_background,smooth_background_dominant,kalman_tcf,kalman,tcf,True,1,8.693769376937693,6.364027331827068,5.142857142857142,
2309943,5,catalog_clean_background,smooth_background_dominant,kalman_tcf,kalman,tcf,True,2,8.594359435943595,6.35494378823041,6.357142857142858,
2309943,5,catalog_clean_background,smooth_background_dominant,kalman_tcf,kalman,tcf,True,3,14.393739373937391,6.325199598418111,7.571428571428571,
2309943,5,catalog_clean_background,smooth_background_dominant,kalman_tcf,kalman,tcf,True,4,3.755475547554755,6.323088320092793,6.357142857142858,
2309943,5,catalog_clean_background,smooth_background_dominant,kalman_tcf,kalman,tcf,True,5,12.14931493149315,6.1940350090576475,6.357142857142858,
2309943,5,catalog_clean_background,smooth_background_dominant,kalman_tcf,kalman,tcf,True,6,4.966596659665966,6.168443603586936,10.0,
2309943,5,catalog_clean_background,smooth_background_dominant,kalman_tcf,kalman,tcf,True,7,6.944994499449945,6.151327529636352,8.785714285714285,
2309943,5,catalog_clean_background,smooth_background_dominant,kalman_tcf,kalman,tcf,True,8,13.45984598459846,6.087605158841165,2.7142857142857144,
2309943,5,catalog_clean_background,smooth_background_dominant,kalman_tcf,kalman,tcf,True,9,2.9503950395039507,6.057636746267644,3.928571428571429,
2309943,5,catalog_clean_background,smooth_background_dominant,kalman_tcf,kalman,tcf,True,10,9.979097909790978,6.0536502579561615,2.7142857142857144,
2309943,5,catalog_clean_background,smooth_background_dominant,gp_bls,gp,bls,True,1,10.547554755475549,3.4825038225871174,10.05,
2309943,5,catalog_clean_background,smooth_background_dominant,gp_bls,gp,bls,True,2,1.0756075607560756,2.5150026140089428,7.5,
2309943,5,catalog_clean_background,smooth_background_dominant,gp_bls,gp,bls,True,3,13.923292329232924,2.386004103778715,10.05,
2309943,5,catalog_clean_background,smooth_background_dominant,gp_bls,gp,bls,True,4,10.663766376637664,2.234511408509706,10.05,
2309943,5,catalog_clean_background,smooth_background_dominant,gp_bls,gp,bls,True,5,7.863486348634863,2.218993129358624,2.7,
2309943,5,catalog_clean_background,smooth_background_dominant,gp_bls,gp,bls,True,6,12.504950495049505,2.125045564054511,7.5,
2309943,5,catalog_clean_background,smooth_background_dominant,gp_bls,gp,bls,True,7,3.222022202220222,2.0885660223633926,8.850000000000001,
2309943,5,catalog_clean_background,smooth_background_dominant,gp_bls,gp,bls,True,8,14.1991199119912,2.0824271504633676,7.5,
2309943,5,catalog_clean_background,smooth_background_dominant,gp_bls,gp,bls,True,9,12.79057905790579,2.0767876244502204,10.05,
2309943,5,catalog_clean_background,smooth_background_dominant,gp_bls,gp,bls,True,10,5.29002900290029,1.951756148638495,10.05,
2309943,5,catalog_clean_background,smooth_background_dominant,gp_tcf,gp,tcf,True,1,13.357635763576358,7.401813848766737,8.785714285714285,
2309943,5,catalog_clean_background,smooth_background_dominant,gp_tcf,gp,tcf,True,2,4.965196519651965,6.948668835419223,10.0,
2309943,5,catalog_clean_background,smooth_background_dominant,gp_tcf,gp,tcf,True,3,9.979097909790978,6.461519545396534,2.7142857142857144,
2309943,5,catalog_clean_background,smooth_background_dominant,gp_tcf,gp,tcf,True,4,12.4013401340134,6.054346007196246,1.5,
2309943,5,catalog_clean_background,smooth_background_dominant,gp_tcf,gp,tcf,True,5,12.14931493149315,5.9743838358916035,6.357142857142858,
2309943,5,catalog_clean_background,smooth_background_dominant,gp_tcf,gp,tcf,True,6,9.393839383938394,5.924153275159092,5.142857142857142,
2309943,5,catalog_clean_background,smooth_background_dominant,gp_tcf,gp,tcf,True,7,6.944994499449945,5.892240878772222,8.785714285714285,
2309943,5,catalog_clean_background,smooth_background_dominant,gp_tcf,gp,tcf,True,8,7.523252325232523,5.859562188967051,10.0,
2309943,5,catalog_clean_background,smooth_background_dominant,gp_tcf,gp,tcf,True,9,8.693769376937693,5.849383604506843,5.142857142857142,
2309943,5,catalog_clean_background,smooth_background_dominant,gp_tcf,gp,tcf,True,10,14.36153615361536,5.800486583221251,1.5,
6151368,5,catalog_clean_background,smooth_background_dominant,raw_bls,raw,bls,True,1,2.694169416941694,15.2590398605298,10.05,
6151368,5,catalog_clean_background,smooth_background_dominant,raw_bls,raw,bls,True,2,2.656365636563656,11.817492599851091,10.05,
6151368,5,catalog_clean_background,smooth_background_dominant,raw_bls,raw,bls,True,3,5.3824382438243825,10.796783563818376,10.05,
6151368,5,catalog_clean_background,smooth_background_dominant,raw_bls,raw,bls,True,4,5.3138313831383135,7.865308365803426,10.05,
6151368,5,catalog_clean_background,smooth_background_dominant,raw_bls,raw,bls,True,5,8.072107210721072,7.860123572321277,10.05,
6151368,5,catalog_clean_background,smooth_background_dominant,raw_bls,raw,bls,True,6,10.764576457645765,7.235458403837776,10.05,
6151368,5,catalog_clean_background,smooth_background_dominant,raw_bls,raw,bls,True,7,7.990899089908991,5.905418893115793,10.05,
6151368,5,catalog_clean_background,smooth_background_dominant,raw_bls,raw,bls,True,8,10.646964696469649,5.654774307751516,10.05,
6151368,5,catalog_clean_background,smooth_background_dominant,raw_bls,raw,bls,True,9,13.447244724472448,5.6383154699895135,10.05,
6151368,5,catalog_clean_background,smooth_background_dominant,raw_bls,raw,bls,True,10,5.252225222522252,5.299878193000627,10.05,
6151368,5,catalog_clean_background,smooth_background_dominant,raw_tcf,raw,tcf,True,1,2.6521652165216523,6.766260135429351,10.0,
6151368,5,catalog_clean_background,smooth_background_dominant,raw_tcf,raw,tcf,True,2,5.302630263026303,5.0676692519323945,10.0,
6151368,5,catalog_clean_background,smooth_background_dominant,raw_tcf,raw,tcf,True,3,1.3192319231923193,5.039070156031416,10.0,
6151368,5,catalog_clean_background,smooth_background_dominant,raw_tcf,raw,tcf,True,4,2.682968296829683,4.990190059210562,10.0,
6151368,5,catalog_clean_background,smooth_background_dominant,raw_tcf,raw,tcf,True,5,2.6255625562556255,4.7958757296802395,10.0,
6151368,5,catalog_clean_background,smooth_background_dominant,raw_tcf,raw,tcf,True,6,7.975497549754976,4.4828872592995275,10.0,
6151368,5,catalog_clean_background,smooth_background_dominant,raw_tcf,raw,tcf,True,7,5.355835583558355,4.1454540183855535,10.0,
6151368,5,catalog_clean_background,smooth_background_dominant,raw_tcf,raw,tcf,True,8,10.578357835783578,3.962606513354917,10.0,
6151368,5,catalog_clean_background,smooth_background_dominant,raw_tcf,raw,tcf,True,9,7.894289428942894,3.8061557944513345,10.0,
6151368,5,catalog_clean_background,smooth_background_dominant,raw_tcf,raw,tcf,True,10,2.722172217221722,3.799104764271425,10.0,
6151368,5,catalog_clean_background,smooth_background_dominant,arima_bls,arima,bls,True,1,2.7053705370537053,15.958848239669296,10.05,
6151368,5,catalog_clean_background,smooth_background_dominant,arima_bls,arima,bls,True,2,5.402040204020402,10.28701893275096,10.05,
6151368,5,catalog_clean_background,smooth_background_dominant,arima_bls,arima,bls,True,3,1.3234323432343231,9.570478701194778,10.05,
6151368,5,catalog_clean_background,smooth_background_dominant,arima_bls,arima,bls,True,4,2.649364936493649,9.095429067734498,10.05,
6151368,5,catalog_clean_background,smooth_background_dominant,arima_bls,arima,bls,True,5,8.115511551155116,7.51459385301888,10.05,
6151368,5,catalog_clean_background,smooth_background_dominant,arima_bls,arima,bls,True,6,10.768776877687769,7.156421110465176,10.05,
6151368,5,catalog_clean_background,smooth_background_dominant,arima_bls,arima,bls,True,7,2.6213621362136212,6.60053803081311,10.05,
6151368,5,catalog_clean_background,smooth_background_dominant,arima_bls,arima,bls,True,8,13.423442344234424,5.651691191879512,10.05,
6151368,5,catalog_clean_background,smooth_background_dominant,arima_bls,arima,bls,True,9,8.031503150315032,5.595842327342427,10.05,
6151368,5,catalog_clean_background,smooth_background_dominant,arima_bls,arima,bls,True,10,2.59055905590559,5.261420049920781,10.05,
6151368,5,catalog_clean_background,smooth_background_dominant,arima_tcf,arima,tcf,True,1,12.44054405440544,7.232574304696381,8.785714285714285,
6151368,5,catalog_clean_background,smooth_background_dominant,arima_tcf,arima,tcf,True,2,1.3192319231923193,6.783399122809124,10.0,
6151368,5,catalog_clean_background,smooth_background_dominant,arima_tcf,arima,tcf,True,3,12.8997899789979,6.6742765429045345,1.5,
6151368,5,catalog_clean_background,smooth_background_dominant,arima_tcf,arima,tcf,True,4,13.496249624962497,6.269672985178082,8.785714285714285,
6151368,5,catalog_clean_background,smooth_background_dominant,arima_tcf,arima,tcf,True,5,8.081908190819082,6.211863237594448,7.571428571428571,
6151368,5,catalog_clean_background,smooth_background_dominant,arima_tcf,arima,tcf,True,6,11.6984698469847,6.20508525040214,7.571428571428571,
6151368,5,catalog_clean_background,smooth_background_dominant,arima_tcf,arima,tcf,True,7,5.302630263026303,6.192510547541241,8.785714285714285,
6151368,5,catalog_clean_background,smooth_background_dominant,arima_tcf,arima,tcf,True,8,10.48034803480348,6.150570579622693,7.571428571428571,
6151368,5,catalog_clean_background,smooth_background_dominant,arima_tcf,arima,tcf,True,9,14.271927192719271,6.12205714018098,5.142857142857142,
6151368,5,catalog_clean_background,smooth_background_dominant,arima_tcf,arima,tcf,True,10,8.616761676167616,6.076391236670179,2.7142857142857144,
6151368,5,catalog_clean_background,smooth_background_dominant,kalman_bls,kalman,bls,True,1,2.7053705370537053,15.703160813660576,10.05,
6151368,5,catalog_clean_background,smooth_background_dominant,kalman_bls,kalman,bls,True,2,2.675967596759676,12.217002759600172,10.05,
6151368,5,catalog_clean_background,smooth_background_dominant,kalman_bls,kalman,bls,True,3,5.386638663866386,10.141919332036505,10.05,
6151368,5,catalog_clean_background,smooth_background_dominant,kalman_bls,kalman,bls,True,4,2.647964796479648,9.208865594367929,10.05,
6151368,5,catalog_clean_background,smooth_background_dominant,kalman_bls,kalman,bls,True,5,1.3248324832483247,8.839337262601626,10.05,
6151368,5,catalog_clean_background,smooth_background_dominant,kalman_bls,kalman,bls,True,6,8.115511551155116,7.793920284191989,10.05,
6151368,5,catalog_clean_background,smooth_background_dominant,kalman_bls,kalman,bls,True,7,10.754775477547756,7.230870099168109,10.05,
6151368,5,catalog_clean_background,smooth_background_dominant,kalman_bls,kalman,bls,True,8,8.03010301030103,5.862689847069257,10.05,
6151368,5,catalog_clean_background,smooth_background_dominant,kalman_bls,kalman,bls,True,9,13.44164416441644,5.754806582003452,10.05,
6151368,5,catalog_clean_background,smooth_background_dominant,kalman_bls,kalman,bls,True,10,2.6143614361436143,5.23785032940764,10.05,
6151368,5,catalog_clean_background,smooth_background_dominant,kalman_tcf,kalman,tcf,True,1,12.8997899789979,6.766448462508173,1.5,
6151368,5,catalog_clean_background,smooth_background_dominant,kalman_tcf,kalman,tcf,True,2,5.302630263026303,6.539902212448636,8.785714285714285,
6151368,5,catalog_clean_background,smooth_background_dominant,kalman_tcf,kalman,tcf,True,3,12.44054405440544,6.511622806031813,8.785714285714285,
6151368,5,catalog_clean_background,smooth_background_dominant,kalman_tcf,kalman,tcf,True,4,13.493449344934492,6.419096278641527,8.785714285714285,
6151368,5,catalog_clean_background,smooth_background_dominant,kalman_tcf,kalman,tcf,True,5,9.426042604260426,6.1492793721781895,3.928571428571429,
6151368,5,catalog_clean_background,smooth_background_dominant,kalman_tcf,kalman,tcf,True,6,1.3192319231923193,6.053480935673755,10.0,
6151368,5,catalog_clean_background,smooth_background_dominant,kalman_tcf,kalman,tcf,True,7,10.483148314831483,6.0007175909955395,7.571428571428571,
6151368,5,catalog_clean_background,smooth_background_dominant,kalman_tcf,kalman,tcf,True,8,2.6199619961996197,5.939577242395651,10.0,
6151368,5,catalog_clean_background,smooth_background_dominant,kalman_tcf,kalman,tcf,True,9,13.291829182918292,5.9223731885595425,8.785714285714285,
6151368,5,catalog_clean_background,smooth_background_dominant,kalman_tcf,kalman,tcf,True,10,11.396039603960396,5.841610816031009,1.5,
6151368,5,catalog_clean_background,smooth_background_dominant,gp_bls,gp,bls,True,1,2.694169416941694,15.25659332832774,10.05,
6151368,5,catalog_clean_background,smooth_background_dominant,gp_bls,gp,bls,True,2,2.656365636563656,11.815283004502366,10.05,
6151368,5,catalog_clean_background,smooth_background_dominant,gp_bls,gp,bls,True,3,5.3824382438243825,10.795369617042205,10.05,
6151368,5,catalog_clean_background,smooth_background_dominant,gp_bls,gp,bls,True,4,5.3138313831383135,7.864048554185281,10.05,
6151368,5,catalog_clean_background,smooth_background_dominant,gp_bls,gp,bls,True,5,8.072107210721072,7.859019025595677,10.05,
6151368,5,catalog_clean_background,smooth_background_dominant,gp_bls,gp,bls,True,6,10.764576457645765,7.234208120040344,10.05,
6151368,5,catalog_clean_background,smooth_background_dominant,gp_bls,gp,bls,True,7,7.990899089908991,5.904488429210531,10.05,
6151368,5,catalog_clean_background,smooth_background_dominant,gp_bls,gp,bls,True,8,10.646964696469649,5.653603500211965,10.05,
6151368,5,catalog_clean_background,smooth_background_dominant,gp_bls,gp,bls,True,9,13.447244724472448,5.6367396071187335,10.05,
6151368,5,catalog_clean_background,smooth_background_dominant,gp_bls,gp,bls,True,10,5.252225222522252,5.298783414248955,10.05,
6151368,5,catalog_clean_background,smooth_background_dominant,gp_tcf,gp,tcf,True,1,2.6521652165216523,6.763737053241497,10.0,
6151368,5,catalog_clean_background,smooth_background_dominant,gp_tcf,gp,tcf,True,2,5.302630263026303,5.065779253379969,10.0,
6151368,5,catalog_clean_background,smooth_background_dominant,gp_tcf,gp,tcf,True,3,1.3192319231923193,5.0373528278236375,10.0,
6151368,5,catalog_clean_background,smooth_background_dominant,gp_tcf,gp,tcf,True,4,2.682968296829683,4.9883196419572196,10.0,
6151368,5,catalog_clean_background,smooth_background_dominant,gp_tcf,gp,tcf,True,5,2.6255625562556255,4.7940617798932905,10.0,
6151368,5,catalog_clean_background,smooth_background_dominant,gp_tcf,gp,tcf,True,6,7.975497549754976,4.481209433173444,10.0,
6151368,5,catalog_clean_background,smooth_background_dominant,gp_tcf,gp,tcf,True,7,5.355835583558355,4.143886945313222,10.0,
6151368,5,catalog_clean_background,smooth_background_dominant,gp_tcf,gp,tcf,True,8,10.578357835783578,3.9611155940499447,10.0,
6151368,5,catalog_clean_background,smooth_background_dominant,gp_tcf,gp,tcf,True,9,7.894289428942894,3.804722083420144,10.0,
6151368,5,catalog_clean_background,smooth_background_dominant,gp_tcf,gp,tcf,True,10,2.722172217221722,3.797689975533025,10.0,
8414473,5,catalog_clean_background,smooth_background_dominant,raw_bls,raw,bls,True,1,3.3158315831583156,3.199453080471851,10.05,
8414473,5,catalog_clean_background,smooth_background_dominant,raw_bls,raw,bls,True,2,9.945494549454946,2.8748692974739782,10.05,
8414473,5,catalog_clean_background,smooth_background_dominant,raw_bls,raw,bls,True,3,13.206420642064206,2.860686530048296,10.05,
8414473,5,catalog_clean_background,smooth_background_dominant,raw_bls,raw,bls,True,4,6.586558655865586,2.726748844672431,10.05,
8414473,5,catalog_clean_background,smooth_background_dominant,raw_bls,raw,bls,True,5,2.626962696269626,2.552671273436541,10.05,
8414473,5,catalog_clean_background,smooth_background_dominant,raw_bls,raw,bls,True,6,13.387038703870386,2.541942708784211,10.05,
8414473,5,catalog_clean_background,smooth_background_dominant,raw_bls,raw,bls,True,7,13.066406640664066,2.413931790409025,10.05,
8414473,5,catalog_clean_background,smooth_background_dominant,raw_bls,raw,bls,True,8,7.338433843384339,2.126925898834622,10.05,
8414473,5,catalog_clean_background,smooth_background_dominant,raw_bls,raw,bls,True,9,12.933393339333932,2.0460003857269333,10.05,
8414473,5,catalog_clean_background,smooth_background_dominant,raw_bls,raw,bls,True,10,7.498049804980498,1.9992068280684565,10.05,
8414473,5,catalog_clean_background,smooth_background_dominant,raw_tcf,raw,tcf,True,1,3.763876387638764,4.617737557968034,10.0,
8414473,5,catalog_clean_background,smooth_background_dominant,raw_tcf,raw,tcf,True,2,2.519151915191519,4.355193168569378,10.0,
8414473,5,catalog_clean_background,smooth_background_dominant,raw_tcf,raw,tcf,True,3,6.564156415641564,4.284825491732784,10.0,
8414473,5,catalog_clean_background,smooth_background_dominant,raw_tcf,raw,tcf,True,4,2.54995499549955,4.152883489025756,10.0,
8414473,5,catalog_clean_background,smooth_background_dominant,raw_tcf,raw,tcf,True,5,7.537253725372537,4.078925724321949,10.0,
8414473,5,catalog_clean_background,smooth_background_dominant,raw_tcf,raw,tcf,True,6,1.882088208820882,3.927208667908959,10.0,
8414473,5,catalog_clean_background,smooth_background_dominant,raw_tcf,raw,tcf,True,7,9.13061306130613,3.908341188729095,10.0,
8414473,5,catalog_clean_background,smooth_background_dominant,raw_tcf,raw,tcf,True,8,3.3606360636063606,3.834604501816112,10.0,
8414473,5,catalog_clean_background,smooth_background_dominant,raw_tcf,raw,tcf,True,9,10.316531653165317,3.8289359737696143,8.785714285714285,
8414473,5,catalog_clean_background,smooth_background_dominant,raw_tcf,raw,tcf,True,10,13.531253125312531,3.811468317926314,10.0,
8414473,5,catalog_clean_background,smooth_background_dominant,arima_bls,arima,bls,True,1,14.950995099509951,2.2176090888808933,1.5,
8414473,5,catalog_clean_background,smooth_background_dominant,arima_bls,arima,bls,True,2,12.672967296729672,2.1738145715972492,1.5,
8414473,5,catalog_clean_background,smooth_background_dominant,arima_bls,arima,bls,True,3,14.518351835183518,1.9838168376021277,1.5,
8414473,5,catalog_clean_background,smooth_background_dominant,arima_bls,arima,bls,True,4,14.144514451445144,1.91425675083738,1.5,
8414473,5,catalog_clean_background,smooth_background_dominant,arima_bls,arima,bls,True,5,13.794479447944797,1.7293871647472348,1.5,
8414473,5,catalog_clean_background,smooth_background_dominant,arima_bls,arima,bls,True,6,13.093009300930092,1.647421014021912,1.5,
8414473,5,catalog_clean_background,smooth_background_dominant,arima_bls,arima,bls,True,7,12.817181718171817,1.6353746377108564,1.5,
8414473,5,catalog_clean_background,smooth_background_dominant,arima_bls,arima,bls,True,8,11.743274327432744,1.5978877382421082,1.5,
8414473,5,catalog_clean_background,smooth_background_dominant,arima_bls,arima,bls,True,9,14.725572557255726,1.5669535507160437,1.5,
8414473,5,catalog_clean_background,smooth_background_dominant,arima_bls,arima,bls,True,10,13.933093309330932,1.537016995099739,1.5,
8414473,5,catalog_clean_background,smooth_background_dominant,arima_tcf,arima,tcf,True,1,14.190719071907193,6.871143361634285,7.571428571428571,
8414473,5,catalog_clean_background,smooth_background_dominant,arima_tcf,arima,tcf,True,2,3.909490949094909,6.760618447235916,1.5,
8414473,5,catalog_clean_background,smooth_background_dominant,arima_tcf,arima,tcf,True,3,11.747474747474747,6.508308354157273,10.0,
8414473,5,catalog_clean_background,smooth_background_dominant,arima_tcf,arima,tcf,True,4,5.001600160016001,6.494121949014496,8.785714285714285,
8414473,5,catalog_clean_background,smooth_background_dominant,arima_tcf,arima,tcf,True,5,11.942094209420942,6.237374393155832,5.142857142857142,
8414473,5,catalog_clean_background,smooth_background_dominant,arima_tcf,arima,tcf,True,6,6.943594359435943,6.221972719102064,10.0,
8414473,5,catalog_clean_background,smooth_background_dominant,arima_tcf,arima,tcf,True,7,12.413941394139414,6.128109283230735,6.357142857142858,
8414473,5,catalog_clean_background,smooth_background_dominant,arima_tcf,arima,tcf,True,8,7.32023202320232,6.007136247453448,7.571428571428571,
8414473,5,catalog_clean_background,smooth_background_dominant,arima_tcf,arima,tcf,True,9,10.084108410841084,5.968069703200232,6.357142857142858,
8414473,5,catalog_clean_background,smooth_background_dominant,arima_tcf,arima,tcf,True,10,1.1862186218621862,5.953870638087561,2.7142857142857144,
8414473,5,catalog_clean_background,smooth_background_dominant,kalman_bls,kalman,bls,True,1,14.949594959495949,2.211263830213922,1.5,
8414473,5,catalog_clean_background,smooth_background_dominant,kalman_bls,kalman,bls,True,2,12.671567156715671,2.1340878205026503,1.5,
8414473,5,catalog_clean_background,smooth_background_dominant,kalman_bls,kalman,bls,True,3,14.516951695169515,2.0688412468159227,1.5,
8414473,5,catalog_clean_background,smooth_background_dominant,kalman_bls,kalman,bls,True,4,14.141714171417142,1.9481883309429011,1.5,
8414473,5,catalog_clean_background,smooth_background_dominant,kalman_bls,kalman,bls,True,5,13.794479447944797,1.777530847796973,1.5,
8414473,5,catalog_clean_background,smooth_background_dominant,kalman_bls,kalman,bls,True,6,11.657865786578656,1.7373116285666637,1.5,
8414473,5,catalog_clean_background,smooth_background_dominant,kalman_bls,kalman,bls,True,7,9.344834483448343,1.727336054398662,1.5,
8414473,5,catalog_clean_background,smooth_background_dominant,kalman_bls,kalman,bls,True,8,13.093009300930092,1.6673797752669044,1.5,
8414473,5,catalog_clean_background,smooth_background_dominant,kalman_bls,kalman,bls,True,9,12.815781578157816,1.6060144660968123,1.5,
8414473,5,catalog_clean_background,smooth_background_dominant,kalman_bls,kalman,bls,True,10,14.726972697269726,1.604832652126278,1.5,
8414473,5,catalog_clean_background,smooth_background_dominant,kalman_tcf,kalman,tcf,True,1,14.190719071907193,6.821181177746744,7.571428571428571,
8414473,5,catalog_clean_background,smooth_background_dominant,kalman_tcf,kalman,tcf,True,2,11.751675167516751,6.460390057269924,10.0,
8414473,5,catalog_clean_background,smooth_background_dominant,kalman_tcf,kalman,tcf,True,3,3.909490949094909,6.434846673229849,1.5,
8414473,5,catalog_clean_background,smooth_background_dominant,kalman_tcf,kalman,tcf,True,4,7.513451345134513,6.049867871586996,10.0,
8414473,5,catalog_clean_background,smooth_background_dominant,kalman_tcf,kalman,tcf,True,5,11.345634563456343,6.016302232228776,10.0,
8414473,5,catalog_clean_background,smooth_background_dominant,kalman_tcf,kalman,tcf,True,6,11.947694769476948,6.0048953202425155,5.142857142857142,
8414473,5,catalog_clean_background,smooth_background_dominant,kalman_tcf,kalman,tcf,True,7,7.281028102810281,5.9925445169975955,10.0,
8414473,5,catalog_clean_background,smooth_background_dominant,kalman_tcf,kalman,tcf,True,8,6.943594359435943,5.98967633741206,10.0,
8414473,5,catalog_clean_background,smooth_background_dominant,kalman_tcf,kalman,tcf,True,9,12.906790679067909,5.971189953570155,10.0,
8414473,5,catalog_clean_background,smooth_background_dominant,kalman_tcf,kalman,tcf,True,10,2.3623362336233624,5.887568871539182,8.785714285714285,
8414473,5,catalog_clean_background,smooth_background_dominant,gp_bls,gp,bls,True,1,1.256225622562256,6.848026909579866,10.05,
8414473,5,catalog_clean_background,smooth_background_dominant,gp_bls,gp,bls,True,2,1.3136313631363137,5.363330375813045,10.05,
8414473,5,catalog_clean_background,smooth_background_dominant,gp_bls,gp,bls,True,3,7.505050505050505,4.2175511169490205,10.05,
8414473,5,catalog_clean_background,smooth_background_dominant,gp_bls,gp,bls,True,4,3.754075407540754,4.11116289325504,10.05,
8414473,5,catalog_clean_background,smooth_background_dominant,gp_bls,gp,bls,True,5,2.512151215121512,3.3938294851459823,10.05,
8414473,5,catalog_clean_background,smooth_background_dominant,gp_bls,gp,bls,True,6,2.626962696269626,2.8806244892095445,10.05,
8414473,5,catalog_clean_background,smooth_background_dominant,gp_bls,gp,bls,True,7,11.883288328832885,2.8613581269297415,10.05,
8414473,5,catalog_clean_background,smooth_background_dominant,gp_bls,gp,bls,True,8,4.998799879987999,2.5338093567755653,8.850000000000001,
8414473,5,catalog_clean_background,smooth_background_dominant,gp_bls,gp,bls,True,9,6.278527852785278,2.5184330827037655,10.05,
8414473,5,catalog_clean_background,smooth_background_dominant,gp_bls,gp,bls,True,10,1.1596159615961597,2.470500161160655,10.05,
8414473,5,catalog_clean_background,smooth_background_dominant,gp_tcf,gp,tcf,True,1,4.970797079707971,6.915150104530204,10.0,
8414473,5,catalog_clean_background,smooth_background_dominant,gp_tcf,gp,tcf,True,2,3.751275127512751,6.733276638174515,10.0,
8414473,5,catalog_clean_background,smooth_background_dominant,gp_tcf,gp,tcf,True,3,1.2506250625062507,6.553304455170732,10.0,
8414473,5,catalog_clean_background,smooth_background_dominant,gp_tcf,gp,tcf,True,4,1.3094309430943094,6.366192438823313,10.0,
8414473,5,catalog_clean_background,smooth_background_dominant,gp_tcf,gp,tcf,True,5,9.942694269426942,6.172919745104101,10.0,
8414473,5,catalog_clean_background,smooth_background_dominant,gp_tcf,gp,tcf,True,6,7.176017601760176,6.051923080093022,8.785714285714285,
8414473,5,catalog_clean_background,smooth_background_dominant,gp_tcf,gp,tcf,True,7,3.672867286728673,6.046928724792064,10.0,
8414473,5,catalog_clean_background,smooth_background_dominant,gp_tcf,gp,tcf,True,8,3.927692769276927,6.023830934850395,10.0,
8414473,5,catalog_clean_background,smooth_background_dominant,gp_tcf,gp,tcf,True,9,2.5205520552055205,5.920789724679697,10.0,
8414473,5,catalog_clean_background,smooth_background_dominant,gp_tcf,gp,tcf,True,10,3.7134713471347136,5.903895049274238,10.0,
8212082,5,catalog_clean_background,smooth_background_dominant,raw_bls,raw,bls,True,1,11.39183918391839,2.050545414232897,10.05,
8212082,5,catalog_clean_background,smooth_background_dominant,raw_bls,raw,bls,True,2,14.28032803280328,1.7580061226192525,10.05,
8212082,5,catalog_clean_background,smooth_background_dominant,raw_bls,raw,bls,True,3,11.215421542154216,1.7185124521625688,10.05,
8212082,5,catalog_clean_background,smooth_background_dominant,raw_bls,raw,bls,True,4,14.724172417241723,1.613349531721474,10.05,
8212082,5,catalog_clean_background,smooth_background_dominant,raw_bls,raw,bls,True,5,11.53045304530453,1.478320693398495,10.05,
8212082,5,catalog_clean_background,smooth_background_dominant,raw_bls,raw,bls,True,6,14.137513751375137,1.463760448198254,10.05,
8212082,5,catalog_clean_background,smooth_background_dominant,raw_bls,raw,bls,True,7,13.994699469946994,1.401883788644147,10.05,
8212082,5,catalog_clean_background,smooth_background_dominant,raw_bls,raw,bls,True,8,11.1006100610061,1.3931417099802217,10.05,
8212082,5,catalog_clean_background,smooth_background_dominant,raw_bls,raw,bls,True,9,14.55055505550555,1.3877060495704423,10.05,
8212082,5,catalog_clean_background,smooth_background_dominant,raw_bls,raw,bls,True,10,11.985498549854984,1.332116307837813,10.05,
8212082,5,catalog_clean_background,smooth_background_dominant,raw_tcf,raw,tcf,True,1,9.857285728572856,4.703167858266823,5.142857142857142,
8212082,5,catalog_clean_background,smooth_background_dominant,raw_tcf,raw,tcf,True,2,10.926992699269928,4.503904016530866,7.571428571428571,
8212082,5,catalog_clean_background,smooth_background_dominant,raw_tcf,raw,tcf,True,3,10.589558955895589,4.43168147644142,8.785714285714285,
8212082,5,catalog_clean_background,smooth_background_dominant,raw_tcf,raw,tcf,True,4,14.64016401640164,4.422507173154142,6.357142857142858,
8212082,5,catalog_clean_background,smooth_background_dominant,raw_tcf,raw,tcf,True,5,3.0946094609460943,4.358872671102089,7.571428571428571,
8212082,5,catalog_clean_background,smooth_background_dominant,raw_tcf,raw,tcf,True,6,11.62986298629863,4.308339189064045,10.0,
8212082,5,catalog_clean_background,smooth_background_dominant,raw_tcf,raw,tcf,True,7,2.715171517151715,4.255650911062558,5.142857142857142,
8212082,5,catalog_clean_background,smooth_background_dominant,raw_tcf,raw,tcf,True,8,14.17111711171117,4.230975357740525,2.7142857142857144,
8212082,5,catalog_clean_background,smooth_background_dominant,raw_tcf,raw,tcf,True,9,7.554055405540554,4.218660230878369,8.785714285714285,
8212082,5,catalog_clean_background,smooth_background_dominant,raw_tcf,raw,tcf,True,10,8.37033703370337,4.19841668775458,1.5,
8212082,5,catalog_clean_background,smooth_background_dominant,arima_bls,arima,bls,True,1,10.61896189618962,5.5981608479048255,1.5,
8212082,5,catalog_clean_background,smooth_background_dominant,arima_bls,arima,bls,True,2,13.24982498249825,5.375963262714876,1.5,
8212082,5,catalog_clean_background,smooth_background_dominant,arima_bls,arima,bls,True,3,11.499649964996498,5.025518335709646,1.5,
8212082,5,catalog_clean_background,smooth_background_dominant,arima_bls,arima,bls,True,4,5.705870587058706,4.681288917490963,1.5,
8212082,5,catalog_clean_background,smooth_background_dominant,arima_bls,arima,bls,True,5,14.652765276527653,4.596616226697708,1.5,
8212082,5,catalog_clean_background,smooth_background_dominant,arima_bls,arima,bls,True,6,11.284028402840285,4.345241457522842,1.5,
8212082,5,catalog_clean_background,smooth_background_dominant,arima_bls,arima,bls,True,7,7.241824182418242,4.109384745351671,1.5,
8212082,5,catalog_clean_background,smooth_background_dominant,arima_bls,arima,bls,True,8,9.776077607760776,4.064983543867089,1.5,
8212082,5,catalog_clean_background,smooth_background_dominant,arima_bls,arima,bls,True,9,10.112111211121112,3.9876576221683697,1.5,
8212082,5,catalog_clean_background,smooth_background_dominant,arima_bls,arima,bls,True,10,12.285128512851283,3.931652153604073,1.5,
8212082,5,catalog_clean_background,smooth_background_dominant,arima_tcf,arima,tcf,True,1,14.599559955995598,6.858832352677656,8.785714285714285,
8212082,5,catalog_clean_background,smooth_background_dominant,arima_tcf,arima,tcf,True,2,8.221922192219221,6.685554705446021,7.571428571428571,
8212082,5,catalog_clean_background,smooth_background_dominant,arima_tcf,arima,tcf,True,3,1.9352935293529352,6.670143021341227,5.142857142857142,
8212082,5,catalog_clean_background,smooth_background_dominant,arima_tcf,arima,tcf,True,4,12.541354135413542,6.628616433876042,10.0,
8212082,5,catalog_clean_background,smooth_background_dominant,arima_tcf,arima,tcf,True,5,10.88078807880788,6.6055581010226785,1.5,
8212082,5,catalog_clean_background,smooth_background_dominant,arima_tcf,arima,tcf,True,6,4.3113311331133115,6.384962697771477,6.357142857142858,
8212082,5,catalog_clean_background,smooth_background_dominant,arima_tcf,arima,tcf,True,7,3.485248524852486,6.3731419609222595,3.928571428571429,
8212082,5,catalog_clean_background,smooth_background_dominant,arima_tcf,arima,tcf,True,8,6.832983298329832,6.3347999514724105,6.357142857142858,
8212082,5,catalog_clean_background,smooth_background_dominant,arima_tcf,arima,tcf,True,9,6.053105310531053,6.307222185198485,10.0,
8212082,5,catalog_clean_background,smooth_background_dominant,arima_tcf,arima,tcf,True,10,13.578857885788578,6.268421251333758,2.7142857142857144,
8212082,5,catalog_clean_background,smooth_background_dominant,kalman_bls,kalman,bls,True,1,7.568056805680568,4.0099594652395085,1.5,
8212082,5,catalog_clean_background,smooth_background_dominant,kalman_bls,kalman,bls,True,2,9.70887088708871,3.9586612848891263,3.9,
8212082,5,catalog_clean_background,smooth_background_dominant,kalman_bls,kalman,bls,True,3,11.68026802680268,3.827900686466556,2.7,
8212082,5,catalog_clean_background,smooth_background_dominant,kalman_bls,kalman,bls,True,4,11.281228122812282,3.707150187546905,5.1000000000000005,
8212082,5,catalog_clean_background,smooth_background_dominant,kalman_bls,kalman,bls,True,5,12.1003100310031,3.6993557640540664,3.9,
8212082,5,catalog_clean_background,smooth_background_dominant,kalman_bls,kalman,bls,True,6,8.356335633563356,3.609395289300453,1.5,
8212082,5,catalog_clean_background,smooth_background_dominant,kalman_bls,kalman,bls,True,7,8.707770777077709,3.457840356988553,3.9,
8212082,5,catalog_clean_background,smooth_background_dominant,kalman_bls,kalman,bls,True,8,9.52965296529653,3.053263077197486,5.1000000000000005,
8212082,5,catalog_clean_background,smooth_background_dominant,kalman_bls,kalman,bls,True,9,6.652365236523652,3.0430773640463715,1.5,
8212082,5,catalog_clean_background,smooth_background_dominant,kalman_bls,kalman,bls,True,10,9.914691469146916,3.038964631166386,1.5,
8212082,5,catalog_clean_background,smooth_background_dominant,kalman_tcf,kalman,tcf,True,1,9.853085308530853,6.658405547902664,5.142857142857142,
8212082,5,catalog_clean_background,smooth_background_dominant,kalman_tcf,kalman,tcf,True,2,10.926992699269928,6.530219876535992,7.571428571428571,
8212082,5,catalog_clean_background,smooth_background_dominant,kalman_tcf,kalman,tcf,True,3,10.33053305330533,6.3663454939086845,2.7142857142857144,
8212082,5,catalog_clean_background,smooth_background_dominant,kalman_tcf,kalman,tcf,True,4,3.3424342434243424,6.357929176730147,5.142857142857142,
8212082,5,catalog_clean_background,smooth_background_dominant,kalman_tcf,kalman,tcf,True,5,11.634063406340632,6.340452318866535,2.7142857142857144,
8212082,5,catalog_clean_background,smooth_background_dominant,kalman_tcf,kalman,tcf,True,6,7.1354135413541355,6.287411539096102,8.785714285714285,
8212082,5,catalog_clean_background,smooth_background_dominant,kalman_tcf,kalman,tcf,True,7,11.212621262126213,6.2307528039566495,3.928571428571429,
8212082,5,catalog_clean_background,smooth_background_dominant,kalman_tcf,kalman,tcf,True,8,14.95939593959396,6.210903094695272,5.142857142857142,
8212082,5,catalog_clean_background,smooth_background_dominant,kalman_tcf,kalman,tcf,True,9,14.599559955995598,6.1759516943014265,8.785714285714285,
8212082,5,catalog_clean_background,smooth_background_dominant,kalman_tcf,kalman,tcf,True,10,8.12951295129513,6.168837625477597,5.142857142857142,
8212082,5,catalog_clean_background,smooth_background_dominant,gp_bls,gp,bls,True,1,13.217621762176217,3.790963220693496,10.05,
8212082,5,catalog_clean_background,smooth_background_dominant,gp_bls,gp,bls,True,2,14.173917391739174,3.15280121128707,10.05,
8212082,5,catalog_clean_background,smooth_background_dominant,gp_bls,gp,bls,True,3,11.648064806480647,3.0902467505022138,6.300000000000001,
8212082,5,catalog_clean_background,smooth_background_dominant,gp_bls,gp,bls,True,4,9.45124512451245,3.0184513192649316,10.05,
8212082,5,catalog_clean_background,smooth_background_dominant,gp_bls,gp,bls,True,5,13.08040804080408,2.83670373708956,10.05,
8212082,5,catalog_clean_background,smooth_background_dominant,gp_bls,gp,bls,True,6,12.734573457345734,2.7495502407340764,8.850000000000001,
8212082,5,catalog_clean_background,smooth_background_dominant,gp_bls,gp,bls,True,7,12.93059305930593,2.726817999657469,8.850000000000001,
8212082,5,catalog_clean_background,smooth_background_dominant,gp_bls,gp,bls,True,8,5.82068206820682,2.6024029489400964,8.850000000000001,
8212082,5,catalog_clean_background,smooth_background_dominant,gp_bls,gp,bls,True,9,8.718971897189718,2.1904810932016514,5.1000000000000005,
8212082,5,catalog_clean_background,smooth_background_dominant,gp_bls,gp,bls,True,10,9.594059405940596,2.0633244848687418,10.05,
8212082,5,catalog_clean_background,smooth_background_dominant,gp_tcf,gp,tcf,True,1,9.853085308530853,6.585281189081148,5.142857142857142,
8212082,5,catalog_clean_background,smooth_background_dominant,gp_tcf,gp,tcf,True,2,6.902990299029903,6.142590558829068,5.142857142857142,
8212082,5,catalog_clean_background,smooth_background_dominant,gp_tcf,gp,tcf,True,3,7.855085508550855,5.988515898166469,8.785714285714285,
8212082,5,catalog_clean_background,smooth_background_dominant,gp_tcf,gp,tcf,True,4,8.002100210021002,5.982770471386149,3.928571428571429,
8212082,5,catalog_clean_background,smooth_background_dominant,gp_tcf,gp,tcf,True,5,11.214021402140212,5.857270071267835,7.571428571428571,
8212082,5,catalog_clean_background,smooth_background_dominant,gp_tcf,gp,tcf,True,6,14.323732373237323,5.855435359286189,8.785714285714285,
8212082,5,catalog_clean_background,smooth_background_dominant,gp_tcf,gp,tcf,True,7,14.523952395239524,5.849592480098443,2.7142857142857144,
8212082,5,catalog_clean_background,smooth_background_dominant,gp_tcf,gp,tcf,True,8,2.1901190119011904,5.831309495720491,6.357142857142858,
8212082,5,catalog_clean_background,smooth_background_dominant,gp_tcf,gp,tcf,True,9,9.652865286528652,5.827434889813791,2.7142857142857144,
8212082,5,catalog_clean_background,smooth_background_dominant,gp_tcf,gp,tcf,True,10,10.844384438443845,5.8206702589126085,10.0,
8442207,5,catalog_clean_background,smooth_background_dominant,raw_bls,raw,bls,True,1,11.904290429042904,2.5588156282160575,10.05,
8442207,5,catalog_clean_background,smooth_background_dominant,raw_bls,raw,bls,True,2,9.13061306130613,2.4662722537447164,10.05,
8442207,5,catalog_clean_background,smooth_background_dominant,raw_bls,raw,bls,True,3,11.782478247824782,2.402668896001067,10.05,
8442207,5,catalog_clean_background,smooth_background_dominant,raw_bls,raw,bls,True,4,9.231423142314233,2.3090661910725463,10.05,
8442207,5,catalog_clean_background,smooth_background_dominant,raw_bls,raw,bls,True,5,8.973797379737974,2.1081544891792308,10.05,
8442207,5,catalog_clean_background,smooth_background_dominant,raw_bls,raw,bls,True,6,11.590659065906593,2.1002139751722275,10.05,
8442207,5,catalog_clean_background,smooth_background_dominant,raw_bls,raw,bls,True,7,12.027502750275028,2.064577205566836,10.05,
8442207,5,catalog_clean_background,smooth_background_dominant,raw_bls,raw,bls,True,8,9.328032803280328,1.9314494453431093,10.05,
8442207,5,catalog_clean_background,smooth_background_dominant,raw_bls,raw,bls,True,9,11.394639463946394,1.818515311484682,10.05,
8442207,5,catalog_clean_background,smooth_background_dominant,raw_bls,raw,bls,True,10,8.874387438743874,1.8073394607469313,10.05,
8442207,5,catalog_clean_background,smooth_background_dominant,raw_tcf,raw,tcf,True,1,12.588958895889588,3.686510510703045,10.0,
8442207,5,catalog_clean_background,smooth_background_dominant,raw_tcf,raw,tcf,True,2,7.871887188718872,3.3576544152075556,10.0,
8442207,5,catalog_clean_background,smooth_background_dominant,raw_tcf,raw,tcf,True,3,13.067806780678067,3.2735839675404956,5.142857142857142,
8442207,5,catalog_clean_background,smooth_background_dominant,raw_tcf,raw,tcf,True,4,8.25972597259726,3.2190305071898093,10.0,
8442207,5,catalog_clean_background,smooth_background_dominant,raw_tcf,raw,tcf,True,5,3.793279327932793,3.1749842150556913,8.785714285714285,
8442207,5,catalog_clean_background,smooth_background_dominant,raw_tcf,raw,tcf,True,6,10.102310231023102,3.1712419880036293,10.0,
8442207,5,catalog_clean_background,smooth_background_dominant,raw_tcf,raw,tcf,True,7,9.762076207620762,3.109199802660906,10.0,
8442207,5,catalog_clean_background,smooth_background_dominant,raw_tcf,raw,tcf,True,8,6.102110211021102,3.101626773129403,10.0,
8442207,5,catalog_clean_background,smooth_background_dominant,raw_tcf,raw,tcf,True,9,13.788878887888789,3.1010980883206334,1.5,
8442207,5,catalog_clean_background,smooth_background_dominant,raw_tcf,raw,tcf,True,10,12.09050905090509,3.069310660428552,8.785714285714285,
8442207,5,catalog_clean_background,smooth_background_dominant,arima_bls,arima,bls,True,1,14.165516551655164,6.0827578390772326,1.5,
8442207,5,catalog_clean_background,smooth_background_dominant,arima_bls,arima,bls,True,2,12.345334533453345,4.72355212621299,1.5,
8442207,5,catalog_clean_background,smooth_background_dominant,arima_bls,arima,bls,True,3,14.543554355435544,4.518596468822565,1.5,
8442207,5,catalog_clean_background,smooth_background_dominant,arima_bls,arima,bls,True,4,9.132013201320133,4.43775043913683,1.5,
8442207,5,catalog_clean_background,smooth_background_dominant,arima_bls,arima,bls,True,5,13.283428342834284,4.414221824687183,1.5,
8442207,5,catalog_clean_background,smooth_background_dominant,arima_bls,arima,bls,True,6,10.495749574957497,4.233954594200208,1.5,
8442207,5,catalog_clean_background,smooth_background_dominant,arima_bls,arima,bls,True,7,14.827782778277829,3.898677718871156,1.5,
8442207,5,catalog_clean_background,smooth_background_dominant,arima_bls,arima,bls,True,8,13.56905690569057,3.892824522044409,1.5,
8442207,5,catalog_clean_background,smooth_background_dominant,arima_bls,arima,bls,True,9,10.086908690869087,3.7911135490855346,1.5,
8442207,5,catalog_clean_background,smooth_background_dominant,arima_bls,arima,bls,True,10,12.104510451045105,3.7718341083064866,1.5,
8442207,5,catalog_clean_background,smooth_background_dominant,arima_tcf,arima,tcf,True,1,13.332433243324331,7.083623158416838,2.7142857142857144,
8442207,5,catalog_clean_background,smooth_background_dominant,arima_tcf,arima,tcf,True,2,2.267126712671267,6.591293845660634,10.0,
8442207,5,catalog_clean_background,smooth_background_dominant,arima_tcf,arima,tcf,True,3,8.135113511351136,6.460560524627672,1.5,
8442207,5,catalog_clean_background,smooth_background_dominant,arima_tcf,arima,tcf,True,4,9.155815581558157,6.403165240646083,7.571428571428571,
8442207,5,catalog_clean_background,smooth_background_dominant,arima_tcf,arima,tcf,True,5,14.452545254525452,6.288295060268394,6.357142857142858,
8442207,5,catalog_clean_background,smooth_background_dominant,arima_tcf,arima,tcf,True,6,5.267626762676268,6.273846275652569,2.7142857142857144,
8442207,5,catalog_clean_background,smooth_background_dominant,arima_tcf,arima,tcf,True,7,8.312931293129314,6.269553655688637,7.571428571428571,
8442207,5,catalog_clean_background,smooth_background_dominant,arima_tcf,arima,tcf,True,8,12.5007500750075,6.208540266874038,8.785714285714285,
8442207,5,catalog_clean_background,smooth_background_dominant,arima_tcf,arima,tcf,True,9,13.482248224822484,6.180180892041703,6.357142857142858,
8442207,5,catalog_clean_background,smooth_background_dominant,arima_tcf,arima,tcf,True,10,11.265826582658264,6.1534312869173755,6.357142857142858,
8442207,5,catalog_clean_background,smooth_background_dominant,kalman_bls,kalman,bls,True,1,9.137613761376135,6.1379872780559,2.7,
8442207,5,catalog_clean_background,smooth_background_dominant,kalman_bls,kalman,bls,True,2,3.700870087008701,4.723384363421275,1.5,
8442207,5,catalog_clean_background,smooth_background_dominant,kalman_bls,kalman,bls,True,3,1.8498849884988495,4.661596275675366,1.5,
8442207,5,catalog_clean_background,smooth_background_dominant,kalman_bls,kalman,bls,True,4,4.566156615661566,4.028151748840742,2.7,
8442207,5,catalog_clean_background,smooth_background_dominant,kalman_bls,kalman,bls,True,5,9.582858285828582,3.7179726343394224,2.7,
8442207,5,catalog_clean_background,smooth_background_dominant,kalman_bls,kalman,bls,True,6,13.357635763576358,3.4291283690831085,1.5,
8442207,5,catalog_clean_background,smooth_background_dominant,kalman_bls,kalman,bls,True,7,14.354535453545354,3.3290716376716087,1.5,
8442207,5,catalog_clean_background,smooth_background_dominant,kalman_bls,kalman,bls,True,8,10.324932493249324,3.192131975150938,2.7,
8442207,5,catalog_clean_background,smooth_background_dominant,kalman_bls,kalman,bls,True,9,5.329232923292329,3.1534770783243604,2.7,
8442207,5,catalog_clean_background,smooth_background_dominant,kalman_bls,kalman,bls,True,10,6.102110211021102,2.9847065830418043,1.5,
8442207,5,catalog_clean_background,smooth_background_dominant,kalman_tcf,kalman,tcf,True,1,8.028702870287027,6.740687827050705,6.357142857142858,
8442207,5,catalog_clean_background,smooth_background_dominant,kalman_tcf,kalman,tcf,True,2,7.871887188718872,6.410953024053794,10.0,
8442207,5,catalog_clean_background,smooth_background_dominant,kalman_tcf,kalman,tcf,True,3,14.187918791879188,6.3506891518515465,7.571428571428571,
8442207,5,catalog_clean_background,smooth_background_dominant,kalman_tcf,kalman,tcf,True,4,11.673267326732674,6.282266949051697,6.357142857142858,
8442207,5,catalog_clean_background,smooth_background_dominant,kalman_tcf,kalman,tcf,True,5,13.788878887888789,6.237121135082294,1.5,
8442207,5,catalog_clean_background,smooth_background_dominant,kalman_tcf,kalman,tcf,True,6,7.661866186618662,6.199607287249168,6.357142857142858,
8442207,5,catalog_clean_background,smooth_background_dominant,kalman_tcf,kalman,tcf,True,7,8.10991099109911,6.143521658665745,5.142857142857142,
8442207,5,catalog_clean_background,smooth_background_dominant,kalman_tcf,kalman,tcf,True,8,4.157315731573157,6.127589783265681,1.5,
8442207,5,catalog_clean_background,smooth_background_dominant,kalman_tcf,kalman,tcf,True,9,12.086308630863083,6.120094953190046,1.5,
8442207,5,catalog_clean_background,smooth_background_dominant,kalman_tcf,kalman,tcf,True,10,6.117511751175117,6.117277333155153,5.142857142857142,
8442207,5,catalog_clean_background,smooth_background_dominant,gp_bls,gp,bls,True,1,11.383438343834383,3.2216987351907407,5.1000000000000005,
8442207,5,catalog_clean_background,smooth_background_dominant,gp_bls,gp,bls,True,2,3.808680868086809,3.1658103729301508,10.05,
8442207,5,catalog_clean_background,smooth_background_dominant,gp_bls,gp,bls,True,3,9.622062206220622,3.082899707579363,10.05,
8442207,5,catalog_clean_background,smooth_background_dominant,gp_bls,gp,bls,True,4,8.466946694669467,2.5341795580035846,10.05,
8442207,5,catalog_clean_background,smooth_background_dominant,gp_bls,gp,bls,True,5,7.615661566156615,2.5184831357639297,8.850000000000001,
8442207,5,catalog_clean_background,smooth_background_dominant,gp_bls,gp,bls,True,6,12.093309330933094,2.434597324675368,2.7,
8442207,5,catalog_clean_background,smooth_background_dominant,gp_bls,gp,bls,True,7,8.35913591359136,2.399067633943923,10.05,
8442207,5,catalog_clean_background,smooth_background_dominant,gp_bls,gp,bls,True,8,9.458245824582455,2.367891714408038,3.9,
8442207,5,catalog_clean_background,smooth_background_dominant,gp_bls,gp,bls,True,9,12.926392639263923,2.3522139113140597,2.7,
8442207,5,catalog_clean_background,smooth_background_dominant,gp_bls,gp,bls,True,10,13.966696669666966,2.26346473646364,1.5,
8442207,5,catalog_clean_background,smooth_background_dominant,gp_tcf,gp,tcf,True,1,13.744074407440744,6.2815067076682585,7.571428571428571,
8442207,5,catalog_clean_background,smooth_background_dominant,gp_tcf,gp,tcf,True,2,8.29192919291929,6.107114363921583,10.0,
8442207,5,catalog_clean_background,smooth_background_dominant,gp_tcf,gp,tcf,True,3,8.177117711771178,6.020033821640457,6.357142857142858,
8442207,5,catalog_clean_background,smooth_background_dominant,gp_tcf,gp,tcf,True,4,7.871887188718872,5.992655918777727,10.0,
8442207,5,catalog_clean_background,smooth_background_dominant,gp_tcf,gp,tcf,True,5,6.083908390839084,5.964069828523,5.142857142857142,
8442207,5,catalog_clean_background,smooth_background_dominant,gp_tcf,gp,tcf,True,6,12.143714371437143,5.9583648472684665,10.0,
8442207,5,catalog_clean_background,smooth_background_dominant,gp_tcf,gp,tcf,True,7,13.067806780678067,5.954038804752469,5.142857142857142,
8442207,5,catalog_clean_background,smooth_background_dominant,gp_tcf,gp,tcf,True,8,3.66026602660266,5.882150749872996,5.142857142857142,
8442207,5,catalog_clean_background,smooth_background_dominant,gp_tcf,gp,tcf,True,9,11.87908790879088,5.853128715399199,3.928571428571429,
8442207,5,catalog_clean_background,smooth_background_dominant,gp_tcf,gp,tcf,True,10,14.187918791879188,5.838224541247911,7.571428571428571,
9655727,5,catalog_clean_background,smooth_background_dominant,raw_bls,raw,bls,True,1,3.2430243024302428,3.3242160477113325,10.05,
9655727,5,catalog_clean_background,smooth_background_dominant,raw_bls,raw,bls,True,2,2.7403740374037406,3.1730715320196388,10.05,
9655727,5,catalog_clean_background,smooth_background_dominant,raw_bls,raw,bls,True,3,6.475947594759476,3.06107503458206,10.05,
9655727,5,catalog_clean_background,smooth_background_dominant,raw_bls,raw,bls,True,4,7.759875987598759,2.2548398462181543,10.05,
9655727,5,catalog_clean_background,smooth_background_dominant,raw_bls,raw,bls,True,5,3.378837883788379,2.1651478294495963,10.05,
9655727,5,catalog_clean_background,smooth_background_dominant,raw_bls,raw,bls,True,6,1.473247324732473,2.0859293707294153,10.05,
9655727,5,catalog_clean_background,smooth_background_dominant,raw_bls,raw,bls,True,7,6.754575457545754,2.0790471011782916,10.05,
9655727,5,catalog_clean_background,smooth_background_dominant,raw_bls,raw,bls,True,8,2.953195319531953,2.0785881834078617,10.05,
9655727,5,catalog_clean_background,smooth_background_dominant,raw_bls,raw,bls,True,9,9.174017401740176,2.071297715806262,10.05,
9655727,5,catalog_clean_background,smooth_background_dominant,raw_bls,raw,bls,True,10,9.669666966696669,1.9573734522159496,10.05,
9655727,5,catalog_clean_background,smooth_background_dominant,raw_tcf,raw,tcf,True,1,9.574457445744574,5.49425885780536,10.0,
9655727,5,catalog_clean_background,smooth_background_dominant,raw_tcf,raw,tcf,True,2,4.647364736473648,5.3876390045081575,8.785714285714285,
9655727,5,catalog_clean_background,smooth_background_dominant,raw_tcf,raw,tcf,True,3,5.474847484748475,5.317120951196984,8.785714285714285,
9655727,5,catalog_clean_background,smooth_background_dominant,raw_tcf,raw,tcf,True,4,7.932093209320932,5.135465749934619,8.785714285714285,
9655727,5,catalog_clean_background,smooth_background_dominant,raw_tcf,raw,tcf,True,5,10.96059605960596,5.102635054080462,7.571428571428571,
9655727,5,catalog_clean_background,smooth_background_dominant,raw_tcf,raw,tcf,True,6,2.7473747374737476,5.048034396327268,10.0,
9655727,5,catalog_clean_background,smooth_background_dominant,raw_tcf,raw,tcf,True,7,5.532253225322532,5.021938073322017,8.785714285714285,
9655727,5,catalog_clean_background,smooth_background_dominant,raw_tcf,raw,tcf,True,8,13.882688268826882,4.919546052048898,10.0,
9655727,5,catalog_clean_background,smooth_background_dominant,raw_tcf,raw,tcf,True,9,7.388838883888389,4.828119643997297,10.0,
9655727,5,catalog_clean_background,smooth_background_dominant,raw_tcf,raw,tcf,True,10,11.866486648664866,4.746633535875581,8.785714285714285,
9655727,5,catalog_clean_background,smooth_background_dominant,arima_bls,arima,bls,True,1,14.983198319831985,2.74141977538083,1.5,
9655727,5,catalog_clean_background,smooth_background_dominant,arima_bls,arima,bls,True,2,10.607760776077608,2.3104751425096497,1.5,
9655727,5,catalog_clean_background,smooth_background_dominant,arima_bls,arima,bls,True,3,11.988298829882988,2.27018300030253,1.5,
9655727,5,catalog_clean_background,smooth_background_dominant,arima_bls,arima,bls,True,4,11.51925192519252,2.2645028200260855,1.5,
9655727,5,catalog_clean_background,smooth_background_dominant,arima_bls,arima,bls,True,5,14.472147214721472,2.0862069395175453,1.5,
9655727,5,catalog_clean_background,smooth_background_dominant,arima_bls,arima,bls,True,6,10.172317231723172,1.919670524397476,1.5,
9655727,5,catalog_clean_background,smooth_background_dominant,arima_bls,arima,bls,True,7,13.675467546754676,1.9123307342778213,1.5,
9655727,5,catalog_clean_background,smooth_background_dominant,arima_bls,arima,bls,True,8,14.01010101010101,1.8175870707162385,1.5,
9655727,5,catalog_clean_background,smooth_background_dominant,arima_bls,arima,bls,True,9,14.736773677367736,1.7990506582751564,1.5,
9655727,5,catalog_clean_background,smooth_background_dominant,arima_bls,arima,bls,True,10,11.05020502050205,1.6516976760932462,1.5,
9655727,5,catalog_clean_background,smooth_background_dominant,arima_tcf,arima,tcf,True,1,6.247724772477247,7.139979749948668,10.0,
9655727,5,catalog_clean_background,smooth_background_dominant,arima_tcf,arima,tcf,True,2,12.164716471647164,7.0833334038481,10.0,
9655727,5,catalog_clean_background,smooth_background_dominant,arima_tcf,arima,tcf,True,3,12.95999599959996,7.020417013858201,6.357142857142858,
9655727,5,catalog_clean_background,smooth_background_dominant,arima_tcf,arima,tcf,True,4,12.664566456645664,6.729580260363402,1.5,
9655727,5,catalog_clean_background,smooth_background_dominant,arima_tcf,arima,tcf,True,5,7.794879487948795,6.6986360651109,7.571428571428571,
9655727,5,catalog_clean_background,smooth_background_dominant,arima_tcf,arima,tcf,True,6,10.736573657365737,6.491420412781383,8.785714285714285,
9655727,5,catalog_clean_background,smooth_background_dominant,arima_tcf,arima,tcf,True,7,5.669466946694669,6.4688642143561035,6.357142857142858,
9655727,5,catalog_clean_background,smooth_background_dominant,arima_tcf,arima,tcf,True,8,14.708770877087709,6.424764484010972,6.357142857142858,
9655727,5,catalog_clean_background,smooth_background_dominant,arima_tcf,arima,tcf,True,9,12.451745174517452,6.4140338834496475,2.7142857142857144,
9655727,5,catalog_clean_background,smooth_background_dominant,arima_tcf,arima,tcf,True,10,10.575557555755577,6.382975018431348,2.7142857142857144,
9655727,5,catalog_clean_background,smooth_background_dominant,kalman_bls,kalman,bls,True,1,10.607760776077608,4.338731745954861,2.7,
9655727,5,catalog_clean_background,smooth_background_dominant,kalman_bls,kalman,bls,True,2,11.517851785178518,3.405286066106109,2.7,
9655727,5,catalog_clean_background,smooth_background_dominant,kalman_bls,kalman,bls,True,3,10.173717371737174,3.0202019682164107,2.7,
9655727,5,catalog_clean_background,smooth_background_dominant,kalman_bls,kalman,bls,True,4,14.397939793979395,2.877673166354969,2.7,
9655727,5,catalog_clean_background,smooth_background_dominant,kalman_bls,kalman,bls,True,5,14.948194819481948,2.8707183295709324,1.5,
9655727,5,catalog_clean_background,smooth_background_dominant,kalman_bls,kalman,bls,True,6,14.602360236023602,2.8094828853891887,2.7,
9655727,5,catalog_clean_background,smooth_background_dominant,kalman_bls,kalman,bls,True,7,12.541354135413542,2.803785445447536,2.7,
9655727,5,catalog_clean_background,smooth_background_dominant,kalman_bls,kalman,bls,True,8,7.302030203020302,2.7480844874389048,2.7,
9655727,5,catalog_clean_background,smooth_background_dominant,kalman_bls,kalman,bls,True,9,9.197819781978197,2.7421797879471534,2.7,
9655727,5,catalog_clean_background,smooth_background_dominant,kalman_bls,kalman,bls,True,10,13.804280428042803,2.7001652321629988,2.7,
9655727,5,catalog_clean_background,smooth_background_dominant,kalman_tcf,kalman,tcf,True,1,8.73997399739974,7.190324395183739,7.571428571428571,
9655727,5,catalog_clean_background,smooth_background_dominant,kalman_tcf,kalman,tcf,True,2,12.164716471647164,7.0552241397315285,10.0,
9655727,5,catalog_clean_background,smooth_background_dominant,kalman_tcf,kalman,tcf,True,3,12.496549654965497,6.789611224758136,10.0,
9655727,5,catalog_clean_background,smooth_background_dominant,kalman_tcf,kalman,tcf,True,4,10.12051205120512,6.501091902848412,7.571428571428571,
9655727,5,catalog_clean_background,smooth_background_dominant,kalman_tcf,kalman,tcf,True,5,13.312831283128313,6.492278350407552,7.571428571428571,
9655727,5,catalog_clean_background,smooth_background_dominant,kalman_tcf,kalman,tcf,True,6,5.442644264426442,6.4884609500019925,10.0,
9655727,5,catalog_clean_background,smooth_background_dominant,kalman_tcf,kalman,tcf,True,7,14.715771577157716,6.461356386915748,6.357142857142858,
9655727,5,catalog_clean_background,smooth_background_dominant,kalman_tcf,kalman,tcf,True,8,6.790979097909791,6.361921911110422,2.7142857142857144,
9655727,5,catalog_clean_background,smooth_background_dominant,kalman_tcf,kalman,tcf,True,9,5.876687668766877,6.295988397343785,8.785714285714285,
9655727,5,catalog_clean_background,smooth_background_dominant,kalman_tcf,kalman,tcf,True,10,11.737673767376736,6.257458741115535,6.357142857142858,
9655727,5,catalog_clean_background,smooth_background_dominant,gp_bls,gp,bls,True,1,1.473247324732473,5.23743638366076,10.05,
9655727,5,catalog_clean_background,smooth_background_dominant,gp_bls,gp,bls,True,2,7.7724772477247726,5.048862634158903,10.05,
9655727,5,catalog_clean_background,smooth_background_dominant,gp_bls,gp,bls,True,3,4.42054205420542,4.5369374940812905,10.05,
9655727,5,catalog_clean_background,smooth_background_dominant,gp_bls,gp,bls,True,4,2.7403740374037406,4.007210991681595,10.05,
9655727,5,catalog_clean_background,smooth_background_dominant,gp_bls,gp,bls,True,5,10.348734873487349,3.645459971295819,10.05,
9655727,5,catalog_clean_background,smooth_background_dominant,gp_bls,gp,bls,True,6,1.3626362636263627,3.0713599714688113,10.05,
9655727,5,catalog_clean_background,smooth_background_dominant,gp_bls,gp,bls,True,7,8.865986598659866,2.829861646726501,10.05,
9655727,5,catalog_clean_background,smooth_background_dominant,gp_bls,gp,bls,True,8,11.642464246424645,2.771774592266625,6.300000000000001,
9655727,5,catalog_clean_background,smooth_background_dominant,gp_bls,gp,bls,True,9,4.640364036403641,2.6955588534943153,10.05,
9655727,5,catalog_clean_background,smooth_background_dominant,gp_bls,gp,bls,True,10,13.692269226922692,2.5136757200388704,10.05,
9655727,5,catalog_clean_background,smooth_background_dominant,gp_tcf,gp,tcf,True,1,8.896789678967895,6.38794514323966,8.785714285714285,
9655727,5,catalog_clean_background,smooth_background_dominant,gp_tcf,gp,tcf,True,2,4.60956095609561,6.327319333845927,10.0,
9655727,5,catalog_clean_background,smooth_background_dominant,gp_tcf,gp,tcf,True,3,2.9433943394339432,6.066089800876042,8.785714285714285,
9655727,5,catalog_clean_background,smooth_background_dominant,gp_tcf,gp,tcf,True,4,11.846884688468847,6.028023174502982,8.785714285714285,
9655727,5,catalog_clean_background,smooth_background_dominant,gp_tcf,gp,tcf,True,5,12.45034503450345,6.008745786908778,10.0,
9655727,5,catalog_clean_background,smooth_background_dominant,gp_tcf,gp,tcf,True,6,5.855685568556855,6.008095367098246,8.785714285714285,
9655727,5,catalog_clean_background,smooth_background_dominant,gp_tcf,gp,tcf,True,7,7.930693069306931,5.995279168428562,8.785714285714285,
9655727,5,catalog_clean_background,smooth_background_dominant,gp_tcf,gp,tcf,True,8,6.461946194619462,5.988834264561927,10.0,
9655727,5,catalog_clean_background,smooth_background_dominant,gp_tcf,gp,tcf,True,9,10.96059605960596,5.973667388502153,7.571428571428571,
9655727,5,catalog_clean_background,smooth_background_dominant,gp_tcf,gp,tcf,True,10,14.257925792579258,5.948579090362754,8.785714285714285,
8939341,5,catalog_clean_background,smooth_background_dominant,raw_bls,raw,bls,True,1,14.78017801780178,4.357006858471048,10.05,
8939341,5,catalog_clean_background,smooth_background_dominant,raw_bls,raw,bls,True,2,10.938193819381938,4.3340319637538425,10.05,
8939341,5,catalog_clean_background,smooth_background_dominant,raw_bls,raw,bls,True,3,10.816381638163817,4.203372941575591,10.05,
8939341,5,catalog_clean_background,smooth_background_dominant,raw_bls,raw,bls,True,4,14.99159915991599,4.148969186656201,10.05,
8939341,5,catalog_clean_background,smooth_background_dominant,raw_bls,raw,bls,True,5,10.681968196819682,4.075101118453591,10.05,
8939341,5,catalog_clean_background,smooth_background_dominant,raw_bls,raw,bls,True,6,14.617761776177618,3.982866158508542,10.05,
8939341,5,catalog_clean_background,smooth_background_dominant,raw_bls,raw,bls,True,7,11.05020502050205,3.892045866535492,10.05,
8939341,5,catalog_clean_background,smooth_background_dominant,raw_bls,raw,bls,True,8,11.191619161916192,3.8278502066690208,10.05,
8939341,5,catalog_clean_background,smooth_background_dominant,raw_bls,raw,bls,True,9,10.518151815181518,3.8007431261755538,10.05,
8939341,5,catalog_clean_background,smooth_background_dominant,raw_bls,raw,bls,True,10,11.306430643064306,3.6728985435510753,10.05,
8939341,5,catalog_clean_background,smooth_background_dominant,raw_tcf,raw,tcf,True,1,10.975997599759976,1.9334674822029811,8.785714285714285,
8939341,5,catalog_clean_background,smooth_background_dominant,raw_tcf,raw,tcf,True,2,14.449744974497449,1.8802716661231544,2.7142857142857144,
8939341,5,catalog_clean_background,smooth_background_dominant,raw_tcf,raw,tcf,True,3,10.38933893389339,1.826596133270304,10.0,
8939341,5,catalog_clean_background,smooth_background_dominant,raw_tcf,raw,tcf,True,4,12.364936493649363,1.8226317552299685,2.7142857142857144,
8939341,5,catalog_clean_background,smooth_background_dominant,raw_tcf,raw,tcf,True,5,12.758375837583758,1.8155384231635787,1.5,
8939341,5,catalog_clean_background,smooth_background_dominant,raw_tcf,raw,tcf,True,6,11.677467746774678,1.8059084022738,6.357142857142858,
8939341,5,catalog_clean_background,smooth_background_dominant,raw_tcf,raw,tcf,True,7,9.815281528152816,1.7468043935195814,10.0,
8939341,5,catalog_clean_background,smooth_background_dominant,raw_tcf,raw,tcf,True,8,4.573157315731573,1.7405218722768914,8.785714285714285,
8939341,5,catalog_clean_background,smooth_background_dominant,raw_tcf,raw,tcf,True,9,5.969096909690969,1.7232342788669104,5.142857142857142,
8939341,5,catalog_clean_background,smooth_background_dominant,raw_tcf,raw,tcf,True,10,4.336533653365336,1.720051852617267,2.7142857142857144,
8939341,5,catalog_clean_background,smooth_background_dominant,arima_bls,arima,bls,True,1,12.422342234223422,4.807910580555776,1.5,
8939341,5,catalog_clean_background,smooth_background_dominant,arima_bls,arima,bls,True,2,14.91039103910391,4.772406582362222,1.5,
8939341,5,catalog_clean_background,smooth_background_dominant,arima_bls,arima,bls,True,3,10.65116511651165,3.8728396390273208,1.5,
8939341,5,catalog_clean_background,smooth_background_dominant,arima_bls,arima,bls,True,4,8.283528352835283,2.9743825918492828,1.5,
8939341,5,catalog_clean_background,smooth_background_dominant,arima_bls,arima,bls,True,5,9.316831683168315,2.721576138818142,1.5,
8939341,5,catalog_clean_background,smooth_background_dominant,arima_bls,arima,bls,True,6,13.055205520552056,2.6376675983431648,1.5,
8939341,5,catalog_clean_background,smooth_background_dominant,arima_bls,arima,bls,True,7,11.394639463946394,2.625292690772117,1.5,
8939341,5,catalog_clean_background,smooth_background_dominant,arima_bls,arima,bls,True,8,6.214121412141214,2.6142162047252744,1.5,
8939341,5,catalog_clean_background,smooth_background_dominant,arima_bls,arima,bls,True,9,11.632663266326633,2.489769690226392,1.5,
8939341,5,catalog_clean_background,smooth_background_dominant,arima_bls,arima,bls,True,10,7.454645464546455,2.478783284145835,1.5,
8939341,5,catalog_clean_background,smooth_background_dominant,arima_tcf,arima,tcf,True,1,10.967596759675969,7.538915232218107,3.928571428571429,
8939341,5,catalog_clean_background,smooth_background_dominant,arima_tcf,arima,tcf,True,2,14.155715571557156,7.26255800351422,10.0,
8939341,5,catalog_clean_background,smooth_background_dominant,arima_tcf,arima,tcf,True,3,13.709070907090709,6.632922706762746,3.928571428571429,
8939341,5,catalog_clean_background,smooth_background_dominant,arima_tcf,arima,tcf,True,4,6.657965796579658,6.588930486298901,1.5,
8939341,5,catalog_clean_background,smooth_background_dominant,arima_tcf,arima,tcf,True,5,12.6015601560156,6.478341501197918,6.357142857142858,
8939341,5,catalog_clean_background,smooth_background_dominant,arima_tcf,arima,tcf,True,6,13.56065606560656,6.476040018859712,8.785714285714285,
8939341,5,catalog_clean_background,smooth_background_dominant,arima_tcf,arima,tcf,True,7,11.509450945094509,6.434133554315035,5.142857142857142,
8939341,5,catalog_clean_background,smooth_background_dominant,arima_tcf,arima,tcf,True,8,5.550455045504551,6.334813766283531,5.142857142857142,
8939341,5,catalog_clean_background,smooth_background_dominant,arima_tcf,arima,tcf,True,9,13.270827082708273,6.235258010762266,1.5,
8939341,5,catalog_clean_background,smooth_background_dominant,arima_tcf,arima,tcf,True,10,13.973697369736971,6.198029537672269,8.785714285714285,
8939341,5,catalog_clean_background,smooth_background_dominant,kalman_bls,kalman,bls,True,1,10.65116511651165,4.1261640760776235,5.1000000000000005,
8939341,5,catalog_clean_background,smooth_background_dominant,kalman_bls,kalman,bls,True,2,12.425142514251425,4.00895582518082,5.1000000000000005,
8939341,5,catalog_clean_background,smooth_background_dominant,kalman_bls,kalman,bls,True,3,14.90899089908991,3.4932762361371843,2.7,
8939341,5,catalog_clean_background,smooth_background_dominant,kalman_bls,kalman,bls,True,4,13.5018501850185,3.244391463244519,5.1000000000000005,
8939341,5,catalog_clean_background,smooth_background_dominant,kalman_bls,kalman,bls,True,5,9.505850585058504,3.2384959251540733,2.7,
8939341,5,catalog_clean_background,smooth_background_dominant,kalman_bls,kalman,bls,True,6,9.316831683168315,3.173211265474721,2.7,
8939341,5,catalog_clean_background,smooth_background_dominant,kalman_bls,kalman,bls,True,7,8.28212821282128,3.1477792620133624,8.850000000000001,
8939341,5,catalog_clean_background,smooth_background_dominant,kalman_bls,kalman,bls,True,8,11.673267326732674,3.110613187864723,2.7,
8939341,5,catalog_clean_background,smooth_background_dominant,kalman_bls,kalman,bls,True,9,6.207120712071207,2.7318029364708116,7.5,
8939341,5,catalog_clean_background,smooth_background_dominant,kalman_bls,kalman,bls,True,10,11.016601660166016,2.7289965599620807,5.1000000000000005,
8939341,5,catalog_clean_background,smooth_background_dominant,kalman_tcf,kalman,tcf,True,1,10.38933893389339,6.722888382990888,10.0,
8939341,5,catalog_clean_background,smooth_background_dominant,kalman_tcf,kalman,tcf,True,2,12.313131313131311,6.526908191764596,3.928571428571429,
8939341,5,catalog_clean_background,smooth_background_dominant,kalman_tcf,kalman,tcf,True,3,9.633263326332631,6.416852435802664,6.357142857142858,
8939341,5,catalog_clean_background,smooth_background_dominant,kalman_tcf,kalman,tcf,True,4,12.758375837583758,6.400104244714626,1.5,
8939341,5,catalog_clean_background,smooth_background_dominant,kalman_tcf,kalman,tcf,True,5,13.98069806980698,6.32621407638992,2.7142857142857144,
8939341,5,catalog_clean_background,smooth_background_dominant,kalman_tcf,kalman,tcf,True,6,4.007500750075007,6.313363478150372,7.571428571428571,
8939341,5,catalog_clean_background,smooth_background_dominant,kalman_tcf,kalman,tcf,True,7,14.449744974497449,6.277939645391837,2.7142857142857144,
8939341,5,catalog_clean_background,smooth_background_dominant,kalman_tcf,kalman,tcf,True,8,12.6015601560156,6.272425926697544,6.357142857142858,
8939341,5,catalog_clean_background,smooth_background_dominant,kalman_tcf,kalman,tcf,True,9,10.567156715671567,6.188297147696127,8.785714285714285,
8939341,5,catalog_clean_background,smooth_background_dominant,kalman_tcf,kalman,tcf,True,10,9.89088908890889,6.126739134391174,3.928571428571429,
8939341,5,catalog_clean_background,smooth_background_dominant,gp_bls,gp,bls,True,1,14.77037703770377,3.4222314879112496,10.05,
8939341,5,catalog_clean_background,smooth_background_dominant,gp_bls,gp,bls,True,2,14.588358835883588,2.9872451625369822,10.05,
8939341,5,catalog_clean_background,smooth_background_dominant,gp_bls,gp,bls,True,3,7.08080808080808,2.914866516797313,8.850000000000001,
8939341,5,catalog_clean_background,smooth_background_dominant,gp_bls,gp,bls,True,4,9.748074807480748,2.5527803426212503,10.05,
8939341,5,catalog_clean_background,smooth_background_dominant,gp_bls,gp,bls,True,5,13.177017701770176,2.300405598499363,7.5,
8939341,5,catalog_clean_background,smooth_background_dominant,gp_bls,gp,bls,True,6,12.992199219921991,2.281031964794666,3.9,
8939341,5,catalog_clean_background,smooth_background_dominant,gp_bls,gp,bls,True,7,6.582358235823582,2.244376223357581,5.1000000000000005,
8939341,5,catalog_clean_background,smooth_background_dominant,gp_bls,gp,bls,True,8,12.591759175917591,2.1648337842032643,5.1000000000000005,
8939341,5,catalog_clean_background,smooth_background_dominant,gp_bls,gp,bls,True,9,7.232023202320232,1.9293373125703108,10.05,
8939341,5,catalog_clean_background,smooth_background_dominant,gp_bls,gp,bls,True,10,11.897289728972895,1.846857278606369,2.7,
8939341,5,catalog_clean_background,smooth_background_dominant,gp_tcf,gp,tcf,True,1,9.853085308530853,6.227553534566695,7.571428571428571,
8939341,5,catalog_clean_background,smooth_background_dominant,gp_tcf,gp,tcf,True,2,12.364936493649363,6.137310512100933,2.7142857142857144,
8939341,5,catalog_clean_background,smooth_background_dominant,gp_tcf,gp,tcf,True,3,14.448344834483448,6.038656934013814,2.7142857142857144,
8939341,5,catalog_clean_background,smooth_background_dominant,gp_tcf,gp,tcf,True,4,12.758375837583758,6.030136358205134,1.5,
8939341,5,catalog_clean_background,smooth_background_dominant,gp_tcf,gp,tcf,True,5,9.633263326332631,5.956870733611148,6.357142857142858,
8939341,5,catalog_clean_background,smooth_background_dominant,gp_tcf,gp,tcf,True,6,11.677467746774678,5.926856927375236,6.357142857142858,
8939341,5,catalog_clean_background,smooth_background_dominant,gp_tcf,gp,tcf,True,7,4.336533653365336,5.858533460002858,2.7142857142857144,
8939341,5,catalog_clean_background,smooth_background_dominant,gp_tcf,gp,tcf,True,8,5.969096909690969,5.843852532373621,5.142857142857142,
8939341,5,catalog_clean_background,smooth_background_dominant,gp_tcf,gp,tcf,True,9,9.361636163616362,5.843364034087655,6.357142857142858,
8939341,5,catalog_clean_background,smooth_background_dominant,gp_tcf,gp,tcf,True,10,13.184018401840184,5.829274299005928,6.357142857142858,
