target_id,quarter,selection_group,case_index,injected_period_days,injected_epoch_days,epoch_phase_fraction,injected_duration_hours,injected_depth,in_transit_observation_count,observed_depth_before_model,local_snr_before_model,raw_residual_depth,raw_local_snr,raw_depth_retention_fraction,raw_snr_retention_fraction,raw_residual_std,raw_residual_acf1,arima_model_runtime_seconds,arima_converged,arima_residual_depth,arima_local_snr,arima_depth_retention_fraction,arima_snr_retention_fraction,arima_residual_std,arima_residual_acf1,kalman_model_runtime_seconds,kalman_converged,kalman_log_likelihood,kalman_process_variance,kalman_measurement_variance,kalman_residual_depth,kalman_local_snr,kalman_depth_retention_fraction,kalman_snr_retention_fraction,kalman_residual_std,kalman_residual_acf1,gp_model_runtime_seconds,gp_converged,gp_log_marginal_likelihood,gp_training_point_count,gp_length_scale_days,gp_measurement_noise_variance,gp_residual_depth,gp_local_snr,gp_depth_retention_fraction,gp_snr_retention_fraction,gp_residual_std,gp_residual_acf1,raw_bls_success,raw_bls_runtime_seconds,raw_bls_recovered_period_days,raw_bls_period_error_fraction,raw_bls_exact_period_error_fraction,raw_bls_harmonic_rank1_matched,raw_bls_exact_rank1_matched,raw_bls_exact_rank_topk,raw_bls_half_period_rank_topk,raw_bls_double_period_rank_topk,raw_bls_top_periods_json,raw_bls_score,raw_bls_power,raw_bls_duration_hours,raw_bls_transit_time,raw_bls_depth,raw_bls_top_scores_json,raw_bls_error,arima_tcf_success,arima_tcf_runtime_seconds,arima_tcf_recovered_period_days,arima_tcf_period_error_fraction,arima_tcf_exact_period_error_fraction,arima_tcf_harmonic_rank1_matched,arima_tcf_exact_rank1_matched,arima_tcf_exact_rank_topk,arima_tcf_half_period_rank_topk,arima_tcf_double_period_rank_topk,arima_tcf_top_periods_json,arima_tcf_score,arima_tcf_raw_pooled_score,arima_tcf_duration_hours,arima_tcf_epoch_days,arima_tcf_valid_transit_events,arima_tcf_positive_event_fraction,arima_tcf_top_scores_json,arima_tcf_error,kalman_bls_success,kalman_bls_runtime_seconds,kalman_bls_recovered_period_days,kalman_bls_period_error_fraction,kalman_bls_exact_period_error_fraction,kalman_bls_harmonic_rank1_matched,kalman_bls_exact_rank1_matched,kalman_bls_exact_rank_topk,kalman_bls_half_period_rank_topk,kalman_bls_double_period_rank_topk,kalman_bls_top_periods_json,kalman_bls_score,kalman_bls_power,kalman_bls_duration_hours,kalman_bls_transit_time,kalman_bls_depth,kalman_bls_top_scores_json,kalman_bls_error,kalman_tcf_success,kalman_tcf_runtime_seconds,kalman_tcf_recovered_period_days,kalman_tcf_period_error_fraction,kalman_tcf_exact_period_error_fraction,kalman_tcf_harmonic_rank1_matched,kalman_tcf_exact_rank1_matched,kalman_tcf_exact_rank_topk,kalman_tcf_half_period_rank_topk,kalman_tcf_double_period_rank_topk,kalman_tcf_top_periods_json,kalman_tcf_score,kalman_tcf_raw_pooled_score,kalman_tcf_duration_hours,kalman_tcf_epoch_days,kalman_tcf_valid_transit_events,kalman_tcf_positive_event_fraction,kalman_tcf_top_scores_json,kalman_tcf_error,gp_bls_success,gp_bls_runtime_seconds,gp_bls_recovered_period_days,gp_bls_period_error_fraction,gp_bls_exact_period_error_fraction,gp_bls_harmonic_rank1_matched,gp_bls_exact_rank1_matched,gp_bls_exact_rank_topk,gp_bls_half_period_rank_topk,gp_bls_double_period_rank_topk,gp_bls_top_periods_json,gp_bls_score,gp_bls_power,gp_bls_duration_hours,gp_bls_transit_time,gp_bls_depth,gp_bls_top_scores_json,gp_bls_error,gp_tcf_success,gp_tcf_runtime_seconds,gp_tcf_recovered_period_days,gp_tcf_period_error_fraction,gp_tcf_exact_period_error_fraction,gp_tcf_harmonic_rank1_matched,gp_tcf_exact_rank1_matched,gp_tcf_exact_rank_topk,gp_tcf_half_period_rank_topk,gp_tcf_double_period_rank_topk,gp_tcf_top_periods_json,gp_tcf_score,gp_tcf_raw_pooled_score,gp_tcf_duration_hours,gp_tcf_epoch_days,gp_tcf_valid_transit_events,gp_tcf_positive_event_fraction,gp_tcf_top_scores_json,gp_tcf_error
2581554,5,confirmed_planet_host,0,2.0,444.4103552597357,0.45,2.0,0.0005,188,0.0004936045758058,0.7808587498379134,0.0004936045758058,0.7808587498379134,1.0,1.0,0.0078723021585712,0.9995188178213836,0.0228125830180943,True,5.013241509389089e-05,3.193536983153913,0.1015639188758488,4.089775498855345,0.0002616046693957,-0.0507552262245679,1.163017291110009,True,30912.85787352559,5.985644602655936e-08,7.696579830866652e-13,7.725353934890657e-05,4.831571528152574,0.1565089610905395,6.187510262458463,0.0002639060496089,0.1017139210666423,0.3578151250258088,True,2226.941291061955,512,1.4888950095803437,1.5232656114156066e-05,0.0003619417504051,6.015564431099512,0.7332625509280198,7.703780526693453,0.0008387015490358,0.9718504973801289,True,0.148115708027035,7.642880960320107,0.9107202400800268,2.8214404801600534,False,False,,,,"[7.642880960320107, 7.540180060020007, 7.437479159719907, 7.848282760920307, 7.927642547515839]",8.69369061489938,0.1937795249119051,9.9,445.3666052597357,0.0127082877418538,"[8.69369061489938, 7.937819160739743, 5.833244295720056, 5.150813022400046, 4.701619150872329]",,True,17.11289250012487,1.0,0.0,0.5,True,False,,1.0,3.0,"[1.0, 5.999666555518506, 3.996998999666556, 10.000333444481495, 12.003001000333445]",8.767265262748111,7.9130284019534765,7.571428571428571,443.535466424671,89,0.7415730337078652,"[8.767265262748111, 7.800977664909462, 7.159007281716678, 6.742385880417846, 6.51842656343423]",,True,0.1508016251027584,7.540180060020007,0.8850450150050018,2.7700900300100035,False,False,,,,"[7.540180060020007, 7.6242080693564525, 7.456152050683562, 7.768922974324775, 7.848282760920307]",5.900637605046648,0.0032140592224321,9.9,444.4916052597357,0.0002021182684381,"[5.900637605046648, 5.341434372763298, 5.217540999894312, 4.707459389035468, 4.480438455708885]",,True,14.35752383293584,1.0,0.0,0.5,True,False,,1.0,3.0,"[1.0, 5.999666555518506, 3.996998999666556, 10.000333444481495, 12.003001000333445]",8.884439909199546,7.605063289969681,7.571428571428571,443.5354402937493,91,0.7472527472527473,"[8.884439909199546, 7.586212878893106, 7.546979739322581, 6.633129067126441, 6.370309235029914]",,True,0.1473435419611632,2.582527509169723,0.2912637545848615,0.2912637545848615,False,False,,,,"[2.582527509169723, 7.670890296765589, 2.6292097365788596, 7.754918306102034, 5.168722907635879]",8.59250059445916,0.0208762866989262,9.9,445.3416052597357,0.0008539603763376,"[8.59250059445916, 7.258771397991923, 6.704513435844721, 6.422922308856211, 5.48254562519749]",,True,12.414895083988084,7.740913637879293,0.9352284094698232,2.8704568189396467,False,False,,,,"[7.740913637879293, 2.666555518506169, 7.857619206402134, 2.5638546182060686, 10.523174391463822]",4.614329256957459,3.3044078976090248,10.0,446.1594252150388,12,1.0,"[4.614329256957459, 4.583995116651772, 4.494805340519242, 4.440808741236792, 3.8748086798814176]",
2581554,5,confirmed_planet_host,1,2.0,444.4103552597357,0.45,2.0,0.001,188,0.0009936045758058,1.5718347538216004,0.0009936045758058,1.5718347538216004,1.0,1.0,0.0078740218822584,0.9993941497677404,0.0202788328751921,True,5.013241509389083e-05,3.19569176806407,0.0504550968409467,2.0330965200345568,0.0002902732865786,-0.0686584662491987,0.9906318329740316,True,30400.22919078657,7.516654024226847e-08,1.6061966506155474e-12,8.396242041150908e-05,5.24711951612896,0.0845028519956385,3.338213195357618,0.0002917211175793,0.0774317271922902,0.3018534160219133,True,2226.4612564114386,512,1.4891326842760275,1.5232656114156066e-05,0.0008751400377142,14.629331880380011,0.8807729543762824,9.30716911864414,0.0008534263026824,0.962172302218657,True,0.1455276659689843,7.642880960320107,0.9107202400800268,2.8214404801600534,False,False,,,,"[7.642880960320107, 7.540180060020007, 7.437479159719907, 7.848282760920307, 15.0]",8.727280317738169,0.1937365886896812,9.9,445.3666052597357,0.0127054719342146,"[8.727280317738169, 7.969781070898167, 5.857535765848378, 5.173940755048415, 4.726118963658405]",,True,18.491075832862407,1.0,0.0,0.5,True,False,,1.0,3.0,"[1.0, 5.999666555518506, 4.00166722240747, 10.000333444481495, 7.997665888629544]",16.387117510720547,14.85013831154036,5.142857142857142,444.4848711865758,91,0.6813186813186813,"[16.387117510720547, 14.31612540225623, 14.03584060317809, 11.630842528070822, 11.261708651840053]",,True,0.1549574160017073,1.9989996665555188,0.0005001667222406,0.0005001667222406,True,True,1.0,,4.0,"[1.9989996665555188, 7.507502500833612, 7.591530510170057, 4.00166722240747, 7.42814271423808]",7.569864244223329,0.00398385778609,1.5,444.4041052597357,0.0003432663571574,"[7.569864244223329, 5.82309172083565, 5.208371535597181, 4.850827781632699, 4.633201711329452]",,True,14.121617375174536,4.00166722240747,0.0004168056018674,1.0008336112037348,True,False,,2.0,1.0,"[4.00166722240747, 1.0, 5.999666555518506, 7.997665888629544, 10.000333444481495]",14.8575616691134,12.518324458373865,1.5,446.41014732477777,23,0.8695652173913043,"[14.8575616691134, 14.126425964416942, 13.944830158845267, 11.506875106447398, 11.400403259921774]",,True,0.1379062079358846,2.582527509169723,0.2912637545848615,0.2912637545848615,False,False,,,,"[2.582527509169723, 7.670890296765589, 2.624541513837946, 7.750250083361121, 5.168722907635879]",8.815383102375076,0.0209241752674006,9.9,445.3416052597357,0.0008559192946331,"[8.815383102375076, 7.464361658558469, 6.843334752315534, 6.531123406116614, 5.569463234447205]",,True,12.734334792010486,7.745581860620208,0.936395465155052,2.872790930310104,False,False,,3.0,5.0,"[7.745581860620208, 2.5731910636878963, 1.0, 2.666555518506169, 4.00166722240747]",4.688113860311921,3.313254154918027,10.0,446.1404602302286,12,1.0,"[4.688113860311921, 4.6430576147493925, 4.589794348263802, 4.552549792060986, 4.453032951642358]",
2581554,5,confirmed_planet_host,2,2.0,444.4103552597357,0.45,4.0,0.0005,372,0.0004936045758058,1.105971466515485,0.0004936045758058,1.105971466515485,1.0,1.0,0.0078727833844322,0.9995236774960392,0.0191462081857025,True,3.612132498807992e-05,3.2632778689421564,0.073178667213752,2.9505986074157606,0.0002600156428848,-0.0380781851714092,1.1851731250062585,True,30934.95301014381,5.9270111361437336e-08,7.70676699496759e-13,5.457539220029032e-05,4.801313677775346,0.1105650046116245,4.341263606829337,0.0002628362254823,0.1138008923765121,0.2872530829627067,True,2226.839299992803,512,1.4890356702465086,1.5232656114156066e-05,0.0003842313643055,8.992629161452923,0.7784193727910459,8.130977546631865,0.0008397223908558,0.9723547306089072,True,0.1485952499788254,7.642880960320107,0.9107202400800268,2.8214404801600534,False,False,,,,"[7.642880960320107, 7.540180060020007, 7.437479159719907, 7.848282760920307, 7.927642547515839]",8.701019673818717,0.1938421530276723,9.9,445.3666052597357,0.0127123949668883,"[8.701019673818717, 7.9445487843689255, 5.836612919190348, 5.153762543908208, 4.700815142702838]",,True,20.437215375015512,1.0,0.0,0.5,True,False,,1.0,,"[1.0, 5.999666555518506, 13.99633211070357, 10.000333444481495, 12.003001000333445]",15.617681348437712,14.649011852410046,3.928571428571429,444.4187572409975,90,0.8,"[15.617681348437713, 10.878143061935019, 8.463976650344934, 8.256026038295406, 8.232739607978473]",,True,0.2737337078433484,7.498166055351785,0.8745415138379462,2.7490830276758924,False,False,,,,"[7.498166055351785, 7.577525841947316, 7.773591197065689, 7.418806268756253, 7.689563187729243]",5.6828863853824565,0.0032543418307247,9.9,444.79160525973566,0.0002094607416132,"[5.6828863853824565, 5.375775805976743, 4.509074497259273, 4.41557294231739, 4.327181065425541]",,True,15.412317666923627,1.0,0.0,0.5,True,False,,1.0,,"[1.0, 5.999666555518506, 9.001333777925977, 14.001000333444482, 10.000333444481495]",15.806194522128449,14.30194040781018,3.928571428571429,444.4187311100758,91,0.7912087912087912,"[15.806194522128447, 10.52756197467891, 8.253157416364326, 8.148307743614565, 8.145292661107227]",,True,0.1490736249834299,2.582527509169723,0.2912637545848615,0.2912637545848615,False,False,,,,"[2.582527509169723, 7.670890296765589, 2.6292097365788596, 7.754918306102034, 5.168722907635879]",8.67438753592896,0.0208447791270572,9.9,445.3416052597357,0.0008526715351601,"[8.67438753592896, 7.30385936292326, 6.748623358355973, 6.416194090350573, 5.512868162822531]",,True,12.964520167093724,2.5638546182060686,0.2819273091030343,0.2819273091030343,False,False,,,,"[2.5638546182060686, 7.806268756252084, 2.666555518506169, 7.885628542847616, 7.722240746915639]",4.6822874794181715,3.6750547765037487,10.0,443.6058789898679,35,0.8571428571428571,"[4.6822874794181715, 4.681962087538698, 4.602114232353626, 4.399421429310811, 4.257746689234814]",
2581554,5,confirmed_planet_host,3,2.0,444.4103552597357,0.45,4.0,0.001,372,0.0009936045758058,2.226272534136206,0.0009936045758058,2.226272534136206,1.0,1.0,0.0078761238331049,0.9994040756014284,0.0214763327967375,True,3.124773603042214e-05,2.812629362944745,0.0314488648616375,1.2633805249886196,0.0002874036253972,-0.0486426234937413,1.1916819161269814,True,30435.497380842207,7.405633272369702e-08,7.674327909337517e-13,5.5971472779065825e-05,4.915062870265295,0.0563317381400665,2.2077543494342837,0.0002897534728776,0.0965963532337712,0.3047694580163806,True,2224.906565627257,512,1.4903105261126113,1.5313235581191413e-05,0.0008878620420788,20.63108527168134,0.8935768450530396,9.267097785800155,0.0008672704187785,0.9641871778547144,True,0.1392937919590622,7.642880960320107,0.9107202400800268,2.8214404801600534,False,False,,,,"[7.642880960320107, 7.540180060020007, 7.437479159719907, 7.848282760920307, 15.0]",8.898146968511305,0.1938618449212152,9.9,445.3666052597357,0.0127136863842836,"[8.898146968511305, 8.125641715244921, 5.968094694911027, 5.271207197074788, 4.819409049145365]",,True,16.673924250062555,4.00166722240747,0.0004168056018674,1.0008336112037348,True,False,,4.0,1.0,"[4.00166722240747, 5.999666555518506, 8.002334111370457, 1.0, 9.001333777925977]",24.76902124956882,15.789415152571827,3.928571428571429,446.3995101790517,23,0.7391304347826086,"[24.76902124956882, 23.777339931661665, 20.89902019711371, 19.26872274655801, 18.266860613479828]",,True,0.237749540945515,1.9989996665555188,0.0005001667222406,0.0005001667222406,True,True,1.0,5.0,2.0,"[1.9989996665555188, 4.00166722240747, 7.498166055351785, 7.577525841947316, 1.0]",6.266837833792804,0.0037178301985308,1.5,444.3666052597357,0.0003203442736423,"[6.266837833792804, 5.704612902235793, 5.387695548599971, 4.943516936609701, 4.509092152754869]",,True,14.772838165983558,4.00166722240747,0.0004168056018674,1.0008336112037348,True,False,,4.0,1.0,"[4.00166722240747, 5.999666555518506, 8.002334111370457, 1.0, 9.001333777925977]",24.31950841542126,16.066087279802243,3.928571428571429,446.3994925543667,23,0.7391304347826086,"[24.31950841542126, 23.253269170421074, 20.677365938829748, 19.47639651412472, 18.80646804161506]",,True,0.1411774579901248,2.582527509169723,0.2912637545848615,0.2912637545848615,False,False,,,,"[2.582527509169723, 7.670890296765589, 2.624541513837946, 7.750250083361121, 5.168722907635879]",8.13299646981729,0.0208920448820437,9.9,445.3416052597357,0.0008546049767965,"[8.13299646981729, 6.8532383673996105, 6.276648647977692, 5.907792144755835, 5.0943240187320225]",,True,13.372791332891213,1.9989996665555188,0.0005001667222406,0.0005001667222406,True,True,1.0,2.0,4.0,"[1.9989996665555188, 1.0, 2.5731910636878963, 4.006335445148383, 8.007002334111371]",5.710920696464584,5.173462581927327,2.7142857142857144,444.4746119110457,46,0.9782608695652174,"[5.7109206964645844, 4.942617994126849, 4.901295709711574, 4.658911916171073, 4.654198171311822]",
2581554,5,confirmed_planet_host,4,5.0,445.76035525973566,0.45,2.0,0.0005,71,0.0001697635507023,0.1631957885658374,0.0001697635507023,0.1631957885658374,1.0,1.0,0.0078720843841065,0.9995463876244488,0.022221874911338,True,6.727462233576949e-05,2.658644537001636,0.3962842557040933,16.29113447329598,0.0002549399325006,-0.0419315277933995,1.276562083978206,True,31041.510320241716,5.651961058872539e-08,7.615525657351421e-13,6.915228793339832e-05,2.688056569708919,0.4073447312293777,16.471359912725244,0.0002575460222539,0.1122410323962329,0.3210533747915178,True,2233.857940247278,512,1.4847683603020188,1.4748493231706509e-05,0.0004312291026463,4.498895119572708,2.5401748541561053,27.567470699513407,0.0008277385113626,0.9736363452117068,True,0.1397313750348985,7.642880960320107,0.2357119039679893,0.5285761920640214,False,False,,,,"[7.642880960320107, 7.540180060020007, 7.437479159719907, 7.848282760920307, 15.0]",8.722063248856568,0.1938259550929686,9.9,445.3666052597357,0.0127113326873976,"[8.722063248856568, 7.969206356078147, 5.848819384810525, 5.158114700593186, 4.72151062535717]",,True,17.171248957980424,5.000666888962988,0.0001333777925976,0.0001333777925976,True,True,1.0,,,"[5.000666888962988, 15.0, 13.156052017339114, 4.883961320440147, 9.169389796598868]",7.541633319439237,7.21000113628847,10.0,445.6067188886442,18,0.8888888888888888,"[7.541633319439237, 6.246054414774379, 5.33741176531909, 5.2435276864917695, 5.219822479481868]",,True,0.1444124579429626,7.540180060020007,0.2459819939979993,0.5080360120040014,False,False,,,,"[7.540180060020007, 7.6242080693564525, 7.446815605201734, 7.764254751583862, 7.843614538179394]",6.1796197619117015,0.0032139557526857,9.9,444.4916052597357,0.0002021117616738,"[6.1796197619117015, 5.599667583540779, 5.299066485374324, 4.914854109002484, 4.584388137365136]",,True,14.977085458813235,5.000666888962988,0.0001333777925976,0.0001333777925976,True,True,1.0,,2.0,"[5.000666888962988, 10.000333444481495, 15.0, 12.866622207402468, 7.498166055351785]",7.609135376422245,7.005732562089508,10.0,445.6066954797182,18,0.8888888888888888,"[7.609135376422245, 6.721633690549122, 5.935474256664223, 5.560706560491359, 5.169313244715821]",,True,0.1407627081498503,2.582527509169723,0.0330110036678892,0.4834944981660554,False,False,,,,"[2.582527509169723, 7.670890296765589, 2.6292097365788596, 7.754918306102034, 5.164054684894965]",8.465097741500411,0.0207490780465701,9.9,445.3666052597357,0.0008492427126664,"[8.465097741500411, 7.052659931439207, 6.594323812987517, 6.440317174864142, 5.477121320189682]",,True,12.327828249894084,2.5685228409469825,0.0274091363787929,0.4862954318106035,False,False,,,,"[2.5685228409469825, 7.857619206402134, 7.759586528842948, 2.596532177392464, 2.6292097365788596]",4.71444407435638,4.260235130057282,10.0,443.6677258382883,34,0.9117647058823528,"[4.71444407435638, 4.583935942173541, 4.206141358934423, 4.124924781482589, 4.051783140499134]",
2581554,5,confirmed_planet_host,5,5.0,445.76035525973566,0.45,2.0,0.001,71,0.0006697635507023,0.6438519361624462,0.0006697635507023,0.6438519361624462,1.0,1.0,0.0078728059001119,0.9995010323699854,0.0222219580318778,True,5.413448701924173e-05,2.1394973377171547,0.080826266168818,3.3229648270830885,0.0002665325831231,-0.0493947876182208,1.2965472920332104,True,30824.692919500347,6.225735159797502e-08,7.655496302304653e-13,8.046679375445795e-05,3.127879157584214,0.1201420914441742,4.858072146567311,0.0002688125593055,0.101748130985019,0.3129917921032756,True,2233.6901765210505,512,1.4841732146543722,1.4748493231706509e-05,0.0009302973959847,9.772950900170551,1.388993765052139,15.178879415072226,0.0008347301849435,0.9700361948508704,True,0.139289875049144,7.642880960320107,0.2357119039679893,0.5285761920640214,False,False,,,,"[7.642880960320107, 7.540180060020007, 7.437479159719907, 7.848282760920307, 7.927642547515839]",8.692941369009121,0.1938294490518078,9.9,445.3666052597357,0.0127115618253022,"[8.692941369009121, 7.948814030936803, 5.825534470210904, 5.132081405620572, 4.703500691991789]",,True,16.441894041839987,5.000666888962988,0.0001333777925976,0.0001333777925976,True,True,1.0,,2.0,"[5.000666888962988, 10.000333444481495, 15.0, 12.49783261087029, 14.752584194731579]",14.515609513646814,12.927463800099185,10.0,445.6067188886442,18,0.8888888888888888,"[14.515609513646814, 12.497594375632431, 10.26929261514416, 7.624192295913856, 7.156791490546035]",,True,0.1429520000237971,7.540180060020007,0.2459819939979993,0.5080360120040014,False,False,,,,"[7.540180060020007, 7.6242080693564525, 7.446815605201734, 7.7829276425475165, 7.89029676558853]",6.163390144243731,0.0032140576342731,9.9,444.4916052597357,0.0002021181685657,"[6.163390144243731, 5.578362561600735, 5.275124067078543, 5.039069033064134, 4.381945999317841]",,True,17.088735374854878,5.000666888962988,0.0001333777925976,0.0001333777925976,True,True,1.0,,2.0,"[5.000666888962988, 10.000333444481495, 15.0, 12.49783261087029, 14.752584194731579]",14.4632732261909,12.716028108491368,10.0,445.6066954797182,18,0.8888888888888888,"[14.4632732261909, 11.565228170565458, 9.88924107067409, 8.276454388400936, 6.580555624094706]",,True,0.1510602908674627,2.582527509169723,0.0330110036678892,0.4834944981660554,False,False,,,,"[2.582527509169723, 7.661553851283762, 2.624541513837946, 7.745581860620208, 5.164054684894965]",8.554530952428346,0.0208720216969222,9.9,445.4041052597357,0.0008513592619178,"[8.554530952428346, 7.1329652231491, 6.610754387337181, 6.581912654306833, 5.541182089929155]",,True,13.331833250122145,2.5685228409469825,0.0274091363787929,0.4862954318106035,False,False,3.0,,,"[2.5685228409469825, 7.857619206402134, 4.995998666222075, 2.6292097365788596, 7.759586528842948]",4.635119828072261,4.299448294787841,10.0,443.6677258382883,34,0.9117647058823528,"[4.635119828072261, 4.497100625130041, 4.420929218270339, 4.2575840333942905, 4.2190339467168965]",
2581554,5,confirmed_planet_host,6,5.0,445.76035525973566,0.45,4.0,0.0005,143,-1.4114584916014462e-05,-0.0191888076439825,-1.4114584916014462e-05,-0.0191888076439825,1.0,1.0,0.0078719931315419,0.9995454269730404,0.0307291247881948,True,-4.9290833224269546e-08,-0.0027767661098416,0.0034921914826091,0.144707590036864,0.0002548118021481,-0.0404255269334388,1.6071969170589,True,31039.54823616154,5.6569292940444736e-08,7.596280744819804e-13,1.3021913394852588e-05,0.717651380181005,-0.9225856426056056,-37.399477523349645,0.0002575526108476,0.1138638092211654,0.4315755420830101,True,2233.346182301354,512,1.4853171266366345,1.4783847454211836e-05,0.0003814234496405,5.6293242540585195,-27.02335576357119,-293.3649843440809,0.0008307603027321,0.9737410485038792,True,0.1566796670667827,7.642880960320107,0.2357119039679893,0.5285761920640214,False,False,,,,"[7.642880960320107, 7.540180060020007, 7.437479159719907, 7.848282760920307, 7.927642547515839]",8.70899843857559,0.1938276509056266,9.9,445.3666052597357,0.0127114439007739,"[8.70899843857559, 7.9619559968520575, 5.8352283125479145, 5.142299100735804, 4.7130150151626236]",,True,17.786517458036542,5.000666888962988,0.0001333777925976,0.0001333777925976,True,True,1.0,,,"[5.000666888962988, 15.0, 7.498166055351785, 12.49783261087029, 12.143047682560855]",9.889245722481942,9.852386123252682,3.928571428571429,445.7659831870611,16,1.0,"[9.889245722481942, 8.510996133893205, 6.026905696177589, 5.552734854234484, 4.8509727109422816]",,True,0.1440704159904271,7.540180060020007,0.2459819939979993,0.5080360120040014,False,False,,,,"[7.540180060020007, 7.6242080693564525, 7.446815605201734, 7.792264088029343, 7.880960320106703]",6.123884661393167,0.0032140608323522,9.9,444.4916052597357,0.000202118369679,"[6.123884661393167, 5.548145566304196, 5.249721249577151, 4.905587195635288, 4.345569743164731]",,True,20.78992879204452,5.000666888962988,0.0001333777925976,0.0001333777925976,True,True,1.0,,,"[5.000666888962988, 15.0, 14.757252417472492, 7.498166055351785, 12.49783261087029]",9.865333394176982,9.819767031793983,3.928571428571429,445.7659597781352,16,1.0,"[9.865333394176982, 8.256456452377348, 6.60087811044555, 5.933092947170228, 5.375114181151932]",,True,0.1429957910440862,2.582527509169723,0.0330110036678892,0.4834944981660554,False,False,,,,"[2.582527509169723, 7.670890296765589, 2.6292097365788596, 7.754918306102034, 5.164054684894965]",8.858093000160894,0.0208691582944608,9.9,445.4041052597357,0.0008512424651723,"[8.858093000160894, 7.330828858444795, 6.880309604209726, 6.6969687578929795, 5.7894088042168725]",,True,14.030105208978055,2.5685228409469825,0.0274091363787929,0.4862954318106035,False,False,,,,"[2.5685228409469825, 7.857619206402134, 7.759586528842948, 2.6292097365788596, 10.523174391463822]",4.705485666526789,4.241509750016016,10.0,443.6677258382883,34,0.9117647058823528,"[4.705485666526789, 4.564664673408263, 4.18976458731906, 4.1544376003617876, 3.875226358464737]",
2581554,5,confirmed_planet_host,7,5.0,445.76035525973566,0.45,4.0,0.001,143,0.0004858854150839,0.6605622356265445,0.0004858854150839,0.6605622356265445,1.0,1.0,0.0078731088658601,0.9994991707089814,0.0241260828915983,True,3.7161221042416107e-08,0.0020918164682251,7.648144992372897e-05,0.0031667212495747,0.0002662866543103,-0.0467856742500233,0.9640223749447614,True,30821.13078076721,6.235625901847157e-08,7.635297046129292e-13,2.387031227451045e-05,1.3147884541962958,0.049127451727244,1.9904081451904627,0.0002687641681035,0.1046697657637056,0.3033729589078575,True,2233.0557125695886,512,1.4855102210603306,1.4783847454211836e-05,0.000836393394589,12.31962736844588,1.7213799151482874,18.650214474886972,0.0008439471972559,0.9705192481822976,True,0.1473914170637726,7.642880960320107,0.2357119039679893,0.5285761920640214,False,False,,,,"[7.642880960320107, 7.540180060020007, 7.437479159719907, 7.806268756252084, 7.885628542847616]",8.645334052417766,0.1938328406771252,9.9,445.3666052597357,0.0127117842520548,"[8.645334052417766, 7.915074378943115, 5.785884055875634, 5.733560784910687, 4.80035808725179]",,True,19.101139083970335,5.000666888962988,0.0001333777925976,0.0001333777925976,True,True,1.0,,2.0,"[5.000666888962988, 10.000333444481495, 15.0, 12.49783261087029, 7.498166055351785]",23.07322278078238,20.8244341120419,3.928571428571429,445.7659831870611,16,1.0,"[23.07322278078238, 18.78397149686679, 16.577738591225327, 13.815226730757574, 11.730929966497596]",,True,0.1714690839871764,7.540180060020007,0.2459819939979993,0.5080360120040014,False,False,,,,"[7.540180060020007, 7.6242080693564525, 7.446815605201734, 7.792264088029343, 7.880960320106703]",6.04884561781518,0.003214097342113,9.9,444.4916052597357,0.0002021206656198,"[6.04884561781518, 5.472282025190594, 5.173428062712007, 5.017125247107076, 4.35930438219941]",,True,19.05635033291765,5.000666888962988,0.0001333777925976,0.0001333777925976,True,True,1.0,,2.0,"[5.000666888962988, 10.000333444481495, 15.0, 12.49783261087029, 7.498166055351785]",22.74758120149824,20.681693934709344,3.928571428571429,445.7659597781352,16,1.0,"[22.747581201498242, 18.229559819816316, 16.134108601740806, 13.467335640003105, 11.502958556748595]",,True,0.1452815420925617,2.582527509169723,0.0330110036678892,0.4834944981660554,False,False,,,,"[2.582527509169723, 7.6522174058019345, 2.6292097365788596, 7.754918306102034, 5.164054684894965]",8.66895646507193,0.0211229933852573,9.9,445.4041052597357,0.0008615962707924,"[8.66895646507193, 7.099753975829004, 6.63649851707898, 6.549036482923561, 5.702343265402579]",,True,14.052695458056403,2.5638546182060686,0.0255418472824274,0.4872290763587862,False,False,4.0,,,"[2.5638546182060686, 2.6292097365788596, 7.857619206402134, 4.995998666222075, 5.262087362454151]",4.606895868023894,4.021500586392289,10.0,443.6263898268136,36,0.8888888888888888,"[4.606895868023894, 4.554024820522359, 4.424715854898149, 4.34986835330445, 4.259376758017984]",
2438513,5,confirmed_planet_host,0,2.0,444.4105232309797,0.45,2.0,0.0005,188,0.0003230055032554,0.8072884627007282,0.0003230055032554,0.8072884627007282,1.0,1.0,0.0054078795874944,0.9978529746117653,0.0247882090043276,True,0.0001742119991799,8.569336054215926,0.5393468452523769,10.61496162790163,0.0003262272352501,-0.053352921426014,0.6658818749710917,True,29729.712689842658,3.2508657446096694e-08,4.414358654814245e-08,0.0002100664089062,10.119254842203384,0.6503493184763385,12.5348686494913,0.0003244034713368,-0.0510079955586109,0.3128490000963211,True,2494.429069933758,512,2.012515367557444,5.9421351479230965e-06,0.0005416859305115,17.860557117431178,1.6770176515636928,22.124132751358676,0.0004552212962157,0.70651840417194,True,0.1443922079633921,13.38479493164388,2.3461987329109704,5.692397465821941,False,False,,,,"[13.384794931643881, 13.54818272757586, 13.221407135711905, 13.058019339779928, 13.711570523507836]",5.644680534375726,0.0847637702230578,9.9,448.0042732309797,0.0072040805638901,"[5.644680534375726, 5.605579521122211, 5.519813806395311, 5.250643926933318, 5.219457864439942]",,True,17.557728375075385,5.999666555518506,0.4999166388796265,1.9998332777592531,False,False,,3.0,5.0,"[5.999666555518506, 14.005668556185396, 1.0, 12.003001000333445, 4.00166722240747]",7.693690878290404,8.012869204980277,1.5,444.4295062944137,15,1.0,"[7.693690878290404, 7.361693620856522, 7.330038224395793, 7.151294906790726, 6.991153353021756]",,True,0.1663112079259008,1.9989996665555188,0.0005001667222406,0.0005001667222406,True,True,1.0,3.0,,"[1.9989996665555188, 5.999666555518506, 1.0, 13.529509836612204, 13.361453817939314]",6.637655085839908,0.0030671197832877,1.5,444.40427323097975,0.0002642772018143,"[6.637655085839908, 4.562699437848243, 4.561688180548796, 4.409835608279909, 4.229698209291664]",,True,14.22126895794645,1.0,0.0,0.5,True,False,,1.0,3.0,"[1.0, 5.999666555518506, 3.996998999666556, 10.005001667222409, 14.005668556185396]",8.063312098482479,7.237190666447583,2.7142857142857144,444.4344177888029,91,0.7252747252747253,"[8.063312098482479, 7.879802255096708, 7.260371508623742, 7.158142541625634, 7.093348880809294]",,True,0.1407092090230435,13.058019339779928,2.264504834944982,5.529009669889964,False,False,,,,"[13.058019339779928, 3.259419806602201, 13.198066022007337, 12.917972657552518, 6.536512170723575]",4.727247934803346,0.0073525012185092,9.9,455.17927323097973,0.0006227879339922,"[4.727247934803346, 4.4418843000146895, 4.3557210086237, 4.346363582834585, 4.2211419388512965]",,True,13.852177875116467,4.00166722240747,0.0004168056018674,1.0008336112037348,True,False,,4.0,1.0,"[4.00166722240747, 5.999666555518506, 8.002334111370457, 1.0, 13.99633211070357]",5.618989207086297,4.624682021628966,6.357142857142858,444.5106721610086,23,0.8695652173913043,"[5.618989207086297, 5.276989218192937, 4.928087210302379, 4.857669196802457, 4.602089953699065]",
2438513,5,confirmed_planet_host,1,2.0,444.4105232309797,0.45,2.0,0.001,188,0.0008230055032554,2.0569397140949586,0.0008230055032554,2.0569397140949586,1.0,1.0,0.0054112619764282,0.9975649236414256,0.0221676670480519,True,0.0003142689164186,15.31242386112866,0.3818551822261014,7.444274499734688,0.0003553584857198,0.0101083990776234,0.525884292088449,True,29338.437643661597,4.3804090897111363e-08,4.8165918953761524e-08,0.0003353856205971,16.01219467576485,0.4075132174335982,7.784474462738507,0.0003530566714653,-0.0215925086970109,0.2605015831068158,True,2494.8507203296276,512,2.010905478302213,5.884190322423932e-06,0.0010415846761035,34.33334693300962,1.2655865264369397,16.691469709950198,0.0004875547097104,0.7087299669567555,True,0.1448522498831153,13.38479493164388,2.3461987329109704,5.692397465821941,False,False,,,,"[13.384794931643881, 13.54818272757586, 13.221407135711905, 13.058019339779928, 13.711570523507836]",5.630133104256281,0.0846790264799227,9.9,448.0042732309797,0.0071968781854302,"[5.630133104256281, 5.590834937958526, 5.5188313533907225, 5.2227587322352464, 5.218952352227331]",,True,18.469692332902923,1.0,0.0,0.5,True,False,,1.0,4.0,"[1.0, 5.999666555518506, 8.002334111370457, 4.00166722240747, 12.003001000333445]",13.779079531962992,12.708123950750236,2.7142857142857144,444.4344439522045,92,0.7282608695652174,"[13.779079531962992, 13.764401442441816, 12.220369370257618, 12.18313681269061, 12.060237053645395]",,True,0.1616747919470071,1.9989996665555188,0.0005001667222406,0.0005001667222406,True,True,1.0,2.0,3.0,"[1.9989996665555188, 1.0, 4.00166722240747, 5.999666555518506, 7.997665888629544]",12.59552906417152,0.0056560511407086,1.5,444.40427323097975,0.0004873514809985,"[12.59552906417152, 9.318327607371893, 8.345264376003449, 8.099928788090164, 6.000005243596707]",,True,13.999048416037112,1.0,0.0,0.5,True,False,,1.0,3.0,"[1.0, 5.999666555518506, 4.00166722240747, 10.005001667222409, 12.003001000333445]",14.360139790975124,13.604117585343896,2.7142857142857144,444.4344177888029,91,0.7362637362637363,"[14.360139790975124, 13.26488812204928, 12.119276084500239, 11.877011006544166, 11.379908773286433]",,True,0.1329288340639323,1.9989996665555188,0.0005001667222406,0.0005001667222406,True,True,1.0,3.0,2.0,"[1.9989996665555188, 4.00166722240747, 1.0, 13.058019339779928, 5.999666555518506]",8.39384045336993,0.0117272383101274,2.7,444.42927323097973,0.0007632736373812,"[8.39384045336993, 5.669636968137368, 4.829532732851664, 4.585076338790956, 4.280647551763376]",,True,14.098106416873634,4.00166722240747,0.0004168056018674,1.0008336112037348,True,False,,2.0,1.0,"[4.00166722240747, 1.0, 5.999666555518506, 8.002334111370457, 6.998666222074025]",9.431973307957769,8.259700364810545,6.357142857142858,444.5106721610086,23,1.0,"[9.431973307957769, 9.424058760856436, 8.316376781749806, 7.65322495441768, 6.795983910649934]",
2438513,5,confirmed_planet_host,2,2.0,444.4105232309797,0.45,4.0,0.0005,372,0.0002538282708,0.8960404563960271,0.0002538282708,0.8960404563960271,1.0,1.0,0.0054090640070385,0.9978886497578008,0.0256590410135686,True,7.135315925978908e-05,4.9232633984084915,0.2811080067436372,5.4944655269365805,0.0003225214519571,-0.0575334717661317,0.4735419168137014,True,29767.241421312025,3.281368484020069e-08,4.2663557357005374e-08,8.706003937765773e-05,5.873363783594305,0.3429879544277978,6.554797544764461,0.0003217891427276,-0.0602556445919329,0.2501818328164518,True,2492.885158379252,512,2.0125608863737443,5.975144220388291e-06,0.0005361827582847,24.938748962154545,2.112383922384775,27.832168496566467,0.00046577963551,0.724464177422319,True,0.1373057919554412,13.38479493164388,2.3461987329109704,5.692397465821941,False,False,,,,"[13.384794931643881, 13.54818272757586, 13.221407135711905, 13.058019339779928, 13.711570523507836]",5.613152437322603,0.0847694362291396,9.9,448.0042732309797,0.0072045621182639,"[5.613152437322603, 5.567248654814606, 5.495542489547418, 5.204064058143978, 5.19013518321282]",,True,21.2702215409372,1.0,0.0,0.5,True,False,,1.0,4.0,"[1.0, 10.000333444481495, 11.998332777592532, 4.00166722240747, 13.99633211070357]",11.89650104015574,10.756464413677117,3.928571428571429,444.41892524472144,91,0.7362637362637363,"[11.89650104015574, 7.698162421579439, 7.297321109579431, 6.709166951043488, 6.599284815226623]",,True,0.1525927078910172,1.9989996665555188,0.0005001667222406,0.0005001667222406,True,True,1.0,,5.0,"[1.9989996665555188, 13.361453817939314, 5.999666555518506, 12.945981993998, 3.996998999666556]",5.925127778765928,0.0028145632895998,1.5,444.36677323097973,0.0002425157682323,"[5.925127778765928, 4.278020474001179, 4.1632542895461, 4.160931731483782, 4.138003385972238]",,True,15.379376499913633,1.0,0.0,0.5,True,False,,1.0,4.0,"[1.0, 5.999666555518506, 10.000333444481495, 3.996998999666556, 11.998332777592532]",11.70047017415785,10.719435244689953,3.928571428571429,444.41889908131986,89,0.7528089887640449,"[11.70047017415785, 8.5713748313585, 7.644587829358398, 7.315961794721438, 7.084083260877944]",,True,0.1583077078685164,1.9989996665555188,0.0005001667222406,0.0005001667222406,True,True,1.0,,3.0,"[1.9989996665555188, 13.058019339779928, 3.996998999666556, 3.259419806602201, 13.198066022007337]",6.079590695425795,0.0091479743284238,3.9,444.4417732309797,0.000500212064071,"[6.079590695425795, 4.617141172370722, 4.431129325418475, 4.198038666198271, 4.114829985304961]",,True,13.906253582797945,1.9989996665555188,0.0005001667222406,0.0005001667222406,True,True,1.0,5.0,2.0,"[1.9989996665555188, 3.996998999666556, 6.0043347782594205, 7.988329443147716, 1.0]",6.85033090430169,6.0501124447251335,8.785714285714285,444.6624618448715,43,0.9069767441860463,"[6.85033090430169, 5.993067368161373, 5.483014171294257, 4.918483515739111, 4.737391852987971]",
2438513,5,confirmed_planet_host,3,2.0,444.4105232309797,0.45,4.0,0.001,372,0.0007538282708,2.661092973146291,0.0007538282708,2.661092973146291,1.0,1.0,0.0054152871905647,0.9976378636368012,0.0214621659833937,True,0.0001045669182761,7.128714654101571,0.138714508763641,2.6788671895492153,0.0003485274871231,0.0055413566036085,0.5977485419716686,True,29400.671871100287,4.537886621551839e-08,4.4565241063331234e-08,0.0001403381531193,9.364855622752517,0.1861672725147479,3.519176412570119,0.0003483266430398,-0.0412180231983402,0.233584834029898,True,2491.2949185793777,512,2.010856563057166,5.949442785973546e-06,0.0010299163673582,47.75849832925319,1.366248000045321,17.946948419764105,0.0005236298850636,0.7550705531649802,True,0.1367492089048028,13.38479493164388,2.3461987329109704,5.692397465821941,False,False,,,,"[13.384794931643881, 13.54818272757586, 13.221407135711905, 13.711570523507836, 13.058019339779928]",5.599921365528929,0.0846903584920861,9.9,448.0042732309797,0.0071978412941778,"[5.599921365528929, 5.546679691591788, 5.5021245717816685, 5.1897117462591265, 5.159256784684822]",,True,17.02567012514919,1.0,0.0,0.5,True,False,,1.0,3.0,"[1.0, 5.999666555518506, 4.00166722240747, 7.997665888629544, 10.000333444481495]",19.940711172701345,21.44895510674876,3.928571428571429,444.41892524472144,91,0.7362637362637363,"[19.940711172701345, 19.87480452531177, 18.3203653494341, 16.324873938073544, 14.97861711341259]",,True,0.1673425410408526,1.9989996665555188,0.0005001667222406,0.0005001667222406,True,True,1.0,2.0,3.0,"[1.9989996665555188, 1.0, 4.00166722240747, 5.999666555518506, 7.997665888629544]",11.936930836995373,0.0052750279986878,1.5,444.36677323097973,0.0004545207678491,"[11.936930836995371, 8.650583591886775, 8.512951091830224, 7.5789934152489025, 5.687907482649817]",,True,14.672979875002056,1.0,0.0,0.5,True,False,,1.0,3.0,"[1.0, 5.999666555518506, 4.00166722240747, 7.997665888629544, 10.000333444481495]",17.859774751682654,21.054437799098896,3.928571428571429,444.41889908131986,89,0.7640449438202247,"[17.859774751682654, 17.55221848075132, 17.053890363048026, 16.1109272600524, 14.901405088540686]",,True,0.1439288340043276,1.9989996665555188,0.0005001667222406,0.0005001667222406,True,True,1.0,3.0,2.0,"[1.9989996665555188, 4.00166722240747, 1.0, 5.999666555518506, 8.002334111370457]",11.891382646846996,0.0175115916792904,3.9,444.42927323097973,0.0009575354176333,"[11.891382646846996, 8.313787288128223, 7.2394560541993105, 6.396071941502803, 5.8737372057461235]",,True,14.486785624874756,1.9989996665555188,0.0005001667222406,0.0005001667222406,True,True,1.0,2.0,3.0,"[1.9989996665555188, 1.0, 4.00166722240747, 6.0043347782594205, 7.988329443147716]",11.796379961481575,11.392712025114944,5.142857142857142,444.52537512038504,46,1.0,"[11.796379961481575, 9.367377534855764, 9.34398061370906, 8.246588304882426, 7.407412133380526]",
2438513,5,confirmed_planet_host,4,5.0,445.76052323097974,0.45,2.0,0.0005,71,0.0001800208490808,0.2747340305533949,0.0001800208490808,0.2747340305533949,1.0,1.0,0.0054062632381172,0.997936266932774,0.0354568748734891,True,0.0001839343884724,5.598306866396425,1.021739367476865,20.37718754797064,0.0003183821591469,-0.0688402866824386,0.6051449589431286,True,29844.77386637869,3.015445624743194e-08,4.2585788689827854e-08,0.0002162659552594,6.495800278163766,1.2013383803250728,23.64395945081619,0.0003164554388609,-0.0593433470472909,0.2726860828697681,True,2492.200194045753,512,2.010487293149014,6.013262495289668e-06,0.0005648255229742,11.48685352606399,3.137556154513633,41.81081427344875,0.0004471944918717,0.7083422646425162,True,0.1429028329439461,13.38479493164388,0.3384794931643881,1.6769589863287764,False,False,,,,"[13.384794931643881, 13.54818272757586, 13.221407135711905, 13.058019339779928, 13.711570523507836]",5.644649344391959,0.0847523150368492,9.9,448.0042732309797,0.0072031069865692,"[5.644649344391959, 5.605749276049466, 5.50637103478181, 5.278015432981354, 5.228105182602166]",,True,16.968530874932185,12.7405801933978,0.27405801933978,1.54811603867956,False,False,,,,"[12.7405801933978, 15.0, 12.903967989329777, 8.655885295098367, 14.089696565521841]",7.0329168511198725,5.408775889913503,10.0,452.7476786521224,5,0.6,"[7.0329168511198725, 6.501481922487932, 6.352707784822889, 5.949058032261044, 5.929175519452568]",,True,0.1545670831110328,13.51083694564855,0.3510836945648551,1.7021673891297102,False,False,,,5.0,"[13.51083694564855, 13.361453817939314, 12.992664221407138, 13.17472490830277, 10.000333444481495]",4.574078541705326,0.0023673486109478,9.9,445.07927323097977,0.000203981686672,"[4.574078541705326, 4.442083054260892, 4.085408923062708, 3.9350094416611325, 3.7022127419613304]",,True,14.296638207975777,5.000666888962988,0.0001333777925976,0.0001333777925976,True,True,1.0,,2.0,"[5.000666888962988, 10.000333444481495, 12.7405801933978, 11.069356452150718, 15.0]",9.290978497011515,7.569535450588638,1.5,445.7767651670673,18,0.9444444444444444,"[9.290978497011517, 6.362923494940164, 6.155570522251668, 6.153683833425865, 6.074196352982698]",,True,0.1444368748925626,12.95998666222074,0.2959986662220741,1.5919973324441483,False,False,,,,"[12.959986662220741, 13.118706235411805, 3.273424474824942, 6.536512170723575, 6.457152384128043]",4.602353751905745,0.0073023946761598,9.9,455.0667732309797,0.0006292080413927,"[4.602353751905745, 4.5342774504128975, 4.372008598514317, 4.216170943795464, 3.881548304859465]",,True,13.975524958921596,5.000666888962988,0.0001333777925976,0.0001333777925976,True,True,1.0,,,"[5.000666888962988, 13.011337112370791, 13.160720240080028, 7.502834278092698, 9.706235411803934]",4.94406119618317,4.097809955949914,6.357142857142858,445.9187774137799,17,0.9411764705882352,"[4.94406119618317, 4.893031332383536, 4.378746970704485, 4.332101817854811, 4.196584732816614]",
2438513,5,confirmed_planet_host,5,5.0,445.76052323097974,0.45,2.0,0.001,71,0.0006800208490808,1.0377957313402622,0.0006800208490808,1.0377957313402622,1.0,1.0,0.0054068941480065,0.9978400386948256,0.0223176248837262,True,0.0003133799134254,9.51837407716692,0.4608386843566483,9.171722131555123,0.0003296533622358,-0.0392297883057954,0.4662999159190804,True,29687.15272664455,3.4051210208114426e-08,4.41766175044415e-08,0.0003893195942886,11.599951785298597,0.5725112616986705,11.177490362499208,0.0003274722895564,-0.0430229622533623,0.2592657080385834,True,2493.0905643878177,512,2.0061769876675477,5.976752399331815e-06,0.0010382826591966,21.17108663088862,1.526839449996379,20.400051755413568,0.0004571664014263,0.7075081969319488,True,0.1456272911746055,13.38479493164388,0.3384794931643881,1.6769589863287764,False,False,,,,"[13.384794931643881, 13.54818272757586, 13.221407135711905, 13.058019339779928, 13.711570523507836]",5.633944800724802,0.0846561161075053,9.9,448.0042732309797,0.0071949310307885,"[5.633944800724802, 5.595021618215759, 5.495753541960427, 5.28106554424236, 5.231269643073324]",,True,17.03689854219556,5.000666888962988,0.0001333777925976,0.0001333777925976,True,True,1.0,,2.0,"[5.000666888962988, 10.000333444481495, 15.0, 7.498166055351785, 13.926308769589864]",16.28539443050123,14.714586850559895,1.5,445.77678860847305,18,0.9444444444444444,"[16.28539443050123, 10.651395741922244, 9.402376858309118, 7.420139913200067, 6.683644075680787]",,True,0.1603408751543611,5.000666888962988,0.0001333777925976,0.0001333777925976,True,True,1.0,,2.0,"[5.000666888962988, 10.005001667222409, 15.0, 13.529509836612204, 13.361453817939314]",8.706711201224318,0.0039032406631928,1.5,445.74177323097973,0.0005343905852915,"[8.706711201224318, 7.0368618299613885, 4.581530722570488, 4.06112211545756, 3.9596627740913544]",,True,16.72429316700436,5.000666888962988,0.0001333777925976,0.0001333777925976,True,True,1.0,5.0,2.0,"[5.000666888962988, 10.000333444481495, 15.0, 7.498166055351785, 2.4984994998332777]",15.786776590417372,14.195222715171507,1.5,445.7767651670673,18,0.9444444444444444,"[15.786776590417373, 11.502713817561673, 8.79867206113324, 7.2590707081825325, 6.636620296246072]",,True,0.1474721250124275,12.983327775925307,0.2983327775925309,1.5966655551850617,False,False,3.0,,,"[12.983327775925309, 13.17472490830277, 5.000666888962988, 3.273424474824942, 3.310770256752251]",4.685080682387693,0.0072242540097609,9.9,454.97927323097974,0.0006224750807902,"[4.685080682387693, 4.668613585297416, 4.57595911105445, 4.540225288069585, 4.534364119079667]",,True,15.622260333970187,5.000666888962988,0.0001333777925976,0.0001333777925976,True,True,1.0,3.0,2.0,"[5.000666888962988, 10.014338112704236, 2.4984994998332777, 14.995331777259088, 7.498166055351785]",8.36389317711885,7.099076690193352,6.357142857142858,445.9187774137799,17,0.9411764705882352,"[8.36389317711885, 6.307955408863636, 6.111915469854979, 5.658723143298729, 4.871641574602858]",
2438513,5,confirmed_planet_host,6,5.0,445.76052323097974,0.45,4.0,0.0005,143,0.0004035928449684,0.8779553319984258,0.0004035928449684,0.8779553319984258,1.0,1.0,0.0054059938561303,0.9979511993169394,0.0210120419505983,True,0.0001018379848997,4.403569829828653,0.2523285191235337,5.015710559904144,0.000316692954971,-0.0705294127481079,0.4727675828617066,True,29861.486416797947,3.0284437953276864e-08,4.1952150521281465e-08,0.0001182598739133,5.0480793983491665,0.2930177662653176,5.749813474973255,0.0003153230307955,-0.0634104787622991,0.2331221657805144,True,2492.156215829554,512,2.0143625232679474,6.013262495289668e-06,0.0004895952757079,14.105919515976332,1.213092060009851,16.066784951197977,0.0004526444798425,0.7173867215617228,True,0.1398498339112848,13.38479493164388,0.3384794931643881,1.6769589863287764,False,False,,,,"[13.384794931643881, 13.54818272757586, 13.221407135711905, 13.058019339779928, 13.711570523507836]",5.641953377430924,0.0846547611930075,9.9,448.0042732309797,0.0071948158764817,"[5.641953377430924, 5.602978549632624, 5.503581142391592, 5.285231372222463, 5.24553594492706]",,True,20.58512670802884,5.000666888962988,0.0001333777925976,0.0001333777925976,True,True,1.0,,3.0,"[5.000666888962988, 12.7405801933978, 9.99566522174058, 8.655885295098367, 14.089696565521841]",8.453844357903975,8.57814978998099,3.928571428571429,445.7661511907851,16,1.0,"[8.453844357903975, 6.864181586057317, 6.668030884601874, 5.958032988550332, 5.93812048029007]",,True,0.2962102498859167,13.51083694564855,0.3510836945648551,1.7021673891297102,False,False,,,,"[13.51083694564855, 13.361453817939314, 12.992664221407138, 13.17472490830277, 12.847949316438815]",4.8367305474750575,0.0023983228516724,9.9,445.07927323097977,0.0002066505702649,"[4.8367305474750575, 4.665081886277403, 4.105338585137867, 4.053629704570061, 3.791214383346365]",,True,17.43169154203497,5.000666888962988,0.0001333777925976,0.0001333777925976,True,True,1.0,,2.0,"[5.000666888962988, 9.99566522174058, 12.7405801933978, 11.069356452150718, 8.683894631543849]",8.681103496847843,8.594575444243645,3.928571428571429,445.7661277493793,16,1.0,"[8.681103496847843, 6.968429140513718, 6.15760081179097, 6.134844622990596, 5.828961338253535]",,True,0.2552749160677194,12.95998666222074,0.2959986662220741,1.5919973324441483,False,False,,,,"[12.959986662220741, 13.118706235411805, 3.273424474824942, 3.310770256752251, 6.550516838946316]",4.579150700596266,0.0073644717868373,9.9,455.0667732309797,0.0006345568918666,"[4.579150700596266, 4.552016711632962, 4.304513695361362, 4.24270038096024, 4.2150377297531625]",,True,16.74979625013657,4.995998666222075,0.0008002667555849,0.0008002667555849,True,True,1.0,,3.0,"[4.995998666222075, 13.011337112370791, 9.990996998999668, 14.995331777259088, 6.5038346115371795]",5.08284237318504,4.760167607990236,3.928571428571429,445.89585146067327,18,1.0,"[5.08284237318504, 4.901764463463394, 4.431908847135661, 4.402293650105496, 4.373129484210602]",
2438513,5,confirmed_planet_host,7,5.0,445.76052323097974,0.45,4.0,0.001,143,0.0009035928449684,1.9656298819115787,0.0009035928449684,1.9656298819115787,1.0,1.0,0.0054070624686792,0.9978704228554252,0.0488857089076191,True,0.000120848365117,5.232649831039081,0.1337420562701644,2.6620727936585498,0.000326401887432,-0.0411753334357333,0.7653986669611186,True,29715.79132541354,3.486500427446917e-08,4.2532630592836675e-08,0.0001397698150306,5.948002168727916,0.1546822950280173,3.0260031267653873,0.0003254693868346,-0.0528178052512021,0.4751170000527054,True,2492.7017329626433,512,2.013777418715686,5.976752399331815e-06,0.0009665199411501,27.918495785941843,1.0696409854638804,14.203333009361383,0.000474784338904,0.732470204565508,True,0.2662248751148581,13.38479493164388,0.3384794931643881,1.6769589863287764,False,False,,,,"[13.384794931643881, 13.54818272757586, 13.221407135711905, 13.058019339779928, 13.711570523507836]",5.648860955544764,0.084461008419822,9.9,448.0042732309797,0.0071783488106134,"[5.648860955544764, 5.6096191625397385, 5.509883033716079, 5.314369959940829, 5.289610595716347]",,True,18.207684999797493,5.000666888962988,0.0001333777925976,0.0001333777925976,True,True,1.0,5.0,2.0,"[5.000666888962988, 10.000333444481495, 15.0, 7.498166055351785, 2.4984994998332777]",17.984722575338136,17.502136032537123,3.928571428571429,445.7661511907851,16,1.0,"[17.984722575338136, 13.29943484275979, 11.905613283143145, 9.358937544202847, 6.931689926053391]",,True,0.1710618329234421,5.000666888962988,0.0001333777925976,0.0001333777925976,True,True,1.0,3.0,2.0,"[5.000666888962988, 9.99566522174058, 2.4984994998332777, 13.51083694564855, 13.361453817939314]",8.329190013224316,0.0035901491681267,1.5,445.6917732309797,0.000487091453383,"[8.329190013224316, 6.0502925891794, 4.858387888430196, 4.5595509665392555, 4.382390746237958]",,True,17.609751374926418,5.000666888962988,0.0001333777925976,0.0001333777925976,True,True,1.0,,2.0,"[5.000666888962988, 10.000333444481495, 15.0, 12.49783261087029, 7.498166055351785]",17.908993883581402,17.263369170447994,3.928571428571429,445.7661277493793,16,1.0,"[17.908993883581402, 13.172799405766543, 11.436274064705083, 11.191873618289772, 9.695148184724863]",,True,0.1768770420458167,5.000666888962988,0.0001333777925976,0.0001333777925976,True,True,1.0,,2.0,"[5.000666888962988, 10.000333444481495, 3.320106702234078, 13.118706235411805, 12.978659553184396]",7.060725862770492,0.0103118467111315,3.9,445.7542732309797,0.0008885163237527,"[7.060725862770492, 5.6103778868947325, 4.984853674464602, 4.463137714473582, 4.367995871435504]",,True,14.894128875108436,4.995998666222075,0.0008002667555849,0.0008002667555849,True,True,1.0,4.0,2.0,"[4.995998666222075, 9.990996998999668, 14.995331777259088, 2.4984994998332777, 7.488829609869957]",8.476746448365045,8.16013217163535,3.928571428571429,445.89585146067327,18,1.0,"[8.476746448365045, 6.818769564054092, 6.330553681126858, 6.3007569772614485, 5.56968090137577]",
1026957,5,confirmed_planet_host,0,2.0,444.41042668426087,0.45,2.0,0.0005,188,0.0005689911440669,0.6247438420420779,0.0005689911440669,0.6247438420420779,1.0,1.0,0.010935199599185,0.999841511771868,0.0294244170654565,True,0.0001097717725252,8.49980049362862,0.1929235167715784,13.605256941542033,0.0001964859485251,0.0420686258978487,0.7183627078775316,True,31936.91102318477,3.7778123466816194e-08,1.565814841811657e-12,5.92588799408433e-05,4.532134841401966,0.1041472798983766,7.254388977389419,0.0002139458768556,-0.1132766388804006,0.3232976249419153,True,2109.847507747576,512,3.660354128530126,3.19059302267903e-05,0.000530233968134,12.912231475955595,0.931884395149094,20.668041214699844,0.0005750620919633,0.952947586722272,True,0.1513635409064591,10.84061353784595,1.7101533844614876,4.420306768922975,False,False,,,,"[10.84061353784595, 10.677225741913972, 11.004001333777927, 10.513837945981996, 11.125375125041682]",4.14314137801492,0.0829803319599504,9.9,446.7166766842609,0.0062468741799204,"[4.14314137801492, 4.084445388716721, 3.9421091258115526, 3.7471767251475225, 3.4748437838215205]",,True,17.672519125044346,1.0,0.0,0.5,True,False,,1.0,3.0,"[1.0, 14.509836612204069, 4.00166722240747, 8.002334111370457, 5.999666555518506]",11.521043555439991,9.359469938397249,6.357142857142858,444.510240279043,92,0.7608695652173914,"[11.521043555439991, 10.720773336001567, 8.80496679658427, 8.142770046135906, 8.13747596195609]",,True,0.1710949589032679,1.9989996665555188,0.0005001667222406,0.0005001667222406,True,True,1.0,2.0,3.0,"[1.9989996665555188, 1.0, 4.00166722240747, 10.989996665555186, 5.999666555518506]",10.489962931832093,0.0018987469923983,1.5,444.4041766842609,0.0001636048076239,"[10.489962931832093, 8.322147125809051, 7.782609379980043, 6.134349288802101, 5.822097177867238]",,True,14.563871541060507,1.0,0.0,0.5,True,False,,1.0,3.0,"[1.0, 14.509836612204069, 4.00166722240747, 5.999666555518506, 11.998332777592532]",10.903720696231026,9.344023869799123,6.357142857142858,444.51021409922686,92,0.7608695652173914,"[10.903720696231026, 10.185022239868267, 8.261405294332986, 8.124797029944537, 7.710828506235908]",,True,0.1379152918234467,6.998666222074025,0.7496665555185063,2.4993331110370125,False,False,,,,"[6.998666222074025, 6.802600866955652, 6.727909303101034, 7.1107035678559525, 13.949649883294432]",3.1498090438258695,0.0097126719403115,9.9,450.25417668426087,0.0006140084708992,"[3.1498090438258695, 2.8793357804017194, 2.5638483677873807, 2.299779243258799, 2.2665300368428944]",,True,14.142160665942356,4.00166722240747,0.0004168056018674,1.0008336112037348,True,False,,2.0,1.0,"[4.00166722240747, 1.0, 10.87795931977326, 6.0043347782594205, 8.002334111370457]",3.797254200213358,3.5398377683876605,6.357142857142858,446.5114092254935,23,1.0,"[3.797254200213358, 3.6472932620241525, 3.6398536747730015, 3.287365348244959, 2.820138014197329]",
1026957,5,confirmed_planet_host,1,2.0,444.41042668426087,0.45,2.0,0.001,188,0.0010689911440669,1.1737364305528353,0.0010689911440669,1.1737364305528353,1.0,1.0,0.0109368187757436,0.9997795532286377,0.0233762920834124,True,0.0001345570093298,10.42432958386275,0.1258728943421472,8.88132063767744,0.0002319497904235,0.0709921403645977,0.5566799999214709,True,31197.41881133908,5.2541263520269826e-08,1.5713580653134361e-12,5.926194222318068e-05,4.532358404802772,0.0554372620878012,3.861478852341671,0.0002465192135753,-0.0801999345536918,0.2348653329536318,True,2109.5264220507443,512,3.660602411826541,3.19059302267903e-05,0.0010194895919052,25.04572766322078,0.9536932064998564,21.33845982051024,0.0006017738137098,0.9365269577743218,True,0.1459662090055644,10.84061353784595,1.7101533844614876,4.420306768922975,False,False,,,,"[10.84061353784595, 10.677225741913972, 11.004001333777927, 10.513837945981996, 11.125375125041682]",4.154766516878575,0.0829535009028115,9.9,446.7166766842609,0.0062448543008225,"[4.154766516878575, 4.077680221538618, 3.973439217959179, 3.7696572764692657, 3.4732400926610705]",,True,18.723922790959477,1.0,0.0,0.5,True,False,,1.0,2.0,"[1.0, 4.00166722240747, 5.999666555518506, 7.997665888629544, 9.001333777925977]",21.814777943068336,18.29411767294816,3.928571428571429,444.45964504094775,92,0.7065217391304348,"[21.814777943068336, 18.575586493072674, 16.611363829583524, 15.418846899071308, 14.555794445212152]",,True,0.16887908289209,1.9989996665555188,0.0005001667222406,0.0005001667222406,True,True,1.0,2.0,3.0,"[1.9989996665555188, 1.0, 4.00166722240747, 5.999666555518506, 8.002334111370457]",21.04429459420379,0.0038376181267273,1.5,444.4041766842609,0.0003306668965749,"[21.044294594203794, 15.791013158866392, 15.11002370809729, 11.798612093808552, 10.377715806764263]",,True,14.013918083161116,1.0,0.0,0.5,True,False,,1.0,2.0,"[1.0, 4.00166722240747, 5.999666555518506, 8.002334111370457, 10.000333444481495]",23.206150008029415,18.14442247498507,3.928571428571429,444.4596188611316,92,0.6956521739130435,"[23.206150008029415, 17.486017770265075, 15.689317393344572, 14.338486876448938, 13.45570531949419]",,True,0.1333052499685436,1.9989996665555188,0.0005001667222406,0.0005001667222406,True,True,1.0,,,"[1.9989996665555188, 6.998666222074025, 6.81193731243748, 13.949649883294432, 6.727909303101034]",3.664731010254653,0.0112381423237833,2.7,444.44167668426087,0.0007300682536605,"[3.6647310102546524, 3.1871769451804695, 2.678939457378272, 2.5228195272054057, 2.4011735405716106]",,True,14.149329666048288,1.0,0.0,0.5,True,False,,1.0,2.0,"[1.0, 4.00166722240747, 6.0043347782594205, 8.002334111370457, 10.000333444481495]",7.375409677218158,5.636001856241465,3.928571428571429,443.5208433509276,89,0.8089887640449438,"[7.375409677218158, 6.484091359204163, 5.463422926664203, 4.683808110378149, 4.523824226276769]",
1026957,5,confirmed_planet_host,2,2.0,444.41042668426087,0.45,4.0,0.0005,372,0.0005543689671915,0.8599097080947438,0.0005543689671915,0.8599097080947438,1.0,1.0,0.0109357906523312,0.9998386674803263,0.0193507920484989,True,4.424681935829645e-05,4.834553465013992,0.0798147478969649,5.6221640708367575,0.0001982387512816,0.0418911912503588,0.5900291251018643,True,31896.44309665003,3.846635637571513e-08,1.585942699409312e-12,3.0472815204391976e-05,3.303838724522598,0.0549684722771672,3.842076317341199,0.0002161667910984,-0.1125785223641603,0.2863609159830957,True,2112.2019460001893,512,3.661614810424293,3.158684691675184e-05,0.0005330867017683,18.3149957629784,0.9616099264519656,21.298742868664625,0.000580999602591,0.952871809486614,True,0.1708282921463251,10.84061353784595,1.7101533844614876,4.420306768922975,False,False,,,,"[10.84061353784595, 10.677225741913972, 11.004001333777927, 10.513837945981996, 11.125375125041682]",4.13459930329208,0.0829220371451592,9.9,446.7166766842609,0.0062424856656214,"[4.13459930329208, 4.060436359143764, 3.9592416184621237, 3.751241066531605, 3.469160611734054]",,True,21.15727216610685,5.999666555518506,0.4999166388796265,1.9998332777592531,False,False,,2.0,,"[5.999666555518506, 1.0, 14.509836612204069, 7.997665888629544, 10.000333444481495]",14.274854778977948,12.739268569700256,3.928571428571429,446.418672766743,16,0.9375,"[14.274854778977947, 12.25886827617278, 12.239855640927505, 11.877117678802982, 11.871875731044096]",,True,0.155111167114228,1.9989996665555188,0.0005001667222406,0.0005001667222406,True,True,1.0,2.0,3.0,"[1.9989996665555188, 1.0, 4.00166722240747, 10.989996665555186, 5.999666555518506]",9.718034969082032,0.0018533392254684,1.5,444.3666766842609,0.0001591392229091,"[9.718034969082032, 7.821386323123306, 7.344682745198851, 6.130046258157371, 5.903854740338055]",,True,15.086905624950305,1.0,0.0,0.5,True,False,,1.0,,"[1.0, 14.509836612204069, 8.002334111370457, 10.000333444481495, 12.003001000333445]",12.739317558639694,18.220283477768564,3.928571428571429,444.418802534601,90,0.8333333333333334,"[12.739317558639694, 11.811057849099221, 11.721941256887341, 11.683169322662145, 10.778317847805633]",,True,0.1452563749626279,7.008002667555853,0.7520006668889632,2.5040013337779263,False,False,5.0,,,"[7.008002667555853, 6.802600866955652, 6.933311103701234, 13.963654551517173, 1.9989996665555188]",3.237663252843796,0.0101628722282658,9.9,450.2791766842609,0.0006458931823857,"[3.237663252843796, 2.760444890927016, 2.6027021345654355, 2.591172530482173, 2.465692387894126]",,True,14.403460166882724,1.9989996665555188,0.0005001667222406,0.0005001667222406,True,True,1.0,4.0,3.0,"[1.9989996665555188, 10.87795931977326, 4.00166722240747, 1.0, 5.999666555518506]",4.61860420021162,4.361243795319279,6.357142857142858,444.55057619271383,46,0.9565217391304348,"[4.61860420021162, 3.861059124794387, 3.719567748916227, 3.6178974265106927, 3.318845141714455]",
1026957,5,confirmed_planet_host,3,2.0,444.41042668426087,0.45,4.0,0.001,372,0.0010543689671915,1.6354849648150398,0.0010543689671915,1.6354849648150398,1.0,1.0,0.0109388214332536,0.99977391408404,0.0219695419073104,True,4.991660094485963e-05,5.434674307903063,0.0473426309936054,3.322974178804317,0.0002349137168437,0.0700077116639492,0.4997237080242485,True,31139.451371516876,5.391742619664762e-08,1.5960148408320133e-12,3.37929039771215e-05,3.6637506247655134,0.0320503590570694,2.240161605631058,0.0002500280167889,-0.0801228020269937,0.2516491250135004,True,2113.534061755472,512,3.6627400782294823,3.13503307317696e-05,0.0010301489137853,35.47092036101047,0.9770288635573636,21.68831944292557,0.0006273726555176,0.9398490506896868,True,0.1444173748604953,10.84061353784595,1.7101533844614876,4.420306768922975,False,False,,,,"[10.84061353784595, 10.677225741913972, 11.004001333777927, 10.513837945981996, 11.125375125041682]",4.07875679053404,0.0828369112732291,9.9,446.7166766842609,0.0062360772722245,"[4.07875679053404, 4.010024108103749, 3.9505078837523495, 3.723011411788587, 3.4105037272793384]",,True,17.117799709085375,4.00166722240747,0.0004168056018674,1.0008336112037348,True,False,,,1.0,"[4.00166722240747, 5.999666555518506, 8.002334111370457, 9.001333777925977, 10.000333444481495]",31.330844761782007,19.88637672732644,3.928571428571429,446.39958165247134,23,0.8695652173913043,"[31.330844761782007, 29.847791924434304, 25.329512864869788, 23.667320245486614, 23.541182785831396]",,True,0.1650130418129265,1.9989996665555188,0.0005001667222406,0.0005001667222406,True,True,1.0,2.0,3.0,"[1.9989996665555188, 1.0, 4.00166722240747, 5.999666555518506, 8.002334111370457]",17.319988740052214,0.0036567861077181,1.5,444.3666766842609,0.0003139943791887,"[17.319988740052214, 13.642523031834871, 12.781450107577609, 10.439781833803293, 8.789370335828291]",,True,14.793797667138278,5.999666555518506,0.4999166388796265,1.9998332777592531,False,False,,5.0,,"[5.999666555518506, 8.002334111370457, 9.001333777925977, 10.000333444481495, 1.0]",29.708211528044743,25.509364708055628,3.928571428571429,446.4186454527619,16,0.9375,"[29.708211528044743, 25.292653542695543, 23.528579974832624, 23.435735864344014, 22.738218734262905]",,True,0.1422074171714484,1.9989996665555188,0.0005001667222406,0.0005001667222406,True,True,1.0,3.0,2.0,"[1.9989996665555188, 4.00166722240747, 1.0, 7.003334444814938, 14.001000333444482]",6.002344809109336,0.0169669939361921,3.9,444.4291766842609,0.0009265974230876,"[6.002344809109336, 3.888172490721885, 3.8769392626420722, 3.3702684832266536, 3.293158606544101]",,True,14.729300291044638,1.0,0.0,0.5,True,False,2.0,1.0,3.0,"[1.0, 1.9989996665555188, 4.00166722240747, 2.9979993331110375, 5.9903301100366795]",8.238786407843595,5.899112738678209,1.5,443.51106443936294,91,0.7692307692307693,"[8.238786407843595, 8.150665786467014, 6.1882019266595805, 5.588942906976901, 5.235249634794847]",
1026957,5,confirmed_planet_host,4,5.0,445.7604266842609,0.45,2.0,0.0005,71,0.003185316363562,2.146427795006545,0.003185316363562,2.146427795006545,1.0,1.0,0.0109351762704362,0.9998529209838172,0.0221057089511305,True,9.195869779878886e-05,4.392745049451104,0.0288695649985465,2.0465375353740747,0.0001896315234603,0.0352213089090927,0.6364250420592725,True,32099.70297355378,3.5129606542955006e-08,1.569399037081908e-12,5.072431492458623e-05,2.4023831743434396,0.0159244197860028,1.1192471416612988,0.0002075355659846,-0.1213772397280764,0.2491546659730374,True,2112.401897081727,512,3.658895922334181,3.157171305945151e-05,0.0007443861902392,11.12090404982335,0.2336930167296831,5.181121897365962,0.0005685279210326,0.956044599413648,True,0.1431747081223875,10.84061353784595,0.084061353784595,1.16812270756919,False,False,,,,"[10.84061353784595, 10.677225741913972, 11.004001333777927, 10.513837945981996, 11.125375125041682]",4.178075145845133,0.0830480852049561,9.9,446.7166766842609,0.0062519747379302,"[4.178075145845133, 4.137143811311818, 3.944734568968835, 3.756487435434075, 3.5158834022692225]",,True,17.0242052921094,14.509836612204069,0.4509836612204069,1.9019673224408136,False,False,2.0,,3.0,"[14.509836612204069, 5.000666888962988, 9.99566522174058, 15.0, 10.87795931977326]",12.288576602054176,9.055171291174307,1.5,449.43757303580526,6,0.6666666666666666,"[12.288576602054176, 9.188304799531828, 7.986383826316022, 7.879446924375959, 7.815965536652732]",,True,0.1686851251870393,5.000666888962988,0.0001333777925976,0.0001333777925976,True,True,1.0,,5.0,"[5.000666888962988, 10.779926642214072, 11.106702234078027, 10.989996665555186, 10.000333444481495]",7.821603738491517,0.0014315023660282,1.5,445.7291766842609,0.0001978041883478,"[7.821603738491517, 6.094293251964248, 6.049064325377141, 5.775134065044342, 5.651781098729007]",,True,14.345064957858996,14.509836612204069,0.4509836612204069,1.9019673224408136,False,False,2.0,,4.0,"[14.509836612204069, 5.000666888962988, 15.0, 9.99566522174058, 10.87795931977326]",11.892678856004055,8.63529884593609,1.5,449.43757508231846,6,0.6666666666666666,"[11.892678856004055, 9.03808045909573, 7.695037861007312, 7.107704463950083, 6.716980277555013]",,True,0.1445468750316649,6.961320440146716,0.3038679559853284,0.3922640880293432,False,False,,,,"[6.961320440146716, 6.783927975991998, 7.050016672224075, 6.8866288762920975, 13.874958319439815]",2.6984674546987018,0.0093332413725605,9.9,450.25417668426087,0.0005931666596507,"[2.6984674546987018, 2.5880098244433714, 2.3679368582164675, 2.141448216166748, 1.8720924283159968]",,True,14.362383665982634,10.87795931977326,0.0877959319773259,1.175591863954652,False,False,2.0,3.0,4.0,"[10.87795931977326, 5.000666888962988, 2.4984994998332777, 10.000333444481495, 14.981327109036346]",3.656423054506402,3.17445204448031,7.571428571428571,449.6081030922699,8,1.0,"[3.656423054506402, 3.5520527645453406, 3.0079463835836946, 2.7545196516356456, 2.553460914980663]",
1026957,5,confirmed_planet_host,5,5.0,445.7604266842609,0.45,2.0,0.001,71,0.003685316363562,2.483353165993283,0.003685316363562,2.483353165993283,1.0,1.0,0.0109362101082916,0.9998292428059254,0.0307604158297181,True,0.0001096647346141,5.243716063430668,0.0297572104523767,2.111546652017698,0.0002052914198234,0.0527933462004306,0.5482399580068886,True,31756.256588735672,4.094892780312298e-08,1.5611141913454316e-12,5.072271851901057e-05,2.4023214072092935,0.0137634638427579,0.9673700221564828,0.0002215914996265,-0.1018623031634791,0.253112040925771,True,2112.2684003459826,512,3.6580604647297936,3.157171305945151e-05,0.0012254792644364,18.439900958255073,0.3325302751625845,7.425404171572812,0.0005806503239493,0.9493628664836452,True,0.1470977501012385,10.84061353784595,0.084061353784595,1.16812270756919,False,False,,,,"[10.84061353784595, 10.677225741913972, 10.961987329109704, 10.513837945981996, 11.106702234078027]",4.196893886735595,0.0830890073928227,9.9,446.7166766842609,0.0062550554168421,"[4.196893886735595, 4.155775119197618, 3.959004373128318, 3.7629493201109097, 3.6289884108079438]",,True,17.251031833933666,5.000666888962988,0.0001333777925976,0.0001333777925976,True,True,1.0,,2.0,"[5.000666888962988, 9.99566522174058, 15.0, 14.509836612204069, 7.498166055351785]",17.85353153486358,16.782717241201865,1.5,445.7766920781688,18,1.0,"[17.85353153486358, 14.451939704860717, 12.761662358163111, 12.30058287216604, 11.990902780861218]",,True,0.2469047920312732,5.000666888962988,0.0001333777925976,0.0001333777925976,True,True,1.0,3.0,2.0,"[5.000666888962988, 10.000333444481495, 2.4984994998332777, 14.990663554518173, 1.6675558519506501]",15.403138994943864,0.0026751547871007,1.5,445.7291766842609,0.0003696513774095,"[15.403138994943864, 10.786087125122592, 8.536828008966639, 8.100275512329672, 7.870244956414919]",,True,16.6725212498568,5.000666888962988,0.0001333777925976,0.0001333777925976,True,True,1.0,,2.0,"[5.000666888962988, 9.99566522174058, 15.0, 14.509836612204069, 7.498166055351785]",17.169838019574595,13.80696484929987,3.928571428571429,445.8068529731826,17,0.8823529411764706,"[17.169838019574595, 13.024408085697463, 12.525974052624512, 11.892441321447663, 11.49165230011177]",,True,0.1421824169810861,5.000666888962988,0.0001333777925976,0.0001333777925976,True,True,1.0,,,"[5.000666888962988, 6.961320440146716, 6.783927975991998, 6.681227075691898, 7.050016672224075]",2.696653817952873,0.0094397941791795,2.7,445.75417668426087,0.0009690017744879,"[2.696653817952873, 2.61535093821635, 2.564455843956654, 2.2858745121993014, 2.260478521605472]",,True,17.373075832845643,5.000666888962988,0.0001333777925976,0.0001333777925976,True,True,1.0,2.0,3.0,"[5.000666888962988, 2.4984994998332777, 10.000333444481495, 7.498166055351785, 14.981327109036346]",6.147335187708298,5.9953724786125395,7.571428571428571,445.90315671558653,18,1.0,"[6.147335187708298, 4.988916157123885, 4.588388871866156, 4.103233589602526, 4.049029350092238]",
1026957,5,confirmed_planet_host,6,5.0,445.7604266842609,0.45,4.0,0.0005,143,0.0006685612056472,0.6395730500997625,0.0006685612056472,0.6395730500997625,1.0,1.0,0.0109355432036531,0.9998523378117276,0.0443152501247823,True,5.240526861947318e-05,3.5624182313993185,0.0783851473534653,5.569994281096807,0.0001900330990179,0.0351174328667506,1.191740166861564,True,32090.682700314857,3.527097668026064e-08,1.5716382172324414e-12,2.3565410031068908e-05,1.5816353540564112,0.035247947131861,2.4729549717732837,0.0002079792774408,-0.1209588839419173,0.4690635839942842,True,2112.344311535908,512,3.658807086963795,3.157171305945151e-05,0.0007436855898744,15.815365660358871,1.1123672501375197,24.728005124499763,0.0005741723136505,0.9568105167807002,True,0.2764386660419404,10.84061353784595,0.084061353784595,1.16812270756919,False,False,,,,"[10.84061353784595, 10.677225741913972, 10.961987329109704, 10.513837945981996, 11.106702234078027]",4.181945291695561,0.0830121817759788,9.9,446.7166766842609,0.0062492718781301,"[4.181945291695561, 4.146116631778847, 3.949827103716894, 3.76201384612964, 3.6206163941430853]",,True,20.15354633308016,5.000666888962988,0.0001333777925976,0.0001333777925976,True,True,1.0,,3.0,"[5.000666888962988, 14.509836612204069, 10.000333444481495, 15.0, 10.87795931977326]",15.938378060952315,14.032843717236611,3.928571428571429,445.7660546604808,16,1.0,"[15.938378060952317, 12.321270648307326, 12.043270259440725, 10.055421491708797, 7.836760096270453]",,True,0.1734659578651189,5.000666888962988,0.0001333777925976,0.0001333777925976,True,True,1.0,,4.0,"[5.000666888962988, 10.779926642214072, 11.106702234078027, 10.000333444481495, 10.989996665555186]",8.364873350198863,0.0015491122107068,1.5,445.69167668426087,0.0002120881217415,"[8.364873350198863, 5.81679356987692, 5.773259741278907, 5.627009986131524, 5.509547529683082]",,True,16.44160808296874,5.000666888962988,0.0001333777925976,0.0001333777925976,True,True,1.0,,2.0,"[5.000666888962988, 10.000333444481495, 14.509836612204069, 15.0, 7.115371790596866]",15.753170584221252,13.448880114174422,3.928571428571429,445.7660312026604,16,1.0,"[15.753170584221252, 11.967563015635523, 11.868616349895703, 9.896278148482043, 6.751036543979818]",,True,0.1351420001592487,6.961320440146716,0.3038679559853284,0.3922640880293432,False,False,5.0,,,"[6.961320440146716, 6.783927975991998, 6.704568189396466, 7.050016672224075, 5.000666888962988]",2.594083336665326,0.0093052630377509,9.9,450.19167668426087,0.0005935094924853,"[2.594083336665326, 2.4917516098271104, 2.3314003486735766, 2.2640306697709374, 2.1227989429462433]",,True,18.994493125006557,5.005335111703902,0.0010670223407803,0.0010670223407803,True,True,1.0,3.0,4.0,"[5.005335111703902, 10.87795931977326, 2.5031677225741915, 9.986328776258754, 7.255418472824275]",3.6173218526757767,3.420733398217625,10.0,445.93540842420595,18,1.0,"[3.6173218526757767, 3.6095397395374023, 3.1563242613387565, 3.0111774415606076, 2.8800940716648604]",
1026957,5,confirmed_planet_host,7,5.0,445.7604266842609,0.45,4.0,0.001,143,0.0011685612056472,1.1178935424476095,0.0011685612056472,1.1178935424476095,1.0,1.0,0.0109372934122959,0.9998280917576048,0.023735333001241,True,5.2463361029472366e-05,3.567580167594338,0.0448956894820172,3.1913416010823177,0.0002060339754428,0.0528130938731388,0.5645026669371873,True,31740.802993941557,4.1232019170580045e-08,1.5606372929013698e-12,2.356428719123011e-05,1.5815715431741115,0.0201652143485093,1.414778315752041,0.0002223264324103,-0.101181884075187,0.2491763341240584,True,2114.104198993221,512,3.6573399801299087,3.130724230338788e-05,0.0012358464887675,26.38648483116644,1.0575795968538737,23.603754587752302,0.0005959029150832,0.9517347587295324,True,0.1431895829737186,10.84061353784595,0.084061353784595,1.16812270756919,False,False,,,,"[10.84061353784595, 10.677225741913972, 10.961987329109704, 10.513837945981996, 11.106702234078027]",4.203450866976262,0.0830172005348681,9.9,446.7166766842609,0.006249649697242,"[4.203450866976262, 4.172612574383906, 3.9753415885703407, 3.772887953429733, 3.643889495023366]",,True,17.47818791703321,5.000666888962988,0.0001333777925976,0.0001333777925976,True,True,1.0,,2.0,"[5.000666888962988, 10.000333444481495, 12.49783261087029, 15.0, 14.509836612204069]",31.846996544421938,27.657271457924654,3.928571428571429,445.7660546604808,16,1.0,"[31.846996544421934, 23.9746267369992, 20.98598305653697, 19.797066700012437, 12.30648498759375]",,True,0.1593760000541806,5.000666888962988,0.0001333777925976,0.0001333777925976,True,True,1.0,3.0,2.0,"[5.000666888962988, 10.000333444481495, 2.4984994998332777, 14.995331777259088, 1.6675558519506501]",15.241664689124024,0.0027813359337194,1.5,445.69167668426087,0.0003807912106288,"[15.241664689124024, 10.47590300532237, 8.167647420468738, 8.157873932163682, 6.392107930734433]",,True,17.669826375087723,5.000666888962988,0.0001333777925976,0.0001333777925976,True,True,1.0,,2.0,"[5.000666888962988, 10.000333444481495, 12.49783261087029, 15.0, 14.509836612204069]",31.49968896046581,26.735057955478137,3.928571428571429,445.7660312026604,16,1.0,"[31.49968896046581, 23.777470863356957, 20.903255002718794, 19.539022464350765, 11.868565596865567]",,True,0.1412114580161869,5.000666888962988,0.0001333777925976,0.0001333777925976,True,True,1.0,,2.0,"[5.000666888962988, 10.000333444481495, 6.6765588529509845, 6.961320440146716, 6.783927975991998]",4.462382273646026,0.0139602295453521,3.9,445.75417668426087,0.0011987120603455,"[4.462382273646026, 2.9122290096230823, 2.4605118913969752, 2.4029068675662817, 2.335249812477796]",,True,14.862942749867216,5.005335111703902,0.0010670223407803,0.0010670223407803,True,True,1.0,2.0,3.0,"[5.005335111703902, 2.5031677225741915, 9.986328776258754, 7.512170723574525, 14.995331777259088]",6.169105051851738,5.97492101057574,10.0,445.93540842420595,18,1.0,"[6.169105051851738, 5.491646016515394, 4.817780647351103, 4.752584559189776, 4.1501961975347985]",
11086270,5,confirmed_planet_host,0,2.0,444.4107175600497,0.45,2.0,0.0005,185,0.0005003873439096,62.507642612634854,0.0005003873439096,62.507642612634854,1.0,1.0,0.0001593653300219,0.3797020922643045,0.0265698749572038,True,0.0001567809282213,16.900897575567264,0.3133191319277219,0.2703812984966263,0.0001611339137421,-0.0289225141227167,1.3691749998833984,True,33038.975313917224,2.1554052768695976e-09,1.6288733159795236e-08,0.0003229888613954,37.57609168935655,0.645477679095396,0.6011439580631567,0.0001531666664004,0.0960723755795887,0.3107135838363319,False,2273.9088453148943,512,1.0,2.804456916851446e-09,0.0004586640692303,51.895426954198655,0.9166180456258392,0.8302253098200968,0.0001615871163946,0.3958044095833055,True,0.1518796249292791,1.9989996665555188,0.0005001667222406,0.0005001667222406,True,True,1.0,2.0,3.0,"[1.9989996665555188, 1.0, 4.00166722240747, 5.999666555518506, 7.997665888629544]",23.6783282437872,0.0055157757145928,2.7,444.42946756004966,0.0003583213328596,"[23.6783282437872, 17.3745300920372, 16.56428348402519, 13.47854455663726, 13.273692924413986]",,True,17.53424754086882,1.0,0.0,0.5,True,False,,1.0,3.0,"[1.0, 5.999666555518506, 4.00166722240747, 7.997665888629544, 10.000333444481495]",20.18438465697447,19.365215329419755,1.5,444.4297484752566,91,0.7362637362637363,"[20.18438465697447, 16.369675771791275, 15.684902776211466, 14.64489635067332, 14.467208141310056]",,True,0.1643478751648217,1.9989996665555188,0.0005001667222406,0.0005001667222406,True,True,1.0,2.0,3.0,"[1.9989996665555188, 1.0, 4.00166722240747, 5.999666555518506, 7.997665888629544]",27.918042660619268,0.00375335454125,1.5,444.41696756004967,0.0003200811832787,"[27.918042660619268, 22.246009265058163, 18.911182860442295, 17.13437868300982, 16.358180913973527]",,True,14.526226499816405,1.0,0.0,0.5,True,False,,1.0,2.0,"[1.0, 4.00166722240747, 5.999666555518506, 7.997665888629544, 10.000333444481495]",16.51864775276293,19.065012418406305,2.7142857142857144,444.4346121178728,91,0.7802197802197802,"[16.51864775276293, 16.150027638797606, 16.07794580777224, 14.983120890471872, 14.165660317117077]",,True,0.1470962080638855,1.9989996665555188,0.0005001667222406,0.0005001667222406,True,True,1.0,2.0,3.0,"[1.9989996665555188, 1.0, 4.00166722240747, 5.999666555518506, 7.997665888629544]",22.58771560822889,0.0049396329490338,1.5,444.42946756004966,0.0004226879496435,"[22.58771560822889, 18.618160034154744, 15.62611324941336, 12.974658630172106, 12.137090673955061]",,True,14.209797041025013,1.0,0.0,0.5,True,False,,1.0,2.0,"[1.0, 3.996998999666556, 5.999666555518506, 8.011670556852284, 2.9979993331110375]",18.011275637233528,15.464795602796457,5.142857142857142,443.54643184576395,90,0.8111111111111111,"[18.011275637233528, 15.295125124173166, 13.87414212728855, 12.099387889598685, 11.48137606357939]",
11086270,5,confirmed_planet_host,1,2.0,444.4107175600497,0.45,2.0,0.001,185,0.0010003873439096,124.96689880030314,0.0010003873439096,124.96689880030314,1.0,1.0,0.000234856745608,0.5763740376061963,0.0225324172060936,True,0.0002778432691445,29.898213294861232,0.2777356899166228,0.239249061806667,0.0002130938206916,0.1568531867139769,0.683632749831304,True,31699.64735281276,1.7544717565350763e-08,1.5106633873813257e-08,0.0002522135503206,26.504217626637075,0.252115894764345,0.2120899044553451,0.0002063590744188,0.0273676830824459,0.3463051249273121,False,-463.9655146121279,512,1.0,2.804456916851446e-09,0.0008858053321707,79.59907393916033,0.8854623537208597,0.63696126496953,0.0002415080767517,0.5989456277767943,True,0.1479680419433862,1.9989996665555188,0.0005001667222406,0.0005001667222406,True,True,1.0,2.0,3.0,"[1.9989996665555188, 1.0, 4.00166722240747, 5.999666555518506, 7.997665888629544]",30.228560019452157,0.0110262266353073,2.7,444.42946756004966,0.0007162967511393,"[30.228560019452157, 21.993234711249208, 21.253210146240264, 17.691719571588134, 16.129510437143832]",,True,18.557521250098944,5.999666555518506,0.4999166388796265,1.9998332777592531,False,False,,3.0,2.0,"[5.999666555518506, 4.00166722240747, 1.0, 8.002334111370457, 10.000333444481495]",32.39235087974959,29.94746474345873,1.5,444.42970027324816,15,1.0,"[32.39235087974959, 32.378076161643385, 31.715687845596374, 28.89149368630802, 26.87160698711908]",,True,0.1830125420819968,1.9989996665555188,0.0005001667222406,0.0005001667222406,True,True,1.0,2.0,3.0,"[1.9989996665555188, 1.0, 4.00166722240747, 5.999666555518506, 7.997665888629544]",29.882431056259342,0.0051520022968148,1.5,444.41696756004967,0.0004393560409217,"[29.882431056259342, 22.90230767668744, 21.604741217902138, 17.61730564357261, 15.844823846018315]",,True,14.125845999922603,4.00166722240747,0.0004168056018674,1.0008336112037348,True,False,,3.0,1.0,"[4.00166722240747, 5.999666555518506, 1.0, 7.997665888629544, 10.000333444481495]",29.55912363591509,26.597586598149547,1.5,446.4105096250918,23,1.0,"[29.55912363591509, 28.047384799676347, 25.953356757008713, 24.3024503634634, 23.05165501662465]",,True,0.1393115830142051,1.9989996665555188,0.0005001667222406,0.0005001667222406,True,True,1.0,2.0,3.0,"[1.9989996665555188, 1.0, 4.00166722240747, 5.999666555518506, 7.997665888629544]",25.1043979186229,0.0096278759967201,1.5,444.42946756004966,0.0008238642843437,"[25.1043979186229, 20.975317186059506, 17.426132607132505, 14.743907866775407, 13.211187755424254]",,True,14.309618999948723,1.0,0.0,0.5,True,False,,1.0,2.0,"[1.0, 3.996998999666556, 5.999666555518506, 8.007002334111371, 5.000666888962988]",30.006179441932808,22.6789732281568,5.142857142857142,444.50561551923334,90,0.8,"[30.006179441932808, 22.65888038920275, 19.853247239452813, 17.398626687362245, 17.357736592572625]",
11086270,5,confirmed_planet_host,2,2.0,444.4107175600497,0.45,4.0,0.0005,373,0.0004973660614147,87.85022770056734,0.0004973660614147,87.85022770056734,1.0,1.0,0.0001862862784884,0.5488312649123603,0.0314980829134583,True,6.473922259194735e-05,9.825667841778229,0.1301641338530342,0.1118456730159934,0.0001605691420653,-0.0255595273055177,0.6089719580486417,True,32955.04677823776,5.184895297241541e-09,1.303580457745038e-08,0.0001138698099804,18.01740230747059,0.2289456776695829,0.2050922664524207,0.0001560410300127,-0.0064325275711752,0.5730653328355402,False,1690.0693147170316,512,1.0,2.90600480373268e-09,0.0004210484755377,64.77798757219877,0.8465565067710697,0.7373684652587466,0.0001796214050949,0.5131429599815486,True,0.2170475418679416,1.9989996665555188,0.0005001667222406,0.0005001667222406,True,True,1.0,2.0,3.0,"[1.9989996665555188, 1.0, 4.00166722240747, 5.999666555518506, 7.997665888629544]",27.535131176371458,0.0085556245817404,3.9,444.42946756004966,0.0004678177207442,"[27.535131176371458, 19.48795694832682, 19.153797332117556, 15.399607845020057, 14.600362930422037]",,True,20.835830458905548,5.999666555518506,0.4999166388796265,1.9998332777592531,False,False,,3.0,5.0,"[5.999666555518506, 10.000333444481495, 1.0, 7.997665888629544, 4.00166722240747]",20.56243427068438,17.042817598434787,3.928571428571429,448.4188521277212,14,0.9285714285714286,"[20.56243427068438, 17.895184499643484, 17.100627552157928, 16.701734724353113, 16.224206833230653]",,True,0.2072698748670518,1.9989996665555188,0.0005001667222406,0.0005001667222406,True,True,1.0,2.0,3.0,"[1.9989996665555188, 1.0, 4.00166722240747, 5.999666555518506, 8.002334111370457]",20.529304821358984,0.0030758992303489,1.5,444.36696756004966,0.0002650327347205,"[20.529304821358984, 15.53491434446289, 14.075648178766862, 12.343263749080455, 11.010376816167373]",,True,15.322056125150992,5.999666555518506,0.4999166388796265,1.9998332777592531,False,False,,2.0,5.0,"[5.999666555518506, 1.0, 10.000333444481495, 7.997665888629544, 4.00166722240747]",20.57105970881866,17.27118328450788,3.928571428571429,448.41882518039023,14,0.9285714285714286,"[20.57105970881866, 19.72185290666937, 17.85316845954906, 17.17854192552661, 16.883722482492622]",,True,0.1463802920188754,1.9989996665555188,0.0005001667222406,0.0005001667222406,True,True,1.0,2.0,3.0,"[1.9989996665555188, 1.0, 4.00166722240747, 5.999666555518506, 8.002334111370457]",27.988634648045057,0.007100642855624,3.9,444.42946756004966,0.000388259971531,"[27.988634648045057, 23.992261798164566, 18.892140623128387, 15.662362326003892, 13.920587374306306]",,True,14.432445958955212,1.9989996665555188,0.0005001667222406,0.0005001667222406,True,True,1.0,2.0,3.0,"[1.9989996665555188, 1.0, 3.996998999666556, 5.999666555518506, 3.002667555851951]",18.051603003397336,17.67285786574077,3.928571428571429,444.50027183040737,46,1.0,"[18.051603003397336, 16.826938250513315, 13.624951452675948, 12.310510241350967, 11.242260759157123]",
11086270,5,confirmed_planet_host,3,2.0,444.4107175600497,0.45,4.0,0.001,373,0.0009973660614147,176.16569041094692,0.0009973660614147,176.16569041094692,1.0,1.0,0.0003035127424092,0.7481418895043456,0.0208755829371511,True,6.802370263036553e-05,10.300209584181648,0.0682033460551827,0.0584688741613309,0.0002122394847065,0.1621090436204646,0.7623895420692861,True,31697.00894519227,2.0310049866356125e-08,1.3053628289528424e-08,8.673223235161237e-05,12.58590368952628,0.086961283030408,0.0714435578242663,0.0002064307694356,-0.005605889034886,0.3264055419713259,False,-2550.132801422318,512,1.0,2.90600480373268e-09,0.0008050897849333,87.22914252637331,0.8072159421500115,0.495153978750864,0.0002851730751806,0.7138899291127175,True,0.1472982079721987,1.9989996665555188,0.0005001667222406,0.0005001667222406,True,True,1.0,2.0,3.0,"[1.9989996665555188, 1.0, 4.00166722240747, 5.999666555518506, 7.997665888629544]",31.52901275897645,0.0170783701178188,3.9,444.42946756004966,0.0009338376299955,"[31.52901275897645, 22.01067323119063, 21.8807031135534, 18.035263143504917, 16.176803640058]",,True,17.25099983299151,5.999666555518506,0.4999166388796265,1.9998332777592531,False,False,,2.0,,"[5.999666555518506, 1.0, 7.997665888629544, 10.000333444481495, 9.001333777925977]",40.89157506026379,33.013616602148204,3.928571428571429,448.4188521277212,14,0.9285714285714286,"[40.89157506026379, 37.39065668315044, 34.72519930406838, 34.191426743187215, 33.71008095176801]",,True,0.1816782501991838,1.9989996665555188,0.0005001667222406,0.0005001667222406,True,True,1.0,2.0,3.0,"[1.9989996665555188, 1.0, 4.00166722240747, 5.999666555518506, 8.002334111370457]",26.99775942168611,0.0048896994157107,1.5,444.36696756004966,0.0004213175761158,"[26.99775942168611, 20.48202890508288, 19.030743723301146, 16.220461710476506, 14.559033123639072]",,True,14.81381466682069,5.999666555518506,0.4999166388796265,1.9998332777592531,False,False,,5.0,,"[5.999666555518506, 7.997665888629544, 10.000333444481495, 9.001333777925977, 1.0]",38.67406882288286,31.152782038182824,3.928571428571429,448.41882518039023,14,0.9285714285714286,"[38.67406882288286, 32.2643982014733, 32.22218611106417, 31.635228912741045, 29.664494761033325]",,True,0.1484129161108285,1.9989996665555188,0.0005001667222406,0.0005001667222406,True,True,1.0,2.0,3.0,"[1.9989996665555188, 1.0, 4.00166722240747, 5.999666555518506, 8.002334111370457]",30.59069514773005,0.0137366580147389,3.9,444.42946756004966,0.0007511143086868,"[30.59069514773005, 26.58604828804584, 20.81805144737266, 17.21237184524096, 15.270359273004999]",,True,14.713988333009183,1.0,0.0,0.5,True,False,2.0,1.0,3.0,"[1.0, 1.9989996665555188, 3.996998999666556, 3.002667555851951, 6.013671223741247]",27.552424058509235,19.06503080800705,2.7142857142857144,443.5366529341993,90,0.8444444444444444,"[27.552424058509235, 25.3507436386533, 18.45548541044408, 17.15014774468744, 15.740822382502508]",
11086270,5,confirmed_planet_host,4,5.0,445.76071756004967,0.45,2.0,0.0005,71,0.000505732689862,39.220067927254895,0.000505732689862,39.220067927254895,1.0,1.0,0.0001382666200996,0.2508025058634254,0.0202864999882876,True,0.0001457717803336,9.918879466137422,0.2882387934492278,0.2529031689729576,0.0001489313823923,-0.1065212036376134,1.0810430420096964,True,33597.07814198032,8.054392388821095e-11,1.7056140777028522e-08,0.0004654695231554,37.08654233582764,0.9203864659854166,0.94560117551595,0.0001352608311268,0.1612623724420299,0.2336855421308428,False,2875.358573506477,512,1.0,2.606778982763979e-09,0.0004848444751453,37.697508310322384,0.9586971237268004,0.9611790673143008,0.0001393723347452,0.2621075870922355,True,0.147691500140354,5.000666888962988,0.0001333777925976,0.0001333777925976,True,True,1.0,3.0,2.0,"[5.000666888962988, 10.000333444481495, 2.4984994998332777, 15.0, 1.6675558519506501]",19.498586731665153,0.003525203412898,1.5,445.7544675600497,0.0004871099671164,"[19.498586731665153, 14.335689026289252, 13.025660436805069, 10.525851973492685, 9.605602106220754]",,True,16.784524332964793,5.000666888962988,0.0001333777925976,0.0001333777925976,True,True,1.0,,2.0,"[5.000666888962988, 9.99566522174058, 15.0, 7.502834278092698, 11.998332777592532]",16.988707274481836,16.72898711116188,1.5,445.7769825873075,18,1.0,"[16.988707274481836, 11.858964451025543, 11.793728226987614, 10.09085917481005, 9.232155979960567]",,True,0.1507860831916332,5.000666888962988,0.0001333777925976,0.0001333777925976,True,True,1.0,3.0,2.0,"[5.000666888962988, 10.000333444481495, 2.4984994998332777, 14.995331777259088, 1.6675558519506501]",23.00736259750985,0.0033234972452058,1.5,445.7544675600497,0.0004592383599483,"[23.00736259750985, 17.06107265850854, 15.226971212336124, 12.951691303267651, 11.630497640825142]",,True,14.442008416866884,5.000666888962988,0.0001333777925976,0.0001333777925976,True,True,1.0,4.0,2.0,"[5.000666888962988, 10.005001667222409, 14.995331777259088, 2.4984994998332777, 7.498166055351785]",17.97151280205923,15.984087255801288,5.142857142857142,445.832441468019,17,1.0,"[17.97151280205923, 13.48401132202492, 12.180008418056797, 11.635586457851415, 10.415317431115056]",,True,0.1550622081849724,5.000666888962988,0.0001333777925976,0.0001333777925976,True,True,1.0,3.0,2.0,"[5.000666888962988, 10.000333444481495, 2.4984994998332777, 15.0, 1.6675558519506501]",16.857779990325934,0.0034804818275874,1.5,445.7544675600497,0.0004809303719559,"[16.857779990325934, 11.817355470419537, 10.855309421366297, 9.728116436637709, 8.457337895008639]",,True,14.381350958021358,5.000666888962988,0.0001333777925976,0.0001333777925976,True,True,1.0,3.0,2.0,"[5.000666888962988, 9.99566522174058, 2.4984994998332777, 15.0, 12.488496165388463]",15.469181854015762,13.499939110727697,5.142857142857142,445.832441468019,17,0.9411764705882352,"[15.469181854015762, 11.943993003681312, 10.745739334257943, 10.676571351174685, 10.203786330339444]",
11086270,5,confirmed_planet_host,5,5.0,445.76071756004967,0.45,2.0,0.001,71,0.001005732689862,77.99556011261676,0.001005732689862,77.99556011261676,1.0,1.0,0.0001749703388044,0.4323495424850693,0.0217693329323083,True,0.0003174698120841,21.616714432994673,0.315660229884433,0.2771531405349559,0.0001728877131153,0.0195979904630537,0.8424488748423755,True,32661.223763227023,4.453176868072868e-09,1.6559904354682672e-08,0.0004685398011204,34.14777905707633,0.4658691179509678,0.437816960449682,0.0001668259491218,0.0763707827796487,0.311745666898787,False,1747.4258353446555,512,1.0,2.606778982763979e-09,0.0009369478747877,67.82371813356751,0.93160725929701,0.8695843460273602,0.0001784684603968,0.4547649193012276,True,0.1430297920014709,5.000666888962988,0.0001333777925976,0.0001333777925976,True,True,1.0,3.0,2.0,"[5.000666888962988, 10.000333444481495, 2.4984994998332777, 15.0, 1.6675558519506501]",25.864746545539383,0.0071289989803385,1.5,445.7544675600497,0.0009850797392797,"[25.864746545539383, 18.585458692002536, 16.955645830091314, 14.118120778923988, 12.932228817682997]",,True,18.3437313339673,5.000666888962988,0.0001333777925976,0.0001333777925976,True,True,1.0,,2.0,"[5.000666888962988, 10.000333444481495, 15.0, 12.49783261087029, 7.498166055351785]",34.58372739036673,33.77922467557265,1.5,445.7769825873075,18,1.0,"[34.58372739036673, 24.36872148156757, 22.324924367572798, 18.08315711072133, 17.89161168651866]",,True,0.4555109168868512,5.000666888962988,0.0001333777925976,0.0001333777925976,True,True,1.0,3.0,2.0,"[5.000666888962988, 10.000333444481495, 2.4984994998332777, 15.0, 1.6675558519506501]",34.086892771661276,0.0047466637053144,1.5,445.74196756004966,0.0006558904354139,"[34.086892771661276, 22.590944954927085, 20.355875487352062, 18.39052168101742, 15.666246289118153]",,True,15.353230457985774,5.000666888962988,0.0001333777925976,0.0001333777925976,True,True,1.0,,2.0,"[5.000666888962988, 10.000333444481495, 15.0, 7.498166055351785, 12.49783261087029]",37.7630053660003,35.280826766426415,1.5,445.7769594961373,18,1.0,"[37.7630053660003, 26.118909733435693, 23.117923169846133, 20.00237023315589, 19.514775589123616]",,True,0.14680300001055,5.000666888962988,0.0001333777925976,0.0001333777925976,True,True,1.0,3.0,2.0,"[5.000666888962988, 10.000333444481495, 2.4984994998332777, 15.0, 1.6675558519506501]",22.38564201627955,0.0068024955574442,1.5,445.7544675600497,0.0009399637408645,"[22.38564201627955, 15.350288997870049, 14.145439184835656, 12.868405725765106, 11.642412228514125]",,True,18.81292941700667,5.000666888962988,0.0001333777925976,0.0001333777925976,True,True,1.0,2.0,3.0,"[5.000666888962988, 2.4984994998332777, 9.99566522174058, 7.502834278092698, 12.488496165388463]",26.675784752283025,24.18263823132798,5.142857142857142,445.832441468019,17,0.9411764705882352,"[26.675784752283022, 26.405801947119752, 20.089301970614393, 17.9280598254843, 17.611997945310645]",
11086270,5,confirmed_planet_host,6,5.0,445.76071756004967,0.45,4.0,0.0005,143,0.0004889219641853,54.03883038276311,0.0004889219641853,54.03883038276311,1.0,1.0,0.0001495938947004,0.364639967965951,0.0218377918936312,True,6.605928811577249e-05,6.399544420339705,0.1351121302677533,0.118424924725628,0.000148109871764,-0.1047619844293563,0.5152257080189884,True,33470.88566001968,1.657369320524595e-09,1.3638593335027924e-08,0.0001874612894478,19.881460613286333,0.3834176068570876,0.3679106389324808,0.0001391536517677,0.0192913755784895,0.2087961249053478,False,2609.1962742175674,512,1.0,2.651552342268225e-09,0.0004452421782757,48.66227302610027,0.9106610275069472,0.9005056675249987,0.0001481901404351,0.3525396262143254,True,0.1824784998316317,5.000666888962988,0.0001333777925976,0.0001333777925976,True,True,1.0,3.0,2.0,"[5.000666888962988, 10.000333444481495, 2.4984994998332777, 15.0, 1.6675558519506501]",21.86360189210079,0.0054698269478032,3.9,445.7544675600497,0.0004713038646132,"[21.86360189210079, 15.219584831987868, 13.398229221754251, 11.863269705382002, 10.199344289424822]",,True,19.965751624898985,5.000666888962988,0.0001333777925976,0.0001333777925976,True,True,1.0,,2.0,"[5.000666888962988, 10.000333444481495, 15.0, 7.498166055351785, 11.998332777592532]",22.47942769110189,21.14517532930979,3.928571428571429,445.7663451696195,16,1.0,"[22.479427691101886, 17.121393088699566, 15.498365717876462, 10.905304514429098, 9.261903490594218]",,True,0.174196874955669,5.000666888962988,0.0001333777925976,0.0001333777925976,True,True,1.0,3.0,2.0,"[5.000666888962988, 10.000333444481495, 2.4984994998332777, 15.0, 1.6675558519506501]",22.047645264923048,0.0026374382233264,2.7,445.72946756004967,0.0002707342949621,"[22.047645264923048, 14.783601123631863, 13.637105834739739, 12.297425358000078, 10.476345275828267]",,True,16.74064337508753,5.000666888962988,0.0001333777925976,0.0001333777925976,True,True,1.0,5.0,2.0,"[5.000666888962988, 10.000333444481495, 15.0, 7.498166055351785, 2.4984994998332777]",24.50147785967567,22.01872886726047,3.928571428571429,445.7663220784492,16,1.0,"[24.501477859675674, 17.518612913637945, 16.193412951935386, 11.7425443455626, 11.48618444312238]",,True,0.1473027919419109,5.000666888962988,0.0001333777925976,0.0001333777925976,True,True,1.0,3.0,2.0,"[5.000666888962988, 10.000333444481495, 2.4984994998332777, 15.0, 1.6675558519506501]",21.65351680870265,0.0051336636531331,3.9,445.7544675600497,0.0004423385862907,"[21.65351680870265, 14.55712476020581, 13.069872290832283, 12.259853135906086, 10.86679092645741]",,True,18.7229930839967,5.000666888962988,0.0001333777925976,0.0001333777925976,True,True,1.0,2.0,3.0,"[5.000666888962988, 2.4984994998332777, 9.99566522174058, 14.990663554518173, 7.507502500833612]",15.310531294643726,13.045293481625563,3.928571428571429,445.9091982752768,17,1.0,"[15.310531294643726, 12.979958267364129, 12.599437272391484, 10.830800110262894, 10.760344395416865]",
11086270,5,confirmed_planet_host,7,5.0,445.76071756004967,0.45,4.0,0.001,143,0.0009889219641853,109.3020772209442,0.0009889219641853,109.3020772209442,1.0,1.0,0.0002116124226182,0.6151601033132782,0.0260283329989761,True,6.609364851372677e-05,6.391604382960207,0.0668340383845911,0.058476513397272,0.0001715756682357,0.0257872990038391,0.4805434581357986,True,32639.64972444399,7.860088278399918e-09,1.3085960432312121e-08,0.000129116944576,12.779063892166882,0.1305633298198852,0.1169151055229734,0.0001675264988671,-0.0072615122264113,0.2907710000872612,False,712.4646528669384,512,1.0,2.651552342268225e-09,0.0008114281914003,77.32257755701178,0.8205179182857417,0.7074209340112652,0.0002033030548804,0.5843942822718343,True,0.1331713341642171,5.000666888962988,0.0001333777925976,0.0001333777925976,True,True,1.0,3.0,2.0,"[5.000666888962988, 10.000333444481495, 2.4984994998332777, 15.0, 1.6675558519506501]",25.90373005017099,0.01113810747235,3.9,445.7544675600497,0.0009597073447277,"[25.90373005017099, 17.94319884367106, 16.071884901352718, 14.205171467701234, 12.27448109884374]",,True,17.059393166098744,5.000666888962988,0.0001333777925976,0.0001333777925976,True,True,1.0,,2.0,"[5.000666888962988, 10.000333444481495, 15.0, 7.498166055351785, 12.49783261087029]",44.62357649873323,41.07159280209573,3.928571428571429,445.7663451696195,16,1.0,"[44.62357649873323, 33.207540169254635, 29.42884934176666, 20.755686245970963, 16.6068379544302]",,True,0.1884025828912854,5.000666888962988,0.0001333777925976,0.0001333777925976,True,True,1.0,4.0,2.0,"[5.000666888962988, 10.000333444481495, 15.0, 2.4984994998332777, 1.6675558519506501]",27.831928473531317,0.0039556007847312,1.5,445.6919675600497,0.0005415584458323,"[27.831928473531317, 19.4939568581519, 16.445863826658666, 15.670152255562588, 12.962987530846778]",,True,17.734845417086035,5.000666888962988,0.0001333777925976,0.0001333777925976,True,True,1.0,,2.0,"[5.000666888962988, 10.000333444481495, 15.0, 7.498166055351785, 12.49783261087029]",46.17259116310841,41.18038948633962,3.928571428571429,445.7663220784492,16,1.0,"[46.17259116310841, 33.251630621745484, 29.349746659192995, 20.079531355726964, 17.35111363075736]",,True,0.1509727081283927,5.000666888962988,0.0001333777925976,0.0001333777925976,True,True,1.0,3.0,2.0,"[5.000666888962988, 10.000333444481495, 2.4984994998332777, 15.0, 1.6675558519506501]",23.771549243800383,0.0094076654012465,3.9,445.7544675600497,0.0008106049977278,"[23.771549243800386, 15.795025227931305, 15.04694807949638, 13.557262090448035, 10.978926121630218]",,True,16.634292291942984,5.000666888962988,0.0001333777925976,0.0001333777925976,True,True,1.0,2.0,3.0,"[5.000666888962988, 2.5031677225741915, 10.000333444481495, 7.502834278092698, 14.995331777259088]",23.801039086594383,22.75097159067312,5.142857142857142,445.832441468019,17,1.0,"[23.801039086594386, 23.58296099721847, 18.412041343243814, 17.996024002959743, 15.559602979646106]",
2692377,5,confirmed_planet_host,0,2.0,444.41089169414624,0.45,2.0,0.0005,188,0.0005264517488831,3.272779597098684,0.0005264517488831,3.272779597098684,1.0,1.0,0.0019515060777943,0.9950433461235458,0.0237502909731119,True,0.000159069841843,14.409613742075024,0.3021546460440566,4.40286713925042,0.0001809276544266,-0.0337867621646027,0.7367037499789149,True,32436.42533145534,6.475642142231371e-09,1.6388707078756337e-08,0.0002396694982335,22.17235631268923,0.4552544440056251,6.7747783359273575,0.0001755501694576,0.044992333454638,0.3062130420003086,True,2975.8310814304205,512,3.187777090066023,1.0246464180664903e-06,0.0004884045754871,36.15805382597085,0.9277290397900432,11.048117587271973,0.0002223461440362,0.6199074939302573,True,0.1425234589260071,14.967322440813604,2.741830610203402,6.483661220406803,False,False,,,,"[14.967322440813605, 14.803934644881629, 14.645215071690565, 14.495831943981328, 11.270090030010005]",2.605509094093202,0.0162041317373325,9.9,455.41714169414627,0.0014874229124803,"[2.6055090940932026, 2.508017801493858, 2.3491557240640804, 2.052348205923222, 2.037644147998711]",,True,17.700190833071247,4.00166722240747,0.0004168056018674,1.0008336112037348,True,False,,4.0,1.0,"[4.00166722240747, 5.999666555518506, 7.997665888629544, 1.0, 10.000333444481495]",14.49320661321981,14.144300591426962,1.5,446.4107014607074,23,0.9565217391304348,"[14.49320661321981, 13.397953006945762, 11.70614140501023, 11.5785440650603, 10.752199495959433]",,True,0.1638935001101344,1.9989996665555188,0.0005001667222406,0.0005001667222406,True,True,1.0,2.0,3.0,"[1.9989996665555188, 1.0, 4.00166722240747, 1.541513837945982, 5.999666555518506]",21.226839503837216,0.0029253863142879,1.5,444.41714169414627,0.0002503283197977,"[21.226839503837216, 17.485484483760338, 16.860198173258546, 15.587387219765732, 13.931148652771014]",,True,14.53006870788522,4.00166722240747,0.0004168056018674,1.0008336112037348,True,False,,2.0,1.0,"[4.00166722240747, 1.0, 5.999666555518506, 7.997665888629544, 10.000333444481495]",15.250775166530468,14.214322142201045,1.5,446.4106837591884,23,1.0,"[15.250775166530468, 13.684636756019074, 13.373864938857253, 12.221832480824732, 11.562675732650522]",,True,0.1412597091402858,1.9989996665555188,0.0005001667222406,0.0005001667222406,True,True,1.0,3.0,2.0,"[1.9989996665555188, 4.00166722240747, 1.0, 5.999666555518506, 10.005001667222409]",8.746724218075826,0.0055014407605595,2.7,444.42964169414626,0.0003573924526813,"[8.746724218075826, 5.990697071086802, 5.428562525068598, 5.074355001063299, 4.955348628694327]",,True,14.343716334085912,1.9989996665555188,0.0005001667222406,0.0005001667222406,True,True,1.0,3.0,2.0,"[1.9989996665555188, 4.00166722240747, 1.0, 6.0043347782594205, 7.003334444814938]",13.890853329044807,12.66397809866546,7.571428571428571,444.5763388216468,45,0.9777777777777776,"[13.890853329044809, 10.80501106611312, 10.244459597815915, 9.20605826084914, 8.799903160596443]",
2692377,5,confirmed_planet_host,1,2.0,444.41089169414624,0.45,2.0,0.001,188,0.0010264517488831,6.381117259611642,0.0010264517488831,6.381117259611642,1.0,1.0,0.0019591837500308,0.9931563371697824,0.0207289578393101,True,0.0002212570784131,19.996880453708517,0.2155552646813757,3.1337585002983532,0.0002246818188427,0.1121046866740989,0.6731533750426024,True,31407.823089811165,2.1582134507472183e-08,1.5845195625664632e-08,0.0002485988688045,21.94741118234087,0.2421924548085938,3.4394307907886024,0.0002202729840564,0.0269420233097383,0.2306444169953465,True,2967.4951506242396,512,3.184252634165267,1.016212567735474e-06,0.0009798820701458,72.70342580733303,0.9546304258451904,11.393526062825838,0.0002840497181579,0.6763108027400998,True,0.1393746670801192,14.967322440813604,2.741830610203402,6.483661220406803,False,False,,,,"[14.967322440813605, 14.803934644881629, 14.645215071690565, 14.495831943981328, 11.330776925641882]",2.5879608160944,0.0165201773767442,9.9,455.41714169414627,0.0015164336322813,"[2.5879608160944, 2.408569879214925, 2.294980831751929, 1.9949034115718363, 1.9924086707845525]",,True,18.618732082890347,4.00166722240747,0.0004168056018674,1.0008336112037348,True,False,,3.0,1.0,"[4.00166722240747, 5.999666555518506, 1.0, 7.997665888629544, 10.000333444481495]",29.09775314004479,26.333328207448737,1.5,446.4107014607074,23,0.9565217391304348,"[29.097753140044794, 25.321665492764488, 23.11989103682795, 21.23315043057775, 19.84317463405245]",,True,0.1818609999027103,1.9989996665555188,0.0005001667222406,0.0005001667222406,True,True,1.0,2.0,3.0,"[1.9989996665555188, 1.0, 4.00166722240747, 5.999666555518506, 8.002334111370457]",30.644068153198138,0.0049641815980657,1.5,444.4046416941463,0.0004277368067538,"[30.644068153198138, 24.283338868930755, 23.198472777120916, 19.030703113282048, 15.716466267740719]",,True,14.052573417080566,4.00166722240747,0.0004168056018674,1.0008336112037348,True,False,,3.0,1.0,"[4.00166722240747, 5.999666555518506, 1.0, 7.997665888629544, 10.000333444481495]",26.255535750839588,24.360933740147896,1.5,446.4106837591884,23,1.0,"[26.255535750839588, 23.49293455124737, 21.623057355115254, 19.853178046498233, 18.179380910674]",,True,0.1372821249533444,1.9989996665555188,0.0005001667222406,0.0005001667222406,True,True,1.0,3.0,2.0,"[1.9989996665555188, 4.00166722240747, 1.0, 5.999666555518506, 7.997665888629544]",16.439981766030655,0.0110879890825748,2.7,444.42964169414626,0.0007203137843334,"[16.439981766030655, 11.613220852650551, 10.868485491086744, 9.570047860554437, 8.224690771003472]",,True,14.342044916003942,1.0,0.0,0.5,True,False,,1.0,2.0,"[1.0, 4.00166722240747, 6.0043347782594205, 7.997665888629544, 5.000666888962988]",23.25882903365606,17.581190547952275,2.7142857142857144,444.4551944152347,92,0.717391304347826,"[23.25882903365606, 19.03564867865257, 15.99558776544277, 14.265457137381496, 13.639963348613666]",
2692377,5,confirmed_planet_host,2,2.0,444.41089169414624,0.45,4.0,0.0005,372,0.000535367593954,4.652617796484273,0.000535367593954,4.652617796484273,1.0,1.0,0.0019539940137833,0.9949460157262356,0.02118262485601,True,5.3678627012203155e-05,6.75922396212263,0.1002649910424253,1.4527786845569397,0.0001830658138807,-0.0368940356693771,0.7986711668781936,True,32359.43953684458,8.178744368164859e-09,1.5430610460864124e-08,9.608593723750416e-05,12.36156143749038,0.1794765658635645,2.6569045595860743,0.0001785866987535,0.0131349239532835,0.2977954589296132,True,2975.495051580193,512,3.193794143362776,1.0182470833923383e-06,0.0004836023279733,50.452909492736595,0.903308929107274,10.84398325838436,0.0002412450460248,0.6700798337561389,True,0.1466942501720041,14.967322440813604,2.741830610203402,6.483661220406803,False,False,,,,"[14.967322440813605, 14.803934644881629, 14.645215071690565, 11.330776925641882, 14.481827275758587]",2.5792136912597576,0.0164792748245901,9.9,455.41714169414627,0.0015126790717631,"[2.5792136912597576, 2.4212351128335827, 2.2974915860589387, 1.9959200578734402, 1.9698110113776037]",,True,21.28139029094018,5.999666555518506,0.4999166388796265,1.9998332777592531,False,False,,5.0,2.0,"[5.999666555518506, 4.00166722240747, 10.000333444481495, 12.003001000333445, 1.0]",17.804407766089767,15.997548915522485,3.928571428571429,446.419137804568,16,0.875,"[17.804407766089767, 17.753928861878457, 14.588585328470383, 13.86372340244694, 13.610354916966205]",,True,0.1837771669961512,1.9989996665555188,0.0005001667222406,0.0005001667222406,True,True,1.0,2.0,3.0,"[1.9989996665555188, 1.0, 4.00166722240747, 1.541513837945982, 5.999666555518506]",19.716856990328797,0.0028583300355497,1.5,444.37964169414624,0.000245433979071,"[19.716856990328797, 15.773035857514008, 14.172495810158798, 13.98899678397521, 11.875092189757215]",,True,15.110428291838616,4.00166722240747,0.0004168056018674,1.0008336112037348,True,False,,4.0,1.0,"[4.00166722240747, 5.999666555518506, 7.997665888629544, 1.0, 10.000333444481495]",18.90280132972834,14.422205224738478,3.928571428571429,446.40002898877736,23,0.8260869565217391,"[18.90280132972834, 18.38629320511103, 15.669140145785583, 14.823551385653056, 14.72970799760051]",,True,0.1408009589649737,1.9989996665555188,0.0005001667222406,0.0005001667222406,True,True,1.0,2.0,3.0,"[1.9989996665555188, 1.0, 4.00166722240747, 5.999666555518506, 10.000333444481495]",12.962327131464209,0.0085098186712243,3.9,444.42964169414626,0.0004653176549891,"[12.962327131464207, 8.493798797620322, 8.395187162342184, 7.794027372147148, 7.119889453578137]",,True,14.536903999978676,1.9989996665555188,0.0005001667222406,0.0005001667222406,True,True,1.0,3.0,2.0,"[1.9989996665555188, 4.00166722240747, 1.0, 5.999666555518506, 2.9979993331110375]",13.2651652802162,12.09889001935443,7.571428571428571,444.5763388216468,45,0.9777777777777776,"[13.2651652802162, 10.888001226912605, 10.478561636116313, 9.573925207662443, 8.59868388814191]",
2692377,5,confirmed_planet_host,3,2.0,444.41089169414624,0.45,4.0,0.001,372,0.001035367593954,8.99787313975407,0.001035367593954,8.99787313975407,1.0,1.0,0.0019687025714424,0.9930055236720156,0.0190759170800447,True,6.185823023359177e-05,7.759143363596473,0.059745186728666,0.8623308245273333,0.0002281194245773,0.1038748081161621,0.5548392499331385,True,31332.853147830585,2.3880299327070803e-08,1.5229480478601476e-08,9.064292360826764e-05,11.110952471528762,0.0875466106314066,1.2348420897866146,0.0002240513295398,0.0059300222098618,0.2538682089652866,True,2965.2342769170755,512,3.195908930987322,9.961470824221328e-07,0.0009888224875778,103.44460974500178,0.9550448491453852,11.49656236960784,0.0003394619413641,0.7661860388749668,True,0.1511405000928789,1.9989996665555188,0.0005001667222406,0.0005001667222406,True,True,1.0,,,"[1.9989996665555188, 14.967322440813605, 14.803934644881629, 14.645215071690565, 11.998332777592532]",2.522157152074178,0.0174600503250545,3.9,444.42964169414626,0.0009547171317197,"[2.522157152074178, 2.4415128804866, 2.190177893638393, 2.110500078695643, 1.9538357181123975]",,True,17.153735417174175,4.00166722240747,0.0004168056018674,1.0008336112037348,True,False,,,1.0,"[4.00166722240747, 5.999666555518506, 7.997665888629544, 10.000333444481495, 12.003001000333445]",35.90805471998248,26.542207833097873,3.928571428571429,446.4000466902964,23,0.8260869565217391,"[35.90805471998248, 35.589098859315904, 30.00136861378631, 27.917019762420427, 26.428998240230214]",,True,0.1627157498151064,1.9989996665555188,0.0005001667222406,0.0005001667222406,True,True,1.0,2.0,3.0,"[1.9989996665555188, 1.0, 4.00166722240747, 5.999666555518506, 8.002334111370457]",26.94985956111083,0.0046238268888739,1.5,444.36714169414626,0.0003984102735484,"[26.949859561110834, 22.15279024472614, 20.638643736096384, 17.24263601846717, 13.94675674193015]",,True,14.880046958802268,4.00166722240747,0.0004168056018674,1.0008336112037348,True,False,,,1.0,"[4.00166722240747, 5.999666555518506, 7.997665888629544, 10.000333444481495, 12.003001000333445]",35.60842569702289,25.43455628061252,3.928571428571429,446.40002898877736,23,0.8695652173913043,"[35.60842569702289, 35.37738894961054, 29.452735987921212, 27.360142467445417, 26.432567473457592]",,True,0.1491602919995784,1.9989996665555188,0.0005001667222406,0.0005001667222406,True,True,1.0,2.0,3.0,"[1.9989996665555188, 1.0, 4.00166722240747, 5.999666555518506, 10.000333444481495]",21.22540372269705,0.0169565661937638,3.9,444.42964169414626,0.0009271865738609,"[21.22540372269705, 14.349826253106913, 14.30606394514612, 12.620229620988596, 10.32505034984642]",,True,14.790400583064184,1.9989996665555188,0.0005001667222406,0.0005001667222406,True,True,1.0,2.0,3.0,"[1.9989996665555188, 1.0, 4.00166722240747, 3.002667555851951, 5.999666555518506]",24.73322626472752,23.641748713333044,7.571428571428571,444.5763388216468,45,1.0,"[24.73322626472752, 22.45962153184991, 19.12439147954902, 17.567728866649716, 16.007098600482426]",
2692377,5,confirmed_planet_host,4,5.0,445.76089169414627,0.45,2.0,0.0005,71,0.0007561087060396,2.8885529903799596,0.0007561087060396,2.8885529903799596,1.0,1.0,0.0019504585572138,0.9953863174502152,0.0260519159492105,True,0.0001412626632075,7.9724519973907,0.1868285103439969,2.7600158362827907,0.0001716521801549,-0.0901505963282559,0.6650002498645335,True,32737.645092073588,4.292973891663808e-09,1.5924612062091493e-08,0.0002529999724325,14.86761122614218,0.3346079345624008,5.147079273136859,0.0001643539389905,0.0250826787502507,0.2086213331203907,True,2983.7039644743436,512,3.1810104963254133,9.9922536578631e-07,0.0005509082783362,25.210712478140472,0.7286098862977666,8.727799892230559,0.0002102627188068,0.6033567466286615,True,0.1417813750449568,14.97199066355452,0.4971990663554519,1.994398132710904,False,False,,,,"[14.97199066355452, 14.803934644881629, 14.645215071690565, 14.495831943981328, 11.270090030010005]",2.612696322349856,0.0165626338915121,9.9,455.72964169414627,0.0015325966740991,"[2.612696322349856, 2.511449856892306, 2.273863313292845, 2.0270314807991747, 1.9996067481875748]",,True,17.362467041937634,5.000666888962988,0.0001333777925976,0.0001333777925976,True,True,1.0,,2.0,"[5.000666888962988, 10.000333444481495, 6.167722574191398, 3.0820273424474824, 15.0]",12.286663543752434,12.26837398996336,1.5,445.7771571159938,18,1.0,"[12.286663543752434, 10.978256457669643, 9.544179498556755, 9.143732138837144, 8.894912354335329]",,True,0.1682257079519331,1.541513837945982,0.3833944648216071,0.6916972324108036,False,False,2.0,,3.0,"[1.541513837945982, 5.000666888962988, 10.000333444481495, 3.0820273424474824, 4.627209069689897]",19.278589591089546,0.0024160981520497,1.5,444.9546416941463,0.000183324444671,"[19.278589591089546, 18.848814026181472, 11.897802442859476, 10.412255881558877, 10.138724685163531]",,True,14.643835499882698,5.000666888962988,0.0001333777925976,0.0001333777925976,True,True,1.0,,2.0,"[5.000666888962988, 10.000333444481495, 15.0, 6.167722574191398, 3.0820273424474824]",13.015174366579355,13.64184472336121,1.5,445.77713363023383,18,1.0,"[13.015174366579355, 10.790267454023022, 10.178688085947844, 9.330605456132627, 9.045837600484495]",,True,0.1461727081332355,5.000666888962988,0.0001333777925976,0.0001333777925976,True,True,1.0,,4.0,"[5.000666888962988, 14.990663554518173, 1.541513837945982, 9.99566522174058, 5.052017339113038]",7.057325614317473,0.004551712997181,2.7,445.7671416941463,0.0004672366671888,"[7.057325614317473, 5.260621415253685, 4.994506180493372, 4.976583519407357, 3.734112551351419]",,True,14.38666466716677,5.000666888962988,0.0001333777925976,0.0001333777925976,True,True,1.0,5.0,2.0,"[5.000666888962988, 10.000333444481495, 3.0820273424474824, 15.0, 2.4984994998332777]",9.032760534563964,8.585634965335526,7.571428571428571,445.924032610733,18,1.0,"[9.032760534563963, 7.797907673162042, 7.107839162135125, 6.902545058538511, 6.52081102697011]",
2692377,5,confirmed_planet_host,5,5.0,445.76089169414627,0.45,2.0,0.001,71,0.0012561087060396,4.798696973187434,0.0012561087060396,4.798696973187434,1.0,1.0,0.001953953225161,0.9946542243678724,0.0193417079281061,True,0.0002701322327353,15.181543000219785,0.2150548208419079,3.1636802834282243,0.0001910394641062,-0.00690223565555,1.0214230839628726,True,32170.68227318479,8.689037407634815e-09,1.6992606919079477e-08,0.0003701206642039,21.52909283641282,0.2946565551407848,4.486445582354113,0.0001863856666096,0.0411013204482978,0.2403937499038875,True,2980.385235744953,512,3.169512855528205,9.9922536578631e-07,0.0010481105096565,47.87147635041902,0.8344106721154404,9.97593234536362,0.0002398120833564,0.6438672636819169,True,0.1489323750138282,14.97199066355452,0.4971990663554519,1.994398132710904,False,False,,,,"[14.97199066355452, 14.803934644881629, 14.645215071690565, 11.270090030010005, 14.495831943981328]",2.7200247679930527,0.0175388766379693,9.9,455.72964169414627,0.0016229317256455,"[2.7200247679930527, 2.467611755110429, 2.2055418231819788, 1.9567914078646211, 1.9561122278626617]",,True,18.4163849579636,5.000666888962988,0.0001333777925976,0.0001333777925976,True,True,1.0,,2.0,"[5.000666888962988, 10.000333444481495, 15.0, 12.502500833611204, 7.498166055351785]",26.41144592606497,24.952752645612165,1.5,445.7771571159938,18,1.0,"[26.41144592606497, 20.955820547548242, 16.529321368046354, 15.198712343953286, 12.484253194028152]",,True,0.4792778331320733,5.000666888962988,0.0001333777925976,0.0001333777925976,True,True,1.0,4.0,2.0,"[5.000666888962988, 10.000333444481495, 15.0, 2.4984994998332777, 1.6675558519506501]",28.466646230947532,0.004227375988606,1.5,445.74214169414626,0.0005787677788104,"[28.466646230947532, 18.507930206509727, 14.781175425136688, 14.401699117946144, 12.779566173525996]",,True,15.549102999968454,5.000666888962988,0.0001333777925976,0.0001333777925976,True,True,1.0,,2.0,"[5.000666888962988, 10.000333444481495, 15.0, 12.49783261087029, 7.498166055351785]",26.934635987451784,26.44305984993929,1.5,445.77713363023383,18,1.0,"[26.934635987451784, 21.17598714491276, 17.366647509242284, 14.728151221774745, 11.992052459391896]",,True,0.1488049998879432,5.000666888962988,0.0001333777925976,0.0001333777925976,True,True,1.0,4.0,2.0,"[5.000666888962988, 9.99566522174058, 15.0, 2.4984994998332777, 1.6675558519506501]",12.756981489069478,0.0080905387560952,2.7,445.7671416941463,0.0008304997187874,"[12.756981489069478, 9.033766434667513, 7.852152897708085, 5.9847051681864745, 5.219188943289339]",,True,18.656127375084907,5.000666888962988,0.0001333777925976,0.0001333777925976,True,True,1.0,2.0,3.0,"[5.000666888962988, 2.4984994998332777, 10.000333444481495, 7.498166055351785, 15.0]",16.98426466134125,16.52429556403877,7.571428571428571,445.924032610733,18,1.0,"[16.98426466134125, 16.551224132743666, 13.403203660263507, 11.234713421422464, 11.071613992149057]",
2692377,5,confirmed_planet_host,6,5.0,445.76089169414627,0.45,4.0,0.0005,143,0.0007530240771763,4.071332872182474,0.0007530240771763,4.071332872182474,1.0,1.0,0.0019516999270322,0.9953920580082146,0.0281106659676879,True,6.330645237421606e-05,5.038277652835721,0.0840696257835506,1.2375007917578864,0.0001719045520442,-0.0840890245891098,0.72852124995552,True,32703.02115306986,5.096233535690647e-09,1.528553183090455e-08,0.0001309923625803,11.039033313115432,0.1739550786630312,2.711405247293833,0.0001656068334605,0.0123679011630583,0.2971749999560416,True,2985.6685332908237,512,3.1689656047485713,9.826590526112256e-07,0.0005686373091541,36.94722268428165,0.755138283607602,9.074969756642808,0.000221025486182,0.6403395156030265,True,0.1402149170171469,14.97199066355452,0.4971990663554519,1.994398132710904,False,False,,,,"[14.97199066355452, 14.803934644881629, 14.645215071690565, 14.495831943981328, 11.270090030010005]",2.6810020858504844,0.0173988386469178,9.9,455.72964169414627,0.0016099735354966,"[2.6810020858504844, 2.459999868563449, 2.207184397796195, 1.9503300630575184, 1.9332677634187363]",,True,20.376311749918383,5.000666888962988,0.0001333777925976,0.0001333777925976,True,True,1.0,,2.0,"[5.000666888962988, 10.000333444481495, 15.0, 7.498166055351785, 6.167722574191398]",16.161518263746544,16.586587599142202,3.928571428571429,445.76651969830584,16,1.0,"[16.161518263746544, 13.428333836873634, 10.888654328216129, 9.755098503866751, 9.430860657694256]",,True,0.257832916919142,1.541513837945982,0.3833944648216071,0.6916972324108036,False,False,2.0,4.0,3.0,"[1.541513837945982, 5.000666888962988, 10.000333444481495, 2.4984994998332777, 3.0820273424474824]",17.93059436085227,0.0022682127026186,1.5,444.9546416941463,0.0001721034527304,"[17.93059436085227, 17.401367473294485, 12.381648114925097, 10.62037544920978, 9.648925275159437]",,True,16.506062959088013,5.000666888962988,0.0001333777925976,0.0001333777925976,True,True,1.0,,2.0,"[5.000666888962988, 10.000333444481495, 15.0, 3.0820273424474824, 4.627209069689897]",18.22224144439045,17.593960512577528,3.928571428571429,445.7664962125458,16,1.0,"[18.22224144439045, 13.51953191544704, 11.597034772690888, 9.106465311099463, 8.90237907096902]",,True,0.1411857500206679,5.000666888962988,0.0001333777925976,0.0001333777925976,True,True,1.0,4.0,2.0,"[5.000666888962988, 10.000333444481495, 15.0, 2.4984994998332777, 1.541513837945982]",10.279708741573376,0.0067975552969885,3.9,445.75464169414624,0.000585708749575,"[10.279708741573376, 6.999489813544429, 6.825122287400746, 4.284422895206935, 4.232572069615352]",,True,18.508246874902397,5.005335111703902,0.0010670223407803,0.0010670223407803,True,True,1.0,,2.0,"[5.005335111703902, 10.009669889963321, 3.0820273424474824, 14.98599533177726, 7.507502500833612]",9.086426092907118,7.320684803414784,7.571428571428571,445.8444183175332,17,0.9411764705882352,"[9.086426092907118, 7.854739889081367, 6.920542291974401, 6.901138697068913, 6.609100656116353]",
2692377,5,confirmed_planet_host,7,5.0,445.76089169414627,0.45,4.0,0.001,143,0.0012530240771763,6.774654715123507,0.0012530240771763,6.774654715123507,1.0,1.0,0.0019583837000711,0.994677810682,0.0186560829170048,True,6.750042690020124e-05,5.362680149349026,0.0538700158518209,0.791579847955581,0.000191523664108,0.0039432345027642,0.6814559591002762,True,32129.18925728692,1.1290756671601732e-08,1.5021455321129773e-08,0.0001347524827322,10.87551424324216,0.107541814388709,1.6053237693375038,0.0001881015926028,0.0063348679342379,0.2434239580761641,True,2974.7762067750973,512,3.140911180439329,9.9922536578631e-07,0.0010584799304754,69.0259978674518,0.8447402964998962,10.188858439288506,0.0002725164011006,0.7233806070169727,True,0.1449365830048918,14.98599533177726,0.4985995331777261,1.997199066355452,False,False,,,3.0,"[14.98599533177726, 14.827275758586197, 9.986328776258754, 14.645215071690565, 11.270090030010005]",2.9175306194479877,0.0193009162119123,9.9,455.72964169414627,0.0017859792220971,"[2.9175306194479877, 2.44423838462617, 2.1311620356653167, 2.129943344998182, 1.873642333753813]",,True,17.033379166852683,5.000666888962988,0.0001333777925976,0.0001333777925976,True,True,1.0,,2.0,"[5.000666888962988, 10.000333444481495, 15.0, 12.49783261087029, 7.498166055351785]",34.35638940166737,32.98032305834732,3.928571428571429,445.76651969830584,16,1.0,"[34.35638940166737, 25.893415356789337, 22.24406707765092, 21.898913283402717, 17.780034514071183]",,True,0.1602387919556349,5.000666888962988,0.0001333777925976,0.0001333777925976,True,True,1.0,3.0,2.0,"[5.000666888962988, 10.000333444481495, 2.4984994998332777, 15.0, 1.541513837945982]",27.545067713189525,0.0038248045239038,1.5,445.69214169414624,0.0005189281857685,"[27.545067713189525, 19.739863433206015, 17.462551225619222, 15.070519980501992, 11.182350527891737]",,True,17.918660582974553,5.000666888962988,0.0001333777925976,0.0001333777925976,True,True,1.0,,2.0,"[5.000666888962988, 10.000333444481495, 15.0, 12.49783261087029, 7.498166055351785]",35.79972829045663,33.43305368645937,3.928571428571429,445.7664962125458,16,1.0,"[35.79972829045663, 26.104053553489813, 22.73548572540954, 22.336850709599492, 17.44831097426228]",,True,0.1491513748187571,5.000666888962988,0.0001333777925976,0.0001333777925976,True,True,1.0,4.0,2.0,"[5.000666888962988, 10.000333444481495, 15.0, 2.4984994998332777, 1.6675558519506501]",16.717492753129097,0.0124441631301028,3.9,445.75464169414624,0.0010722465515902,"[16.717492753129097, 11.346671799245872, 10.270054314829256, 8.679535068204462, 6.806349195298411]",,True,16.85368675016798,5.005335111703902,0.0010670223407803,0.0010670223407803,True,True,1.0,2.0,3.0,"[5.005335111703902, 2.4984994998332777, 10.009669889963321, 7.507502500833612, 14.98599533177726]",16.834417860656398,14.587908218352458,7.571428571428571,445.8444183175332,17,0.9411764705882352,"[16.834417860656398, 16.35785285916512, 13.496246676864878, 12.825281508369626, 11.492493265786866]",
11904151,5,reference,0,2.0,444.4112269027813,0.45,2.0,0.0005,183,0.0004994335000108,54.425807200802005,0.0004994335000108,54.425807200802005,1.0,1.0,0.0001674624942833,0.7815572141080182,0.0418218330014497,True,0.0001102431075137,22.350647867569645,0.2207363092610952,0.4106626803918177,0.0001097831435431,0.1141951851196257,1.0165811248589307,True,34584.17176875968,6.852943707203317e-09,2.742694231319887e-09,9.220969188266834e-05,18.89081377549591,0.1846285679287901,0.3470929462892291,0.0001083897089442,0.0186035900388391,0.2052637499291449,False,3348.974684828311,512,1.0,3.953563388231505e-09,0.0004725569073033,88.10363150190068,0.9461858431463416,1.618784103225986,0.0001319466028316,0.6487797595437195,True,0.1779732499271631,1.9989996665555188,0.0005001667222406,0.0005001667222406,True,True,1.0,2.0,3.0,"[1.9989996665555188, 1.0, 4.00166722240747, 5.999666555518506, 8.002334111370457]",12.943576337763188,0.0053626908753362,2.7,444.4424769027813,0.0003477256285186,"[12.943576337763188, 8.827703069158586, 8.754014524633154, 7.220358783022331, 6.2965618690701675]",,True,17.843513041967526,1.0,0.0,0.5,True,False,,1.0,3.0,"[1.0, 5.999666555518506, 4.00166722240747, 7.997665888629544, 10.000333444481495]",33.79324077706337,31.988175310737613,1.5,444.43025783594527,92,0.7391304347826086,"[33.79324077706337, 26.88945402206066, 26.442098840801012, 23.220962606258993, 22.89364950331526]",,True,0.1817636250052601,1.9989996665555188,0.0005001667222406,0.0005001667222406,True,True,1.0,2.0,3.0,"[1.9989996665555188, 1.0, 4.00166722240747, 5.999666555518506, 8.002334111370457]",25.04359847671115,0.0022734702288769,1.5,444.40497690278136,0.0001952135805726,"[25.04359847671115, 18.113223187200905, 17.86274085216592, 15.090916221577405, 12.17906455714642]",,True,14.72388433292508,1.0,0.0,0.5,True,False,,1.0,2.0,"[1.0, 4.00166722240747, 5.999666555518506, 7.997665888629544, 10.000333444481495]",31.66148768723552,29.885990808435597,1.5,444.4302320048222,92,0.7391304347826086,"[31.661487687235518, 26.26599359075503, 24.898836161958993, 22.08026762758885, 21.89984762601705]",,True,0.1435066671110689,1.9989996665555188,0.0005001667222406,0.0005001667222406,True,True,1.0,2.0,3.0,"[1.9989996665555188, 1.0, 4.00166722240747, 5.999666555518506, 7.997665888629544]",19.50153063023022,0.0050398178976494,1.5,444.42997690278133,0.0004342524315258,"[19.50153063023022, 14.530176854855053, 13.791409179847538, 11.486804659489213, 9.718434271427856]",,True,14.466894750017673,1.0,0.0,0.5,True,False,,1.0,2.0,"[1.0, 4.00166722240747, 2.9979993331110375, 5.999666555518506, 7.997665888629544]",28.32245300483015,22.898484583077416,5.142857142857142,444.506124861965,90,0.7666666666666667,"[28.32245300483015, 23.64020808938288, 20.391660847405568, 20.019580186822566, 17.72118688042689]",
11904151,5,reference,1,2.0,444.4112269027813,0.45,2.0,0.001,183,0.0009994335000108,108.91334878503557,0.0009994335000108,108.91334878503557,1.0,1.0,0.0002393555858834,0.759755948639499,0.0222926249261945,True,0.000160086365802,32.44978128075791,0.1601771061309181,0.2979412683821217,0.000170889607359,0.2247312997007637,1.0326054168399423,True,32678.027775214017,2.2398481140399543e-08,2.581373902752767e-09,7.40792080496768e-05,14.410893925210264,0.0741211977073731,0.1323152220179487,0.0001657152255159,0.0044589035511317,0.1819469581823796,False,1582.471076072463,512,1.0,3.953563388231505e-09,0.0008882782844484,117.12932308805884,0.8887817793168069,1.0754358799419466,0.0002193826034978,0.7142830326675333,True,0.1730626670178026,1.9989996665555188,0.0005001667222406,0.0005001667222406,True,True,1.0,2.0,3.0,"[1.9989996665555188, 1.0, 4.00166722240747, 5.999666555518506, 7.997665888629544]",21.41745674709205,0.0107678899009168,2.7,444.4424769027813,0.0006982075548744,"[21.41745674709205, 15.253630074975057, 14.914719152002325, 12.286010755033132, 10.739179941128159]",,True,18.511439957888797,1.0,0.0,0.5,True,False,,1.0,2.0,"[1.0, 4.00166722240747, 5.999666555518506, 7.997665888629544, 10.000333444481495]",58.47603875243389,63.9493071879075,1.5,444.43025783594527,92,0.7391304347826086,"[58.47603875243389, 57.72805536679684, 53.5800753716278, 46.552159744849845, 43.71933704342864]",,True,0.183576334035024,1.9989996665555188,0.0005001667222406,0.0005001667222406,True,True,1.0,2.0,3.0,"[1.9989996665555188, 1.0, 4.00166722240747, 5.999666555518506, 7.997665888629544]",35.91285934024225,0.004109619926079,1.5,444.40497690278136,0.0003528762375563,"[35.91285934024225, 25.6681337766833, 25.605820576659656, 20.592352958590254, 17.382696562852068]",,True,14.078093083109708,1.0,0.0,0.5,True,False,,1.0,2.0,"[1.0, 4.00166722240747, 5.999666555518506, 7.997665888629544, 10.000333444481495]",52.72398420868891,51.58258026524303,1.5,444.4302320048222,92,0.7282608695652174,"[52.72398420868891, 48.04020480018482, 42.18780129965255, 37.345470118480286, 35.56630551392041]",,True,0.138343249913305,1.9989996665555188,0.0005001667222406,0.0005001667222406,True,True,1.0,2.0,3.0,"[1.9989996665555188, 1.0, 4.00166722240747, 5.999666555518506, 7.997665888629544]",26.217066090300815,0.0095892295324825,1.5,444.42997690278133,0.0008262493458111,"[26.217066090300815, 21.239420900369442, 18.60894922511544, 15.38069187603982, 13.654872784110497]",,True,14.770772375166416,1.0,0.0,0.5,True,False,,1.0,2.0,"[1.0, 4.00166722240747, 5.999666555518506, 5.000666888962988, 7.997665888629544]",50.54895759552315,32.30586213248148,5.142857142857142,444.506124861965,90,0.7888888888888889,"[50.548957595523156, 32.47178380032043, 26.898577556070208, 25.06385910418682, 23.92892888583338]",
11904151,5,reference,2,2.0,444.4112269027813,0.45,4.0,0.0005,377,0.0004958079000802,77.44591237441819,0.0004958079000802,77.44591237441819,1.0,1.0,0.0001933437067858,0.8373136136767908,0.0465184589847922,True,2.859085777210741e-05,8.296437494029243,0.0576651920380452,0.1071255698289082,0.0001092930177345,0.1151984262196439,1.925629375036806,True,34597.84058988048,7.075617838684761e-09,2.553528506141521e-09,3.138229725452169e-05,9.10659261512465,0.0632952747413714,0.1175864850180617,0.0001080432404088,0.0074315562421369,0.349472708068788,True,3003.923644983516,512,1.7790675901279431,4.566044352244534e-09,0.000497946820372,144.26354039885356,1.0043140101064008,1.8627650701744003,0.0001631999444483,0.7720854760277371,True,0.2171395840123295,1.9989996665555188,0.0005001667222406,0.0005001667222406,True,True,1.0,3.0,2.0,"[1.9989996665555188, 4.00166722240747, 1.0, 5.999666555518506, 8.002334111370457]",17.62138451135045,0.0084349936090551,3.9,444.42997690278133,0.0004612216731788,"[17.62138451135045, 11.869460849269585, 11.59448914550068, 9.766020807372332, 8.491187056332832]",,True,21.003106791060414,5.999666555518506,0.4999166388796265,1.9998332777592531,False,False,,3.0,,"[5.999666555518506, 7.997665888629544, 1.0, 12.003001000333445, 10.000333444481495]",40.09368971489818,33.02999941022749,3.928571428571429,446.4194726365705,16,0.875,"[40.09368971489818, 33.744498708095875, 33.126013233134934, 30.358966307260733, 29.8539140984448]",,True,0.1774120000191033,1.9989996665555188,0.0005001667222406,0.0005001667222406,True,True,1.0,2.0,3.0,"[1.9989996665555188, 1.0, 4.00166722240747, 5.999666555518506, 8.002334111370457]",22.90411261196984,0.0021691228654819,1.5,444.36747690278133,0.0001856134060962,"[22.90411261196984, 17.608213389493503, 17.36544418414673, 14.632740861769248, 12.418968986688554]",,True,14.730322750052435,5.999666555518506,0.4999166388796265,1.9998332777592531,False,False,,2.0,5.0,"[5.999666555518506, 1.0, 7.997665888629544, 10.000333444481495, 4.00166722240747]",39.71786697285462,32.91387753684892,3.928571428571429,446.4194456712824,16,0.875,"[39.71786697285462, 35.887812299550724, 33.62309298344665, 30.346066275139798, 30.041217090016794]",,True,0.1449557919986546,1.9989996665555188,0.0005001667222406,0.0005001667222406,True,True,1.0,3.0,2.0,"[1.9989996665555188, 4.00166722240747, 1.0, 5.999666555518506, 8.002334111370457]",25.100679352228067,0.0083884514421997,3.9,444.42997690278133,0.0004586767683377,"[25.100679352228067, 17.15907100490101, 16.70526081164026, 14.320414991428633, 12.116274270035746]",,True,14.582691999850796,2.003667889296432,0.001833944648216,0.001833944648216,True,True,1.0,2.0,4.0,"[2.003667889296432, 1.0, 3.002667555851951, 4.006335445148383, 5.999666555518506]",32.96487625860442,32.4123571708411,6.357142857142858,444.4512682119025,45,1.0,"[32.96487625860442, 30.272192138370972, 24.28157344121892, 24.04816580519676, 21.28351140881059]",
11904151,5,reference,3,2.0,444.4112269027813,0.45,4.0,0.001,377,0.0009958079000802,155.54663683028457,0.0009958079000802,155.54663683028457,1.0,1.0,0.0003080504959018,0.8558099786636865,0.0212047919631004,True,2.9927323131441597e-05,8.678275877051012,0.0300533096082386,0.055792115174562,0.0001702601190588,0.2263551644698832,0.8042336250655353,True,32692.401573947995,2.2342808593444553e-08,2.5149168608093382e-09,2.4770847181825938e-05,6.925159355654893,0.0248751261963575,0.0445214341934687,0.0001651635800981,0.0029833655917046,0.2218190000858158,False,532.5914341352284,512,1.0,4.566044352244534e-09,0.0008049014616804,106.36659661818666,0.8082898936788822,0.6838244708192709,0.0002679305876487,0.8095787905411759,True,0.138059584191069,1.9989996665555188,0.0005001667222406,0.0005001667222406,True,True,1.0,3.0,2.0,"[1.9989996665555188, 4.00166722240747, 1.0, 5.999666555518506, 8.002334111370457]",25.548455351871063,0.0169488656021137,3.9,444.42997690278133,0.0009267563810716,"[25.548455351871066, 17.43442779356816, 17.215095797689568, 14.63840219761607, 12.516164665326874]",,True,17.251504041953012,1.0,0.0,0.5,True,False,,1.0,,"[1.0, 5.999666555518506, 7.997665888629544, 9.001333777925977, 10.000333444481495]",81.6502186027389,49.313691485336946,6.357142857142858,444.47022382233985,89,0.7528089887640449,"[81.6502186027389, 81.21629540659268, 67.84048452566607, 62.92411669732121, 60.69633410262565]",,True,0.1731846251059323,1.9989996665555188,0.0005001667222406,0.0005001667222406,True,True,1.0,2.0,3.0,"[1.9989996665555188, 1.0, 4.00166722240747, 5.999666555518506, 8.002334111370457]",30.98543711917031,0.0039292928259542,1.5,444.35497690278135,0.000337392287759,"[30.98543711917031, 23.460903568031394, 23.009189265267732, 19.176738082876245, 16.357303212114356]",,True,14.928522000089288,1.0,0.0,0.5,True,False,,1.0,,"[1.0, 5.999666555518506, 7.997665888629544, 9.001333777925977, 10.000333444481495]",81.4229710788176,48.00109404317557,6.357142857142858,444.4701979912167,89,0.7303370786516854,"[81.4229710788176, 78.89714104517847, 65.61035831536533, 62.06998902907684, 58.78931192999128]",,True,0.1544902920722961,1.9989996665555188,0.0005001667222406,0.0005001667222406,True,True,1.0,2.0,3.0,"[1.9989996665555188, 1.0, 4.00166722240747, 5.999666555518506, 8.002334111370457]",30.297579102869783,0.0137682958085702,3.9,444.42997690278133,0.0007528442490854,"[30.297579102869786, 25.445530293150238, 21.06714213821169, 17.633727189956797, 15.094737028166211]",,True,14.91431120899506,1.0,0.0,0.5,True,False,2.0,1.0,4.0,"[1.0, 1.9989996665555188, 2.9979993331110375, 3.996998999666556, 5.999666555518506]",32.469792289053096,21.019792732178352,3.928571428571429,444.50123540618273,91,0.7692307692307693,"[32.469792289053096, 29.627037988460774, 22.423617023461492, 21.213442647843614, 17.953837073018338]",
11904151,5,reference,4,5.0,445.76122690278135,0.45,2.0,0.0005,71,0.0004830050003254,33.00888418635968,0.0004830050003254,33.00888418635968,1.0,1.0,0.0001501263482137,0.8011746048989998,0.019996500108391,True,0.0001030699689696,13.123870993616594,0.2133931717067812,0.3975860231906837,9.190474632438228e-05,0.0348984060376552,0.5975298748817295,True,35378.0272276059,3.561837519305419e-09,2.807443232309554e-09,0.0001240324221876,16.30241661821071,0.2567932466621215,0.4938796636133307,9.101281913657528e-05,0.0293685050362449,0.3159781249705702,False,3633.839091918516,512,1.0,3.611750689034698e-09,0.0004582169025058,56.05876157457062,0.9486794178053513,1.698293140055182,0.0001082218824488,0.6164857807193532,True,0.1442222499754279,5.000666888962988,0.0001333777925976,0.0001333777925976,True,True,1.0,4.0,2.0,"[5.000666888962988, 9.99566522174058, 15.0, 2.4984994998332777, 1.6675558519506501]",9.63213662363289,0.0038528465160285,2.7,445.74247690278133,0.0003995469520623,"[9.63213662363289, 6.861950399523085, 5.778919018601736, 5.723582252106725, 4.807320698195371]",,True,17.72962550004013,5.000666888962988,0.0001333777925976,0.0001333777925976,True,True,1.0,3.0,2.0,"[5.000666888962988, 10.000333444481495, 2.5125041680560187, 15.0, 7.498166055351785]",27.98249387432141,28.27083950098916,1.5,445.7774919479962,18,1.0,"[27.98249387432141, 20.156102578969875, 16.20516807411174, 16.202810458357717, 15.157958210658729]",,True,0.1857426669448614,5.000666888962988,0.0001333777925976,0.0001333777925976,True,True,1.0,5.0,2.0,"[5.000666888962988, 10.000333444481495, 15.0, 1.6675558519506501, 2.4984994998332777]",20.78257841390606,0.0017301195504525,1.5,445.74247690278133,0.0002390666235726,"[20.78257841390606, 13.558941792744006, 10.671113482112554, 10.597359350150201, 10.256806195480086]",,True,14.670564458006991,5.000666888962988,0.0001333777925976,0.0001333777925976,True,True,1.0,3.0,2.0,"[5.000666888962988, 10.000333444481495, 2.5125041680560187, 15.0, 7.498166055351785]",29.93083151423516,29.147026391197755,1.5,445.7774688388689,18,1.0,"[29.93083151423516, 21.406362464956054, 16.821351724994056, 16.775309414446063, 15.583154026447945]",,True,0.1460500417742878,5.000666888962988,0.0001333777925976,0.0001333777925976,True,True,1.0,3.0,2.0,"[5.000666888962988, 10.000333444481495, 2.4984994998332777, 15.0, 1.6675558519506501]",13.755836544472652,0.0035329778869475,1.5,445.7549769027813,0.0004881842381172,"[13.755836544472652, 9.676753751825236, 8.408686535604451, 7.859246574475093, 7.786230104127245]",,True,15.10907670808956,5.000666888962988,0.0001333777925976,0.0001333777925976,True,True,1.0,4.0,2.0,"[5.000666888962988, 10.005001667222409, 7.502834278092698, 2.4984994998332777, 14.990663554518173]",23.0661731166448,21.064073466201453,3.928571428571429,445.8280640769641,16,0.9375,"[23.066173116644798, 18.150075803113356, 16.298175800437736, 15.418883579247357, 14.608485286548222]",
11904151,5,reference,5,5.0,445.76122690278135,0.45,2.0,0.001,71,0.0009830050003254,67.17921799669159,0.0009830050003254,67.17921799669159,1.0,1.0,0.0001857430137229,0.787533477944332,0.039728291099891,True,0.0001918400304188,24.426938668910005,0.1951567187912239,0.3636085592736874,0.0001225181432165,0.1495040259518727,1.002838833024725,True,34126.74569382404,9.807455518432e-09,2.475951228021953e-09,0.0001009650930337,12.705551850160344,0.1027106606785233,0.1891292013965697,0.0001206325417551,-0.0014711510191641,0.5051261249464005,False,2815.416551252126,512,1.0,3.611750689034698e-09,0.0009231790398475,103.24759490813946,0.9391397190674242,1.536897838156201,0.0001541903347568,0.6906078799909172,True,0.2296333338599652,5.000666888962988,0.0001333777925976,0.0001333777925976,True,True,1.0,3.0,2.0,"[5.000666888962988, 9.99566522174058, 2.4984994998332777, 15.0, 1.6675558519506501]",16.7355697184409,0.0074044467494609,2.7,445.74247690278133,0.0007678541354158,"[16.7355697184409, 11.719240277062674, 10.533788534581275, 9.70052455067558, 8.537407704572534]",,True,19.10370141593739,5.000666888962988,0.0001333777925976,0.0001333777925976,True,True,1.0,,2.0,"[5.000666888962988, 10.000333444481495, 15.0, 7.498166055351785, 12.49783261087029]",58.17657652519369,56.64304693933991,1.5,445.7774919479962,18,1.0,"[58.17657652519369, 41.506354015808945, 33.635348087251124, 32.79634256342337, 32.30218412078744]",,True,0.1891802921891212,5.000666888962988,0.0001333777925976,0.0001333777925976,True,True,1.0,3.0,2.0,"[5.000666888962988, 10.000333444481495, 2.4984994998332777, 14.995331777259088, 1.6675558519506501]",31.21252844569452,0.0029214215771847,1.5,445.74247690278133,0.0004036798453073,"[31.21252844569452, 20.98893366682685, 17.404765682517024, 16.76630711542184, 16.340096033950523]",,True,14.631288500037044,5.000666888962988,0.0001333777925976,0.0001333777925976,True,True,1.0,,2.0,"[5.000666888962988, 10.000333444481495, 7.498166055351785, 15.0, 12.49783261087029]",51.05576152639771,49.17796266241057,1.5,445.7774688388689,18,1.0,"[51.05576152639771, 36.10260981837966, 32.71476872456009, 28.989258899086007, 26.203263674234666]",,True,0.1493997080251574,5.000666888962988,0.0001333777925976,0.0001333777925976,True,True,1.0,3.0,2.0,"[5.000666888962988, 10.000333444481495, 2.4984994998332777, 15.0, 1.6675558519506501]",20.819908447589174,0.0068512577164613,1.5,445.7549769027813,0.0009467016594733,"[20.819908447589174, 14.54908089405482, 12.894779466300175, 11.908333833330733, 11.50909366001951]",,True,19.072916167089716,4.995998666222075,0.0008002667555849,0.0008002667555849,True,True,1.0,4.0,2.0,"[4.995998666222075, 10.005001667222409, 7.502834278092698, 2.4984994998332777, 15.0]",39.648319479917994,36.85178288269792,5.142857142857142,445.90137734715273,18,1.0,"[39.648319479917994, 30.32842907791196, 29.65931468497863, 27.807073561961925, 24.347143500018817]",
11904151,5,reference,6,5.0,445.76122690278135,0.45,4.0,0.0005,143,0.0004941084001128,47.662848831031354,0.0004941084001128,47.662848831031354,1.0,1.0,0.0001635005024558,0.8293607088602518,0.0233220839872956,True,2.1503763031997043e-05,3.8946266981381994,0.0435203348639425,0.0817119998837032,9.244431374793858e-05,0.0469539881912134,0.6253802909050137,True,35341.34209453675,3.937337529388329e-09,2.6164523773120653e-09,3.262856717916621e-05,6.107216258668536,0.0660352407927406,0.1281336808112144,9.162225922704968e-05,0.0199826365400559,0.5236260420642793,False,3455.8811184309025,512,1.0,3.548821576644256e-09,0.000438473636607,73.5356134993674,0.8874037286290785,1.5428287503346072,0.0001214017040322,0.6899636923973755,True,0.1393635410349816,5.000666888962988,0.0001333777925976,0.0001333777925976,True,True,1.0,4.0,2.0,"[5.000666888962988, 10.000333444481495, 15.0, 2.4984994998332777, 1.6675558519506501]",13.222938927395443,0.0059915583865298,3.9,445.7549769027813,0.0005162584940208,"[13.222938927395445, 9.364440426048722, 7.8632386609516, 7.822201523497528, 6.206069934741045]",,True,21.010268916841596,5.000666888962988,0.0001333777925976,0.0001333777925976,True,True,1.0,,2.0,"[5.000666888962988, 10.000333444481495, 15.0, 7.498166055351785, 12.49783261087029]",42.77059882652244,37.20340649925444,3.928571428571429,445.76685453030825,16,0.9375,"[42.77059882652244, 30.26224897844608, 27.65891648532031, 24.382491182808177, 20.24382495275218]",,True,0.1801951669622212,5.000666888962988,0.0001333777925976,0.0001333777925976,True,True,1.0,3.0,2.0,"[5.000666888962988, 10.000333444481495, 2.4984994998332777, 15.0, 1.6675558519506501]",20.08096308077613,0.0016952275291521,1.5,445.6924769027813,0.0002320923763499,"[20.080963080776126, 13.60519659561102, 13.119891561972915, 10.899113444982602, 10.256323613326678]",,True,15.861586457816884,5.000666888962988,0.0001333777925976,0.0001333777925976,True,True,1.0,,2.0,"[5.000666888962988, 10.000333444481495, 15.0, 7.498166055351785, 12.49783261087029]",44.29770352792601,38.41832523541041,3.928571428571429,445.7668314211809,16,0.9375,"[44.29770352792601, 31.34942684482092, 28.40161322216608, 23.144451049610662, 20.273865995009096]",,True,0.1567256250418722,5.000666888962988,0.0001333777925976,0.0001333777925976,True,True,1.0,3.0,2.0,"[5.000666888962988, 10.000333444481495, 2.4984994998332777, 15.0, 1.6675558519506501]",15.30702674119769,0.0052679915484721,3.9,445.7549769027813,0.0004539128567023,"[15.30702674119769, 10.789596597563882, 9.272764674343357, 8.61905766992614, 8.483228071142596]",,True,18.75165833393112,5.000666888962988,0.0001333777925976,0.0001333777925976,True,True,1.0,3.0,2.0,"[5.000666888962988, 10.023674558186062, 2.5031677225741915, 7.502834278092698, 14.98599533177726]",22.258849137628644,21.62190931878553,3.928571428571429,445.7872423064419,18,1.0,"[22.258849137628644, 17.903333914127927, 16.26258089157239, 15.429134546540466, 14.428241082711272]",
11904151,5,reference,7,5.0,445.76122690278135,0.45,4.0,0.001,143,0.0009941084001128,95.89401512991236,0.0009941084001128,95.89401512991236,1.0,1.0,0.0002247961357471,0.8503919258453845,0.018996916944161,True,2.1503763031997043e-05,3.89343422739644,0.021631205439524,0.040601430883062,0.000123390188338,0.1626398955459896,2.1813184591010213,True,34087.131185392675,1.0204485605219788e-08,2.384961223380407e-09,2.79049050974757e-05,4.992719030126153,0.0280702839794017,0.0520649700960197,0.0001212513070487,0.0042216066640352,0.6186969170812517,False,2063.2876531179472,512,1.0,3.548821576644256e-09,0.0008322679117446,115.19153882077332,0.8372003612988229,1.201238040400307,0.0001867960048421,0.7834129772603553,True,0.200617125025019,5.000666888962988,0.0001333777925976,0.0001333777925976,True,True,1.0,3.0,2.0,"[5.000666888962988, 10.000333444481495, 2.4984994998332777, 15.0, 1.6675558519506501]",19.530682457351343,0.0116598389110767,3.9,445.7549769027813,0.0010046619741352,"[19.530682457351343, 13.532513503825246, 11.896239383299948, 11.203800255741871, 9.276601729543867]",,True,19.05124504189007,5.000666888962988,0.0001333777925976,0.0001333777925976,True,True,1.0,,2.0,"[5.000666888962988, 10.000333444481495, 15.0, 7.498166055351785, 12.49783261087029]",85.25869858466051,73.95093824866767,3.928571428571429,445.76685453030825,16,0.9375,"[85.25869858466051, 61.442554052707, 53.677219258739704, 42.77942577987448, 34.29445246277264]",,True,0.1704748340416699,5.000666888962988,0.0001333777925976,0.0001333777925976,True,True,1.0,3.0,2.0,"[5.000666888962988, 10.000333444481495, 2.4984994998332777, 15.0, 1.6675558519506501]",29.02738591409151,0.0028958978177776,1.5,445.6924769027813,0.0003964752781773,"[29.02738591409151, 20.00537895495128, 19.44219741860262, 15.613340648325114, 14.714515085840477]",,True,15.298280958086252,5.000666888962988,0.0001333777925976,0.0001333777925976,True,True,1.0,,2.0,"[5.000666888962988, 10.000333444481495, 14.995331777259088, 7.498166055351785, 12.49783261087029]",83.86911360037936,71.97023841892347,3.928571428571429,445.7668314211809,16,0.9375,"[83.86911360037936, 60.719187069391154, 52.30509651900011, 38.4975007040057, 33.427841376764924]",,True,0.1475185831077397,5.000666888962988,0.0001333777925976,0.0001333777925976,True,True,1.0,3.0,2.0,"[5.000666888962988, 10.000333444481495, 2.4984994998332777, 15.0, 1.6675558519506501]",19.847110518601024,0.009950536913482,3.9,445.7549769027813,0.000857381146982,"[19.847110518601024, 13.898614125565283, 12.152727729925417, 11.043399125687017, 10.788740045224868]",,True,19.05532829114236,5.000666888962988,0.0001333777925976,0.0001333777925976,True,True,1.0,2.0,3.0,"[5.000666888962988, 2.5031677225741915, 10.005001667222409, 7.502834278092698, 14.98599533177726]",34.94091328723666,34.479036169645084,3.928571428571429,445.7872423064419,18,1.0,"[34.94091328723666, 29.299980955634467, 26.28500786204996, 25.200935049483736, 21.49064299318369]",
2832589,5,confirmed_planet_host,0,2.0,444.4108667568784,0.45,2.0,0.0005,188,0.0005279286030327,1.3622406310538235,0.0005279286030327,1.3622406310538235,1.0,1.0,0.005148573822824,0.987107810784483,0.0222564169671386,True,0.0001478665624391,3.049317454443399,0.2800881816021312,2.2384572776136182,0.0007209939674885,-0.147716838508669,0.5448225000873208,True,26520.10411936869,2.6539568818682466e-08,3.200434390658685e-07,0.0002816677353462,6.193795375318727,0.5335337652255014,4.546770397332249,0.0006542927558481,-0.0250624338089203,0.2726495410315692,True,2522.6295630117247,512,3.520002860303008,5.527557845750423e-06,0.0003028398825605,6.280996821623417,0.57363795183834,4.610783644563931,0.0007015067559203,0.3063076754445703,True,0.1438642498105764,10.677225741913972,1.669306435478493,4.338612870956986,False,False,,,,"[10.677225741913972, 10.513837945981996, 10.84061353784595, 10.350450150050017, 11.106702234078027]",3.6950168808826698,0.0320461102426993,9.9,445.8296167568784,0.0024315383707099,"[3.6950168808826693, 3.6160269962519993, 3.377418515481898, 3.184784718590816, 2.973581700277656]",,True,18.39808970806189,13.515505168389463,2.378876292097366,5.757752584194732,False,False,,,,"[13.515505168389463, 6.989329776592198, 2.7505835278426143, 4.319106368789597, 10.425141713904635]",6.504003280213569,5.5293442593317135,5.142857142857142,444.1802910104695,7,0.7142857142857143,"[6.504003280213569, 6.39395472124283, 6.233845556359736, 6.200986064327989, 6.1925199100703985]",,True,0.1528049581684172,10.849949983327775,1.7124874958319445,4.4249749916638885,False,False,2.0,,,"[10.849949983327777, 1.9989996665555188, 5.420806935645215, 10.005001667222409, 14.463154384794933]",8.804746218679355,0.0051248877351784,2.7,451.3671167568784,0.00074370422187,"[8.804746218679355, 6.431905912368379, 5.158195827046211, 4.451617086624472, 4.32317235955305]",,True,16.141869875136763,13.515505168389463,2.378876292097366,5.757752584194732,False,False,,,,"[13.515505168389463, 2.9979993331110375, 10.849949983327777, 8.329109703234412, 3.0306768922974325]",6.0702480095466695,3.507483552260227,5.142857142857142,444.1803037019648,7,0.8571428571428571,"[6.0702480095466695, 6.027461644050927, 5.793947326545614, 5.689132135658575, 5.550386505339989]",,True,0.1298362500965595,10.845281760586865,1.7113204401467157,4.422640880293431,False,False,,,,"[10.845281760586863, 8.072357452484162, 14.649883294431477, 12.810603534511504, 5.420806935645215]",3.510301902999246,0.0070924223363416,2.7,451.4046167568784,0.0010511249000847,"[3.510301902999246, 2.668538685296421, 2.6132713321931167, 2.4354195041928954, 2.376490271946983]",,True,12.27187916613184,10.84061353784595,1.7101533844614876,4.420306768922975,False,False,,,,"[10.84061353784595, 2.8486162054018007, 8.156385461820609, 8.725908636212072, 13.347449149716573]",5.328776729782342,4.717809146345675,7.571428571428571,451.55918325584054,8,1.0,"[5.328776729782342, 5.210403079562638, 5.195172450773977, 5.087890183178053, 5.08330079234378]",
2832589,5,confirmed_planet_host,1,2.0,444.4108667568784,0.45,2.0,0.001,188,0.0010279286030327,2.652415688086421,0.0010279286030327,2.652415688086421,1.0,1.0,0.0051516187074159,0.986886457204276,0.0167828327976167,True,0.0003237448726529,6.603449147294905,0.3149487928420644,2.489598133865264,0.0007322111449283,-0.1293726690614762,0.4010137910954654,True,26406.75411945192,3.0249557268757404e-08,3.32022835360396e-07,0.0006022954245914,13.15189179996206,0.5859311851178327,4.958458004540932,0.0006709888291574,-0.0008258511835156,0.1981532911304384,True,2530.0758664582927,512,3.5144307611334544,5.2896855043167525e-06,0.0007917239995246,16.44404547550752,0.7702130256797958,6.19964870113215,0.0007180166135274,0.3259614596186184,True,0.1331801670603454,10.677225741913972,1.669306435478493,4.338612870956986,False,False,,,,"[10.677225741913972, 10.513837945981996, 10.84061353784595, 10.350450150050017, 11.106702234078027]",3.671169377512985,0.032213528587597,9.9,445.8296167568784,0.0024442414453263,"[3.671169377512985, 3.558903439729472, 3.3503729233415895, 3.14635343300591, 2.9234458369913097]",,True,14.722783708013594,3.996998999666556,0.000750250083361,0.998499499833278,True,False,,2.0,1.0,"[3.996998999666556, 1.0, 13.515505168389463, 6.989329776592198, 2.7505835278426143]",6.6222610937486195,4.570535627334959,1.5,446.4481396866613,23,0.8260869565217391,"[6.6222610937486195, 6.4181060310956415, 6.360485506684416, 6.252865286612525, 6.096289101323019]",,True,0.1683758341241628,1.9989996665555188,0.0005001667222406,0.0005001667222406,True,True,1.0,2.0,4.0,"[1.9989996665555188, 1.0, 5.999666555518506, 4.00166722240747, 10.005001667222409]",14.709390097370944,0.0078406609109423,1.5,444.4296167568784,0.0006755875454259,"[14.709390097370944, 10.017939343725352, 9.90127824832338, 9.454027336187638, 8.323446524129418]",,True,14.59418012504466,1.0,0.0,0.5,True,False,,1.0,3.0,"[1.0, 5.994998332777593, 4.00166722240747, 2.9979993331110375, 11.984328109369791]",8.157699777254685,6.732706604276613,3.928571428571429,444.4600589337491,92,0.75,"[8.157699777254685, 7.57422875321431, 6.925829446878055, 6.670949050869764, 6.440388677137168]",,True,0.1499705838505178,1.9989996665555188,0.0005001667222406,0.0005001667222406,True,True,1.0,5.0,2.0,"[1.9989996665555188, 4.00166722240747, 5.999666555518506, 7.997665888629544, 1.0]",6.635403428004549,0.0110920329969198,2.7,444.4296167568784,0.0007205764908732,"[6.635403428004549, 4.828909127342648, 3.788310270347873, 3.3712126904049224, 3.3249866510493282]",,True,12.909827333875,4.00166722240747,0.0004168056018674,1.0008336112037348,True,False,,4.0,1.0,"[4.00166722240747, 5.994998332777593, 10.005001667222409, 1.0, 11.988996332110704]",6.963114605030483,6.3393703257166845,2.7142857142857144,446.45637311047017,23,0.9565217391304348,"[6.963114605030483, 6.8188937996755214, 6.03976557350885, 5.7550061648274795, 5.5140504317277195]",
2832589,5,confirmed_planet_host,2,2.0,444.4108667568784,0.45,4.0,0.0005,372,0.0006615869175466,2.40287343984352,0.0006615869175466,2.40287343984352,1.0,1.0,0.0051501770109942,0.987056350312678,0.0167893329635262,True,0.000109725718263,3.166693800740718,0.165852309580089,1.317877899115211,0.0007239640977859,-0.1438531054316874,1.0839609999675304,True,26491.206104895988,2.8030229713088273e-08,3.219021609488696e-07,0.0002626999861899,8.066037905451038,0.3970755455143074,3.356830106697719,0.0006585077346553,-0.0218765173838911,0.2076129999477416,True,2527.150751756598,512,3.519245627928861,5.3999259787214795e-06,0.0004948622204999,14.248008919600444,0.7479927540511929,5.92957110572095,0.0007092184050834,0.3180785004939249,True,0.1351188749540597,10.677225741913972,1.669306435478493,4.338612870956986,False,False,,,,"[10.677225741913972, 10.513837945981996, 10.84061353784595, 10.350450150050017, 11.106702234078027]",3.674440236455151,0.0321817147034437,9.9,445.8296167568784,0.0024418275273983,"[3.674440236455151, 3.5620461580844522, 3.3396420227759065, 3.162502410758995, 2.932436166469742]",,True,13.860350999981163,2.7505835278426143,0.3123541180393464,0.3752917639213071,False,False,,5.0,,"[2.7505835278426143, 13.515505168389463, 4.319106368789597, 10.891963987996, 1.0]",6.941093092652895,4.799811400196061,3.928571428571429,444.41794672677565,33,0.7272727272727273,"[6.941093092652895, 6.385398144783062, 6.121432448007564, 6.035101323200054, 5.896383537100398]",,True,0.1710261669941246,10.849949983327775,1.7124874958319445,4.4249749916638885,False,False,2.0,4.0,3.0,"[10.849949983327777, 1.9989996665555188, 4.00166722240747, 1.0, 10.005001667222409]",8.529260178596283,0.0051035295066716,2.7,451.3671167568784,0.0007406047969591,"[8.529260178596283, 6.979855449802879, 5.641305812661308, 5.57887519154177, 4.910035424131507]",,True,14.572874083882198,1.0,0.0,0.5,True,False,,1.0,,"[1.0, 2.9979993331110375, 2.7505835278426143, 10.000333444481495, 10.849949983327777]",6.108462605063309,5.372150417307527,5.142857142857142,444.44454022626616,90,0.7222222222222222,"[6.108462605063309, 5.992832632908402, 5.838348259702202, 5.817249945063519, 5.752644005287242]",,True,0.1565093749668449,1.9989996665555188,0.0005001667222406,0.0005001667222406,True,True,1.0,,2.0,"[1.9989996665555188, 4.00166722240747, 10.845281760586863, 8.077025675225077, 5.999666555518506]",4.161864839504497,0.0082445653461594,3.9,444.4421167568784,0.000450813579172,"[4.161864839504497, 3.3278170680647654, 3.206060615165693, 2.703235625787963, 2.6207224283588118]",,True,12.543238749960436,1.9989996665555188,0.0005001667222406,0.0005001667222406,True,True,1.0,2.0,3.0,"[1.9989996665555188, 1.0, 4.00166722240747, 10.84061353784595, 10.000333444481495]",5.772567066572856,4.760808228451589,10.0,444.6881029898177,45,0.8222222222222222,"[5.772567066572856, 5.710057615935118, 5.369084542115976, 5.1947841196491975, 5.137826798938964]",
2832589,5,confirmed_planet_host,3,2.0,444.4108667568784,0.45,4.0,0.001,372,0.0011615869175466,4.218865697334101,0.0011615869175466,4.218865697334101,1.0,1.0,0.0051565640263222,0.9867929569011398,0.0155146250035613,True,0.0001994425970135,5.709965037394476,0.1716983843402614,1.3534360766692812,0.0007380491773679,-0.1222289294298548,0.3908568331971764,True,26333.82931214731,3.731434699609826e-08,3.317707394591517e-07,0.0004217088413922,12.867109977180933,0.3630454467264076,3.0498979821309917,0.0006819567388511,-0.0006675289587015,0.1960573750548064,True,2527.4921104106043,512,3.5193157391314487,5.32424242190413e-06,0.0009954298853052,28.808773727570856,0.8569568667385522,6.828559094871189,0.0007475781182989,0.3724858100189585,True,0.1363488750066608,10.677225741913972,1.669306435478493,4.338612870956986,False,False,,,,"[10.677225741913972, 10.513837945981996, 10.84061353784595, 10.350450150050017, 10.961987329109704]",3.536834045689753,0.0324847375090862,9.9,445.8296167568784,0.0024648197587031,"[3.536834045689753, 3.3639550979208375, 3.190736579495357, 3.021354875042979, 2.872523609763559]",,True,16.17121791606769,1.0,0.0,0.5,True,False,2.0,1.0,4.0,"[1.0, 1.9989996665555188, 5.999666555518506, 4.00166722240747, 14.001000333444482]",10.626614026195387,9.788307159192746,3.928571428571429,444.4192688102013,91,0.7472527472527473,"[10.626614026195387, 9.225566798577225, 7.35899007123571, 6.997762853508968, 6.8937907388308535]",,True,0.1776311669964343,1.9989996665555188,0.0005001667222406,0.0005001667222406,True,True,1.0,2.0,3.0,"[1.9989996665555188, 1.0, 4.00166722240747, 10.005001667222409, 5.999666555518506]",13.900814033648894,0.008132715878915,3.9,444.4046167568784,0.0004446976401819,"[13.900814033648894, 10.827883570705325, 10.211438233426483, 7.700732330982038, 7.604101523709349]",,True,12.90153641696088,1.0,0.0,0.5,True,False,,1.0,2.0,"[1.0, 4.00166722240747, 8.002334111370457, 10.000333444481495, 5.999666555518506]",10.323186010558318,9.223227545102318,5.142857142857142,444.44454022626616,90,0.7888888888888889,"[10.323186010558318, 8.745582006547941, 8.465254839356607, 8.067289233847827, 7.7073027682375574]",,True,0.1373054590076208,1.9989996665555188,0.0005001667222406,0.0005001667222406,True,True,1.0,3.0,2.0,"[1.9989996665555188, 4.00166722240747, 1.0, 5.999666555518506, 8.002334111370457]",9.88593991545661,0.0166379061193013,3.9,444.4296167568784,0.000909762212154,"[9.88593991545661, 7.335592538991542, 6.305115171736466, 5.899547851279948, 5.263098656953512]",,True,14.477657082956284,1.9989996665555188,0.0005001667222406,0.0005001667222406,True,True,1.0,2.0,3.0,"[1.9989996665555188, 1.0, 4.00166722240747, 5.994998332777593, 10.000333444481495]",8.89435156066085,7.919383549678521,10.0,444.6881029898177,45,0.8666666666666667,"[8.89435156066085, 7.504780807519973, 7.493100350880557, 6.553862386650232, 6.428179597635071]",
2832589,5,confirmed_planet_host,4,5.0,445.7608667568784,0.45,2.0,0.0005,71,0.0007730455732396,1.22113503150018,0.0007730455732396,1.22113503150018,1.0,1.0,0.0051471563330892,0.9871276142483464,0.0197444160003215,True,0.0001855941340277,2.353659630329392,0.2400817499671224,1.927436007988315,0.0007204279936529,-0.1494189278732698,0.4604537498671561,True,26533.48432910332,2.600274143278939e-08,3.189027318351192e-07,0.0004484304959949,6.087305998982855,0.5800828715901528,4.984957307714383,0.0006523728571008,-0.0287132774961345,0.1994974999688565,True,2527.8386708444623,512,3.5231463117473565,5.395198325316036e-06,0.0005858657444553,7.325063698405782,0.7578670194050381,5.998569780941301,0.0006998016918707,0.3038908692993196,True,0.1366965828929096,10.677225741913972,0.0677225741913972,1.1354451483827943,False,False,,,,"[10.677225741913972, 10.513837945981996, 10.84061353784595, 10.350450150050017, 11.106702234078027]",3.662968178997142,0.0321084290620931,9.9,445.9921167568784,0.0024298469226131,"[3.6629681789971427, 3.5854718916229067, 3.345884337899793, 3.1245839936555466, 2.924189789095039]",,True,14.59314987505786,13.515505168389463,0.3515505168389463,1.703101033677893,False,False,,,,"[13.515505168389463, 5.327442480826942, 6.989329776592198, 2.7505835278426143, 4.319106368789597]",6.44691604969449,5.480811849867515,5.142857142857142,444.1802910104695,7,0.7142857142857143,"[6.44691604969449, 6.368831071496034, 6.3378334138919294, 6.179129566381858, 6.146558490163503]",,True,0.1457987921312451,10.849949983327775,0.0849949983327777,1.1699899966655554,False,False,,,,"[10.849949983327777, 5.420806935645215, 10.39246415471824, 9.048016005335112, 14.463154384794933]",9.13781320269405,0.0051907409448881,2.7,451.3671167568784,0.0007532605892707,"[9.13781320269405, 5.4752567353542565, 4.812267817015213, 4.313917124891263, 3.7698726324236977]",,True,13.653188958065584,4.617872624208069,0.0764254751583861,0.0764254751583861,False,False,,,,"[4.617872624208069, 13.515505168389463, 14.883294431477161, 10.709903301100368, 5.69623207735912]",6.16255905602865,3.8940556653561016,2.7142857142857144,446.56085835577767,20,0.65,"[6.16255905602865, 6.044922178956446, 5.757646563613539, 5.717965019250514, 5.678155825966948]",,True,0.1284327919129282,10.849949983327775,0.0849949983327777,1.1699899966655554,False,False,,,,"[10.849949983327777, 5.859619873291098, 11.76492164054685, 14.5891963987996, 12.815271757252418]",3.2383041523476055,0.0071067241812662,2.7,451.3921167568784,0.0010208381112515,"[3.2383041523476055, 2.2846489440356086, 2.252161987753317, 2.247650347414577, 2.2211358731953315]",,True,11.691716250032188,4.407802600866956,0.1184394798266087,0.1184394798266087,False,False,,,,"[4.407802600866956, 7.250750250083362, 4.3424474824941655, 10.845281760586863, 13.347449149716573]",5.361343919218499,3.964579386996204,3.928571428571429,447.0312061535203,18,0.7777777777777778,"[5.361343919218499, 4.993261676427543, 4.988103425030931, 4.9705672670584065, 4.941648316277463]",
2832589,5,confirmed_planet_host,5,5.0,445.7608667568784,0.45,2.0,0.001,71,0.0012730455732396,2.010955886681262,0.0012730455732396,2.010955886681262,1.0,1.0,0.0051475911006249,0.9870410223982564,0.015530833043158,True,0.0002288796782643,2.8927559795177697,0.1797890688876804,1.4384979793324897,0.0007257552706124,-0.1407770646316335,0.4044404160231352,True,26482.649909720953,2.7476418141934805e-08,3.244462534631267e-07,0.0007237429868621,9.794554433628536,0.5685130226880479,4.870596365886858,0.0006598191389995,-0.017639616665375,0.1894402920734137,True,2532.1644077812143,512,3.5246843723495647,5.269112792908922e-06,0.0011014504140126,13.732547537844551,0.8652089423708905,6.828865629920789,0.0007081290072019,0.3148483182216228,True,0.1318707079626619,10.677225741913972,0.0677225741913972,1.1354451483827943,False,False,,,,"[10.677225741913972, 10.513837945981996, 10.84061353784595, 10.350450150050017, 11.106702234078027]",3.6468396606591704,0.0321924151989115,9.9,445.8296167568784,0.0024426394407668,"[3.6468396606591704, 3.562470918725021, 3.3515962730621465, 3.0846233445064026, 2.880168175424682]",,True,15.937297875061631,13.515505168389463,0.3515505168389463,1.703101033677893,False,False,,,,"[13.515505168389463, 6.989329776592198, 2.7505835278426143, 4.319106368789597, 10.87795931977326]",6.430205669592746,5.46660560791067,5.142857142857142,444.1802910104695,7,0.7142857142857143,"[6.430205669592746, 6.3214057755372, 6.163113287752473, 6.130626635630808, 6.070782022904924]",,True,0.1759533749427646,5.000666888962988,0.0001333777925976,0.0001333777925976,True,True,1.0,,3.0,"[5.000666888962988, 10.849949983327777, 10.005001667222409, 14.995331777259088, 5.420806935645215]",10.140900146517192,0.0056694663928438,1.5,445.7421167568784,0.0007762036024405,"[10.140900146517193, 8.730285444929358, 6.917679331923187, 5.611187484908526, 5.0848506838668435]",,True,14.001551709137855,5.000666888962988,0.0001333777925976,0.0001333777925976,True,True,1.0,,2.0,"[5.000666888962988, 10.005001667222409, 4.617872624208069, 13.515505168389463, 8.33844614871624]",7.234289405870832,6.518057122034525,1.5,445.7771086929659,18,1.0,"[7.234289405870832, 6.633000074100384, 6.156179278629823, 6.01552211168059, 5.908057984794676]",,True,0.1340255830436945,5.000666888962988,0.0001333777925976,0.0001333777925976,True,True,1.0,,5.0,"[5.000666888962988, 10.849949983327777, 11.732244081360454, 5.859619873291098, 10.000333444481495]",3.5075369099629223,0.0075139350501937,2.7,445.7421167568784,0.0007832547098967,"[3.5075369099629223, 3.1297365562046133, 2.408089992316913, 2.2791407460786726, 2.1868557138929905]",,True,11.77004620898515,10.000333444481496,3.33444481494638e-05,1.000066688896299,True,False,2.0,,1.0,"[10.000333444481495, 5.005335111703902, 15.0, 4.407802600866956, 7.250750250083362]",6.855804865777512,5.771739498364484,10.0,445.9789891405496,9,1.0,"[6.855804865777512, 6.459929368388761, 5.3790199666485705, 5.347049714101279, 5.270171962590582]",
2832589,5,confirmed_planet_host,6,5.0,445.7608667568784,0.45,4.0,0.0005,143,0.0009723309897518,2.1773290219569374,0.0009723309897518,2.1773290219569374,1.0,1.0,0.0051469450201349,0.9871284222630272,0.0152857501525431,True,5.898515262473891e-05,1.0588140244562751,0.0606636559427109,0.4862903189085476,0.0007198188524872,-0.1500124231894753,0.4531330829486251,True,26529.55012177024,2.6638290071492267e-08,3.182717905439099e-07,0.0002359825554358,4.546651252410602,0.2426977623083901,2.0881783169013968,0.0006529435438533,-0.0292736973615511,0.2100694580003619,True,2527.768205234077,512,3.5198729546591805,5.398349864203532e-06,0.0005268548304257,9.320831931747838,0.5418472063306855,4.280855965154256,0.0007015777558684,0.3077420273468524,True,0.1285712500102818,10.677225741913972,0.0677225741913972,1.1354451483827943,False,False,,,,"[10.677225741913972, 10.513837945981996, 10.84061353784595, 10.350450150050017, 11.106702234078027]",3.6610610823950847,0.0322249047496213,9.9,445.9921167568784,0.0024386613710045,"[3.6610610823950847, 3.5637638581773374, 3.3525197337742245, 3.0918513438523565, 2.901485439244291]",,True,14.636993624968454,13.515505168389463,0.3515505168389463,1.703101033677893,False,False,,,,"[13.515505168389463, 6.989329776592198, 2.7505835278426143, 4.319106368789597, 11.312104034678226]",6.423384357968659,5.46080650562785,5.142857142857142,444.1802910104695,7,0.7142857142857143,"[6.423384357968659, 6.314699881369437, 6.156575313934759, 6.124123124408714, 6.111482561491195]",,True,0.1638748331461101,10.849949983327775,0.0849949983327777,1.1699899966655554,False,False,5.0,,,"[10.849949983327777, 5.420806935645215, 10.39246415471824, 9.048016005335112, 5.005335111703902]",9.107310867745372,0.0051605970538524,2.7,451.3671167568784,0.0007488862224191,"[9.107310867745372, 5.340582641945603, 5.053515054257724, 4.319627689979899, 4.115062270141437]",,True,14.0605219588615,4.617872624208069,0.0764254751583861,0.0764254751583861,False,False,,,,"[4.617872624208069, 13.515505168389463, 14.883294431477161, 8.329109703234412, 10.849949983327777]",6.1908152871135185,3.906199008568687,2.7142857142857144,446.56085835577767,20,0.65,"[6.1908152871135185, 6.04599241578598, 5.743605793969279, 5.664797811557275, 5.622959688359196]",,True,0.1264430829323828,10.849949983327775,0.0849949983327777,1.1699899966655554,False,False,,,,"[10.849949983327777, 11.732244081360454, 5.859619873291098, 12.815271757252418, 5.420806935645215]",3.2207737921428583,0.0071263430930176,2.7,451.3921167568784,0.0010236562497224,"[3.2207737921428583, 2.2796693514622657, 2.2795644006823785, 2.2267436835039027, 2.1497574600977107]",,True,12.923381415894257,4.407802600866956,0.1184394798266087,0.1184394798266087,False,False,3.0,,2.0,"[4.407802600866956, 10.000333444481495, 5.000666888962988, 8.156385461820609, 7.250750250083362]",5.331047797054613,3.940360013430668,3.928571428571429,447.0312061535203,18,0.7777777777777778,"[5.331047797054613, 5.28425244784148, 5.047806847199889, 5.0188267508898035, 4.9655133214563785]",
2832589,5,confirmed_planet_host,7,5.0,445.7608667568784,0.45,4.0,0.001,143,0.0014723309897518,3.296972972888053,0.0014723309897518,3.296972972888053,1.0,1.0,0.005147911134853,0.9870463103732972,0.0170953329652547,True,0.0001200731625767,2.1510399503053668,0.0815531041678314,0.6524287484289317,0.0007245562096823,-0.1417724265944865,0.4405562919564545,True,26465.7473208055,3.0084192432162015e-08,3.2220521964590677e-07,0.0004974451711438,9.476039848886776,0.3378623248484016,2.8741636424717303,0.0006623049156063,-0.0196040718045292,0.1952578749042004,True,2526.8391836670926,512,3.5205752730113566,5.3999259787214795e-06,0.0010176233853664,18.010709082535588,0.6911648212593596,5.462801554833107,0.0007181553405401,0.3343331751450235,True,0.1339960410259664,10.677225741913972,0.0677225741913972,1.1354451483827943,False,False,,,,"[10.677225741913972, 10.513837945981996, 10.84061353784595, 10.350450150050017, 11.209403134378126]",3.620746068724163,0.0324272001413622,9.9,445.8296167568784,0.0024604540395468,"[3.620746068724163, 3.497667124747427, 3.344759625939282, 3.0009346719585404, 2.8357443774023556]",,True,12.8391056668479,13.515505168389463,0.3515505168389463,1.703101033677893,False,False,3.0,,,"[13.515505168389463, 6.989329776592198, 5.000666888962988, 2.7505835278426143, 4.319106368789597]",6.409128065325082,5.448686593245898,5.142857142857142,444.1802910104695,7,0.7142857142857143,"[6.409128065325082, 6.300684807002374, 6.1614912321645985, 6.14291118697826, 6.110531023020829]",,True,0.2926020410377532,5.005335111703902,0.0010670223407803,0.0010670223407803,True,True,1.0,5.0,3.0,"[5.005335111703902, 10.849949983327777, 10.005001667222409, 15.0, 2.5031677225741915]",9.447952318215291,0.0056334758265152,3.9,445.6671167568784,0.000483725241979,"[9.447952318215293, 7.916834862153542, 7.378177846420581, 5.900691658222296, 5.587876571937489]",,True,13.4483210418839,5.000666888962988,0.0001333777925976,0.0001333777925976,True,True,1.0,3.0,2.0,"[5.000666888962988, 10.01900633544515, 2.4984994998332777, 14.990663554518173, 4.617872624208069]",8.432088022541478,8.646363289571434,3.928571428571429,445.786882160539,18,0.9444444444444444,"[8.432088022541478, 7.22404272854287, 6.975916275902584, 6.206877814084696, 6.080606042724232]",,True,0.1613273341208696,5.000666888962988,0.0001333777925976,0.0001333777925976,True,True,1.0,4.0,2.0,"[5.000666888962988, 10.000333444481495, 15.0, 2.4984994998332777, 10.849949983327777]",5.868879775491397,0.010987422927448,3.9,445.7546167568784,0.0009467270897727,"[5.868879775491397, 3.5832181647876182, 3.208837200614079, 2.989411112893199, 2.8251460181021093]",,True,11.642878166865556,5.000666888962988,0.0001333777925976,0.0001333777925976,True,True,1.0,3.0,2.0,"[5.000666888962988, 10.000333444481495, 2.5031677225741915, 15.0, 4.407802600866956]",7.1394427299103995,6.3465327975369865,3.928571428571429,445.786882160539,18,1.0,"[7.1394427299103995, 6.737389651876791, 5.3358763722372435, 5.290783627113254, 5.261149326595899]",
1161345,5,confirmed_planet_host,0,2.0,444.4104446599507,0.45,2.0,0.0005,188,0.000917283514342,3.032792438803555,0.000917283514342,3.032792438803555,1.0,1.0,0.0038546424331109,0.999011952494495,0.0207952079363167,True,3.5403905099150616e-05,3.664816409908168,0.038596469407329,1.2083967115645895,0.0002000849232882,-0.0558681070286434,0.6353059159591794,True,32491.32231161437,2.951800749402443e-08,1.7725460732503592e-13,6.122061990978503e-05,6.234546160749449,0.0667412189934502,2.055711456207994,0.0002130865282135,0.1374072717855496,0.3498296670150012,True,2580.1480877673375,512,1.211710427890272,3.5146405296570517e-06,0.0005450015924902,24.556899529254096,0.5941473753413846,8.097125017543851,0.0003640403248114,0.9152081131140009,True,0.1372781661339104,7.806268756252084,0.9515671890630212,2.903134378126042,False,False,,,,"[7.806268756252084, 7.908969656552185, 7.7035678559519845, 8.03034344781594, 8.133044348116039]",10.343038227158493,0.1001999153562186,9.9,450.41669465995074,0.006546263852804,"[10.343038227158491, 9.727048901135907, 8.827860267097781, 8.423629369040086, 6.334202942388541]",,True,18.022497290978208,4.286428809603201,0.0716072024008003,1.1432144048016006,False,False,,5.0,,"[4.286428809603201, 8.571857285761922, 12.857285761920641, 15.0, 1.0]",26.934320232218692,24.473499330829156,1.5,446.4503655579579,22,0.9090909090909092,"[26.934320232218692, 25.472633057042454, 20.348435011613372, 15.89511732383519, 15.089936124853397]",,True,0.1381785001140087,4.286428809603201,0.0716072024008003,1.1432144048016006,False,False,,,,"[4.286428809603201, 7.9416472157385805, 7.83894631543848, 10.182394131377126, 8.571857285761922]",6.83063271781664,0.002988057832042,1.5,446.40419465995075,0.0003678069787852,"[6.83063271781664, 5.064249599204213, 4.3208208609173955, 4.061057616311712, 3.9207666858724752]",,True,15.212430000072343,4.286428809603201,0.0716072024008003,1.1432144048016006,False,False,,5.0,,"[4.286428809603201, 8.571857285761922, 12.852617539179727, 15.0, 1.0]",31.11747203973161,28.44568282505067,1.5,446.4503427807529,22,1.0,"[31.11747203973161, 25.583110641298187, 21.484076323730736, 17.742531142010534, 16.78508898532492]",,True,0.1238728340249508,7.988329443147716,0.997082360786929,2.994164721573858,False,False,5.0,,,"[7.988329443147716, 2.666555518506169, 4.286428809603201, 7.6522174058019345, 1.9989996665555188]",6.044787603118551,0.0081103276755985,9.9,448.59169465995075,0.0005513157202398,"[6.044787603118551, 5.310707054473304, 4.769739861554571, 4.606163659214211, 4.164339672261116]",,True,12.259589583147315,4.286428809603201,0.0716072024008003,1.1432144048016006,False,False,,,4.0,"[4.286428809603201, 15.0, 8.576525508502835, 4.00166722240747, 6.429143047682562]",11.061698426940392,11.63771755551769,1.5,446.47075434651293,22,1.0,"[11.061698426940392, 8.162284554494578, 7.887098685240297, 7.704634571882037, 7.48195531968946]",
1161345,5,confirmed_planet_host,1,2.0,444.4104446599507,0.45,2.0,0.001,188,0.001417283514342,4.685930422526552,0.001417283514342,4.685930422526552,1.0,1.0,0.0038580835530368,0.9984756518755368,0.0179117501247674,True,1.2431437655241504e-05,1.2850831108042775,0.0087713132407473,0.2742428920042283,0.000238144119753,-0.1009240361376054,0.3809062498621642,True,31523.518474062636,4.5452815823968095e-08,1.7775019000352385e-13,6.122143931389925e-05,6.234659651035691,0.0431963250079288,1.330506236512598,0.0002479067388709,0.0966760445701965,0.2593876658938825,True,2577.034350965901,512,1.2102664099799965,3.5146405296570517e-06,0.0010312438832254,46.91899581485139,0.7276200370566873,10.012738471168696,0.0004087232490408,0.8847769529315137,True,0.1294461251236498,7.806268756252084,0.9515671890630212,2.903134378126042,False,False,,,,"[7.806268756252084, 7.908969656552185, 7.7035678559519845, 8.03034344781594, 8.133044348116039]",10.269244903896928,0.1003503246925329,9.9,450.41669465995074,0.0065560904000415,"[10.269244903896928, 9.604199171082366, 8.7372349455601, 8.30585103358668, 6.280548705195739]",,True,14.486154542071745,8.571857285761922,1.1429643214404803,3.285928642880961,False,False,,2.0,4.0,"[8.571857285761922, 1.0, 5.999666555518506, 4.00166722240747, 12.852617539179727]",25.28659701125016,25.099126634257104,1.5,450.732620598762,11,1.0,"[25.286597011250162, 23.821711861023218, 23.120107666938036, 22.434508403301482, 21.313939364722692]",,True,0.1384640410542488,1.9989996665555188,0.0005001667222406,0.0005001667222406,True,True,1.0,4.0,2.0,"[1.9989996665555188, 4.00166722240747, 4.286428809603201, 1.0, 8.002334111370457]",9.985691910776364,0.0040114224762904,1.5,444.40419465995075,0.0003456426818103,"[9.985691910776364, 7.060548699725354, 6.780721565510619, 6.456167210178783, 5.357481428621298]",,True,15.1384592091199,8.571857285761922,1.1429643214404803,3.285928642880961,False,False,,3.0,2.0,"[8.571857285761922, 4.00166722240747, 1.0, 5.999666555518506, 12.852617539179727]",26.137824426164997,26.232629074947763,1.5,450.7326441490804,11,1.0,"[26.137824426164997, 25.81696665409102, 25.080280523452874, 22.9095705122718, 22.825606370437153]",,True,0.1484163331333547,1.9989996665555188,0.0005001667222406,0.0005001667222406,True,True,1.0,,4.0,"[1.9989996665555188, 7.988329443147716, 5.999666555518506, 4.00166722240747, 2.666555518506169]",8.984495249803741,0.0118014875179022,2.7,444.4291946599507,0.0007681061871591,"[8.984495249803741, 6.471007509693465, 5.813685976561146, 5.737855028004665, 5.036305206615445]",,True,11.84575316682458,4.00166722240747,0.0004168056018674,1.0008336112037348,True,False,,2.0,1.0,"[4.00166722240747, 1.0, 4.286428809603201, 15.0, 5.999666555518506]",12.811630385436176,11.78142001794821,8.785714285714285,446.56202243927856,22,1.0,"[12.811630385436175, 11.136678216479355, 10.914629457551575, 10.874532883142981, 10.792672815607974]",
1161345,5,confirmed_planet_host,2,2.0,444.4104446599507,0.45,4.0,0.0005,372,0.000956738892882,4.493389246025453,0.000956738892882,4.493389246025453,1.0,1.0,0.0038552904216064,0.9990189645276653,0.0169259591493755,True,1.1732879049137493e-05,1.7032904963092013,0.0122634076407133,0.379065868334424,0.0001995306437298,-0.0603463087511981,0.4205712499096989,True,32509.11283059011,2.9284670858792658e-08,1.785418746232739e-13,2.782495333705521e-05,3.957990547358676,0.0290831213657845,0.8808474696154235,0.0002124458158631,0.1343321826189283,0.2641524998471141,True,2576.3509432506416,512,1.2106606511256424,3.5696285985825175e-06,0.0005401495545126,34.181209094759964,0.5645736350128874,7.606999354661816,0.0003772941468294,0.9219218571026974,True,0.1352967501152306,7.806268756252084,0.9515671890630212,2.903134378126042,False,False,,,,"[7.806268756252084, 7.908969656552185, 7.7035678559519845, 8.03034344781594, 8.133044348116039]",10.248637688286214,0.100390215832671,9.9,450.41669465995074,0.0065586965691964,"[10.248637688286214, 9.585454557234716, 8.728451707071956, 8.28679278576601, 6.263247720504038]",,True,14.176321875071151,8.571857285761922,1.1429643214404803,3.285928642880961,False,False,,,,"[8.571857285761922, 5.999666555518506, 12.857285761920641, 7.997665888629544, 10.000333444481495]",25.202830273130505,23.985858646111264,1.5,450.732620598762,11,1.0,"[25.202830273130502, 20.890778954236026, 20.2867464405951, 17.456845926856335, 16.5468361523959]",,True,0.2446399158798158,4.286428809603201,0.0716072024008003,1.1432144048016006,False,False,,,,"[4.286428809603201, 7.932310770256753, 7.83894631543848, 8.571857285761922, 8.058352784261421]",6.58418915654533,0.0029265115365106,1.5,446.40419465995075,0.0003602311023172,"[6.58418915654533, 5.248715012671979, 4.177793911664201, 3.8917219183105143, 3.854655018626824]",,True,14.453759375028312,4.286428809603201,0.0716072024008003,1.1432144048016006,False,False,,,,"[4.286428809603201, 8.571857285761922, 5.999666555518506, 12.852617539179727, 7.997665888629544]",30.793316566872456,28.14941325362985,1.5,446.4503427807529,22,1.0,"[30.793316566872456, 24.6928947111683, 21.370165961141836, 20.319536458765082, 17.93474682458235]",,True,0.1222249590791761,7.99299766588863,0.9982494164721576,2.996498832944315,False,False,2.0,,,"[7.99299766588863, 1.9989996665555188, 2.666555518506169, 4.286428809603201, 5.999666555518506]",6.515126175669915,0.0091338617266164,9.9,448.5666946599507,0.0006221855194772,"[6.515126175669915, 6.435215852178687, 5.208765055160212, 4.36623594471306, 4.2820574194037055]",,True,12.141271625179796,4.286428809603201,0.0716072024008003,1.1432144048016006,False,False,2.0,,5.0,"[4.286428809603201, 1.9989996665555188, 15.0, 8.576525508502835, 4.00166722240747]",10.680854384859265,11.22936829356446,1.5,446.47075434651293,22,1.0,"[10.680854384859263, 8.86753459261468, 7.869457869478848, 7.605558232626829, 7.49138067093886]",
1161345,5,confirmed_planet_host,3,2.0,444.4104446599507,0.45,4.0,0.001,372,0.001456738892882,6.8416732341936735,0.001456738892882,6.8416732341936735,1.0,1.0,0.0038617037920778,0.9984918947947172,0.0165022918954491,True,-2.75490556932666e-06,-0.3969178052921143,-0.0018911457521919,-0.0580147270565886,0.000237212192547,-0.1072451369850611,0.3723689580801874,True,31546.652126722296,4.498611724827154e-08,1.7984728131183804e-13,2.7825099515268624e-05,3.958010522571962,0.0191009518941438,0.5785149899867198,0.000246807098633,0.0920507201418577,0.2702276660129428,True,2571.9302360233087,512,1.2077068050270188,3.5696285985825175e-06,0.0010335830500928,65.68044129495986,0.7095184010965313,9.600055285700977,0.0004485508812945,0.9056388755838456,True,0.1240546249318867,7.806268756252084,0.9515671890630212,2.903134378126042,False,False,,,,"[7.806268756252084, 7.908969656552185, 7.7035678559519845, 8.03034344781594, 8.133044348116039]",10.057768478636852,0.1007309256454378,9.9,450.41669465995074,0.0065809558328264,"[10.057768478636852, 9.30308019845319, 8.520779239883677, 8.017793098899945, 6.126423257042926]",,True,16.343971790978685,5.999666555518506,0.4999166388796265,1.9998332777592531,False,False,,5.0,,"[5.999666555518506, 7.997665888629544, 10.000333444481495, 9.001333777925977, 1.0]",41.33774912446688,36.59569871716775,3.928571428571429,446.4186907423164,16,1.0,"[41.33774912446688, 34.40892376187095, 31.871306243370903, 30.902916872871277, 29.07833278371219]",,True,0.1935760001651942,1.9989996665555188,0.0005001667222406,0.0005001667222406,True,True,1.0,4.0,2.0,"[1.9989996665555188, 4.00166722240747, 4.286428809603201, 1.0, 7.988329443147716]",8.39047906416008,0.0035930148230861,1.5,444.3666946599507,0.0003085185804031,"[8.39047906416008, 6.82432110445306, 6.210395266852665, 5.593160229215957, 5.39123786071149]",,True,12.885576916160062,4.00166722240747,0.0004168056018674,1.0008336112037348,True,False,,,1.0,"[4.00166722240747, 5.999666555518506, 7.997665888629544, 9.001333777925977, 10.000333444481495]",42.750208117319005,24.60807599564856,3.928571428571429,446.39958195458183,23,0.7391304347826086,"[42.750208117319005, 41.916813719217, 34.97112561825138, 32.83039408981091, 31.24074863266649]",,True,0.2785090829711407,1.9989996665555188,0.0005001667222406,0.0005001667222406,True,True,1.0,5.0,3.0,"[1.9989996665555188, 8.002334111370457, 4.00166722240747, 5.999666555518506, 1.0]",12.131462572097458,0.0173622403962481,3.9,444.4291946599507,0.0009481825284251,"[12.131462572097458, 7.9641186321373345, 7.937182822099845, 7.532365139893733, 7.0578374024087545]",,True,13.594674834050238,1.0,0.0,0.5,True,False,2.0,1.0,3.0,"[1.0, 1.9989996665555188, 4.006335445148383, 2.9979993331110375, 5.999666555518506]",16.552236341747868,10.291162462652665,1.5,443.5110824150528,91,0.6813186813186813,"[16.552236341747868, 15.594339785948968, 12.571810889893873, 11.55151620688301, 11.017864460022588]",
1161345,5,confirmed_planet_host,4,5.0,445.76044465995074,0.45,2.0,0.0005,71,0.001326633066695,2.676067287173484,0.001326633066695,2.676067287173484,1.0,1.0,0.0038545599285027,0.9991346614729286,0.017682708101347,True,5.908786555432069e-05,3.797718097738582,0.0445397201665749,1.41914148270532,0.00018999610665,-0.0269633768061268,0.4946840419434011,True,32786.36585408319,2.5878370260638418e-08,1.7416293902220657e-13,9.124102000540154e-05,5.764636373391408,0.0687763800677056,2.154144778429743,0.0002043190340976,0.1609514870430189,0.4926132089458406,True,2583.5220012387817,512,1.2119814767129002,3.4718580438558863e-06,0.0005898830508812,16.43451180868646,0.4446467268833953,6.141292443376833,0.000349270309351,0.9230388154816844,True,0.2522430839017033,7.806268756252084,0.2193731243747915,0.5612537512504169,False,False,,,,"[7.806268756252084, 7.908969656552185, 7.7035678559519845, 8.03034344781594, 8.133044348116039]",10.396713608273773,0.1000519241061789,9.9,450.41669465995074,0.006536595284051,"[10.396713608273771, 9.831552897523348, 8.900184018455485, 8.532247826113059, 6.3721647969158814]",,True,14.252463499782609,4.286428809603201,0.1427142380793597,0.1427142380793597,False,False,,,,"[4.286428809603201, 8.571857285761922, 12.857285761920641, 10.71457152384128, 15.0]",28.54184175085121,26.06893449640735,1.5,446.4503655579579,22,0.9090909090909092,"[28.54184175085121, 25.816434033433403, 20.780660170337267, 13.152648866199348, 12.970474144914705]",,True,0.2703145421110093,4.286428809603201,0.1427142380793597,0.1427142380793597,False,False,,,,"[4.286428809603201, 7.955651883961321, 8.571857285761922, 7.83894631543848, 8.053684561520507]",7.228286713808307,0.0031089598514427,1.5,446.41669465995074,0.0003799077747276,"[7.2282867138083065, 5.111786846035736, 4.497888127414638, 4.213048437607914, 3.9777952480875816]",,True,13.15237974980846,4.286428809603201,0.1427142380793597,0.1427142380793597,False,False,5.0,,,"[4.286428809603201, 8.571857285761922, 12.857285761920641, 15.0, 5.000666888962988]",31.48446103370056,29.341069075976904,1.5,446.4503427807529,22,1.0,"[31.484461033700562, 25.247109374608133, 20.140225967889105, 12.631777746839466, 11.781103545269811]",,True,0.1237138751894235,7.969656552184062,0.2030343447815938,0.5939313104368124,False,False,,,,"[7.969656552184062, 2.666555518506169, 4.286428809603201, 7.656885628542848, 5.3321107035678565]",5.310249342500149,0.0072337088161225,9.9,448.84169465995075,0.0004828095139433,"[5.310249342500149, 5.2362853158543174, 4.809086078507717, 4.542730235165348, 4.04293161663463]",,True,11.660438208142295,4.286428809603201,0.1427142380793597,0.1427142380793597,False,False,,,,"[4.286428809603201, 14.995331777259088, 8.571857285761922, 12.857285761920641, 6.429143047682562]",11.13177705916536,11.011421636272203,1.5,446.47075434651293,22,1.0,"[11.13177705916536, 8.04230762606968, 8.0012269116364, 7.715285368333649, 7.66517909477095]",
1161345,5,confirmed_planet_host,5,5.0,445.76044465995074,0.45,2.0,0.001,71,0.001826633066695,3.684660904487833,0.001826633066695,3.684660904487833,1.0,1.0,0.0038563251456565,0.9989359126097844,0.0222527501173317,True,5.899198877210932e-05,3.793515441764197,0.0322954784120084,1.0295426200939637,0.0002057543820099,-0.0445647873400171,0.4207608751021325,True,32319.229118069263,3.187325248215241e-08,1.7468075722913262e-13,9.124093514153028e-05,5.764638493920058,0.0499503358420068,1.5644963385637087,0.000218768200471,0.1446854329064761,0.3762286670971662,True,2582.6219102730147,512,1.2114487643168736,3.4718580438558863e-06,0.0010531899214444,29.40772381339563,0.5765744312020289,7.981120807501633,0.0003672430955283,0.9082814039898356,True,0.139305624878034,7.806268756252084,0.2193731243747915,0.5612537512504169,False,False,,,,"[7.806268756252084, 7.908969656552185, 7.7035678559519845, 8.03034344781594, 8.133044348116039]",10.345085097470964,0.1000543421924535,9.9,450.41669465995074,0.0065367532625355,"[10.345085097470964, 9.783120464740986, 8.85577443010211, 8.497925702102792, 6.340427353827914]",,True,16.610762791940942,4.286428809603201,0.1427142380793597,0.1427142380793597,False,False,3.0,,5.0,"[4.286428809603201, 8.571857285761922, 5.000666888962988, 12.857285761920641, 10.000333444481495]",28.68962163308271,26.620887733400217,1.5,446.4503655579579,22,0.9090909090909092,"[28.68962163308271, 25.796846732959818, 23.269235683617726, 20.764893584050846, 17.315134612343968]",,True,0.1386439169291407,4.286428809603201,0.1427142380793597,0.1427142380793597,False,False,2.0,,,"[4.286428809603201, 5.000666888962988, 7.955651883961321, 8.571857285761922, 7.857619206402134]",7.7914965476982045,0.0032922700700872,1.5,446.41669465995074,0.0004023078636891,"[7.7914965476982045, 6.895948781421512, 5.173453522101397, 5.015843705358504, 4.5010721801298255]",,True,13.711699791951103,4.286428809603201,0.1427142380793597,0.1427142380793597,False,False,3.0,,5.0,"[4.286428809603201, 8.571857285761922, 5.000666888962988, 12.857285761920641, 10.000333444481495]",32.122330528073604,29.900980754074595,1.5,446.4503427807529,22,1.0,"[32.122330528073604, 25.24718325554598, 22.92202936082773, 20.140284904488972, 16.67455676409736]",,True,0.125289750052616,5.000666888962988,0.0001333777925976,0.0001333777925976,True,True,1.0,,,"[5.000666888962988, 2.666555518506169, 7.969656552184062, 4.286428809603201, 7.656885628542848]",6.032513441957438,0.007852844145503,2.7,445.7416946599507,0.0008185826896244,"[6.032513441957438, 5.465127431261616, 5.383474580112161, 5.136023489652643, 4.496193268190192]",,True,11.97237641713582,4.995998666222075,0.0008002667555849,0.0008002667555849,True,True,1.0,4.0,5.0,"[4.995998666222075, 4.286428809603201, 15.0, 2.4984994998332777, 10.000333444481495]",11.354769247642686,10.674539507805296,10.0,446.0017855805126,18,1.0,"[11.354769247642686, 11.101820187394349, 10.587633055669281, 10.371736880845651, 9.38260205689907]",
1161345,5,confirmed_planet_host,6,5.0,445.76044465995074,0.45,4.0,0.0005,143,0.0012885178844369,3.691598272500975,0.0012885178844369,3.691598272500975,1.0,1.0,0.0038552296407765,0.9991426996541533,0.0174191670957952,True,2.91857613917354e-05,2.6759628727619655,0.0226506451670158,0.7248792190351363,0.0001895701499328,-0.0269174475994732,0.4572042080108076,True,32804.04443280443,2.5674989946030618e-08,1.7417620681042022e-13,5.85391982761065e-05,5.264574045165445,0.0454314208465071,1.4260961395452203,0.0002038415765384,0.1626375786325636,0.2721422908362001,True,2583.1813440116157,512,1.2107757727599282,3.4718580438558863e-06,0.0005230585201857,20.625602916254103,0.4059381142500452,5.587174278928437,0.0003541195530492,0.926047658799874,True,0.1302571669220924,7.806268756252084,0.2193731243747915,0.5612537512504169,False,False,,,,"[7.806268756252084, 7.908969656552185, 7.7035678559519845, 8.03034344781594, 8.133044348116039]",10.334113412478724,0.1000852019260239,9.9,450.41669465995074,0.0065387693915677,"[10.334113412478724, 9.769151800700628, 8.847106558771324, 8.48206739156637, 6.327992735403962]",,True,15.147513250121849,4.286428809603201,0.1427142380793597,0.1427142380793597,False,False,4.0,,5.0,"[4.286428809603201, 8.571857285761922, 12.857285761920641, 5.000666888962988, 9.99566522174058]",28.505363756775463,25.23017655338462,1.5,446.4503655579579,22,0.9090909090909092,"[28.505363756775463, 25.78343925559289, 20.754101379730805, 19.87213605199673, 15.713073747449357]",,True,0.1461211671121418,4.286428809603201,0.1427142380793597,0.1427142380793597,False,False,,,,"[4.286428809603201, 7.955651883961321, 8.571857285761922, 7.871623874624875, 8.053684561520507]",7.228806237873899,0.0031111524289201,1.5,446.40419465995075,0.0003829589786217,"[7.228806237873899, 5.120787282760181, 4.49855080654607, 4.463489915875795, 3.979939993966868]",,True,13.86532983300276,4.286428809603201,0.1427142380793597,0.1427142380793597,False,False,4.0,,5.0,"[4.286428809603201, 8.571857285761922, 12.857285761920641, 5.000666888962988, 9.99566522174058]",31.484709086717544,28.78145439977719,1.5,446.4503427807529,22,1.0,"[31.484709086717544, 25.2473075961269, 20.14038409395892, 19.307050207634354, 15.302956482083985]",,True,0.1304905829019844,7.969656552184062,0.2030343447815938,0.5939313104368124,False,False,5.0,,,"[7.969656552184062, 2.666555518506169, 4.286428809603201, 7.661553851283762, 5.000666888962988]",5.427779907783004,0.0073314909030368,9.9,448.84169465995075,0.0004893359201141,"[5.427779907783004, 5.2413556009535585, 4.994298814509719, 4.54068858223649, 4.3391687312936185]",,True,12.696606416022403,4.286428809603201,0.1427142380793597,0.1427142380793597,False,False,,,,"[4.286428809603201, 8.571857285761922, 12.857285761920641, 6.429143047682562, 15.0]",11.048233827818905,10.92497238263286,1.5,446.47075434651293,22,1.0,"[11.048233827818905, 7.873292679737812, 7.626470629434485, 7.609603321149361, 7.192254387960996]",
1161345,5,confirmed_planet_host,7,5.0,445.76044465995074,0.45,4.0,0.001,143,0.0017885178844369,5.124096151299954,0.0017885178844369,5.124096151299954,1.0,1.0,0.0038586546590072,0.9989526142939048,0.0182865839451551,True,2.7551162680246235e-05,2.5175990911297164,0.0154044658540943,0.4913254975691695,0.0002049618584606,-0.0451841416020144,0.4183787079527974,True,32348.008009907568,3.1466686491203835e-08,1.7429563964525152e-13,5.85393038452398e-05,5.264590688016733,0.0327306225756129,1.0274184036693257,0.0002179432220778,0.1471191435902187,0.2914285000879317,True,2581.428428455137,512,1.2089561405226406,3.4718580438558863e-06,0.0009790508650352,39.079669596956855,0.547409043853931,7.626646425641831,0.0003841764173956,0.917742638464128,True,0.1331554581411183,7.806268756252084,0.2193731243747915,0.5612537512504169,False,False,,,,"[7.806268756252084, 7.908969656552185, 7.7035678559519845, 8.03034344781594, 8.133044348116039]",10.44219723425743,0.1001208978321435,9.9,450.41669465995074,0.0065411014775689,"[10.44219723425743, 9.868372179330873, 8.939642679880587, 8.579731377587022, 6.38742046371246]",,True,14.434189833933488,5.000666888962988,0.0001333777925976,0.0001333777925976,True,True,1.0,,3.0,"[5.000666888962988, 4.286428809603201, 10.000333444481495, 15.0, 8.571857285761922]",39.37899068855259,36.46139340506893,3.928571428571429,445.7660726360542,16,1.0,"[39.37899068855259, 27.976668068928802, 27.84515135215745, 26.738445283746053, 25.747072564916117]",,True,0.1463253330439329,4.286428809603201,0.1427142380793597,0.1427142380793597,False,False,2.0,,,"[4.286428809603201, 5.000666888962988, 7.955651883961321, 8.571857285761922, 2.1437145715238413]",7.668090345552147,0.0032957955059641,1.5,446.40419465995075,0.0004056871238379,"[7.668090345552147, 6.56352920159142, 5.0945247776316736, 4.930129602232699, 4.529978068809716]",,True,12.76478441688232,5.000666888962988,0.0001333777925976,0.0001333777925976,True,True,1.0,,3.0,"[5.000666888962988, 4.286428809603201, 10.000333444481495, 15.0, 8.571857285761922]",39.02860706871684,36.3895745351302,3.928571428571429,445.7660491783503,16,1.0,"[39.02860706871684, 31.484734888979933, 27.80681235654205, 25.84962997893439, 25.24734424364267]",,True,0.1280721658840775,5.000666888962988,0.0001333777925976,0.0001333777925976,True,True,1.0,,2.0,"[5.000666888962988, 10.000333444481495, 7.969656552184062, 4.286428809603201, 2.666555518506169]",9.293721218675383,0.0114918466599046,3.9,445.7541946599507,0.0009867613667896,"[9.293721218675383, 5.7958382607246435, 5.202322582637631, 5.051084395142014, 5.002680577599142]",,True,12.282427875092251,4.995998666222075,0.0008002667555849,0.0008002667555849,True,True,1.0,3.0,5.0,"[4.995998666222075, 4.286428809603201, 2.4984994998332777, 14.995331777259088, 10.000333444481495]",11.200352834114437,10.422789933507817,10.0,446.0017855805126,18,1.0,"[11.200352834114437, 10.927478533481253, 10.208628134765444, 9.653980623062502, 9.050247434673636]",
2302548,5,confirmed_planet_host,0,2.0,444.41044417915543,0.45,2.0,0.0005,188,0.0003810804928328,1.4696300588268818,0.0003810804928328,1.4696300588268818,1.0,1.0,0.0035380008979535,0.9943087542698104,0.0637684171088039,True,0.0001407304326243,8.176494869400793,0.3692931946692465,5.563641557473043,0.0003483564652444,-0.055829702923571,1.2828130829147997,True,29467.00552882846,3.223848359187012e-08,5.3603523618530925e-08,0.0001951364446129,11.279055152145718,0.5120609642396382,7.674758068808906,0.0003446573718202,-0.0230409028987202,0.5064743750263005,True,2700.8383841420027,512,2.011917849337609,2.5730238784223672e-06,0.0004529055321591,18.485029422704812,1.1884773444906318,12.578015339084931,0.0004158232060114,0.5923430844717721,True,0.4319768329150975,12.465155051683896,2.116288762920974,5.232577525841948,False,False,,,,"[12.465155051683896, 12.628542847615872, 12.320440146715573, 12.180393464488164, 12.768589529843283]",4.42934846321678,0.0635742869941216,9.9,452.60419417915546,0.0053316211316705,"[4.42934846321678, 4.288211488803979, 4.242126388365981, 4.038659280237502, 4.020795827639695]",,True,17.581960458075628,10.383127709236414,1.5957819273091034,4.191563854618207,False,False,,2.0,5.0,"[10.383127709236414, 1.0, 10.000333444481495, 14.425808602867624, 3.996998999666556]",9.569771168015752,9.320092414743671,2.7142857142857144,444.4969717515036,9,1.0,"[9.569771168015752, 9.558620408873004, 7.717665570823459, 7.284143110979692, 7.215143897245701]",,True,0.1442891668993979,14.173724574858287,2.543431143714572,6.086862287429144,False,False,3.0,,,"[14.173724574858287, 11.41947315771924, 1.9989996665555188, 11.176725575191732, 14.878626208736247]",2.372014244395552,0.0033603928761085,1.5,453.86669417915544,0.000841600743311,"[2.372014244395552, 2.36726483499378, 2.252483138852349, 2.0608096822493023, 1.9972488920788103]",,True,12.08833595784381,1.0,0.0,0.5,True,False,,1.0,,"[1.0, 10.383127709236414, 5.999666555518506, 10.000333444481495, 11.998332777592532]",10.303314947013073,9.21586708665753,1.5,444.4294492811963,92,0.75,"[10.303314947013071, 9.217257075790748, 8.981520854226465, 7.116334635151365, 7.058556021218517]",,True,0.1404109578579664,10.383127709236414,1.5957819273091034,4.191563854618207,False,False,5.0,,3.0,"[10.383127709236414, 6.219073024341448, 3.945648549516506, 3.1100366788929645, 1.9989996665555188]",4.244063623752995,0.0056645864992372,2.7,444.49169417915544,0.0008220232544243,"[4.244063623752995, 3.937988156562953, 3.570890090827351, 3.530567834115469, 3.4313780950520805]",,True,14.12261279206723,10.39246415471824,1.59811603867956,4.19623207735912,False,False,,3.0,2.0,"[10.39246415471824, 3.996998999666556, 1.0, 5.187395798599534, 5.999666555518506]",6.285536625813742,4.951288896589735,2.7142857142857144,444.51640158836886,8,0.875,"[6.285536625813742, 6.044877228965088, 5.839682700083299, 5.7186649302908545, 5.448669387695517]",
2302548,5,confirmed_planet_host,1,2.0,444.41044417915543,0.45,2.0,0.001,188,0.0008810804928328,3.3978710557642944,0.0008810804928328,3.3978710557642944,1.0,1.0,0.0035415832480376,0.9937217356230084,0.0391069168690592,True,0.0002403760251824,13.915295560640168,0.2728195972306657,4.095298300691447,0.0003727045758879,-0.0014160499668403,0.9878555410541594,True,29136.822820825975,4.4240767699657824e-08,5.5859583644811985e-08,0.0003271047094003,18.85278082101217,0.3712540591480719,5.548409728211877,0.0003700995664149,-0.0074011081333184,0.2938093340490013,True,2697.4301457597057,512,2.013483817153073,2.5753679919225336e-06,0.0009571664284723,38.813795096234045,1.0863552606810016,11.422974697756308,0.0004494369243542,0.6142508837716919,True,0.1496322499588132,12.465155051683896,2.116288762920974,5.232577525841948,False,False,,,,"[12.465155051683896, 12.628542847615872, 12.320440146715573, 12.768589529843283, 12.180393464488164]",4.463413650166065,0.0636094315180869,9.9,452.60419417915546,0.0053345685070245,"[4.463413650166065, 4.317574840351164, 4.2756276382495395, 4.055488980895558, 4.048369218998142]",,True,14.335539415944368,1.0,0.0,0.5,True,False,,1.0,3.0,"[1.0, 5.999666555518506, 4.00166722240747, 10.000333444481495, 8.002334111370457]",16.17487706166627,13.234744019049584,7.571428571428571,443.5355553672574,90,0.7333333333333333,"[16.17487706166627, 15.531217078387431, 14.385236433513342, 13.901566745037886, 13.653489150921581]",,True,0.1557996249757707,1.9989996665555188,0.0005001667222406,0.0005001667222406,True,True,1.0,2.0,3.0,"[1.9989996665555188, 1.0, 4.00166722240747, 5.999666555518506, 14.173724574858287]",6.2356010876138805,0.0058882716880112,1.5,444.40419417915547,0.0005073606755462,"[6.2356010876138805, 4.109637503946187, 3.8907250412480177, 3.2435763091129366, 2.5969975508945384]",,True,13.30490795802325,1.0,0.0,0.5,True,False,,1.0,3.0,"[1.0, 5.999666555518506, 4.00166722240747, 8.002334111370457, 10.000333444481495]",16.62652408490137,16.466335449858963,2.7142857142857144,444.4343387369786,92,0.7065217391304348,"[16.62652408490137, 16.529545563708254, 14.412800389177004, 13.43374991784089, 12.935403068467885]",,True,0.1258444171398878,1.9989996665555188,0.0005001667222406,0.0005001667222406,True,True,1.0,3.0,2.0,"[1.9989996665555188, 4.00166722240747, 1.0, 11.998332777592532, 5.999666555518506]",9.75525917798476,0.0105653955653072,2.7,444.42919417915544,0.000687654475013,"[9.75525917798476, 7.9161776271017565, 6.260407953401603, 5.372168753631043, 5.365555964916155]",,True,12.495692542055622,1.0,0.0,0.5,True,False,,1.0,2.0,"[1.0, 3.996998999666556, 5.999666555518506, 8.002334111370457, 10.000333444481495]",11.044229198252582,9.99464153085462,5.142857142857142,444.50534213833913,91,0.7582417582417582,"[11.044229198252582, 10.57579738976456, 9.2151659452559, 8.264459417303629, 8.148796289099144]",
2302548,5,confirmed_planet_host,2,2.0,444.41044417915543,0.45,4.0,0.0005,372,0.0003607866976767,1.9578345818408511,0.0003607866976767,1.9578345818408511,1.0,1.0,0.0035390676987687,0.9942680513716768,0.0241692077834159,True,8.077492903438906e-05,6.580770223485407,0.2238855521961616,3.361249354017359,0.0003517797911326,-0.0435873913905015,0.9480033749714494,True,29426.92229418665,3.38752796424359e-08,5.3578782470086e-08,0.0001206056262367,9.75709599529438,0.3342851247380804,4.983616126608758,0.0003476262300232,-0.0180870580510307,0.3741528331302106,True,2703.2781885363374,512,2.0135184280557974,2.53956723779801e-06,0.0004887646225954,28.522467593327583,1.3547190784550756,14.56837460012039,0.0004241327093387,0.6051881235547978,True,0.1488183331675827,12.465155051683896,2.116288762920974,5.232577525841948,False,False,,,,"[12.465155051683896, 12.628542847615872, 12.320440146715573, 12.180393464488164, 12.768589529843283]",4.449022463941674,0.0635729967721725,9.9,452.60419417915546,0.0053315129279464,"[4.449022463941674, 4.307281374092498, 4.258055208900727, 4.0426138323354195, 4.0396329662183765]",,True,13.65941545786336,1.0,0.0,0.5,True,False,,1.0,,"[1.0, 5.999666555518506, 8.002334111370457, 10.383127709236414, 10.000333444481495]",15.388410645296572,14.476120804383283,3.928571428571429,444.4188461835839,90,0.7666666666666667,"[15.388410645296572, 11.627307921173164, 10.800938738501957, 9.575399239653409, 9.431303329879654]",,True,0.1669306659605354,11.41947315771924,1.85486828942981,4.70973657885962,False,False,,,,"[11.41947315771924, 14.173724574858287, 11.176725575191732, 8.562520840280094, 14.873957985995332]",2.532782809820467,0.0034485319093995,1.5,453.46669417915547,0.0007058196421368,"[2.532782809820467, 2.0725025659512206, 2.0338157750556727, 2.013668143769232, 1.9716993617554839]",,True,14.390665000071747,1.0,0.0,0.5,True,False,,1.0,4.0,"[1.0, 8.002334111370457, 5.999666555518506, 4.00166722240747, 10.383127709236414]",14.482282476688765,14.1964945514888,3.928571428571429,444.4188200294956,91,0.7692307692307693,"[14.482282476688765, 10.703782821414627, 10.686570488731615, 9.902094580456641, 9.129881486491461]",,True,0.1254744168836623,1.9989996665555188,0.0005001667222406,0.0005001667222406,True,True,1.0,,2.0,"[1.9989996665555188, 3.996998999666556, 10.383127709236414, 11.998332777592532, 6.219073024341448]",6.473399741779799,0.007688325871893,3.9,444.42919417915544,0.0004203983543854,"[6.473399741779799, 5.745960394424089, 4.2309217844284595, 4.090450555318331, 3.7819641788879395]",,True,14.925872625084594,1.9989996665555188,0.0005001667222406,0.0005001667222406,True,True,1.0,5.0,3.0,"[1.9989996665555188, 5.192064021340447, 3.996998999666556, 10.383127709236414, 1.0]",8.047439469680633,6.883414858636653,5.142857142857142,444.5252960685607,46,0.8913043478260869,"[8.047439469680633, 6.933457851781906, 6.706060693729698, 6.459833548712615, 6.030319345870693]",
2302548,5,confirmed_planet_host,3,2.0,444.41044417915543,0.45,4.0,0.001,372,0.0008607866976767,4.671120013992488,0.0008607866976767,4.671120013992488,1.0,1.0,0.0035462469073416,0.993650283843062,0.0257555001880973,True,9.356222163419736e-05,7.560582037201593,0.1086938516669928,1.6185801295093318,0.0003790808489376,0.0177570560506292,0.5877742921002209,True,29067.25131803605,4.9423571648419734e-08,5.438782087721822e-08,0.0001441497989091,11.599111631448904,0.1674628561270766,2.483154274928368,0.0003756828487269,-0.0065324610661926,0.2447639170568436,True,2697.5919049125196,512,2.016798530836657,2.5494909369127467e-06,0.0009839104256476,58.06133481793928,1.1430362810011103,12.429852935487572,0.0004833590937041,0.6620652691945792,True,0.1364320411812514,12.465155051683896,2.116288762920974,5.232577525841948,False,False,,,,"[12.465155051683896, 12.670556852284095, 12.320440146715573, 12.180393464488164, 12.801267089029677]",4.505666788830635,0.0636068510741883,9.9,452.60419417915546,0.0053343520995763,"[4.505666788830635, 4.359169164475523, 4.309897346162855, 4.0576860844401885, 3.9780908606484178]",,True,13.946522791869938,1.0,0.0,0.5,True,False,,1.0,2.0,"[1.0, 4.00166722240747, 5.999666555518506, 7.997665888629544, 10.000333444481495]",23.39666905299684,26.85270755149063,3.928571428571429,444.4188461835839,90,0.7666666666666667,"[23.39666905299684, 23.102797253507052, 22.49133061220524, 19.468853744556412, 17.850880979595015]",,True,0.1431964579969644,1.9989996665555188,0.0005001667222406,0.0005001667222406,True,True,1.0,2.0,3.0,"[1.9989996665555188, 1.0, 4.00166722240747, 5.999666555518506, 10.000333444481495]",5.506772483728211,0.0054868147349484,1.5,444.36669417915544,0.0004727692908919,"[5.506772483728211, 3.9169443636538777, 3.7225676901691758, 3.6493490257264676, 2.609063822971175]",,True,14.276145416079087,4.00166722240747,0.0004168056018674,1.0008336112037348,True,False,,2.0,1.0,"[4.00166722240747, 1.0, 5.999666555518506, 7.997665888629544, 10.000333444481495]",23.13805779530102,23.26323785097112,3.928571428571429,446.39958147378655,23,0.8260869565217391,"[23.13805779530102, 23.03637146539744, 22.232934039727837, 19.52890997508242, 17.19754402884151]",,True,0.1235995409078896,1.9989996665555188,0.0005001667222406,0.0005001667222406,True,True,1.0,3.0,2.0,"[1.9989996665555188, 4.00166722240747, 1.0, 5.999666555518506, 11.998332777592532]",14.73326671180768,0.0161191866836568,3.9,444.42919417915544,0.0008813985864744,"[14.73326671180768, 11.26651544387136, 9.616185422831453, 8.10467028556861, 7.347375134213739]",,True,14.8730558748357,1.9989996665555188,0.0005001667222406,0.0005001667222406,True,True,1.0,3.0,2.0,"[1.9989996665555188, 3.996998999666556, 1.0, 5.999666555518506, 9.986328776258754]",14.219083800324617,13.109048968936902,5.142857142857142,444.5252960685607,46,1.0,"[14.219083800324615, 10.995266356887493, 10.80302659183688, 9.543049929595021, 8.558454173416145]",
2302548,5,confirmed_planet_host,4,5.0,445.76044417915546,0.45,2.0,0.0005,71,0.0005743513475773,1.3611914172266053,0.0005743513475773,1.3611914172266053,1.0,1.0,0.0035373706521001,0.994417912867168,0.0281452499330043,True,0.00019742190617,7.208817963002528,0.3437302045216376,5.29596195786359,0.000343947644677,-0.069001592264115,0.6479006670415401,True,29538.531347894143,2.98011624406029e-08,5.3286293735652154e-08,0.0002367641565554,8.41430111805598,0.4122287821804456,6.181570800086233,0.0003394688959468,-0.0277190966096943,0.2158491660375148,True,2705.150372596783,512,2.007771656807128,2.5212122447486887e-06,0.0005689816793071,14.180705247536954,0.9906508998492364,10.417862666537966,0.0004119004510575,0.5926297403551786,True,0.1322212079539895,12.465155051683896,0.2465155051683895,1.4930310103367792,False,False,,,,"[12.465155051683896, 12.628542847615872, 12.320440146715573, 12.180393464488164, 12.768589529843283]",4.371019157694323,0.0635005105070743,9.9,452.66669417915546,0.0053430247694856,"[4.371019157694323, 4.234177821013345, 4.180019841232358, 4.0005365563280355, 3.9718163797591886]",,True,13.441205207956957,10.383127709236414,0.0383127709236413,1.0766255418472828,False,False,2.0,,3.0,"[10.383127709236414, 5.000666888962988, 10.000333444481495, 15.0, 12.297099033011005]",9.767941745571076,9.296541938438612,2.7142857142857144,444.4969717515036,9,1.0,"[9.767941745571076, 9.272047910987471, 7.596350201922938, 7.0347035502896, 6.869479083021614]",,True,0.1366582079790532,11.41947315771924,0.141947315771924,1.283894631543848,False,False,,,,"[11.41947315771924, 14.892630876958988, 14.173724574858287, 11.176725575191732, 13.669556518839615]",2.339866391871492,0.0033406006454471,1.5,453.46669417915547,0.0006837290806748,"[2.339866391871492, 2.0464130419215074, 1.9968462340565751, 1.9387842536406972, 1.8538017275598604]",,True,11.515310334041716,10.383127709236414,0.0383127709236413,1.0766255418472828,False,False,2.0,,,"[10.383127709236414, 5.000666888962988, 13.61353784594865, 12.301767255751917, 15.0]",9.257318028919451,8.980059377885436,2.7142857142857144,444.49697666192407,9,1.0,"[9.257318028919453, 9.050180197081934, 7.6513397309319755, 7.043379298363776, 6.514801371565071]",,True,0.125192292034626,6.237745915305102,0.2475491830610204,0.2475491830610204,False,False,,,,"[6.237745915305102, 10.383127709236414, 3.1100366788929645, 12.488496165388463, 3.9643214404801603]",4.242338996628273,0.0054711087077513,9.9,445.97919417915546,0.0003270003437555,"[4.242338996628273, 4.142295325578671, 3.7306209132174755, 3.641583356464398, 3.5278387698526026]",,True,15.546309749828652,5.000666888962988,0.0001333777925976,0.0001333777925976,True,True,1.0,5.0,3.0,"[5.000666888962988, 10.383127709236414, 10.000333444481495, 5.187395798599534, 2.4984994998332777]",6.431067047168641,5.271383835475073,10.0,445.9741803338374,17,0.9411764705882352,"[6.431067047168641, 5.909018897641594, 5.822979070544685, 5.736915828910781, 5.29863273731281]",
2302548,5,confirmed_planet_host,5,5.0,445.76044417915546,0.45,2.0,0.001,71,0.0010743513475773,2.5461728949999647,0.0010743513475773,2.5461728949999647,1.0,1.0,0.0035385873554103,0.9941899307124888,0.0259116659872233,True,0.0002993791072173,10.90534000083985,0.2786603357387779,4.283032005507231,0.0003540807156836,-0.0465235130219032,0.6920967500191182,True,29396.126314902493,3.398176416193645e-08,5.465858005556013e-08,0.0003990003477728,14.24839505153622,0.3713872083583988,5.596004528803382,0.000350165950316,-0.0194841076897213,0.2594484579749405,True,2701.582849889677,512,2.0054127745052295,2.5458048810848296e-06,0.0010565377304402,25.982061101892228,0.983419188538994,10.204358530763711,0.0004283456875665,0.6071214796949346,True,0.1326294161844998,12.465155051683896,0.2465155051683895,1.4930310103367792,False,False,,,,"[12.465155051683896, 12.628542847615872, 12.320440146715573, 12.180393464488164, 12.768589529843283]",4.3667136911380595,0.0634032741382666,9.9,452.66669417915546,0.00533484316082,"[4.3667136911380595, 4.229669761113248, 4.175591341777964, 3.9958809393995973, 3.9781476070075423]",,True,14.215427124872804,5.000666888962988,0.0001333777925976,0.0001333777925976,True,True,1.0,,2.0,"[5.000666888962988, 10.000333444481495, 15.0, 10.383127709236414, 7.498166055351785]",17.82147404567417,16.8870412191553,1.5,445.77670954733554,18,1.0,"[17.82147404567417, 13.65339361211131, 12.199062425526689, 9.720714012766766, 8.768747453172821]",,True,0.1361703330185264,5.000666888962988,0.0001333777925976,0.0001333777925976,True,True,1.0,,,"[5.000666888962988, 14.948649549849952, 11.41947315771924, 14.173724574858287, 8.562520840280094]",3.175198123014787,0.0039023549658287,1.5,445.74169417915544,0.0005342693249405,"[3.175198123014787, 2.5200271110636487, 2.3161073827902694, 1.978343055063314, 1.8341352470324614]",,True,11.815186124993488,5.000666888962988,0.0001333777925976,0.0001333777925976,True,True,1.0,,2.0,"[5.000666888962988, 10.000333444481495, 15.0, 10.383127709236414, 7.498166055351785]",17.248808980101632,16.82795784950308,1.5,445.776686115243,18,1.0,"[17.248808980101632, 12.82248901144828, 11.692900117897947, 9.246074585745921, 8.372238041356054]",,True,0.1205428338143974,5.000666888962988,0.0001333777925976,0.0001333777925976,True,True,1.0,4.0,2.0,"[5.000666888962988, 10.000333444481495, 6.247082360786929, 2.4984994998332777, 12.488496165388463]",7.048398794799388,0.0078693426068629,2.7,445.75419417915543,0.000807793772339,"[7.048398794799388, 5.004146965110607, 4.407658808787252, 4.107823959943657, 4.040980269608355]",,True,13.595615624915808,5.000666888962988,0.0001333777925976,0.0001333777925976,True,True,1.0,2.0,3.0,"[5.000666888962988, 2.4984994998332777, 10.000333444481495, 15.0, 12.49783261087029]",10.53105871337397,9.3967692676867,10.0,445.9741803338374,17,1.0,"[10.53105871337397, 9.957516170537266, 8.814184152166874, 7.345903040153549, 6.946098218507402]",
2302548,5,confirmed_planet_host,6,5.0,445.76044417915546,0.45,4.0,0.0005,143,0.0005936144596169,1.9939119528125755,0.0005936144596169,1.9939119528125755,1.0,1.0,0.003537630326944,0.9944270810919524,0.0806531249545514,True,5.371071958613081e-05,2.7889598594453315,0.0904808141310897,1.3987377203448106,0.0003439281111529,-0.0662865305796064,0.8973407910671085,True,29532.648232337426,3.0639019182698075e-08,5.269413075613212e-08,0.0001047225799954,5.32039781386831,0.1764151433625499,2.6683213400488697,0.000339902544153,-0.0295363288443265,0.3609191670548171,True,2704.8384710370538,512,2.0109648876156956,2.5212122447486887e-06,0.0005536792205116,19.62209849526041,0.9327252925558664,9.84100550055976,0.0004182244140773,0.6055555854874203,True,0.1866187080740928,12.465155051683896,0.2465155051683895,1.4930310103367792,False,False,,,,"[12.465155051683896, 12.628542847615872, 12.320440146715573, 12.180393464488164, 12.768589529843283]",4.376450498892097,0.0634019046119454,9.9,452.66669417915546,0.0053347279268951,"[4.376450498892097, 4.239181220752439, 4.1850161306817855, 4.005010766135814, 3.9909191932835633]",,True,14.088782583130524,5.000666888962988,0.0001333777925976,0.0001333777925976,True,True,1.0,,3.0,"[5.000666888962988, 10.383127709236414, 10.000333444481495, 15.0, 13.61353784594865]",10.253968476646753,9.239364408488132,3.928571428571429,445.7660721296476,16,0.9375,"[10.253968476646753, 9.812851718226996, 9.173778697753804, 8.232129437454132, 7.666663163259233]",,True,0.2023810409009456,11.41947315771924,0.141947315771924,1.283894631543848,False,False,,,,"[11.41947315771924, 14.873957985995332, 14.173724574858287, 11.176725575191732, 8.562520840280094]",2.3619841536579687,0.003353916975522,1.5,453.46669417915547,0.0006864545672224,"[2.3619841536579687, 2.2498936017412103, 2.016175383347064, 1.8888404502336804, 1.8696579101580924]",,True,12.701947041088715,5.000666888962988,0.0001333777925976,0.0001333777925976,True,True,1.0,,3.0,"[5.000666888962988, 10.383127709236414, 10.000333444481495, 15.0, 13.61353784594865]",10.043290063201889,9.502472591303489,3.928571428571429,445.766048697555,16,0.9375,"[10.043290063201887, 9.335635633617345, 9.18536845896181, 8.467039266983582, 8.241151707630774]",,True,0.1458655421156436,5.000666888962988,0.0001333777925976,0.0001333777925976,True,True,1.0,,,"[5.000666888962988, 6.237745915305102, 12.49783261087029, 10.383127709236414, 3.114704901633878]",5.355612296671619,0.0065090339479201,3.9,445.75419417915543,0.0005608484179991,"[5.355612296671619, 4.27794190964305, 4.053744831857987, 3.8013974355994216, 3.660111306787413]",,True,11.832151165930554,4.995998666222075,0.0008002667555849,0.0008002667555849,True,True,1.0,5.0,3.0,"[4.995998666222075, 10.383127709236414, 9.98166055351784, 5.187395798599534, 2.4984994998332777]",6.706717389463664,6.361604414174383,10.0,445.9608342909778,18,0.9444444444444444,"[6.706717389463664, 5.872684271773062, 5.849914590104963, 5.6788041779312985, 5.23928195456932]",
2302548,5,confirmed_planet_host,7,5.0,445.76044417915546,0.45,4.0,0.001,143,0.0010936144596169,3.673379088854991,0.0010936144596169,3.673379088854991,1.0,1.0,0.0035401864835723,0.9942117848915332,0.0160951658617705,True,7.167006778684235e-05,3.71775085681059,0.0655350403943487,1.0120792782019754,0.0003540592404414,-0.0408782437590569,0.6211172498296946,True,29382.84990754239,3.6495136209443614e-08,5.285125292544544e-08,0.0001377902544292,7.008458146663876,0.1259952748590226,1.9079049499485343,0.0003512157909868,-0.0266129232236025,0.2143676250707358,True,2698.4357035320463,512,2.012122103839533,2.5672558980076308e-06,0.0010239255283718,35.48594953933186,0.936276508935772,9.660301504681618,0.0004482783564306,0.642406974369824,True,0.1338514999952167,12.465155051683896,0.2465155051683895,1.4930310103367792,False,False,,,,"[12.465155051683896, 12.628542847615872, 12.320440146715573, 12.768589529843283, 12.180393464488164]",4.415444122456772,0.0632060623480088,9.9,452.66669417915546,0.0053182494756391,"[4.415444122456772, 4.276240988397101, 4.221639406010009, 4.050998079343442, 4.03917704927675]",,True,14.52771025011316,5.000666888962988,0.0001333777925976,0.0001333777925976,True,True,1.0,,2.0,"[5.000666888962988, 10.000333444481495, 15.0, 12.49783261087029, 10.383127709236414]",22.33980188616412,19.921838113694704,3.928571428571429,445.7660721296476,16,1.0,"[22.339801886164118, 16.829477613269216, 15.625132877010216, 11.578959749003939, 9.772513567961868]",,True,0.1618172500748187,5.000666888962988,0.0001333777925976,0.0001333777925976,True,True,1.0,,4.0,"[5.000666888962988, 14.948649549849952, 11.41947315771924, 9.967655885295098, 14.173724574858287]",3.1381445633829688,0.003905169091495,1.5,445.69169417915543,0.0005298316029234,"[3.1381445633829688, 2.6044317160517823, 2.328539605712478, 2.1723311664527762, 1.9906017394014521]",,True,12.293990999925882,5.000666888962988,0.0001333777925976,0.0001333777925976,True,True,1.0,,2.0,"[5.000666888962988, 10.000333444481495, 15.0, 12.49783261087029, 10.383127709236414]",22.14001275688556,20.152461978944388,3.928571428571429,445.766048697555,16,1.0,"[22.14001275688556, 16.797741596189148, 15.852561131654506, 11.652408585093802, 9.328728977308405]",,True,0.126127874944359,5.000666888962988,0.0001333777925976,0.0001333777925976,True,True,1.0,3.0,2.0,"[5.000666888962988, 10.000333444481495, 2.4984994998332777, 15.0, 12.49783261087029]",11.249223596532923,0.0118785005393806,3.9,445.75419417915543,0.0010235064510367,"[11.249223596532923, 7.623980862641258, 7.007538485322131, 5.724039106305786, 4.849138157265951]",,True,14.45803637499921,4.995998666222075,0.0008002667555849,0.0008002667555849,True,True,1.0,2.0,3.0,"[4.995998666222075, 2.4984994998332777, 9.98166055351784, 14.976658886295432, 7.512170723574525]",10.623480159348444,10.284774821333915,10.0,445.9608342909778,18,1.0,"[10.623480159348443, 9.561864393996126, 8.573445682460914, 7.132336476080873, 6.746835385919094]",
2442448,5,confirmed_planet_host,0,2.0,444.4104573531789,0.45,2.0,0.0005,188,0.000518078228979,28.044234492331057,0.000518078228979,28.044234492331057,1.0,1.0,0.0002855751922302,0.1883245008608565,0.0232480838894844,True,0.0001504605280979,6.701401041085141,0.2904204803094615,0.2389582444447787,0.0003212906078154,-0.1354528633120616,0.8488774998113513,True,30323.935025815383,2.7661788795738236e-10,7.371817147214045e-08,0.0004706548853961,25.673127269304707,0.9084629676943512,0.9154511696985436,0.0002801152557095,0.1054172357112673,0.3596817920915782,False,2999.6718425808685,512,1.0,1.7614346843633628e-08,0.0004979833114682,26.37695805999671,0.9612125806744996,0.9405483350672212,0.0002872419067438,0.1985612142250357,True,0.1652898751199245,1.9989996665555188,0.0005001667222406,0.0005001667222406,True,True,1.0,3.0,2.0,"[1.9989996665555188, 4.00166722240747, 1.0, 5.999666555518506, 8.002334111370457]",17.7607065708463,0.0059618641983346,2.7,444.4292073531789,0.000388031150378,"[17.7607065708463, 12.509096501272587, 11.109648579937772, 9.588195678690354, 9.342936795415778]",,True,20.403568875044584,1.0,0.0,0.5,True,False,,1.0,,"[1.0, 10.387795931977326, 13.590196732244083, 14.019673224408137, 7.829609869956653]",7.513593454348573,5.6628245023987605,6.357142857142858,444.5102709194393,91,0.6923076923076923,"[7.513593454348573, 7.104737339050114, 6.337068755509752, 6.307365809073017, 6.285112032262181]",,True,0.1585514999460429,1.9989996665555188,0.0005001667222406,0.0005001667222406,True,True,1.0,2.0,3.0,"[1.9989996665555188, 1.0, 4.00166722240747, 5.999666555518506, 8.002334111370457]",23.901358424959597,0.0053892103107106,2.7,444.4292073531789,0.0003507596629051,"[23.901358424959597, 17.433809664455467, 16.129091611465068, 13.473881702593879, 12.381995418574803]",,True,12.296922124922276,1.0,0.0,0.5,True,False,,1.0,2.0,"[1.0, 4.00166722240747, 6.0043347782594205, 10.000333444481495, 14.005668556185396]",9.388715904529384,8.240311065925184,6.357142857142858,444.5102447681449,92,0.7391304347826086,"[9.388715904529384, 8.823889136506754, 8.125836906486544, 7.4119926088009835, 7.380783131998556]",,True,0.1358129580039531,1.9989996665555188,0.0005001667222406,0.0005001667222406,True,True,1.0,3.0,2.0,"[1.9989996665555188, 4.00166722240747, 1.0, 5.999666555518506, 8.002334111370457]",17.07953590566578,0.005681042088034,2.7,444.4292073531789,0.0003697536917029,"[17.07953590566578, 11.360015810434101, 11.032581972819917, 9.617887820473907, 8.556822800360127]",,True,12.610218624817207,4.00166722240747,0.0004168056018674,1.0008336112037348,True,False,,2.0,1.0,"[4.00166722240747, 1.0, 6.0043347782594205, 7.997665888629544, 9.990996998999668]",7.918992192832284,8.172722190635822,8.785714285714285,446.5620351325067,22,0.9545454545454546,"[7.918992192832284, 7.8067880145894755, 7.6688891657863225, 6.968674497755563, 6.8534863221131435]",
2442448,5,confirmed_planet_host,1,2.0,444.4104573531789,0.45,2.0,0.001,188,0.001018078228979,55.10987142094434,0.001018078228979,55.10987142094434,1.0,1.0,0.0003352735822634,0.3479988076526968,0.0242272079922258,True,0.0002802844279567,12.373906534887237,0.2753073584903611,0.2245315805651575,0.0003485979803719,-0.050709357638738,0.7968730831053108,True,29643.91203082486,4.5814412052049685e-09,8.398335314216948e-08,0.0007443321186052,37.88586356018416,0.7311148568137952,0.6874605689206117,0.0003258854477617,0.1556656554672422,0.2684376670513302,False,2575.1156422455415,512,1.0,1.9062891373349536e-08,0.0009341448610725,48.22725608921652,0.91755705453924,0.8751110254067459,0.000337767928505,0.3576055263468553,True,0.1403750840108841,1.9989996665555188,0.0005001667222406,0.0005001667222406,True,True,1.0,3.0,2.0,"[1.9989996665555188, 4.00166722240747, 1.0, 5.999666555518506, 8.002334111370457]",26.73957312816184,0.0115436204198645,2.7,444.4292073531789,0.0007513227678514,"[26.73957312816184, 19.157468545806204, 17.67181205270912, 14.96324157610448, 14.182327347653937]",,True,14.96060175006278,4.00166722240747,0.0004168056018674,1.0008336112037348,True,False,,4.0,1.0,"[4.00166722240747, 5.999666555518506, 8.002334111370457, 1.0, 10.999333111037013]",14.406794154215326,12.550804683007142,1.5,446.41026706327864,23,0.9130434782608696,"[14.406794154215326, 13.320331520163377, 10.844320805614913, 10.737504837712102, 9.779029250312883]",,True,0.2866340829059481,1.9989996665555188,0.0005001667222406,0.0005001667222406,True,True,1.0,2.0,3.0,"[1.9989996665555188, 1.0, 4.00166722240747, 5.999666555518506, 8.002334111370457]",32.101052930032644,0.0083387618672043,1.5,444.41670735317894,0.0007135564411495,"[32.101052930032644, 23.799748855058272, 22.364357401462584, 19.26794627323443, 16.234975022591087]",,True,14.57539579202421,1.9989996665555188,0.0005001667222406,0.0005001667222406,True,True,1.0,4.0,2.0,"[1.9989996665555188, 4.00166722240747, 5.999666555518506, 1.0, 8.002334111370457]",19.919772536588315,19.83050698727295,2.7142857142857144,444.474714004489,46,1.0,"[19.919772536588315, 15.805404747403548, 15.010712098653965, 14.800025244243018, 12.565584877941838]",,True,0.1403904578182846,1.9989996665555188,0.0005001667222406,0.0005001667222406,True,True,1.0,2.0,3.0,"[1.9989996665555188, 1.0, 4.00166722240747, 5.999666555518506, 8.002334111370457]",25.10192741554282,0.0103457400984066,2.7,444.4292073531789,0.0006733580803498,"[25.10192741554282, 18.38063821593327, 17.470172508582447, 14.366346855426599, 12.586645557395084]",,True,12.037722458830103,1.0,0.0,0.5,True,False,,1.0,2.0,"[1.0, 4.00166722240747, 5.999666555518506, 7.997665888629544, 10.005001667222409]",14.006941482887145,11.099003908050143,3.928571428571429,443.5208740198456,90,0.7555555555555555,"[14.006941482887143, 13.552234454824214, 12.068150381798587, 10.788686198052707, 10.274924213575542]",
2442448,5,confirmed_planet_host,2,2.0,444.4104573531789,0.45,4.0,0.0005,372,0.0005218134002556,39.97815515999915,0.0005218134002556,39.97815515999915,1.0,1.0,0.0003033190315189,0.2733550157396264,0.0149671658873558,True,7.193411193522848e-05,4.51442021685928,0.1378540909451289,0.1129221745923949,0.0003240349215217,-0.132432500854884,0.4145139588508755,True,30141.355919276895,2.5250494818944813e-09,7.030632847525455e-08,0.0003112605180977,22.8146202773542,0.5964977479406991,0.5706771657182863,0.000291727152262,0.0682781380005709,0.2135425410233438,False,2942.4589371946695,512,1.0,1.90227932164614e-08,0.000492775345567,36.59962968680988,0.9443516500833424,0.915490710872779,0.0003040379562035,0.2771277117141921,True,0.1432594170328229,1.9989996665555188,0.0005001667222406,0.0005001667222406,True,True,1.0,3.0,2.0,"[1.9989996665555188, 4.00166722240747, 1.0, 5.999666555518506, 8.002334111370457]",23.009199085540185,0.0088536004448372,3.9,444.4292073531789,0.0004841156734788,"[23.009199085540185, 15.930782941231598, 15.494731587323175, 13.210590319083881, 11.559507692215549]",,True,14.459294458152726,1.0,0.0,0.5,True,False,,1.0,,"[1.0, 5.999666555518506, 10.000333444481495, 7.997665888629544, 9.001333777925977]",9.305455449402302,11.4751515251519,3.928571428571429,444.41885935481343,91,0.7802197802197802,"[9.305455449402302, 9.045188660192492, 8.667018640763413, 8.305258403688812, 7.5123888850859535]",,True,0.145819874946028,1.9989996665555188,0.0005001667222406,0.0005001667222406,True,True,1.0,2.0,3.0,"[1.9989996665555188, 1.0, 4.00166722240747, 5.999666555518506, 8.002334111370457]",24.900673051565448,0.0053772662583143,3.9,444.41670735317894,0.0002943984091029,"[24.900673051565448, 19.30757670633811, 17.989263049146803, 13.266740541355404, 11.4894284661863]",,True,15.011124541983008,1.9989996665555188,0.0005001667222406,0.0005001667222406,True,True,1.0,2.0,3.0,"[1.9989996665555188, 1.0, 4.00166722240747, 5.999666555518506, 10.000333444481495]",13.095106179534438,12.776439556584018,3.928571428571429,444.4796136677555,46,1.0,"[13.095106179534438, 11.812009537847223, 10.813347486877813, 10.425384076684312, 9.256191116728969]",,True,0.1347585420589894,1.9989996665555188,0.0005001667222406,0.0005001667222406,True,True,1.0,2.0,3.0,"[1.9989996665555188, 1.0, 4.00166722240747, 5.999666555518506, 7.997665888629544]",20.49030096611836,0.0083600424530442,3.9,444.4292073531789,0.0004571278778259,"[20.49030096611836, 14.461007426727791, 13.856626551419827, 12.134656421322894, 10.119869575550151]",,True,12.275475709000602,2.003667889296432,0.001833944648216,0.001833944648216,True,True,1.0,3.0,2.0,"[2.003667889296432, 4.00166722240747, 1.0, 5.994998332777593, 8.002334111370457]",10.489140128338818,8.58933692617025,5.142857142857142,444.4456466339596,45,0.9111111111111112,"[10.489140128338818, 9.103435297415944, 8.636070770008988, 8.290476187064453, 7.342374316288705]",
2442448,5,confirmed_planet_host,3,2.0,444.4104573531789,0.45,4.0,0.001,372,0.0010218134002556,78.28510084251066,0.0010218134002556,78.28510084251066,1.0,1.0,0.0003889247277379,0.506606384581509,0.0215701248962432,True,0.0001060730798497,6.621254855122405,0.103808659999154,0.0845787357219179,0.0003536417725747,-0.0481055484541859,0.9383182500023396,True,29482.69532280912,1.9348033342117712e-08,6.682686284161553e-08,0.0002530278486997,17.153776841469046,0.2476262775928021,0.2191193043996711,0.0003377561150844,0.0277778542568005,0.4524857499636709,False,2277.5218792638034,512,1.0,1.9413260639085277e-08,0.0008606992059505,59.70432699256662,0.8423252285938241,0.7626524887880807,0.0003784175639371,0.478531460062387,True,0.2940042500849813,1.9989996665555188,0.0005001667222406,0.0005001667222406,True,True,1.0,3.0,2.0,"[1.9989996665555188, 4.00166722240747, 1.0, 5.999666555518506, 8.002334111370457]",31.31775948713605,0.0173237842011366,3.9,444.4292073531789,0.0009472660877333,"[31.31775948713605, 21.648908929581165, 21.402285609449475, 18.25359207057581, 15.703104189694749]",,True,15.938436499796808,1.0,0.0,0.5,True,False,,1.0,4.0,"[1.0, 5.999666555518506, 10.000333444481495, 4.00166722240747, 9.001333777925977]",16.898345002217727,21.19238787784012,3.928571428571429,444.41885935481343,91,0.7912087912087912,"[16.898345002217727, 16.549467920709446, 15.27545398694285, 14.846418293644918, 14.138177486438767]",,True,0.1680462090298533,1.9989996665555188,0.0005001667222406,0.0005001667222406,True,True,1.0,2.0,3.0,"[1.9989996665555188, 1.0, 4.00166722240747, 5.999666555518506, 8.002334111370457]",27.406875949265206,0.0066912434252974,1.5,444.3792073531789,0.0005745517411841,"[27.406875949265206, 23.902389308917908, 20.864422076607916, 16.84026943020478, 15.390440295072958]",,True,14.414471958996728,1.9989996665555188,0.0005001667222406,0.0005001667222406,True,True,1.0,2.0,4.0,"[1.9989996665555188, 1.0, 5.999666555518506, 4.00166722240747, 10.000333444481495]",22.13229221157477,22.160208236919953,3.928571428571429,444.45921571197425,45,0.9555555555555556,"[22.13229221157477, 18.88415640923612, 17.879161080083108, 17.52518775865035, 17.156739212271226]",,True,0.1468940412160009,1.9989996665555188,0.0005001667222406,0.0005001667222406,True,True,1.0,2.0,3.0,"[1.9989996665555188, 1.0, 4.00166722240747, 5.999666555518506, 7.997665888629544]",26.194289119148152,0.014542918149635,3.9,444.4292073531789,0.0007952080803989,"[26.194289119148152, 21.341289812241143, 17.969663434773498, 15.425339253828959, 12.723893001792149]",,True,14.958527541952208,1.9989996665555188,0.0005001667222406,0.0005001667222406,True,True,1.0,3.0,2.0,"[1.9989996665555188, 4.00166722240747, 1.0, 5.994998332777593, 2.9979993331110375]",16.88008861574431,16.831196003354744,3.928571428571429,444.4796136677555,46,1.0,"[16.88008861574431, 13.03513354934056, 12.936934718465084, 11.096346479224767, 10.244784028232763]",
2442448,5,confirmed_planet_host,4,5.0,445.76045735317894,0.45,2.0,0.0005,71,0.0004372864742649,14.495994520691792,0.0004372864742649,14.495994520691792,1.0,1.0,0.0002721436798404,0.1258227357426232,0.0184624590910971,True,0.0001823547540325,5.029286617150924,0.4170143939142953,0.3469431924778977,0.0003157869398899,-0.1578351927838843,0.5633425421547145,True,30540.03268982111,1.3156857489281963e-10,6.812145807286266e-08,0.0004274332346635,14.25025061968085,0.9774673122054076,0.9830474617895196,0.0002669377762564,0.0520845138736883,0.1894487908575683,False,3066.19555925866,512,1.0,1.6431891742004547e-08,0.0004436784089822,14.35997516645422,1.0146172705844416,0.9906167628551864,0.0002729823723134,0.1329721846820278,True,0.1534943338483572,5.000666888962988,0.0001333777925976,0.0001333777925976,True,True,1.0,3.0,2.0,"[5.000666888962988, 9.99566522174058, 2.4984994998332777, 14.990663554518173, 10.94331443814605]",9.724523912092964,0.0033474563077435,2.7,445.7542073531789,0.0003436188375143,"[9.724523912092963, 7.710356065619813, 5.777992416568244, 4.999201831383917, 4.21010137221764]",,True,14.052098791813478,5.000666888962988,0.0001333777925976,0.0001333777925976,True,True,1.0,,3.0,"[5.000666888962988, 4.389129709903301, 10.000333444481495, 13.590196732244083, 12.24108036012004]",7.480705564994908,6.666178820430603,1.5,445.77672271856505,18,0.8888888888888888,"[7.480705564994908, 6.71911013360372, 6.579373971796236, 6.472495899780092, 6.263983908406036]",,True,0.1439647499937564,5.000666888962988,0.0001333777925976,0.0001333777925976,True,True,1.0,3.0,2.0,"[5.000666888962988, 9.99566522174058, 2.4984994998332777, 14.990663554518173, 1.6675558519506501]",14.742183284792764,0.002997588242004,1.5,445.7542073531789,0.0004142050500802,"[14.742183284792763, 12.001880587121493, 10.040256420086754, 8.557094017263541, 5.761222409088596]",,True,11.66956845880486,5.000666888962988,0.0001333777925976,0.0001333777925976,True,True,1.0,3.0,2.0,"[5.000666888962988, 9.99566522174058, 2.4984994998332777, 14.98599533177726, 13.440813604534846]",7.654630749355749,6.141033955269729,7.571428571428571,445.9031873845046,18,0.8333333333333334,"[7.654630749355749, 6.913932049740115, 6.89509094513381, 6.852608516210732, 6.477848339952212]",,True,0.1490131658501923,5.000666888962988,0.0001333777925976,0.0001333777925976,True,True,1.0,3.0,2.0,"[5.000666888962988, 9.99566522174058, 2.4984994998332777, 14.990663554518173, 6.097699233077693]",9.118193674271645,0.0031516600667826,1.5,445.7542073531789,0.0004354946078,"[9.118193674271643, 7.184047798498369, 5.8207649260309395, 4.738737397629231, 3.4150542801407724]",,True,15.773421917110682,5.000666888962988,0.0001333777925976,0.0001333777925976,True,True,1.0,3.0,2.0,"[5.000666888962988, 9.99566522174058, 2.4984994998332777, 14.98599533177726, 13.501500500166724]",6.895325317744238,6.27243860450563,5.142857142857142,445.85259214640934,18,0.9444444444444444,"[6.895325317744238, 6.632317031176699, 6.538559311622594, 6.363135106767919, 6.013368254778191]",
2442448,5,confirmed_planet_host,5,5.0,445.76045735317894,0.45,2.0,0.001,71,0.0009372864742649,31.070934947396115,0.0009372864742649,31.070934947396115,1.0,1.0,0.000291776241895,0.20871703353289,0.0196111670229583,True,0.0003080342476977,8.481026590698642,0.3286447165892938,0.2729569163289497,0.0003267462143104,-0.1207167458115864,0.6066420001443475,True,30228.454715468957,2.9447307542958877e-10,7.687553109904155e-08,0.0008669020514941,28.66686068557249,0.9249061789501756,0.9226262658045604,0.0002861242200623,0.1268430265354813,0.2248450419865548,False,2920.9431064503606,512,1.0,1.6603768956116262e-08,0.0009131994904436,29.56217423130092,0.9743013641157569,0.9514414124116456,0.0002921366670684,0.2123197855477606,True,0.1742478332016617,5.000666888962988,0.0001333777925976,0.0001333777925976,True,True,1.0,3.0,2.0,"[5.000666888962988, 9.99566522174058, 2.4984994998332777, 14.995331777259088, 1.6675558519506501]",20.876436708312077,0.0069127439321895,2.7,445.7542073531789,0.0007095982189576,"[20.876436708312077, 15.296425317374926, 12.51178500916009, 11.274381381607695, 9.17734062942765]",,True,14.467095999978484,5.000666888962988,0.0001333777925976,0.0001333777925976,True,True,1.0,5.0,2.0,"[5.000666888962988, 10.000333444481495, 15.0, 7.502834278092698, 2.4984994998332777]",13.853214624135,13.03677464821644,1.5,445.77672271856505,18,1.0,"[13.853214624135001, 11.580817268649838, 9.497572941750839, 7.197542216558129, 7.01681787784705]",,True,0.1439702911302447,5.000666888962988,0.0001333777925976,0.0001333777925976,True,True,1.0,3.0,2.0,"[5.000666888962988, 9.99566522174058, 2.4984994998332777, 14.995331777259088, 1.6675558519506501]",26.570463836007317,0.0062538938768106,1.5,445.7542073531789,0.0008641595233604,"[26.570463836007317, 19.372391880236027, 17.077482255813194, 15.09406393084446, 12.595827118213434]",,True,11.863570292014629,5.000666888962988,0.0001333777925976,0.0001333777925976,True,True,1.0,3.0,2.0,"[5.000666888962988, 9.990996998999668, 2.4984994998332777, 14.98599533177726, 7.4934978326108705]",13.92512931011017,13.053815524848517,1.5,445.7766992892665,18,1.0,"[13.92512931011017, 10.77466958045043, 10.568920980570445, 10.505617308512536, 8.468110715766525]",,True,0.1339335408993065,5.000666888962988,0.0001333777925976,0.0001333777925976,True,True,1.0,3.0,2.0,"[5.000666888962988, 9.99566522174058, 2.4984994998332777, 14.995331777259088, 1.6675558519506501]",19.664449891818673,0.0065685631991472,1.5,445.7542073531789,0.0009076403525786,"[19.664449891818673, 13.998896620836993, 12.151998070622067, 10.746038820210721, 9.160884766088769]",,True,13.67159741697833,5.000666888962988,0.0001333777925976,0.0001333777925976,True,True,1.0,2.0,3.0,"[5.000666888962988, 2.4984994998332777, 9.99566522174058, 14.98599533177726, 7.498166055351785]",12.43351723390739,11.824787656164776,5.142857142857142,445.85259214640934,18,1.0,"[12.43351723390739, 11.428342127739311, 10.296671480645742, 9.553072213054628, 7.755619730334449]",
2442448,5,confirmed_planet_host,6,5.0,445.76045735317894,0.45,4.0,0.0005,143,0.0004499487048928,21.214413509239755,0.0004499487048928,21.214413509239755,1.0,1.0,0.0002782630178299,0.1643821551089527,0.0241678750608116,True,8.390552959754728e-05,3.280810946592038,0.1864779889021332,0.1546500894386313,0.0003148927915424,-0.1617299820158776,1.0923357498832047,True,30462.94586458861,3.5494291225301764e-10,6.85442121740349e-08,0.0003485582181137,16.376915302141118,0.7746621210894075,0.771971155130369,0.0002715582473131,0.060768411128109,0.2824881251435727,False,3061.084244657154,512,1.0,1.7008293408794313e-08,0.000410915387707,19.051631135537733,0.9132494065181476,0.8980512766586717,0.0002781214440101,0.1655937725803954,True,0.1801157500594854,5.000666888962988,0.0001333777925976,0.0001333777925976,True,True,1.0,4.0,2.0,"[5.000666888962988, 10.000333444481495, 15.0, 2.4984994998332777, 1.6675558519506501]",15.43971102467794,0.0053646349002784,3.9,445.7542073531789,0.0004622417122168,"[15.43971102467794, 9.906136601423293, 8.230717569249354, 8.079572885587158, 5.197728640494756]",,True,14.459047958021984,15.0,0.5,2.0,False,False,,,,"[15.0, 10.639879959986663, 7.7035678559519845, 13.590196732244083, 12.24108036012004]",6.652887116079833,5.175613408484165,3.928571428571429,455.7823554344442,5,1.0,"[6.652887116079833, 6.573043067279902, 6.535445764924272, 6.434091699546158, 6.2593213536301855]",,True,0.1581962089985609,5.000666888962988,0.0001333777925976,0.0001333777925976,True,True,1.0,3.0,2.0,"[5.000666888962988, 10.000333444481495, 2.4984994998332777, 15.0, 1.6675558519506501]",20.140123247071028,0.0040765665247678,3.9,445.7542073531789,0.0003512557938055,"[20.140123247071028, 12.766869922195099, 11.82378501671081, 10.460959885410169, 8.318898346751643]",,True,13.270347874844449,5.000666888962988,0.0001333777925976,0.0001333777925976,True,True,1.0,5.0,3.0,"[5.000666888962988, 15.0, 9.986328776258754, 13.440813604534846, 2.4984994998332777]",8.540169047426614,7.3488751561215935,6.357142857142858,445.8370679949348,18,0.8888888888888888,"[8.540169047426614, 8.326015164079106, 7.627530555439897, 6.648746424941467, 6.606737254846074]",,True,0.1360138750169426,5.000666888962988,0.0001333777925976,0.0001333777925976,True,True,1.0,3.0,2.0,"[5.000666888962988, 10.000333444481495, 2.4984994998332777, 15.0, 1.6675558519506501]",13.06452835088733,0.0048140104057402,3.9,445.7542073531789,0.0004147973634633,"[13.06452835088733, 8.125842387589858, 7.308338432527957, 6.462745019084119, 5.1169556094406214]",,True,11.667351083131509,5.005335111703902,0.0010670223407803,0.0010670223407803,True,True,1.0,4.0,2.0,"[5.005335111703902, 9.986328776258754, 15.0, 2.4984994998332777, 7.502834278092698]",7.60970471880873,6.214988710680869,8.785714285714285,445.88971153484493,17,0.9411764705882352,"[7.60970471880873, 7.193985611678161, 6.971179820921894, 6.493785294880327, 6.328931793727696]",
2442448,5,confirmed_planet_host,7,5.0,445.76045735317894,0.45,4.0,0.001,143,0.0009499487048928,44.78867128412256,0.0009499487048928,44.78867128412256,1.0,1.0,0.0003154601268191,0.3235964670750165,0.0179449999704957,True,0.0001383046397337,5.384490651897723,0.1455916925001839,0.1202199238673666,0.0003250391800251,-0.1268716841787585,0.657755000051111,True,30058.70953555224,4.566051506864266e-09,6.804725377155873e-08,0.0004764777783569,21.555784746603575,0.501582639044365,0.4812776116947465,0.0002971705458376,0.0468169984535886,0.1702869159635156,False,2802.345495962295,512,1.0,1.7332809914682427e-08,0.0008370499287008,37.504869101084815,0.8811527658171765,0.8373740061000687,0.0003116262496806,0.3091037445854516,True,0.1501302500255406,5.000666888962988,0.0001333777925976,0.0001333777925976,True,True,1.0,3.0,2.0,"[5.000666888962988, 10.000333444481495, 2.4984994998332777, 15.0, 1.6675558519506501]",23.446310992241155,0.0110759753770759,3.9,445.7542073531789,0.0009543571776907,"[23.446310992241155, 15.513400556547085, 13.56605217974499, 12.968170694949537, 9.80983143995724]",,True,14.17985299997963,5.000666888962988,0.0001333777925976,0.0001333777925976,True,True,1.0,,2.0,"[5.000666888962988, 10.000333444481495, 14.995331777259088, 10.639879959986663, 13.590196732244083]",14.517288210059425,14.456202327812951,3.928571428571429,445.7660853008771,16,1.0,"[14.517288210059423, 11.429061719209782, 9.945724540357261, 6.615714367731027, 6.391670292378414]",,True,0.150537374895066,5.000666888962988,0.0001333777925976,0.0001333777925976,True,True,1.0,3.0,2.0,"[5.000666888962988, 10.000333444481495, 2.4984994998332777, 14.995331777259088, 1.6675558519506501]",26.39772404217736,0.0054053924234924,3.9,445.7417073531789,0.0004641405836409,"[26.397724042177362, 18.011812633130226, 16.76065936742008, 14.415709626208017, 13.673081044242803]",,True,12.362309084041044,5.000666888962988,0.0001333777925976,0.0001333777925976,True,True,1.0,4.0,3.0,"[5.000666888962988, 14.995331777259088, 10.000333444481495, 2.4984994998332777, 7.498166055351785]",16.123095738387523,15.887607079015076,3.928571428571429,445.7660618715785,16,0.9375,"[16.123095738387523, 12.872833361911178, 12.850770423964743, 9.120064824770232, 8.10110155960916]",,True,0.1289882501587271,5.000666888962988,0.0001333777925976,0.0001333777925976,True,True,1.0,3.0,2.0,"[5.000666888962988, 10.000333444481495, 2.4984994998332777, 15.0, 1.6675558519506501]",21.530947653675295,0.0098350469692508,3.9,445.7542073531789,0.0008474330565465,"[21.530947653675295, 14.01407781951881, 12.878955849981423, 11.652131603582605, 10.375280184692423]",,True,14.632357833907008,5.000666888962988,0.0001333777925976,0.0001333777925976,True,True,1.0,2.0,3.0,"[5.000666888962988, 2.4984994998332777, 9.986328776258754, 15.0, 7.498166055351785]",12.497770572372024,11.17902412672452,6.357142857142858,445.8370679949348,18,1.0,"[12.497770572372023, 10.984416767080276, 10.587229800453638, 9.478074406787162, 9.147870128101665]",
