period_cadences,period_days,duration_cadences,duration_hours,epoch_phase_cadence,mes,observed_event_count,expected_event_count,observability_fraction
144,2.94253187533468,20,9.808439584448934,108,413.15115782015494,7,32,0.21875
143,2.9220976262004115,20,9.808439584448934,114,411.69327254541395,7,32,0.21875
146,2.9834003736032173,20,9.808439584448934,96,405.3101279715635,15,32,0.46875
147,3.003834622737486,20,9.808439584448934,90,397.0931356845095,15,31,0.4838709677419355
150,3.0651373701402918,20,9.808439584448934,72,396.3659153056261,13,31,0.41935483870967744
142,2.901663377066143,20,9.808439584448934,120,395.67670531341037,10,32,0.3125
730,14.917001868016087,20,9.808439584448934,242,394.3938911192746,5,7,0.7142857142857143
731,14.937436117150355,20,9.808439584448934,241,394.0921374140388,5,7,0.7142857142857143
157,3.208177114080172,20,9.808439584448934,30,393.74214789882154,14,30,0.4666666666666667
732,14.957870366284624,20,9.808439584448934,240,393.64079058615386,5,7,0.7142857142857143
697,14.242671646585222,20,9.808439584448934,275,393.6241780240999,6,7,0.8571428571428571
696,14.222237397450954,20,9.808439584448934,276,393.3637271660673,6,7,0.8571428571428571
145,2.9629661244689487,20,9.808439584448934,102,393.0956200912366,16,32,0.5
694,14.181368899182416,20,9.808439584448934,278,392.7209739261399,5,7,0.7142857142857143
698,14.263105895719491,20,9.808439584448934,274,392.6072157242176,6,7,0.8571428571428571
695,14.201803148316685,20,9.808439584448934,277,392.6017934725969,6,7,0.8571428571428571
693,14.160934650048148,20,9.808439584448934,279,392.1667382186875,5,7,0.7142857142857143
729,14.896567618881818,20,9.808439584448934,243,392.0272927366802,5,7,0.7142857142857143
487,9.951479328388814,20,9.808439584448934,485,392.0103675324426,5,9,0.5555555555555556
156,3.1877428649459034,20,9.808439584448934,36,391.8752646958493,17,30,0.5666666666666667
692,14.14050040091388,20,9.808439584448934,280,391.8260839660769,5,7,0.7142857142857143
630,12.873576954589225,20,9.808439584448934,342,391.57878072197565,3,7,0.42857142857142855
691,14.12006615177961,20,9.808439584448934,281,391.5629658547,5,7,0.7142857142857143
629,12.853142705454957,20,9.808439584448934,343,391.40100052423816,3,7,0.42857142857142855
488,9.971913577523082,20,9.808439584448934,484,391.395498798912,5,9,0.5555555555555556
348,7.111118698725477,20,9.808439584448934,276,391.3891208816083,8,13,0.6153846153846154
631,12.894011203723494,20,9.808439584448934,341,391.2943298013297,3,7,0.42857142857142855
690,14.099631902645342,20,9.808439584448934,282,391.290562511591,5,7,0.7142857142857143
632,12.914445452857763,20,9.808439584448934,340,391.2332187105364,3,7,0.42857142857142855
628,12.832708456320688,20,9.808439584448934,344,391.12249488138673,3,7,0.42857142857142855
699,14.28354014485376,20,9.808439584448934,273,391.04243358896167,6,7,0.8571428571428571
627,12.81227420718642,20,9.808439584448934,345,390.7924374143692,3,7,0.42857142857142855
626,12.791839958052151,20,9.808439584448934,346,390.65158394386054,3,7,0.42857142857142855
347,7.090684449591208,20,9.808439584448934,278,390.4972407515582,7,13,0.5384615384615384
625,12.771405708917882,20,9.808439584448934,347,390.4710946947018,3,7,0.42857142857142855
624,12.750971459783614,20,9.808439584448934,348,390.42826996738154,3,7,0.42857142857142855
634,12.9553139511263,20,9.808439584448934,338,390.24537503495435,3,7,0.42857142857142855
633,12.934879701992031,20,9.808439584448934,339,389.87643640064556,4,7,0.5714285714285714
623,12.730537210649345,20,9.808439584448934,349,389.6035489119635,4,7,0.5714285714285714
622,12.710102961515076,20,9.808439584448934,350,389.59414701108534,4,7,0.5714285714285714
349,7.1315529478597455,20,9.808439584448934,274,389.57853148025237,9,13,0.6923076923076923
621,12.689668712380808,20,9.808439584448934,351,389.56926023087317,4,7,0.5714285714285714
704,14.385711390525103,20,9.808439584448934,268,389.331170707167,4,7,0.5714285714285714
528,10.789283542893827,20,9.808439584448934,444,389.3016980601335,4,8,0.5
314,6.416354228160344,20,9.808439584448934,30,389.298800480253,6,15,0.4
149,3.044703121006023,20,9.808439584448934,78,389.2938180788585,16,31,0.5161290322580645
530,10.830152041162364,20,9.808439584448934,442,389.2146471235668,4,8,0.5
529,10.809717792028096,20,9.808439584448934,443,389.16490272274285,4,8,0.5
700,14.303974393988028,20,9.808439584448934,272,389.1580016774161,6,7,0.8571428571428571
174,3.5555593493627384,20,9.808439584448934,102,389.1565802441901,14,27,0.5185185185185185
346,7.07025020045694,20,9.808439584448934,280,388.87658989988336,8,13,0.6153846153846154
153,3.1264401175430976,20,9.808439584448934,54,388.78661130925195,18,30,0.6
432,8.82759562600404,20,9.808439584448934,108,388.69490969639924,3,11,0.2727272727272727
431,8.807161376869772,20,9.808439584448934,110,388.64135580325774,3,11,0.2727272727272727
524,10.707546546356753,20,9.808439584448934,448,388.5938411240725,5,8,0.625
734,14.998738864553161,20,9.808439584448934,238,388.5621520062066,3,6,0.5
523,10.687112297222484,20,9.808439584448934,449,388.5591770054737,5,9,0.5555555555555556
707,14.447014137927908,20,9.808439584448934,265,388.5499119363263,3,7,0.42857142857142855
527,10.768849293759558,20,9.808439584448934,445,388.5197904853544,5,8,0.625
522,10.666678048088215,20,9.808439584448934,450,388.51089107017833,6,9,0.6666666666666666
525,10.727980795491021,20,9.808439584448934,447,388.4945557849968,5,8,0.625
705,14.406145639659371,20,9.808439584448934,267,388.4649234785272,4,7,0.5714285714285714
144,2.94253187533468,16,7.846751667559147,108,388.4546309222476,7,32,0.21875
345,7.049815951322671,20,9.808439584448934,282,388.4406240577495,8,13,0.6153846153846154
521,10.646243798953947,20,9.808439584448934,451,388.43884321766654,7,9,0.7777777777777778
706,14.42657988879364,20,9.808439584448934,266,388.30015935968305,4,7,0.5714285714285714
288,5.88506375066936,20,9.808439584448934,108,388.29490699367994,4,16,0.25
366,7.478935183142312,20,9.808439584448934,240,388.2845344989683,9,13,0.6923076923076923
733,14.978304615418892,20,9.808439584448934,239,388.1873425399048,4,6,0.6666666666666666
287,5.8646295015350915,20,9.808439584448934,111,388.1818960566466,4,16,0.25
365,7.458500934008043,20,9.808439584448934,242,388.10831989089866,9,13,0.6923076923076923
526,10.74841504462529,20,9.808439584448934,446,388.0281992863708,5,8,0.625
708,14.467448387062177,20,9.808439584448934,264,388.0079519636696,3,7,0.42857142857142855
313,6.3959199790260755,20,9.808439584448934,33,387.9977315853248,7,15,0.4666666666666667
495,10.114953321462963,20,9.808439584448934,477,387.9769091554667,4,9,0.4444444444444444
511,10.44190130761126,20,9.808439584448934,461,387.95028023016005,6,9,0.6666666666666666
620,12.66923446324654,20,9.808439584448934,352,387.9175173494154,3,7,0.42857142857142855
512,10.46233555674553,20,9.808439584448934,460,387.91280110536576,6,9,0.6666666666666666
509,10.401032809342723,20,9.808439584448934,463,387.8910492377102,5,9,0.5555555555555556
701,14.324408643122297,20,9.808439584448934,271,387.82633058866304,6,7,0.8571428571428571
494,10.094519072328694,20,9.808439584448934,478,387.8070617942549,4,9,0.4444444444444444
284,5.803326754132286,20,9.808439584448934,120,387.80293367327556,3,16,0.1875
285,5.823761003266554,20,9.808439584448934,117,387.79419022478726,3,16,0.1875
709,14.487882636196446,20,9.808439584448934,263,387.7778672663252,3,7,0.42857142857142855
148,3.0242688718717545,20,9.808439584448934,84,387.7734684697939,19,31,0.6129032258064516
721,14.733093625807669,20,9.808439584448934,251,387.6678518139918,3,7,0.42857142857142855
513,10.482769805879798,20,9.808439584448934,459,387.6637049548951,6,9,0.6666666666666666
703,14.365277141390834,20,9.808439584448934,269,387.63932202903806,5,7,0.7142857142857143
514,10.503204055014066,20,9.808439584448934,458,387.61528895723904,6,9,0.6666666666666666
496,10.135387570597231,20,9.808439584448934,476,387.5982908911405,4,9,0.4444444444444444
710,14.508316885330714,20,9.808439584448934,262,387.564947346145,3,7,0.42857142857142855
286,5.844195252400823,20,9.808439584448934,114,387.56214944500607,3,16,0.1875
510,10.421467058476992,20,9.808439584448934,462,387.5614995457564,6,9,0.6666666666666666
508,10.380598560208455,20,9.808439584448934,464,387.5524494035424,5,9,0.5555555555555556
379,7.744580421887804,20,9.808439584448934,214,387.49163499257605,5,12,0.4166666666666667
490,10.01278207579162,20,9.808439584448934,482,387.4600561360228,3,9,0.3333333333333333
433,8.848029875138309,20,9.808439584448934,106,387.4521166797711,4,11,0.36363636363636365
143,2.9220976262004115,16,7.846751667559147,114,387.42305276721567,7,32,0.21875
711,14.528751134464983,20,9.808439584448934,261,387.3766376731309,3,7,0.42857142857142855
617,12.607931715843733,20,9.808439584448934,355,387.2856408397652,4,7,0.5714285714285714
515,10.523638304148335,20,9.808439584448934,457,387.2774786756942,6,9,0.6666666666666666
616,12.587497466709465,20,9.808439584448934,356,387.2142832340468,4,7,0.5714285714285714
312,6.375485729891807,20,9.808439584448934,36,387.2050553393187,8,15,0.5333333333333333
429,8.766292878601234,20,9.808439584448934,114,387.1603740803928,3,11,0.2727272727272727
141,2.8812291279318742,20,9.808439584448934,126,387.1533271326971,18,32,0.5625
434,8.868464124272577,20,9.808439584448934,104,387.15242024545864,5,11,0.45454545454545453
534,10.911889037699439,20,9.808439584448934,438,387.14317853272763,4,8,0.5
376,7.683277674484998,20,9.808439584448934,220,387.106174734396,4,12,0.3333333333333333
493,10.074084823194426,20,9.808439584448934,479,387.089623041591,4,9,0.4444444444444444
430,8.786727127735503,20,9.808439584448934,112,387.05438378679935,3,11,0.2727272727272727
615,12.567063217575196,20,9.808439584448934,357,386.9731261433489,4,7,0.5714285714285714
539,11.014060283370782,20,9.808439584448934,433,386.9625880276651,4,8,0.5
531,10.850586290296633,20,9.808439584448934,441,386.9379167269698,4,8,0.5
619,12.64880021411227,20,9.808439584448934,353,386.9052640954661,4,7,0.5714285714285714
373,7.621974927082192,20,9.808439584448934,226,386.88769843526893,5,12,0.4166666666666667
618,12.628365964978002,20,9.808439584448934,354,386.86925549955254,4,7,0.5714285714285714
375,7.662843425350729,20,9.808439584448934,222,386.83696041739415,4,12,0.3333333333333333
533,10.89145478856517,20,9.808439584448934,439,386.7671667924497,4,8,0.5
702,14.344842892256565,20,9.808439584448934,270,386.75304908878144,6,7,0.8571428571428571
374,7.642409176216461,20,9.808439584448934,224,386.70575340776435,4,12,0.3333333333333333
532,10.871020539430901,20,9.808439584448934,440,386.50413384864373,4,8,0.5
535,10.932323286833707,20,9.808439584448934,437,386.4794985531686,5,8,0.625
491,10.033216324925888,20,9.808439584448934,481,386.4536899173774,4,9,0.4444444444444444
497,10.1558218197315,20,9.808439584448934,475,386.4305737976989,5,9,0.5555555555555556
722,14.753527874941938,20,9.808439584448934,250,386.368910148843,4,7,0.5714285714285714
350,7.151987196994014,20,9.808439584448934,272,386.35050158663387,9,13,0.6923076923076923
536,10.952757535967976,20,9.808439584448934,436,386.3084770344016,5,8,0.625
155,3.167308615811635,20,9.808439584448934,42,386.280116235806,18,30,0.6
492,10.053650574060157,20,9.808439584448934,480,386.27210719561384,4,9,0.4444444444444444
650,13.282261937274598,20,9.808439584448934,322,386.2580474017765,4,7,0.5714285714285714
435,8.888898373406846,20,9.808439584448934,102,386.249228652568,5,11,0.45454545454545453
440,8.99106961907819,20,9.808439584448934,92,386.2086314547364,5,11,0.45454545454545453
649,13.261827688140329,20,9.808439584448934,323,386.2033525636127,4,7,0.5714285714285714
538,10.993626034236513,20,9.808439584448934,434,386.04492449024684,5,8,0.625
311,6.355051480757538,20,9.808439584448934,39,385.904968885382,9,15,0.6
489,9.992347826657351,20,9.808439584448934,483,385.8898444294632,4,9,0.4444444444444444
537,10.973191785102244,20,9.808439584448934,435,385.8856357247204,5,8,0.625
289,5.905497999803629,20,9.808439584448934,105,385.8818985821759,4,16,0.25
152,3.106005868408829,20,9.808439584448934,60,385.87536539593555,17,31,0.5483870967741935
140,2.8607948787976056,20,9.808439584448934,132,385.7311284657259,22,33,0.6666666666666666
498,10.176256068865769,20,9.808439584448934,474,385.7284654298809,5,9,0.5555555555555556
651,13.302696186408866,20,9.808439584448934,321,385.7100461666449,4,7,0.5714285714285714
352,7.192855695262551,20,9.808439584448934,268,385.62325526749237,8,13,0.6153846153846154
505,10.319295812805649,20,9.808439584448934,467,385.57231519550794,6,9,0.6666666666666666
540,11.03449453250505,20,9.808439584448934,432,385.5663988839601,5,8,0.625
728,14.87613336974755,20,9.808439584448934,244,385.53901568226127,6,7,0.8571428571428571
506,10.339730061939918,20,9.808439584448934,466,385.5033329413022,6,9,0.6666666666666666
516,10.544072553282604,20,9.808439584448934,456,385.4766300374486,7,9,0.7777777777777778
151,3.0855716192745604,20,9.808439584448934,66,385.4576410201341,13,31,0.41935483870967744
504,10.29886156367138,20,9.808439584448934,468,385.4523658939822,6,9,0.6666666666666666
503,10.278427314537112,20,9.808439584448934,469,385.4322625947692,6,9,0.6666666666666666
648,13.24139343900606,20,9.808439584448934,324,385.4111963833866,4,7,0.5714285714285714
507,10.360164311074186,20,9.808439584448934,465,385.3253536108671,6,9,0.6666666666666666
436,8.909332622541115,20,9.808439584448934,100,385.2597946230473,4,11,0.36363636363636365
499,10.196690318000037,20,9.808439584448934,473,385.08131745692765,6,9,0.6666666666666666
643,13.139222193334717,20,9.808439584448934,329,385.0404249304989,4,7,0.5714285714285714
439,8.97063536994392,20,9.808439584448934,94,384.9366391010546,4,11,0.36363636363636365
380,7.765014671022072,20,9.808439584448934,212,384.9256368699123,7,12,0.5833333333333334
564,11.524916511727497,20,9.808439584448934,408,384.7903271162821,4,8,0.5
502,10.257993065402843,20,9.808439584448934,470,384.746918375893,6,9,0.6666666666666666
381,7.785448920156341,20,9.808439584448934,210,384.738877491503,7,12,0.5833333333333334
611,12.485326221038122,20,9.808439584448934,361,384.7085390694332,4,7,0.5714285714285714
647,13.220959189871792,20,9.808439584448934,325,384.614815480365,4,7,0.5714285714285714
610,12.464891971903853,20,9.808439584448934,362,384.5998409412749,4,8,0.5
612,12.50576047017239,20,9.808439584448934,360,384.5101843989108,4,7,0.5714285714285714
613,12.526194719306659,20,9.808439584448934,359,384.50092161685683,4,7,0.5714285714285714
438,8.950201120809652,20,9.808439584448934,96,384.49519496111446,4,11,0.36363636363636365
293,5.987234996340703,20,9.808439584448934,93,384.4714980430112,8,16,0.5
437,8.929766871675383,20,9.808439584448934,98,384.42486259503397,4,11,0.36363636363636365
472,9.644965591374785,20,9.808439584448934,28,384.41303980847533,4,10,0.4
544,11.116231529042125,20,9.808439584448934,428,384.3858745120136,5,8,0.625
545,11.136665778176393,20,9.808439584448934,427,384.27405582150857,5,8,0.625
563,11.504482262593228,20,9.808439584448934,409,384.2718701052325,4,8,0.5
292,5.966800747206435,20,9.808439584448934,96,384.2553376460537,7,16,0.4375
609,12.444457722769585,20,9.808439584448934,363,384.2280813336518,4,8,0.5
562,11.48404801345896,20,9.808439584448934,410,384.22652120825194,4,8,0.5
548,11.1979685255792,20,9.808439584448934,424,384.19849361968636,5,8,0.625
501,10.237558816268574,20,9.808439584448934,471,384.16474891929795,6,9,0.6666666666666666
546,11.157100027310662,20,9.808439584448934,426,384.1522851058768,5,8,0.625
547,11.17753427644493,20,9.808439584448934,425,384.08461966241947,5,8,0.625
398,8.132831155438907,20,9.808439584448934,176,384.0697532423315,7,12,0.5833333333333334
372,7.6015406779479235,20,9.808439584448934,228,384.0575455129558,6,12,0.5
561,11.463613764324691,20,9.808439584448934,411,384.03039940076974,4,8,0.5
306,6.252880235086195,20,9.808439584448934,54,384.02133501100906,7,15,0.4666666666666667
382,7.80588316929061,20,9.808439584448934,208,384.00238481604987,8,12,0.6666666666666666
500,10.217124567134306,20,9.808439584448934,472,383.9183157492106,6,9,0.6666666666666666
600,12.260549480561167,20,9.808439584448934,372,383.9025516643566,3,8,0.375
310,6.33461723162327,20,9.808439584448934,42,383.8941860343291,8,15,0.5333333333333333
471,9.624531342240516,20,9.808439584448934,30,383.81987205664296,4,10,0.4
400,8.173699653707445,20,9.808439584448934,172,383.8126703028731,7,12,0.5833333333333334
469,9.583662843971979,20,9.808439584448934,34,383.71539283355395,5,10,0.5
614,12.546628968440928,20,9.808439584448934,358,383.6331433296908,5,7,0.7142857142857143
470,9.604097093106247,20,9.808439584448934,32,383.6214818365588,5,10,0.5
608,12.424023473635316,20,9.808439584448934,364,383.59026338157383,4,8,0.5
560,11.443179515190423,20,9.808439584448934,412,383.5101895660725,5,8,0.625
541,11.054928781639319,20,9.808439584448934,431,383.4807857511152,6,8,0.75
599,12.240115231426898,20,9.808439584448934,373,383.4622402745642,3,8,0.375
727,14.85569912061328,20,9.808439584448934,245,383.4581488982209,6,7,0.8571428571428571
597,12.199246733158361,20,9.808439584448934,375,383.44469903511043,3,8,0.375
384,7.846751667559147,20,9.808439584448934,204,383.4207725237477,8,12,0.6666666666666666
549,11.218402774713468,20,9.808439584448934,423,383.39448618360814,6,8,0.75
383,7.826317418424878,20,9.808439584448934,206,383.38780497651015,8,12,0.6666666666666666
598,12.21968098229263,20,9.808439584448934,374,383.242542838911,3,8,0.375
646,13.200524940737523,20,9.808439584448934,326,383.2416856909806,4,7,0.5714285714285714
550,11.238837023847736,20,9.808439584448934,422,383.22847231255207,6,8,0.75
367,7.4993694322765805,20,9.808439584448934,238,383.1747238261765,7,12,0.5833333333333334
579,11.831430248741526,20,9.808439584448934,393,383.1696036852248,3,8,0.375
689,14.079197653511073,20,9.808439584448934,284,383.16255324432854,5,7,0.7142857142857143
520,10.625809549819678,20,9.808439584448934,452,383.0925849101824,8,9,0.8888888888888888
307,6.273314484220464,20,9.808439584448934,51,383.0471498335597,8,15,0.5333333333333333
399,8.153265404573176,20,9.808439584448934,174,383.03797407505726,7,12,0.5833333333333334
551,11.259271272982005,20,9.808439584448934,421,383.000675517996,6,8,0.75
351,7.172421446128283,20,9.808439584448934,270,382.96360009653813,10,13,0.7692307692307693
154,3.146874366677366,20,9.808439584448934,48,382.9347822594851,19,30,0.6333333333333333
369,7.540237930545118,20,9.808439584448934,234,382.9224051718763,8,12,0.6666666666666666
300,6.1302747402805835,20,9.808439584448934,72,382.90685279278875,6,16,0.375
405,8.275870899378788,20,9.808439584448934,162,382.885899279186,7,12,0.5833333333333334
542,11.075363030773588,20,9.808439584448934,430,382.85324891830766,6,8,0.75
517,10.564506802416872,20,9.808439584448934,455,382.8325837451357,9,9,1.0
601,12.280983729695436,20,9.808439584448934,371,382.6778196702377,4,8,0.5
723,14.773962124076206,20,9.808439584448934,249,382.6745433360097,5,7,0.7142857142857143
724,14.794396373210475,20,9.808439584448934,248,382.649368637544,6,7,0.8571428571428571
587,11.994904241815675,20,9.808439584448934,385,382.4855499712563,4,8,0.5
408,8.337173646781594,20,9.808439584448934,156,382.4433937117701,7,11,0.6363636363636364
244,4.985956788761541,20,9.808439584448934,240,382.38849952827763,11,19,0.5789473684210527
315,6.436788477294613,20,9.808439584448934,28,382.3359689321635,6,15,0.4
406,8.296305148513056,20,9.808439584448934,160,382.3038988272357,7,12,0.5833333333333334
483,9.86974233185174,20,9.808439584448934,6,382.1936675947714,6,10,0.6
552,11.279705522116274,20,9.808439584448934,420,382.12416895750215,6,8,0.75
401,8.194133902841713,20,9.808439584448934,170,382.11598170757736,8,12,0.6666666666666666
368,7.519803681410849,20,9.808439584448934,236,382.08630030451326,7,12,0.5833333333333334
290,5.925932248937897,20,9.808439584448934,102,382.04776003325776,7,16,0.4375
371,7.581106428813655,20,9.808439584448934,230,381.9599634919635,8,12,0.6666666666666666
482,9.84930808271747,20,9.808439584448934,8,381.80558126377304,5,10,0.5
291,5.946366498072166,20,9.808439584448934,99,381.7873827993469,6,16,0.375
580,11.851864497875795,20,9.808439584448934,392,381.77876602790025,4,8,0.5
441,9.011503868212458,20,9.808439584448934,90,381.75210454194865,6,11,0.5454545454545454
586,11.974469992681406,20,9.808439584448934,386,381.6933779488369,4,8,0.5
543,11.095797279907856,20,9.808439584448934,429,381.66926429558123,6,8,0.75
325,6.641130968637299,20,9.808439584448934,322,381.6126484862783,7,14,0.5
370,7.560672179679386,20,9.808439584448934,232,381.56139307500155,8,12,0.6666666666666666
397,8.112396906304639,20,9.808439584448934,178,381.51332639279343,7,12,0.5833333333333334
644,13.159656442468986,20,9.808439584448934,328,381.48083156560676,3,7,0.42857142857142855
422,8.623253134661354,20,9.808439584448934,128,381.46074502768914,6,11,0.5454545454545454
602,12.301417978829704,20,9.808439584448934,370,381.45511171167175,4,8,0.5
450,9.195412110420875,20,9.808439584448934,72,381.34157488349706,5,11,0.45454545454545453
299,6.109840491146315,20,9.808439584448934,75,381.30862179164154,7,16,0.4375
459,9.379320352629293,20,9.808439584448934,54,381.30552375966573,7,10,0.7
726,14.835264871479012,20,9.808439584448934,246,381.2708240310687,6,7,0.8571428571428571
725,14.814830622344743,20,9.808439584448934,247,381.26609603885333,6,7,0.8571428571428571
409,8.357607895915862,20,9.808439584448934,154,381.1764721547566,8,11,0.7272727272727273
449,9.174977861286607,20,9.808439584448934,74,381.1704222895043,5,11,0.45454545454545453
324,6.62069671950303,20,9.808439584448934,0,381.1553084619164,7,15,0.4666666666666667
481,9.828873833583202,20,9.808439584448934,10,381.100629497418,5,10,0.5
393,8.030659909767564,20,9.808439584448934,186,381.086415323347,6,12,0.5
518,10.58494105155114,20,9.808439584448934,454,381.0029340647176,9,9,1.0
308,6.293748733354732,20,9.808439584448934,48,380.92575392360976,8,15,0.5333333333333333
353,7.21328994439682,20,9.808439584448934,266,380.9119915476265,9,13,0.6923076923076923
519,10.60537530068541,20,9.808439584448934,453,380.90556325439275,9,9,1.0
463,9.461057349166367,20,9.808439584448934,46,380.89454881990866,7,10,0.7
305,6.232445985951927,20,9.808439584448934,57,380.8292125193238,8,16,0.5
645,13.180090691603255,20,9.808439584448934,327,380.7224567063233,3,7,0.42857142857142855
458,9.358886103495024,20,9.808439584448934,56,380.66263100267605,7,10,0.7
385,7.8671859166934155,20,9.808439584448934,202,380.65094642596415,8,12,0.6666666666666666
396,8.09196265717037,20,9.808439584448934,180,380.6441393145311,7,12,0.5833333333333334
420,8.582384636392817,20,9.808439584448934,132,380.60230051985883,7,11,0.6363636363636364
480,9.808439584448934,20,9.808439584448934,12,380.58903267663345,5,10,0.5
457,9.338451854360756,20,9.808439584448934,58,380.50643261905094,6,11,0.5454545454545454
468,9.56322859483771,20,9.808439584448934,36,380.4814907344556,6,10,0.6
581,11.872298747010063,20,9.808439584448934,391,380.4735253616299,4,8,0.5
412,8.418910643318668,20,9.808439584448934,148,380.3877767494871,8,11,0.7272727272727273
464,9.481491598300636,20,9.808439584448934,44,380.3557625170418,7,10,0.7
688,14.058763404376805,20,9.808439584448934,284,380.34261872892733,6,7,0.8571428571428571
360,7.3563296883367,20,9.808439584448934,252,380.3127951046298,8,13,0.6153846153846154
392,8.010225660633296,20,9.808439584448934,188,380.2878709200545,6,12,0.5
720,14.7126593766734,20,9.808439584448934,253,380.2544185380626,3,7,0.42857142857142855
407,8.316739397647325,20,9.808439584448934,158,380.24275180151085,7,11,0.6363636363636364
421,8.602818885527086,20,9.808439584448934,130,380.23247602900733,7,11,0.6363636363636364
461,9.42018885089783,20,9.808439584448934,50,380.22085257866036,7,10,0.7
460,9.399754601763561,20,9.808439584448934,52,380.2198021098035,7,10,0.7
559,11.422745266056154,20,9.808439584448934,413,380.21742110840864,6,8,0.75
582,11.892732996144332,20,9.808439584448934,390,380.1976695536222,4,8,0.5
486,9.931045079254545,20,9.808439584448934,0,380.1840119910741,6,10,0.6
301,6.150708989414852,20,9.808439584448934,69,380.1748544557802,7,16,0.4375
410,8.37804214505013,20,9.808439584448934,152,380.16969957341126,8,11,0.7272727272727273
72,1.47126593766734,20,9.808439584448934,36,380.1182239448748,33,64,0.515625
411,8.3984763941844,20,9.808439584448934,150,380.10269597459586,8,11,0.7272727272727273
467,9.542794345703442,20,9.808439584448934,38,380.0876592984438,6,10,0.6
428,8.745858629466966,20,9.808439584448934,117,380.04483129796245,3,11,0.2727272727272727
585,11.954035743547138,20,9.808439584448934,387,380.04007815522937,4,8,0.5
462,9.440623100032099,20,9.808439584448934,48,379.93435291077344,7,10,0.7
394,8.051094158901833,20,9.808439584448934,184,379.92616257374283,8,12,0.6666666666666666
139,2.840360629663337,20,9.808439584448934,138,379.8924648237748,27,33,0.8181818181818182
231,4.720311550016049,20,9.808439584448934,48,379.83090846725264,11,20,0.55
553,11.300139771250542,20,9.808439584448934,419,379.79070644666274,7,8,0.875
584,11.93360149441287,20,9.808439584448934,388,379.6976465631453,4,8,0.5
448,9.154543612152338,20,9.808439584448934,76,379.63208342395853,7,11,0.6363636363636364
445,9.093240864749532,20,9.808439584448934,82,379.5860945274156,6,11,0.5454545454545454
596,12.178812484024093,20,9.808439584448934,376,379.5091607961108,4,8,0.5
451,9.215846359555144,20,9.808439584448934,70,379.49776682351035,6,11,0.5454545454545454
188,3.841638837242499,20,9.808439584448934,32,379.4950438608099,10,25,0.4
446,9.1136751138838,20,9.808439584448934,80,379.479832983297,7,11,0.6363636363636364
359,7.335895439202432,20,9.808439584448934,254,379.4140899849726,8,13,0.6153846153846154
391,7.989791411499027,20,9.808439584448934,190,379.3208666776406,8,12,0.6666666666666666
447,9.13410936301807,20,9.808439584448934,78,379.3094495487052,7,11,0.6363636363636364
456,9.318017605226487,20,9.808439584448934,60,379.30034240704765,6,11,0.5454545454545454
356,7.274592691799626,20,9.808439584448934,260,379.29784803345433,8,13,0.6153846153846154
583,11.9131672452786,20,9.808439584448934,389,379.2768992589036,4,8,0.5
402,8.214568151975982,20,9.808439584448934,168,379.2544379080734,8,12,0.6666666666666666
304,6.212011736817658,20,9.808439584448934,60,379.2461910814734,7,16,0.4375
593,12.117509736621287,20,9.808439584448934,379,379.24167889157417,5,8,0.625
567,11.586219259130303,20,9.808439584448934,405,379.22444127549915,3,8,0.375
175,3.575993598497007,20,9.808439584448934,97,379.2227589033677,14,26,0.5384615384615384
377,7.703711923619267,20,9.808439584448934,218,379.20646969474967,6,12,0.5
594,12.137943985755555,20,9.808439584448934,378,379.2044042722562,5,8,0.625
173,3.53512510022847,20,9.808439584448934,107,379.1429916677893,17,27,0.6296296296296297
565,11.545350760861766,20,9.808439584448934,407,379.1288736017372,5,8,0.625
558,11.402311016921885,20,9.808439584448934,414,379.0264725617654,6,8,0.75
358,7.315461190068163,20,9.808439584448934,256,379.01374025752955,8,13,0.6153846153846154
395,8.071528408036102,20,9.808439584448934,182,379.0099738162004,8,12,0.6666666666666666
364,7.438066684873775,20,9.808439584448934,244,378.9461830331083,10,13,0.7692307692307693
161,3.2899141106172465,20,9.808439584448934,6,378.94601682913657,15,29,0.5172413793103449
607,12.403589224501047,20,9.808439584448934,365,378.8567799738154,4,8,0.5
386,7.887620165827684,20,9.808439584448934,200,378.76857797765535,8,12,0.6666666666666666
232,4.740745799150318,20,9.808439584448934,44,378.7497638896986,13,20,0.65
687,14.038329155242536,20,9.808439584448934,285,378.7376296744787,6,7,0.8571428571428571
162,3.310348359751515,20,9.808439584448934,0,378.72474494319596,17,29,0.5862068965517241
357,7.295026940933894,20,9.808439584448934,258,378.6988276969803,8,13,0.6153846153846154
595,12.158378234889824,20,9.808439584448934,377,378.6518269178291,4,8,0.5
248,5.067693785298616,20,9.808439584448934,228,378.6428208095865,7,18,0.3888888888888889
230,4.699877300881781,20,9.808439584448934,52,378.52884181448843,12,20,0.6
187,3.8212045881082304,20,9.808439584448934,37,378.48472571489407,10,25,0.4
603,12.321852227963973,20,9.808439584448934,369,378.4701797323309,4,8,0.5
316,6.457222726428881,20,9.808439584448934,24,378.46381879886883,8,15,0.5333333333333333
282,5.7624582558637485,20,9.808439584448934,126,378.4588371976781,7,16,0.4375
297,6.068971992877778,20,9.808439584448934,81,378.3330509142991,8,16,0.5
265,5.415076020581182,20,9.808439584448934,177,378.2626795412058,9,17,0.5294117647058824
404,8.25543665024452,20,9.808439584448934,164,378.23589387699633,7,12,0.5833333333333334
344,7.029381702188402,20,9.808439584448934,284,378.22981466272154,8,13,0.6153846153846154
635,12.975748200260568,20,9.808439584448934,337,378.19039357067567,4,7,0.5714285714285714
378,7.724146172753535,20,9.808439584448934,216,378.17086816438774,6,12,0.5
484,9.890176580986008,20,9.808439584448934,4,378.0672584032608,7,10,0.7
588,12.015338490949944,20,9.808439584448934,384,377.97197595399746,5,8,0.625
203,4.148152574256528,20,9.808439584448934,160,377.91192286336246,11,23,0.4782608695652174
245,5.00639103789581,20,9.808439584448934,237,377.8341318102395,8,18,0.4444444444444444
686,14.017894906108268,20,9.808439584448934,286,377.81894655589986,5,7,0.7142857142857143
298,6.089406242012046,20,9.808439584448934,78,377.81259274888055,7,16,0.4375
413,8.439344892452937,20,9.808439584448934,146,377.81235281852963,9,11,0.8181818181818182
465,9.501925847434904,20,9.808439584448934,42,377.7705349675742,7,10,0.7
485,9.910610830120277,20,9.808439584448934,2,377.6868421019518,6,10,0.6
589,12.035772740084212,20,9.808439584448934,383,377.6845481349073,5,8,0.625
642,13.118787944200449,20,9.808439584448934,331,377.68169426595523,4,7,0.5714285714285714
606,12.383154975366779,20,9.808439584448934,366,377.6395878270436,4,8,0.5
577,11.790561750472989,20,9.808439584448934,396,377.49720144128673,3,8,0.375
419,8.561950387258548,20,9.808439584448934,134,377.4160240978124,8,11,0.7272727272727273
354,7.2337241935310885,20,9.808439584448934,264,377.3730578556815,9,13,0.6923076923076923
466,9.522360096569173,20,9.808439584448934,40,377.3641071349108,7,10,0.7
267,5.455944518849719,20,9.808439584448934,171,377.35406194799043,9,17,0.5294117647058824
361,7.376763937470969,20,9.808439584448934,250,377.315428504708,10,13,0.7692307692307693
199,4.066415577719454,20,9.808439584448934,176,377.2876372103683,11,23,0.4782608695652174
652,13.323130435543135,20,9.808439584448934,320,377.27569855562854,5,7,0.7142857142857143
247,5.047259536164347,20,9.808439584448934,231,377.26609145826114,9,18,0.5
414,8.459779141587205,20,9.808439584448934,144,377.2384119880849,8,11,0.7272727272727273
323,6.600262470368762,20,9.808439584448934,3,377.2299963082439,7,15,0.4666666666666667
592,12.097075487487018,20,9.808439584448934,380,377.212447141359,6,8,0.75
554,11.32057402038481,20,9.808439584448934,418,377.10687449790686,7,8,0.875
590,12.05620698921848,20,9.808439584448934,382,377.03565520885337,5,8,0.625
249,5.088128034432884,20,9.808439584448934,225,377.01017890026674,8,18,0.4444444444444444
146,2.9834003736032173,16,7.846751667559147,96,376.86406501789895,16,32,0.5
390,7.9693571623647586,20,9.808439584448934,192,376.85861456029517,8,12,0.6666666666666666
479,9.788005335314665,20,9.808439584448934,14,376.85783119487036,6,10,0.6
557,11.381876767787617,20,9.808439584448934,415,376.7905645968962,7,8,0.875
442,9.031938117346726,20,9.808439584448934,88,376.7741576123586,7,11,0.6363636363636364
591,12.07664123835275,20,9.808439584448934,381,376.7116796424686,6,8,0.75
355,7.254158442665357,20,9.808439584448934,262,376.7015443266554,9,13,0.6923076923076923
685,13.997460656973999,20,9.808439584448934,287,376.6818544204126,5,7,0.7142857142857143
403,8.23500240111025,20,9.808439584448934,166,376.6812062634408,8,12,0.6666666666666666
452,9.236280608689412,20,9.808439584448934,68,376.45123027245853,6,11,0.5454545454545454
176,3.5964278476312757,20,9.808439584448934,92,376.39509538587595,13,26,0.5
636,12.996182449394837,20,9.808439584448934,336,376.38179828644445,4,7,0.5714285714285714
444,9.072806615615264,20,9.808439584448934,84,376.3751174512725,7,11,0.6363636363636364
262,5.353773273178376,20,9.808439584448934,186,376.3430345519664,9,17,0.5294117647058824
473,9.665399840509053,20,9.808439584448934,26,376.2821143168279,5,10,0.5
604,12.342286477098241,20,9.808439584448934,368,376.2215194665121,4,8,0.5
264,5.3946417714469135,20,9.808439584448934,180,376.05140792546837,9,17,0.5294117647058824
418,8.54151613812428,20,9.808439584448934,136,375.8653058225339,8,11,0.7272727272727273
268,5.476378767983988,20,9.808439584448934,168,375.8170979048551,11,17,0.6470588235294118
343,7.008947453054134,20,9.808439584448934,286,375.79122867650415,7,13,0.5384615384615384
605,12.36272072623251,20,9.808439584448934,367,375.7796467060602,4,8,0.5
566,11.565785009996034,20,9.808439584448934,406,375.75481553907053,4,8,0.5
578,11.810995999607258,20,9.808439584448934,395,375.74467813425997,3,8,0.375
684,13.97702640783973,20,9.808439584448934,288,375.7230611847218,5,7,0.7142857142857143
178,3.637296345899813,20,9.808439584448934,82,375.65912813137277,12,26,0.46153846153846156
177,3.6168620967655443,20,9.808439584448934,87,375.524197416883,12,26,0.46153846153846156
269,5.4968130171182565,20,9.808439584448934,165,375.5021514772225,11,17,0.6470588235294118
251,5.1289965327014215,20,9.808439584448934,219,375.500789757141,9,18,0.5
294,6.007669245474972,20,9.808439584448934,90,375.50031704396315,8,16,0.5
266,5.435510269715451,20,9.808439584448934,174,375.493824345258,9,17,0.5294117647058824
443,9.052372366480995,20,9.808439584448934,86,375.48151946785197,6,11,0.5454545454545454
295,6.02810349460924,20,9.808439584448934,87,375.43927842503547,7,16,0.4375
246,5.0268252870300785,20,9.808439584448934,234,375.3741171055239,9,18,0.5
389,7.94892291323049,20,9.808439584448934,194,375.3585821421519,9,12,0.75
209,4.27075806906214,20,9.808439584448934,136,375.3096065370489,14,22,0.6363636363636364
388,7.928488664096221,20,9.808439584448934,196,375.29978554614274,9,12,0.75
317,6.47765697556315,20,9.808439584448934,21,375.2724115377894,8,15,0.5333333333333333
555,11.34100826951908,20,9.808439584448934,417,375.26197765549153,7,8,0.875
281,5.74202400672948,20,9.808439584448934,129,375.00462094713623,9,17,0.5294117647058824
270,5.517247266252525,20,9.808439584448934,162,374.99629196118076,11,17,0.6470588235294118
192,3.9233758337795734,20,9.808439584448934,12,374.9714883427719,13,25,0.52
427,8.725424380332697,20,9.808439584448934,118,374.9477823307321,4,11,0.36363636363636365
556,11.361442518653348,20,9.808439584448934,416,374.9304574637211,7,8,0.875
250,5.108562283567153,20,9.808439584448934,222,374.8821918808911,9,18,0.5
186,3.8007703389739618,20,9.808439584448934,42,374.8516678540378,12,25,0.48
138,2.8199263805290684,20,9.808439584448934,7,374.72249194397006,23,34,0.6764705882352942
158,3.2286113632144406,20,9.808439584448934,24,374.60619308554004,19,30,0.6333333333333333
683,13.956592158705462,20,9.808439584448934,289,374.5954752608963,5,7,0.7142857142857143
415,8.480213390721474,20,9.808439584448934,142,374.57377159618875,9,11,0.8181818181818182
296,6.048537743743509,20,9.808439584448934,84,374.51595672487065,9,16,0.5625
322,6.579828221234493,20,9.808439584448934,6,374.4879011015121,7,15,0.4666666666666667
387,7.908054414961953,20,9.808439584448934,198,374.4824859616019,9,12,0.75
641,13.09835369506618,20,9.808439584448934,331,374.39170151170185,5,7,0.7142857142857143
210,4.2911923181964085,20,9.808439584448934,132,374.2598585821745,12,22,0.5454545454545454
478,9.767571086180396,20,9.808439584448934,16,374.2430308669818,6,10,0.6
455,9.297583356092218,20,9.808439584448934,62,374.2324204814285,7,11,0.6363636363636364
342,6.988513203919865,20,9.808439584448934,288,374.095387996481,7,13,0.5384615384615384
252,5.14943078183569,20,9.808439584448934,216,374.0780984660464,9,18,0.5
363,7.417632435739506,20,9.808439584448934,246,373.9766303306207,10,13,0.7692307692307693
77,1.573437183338683,20,9.808439584448934,48,373.94830890516096,34,60,0.5666666666666667
195,3.9846785811823793,20,9.808439584448934,192,373.9314388695013,10,23,0.43478260869565216
454,9.27714910695795,20,9.808439584448934,64,373.88477439671124,6,11,0.5454545454545454
640,13.077919445931911,20,9.808439584448934,332,373.8150405365796,5,7,0.7142857142857143
274,5.5989842627896,20,9.808439584448934,150,373.65037745621146,11,17,0.6470588235294118
193,3.943810082913842,20,9.808439584448934,7,373.5807645750006,12,24,0.5
180,3.67816484416835,20,9.808439584448934,72,373.53620362280753,13,26,0.5
682,13.936157909571193,20,9.808439584448934,290,373.5154209873025,5,7,0.7142857142857143
201,4.107284075987991,20,9.808439584448934,168,373.50731071191416,10,23,0.43478260869565216
70,1.4303974393988028,20,9.808439584448934,62,373.49524890034934,38,66,0.5757575757575758
453,9.256714857823681,20,9.808439584448934,66,373.49142301968027,6,11,0.5454545454545454
327,6.681999466905836,20,9.808439584448934,318,373.4085198356759,5,14,0.35714285714285715
217,4.434232062136289,20,9.808439584448934,104,373.407471393332,13,21,0.6190476190476191
198,4.045981328585185,20,9.808439584448934,180,373.3955834398614,11,23,0.4782608695652174
216,4.41379781300202,20,9.808439584448934,108,373.36873645283697,11,21,0.5238095238095238
147,3.003834622737486,16,7.846751667559147,90,373.13959718446074,16,31,0.5161290322580645
184,3.7599018407054245,20,9.808439584448934,52,373.1332461820797,12,25,0.48
142,2.901663377066143,16,7.846751667559147,120,373.1145225431695,10,32,0.3125
172,3.514690851094201,20,9.808439584448934,112,373.0490935027852,16,27,0.5925925925925926
233,4.7611800482845865,20,9.808439584448934,40,372.93185919526843,13,20,0.65
302,6.171143238549121,20,9.808439584448934,66,372.9263156423393,7,16,0.4375
163,3.3307826088857837,20,9.808439584448934,157,372.9000176395924,15,28,0.5357142857142857
426,8.704990131198429,20,9.808439584448934,120,372.8963544133757,4,11,0.36363636363636365
417,8.521081888990011,20,9.808439584448934,138,372.8901117064775,9,11,0.8181818181818182
637,13.016616698529106,20,9.808439584448934,335,372.8527580080707,5,7,0.7142857142857143
204,4.168586823390797,20,9.808439584448934,156,372.8521260526737,11,22,0.5
423,8.643687383795623,20,9.808439584448934,126,372.84133180816843,6,11,0.5454545454545454
202,4.12771832512226,20,9.808439584448934,164,372.82263950444354,9,23,0.391304347826087
211,4.311626567330677,20,9.808439584448934,128,372.75365085272045,12,22,0.5454545454545454
416,8.500647639855742,20,9.808439584448934,140,372.7211435394213,9,11,0.8181818181818182
205,4.189021072525065,20,9.808439584448934,152,372.6870793534478,11,22,0.5
362,7.397198186605237,20,9.808439584448934,248,372.63255638134655,11,13,0.8461538461538461
474,9.685834089643322,20,9.808439584448934,24,372.6305706576409,6,10,0.6
253,5.169865030969959,20,9.808439584448934,213,372.4282785084147,10,18,0.5555555555555556
160,3.269479861482978,20,9.808439584448934,12,372.40082778494065,16,29,0.5517241379310345
235,4.802048546553124,20,9.808439584448934,32,372.388786541831,12,20,0.6
326,6.661565217771567,20,9.808439584448934,320,372.3807832540871,8,14,0.5714285714285714
681,13.915723660436925,20,9.808439584448934,291,372.2651165157541,5,7,0.7142857142857143
275,5.619418511923868,20,9.808439584448934,147,372.25869456158193,12,17,0.7058823529411765
263,5.374207522312645,20,9.808439584448934,183,372.2385025731306,11,17,0.6470588235294118
272,5.558115764521062,20,9.808439584448934,156,372.15758557486856,11,17,0.6470588235294118
303,6.191577487683389,20,9.808439584448934,63,372.01921084903825,7,16,0.4375
639,13.057485196797643,20,9.808439584448934,333,372.00722797354837,5,7,0.7142857142857143
309,6.314182982489001,20,9.808439584448934,45,371.9915291783178,10,15,0.6666666666666666
638,13.037050947663374,20,9.808439584448934,334,371.84053774747974,5,7,0.7142857142857143
236,4.822482795687392,20,9.808439584448934,28,371.69875034294563,11,20,0.55
271,5.537681515386794,20,9.808439584448934,159,371.4514440142337,11,17,0.6470588235294118
243,4.965522539627273,20,9.808439584448934,0,371.19540513137844,12,20,0.6
99,2.0229906642925926,20,9.808439584448934,81,371.07142455858366,22,46,0.4782608695652174
194,3.9642443320481107,20,9.808439584448934,2,370.9992465064848,12,24,0.5
185,3.780336089839693,20,9.808439584448934,47,370.9750735926608,13,25,0.52
207,4.229889570793603,20,9.808439584448934,144,370.91256081755944,16,22,0.7272727272727273
273,5.578550013655331,20,9.808439584448934,153,370.763491168572,12,17,0.7058823529411765
234,4.781614297418855,20,9.808439584448934,36,370.42206293180794,13,20,0.65
283,5.782892504998017,20,9.808439584448934,123,370.12639661495274,7,16,0.4375
150,3.0651373701402918,16,7.846751667559147,72,370.09586050799425,13,31,0.41935483870967744
208,4.250323819927871,20,9.808439584448934,140,370.0952693263936,15,22,0.6818181818181818
280,5.721589757595211,20,9.808439584448934,132,370.0304585693437,11,17,0.6470588235294118
206,4.209455321659334,20,9.808439584448934,148,369.9753356993573,12,22,0.5454545454545454
730,14.917001868016087,16,7.846751667559147,242,369.91386664573906,5,7,0.7142857142857143
659,13.466170179483015,20,9.808439584448934,313,369.8958560401238,3,7,0.42857142857142855
257,5.251602027507033,20,9.808439584448934,201,369.43684727301917,11,18,0.6111111111111112
731,14.937436117150355,16,7.846751667559147,241,369.3179102793035,5,7,0.7142857142857143
215,4.3933635638677515,20,9.808439584448934,112,369.0884964844379,11,22,0.5
697,14.242671646585222,16,7.846751667559147,275,369.05496013543046,6,7,0.8571428571428571
341,6.968078954785597,20,9.808439584448934,290,368.87329891996797,8,13,0.6153846153846154
196,4.005112830316648,20,9.808439584448934,188,368.79384971530385,10,23,0.43478260869565216
218,4.454666311270557,20,9.808439584448934,100,368.7649362334224,9,21,0.42857142857142855
732,14.957870366284624,16,7.846751667559147,240,368.7312241353652,5,7,0.7142857142857143
630,12.873576954589225,16,7.846751667559147,342,368.67634289741704,3,7,0.42857142857142855
321,6.559393972100224,20,9.808439584448934,10,368.6257170177173,8,15,0.5333333333333333
157,3.208177114080172,16,7.846751667559147,30,368.61787698086357,14,30,0.4666666666666667
197,4.0255470794509165,20,9.808439584448934,184,368.59578201139504,13,23,0.5652173913043478
629,12.853142705454957,16,7.846751667559147,343,368.5754507715001,3,7,0.42857142857142855
145,2.9629661244689487,16,7.846751667559147,102,368.4828620064857,16,32,0.5
696,14.222237397450954,16,7.846751667559147,276,368.40410062034175,6,7,0.8571428571428571
260,5.312904774909839,20,9.808439584448934,192,368.39671087910176,12,18,0.6666666666666666
631,12.894011203723494,16,7.846751667559147,341,368.36801623142196,3,7,0.42857142857142855
694,14.181368899182416,16,7.846751667559147,278,368.3460120501776,5,7,0.7142857142857143
477,9.747136837046128,20,9.808439584448934,18,368.3450721393963,7,10,0.7
628,12.832708456320688,16,7.846751667559147,344,368.3136544423949,3,7,0.42857142857142855
122,2.4929783943807706,20,9.808439584448934,118,368.2834545560272,22,38,0.5789473684210527
78,1.5938714324729517,20,9.808439584448934,36,368.2288245151509,34,59,0.576271186440678
258,5.272036276641302,20,9.808439584448934,198,368.2205216913508,12,18,0.6666666666666666
240,4.904219792224467,20,9.808439584448934,12,368.19355315660613,11,20,0.55
171,3.4942566019599326,20,9.808439584448934,117,368.19049247286256,15,27,0.5555555555555556
487,9.951479328388814,16,7.846751667559147,485,368.14344526872065,5,9,0.5555555555555556
660,13.486604428617284,20,9.808439584448934,312,368.13387564605165,3,7,0.42857142857142855
695,14.201803148316685,16,7.846751667559147,277,368.0475907749583,6,7,0.8571428571428571
164,3.3512168580200523,20,9.808439584448934,152,368.0062461613856,14,28,0.5
627,12.81227420718642,16,7.846751667559147,345,367.9941296145091,3,7,0.42857142857142855
276,5.639852761058137,20,9.808439584448934,144,367.98856049771575,12,17,0.7058823529411765
200,4.086849826853722,20,9.808439584448934,172,367.93896687500103,12,23,0.5217391304347826
328,6.702433716040105,20,9.808439584448934,316,367.92792407950685,6,14,0.42857142857142855
261,5.333339024044108,20,9.808439584448934,189,367.83786171676417,11,18,0.6111111111111112
729,14.896567618881818,16,7.846751667559147,243,367.83031834864937,5,7,0.7142857142857143
698,14.263105895719491,16,7.846751667559147,274,367.8216276380658,6,7,0.8571428571428571
693,14.160934650048148,16,7.846751667559147,279,367.65952627242496,5,7,0.7142857142857143
475,9.70626833877759,20,9.808439584448934,22,367.54735068637524,7,10,0.7
626,12.791839958052151,16,7.846751667559147,346,367.524938382948,3,7,0.42857142857142855
124,2.533846892649308,20,9.808439584448934,104,367.4475946552774,15,37,0.40540540540540543
625,12.771405708917882,16,7.846751667559147,347,367.2718793973585,3,7,0.42857142857142855
624,12.750971459783614,16,7.846751667559147,348,367.2332698972583,3,7,0.42857142857142855
634,12.9553139511263,16,7.846751667559147,338,367.2267414571989,3,7,0.42857142857142855
229,4.679443051747512,20,9.808439584448934,56,367.064262589455,13,20,0.65
115,2.3499386504408903,20,9.808439584448934,52,366.71106306954147,23,40,0.575
622,12.710102961515076,16,7.846751667559147,350,366.6901826760151,4,7,0.5714285714285714
488,9.971913577523082,16,7.846751667559147,484,366.6872356495403,5,9,0.5555555555555556
528,10.789283542893827,16,7.846751667559147,444,366.5954305027469,4,8,0.5
189,3.8620730863767676,20,9.808439584448934,29,366.52276154044574,10,25,0.4
623,12.730537210649345,16,7.846751667559147,349,366.4626351795918,4,7,0.5714285714285714
529,10.809717792028096,16,7.846751667559147,443,366.43923686916236,4,8,0.5
633,12.934879701992031,16,7.846751667559147,339,366.3921787769457,4,7,0.5714285714285714
661,13.507038677751552,20,9.808439584448934,311,366.3517910532443,3,7,0.42857142857142855
314,6.416354228160344,16,7.846751667559147,30,366.3193749709965,6,15,0.4
348,7.111118698725477,16,7.846751667559147,276,366.3098626113947,8,13,0.6153846153846154
476,9.72670258791186,20,9.808439584448934,20,366.2973660895678,7,10,0.7
523,10.687112297222484,16,7.846751667559147,449,366.1972662941199,5,9,0.5555555555555556
524,10.707546546356753,16,7.846751667559147,448,366.09509190047737,5,8,0.625
530,10.830152041162364,16,7.846751667559147,442,366.050596691386,4,8,0.5
632,12.914445452857763,16,7.846751667559147,340,366.0432490061217,4,7,0.5714285714285714
347,7.090684449591208,16,7.846751667559147,278,365.9282544491368,7,13,0.5384615384615384
181,3.6985990933026187,20,9.808439584448934,67,365.92780321520416,16,26,0.6153846153846154
432,8.82759562600404,16,7.846751667559147,108,365.91604965196007,3,11,0.2727272727272727
699,14.28354014485376,16,7.846751667559147,273,365.9151529644951,6,7,0.8571428571428571
621,12.689668712380808,16,7.846751667559147,351,365.9086024635775,5,7,0.7142857142857143
431,8.807161376869772,16,7.846751667559147,110,365.8511848351727,3,11,0.2727272727272727
190,3.882507335511036,20,9.808439584448934,22,365.83653830285294,15,25,0.6
734,14.998738864553161,16,7.846751667559147,238,365.8125905293672,4,6,0.6666666666666666
241,4.924654041358735,20,9.808439584448934,8,365.77400304409457,13,20,0.65
525,10.727980795491021,16,7.846751667559147,447,365.73466256582134,5,8,0.625
522,10.666678048088215,16,7.846751667559147,450,365.68932654481796,7,9,0.7777777777777778
704,14.385711390525103,16,7.846751667559147,268,365.6842230441154,4,7,0.5714285714285714
183,3.739467591571156,20,9.808439584448934,57,365.5492163465523,17,26,0.6538461538461539
284,5.803326754132286,16,7.846751667559147,120,365.3887125886669,3,16,0.1875
526,10.74841504462529,16,7.846751667559147,446,365.37953227618084,5,8,0.625
676,13.813552414765581,20,9.808439584448934,296,365.34673402902683,4,7,0.5714285714285714
521,10.646243798953947,16,7.846751667559147,451,365.3426379005854,7,9,0.7777777777777778
288,5.88506375066936,16,7.846751667559147,108,365.32292689811237,4,16,0.25
287,5.8646295015350915,16,7.846751667559147,111,365.29927939641647,4,16,0.25
733,14.978304615418892,16,7.846751667559147,239,365.2780390396053,4,6,0.6666666666666666
495,10.114953321462963,16,7.846751667559147,477,365.17473640003675,4,9,0.4444444444444444
285,5.823761003266554,16,7.846751667559147,117,365.1409571090448,3,16,0.1875
89,1.8186481729499064,20,9.808439584448934,82,365.0936088442895,26,52,0.5
708,14.467448387062177,16,7.846751667559147,264,365.0900866291469,3,7,0.42857142857142855
494,10.094519072328694,16,7.846751667559147,478,365.0676291491934,4,9,0.4444444444444444
709,14.487882636196446,16,7.846751667559147,263,365.0597026184971,3,7,0.42857142857142855
511,10.44190130761126,16,7.846751667559147,461,365.02654892855423,6,9,0.6666666666666666
512,10.46233555674553,16,7.846751667559147,460,364.9919270641815,6,9,0.6666666666666666
707,14.447014137927908,16,7.846751667559147,265,364.98724488214054,3,7,0.42857142857142855
73,1.4917001868016087,20,9.808439584448934,23,364.97803166256296,32,64,0.5
496,10.135387570597231,16,7.846751667559147,476,364.9761519997334,4,9,0.4444444444444444
76,1.5530029342044145,20,9.808439584448934,60,364.8691253158393,34,61,0.5573770491803278
706,14.42657988879364,16,7.846751667559147,266,364.8376951290291,4,7,0.5714285714285714
156,3.1877428649459034,16,7.846751667559147,36,364.8266656506663,17,30,0.5666666666666667
286,5.844195252400823,16,7.846751667559147,114,364.81013383822,3,16,0.1875
349,7.1315529478597455,16,7.846751667559147,274,364.8041247263835,9,13,0.6923076923076923
527,10.768849293759558,16,7.846751667559147,445,364.77462920293425,6,8,0.75
513,10.482769805879798,16,7.846751667559147,459,364.7302651665956,6,9,0.6666666666666666
705,14.406145639659371,16,7.846751667559147,267,364.7204633709561,4,7,0.5714285714285714
662,13.527472926885821,20,9.808439584448934,310,364.7133675182187,3,7,0.42857142857142855
259,5.29247052577557,20,9.808439584448934,195,364.70378664751786,13,18,0.7222222222222222
509,10.401032809342723,16,7.846751667559147,463,364.70204469046536,6,9,0.6666666666666666
510,10.421467058476992,16,7.846751667559147,462,364.66600099441996,6,9,0.6666666666666666
433,8.848029875138309,16,7.846751667559147,106,364.63890279646193,4,11,0.36363636363636365
615,12.567063217575196,16,7.846751667559147,357,364.62892428258215,4,7,0.5714285714285714
429,8.766292878601234,16,7.846751667559147,114,364.6181495795285,3,11,0.2727272727272727
508,10.380598560208455,16,7.846751667559147,464,364.60657115193015,5,9,0.5555555555555556
711,14.528751134464983,16,7.846751667559147,261,364.6062988911995,3,7,0.42857142857142855
620,12.66923446324654,16,7.846751667559147,352,364.58659425860316,4,7,0.5714285714285714
149,3.044703121006023,16,7.846751667559147,78,364.56147792271514,16,31,0.5161290322580645
710,14.508316885330714,16,7.846751667559147,262,364.5200826354699,3,7,0.42857142857142855
619,12.64880021411227,16,7.846751667559147,353,364.4748622052512,4,7,0.5714285714285714
616,12.587497466709465,16,7.846751667559147,356,364.46721655780334,4,7,0.5714285714285714
320,6.538959722965956,20,9.808439584448934,12,364.4559735010953,10,15,0.6666666666666666
617,12.607931715843733,16,7.846751667559147,355,364.4390694898102,4,7,0.5714285714285714
430,8.786727127735503,16,7.846751667559147,112,364.415831825378,3,11,0.2727272727272727
721,14.733093625807669,16,7.846751667559147,251,364.3879132233068,4,7,0.5714285714285714
424,8.664121632929891,20,9.808439584448934,124,364.32471539249576,7,11,0.6363636363636364
514,10.503204055014066,16,7.846751667559147,458,364.2858266561246,6,9,0.6666666666666666
376,7.683277674484998,16,7.846751667559147,220,364.2713978847884,4,12,0.3333333333333333
254,5.190299280104227,20,9.808439584448934,210,364.2239535340493,10,18,0.5555555555555556
539,11.014060283370782,16,7.846751667559147,433,364.21062156451427,4,8,0.5
141,2.8812291279318742,16,7.846751667559147,126,364.2016575044855,18,32,0.5625
618,12.628365964978002,16,7.846751667559147,354,364.16875704351116,4,7,0.5714285714285714
313,6.3959199790260755,16,7.846751667559147,33,364.16291551583976,8,15,0.5333333333333333
493,10.074084823194426,16,7.846751667559147,479,364.16068423900117,4,9,0.4444444444444444
700,14.303974393988028,16,7.846751667559147,272,364.14420847713706,6,7,0.8571428571428571
374,7.642409176216461,16,7.846751667559147,224,364.14146610234855,4,12,0.3333333333333333
375,7.662843425350729,16,7.846751667559147,222,364.11681827346536,4,12,0.3333333333333333
365,7.458500934008043,16,7.846751667559147,242,364.07562019074066,9,13,0.6923076923076923
434,8.868464124272577,16,7.846751667559147,104,363.9603549725067,5,11,0.45454545454545453
533,10.89145478856517,16,7.846751667559147,439,363.87793660750395,4,8,0.5
69,1.4099631902645342,20,9.808439584448934,7,363.8607704499692,38,68,0.5588235294117647
366,7.478935183142312,16,7.846751667559147,240,363.8274989501465,9,13,0.6923076923076923
534,10.911889037699439,16,7.846751667559147,438,363.8110400571711,4,8,0.5
535,10.932323286833707,16,7.846751667559147,437,363.80889465915936,5,8,0.625
515,10.523638304148335,16,7.846751667559147,457,363.80670464382416,7,9,0.7777777777777778
491,10.033216324925888,16,7.846751667559147,481,363.7437136107296,4,9,0.4444444444444444
536,10.952757535967976,16,7.846751667559147,436,363.7106967765968,5,8,0.625
722,14.753527874941938,16,7.846751667559147,250,363.6729357610366,4,7,0.5714285714285714
277,5.660287010192405,20,9.808439584448934,141,363.64565758116146,14,17,0.8235294117647058
490,10.01278207579162,16,7.846751667559147,482,363.62801780556157,4,9,0.4444444444444444
538,10.993626034236513,16,7.846751667559147,434,363.60805581941526,5,8,0.625
532,10.871020539430901,16,7.846751667559147,440,363.6012186531711,4,8,0.5
179,3.6577305950340815,20,9.808439584448934,77,363.5533067816279,14,26,0.5384615384615384
537,10.973191785102244,16,7.846751667559147,435,363.5397668916026,5,8,0.625
159,3.2490456123487093,20,9.808439584448934,18,363.46601373956406,17,30,0.5666666666666667
497,10.1558218197315,16,7.846751667559147,475,363.3861408587539,6,9,0.6666666666666666
440,8.99106961907819,16,7.846751667559147,92,363.37902265391153,5,11,0.45454545454545453
492,10.053650574060157,16,7.846751667559147,480,363.35494229553643,4,9,0.4444444444444444
701,14.324408643122297,16,7.846751667559147,271,363.2939110129658,6,7,0.8571428571428571
312,6.375485729891807,16,7.846751667559147,36,363.26146155758096,8,15,0.5333333333333333
677,13.83398666389985,20,9.808439584448934,295,363.2457816345587,5,7,0.7142857142857143
489,9.992347826657351,16,7.846751667559147,483,363.2452924813227,4,9,0.4444444444444444
498,10.176256068865769,16,7.846751667559147,474,363.23595510924645,6,9,0.6666666666666666
531,10.850586290296633,16,7.846751667559147,441,363.2111313481429,4,8,0.5
540,11.03449453250505,16,7.846751667559147,432,363.21012399620724,5,8,0.625
289,5.905497999803629,16,7.846751667559147,105,363.2041398596324,4,16,0.25
100,2.043424913426861,20,9.808439584448934,72,363.16462459762766,26,46,0.5652173913043478
648,13.24139343900606,16,7.846751667559147,324,363.1214789653195,4,7,0.5714285714285714
516,10.544072553282604,16,7.846751667559147,456,363.10639626108184,7,9,0.7777777777777778
81,1.6551741798757575,20,9.808439584448934,0,363.0752024786314,34,58,0.5862068965517241
436,8.909332622541115,16,7.846751667559147,100,363.03324047472603,4,11,0.36363636363636365
504,10.29886156367138,16,7.846751667559147,468,363.02027672266047,6,9,0.6666666666666666
219,4.475100560404826,20,9.808439584448934,96,362.9777774526215,9,21,0.42857142857142855
643,13.139222193334717,16,7.846751667559147,329,362.9401218289707,4,7,0.5714285714285714
174,3.5555593493627384,16,7.846751667559147,102,362.93074722272445,15,27,0.5555555555555556
611,12.485326221038122,16,7.846751667559147,361,362.9082924591462,4,7,0.5714285714285714
123,2.5134126435150392,20,9.808439584448934,111,362.89639339047784,19,37,0.5135135135135135
506,10.339730061939918,16,7.846751667559147,466,362.8392365931335,6,9,0.6666666666666666
435,8.888898373406846,16,7.846751667559147,102,362.81874280998284,5,11,0.45454545454545453
279,5.701155508460943,20,9.808439584448934,135,362.76327508614423,13,17,0.7647058823529411
503,10.278427314537112,16,7.846751667559147,469,362.75576929550243,6,9,0.6666666666666666
425,8.68455588206416,20,9.808439584448934,122,362.71638192323957,5,11,0.45454545454545453
505,10.319295812805649,16,7.846751667559147,467,362.69713188818116,6,9,0.6666666666666666
647,13.220959189871792,16,7.846751667559147,325,362.572835385122,4,7,0.5714285714285714
311,6.355051480757538,16,7.846751667559147,39,362.5247239183075,9,15,0.6
564,11.524916511727497,16,7.846751667559147,408,362.44117242095257,4,8,0.5
728,14.87613336974755,16,7.846751667559147,244,362.43332153240095,6,7,0.8571428571428571
439,8.97063536994392,16,7.846751667559147,94,362.4242283066629,4,11,0.36363636363636365
610,12.464891971903853,16,7.846751667559147,362,362.3716218651754,4,8,0.5
191,3.902941584645305,20,9.808439584448934,17,362.34703455712753,16,25,0.64
507,10.360164311074186,16,7.846751667559147,465,362.33749909598725,6,9,0.6666666666666666
702,14.344842892256565,16,7.846751667559147,270,362.3355267035953,6,7,0.8571428571428571
613,12.526194719306659,16,7.846751667559147,359,362.2229138072607,4,7,0.5714285714285714
499,10.196690318000037,16,7.846751667559147,473,362.2192458768236,6,9,0.6666666666666666
612,12.50576047017239,16,7.846751667559147,360,362.1732175431156,4,7,0.5714285714285714
228,4.6590088026132435,20,9.808439584448934,60,362.16736847909516,13,21,0.6190476190476191
563,11.504482262593228,16,7.846751667559147,409,362.14922603961065,4,8,0.5
545,11.136665778176393,16,7.846751667559147,427,362.14841824967095,5,8,0.625
678,13.854420913034119,20,9.808439584448934,294,362.0859867862066,5,7,0.7142857142857143
472,9.644965591374785,16,7.846751667559147,28,362.05072972145024,4,10,0.4
318,6.4980912246974185,20,9.808439584448934,18,362.03840984799047,9,15,0.6
675,13.793118165631313,20,9.808439584448934,297,361.99665117913884,3,7,0.42857142857142855
502,10.257993065402843,16,7.846751667559147,470,361.9904779913227,6,9,0.6666666666666666
609,12.444457722769585,16,7.846751667559147,363,361.919268743394,4,8,0.5
148,3.0242688718717545,16,7.846751667559147,84,361.9013702161815,19,31,0.6129032258064516
562,11.48404801345896,16,7.846751667559147,410,361.9011674662211,4,8,0.5
544,11.116231529042125,16,7.846751667559147,428,361.8983346547859,5,8,0.625
379,7.744580421887804,16,7.846751667559147,214,361.8954213453654,7,12,0.5833333333333334
599,12.240115231426898,16,7.846751667559147,373,361.8919684514362,3,8,0.375
109,2.2273331556352787,20,9.808439584448934,100,361.86832088402156,18,42,0.42857142857142855
152,3.106005868408829,16,7.846751667559147,60,361.83080650218574,17,31,0.5483870967741935
151,3.0855716192745604,16,7.846751667559147,66,361.8299899397153,14,31,0.45161290322580644
548,11.1979685255792,16,7.846751667559147,424,361.82591768583194,5,8,0.625
380,7.765014671022072,16,7.846751667559147,212,361.77768133828204,7,12,0.5833333333333334
102,2.0842934116953984,20,9.808439584448934,54,361.7713362131492,22,45,0.4888888888888889
373,7.621974927082192,16,7.846751667559147,226,361.765914664491,7,12,0.5833333333333334
329,6.722867965174373,20,9.808439584448934,314,361.73391004370836,6,14,0.42857142857142855
381,7.785448920156341,16,7.846751667559147,210,361.7328650402312,7,12,0.5833333333333334
546,11.157100027310662,16,7.846751667559147,426,361.7327045764554,5,8,0.625
608,12.424023473635316,16,7.846751667559147,364,361.7282107204996,4,8,0.5
600,12.260549480561167,16,7.846751667559147,372,361.6980659492262,3,8,0.375
382,7.80588316929061,16,7.846751667559147,208,361.67064834268587,8,12,0.6666666666666666
598,12.21968098229263,16,7.846751667559147,374,361.63228071871833,3,8,0.375
561,11.463613764324691,16,7.846751667559147,411,361.5958404108535,4,8,0.5
437,8.929766871675383,16,7.846751667559147,98,361.55290447249195,4,11,0.36363636363636365
438,8.950201120809652,16,7.846751667559147,96,361.5250022964373,4,11,0.36363636363636365
547,11.17753427644493,16,7.846751667559147,425,361.50297501243574,5,8,0.625
579,11.831430248741526,16,7.846751667559147,393,361.5007978443515,3,8,0.375
352,7.192855695262551,16,7.846751667559147,268,361.49503612002144,8,13,0.6153846153846154
90,1.839082422084175,20,9.808439584448934,72,361.46103224290465,27,51,0.5294117647058824
646,13.200524940737523,16,7.846751667559147,326,361.4497293144245,4,7,0.5714285714285714
471,9.624531342240516,16,7.846751667559147,30,361.44427272633845,4,10,0.4
501,10.237558816268574,16,7.846751667559147,471,361.40466302492916,6,9,0.6666666666666666
372,7.6015406779479235,16,7.846751667559147,228,361.38284879786016,6,12,0.5
614,12.546628968440928,16,7.846751667559147,358,361.37841620271627,5,7,0.7142857142857143
469,9.583662843971979,16,7.846751667559147,34,361.2849540929198,5,10,0.5
680,13.895289411302656,20,9.808439584448934,292,361.24426953339395,6,7,0.8571428571428571
703,14.365277141390834,16,7.846751667559147,269,361.22590856705415,6,7,0.8571428571428571
597,12.199246733158361,16,7.846751667559147,375,361.18013373821213,3,8,0.375
153,3.1264401175430976,16,7.846751667559147,54,361.1192679864356,19,30,0.6333333333333333
292,5.966800747206435,16,7.846751667559147,96,361.1114887632326,7,16,0.4375
278,5.680721259326674,20,9.808439584448934,138,361.1031139426109,15,17,0.8823529411764706
500,10.217124567134306,16,7.846751667559147,472,361.0578096391396,6,9,0.6666666666666666
350,7.151987196994014,16,7.846751667559147,272,361.01111610549856,9,13,0.6923076923076923
520,10.625809549819678,16,7.846751667559147,452,361.00371095593084,8,9,0.8888888888888888
541,11.054928781639319,16,7.846751667559147,431,360.9804021106946,6,8,0.75
549,11.218402774713468,16,7.846751667559147,423,360.9458788655705,6,8,0.75
481,9.828873833583202,16,7.846751667559147,10,360.944608783764,5,10,0.5
239,4.883785543090198,20,9.808439584448934,16,360.9105084761959,12,20,0.6
384,7.846751667559147,16,7.846751667559147,204,360.86728794768334,8,12,0.6666666666666666
601,12.280983729695436,16,7.846751667559147,371,360.8621622777113,4,8,0.5
255,5.210733529238496,20,9.808439584448934,207,360.8556111747606,11,18,0.6111111111111112
367,7.4993694322765805,16,7.846751667559147,238,360.83316805081506,8,12,0.6666666666666666
125,2.5542811417835765,20,9.808439584448934,97,360.8138898408076,16,37,0.43243243243243246
550,11.238837023847736,16,7.846751667559147,422,360.76638850306864,6,8,0.75
551,11.259271272982005,16,7.846751667559147,421,360.7602031990319,6,8,0.75
560,11.443179515190423,16,7.846751667559147,412,360.7484191246587,5,8,0.625
399,8.153265404573176,16,7.846751667559147,174,360.7042218929473,7,12,0.5833333333333334
400,8.173699653707445,16,7.846751667559147,172,360.61777596553657,7,12,0.5833333333333334
118,2.411241397843696,20,9.808439584448934,28,360.5149998824783,21,40,0.525
517,10.564506802416872,16,7.846751667559147,455,360.4910515780942,9,9,1.0
470,9.604097093106247,16,7.846751667559147,32,360.47739410071387,5,10,0.5
691,14.12006615177961,16,7.846751667559147,281,360.42811730059884,6,7,0.8571428571428571
692,14.14050040091388,16,7.846751667559147,280,360.41566227161775,6,7,0.8571428571428571
727,14.85569912061328,16,7.846751667559147,245,360.38773407631,6,7,0.8571428571428571
405,8.275870899378788,16,7.846751667559147,162,360.3867761840523,7,12,0.5833333333333334
542,11.075363030773588,16,7.846751667559147,430,360.3107642225439,6,8,0.75
131,2.676886636589188,20,9.808439584448934,55,360.30891720587664,16,35,0.45714285714285713
293,5.987234996340703,16,7.846751667559147,93,360.2791607904571,8,16,0.5
300,6.1302747402805835,16,7.846751667559147,72,360.22811110240093,6,16,0.375
482,9.84930808271747,16,7.846751667559147,8,360.2190241981031,5,10,0.5
408,8.337173646781594,16,7.846751667559147,156,360.21247133997497,7,11,0.6363636363636364
649,13.261827688140329,16,7.846751667559147,323,360.2058519553101,5,7,0.7142857142857143
144,2.94253187533468,12,5.88506375066936,108,360.2007692372188,7,32,0.21875
398,8.132831155438907,16,7.846751667559147,176,360.19454848910055,7,12,0.5833333333333334
383,7.826317418424878,16,7.846751667559147,206,360.18169812221237,8,12,0.6666666666666666
679,13.874855162168387,20,9.808439584448934,293,360.1741365811804,5,7,0.7142857142857143
310,6.33461723162327,16,7.846751667559147,42,360.1658184916617,9,15,0.6
480,9.808439584448934,16,7.846751667559147,12,360.1545217458275,5,10,0.5
552,11.279705522116274,16,7.846751667559147,420,360.09085029334693,6,8,0.75
674,13.772683916497044,20,9.808439584448934,298,360.0854252907811,3,7,0.42857142857142855
723,14.773962124076206,16,7.846751667559147,249,360.01827143434735,5,7,0.7142857142857143
71,1.4508316885330714,20,9.808439584448934,49,360.01043385641975,37,65,0.5692307692307692
644,13.159656442468986,16,7.846751667559147,328,359.9725936223436,3,7,0.42857142857142855
315,6.436788477294613,16,7.846751667559147,27,359.9656414772228,7,15,0.4666666666666667
406,8.296305148513056,16,7.846751667559147,160,359.9311143292418,7,12,0.5833333333333334
690,14.099631902645342,16,7.846751667559147,282,359.9102610692145,6,7,0.8571428571428571
369,7.540237930545118,16,7.846751667559147,234,359.8971822241958,8,12,0.6666666666666666
483,9.86974233185174,16,7.846751667559147,6,359.8929253644434,6,10,0.6
368,7.519803681410849,16,7.846751667559147,236,359.843827309666,8,12,0.6666666666666666
650,13.282261937274598,16,7.846751667559147,322,359.84010103943365,5,7,0.7142857142857143
724,14.794396373210475,16,7.846751667559147,248,359.773249788147,6,7,0.8571428571428571
108,2.20689890650101,20,9.808439584448934,0,359.70918664516574,22,43,0.5116279069767442
299,6.109840491146315,16,7.846751667559147,75,359.668888046234,7,16,0.4375
602,12.301417978829704,16,7.846751667559147,370,359.664716358514,4,8,0.5
580,11.851864497875795,16,7.846751667559147,392,359.6496717087565,4,8,0.5
155,3.167308615811635,16,7.846751667559147,42,359.6278600628292,19,30,0.6333333333333333
663,13.54790717602009,20,9.808439584448934,309,359.6160651358795,4,7,0.5714285714285714
441,9.011503868212458,16,7.846751667559147,90,359.5927027108857,6,11,0.5454545454545454
587,11.994904241815675,16,7.846751667559147,385,359.56251788607176,4,8,0.5
116,2.370372899575159,20,9.808439584448934,44,359.56037665097074,21,40,0.525
306,6.252880235086195,16,7.846751667559147,54,359.5365704102334,8,15,0.5333333333333333
319,6.518525473831687,20,9.808439584448934,15,359.45430208181165,10,15,0.6666666666666666
143,2.9220976262004115,12,5.88506375066936,114,359.3369594530103,7,32,0.21875
586,11.974469992681406,16,7.846751667559147,386,359.3088285783213,4,8,0.5
401,8.194133902841713,16,7.846751667559147,170,359.3037886150127,8,12,0.6666666666666666
220,4.495534809539095,20,9.808439584448934,92,359.2429591645293,10,21,0.47619047619047616
653,13.343564684677403,20,9.808439584448934,318,359.23282058332103,4,7,0.5714285714285714
689,14.079197653511073,16,7.846751667559147,283,359.2253190516805,6,7,0.8571428571428571
242,4.945088290493004,20,9.808439584448934,4,359.2134466351436,14,20,0.7
645,13.180090691603255,16,7.846751667559147,327,359.20574557520484,3,7,0.42857142857142855
565,11.545350760861766,16,7.846751667559147,407,359.17062057907697,5,8,0.625
543,11.095797279907856,16,7.846751667559147,429,359.1005123296999,6,8,0.75
324,6.62069671950303,16,7.846751667559147,0,359.07461803078075,7,15,0.4666666666666667
371,7.581106428813655,16,7.846751667559147,230,359.057473428836,8,12,0.6666666666666666
307,6.273314484220464,16,7.846751667559147,51,358.9827264300527,9,15,0.6
409,8.357607895915862,16,7.846751667559147,154,358.89165864422154,8,11,0.7272727272727273
519,10.60537530068541,16,7.846751667559147,453,358.8886784873452,9,9,1.0
518,10.58494105155114,16,7.846751667559147,454,358.86499242611205,9,9,1.0
170,3.473822352825664,20,9.808439584448934,122,358.81225179600426,17,27,0.6296296296296297
256,5.231167778372765,20,9.808439584448934,204,358.7893154817847,12,18,0.6666666666666666
585,11.954035743547138,16,7.846751667559147,387,358.69781862169293,4,8,0.5
126,2.574715390917845,20,9.808439584448934,90,358.6730055248759,17,37,0.4594594594594595
486,9.931045079254545,16,7.846751667559147,0,358.6161981880817,6,10,0.6
581,11.872298747010063,16,7.846751667559147,391,358.56109078641657,4,8,0.5
290,5.925932248937897,16,7.846751667559147,102,358.5307903610186,7,16,0.4375
214,4.372929314733483,20,9.808439584448934,117,358.51069648944434,13,22,0.5909090909090909
377,7.703711923619267,16,7.846751667559147,218,358.4797452962641,6,12,0.5
370,7.560672179679386,16,7.846751667559147,232,358.4669145281218,8,12,0.6666666666666666
726,14.835264871479012,16,7.846751667559147,246,358.42645725027654,6,7,0.8571428571428571
725,14.814830622344743,16,7.846751667559147,247,358.42615783406535,6,7,0.8571428571428571
559,11.422745266056154,16,7.846751667559147,413,358.40819033727684,6,8,0.75
244,4.985956788761541,16,7.846751667559147,240,358.40123620552356,11,19,0.5789473684210527
351,7.172421446128283,16,7.846751667559147,270,358.3141302611182,10,13,0.7692307692307693
567,11.586219259130303,16,7.846751667559147,405,358.29689463538426,3,8,0.375
653,13.343564684677403,16,7.846751667559147,319,358.1949876628312,3,7,0.42857142857142855
449,9.174977861286607,16,7.846751667559147,74,358.1902953860544,5,11,0.45454545454545453
457,9.338451854360756,16,7.846751667559147,58,358.1877126649469,6,11,0.5454545454545454
464,9.481491598300636,16,7.846751667559147,44,358.12574823715227,7,10,0.7
140,2.8607948787976056,16,7.846751667559147,132,358.1046657106982,23,33,0.696969696969697
237,4.842917044821661,20,9.808439584448934,24,358.0979429494352,14,20,0.7
459,9.379320352629293,16,7.846751667559147,54,358.08191648800926,7,10,0.7
182,3.7190333424368873,20,9.808439584448934,62,358.0422513575403,16,26,0.6153846153846154
407,8.316739397647325,16,7.846751667559147,158,358.03146710124435,8,11,0.7272727272727273
397,8.112396906304639,16,7.846751667559147,178,358.0287967491672,7,12,0.5833333333333334
651,13.302696186408866,16,7.846751667559147,321,357.9863631786234,5,7,0.7142857142857143
688,14.058763404376805,16,7.846751667559147,284,357.9478047539137,6,7,0.8571428571428571
553,11.300139771250542,16,7.846751667559147,419,357.9438208713237,7,8,0.875
607,12.403589224501047,16,7.846751667559147,365,357.9332804592251,4,8,0.5
301,6.150708989414852,16,7.846751667559147,69,357.91591506016346,7,16,0.4375
385,7.8671859166934155,16,7.846751667559147,202,357.9090080962212,8,12,0.6666666666666666
463,9.461057349166367,16,7.846751667559147,46,357.8721195481977,7,10,0.7
460,9.399754601763561,16,7.846751667559147,52,357.8613963649673,7,10,0.7
169,3.4533881036913954,20,9.808439584448934,127,357.83316391855794,17,27,0.6296296296296297
420,8.582384636392817,16,7.846751667559147,132,357.8008666882011,7,11,0.6363636363636364
304,6.212011736817658,16,7.846751667559147,60,357.7806976005206,7,16,0.4375
308,6.293748733354732,16,7.846751667559147,48,357.76527106805014,9,15,0.6
410,8.37804214505013,16,7.846751667559147,152,357.7376171797043,8,11,0.7272727272727273
558,11.402311016921885,16,7.846751667559147,414,357.72522213132845,6,8,0.75
360,7.3563296883367,16,7.846751667559147,252,357.70286870869677,8,13,0.6153846153846154
450,9.195412110420875,16,7.846751667559147,72,357.68699007993354,5,11,0.45454545454545453
422,8.623253134661354,16,7.846751667559147,128,357.67266689000155,7,11,0.6363636363636364
635,12.975748200260568,16,7.846751667559147,337,357.6721236393889,4,7,0.5714285714285714
468,9.56322859483771,16,7.846751667559147,36,357.6334515042317,6,10,0.6
458,9.358886103495024,16,7.846751667559147,56,357.5622909931549,7,10,0.7
584,11.93360149441287,16,7.846751667559147,388,357.5531578969994,4,8,0.5
120,2.4521098961122334,20,9.808439584448934,12,357.5501150240144,22,39,0.5641025641025641
603,12.321852227963973,16,7.846751667559147,369,357.51029968239357,4,8,0.5
576,11.77012750133872,20,9.808439584448934,399,357.4678578491218,3,8,0.375
101,2.06385916256113,20,9.808439584448934,63,357.4347433513389,23,46,0.5
461,9.42018885089783,16,7.846751667559147,50,357.42937502418,7,10,0.7
412,8.418910643318668,16,7.846751667559147,148,357.41969136120576,8,11,0.7272727272727273
593,12.117509736621287,16,7.846751667559147,379,357.4071979548183,5,8,0.625
484,9.890176580986008,16,7.846751667559147,4,357.403024488055,7,10,0.7
291,5.946366498072166,16,7.846751667559147,99,357.3832899202453,7,16,0.4375
421,8.602818885527086,16,7.846751667559147,130,357.35944235015415,7,11,0.6363636363636364
456,9.318017605226487,16,7.846751667559147,60,357.3530899937099,6,11,0.5454545454545454
353,7.21328994439682,16,7.846751667559147,266,357.3143357351483,9,13,0.6923076923076923
402,8.214568151975982,16,7.846751667559147,168,357.30371440460914,8,12,0.6666666666666666
305,6.232445985951927,16,7.846751667559147,57,357.30339459679215,9,16,0.5625
386,7.887620165827684,16,7.846751667559147,200,357.263706054716,8,12,0.6666666666666666
654,13.363998933811672,16,7.846751667559147,318,357.2490172252002,3,7,0.42857142857142855
346,7.07025020045694,16,7.846751667559147,280,357.2411158747773,9,13,0.6923076923076923
396,8.09196265717037,16,7.846751667559147,180,357.1491251264175,8,12,0.6666666666666666
92,1.8799509203527123,20,9.808439584448934,52,357.1313868503399,23,50,0.46
596,12.178812484024093,16,7.846751667559147,376,357.11705301992123,4,8,0.5
594,12.137943985755555,16,7.846751667559147,378,357.1121071588455,5,8,0.625
411,8.3984763941844,16,7.846751667559147,150,357.11190203420637,8,11,0.7272727272727273
188,3.841638837242499,16,7.846751667559147,32,357.0865677363063,10,25,0.4
582,11.892732996144332,16,7.846751667559147,390,357.0379027455595,4,8,0.5
467,9.542794345703442,16,7.846751667559147,38,357.01687546772666,6,10,0.6
359,7.335895439202432,16,7.846751667559147,254,356.94806662025366,8,13,0.6153846153846154
338,6.906776207382791,20,9.808439584448934,296,356.9338630892087,8,13,0.6153846153846154
345,7.049815951322671,16,7.846751667559147,282,356.8478854359878,9,13,0.6923076923076923
595,12.158378234889824,16,7.846751667559147,377,356.8400297005213,4,8,0.5
448,9.154543612152338,16,7.846751667559147,76,356.78965308039824,7,11,0.6363636363636364
356,7.274592691799626,16,7.846751667559147,260,356.77730575249535,8,13,0.6153846153846154
127,2.5951496400521137,20,9.808439584448934,83,356.76221067337667,18,36,0.5
357,7.295026940933894,16,7.846751667559147,258,356.7147932088623,8,13,0.6153846153846154
583,11.9131672452786,16,7.846751667559147,389,356.6984371466681,4,8,0.5
393,8.030659909767564,16,7.846751667559147,186,356.69738202053827,8,12,0.6666666666666666
673,13.752249667362776,20,9.808439584448934,299,356.66290744497843,4,7,0.5714285714285714
282,5.7624582558637485,16,7.846751667559147,126,356.6598079732509,7,16,0.4375
358,7.315461190068163,16,7.846751667559147,256,356.6292771099752,8,13,0.6153846153846154
485,9.910610830120277,16,7.846751667559147,2,356.5639315658117,6,10,0.6
446,9.1136751138838,16,7.846751667559147,80,356.5589597287924,7,11,0.6363636363636364
391,7.989791411499027,16,7.846751667559147,190,356.51429790893536,8,12,0.6666666666666666
479,9.788005335314665,16,7.846751667559147,14,356.47010631925065,6,10,0.6
451,9.215846359555144,16,7.846751667559147,70,356.46764702549,6,11,0.5454545454545454
687,14.038329155242536,16,7.846751667559147,285,356.401703860176,6,7,0.8571428571428571
652,13.323130435543135,16,7.846751667559147,320,356.3896176427614,5,7,0.7142857142857143
462,9.440623100032099,16,7.846751667559147,48,356.2938735720458,7,10,0.7
588,12.015338490949944,16,7.846751667559147,384,356.2845155263861,5,8,0.625
606,12.383154975366779,16,7.846751667559147,366,356.24982237760446,4,8,0.5
297,6.068971992877778,16,7.846751667559147,81,356.23872279817465,8,16,0.5
392,8.010225660633296,16,7.846751667559147,188,356.22447198298613,8,12,0.6666666666666666
364,7.438066684873775,16,7.846751667559147,244,356.20936826198863,10,13,0.7692307692307693
154,3.146874366677366,16,7.846751667559147,48,356.1808484163119,20,30,0.6666666666666666
447,9.13410936301807,16,7.846751667559147,78,356.13858944461094,7,11,0.6363636363636364
686,14.017894906108268,16,7.846751667559147,286,356.1075943960864,5,7,0.7142857142857143
404,8.25543665024452,16,7.846751667559147,164,356.1062950068156,7,12,0.5833333333333334
394,8.051094158901833,16,7.846751667559147,184,355.9738292350058,9,12,0.75
130,2.6564523874549195,20,9.808439584448934,62,355.9132790790706,21,36,0.5833333333333334
378,7.724146172753535,16,7.846751667559147,216,355.8828863833624,7,12,0.5833333333333334
88,1.7982139238156378,20,9.808439584448934,4,355.8344616439696,26,53,0.49056603773584906
672,13.731815418228507,20,9.808439584448934,300,355.8337773806696,4,7,0.5714285714285714
72,1.47126593766734,16,7.846751667559147,36,355.7976025649858,33,64,0.515625
231,4.720311550016049,16,7.846751667559147,48,355.7636829706339,11,20,0.55
445,9.093240864749532,16,7.846751667559147,82,355.7525414604993,6,11,0.5454545454545454
132,2.6973208857234567,20,9.808439584448934,48,355.73633847005647,17,35,0.4857142857142857
636,12.996182449394837,16,7.846751667559147,336,355.7331072601696,4,7,0.5714285714285714
604,12.342286477098241,16,7.846751667559147,368,355.6979986081019,4,8,0.5
213,4.352495065599214,20,9.808439584448934,120,355.6794243196853,13,22,0.5909090909090909
344,7.029381702188402,16,7.846751667559147,284,355.6563558593715,8,13,0.6153846153846154
566,11.565785009996034,16,7.846751667559147,406,355.6543516757076,4,8,0.5
187,3.8212045881082304,16,7.846751667559147,37,355.6320661420619,10,25,0.4
232,4.740745799150318,16,7.846751667559147,44,355.61008241564707,13,20,0.65
323,6.600262470368762,16,7.846751667559147,3,355.5625168811887,7,15,0.4666666666666667
105,2.1455961590982042,20,9.808439584448934,27,355.56207535066784,23,44,0.5227272727272727
298,6.089406242012046,16,7.846751667559147,78,355.5350423321988,7,16,0.4375
161,3.2899141106172465,16,7.846751667559147,6,355.49763643909097,15,29,0.5172413793103449
557,11.381876767787617,16,7.846751667559147,415,355.47367706227516,7,8,0.875
395,8.071528408036102,16,7.846751667559147,182,355.4702800934978,9,12,0.75
465,9.501925847434904,16,7.846751667559147,42,355.4488819919829,7,10,0.7
203,4.148152574256528,16,7.846751667559147,160,355.44738211579244,11,23,0.4782608695652174
554,11.32057402038481,16,7.846751667559147,418,355.3628979186026,7,8,0.875
664,13.568341425154358,20,9.808439584448934,308,355.32983232251416,4,7,0.5714285714285714
248,5.067693785298616,16,7.846751667559147,228,355.321508387732,9,18,0.5
413,8.439344892452937,16,7.846751667559147,146,355.2492802540265,9,11,0.8181818181818182
361,7.376763937470969,16,7.846751667559147,250,355.22879888568974,10,13,0.7692307692307693
162,3.310348359751515,16,7.846751667559147,0,355.21154912371884,17,29,0.5862068965517241
139,2.840360629663337,16,7.846751667559147,138,355.1820198642493,27,33,0.8181818181818182
390,7.9693571623647586,16,7.846751667559147,192,355.1554389130838,8,12,0.6666666666666666
419,8.561950387258548,16,7.846751667559147,134,355.12555244852564,9,11,0.8181818181818182
87,1.7777796746813692,20,9.808439584448934,15,355.1093837289574,27,54,0.5
340,6.947644705651328,20,9.808439584448934,292,355.1050639435233,9,13,0.6923076923076923
325,6.641130968637299,16,7.846751667559147,322,355.04016180317586,8,14,0.5714285714285714
247,5.047259536164347,16,7.846751667559147,231,354.9757370411797,9,18,0.5
175,3.575993598497007,16,7.846751667559147,97,354.953066608314,14,26,0.5384615384615384
589,12.035772740084212,16,7.846751667559147,383,354.9298717308863,6,8,0.75
262,5.353773273178376,16,7.846751667559147,186,354.92955485658945,9,17,0.5294117647058824
265,5.415076020581182,16,7.846751667559147,177,354.92880653734244,9,17,0.5294117647058824
249,5.088128034432884,16,7.846751667559147,225,354.8352554075735,10,18,0.5555555555555556
685,13.997460656973999,16,7.846751667559147,287,354.8339484460439,5,7,0.7142857142857143
592,12.097075487487018,16,7.846751667559147,380,354.78580112715616,6,8,0.75
605,12.36272072623251,16,7.846751667559147,367,354.7837365228615,4,8,0.5
473,9.665399840509053,16,7.846751667559147,26,354.76543797909665,5,10,0.5
165,3.371651107154321,20,9.808439584448934,147,354.7048914235047,15,28,0.5357142857142857
428,8.745858629466966,16,7.846751667559147,116,354.67971168820753,4,11,0.36363636363636365
104,2.1251619099639356,20,9.808439584448934,36,354.66975431586064,29,45,0.6444444444444445
414,8.459779141587205,16,7.846751667559147,144,354.66590594341955,9,11,0.8181818181818182
452,9.236280608689412,16,7.846751667559147,68,354.51688670645865,6,11,0.5454545454545454
355,7.254158442665357,16,7.846751667559147,262,354.4691241228802,9,13,0.6923076923076923
591,12.07664123835275,16,7.846751667559147,381,354.41698247280465,6,8,0.75
590,12.05620698921848,16,7.846751667559147,382,354.4166370761914,6,8,0.75
212,4.332060816464946,20,9.808439584448934,124,354.38360650424715,14,22,0.6363636363636364
478,9.767571086180396,16,7.846751667559147,16,354.367363192904,6,10,0.6
316,6.457222726428881,16,7.846751667559147,24,354.34148988341747,9,15,0.6
403,8.23500240111025,16,7.846751667559147,166,354.25606344290634,8,12,0.6666666666666666
245,5.00639103789581,16,7.846751667559147,237,354.2522542586235,10,18,0.5555555555555556
317,6.47765697556315,16,7.846751667559147,21,354.22052866025905,8,15,0.5333333333333333
354,7.2337241935310885,16,7.846751667559147,264,353.94284164945765,9,13,0.6923076923076923
684,13.97702640783973,16,7.846751667559147,288,353.8991899596682,5,7,0.7142857142857143
427,8.725424380332697,16,7.846751667559147,118,353.8161893481957,4,11,0.36363636363636365
264,5.3946417714469135,16,7.846751667559147,180,353.81445354548055,9,17,0.5294117647058824
343,7.008947453054134,16,7.846751667559147,286,353.7986517732181,7,13,0.5384615384615384
294,6.007669245474972,16,7.846751667559147,90,353.7614654864954,8,16,0.5
720,14.7126593766734,16,7.846751667559147,253,353.7019312666548,3,7,0.42857142857142855
556,11.361442518653348,16,7.846751667559147,416,353.66346088637357,7,8,0.875
555,11.34100826951908,16,7.846751667559147,417,353.63573268507383,7,8,0.875
322,6.579828221234493,16,7.846751667559147,6,353.6123531681397,7,15,0.4666666666666667
129,2.636018138320651,20,9.808439584448934,69,353.6033012925617,21,36,0.5833333333333334
80,1.634739930741489,20,9.808439584448934,12,353.5788366275883,33,58,0.5689655172413793
466,9.522360096569173,16,7.846751667559147,40,353.5614252966267,7,10,0.7
176,3.5964278476312757,16,7.846751667559147,92,353.5088493645037,13,26,0.5
238,4.86335129395593,20,9.808439584448934,20,353.39558214081285,13,20,0.65
267,5.455944518849719,16,7.846751667559147,171,353.33480559187547,9,17,0.5294117647058824
330,6.743302214308642,20,9.808439584448934,312,353.3036375679646,8,14,0.5714285714285714
192,3.9233758337795734,16,7.846751667559147,12,353.2542775464567,13,25,0.52
418,8.54151613812428,16,7.846751667559147,136,353.2217371138354,9,11,0.8181818181818182
251,5.1289965327014215,16,7.846751667559147,219,353.20489001076385,9,18,0.5
387,7.908054414961953,16,7.846751667559147,198,353.19996753928007,9,12,0.75
683,13.956592158705462,16,7.846751667559147,289,353.1663815264388,5,7,0.7142857142857143
442,9.031938117346726,16,7.846751667559147,88,353.1302628402867,7,11,0.6363636363636364
186,3.8007703389739618,16,7.846751667559147,42,353.10168385270185,12,25,0.48
415,8.480213390721474,16,7.846751667559147,142,353.0601983553128,9,11,0.8181818181818182
339,6.927210456517059,20,9.808439584448934,294,353.0505083933308,9,13,0.6923076923076923
642,13.118787944200449,16,7.846751667559147,330,353.02094293318777,5,7,0.7142857142857143
246,5.0268252870300785,16,7.846751667559147,234,353.0166561448645,9,18,0.5
178,3.637296345899813,16,7.846751667559147,82,352.92113160570347,12,26,0.46153846153846156
250,5.108562283567153,16,7.846751667559147,222,352.89052453945067,10,18,0.5555555555555556
227,4.638574553478975,20,9.808439584448934,64,352.86904013634484,13,21,0.6190476190476191
444,9.072806615615264,16,7.846751667559147,84,352.8566797804058,7,11,0.6363636363636364
423,8.643687383795623,16,7.846751667559147,126,352.8150074836957,6,11,0.5454545454545454
388,7.928488664096221,16,7.846751667559147,196,352.7913125108971,9,12,0.75
268,5.476378767983988,16,7.846751667559147,168,352.77180028264485,11,17,0.6470588235294118
295,6.02810349460924,16,7.846751667559147,87,352.7575274111452,8,16,0.5
199,4.066415577719454,16,7.846751667559147,176,352.75094568744316,11,23,0.4782608695652174
50,1.0217124567134306,20,9.808439584448934,22,352.7457577299562,53,93,0.5698924731182796
426,8.704990131198429,16,7.846751667559147,120,352.65625495353186,4,11,0.36363636363636365
302,6.171143238549121,16,7.846751667559147,66,352.6208004467485,7,16,0.4375
641,13.09835369506618,16,7.846751667559147,331,352.5734473860419,5,7,0.7142857142857143
443,9.052372366480995,16,7.846751667559147,86,352.5717298552932,6,11,0.5454545454545454
389,7.94892291323049,16,7.846751667559147,194,352.51205045503883,9,12,0.75
114,2.3295044013066217,20,9.808439584448934,60,352.3230570227458,21,41,0.5121951219512195
665,13.588775674288627,20,9.808439584448934,307,352.26688145838745,4,7,0.5714285714285714
671,13.711381169094238,20,9.808439584448934,301,352.2647380315305,5,7,0.7142857142857143
455,9.297583356092218,16,7.846751667559147,62,352.24662585708626,7,11,0.6363636363636364
454,9.27714910695795,16,7.846751667559147,64,352.23784343102835,6,11,0.5454545454545454
640,13.077919445931911,16,7.846751667559147,332,352.215212855693,5,7,0.7142857142857143
269,5.4968130171182565,16,7.846751667559147,165,352.199225917572,11,17,0.6470588235294118
682,13.936157909571193,16,7.846751667559147,290,352.18611460501984,5,7,0.7142857142857143
327,6.681999466905836,16,7.846751667559147,318,352.1133196885626,6,14,0.42857142857142855
342,6.988513203919865,16,7.846751667559147,288,352.08433427071714,7,13,0.5384615384615384
252,5.14943078183569,16,7.846751667559147,216,352.0809644576588,10,18,0.5555555555555556
201,4.107284075987991,16,7.846751667559147,168,352.04019426553816,10,23,0.43478260869565216
296,6.048537743743509,16,7.846751667559147,84,352.01987152603834,9,16,0.5625
453,9.256714857823681,16,7.846751667559147,66,352.015142402554,6,11,0.5454545454545454
270,5.517247266252525,16,7.846751667559147,162,351.97112473845755,11,17,0.6470588235294118
637,13.016616698529106,16,7.846751667559147,335,351.72671762449386,5,7,0.7142857142857143
216,4.41379781300202,16,7.846751667559147,108,351.69040858881175,11,21,0.5238095238095238
363,7.417632435739506,16,7.846751667559147,246,351.6865694473185,10,13,0.7692307692307693
180,3.67816484416835,16,7.846751667559147,72,351.66160676281254,13,26,0.5
177,3.6168620967655443,16,7.846751667559147,87,351.6491659812341,12,26,0.46153846153846156
184,3.7599018407054245,16,7.846751667559147,52,351.6468973002184,13,25,0.52
210,4.2911923181964085,16,7.846751667559147,132,351.5146435983495,12,22,0.5454545454545454
337,6.886341958248522,20,9.808439584448934,298,351.48686232073055,6,13,0.46153846153846156
670,13.69094691995997,20,9.808439584448934,302,351.47587013082284,5,7,0.7142857142857143
204,4.168586823390797,16,7.846751667559147,156,351.4615765201575,12,22,0.5454545454545454
326,6.661565217771567,16,7.846751667559147,320,351.4600283087914,8,14,0.5714285714285714
209,4.27075806906214,16,7.846751667559147,136,351.4301178353495,15,22,0.6818181818181818
416,8.500647639855742,16,7.846751667559147,140,351.39334381334186,9,11,0.8181818181818182
281,5.74202400672948,16,7.846751667559147,129,351.26020849913516,9,17,0.5294117647058824
266,5.435510269715451,16,7.846751667559147,174,351.238490336145,9,17,0.5294117647058824
639,13.057485196797643,16,7.846751667559147,333,351.22766907187116,5,7,0.7142857142857143
303,6.191577487683389,16,7.846751667559147,63,351.22461321522115,7,16,0.4375
659,13.466170179483015,16,7.846751667559147,313,351.09183454561133,3,7,0.42857142857142855
193,3.943810082913842,16,7.846751667559147,7,351.01454537807774,12,24,0.5
681,13.915723660436925,16,7.846751667559147,291,350.99248956117776,5,7,0.7142857142857143
331,6.7637364634429105,20,9.808439584448934,310,350.96234653143256,7,14,0.5
577,11.790561750472989,16,7.846751667559147,396,350.94224169653944,3,8,0.375
417,8.521081888990011,16,7.846751667559147,138,350.9008360811591,9,11,0.8181818181818182
205,4.189021072525065,16,7.846751667559147,152,350.88950737216686,12,22,0.5454545454545454
253,5.169865030969959,16,7.846751667559147,213,350.8851001517765,10,18,0.5555555555555556
202,4.12771832512226,16,7.846751667559147,164,350.87692423661287,9,23,0.391304347826087
669,13.670512670825701,20,9.808439584448934,303,350.7584410482893,5,7,0.7142857142857143
274,5.5989842627896,16,7.846751667559147,150,350.7194599798165,11,17,0.6470588235294118
160,3.269479861482978,16,7.846751667559147,12,350.69872624863143,16,29,0.5517241379310345
638,13.037050947663374,16,7.846751667559147,334,350.62032604551496,5,7,0.7142857142857143
163,3.3307826088857837,16,7.846751667559147,157,350.60356915615284,15,28,0.5357142857142857
195,3.9846785811823793,16,7.846751667559147,192,350.57846925300026,11,23,0.4782608695652174
362,7.397198186605237,16,7.846751667559147,248,350.4595029570223,11,13,0.8461538461538461
309,6.314182982489001,16,7.846751667559147,45,350.44740911289233,10,15,0.6666666666666666
666,13.609209923422895,20,9.808439584448934,306,350.326261279552,4,7,0.5714285714285714
474,9.685834089643322,16,7.846751667559147,24,350.27110640125306,7,10,0.7
263,5.374207522312645,16,7.846751667559147,183,350.26689327788904,11,17,0.6470588235294118
283,5.782892504998017,16,7.846751667559147,123,350.2248361170703,7,16,0.4375
243,4.965522539627273,16,7.846751667559147,0,350.0652259207349,12,20,0.6
137,2.7994921313948,20,9.808439584448934,15,350.0429925623135,24,34,0.7058823529411765
86,1.7573454255471006,20,9.808439584448934,26,349.99635513758767,29,54,0.5370370370370371
225,4.597706055210438,20,9.808439584448934,72,349.9067601863369,10,21,0.47619047619047616
668,13.650078421691433,20,9.808439584448934,304,349.882089564729,5,7,0.7142857142857143
275,5.619418511923868,16,7.846751667559147,147,349.8583748989063,12,17,0.7058823529411765
172,3.514690851094201,16,7.846751667559147,112,349.7414080473145,16,27,0.5925925925925926
719,14.692225127539132,20,9.808439584448934,257,349.73426952213003,3,7,0.42857142857142855
211,4.311626567330677,16,7.846751667559147,128,349.6650356505734,13,22,0.5909090909090909
578,11.810995999607258,16,7.846751667559147,395,349.6065335546012,3,8,0.375
667,13.629644172557164,20,9.808439584448934,305,349.58734289833654,4,7,0.5714285714285714
660,13.486604428617284,16,7.846751667559147,312,349.53417310965784,3,7,0.42857142857142855
235,4.802048546553124,16,7.846751667559147,32,349.5230964515694,12,20,0.6
158,3.2286113632144406,16,7.846751667559147,24,349.51076691929745,20,30,0.6666666666666666
82,1.6756084290100262,20,9.808439584448934,70,349.4481024468196,29,56,0.5178571428571429
236,4.822482795687392,16,7.846751667559147,28,349.43848232830146,12,20,0.6
117,2.3908071487094276,20,9.808439584448934,36,349.3892132691182,25,40,0.625
272,5.558115764521062,16,7.846751667559147,156,349.3515968467277,11,17,0.6470588235294118
198,4.045981328585185,16,7.846751667559147,180,349.24249041603196,12,23,0.5217391304347826
328,6.702433716040105,16,7.846751667559147,316,348.7810882121732,6,14,0.42857142857142855
240,4.904219792224467,16,7.846751667559147,12,348.6528164943933,11,20,0.55
230,4.699877300881781,16,7.846751667559147,52,348.56417470215007,13,20,0.65
477,9.747136837046128,16,7.846751667559147,18,348.483897947528,7,10,0.7
128,2.6155838891863823,20,9.808439584448934,76,348.4798289405178,22,36,0.6111111111111112
173,3.53512510022847,16,7.846751667559147,107,348.43536725682594,18,27,0.6666666666666666
273,5.578550013655331,16,7.846751667559147,153,348.3620375253746,12,17,0.7058823529411765
233,4.7611800482845865,16,7.846751667559147,40,348.2912591181612,13,20,0.65
218,4.454666311270557,16,7.846751667559147,100,348.2705861308972,10,21,0.47619047619047616
185,3.780336089839693,16,7.846751667559147,47,348.1950579782012,14,25,0.56
260,5.312904774909839,16,7.846751667559147,192,348.16780661380204,12,18,0.6666666666666666
661,13.507038677751552,16,7.846751667559147,311,347.9059670388752,3,7,0.42857142857142855
257,5.251602027507033,16,7.846751667559147,201,347.8954675895436,11,18,0.6111111111111112
234,4.781614297418855,16,7.846751667559147,36,347.8186963272143,13,20,0.65
258,5.272036276641302,16,7.846751667559147,198,347.7949092352964,12,18,0.6666666666666666
168,3.4329538545571268,20,9.808439584448934,132,347.76564559922883,16,27,0.5925925925925926
207,4.229889570793603,16,7.846751667559147,144,347.7192939988825,17,22,0.7727272727272727
208,4.250323819927871,16,7.846751667559147,140,347.7015459215704,15,22,0.6818181818181818
261,5.333339024044108,16,7.846751667559147,189,347.69179435810497,12,18,0.6666666666666666
206,4.209455321659334,16,7.846751667559147,148,347.605973363729,13,22,0.5909090909090909
475,9.70626833877759,16,7.846751667559147,22,347.4201680762905,7,10,0.7
93,1.9003851694869809,20,9.808439584448934,42,347.41741388891336,25,50,0.5
215,4.3933635638677515,16,7.846751667559147,112,347.39653385525816,11,22,0.5
164,3.3512168580200523,16,7.846751667559147,152,347.3691439204808,14,28,0.5
271,5.537681515386794,16,7.846751667559147,159,347.35245676071014,12,17,0.7058823529411765
194,3.9642443320481107,16,7.846751667559147,2,347.3053251761857,12,24,0.5
341,6.968078954785597,16,7.846751667559147,290,347.2731703016132,8,13,0.6153846153846154
321,6.559393972100224,16,7.846751667559147,9,347.0157968239532,9,15,0.6
59,1.205620698921848,20,9.808439584448934,28,347.00245452740955,36,79,0.45569620253164556
146,2.9834003736032173,12,5.88506375066936,96,346.9610819754305,16,32,0.5
142,2.901663377066143,12,5.88506375066936,120,346.84660926959026,10,32,0.3125
276,5.639852761058137,16,7.846751667559147,144,346.79891833490103,12,17,0.7058823529411765
77,1.573437183338683,16,7.846751667559147,48,346.77923815959036,35,60,0.5833333333333334
336,6.8659077091142535,20,9.808439584448934,300,346.6340547398262,7,13,0.5384615384615384
133,2.7177551348577254,20,9.808439584448934,41,346.601770812796,19,35,0.5428571428571428
226,4.618140304344706,20,9.808439584448934,68,346.5838869504701,13,21,0.6190476190476191
476,9.72670258791186,16,7.846751667559147,20,346.44939518684504,7,10,0.7
662,13.527472926885821,16,7.846751667559147,310,346.40319081998547,3,7,0.42857142857142855
171,3.4942566019599326,16,7.846751667559147,117,346.2106187524358,15,27,0.5555555555555556
424,8.664121632929891,16,7.846751667559147,124,346.15419042072216,7,11,0.6363636363636364
280,5.721589757595211,16,7.846751667559147,132,346.1454282409134,12,17,0.7058823529411765
103,2.104727660829667,20,9.808439584448934,45,345.95734471890285,26,45,0.5777777777777777
91,1.8595166712184437,20,9.808439584448934,62,345.86264637130574,32,51,0.6274509803921569
99,2.0229906642925926,16,7.846751667559147,81,345.8619346488422,23,46,0.5
217,4.434232062136289,16,7.846751667559147,104,345.7275354925928,14,21,0.6666666666666666
65,1.3282261937274598,20,9.808439584448934,62,345.70461640023484,36,71,0.5070422535211268
196,4.005112830316648,16,7.846751667559147,188,345.6857201780889,12,23,0.5217391304347826
200,4.086849826853722,16,7.846751667559147,172,345.67721297376295,12,23,0.5217391304347826
221,4.515969058673363,20,9.808439584448934,88,345.6634665480052,12,21,0.5714285714285714
241,4.924654041358735,16,7.846751667559147,8,345.45586729656617,13,20,0.65
229,4.679443051747512,16,7.846751667559147,56,345.4526559301708,13,20,0.65
189,3.8620730863767676,16,7.846751667559147,27,345.33892040894096,13,25,0.52
166,3.3920853562885895,20,9.808439584448934,142,344.9895810443447,16,28,0.5714285714285714
320,6.538959722965956,16,7.846751667559147,12,344.67581463452404,10,15,0.6666666666666666
332,6.784170712577179,20,9.808439584448934,308,344.6658455353084,7,14,0.5
254,5.190299280104227,16,7.846751667559147,210,344.61298447269706,10,18,0.5555555555555556
70,1.4303974393988028,16,7.846751667559147,62,344.40075413463506,39,66,0.5909090909090909
676,13.813552414765581,16,7.846751667559147,296,344.3841357113528,4,7,0.5714285714285714
197,4.0255470794509165,16,7.846751667559147,184,344.3639483515998,14,23,0.6086956521739131
94,1.9208194186212495,20,9.808439584448934,32,344.27799443844117,23,49,0.46938775510204084
219,4.475100560404826,16,7.846751667559147,96,344.17501592942375,9,21,0.42857142857142855
122,2.4929783943807706,16,7.846751667559147,118,344.16413810743825,22,38,0.5789473684210527
677,13.83398666389985,16,7.846751667559147,295,343.9418856907886,5,7,0.7142857142857143
425,8.68455588206416,16,7.846751667559147,122,343.89130661408376,5,11,0.45454545454545453
147,3.003834622737486,12,5.88506375066936,90,343.83971631785863,16,31,0.5161290322580645
181,3.6985990933026187,16,7.846751667559147,67,343.8141375940317,16,26,0.6153846153846154
79,1.6143056816072203,20,9.808439584448934,24,343.7462809504417,37,59,0.6271186440677966
121,2.472544145246502,20,9.808439584448934,4,343.7371714209842,23,39,0.5897435897435898
329,6.722867965174373,16,7.846751667559147,314,343.443897754087,6,14,0.42857142857142855
190,3.882507335511036,16,7.846751667559147,22,343.36953216606594,15,25,0.6
675,13.793118165631313,16,7.846751667559147,297,343.2322881945591,4,7,0.5714285714285714
58,1.1851864497875795,20,9.808439584448934,44,343.19297995931015,41,80,0.5125
259,5.29247052577557,16,7.846751667559147,195,343.14453052241976,13,18,0.7222222222222222
318,6.4980912246974185,16,7.846751667559147,18,343.09032277026125,9,15,0.6
630,12.873576954589225,12,5.88506375066936,342,343.0854925034881,3,7,0.42857142857142855
629,12.853142705454957,12,5.88506375066936,343,342.97704692136534,3,7,0.42857142857142855
224,4.577271806076169,20,9.808439584448934,76,342.972884519294,12,21,0.5714285714285714
124,2.533846892649308,16,7.846751667559147,104,342.9165986595352,18,37,0.4864864864864865
678,13.854420913034119,16,7.846751667559147,294,342.8783404382308,5,7,0.7142857142857143
628,12.832708456320688,12,5.88506375066936,344,342.67629643249376,3,7,0.42857142857142855
631,12.894011203723494,12,5.88506375066936,341,342.644699326119,3,7,0.42857142857142855
75,1.5325686850701459,20,9.808439584448934,72,342.6176746510338,32,61,0.5245901639344263
730,14.917001868016087,12,5.88506375066936,242,342.5398141342121,5,7,0.7142857142857143
239,4.883785543090198,16,7.846751667559147,16,342.4373769435743,12,20,0.6
627,12.81227420718642,12,5.88506375066936,345,342.4286633629475,3,7,0.42857142857142855
54,1.103449453250505,20,9.808439584448934,0,342.39077108248165,48,86,0.5581395348837209
183,3.739467591571156,16,7.846751667559147,57,342.38832425753714,17,26,0.6538461538461539
335,6.845473459979985,20,9.808439584448934,302,342.3164814544424,8,13,0.6153846153846154
228,4.6590088026132435,16,7.846751667559147,60,342.2657766178082,13,21,0.6190476190476191
731,14.937436117150355,12,5.88506375066936,241,342.0719970834994,5,7,0.7142857142857143
119,2.431675646977965,20,9.808439584448934,20,342.0569877618469,22,39,0.5641025641025641
191,3.902941584645305,16,7.846751667559147,17,342.0202027838307,16,25,0.64
49,1.001278207579162,20,9.808439584448934,41,342.0197277807496,48,94,0.5106382978723404
277,5.660287010192405,16,7.846751667559147,141,341.97903781918416,14,17,0.8235294117647058
179,3.6577305950340815,16,7.846751667559147,77,341.9740075545964,14,26,0.5384615384615384
159,3.2490456123487093,16,7.846751667559147,18,341.94391583165503,17,30,0.5666666666666667
674,13.772683916497044,16,7.846751667559147,298,341.9305995708894,4,7,0.5714285714285714
697,14.242671646585222,12,5.88506375066936,275,341.80939617200124,6,7,0.8571428571428571
626,12.791839958052151,12,5.88506375066936,346,341.7246211707714,3,7,0.42857142857142855
625,12.771405708917882,12,5.88506375066936,347,341.5087465138888,3,7,0.42857142857142855
634,12.9553139511263,12,5.88506375066936,338,341.4955286851587,3,7,0.42857142857142855
624,12.750971459783614,12,5.88506375066936,348,341.4660937963391,3,7,0.42857142857142855
63,1.2873576954589225,20,9.808439584448934,27,341.45086425777924,40,74,0.5405405405405406
729,14.896567618881818,12,5.88506375066936,243,341.3668504368923,5,7,0.7142857142857143
694,14.181368899182416,12,5.88506375066936,278,341.36303525783126,5,7,0.7142857142857143
279,5.701155508460943,16,7.846751667559147,135,341.3474539171202,14,17,0.8235294117647058
487,9.951479328388814,12,5.88506375066936,485,341.3467183670376,5,9,0.5555555555555556
732,14.957870366284624,12,5.88506375066936,240,341.3459721391538,5,7,0.7142857142857143
107,2.1864646573667414,20,9.808439584448934,9,341.2454316957876,26,44,0.5909090909090909
89,1.8186481729499064,16,7.846751667559147,82,341.2334670759388,26,52,0.5
680,13.895289411302656,16,7.846751667559147,292,341.19559317702715,6,7,0.8571428571428571
528,10.789283542893827,12,5.88506375066936,444,341.1410154717433,4,8,0.5
220,4.495534809539095,16,7.846751667559147,92,341.13393035652103,10,21,0.47619047619047616
622,12.710102961515076,12,5.88506375066936,350,341.1192589033931,4,7,0.5714285714285714
135,2.7586236331262626,20,9.808439584448934,27,341.09164033270355,18,35,0.5142857142857142
150,3.0651373701402918,12,5.88506375066936,72,341.08026955437236,13,31,0.41935483870967744
76,1.5530029342044145,16,7.846751667559147,60,341.0543116240855,35,61,0.5737704918032787
73,1.4917001868016087,16,7.846751667559147,23,341.04154187566894,34,64,0.53125
109,2.2273331556352787,16,7.846751667559147,100,341.01080687476485,19,42,0.4523809523809524
78,1.5938714324729517,16,7.846751667559147,36,340.9821436872336,34,59,0.576271186440678
529,10.809717792028096,12,5.88506375066936,443,340.8496815561257,4,8,0.5
693,14.160934650048148,12,5.88506375066936,279,340.82156248957295,5,7,0.7142857142857143
157,3.208177114080172,12,5.88506375066936,30,340.81825686198613,14,30,0.4666666666666667
696,14.222237397450954,12,5.88506375066936,276,340.7949204320157,6,7,0.8571428571428571
623,12.730537210649345,12,5.88506375066936,349,340.7830141773087,4,7,0.5714285714285714
110,2.2477674047695473,20,9.808439584448934,92,340.7621863099095,23,42,0.5476190476190477
679,13.874855162168387,16,7.846751667559147,293,340.7379475682335,6,7,0.8571428571428571
242,4.945088290493004,16,7.846751667559147,4,340.72171740932447,14,20,0.7
698,14.263105895719491,12,5.88506375066936,274,340.694364616801,6,7,0.8571428571428571
432,8.82759562600404,12,5.88506375066936,108,340.64108499393024,3,11,0.2727272727272727
145,2.9629661244689487,12,5.88506375066936,102,340.549013318029,16,32,0.5
524,10.707546546356753,12,5.88506375066936,448,340.5483818754076,5,8,0.625
530,10.830152041162364,12,5.88506375066936,442,340.5449901797589,4,8,0.5
523,10.687112297222484,12,5.88506375066936,449,340.51113919645525,5,9,0.5555555555555556
431,8.807161376869772,12,5.88506375066936,110,340.50489843185295,3,11,0.2727272727272727
255,5.210733529238496,16,7.846751667559147,207,340.4424305668588,12,18,0.6666666666666666
633,12.934879701992031,12,5.88506375066936,339,340.41847809171367,4,7,0.5714285714285714
319,6.518525473831687,16,7.846751667559147,15,340.41398221622114,10,15,0.6666666666666666
314,6.416354228160344,12,5.88506375066936,30,340.29892517647636,6,15,0.4
632,12.914445452857763,12,5.88506375066936,340,340.2522234370722,4,7,0.5714285714285714
695,14.201803148316685,12,5.88506375066936,277,340.24705030548404,6,7,0.8571428571428571
525,10.727980795491021,12,5.88506375066936,447,340.21111929739334,5,8,0.625
621,12.689668712380808,12,5.88506375066936,351,340.1339631388273,5,7,0.7142857142857143
123,2.5134126435150392,16,7.846751667559147,111,340.1324015145431,19,37,0.5135135135135135
522,10.666678048088215,12,5.88506375066936,450,340.0618892257044,7,9,0.7777777777777778
284,5.803326754132286,12,5.88506375066936,120,340.04208431571635,3,16,0.1875
526,10.74841504462529,12,5.88506375066936,446,339.9589171824179,5,8,0.625
521,10.646243798953947,12,5.88506375066936,451,339.9268360798787,7,9,0.7777777777777778
278,5.680721259326674,16,7.846751667559147,138,339.84451265821565,15,17,0.8823529411764706
733,14.978304615418892,12,5.88506375066936,239,339.76237352253173,4,6,0.6666666666666666
287,5.8646295015350915,12,5.88506375066936,111,339.66808681846084,4,16,0.25
708,14.467448387062177,12,5.88506375066936,264,339.63086583924684,3,7,0.42857142857142855
285,5.823761003266554,12,5.88506375066936,117,339.59060977047136,3,16,0.1875
709,14.487882636196446,12,5.88506375066936,263,339.58181616941243,3,7,0.42857142857142855
288,5.88506375066936,12,5.88506375066936,108,339.57317956743947,4,16,0.25
734,14.998738864553161,12,5.88506375066936,238,339.5663782514348,4,6,0.6666666666666666
527,10.768849293759558,12,5.88506375066936,445,339.5450928143164,6,8,0.75
286,5.844195252400823,12,5.88506375066936,114,339.54117458839903,3,16,0.1875
495,10.114953321462963,12,5.88506375066936,477,339.5087168970849,4,9,0.4444444444444444
496,10.135387570597231,12,5.88506375066936,476,339.5061355761755,4,9,0.4444444444444444
430,8.786727127735503,12,5.88506375066936,112,339.4970745259408,4,11,0.36363636363636365
488,9.971913577523082,12,5.88506375066936,484,339.49306412704027,5,9,0.5555555555555556
494,10.094519072328694,12,5.88506375066936,478,339.4759397713565,4,9,0.4444444444444444
615,12.567063217575196,12,5.88506375066936,357,339.4180467496803,4,7,0.5714285714285714
131,2.676886636589188,16,7.846751667559147,55,339.4114620434612,18,35,0.5142857142857142
663,13.54790717602009,16,7.846751667559147,309,339.37258018928384,5,7,0.7142857142857143
512,10.46233555674553,12,5.88506375066936,460,339.31259486481815,6,9,0.6666666666666666
673,13.752249667362776,16,7.846751667559147,299,339.3016811432116,5,7,0.7142857142857143
704,14.385711390525103,12,5.88506375066936,268,339.3012613002335,4,7,0.5714285714285714
510,10.421467058476992,12,5.88506375066936,462,339.23368021988114,6,9,0.6666666666666666
256,5.231167778372765,16,7.846751667559147,204,339.22685679703744,12,18,0.6666666666666666
705,14.406145639659371,12,5.88506375066936,267,339.19508809884934,4,7,0.5714285714285714
429,8.766292878601234,12,5.88506375066936,114,339.1911958570363,3,11,0.2727272727272727
433,8.848029875138309,12,5.88506375066936,106,339.1861086845568,4,11,0.36363636363636365
707,14.447014137927908,12,5.88506375066936,265,339.1570734912392,3,7,0.42857142857142855
513,10.482769805879798,12,5.88506375066936,459,339.13434897253126,6,9,0.6666666666666666
334,6.825039210845716,20,9.808439584448934,304,339.1257261174954,8,13,0.6153846153846154
125,2.5542811417835765,16,7.846751667559147,97,339.1115541288071,17,37,0.4594594594594595
619,12.64880021411227,12,5.88506375066936,353,339.07046736117536,4,7,0.5714285714285714
616,12.587497466709465,12,5.88506375066936,356,339.05405746283236,4,7,0.5714285714285714
81,1.6551741798757575,16,7.846751667559147,0,339.0537960582236,34,58,0.5862068965517241
511,10.44190130761126,12,5.88506375066936,461,339.0432329797428,6,9,0.6666666666666666
333,6.804604961711448,20,9.808439584448934,306,339.03859067470506,7,13,0.5384615384615384
90,1.839082422084175,16,7.846751667559147,72,339.00845743445166,27,51,0.5294117647058824
711,14.528751134464983,12,5.88506375066936,261,338.9816939622122,3,7,0.42857142857142855
141,2.8812291279318742,12,5.88506375066936,126,338.962839223686,18,32,0.5625
97,1.9821221660240553,20,9.808439584448934,2,338.95812020307505,25,48,0.5208333333333334
710,14.508316885330714,12,5.88506375066936,262,338.92678586345284,3,7,0.42857142857142855
618,12.628365964978002,12,5.88506375066936,354,338.89592793355274,4,7,0.5714285714285714
167,3.412519605422858,20,9.808439584448934,137,338.8905063879131,17,27,0.6296296296296297
620,12.66923446324654,12,5.88506375066936,352,338.8865752869329,4,7,0.5714285714285714
539,11.014060283370782,12,5.88506375066936,433,338.86670196516735,4,8,0.5
706,14.42657988879364,12,5.88506375066936,266,338.8621176337334,4,7,0.5714285714285714
617,12.607931715843733,12,5.88506375066936,355,338.8111521845388,4,7,0.5714285714285714
508,10.380598560208455,12,5.88506375066936,464,338.7521980953716,5,9,0.5555555555555556
721,14.733093625807669,12,5.88506375066936,251,338.7133601733619,4,7,0.5714285714285714
509,10.401032809342723,12,5.88506375066936,463,338.6638047072942,6,9,0.6666666666666666
100,2.043424913426861,16,7.846751667559147,72,338.6607701611589,26,46,0.5652173913043478
672,13.731815418228507,16,7.846751667559147,300,338.6577633311236,5,7,0.7142857142857143
347,7.090684449591208,12,5.88506375066936,278,338.630307059941,7,13,0.5384615384615384
699,14.28354014485376,12,5.88506375066936,273,338.62071155050216,6,7,0.8571428571428571
374,7.642409176216461,12,5.88506375066936,224,338.59188387759167,4,12,0.3333333333333333
491,10.033216324925888,12,5.88506375066936,481,338.5442208798247,4,9,0.4444444444444444
376,7.683277674484998,12,5.88506375066936,220,338.5200548721124,4,12,0.3333333333333333
375,7.662843425350729,12,5.88506375066936,222,338.4855790874227,4,12,0.3333333333333333
490,10.01278207579162,12,5.88506375066936,482,338.44638315916444,4,9,0.4444444444444444
493,10.074084823194426,12,5.88506375066936,479,338.41968527287924,4,9,0.4444444444444444
348,7.111118698725477,12,5.88506375066936,276,338.36927095741015,8,13,0.6153846153846154
514,10.503204055014066,12,5.88506375066936,458,338.3679161862195,6,9,0.6666666666666666
515,10.523638304148335,12,5.88506375066936,457,338.28691379863847,7,9,0.7777777777777778
116,2.370372899575159,16,7.846751667559147,44,338.2713627200201,21,40,0.525
74,1.5121344359358773,20,9.808439584448934,10,338.2058104240004,38,63,0.6031746031746031
537,10.973191785102244,12,5.88506375066936,435,338.1342156858298,5,8,0.625
516,10.544072553282604,12,5.88506375066936,456,338.1264651906555,8,9,0.8888888888888888
535,10.932323286833707,12,5.88506375066936,437,338.1105026297762,5,8,0.625
434,8.868464124272577,12,5.88506375066936,104,338.09830404850953,5,11,0.45454545454545453
498,10.176256068865769,12,5.88506375066936,474,338.0897320780514,6,9,0.6666666666666666
538,10.993626034236513,12,5.88506375066936,434,337.99372256748757,5,8,0.625
536,10.952757535967976,12,5.88506375066936,436,337.97520693832206,5,8,0.625
648,13.24139343900606,12,5.88506375066936,324,337.974315577531,4,7,0.5714285714285714
533,10.89145478856517,12,5.88506375066936,439,337.93342208980425,4,8,0.5
492,10.053650574060157,12,5.88506375066936,480,337.9146562016233,4,9,0.4444444444444444
534,10.911889037699439,12,5.88506375066936,438,337.8998706500695,4,8,0.5
289,5.905497999803629,12,5.88506375066936,105,337.8841600848642,4,16,0.25
71,1.4508316885330714,16,7.846751667559147,49,337.84034697176327,38,65,0.5846153846153846
182,3.7190333424368873,16,7.846751667559147,62,337.822411789353,16,26,0.6153846153846154
489,9.992347826657351,12,5.88506375066936,483,337.79702306534494,4,9,0.4444444444444444
532,10.871020539430901,12,5.88506375066936,440,337.7907690368856,4,8,0.5
497,10.1558218197315,12,5.88506375066936,475,337.7889949939976,6,9,0.6666666666666666
564,11.524916511727497,12,5.88506375066936,408,337.76415889736944,4,8,0.5
540,11.03449453250505,12,5.88506375066936,432,337.7113927872727,5,8,0.625
440,8.99106961907819,12,5.88506375066936,92,337.68799548744835,5,11,0.45454545454545453
611,12.485326221038122,12,5.88506375066936,361,337.67973780466554,4,7,0.5714285714285714
436,8.909332622541115,12,5.88506375066936,100,337.6335043730434,4,11,0.36363636363636365
643,13.139222193334717,12,5.88506375066936,329,337.6280022507986,4,7,0.5714285714285714
722,14.753527874941938,12,5.88506375066936,250,337.62181501377563,4,7,0.5714285714285714
612,12.50576047017239,12,5.88506375066936,360,337.6185674040656,4,7,0.5714285714285714
504,10.29886156367138,12,5.88506375066936,468,337.4821854215594,6,9,0.6666666666666666
503,10.278427314537112,12,5.88506375066936,469,337.47224341179174,6,9,0.6666666666666666
506,10.339730061939918,12,5.88506375066936,466,337.4659704764297,6,9,0.6666666666666666
647,13.220959189871792,12,5.88506375066936,325,337.4362432114816,4,7,0.5714285714285714
365,7.458500934008043,12,5.88506375066936,242,337.43074459646436,9,13,0.6923076923076923
439,8.97063536994392,12,5.88506375066936,94,337.42051111016343,4,11,0.36363636363636365
118,2.411241397843696,16,7.846751667559147,28,337.3738420378745,22,40,0.55
599,12.240115231426898,12,5.88506375066936,373,337.37348305482595,3,8,0.375
563,11.504482262593228,12,5.88506375066936,409,337.3516673894312,4,8,0.5
223,4.5568375569419,20,9.808439584448934,80,337.33071015932,14,21,0.6666666666666666
126,2.574715390917845,16,7.846751667559147,90,337.3271602752529,18,37,0.4864864864864865
120,2.4521098961122334,16,7.846751667559147,12,337.29279455339247,22,39,0.5641025641025641
610,12.464891971903853,12,5.88506375066936,362,337.27186721335534,4,8,0.5
579,11.831430248741526,12,5.88506375066936,393,337.2636954763777,3,8,0.375
481,9.828873833583202,12,5.88506375066936,10,337.2634775845393,5,10,0.5
531,10.850586290296633,12,5.88506375066936,441,337.26293966079663,4,8,0.5
349,7.1315529478597455,12,5.88506375066936,274,337.2535251147689,9,13,0.6923076923076923
237,4.842917044821661,16,7.846751667559147,24,337.2370600765823,15,20,0.75
609,12.444457722769585,12,5.88506375066936,363,337.2319512511242,4,8,0.5
598,12.21968098229263,12,5.88506375066936,374,337.2137335605155,3,8,0.375
600,12.260549480561167,12,5.88506375066936,372,337.1785469059979,3,8,0.375
613,12.526194719306659,12,5.88506375066936,359,337.16627372546054,4,7,0.5714285714285714
313,6.3959199790260755,12,5.88506375066936,33,337.1584893637251,8,15,0.5333333333333333
138,2.8199263805290684,16,7.846751667559147,7,337.1527657951511,26,34,0.7647058823529411
170,3.473822352825664,16,7.846751667559147,122,337.1037495196894,17,27,0.6296296296296297
149,3.044703121006023,12,5.88506375066936,78,337.0246059205529,16,31,0.5161290322580645
108,2.20689890650101,16,7.846751667559147,0,337.023132589906,23,43,0.5348837209302325
608,12.424023473635316,12,5.88506375066936,364,336.9233113393612,4,8,0.5
435,8.888898373406846,12,5.88506375066936,102,336.89911418148296,5,11,0.45454545454545453
664,13.568341425154358,16,7.846751667559147,308,336.83932998555576,4,7,0.5714285714285714
472,9.644965591374785,12,5.88506375066936,28,336.8299948148864,4,10,0.4
471,9.624531342240516,12,5.88506375066936,30,336.79970748502154,4,10,0.4
505,10.319295812805649,12,5.88506375066936,467,336.7937802013933,6,9,0.6666666666666666
544,11.116231529042125,12,5.88506375066936,428,336.7627698580497,5,8,0.625
507,10.360164311074186,12,5.88506375066936,465,336.74178403771714,6,9,0.6666666666666666
597,12.199246733158361,12,5.88506375066936,375,336.7358393042175,3,8,0.375
366,7.478935183142312,12,5.88506375066936,240,336.7343714455938,9,13,0.6923076923076923
728,14.87613336974755,12,5.88506375066936,244,336.73135469243243,6,7,0.8571428571428571
127,2.5951496400521137,16,7.846751667559147,83,336.7118607511971,18,36,0.5
562,11.48404801345896,12,5.88506375066936,410,336.69711880703494,4,8,0.5
646,13.200524940737523,12,5.88506375066936,326,336.68603445261766,4,7,0.5714285714285714
214,4.372929314733483,16,7.846751667559147,116,336.6842579873442,14,22,0.6363636363636364
545,11.136665778176393,12,5.88506375066936,427,336.62299646913044,5,8,0.625
338,6.906776207382791,16,7.846751667559147,296,336.56688388237995,8,13,0.6153846153846154
502,10.257993065402843,12,5.88506375066936,470,336.5523763488499,6,9,0.6666666666666666
115,2.3499386504408903,16,7.846751667559147,52,336.54672531683025,24,40,0.6
213,4.352495065599214,16,7.846751667559147,120,336.5450620995723,14,22,0.6363636363636364
312,6.375485729891807,12,5.88506375066936,36,336.5308238016764,8,15,0.5333333333333333
700,14.303974393988028,12,5.88506375066936,272,336.51898577155526,6,7,0.8571428571428571
222,4.536403307807632,20,9.808439584448934,84,336.50174784868057,13,21,0.6190476190476191
499,10.196690318000037,12,5.88506375066936,473,336.4213991402732,6,9,0.6666666666666666
373,7.621974927082192,12,5.88506375066936,226,336.3897232467372,7,12,0.5833333333333334
92,1.8799509203527123,16,7.846751667559147,52,336.36938266553165,24,50,0.48
134,2.738189383991994,20,9.808439584448934,34,336.3529935518596,20,35,0.5714285714285714
520,10.625809549819678,12,5.88506375066936,452,336.3524666312711,8,9,0.8888888888888888
561,11.463613764324691,12,5.88506375066936,411,336.34939363424064,4,8,0.5
102,2.0842934116953984,16,7.846751667559147,54,336.3232394747369,25,45,0.5555555555555556
480,9.808439584448934,12,5.88506375066936,12,336.31112201737363,5,10,0.5
541,11.054928781639319,12,5.88506375066936,431,336.2998439859636,6,8,0.75
548,11.1979685255792,12,5.88506375066936,424,336.29083305887156,5,8,0.625
546,11.157100027310662,12,5.88506375066936,426,336.2595091214376,5,8,0.625
372,7.6015406779479235,12,5.88506375066936,228,336.2143165588269,6,12,0.5
601,12.280983729695436,12,5.88506375066936,371,336.18702516157083,4,8,0.5
469,9.583662843971979,12,5.88506375066936,34,336.1438085041926,5,10,0.5
311,6.355051480757538,12,5.88506375066936,39,336.1290075544078,9,15,0.6
62,1.266923446324654,20,9.808439584448934,42,336.11777461485366,35,75,0.4666666666666667
379,7.744580421887804,12,5.88506375066936,214,336.10081774540924,7,12,0.5833333333333334
547,11.17753427644493,12,5.88506375066936,425,336.0438936101907,5,8,0.625
482,9.84930808271747,12,5.88506375066936,8,336.0140000027936,5,10,0.5
614,12.546628968440928,12,5.88506375066936,358,335.98621387053936,5,7,0.7142857142857143
437,8.929766871675383,12,5.88506375066936,98,335.95956163127596,4,11,0.36363636363636365
380,7.765014671022072,12,5.88506375066936,212,335.87940991219216,7,12,0.5833333333333334
169,3.4533881036913954,16,7.846751667559147,127,335.83894410164623,17,27,0.6296296296296297
565,11.545350760861766,12,5.88506375066936,407,335.81550059270717,5,8,0.625
501,10.237558816268574,12,5.88506375066936,471,335.80807754349405,6,9,0.6666666666666666
550,11.238837023847736,12,5.88506375066936,422,335.7844476515364,6,8,0.75
381,7.785448920156341,12,5.88506375066936,210,335.72389745869054,7,12,0.5833333333333334
549,11.218402774713468,12,5.88506375066936,423,335.6397699299413,6,8,0.75
701,14.324408643122297,12,5.88506375066936,271,335.6235904946276,6,7,0.8571428571428571
382,7.80588316929061,12,5.88506375066936,208,335.61025725456705,8,12,0.6666666666666666
212,4.332060816464946,16,7.846751667559147,124,335.5991324676421,14,22,0.6363636363636364
551,11.259271272982005,12,5.88506375066936,421,335.5985933275666,6,8,0.75
57,1.1647522006533109,20,9.808439584448934,3,335.5782601304968,40,82,0.4878048780487805
650,13.282261937274598,12,5.88506375066936,322,335.5270041806462,5,7,0.7142857142857143
132,2.6973208857234567,16,7.846751667559147,48,335.4892656979401,18,35,0.5142857142857142
649,13.261827688140329,12,5.88506375066936,323,335.4844551846433,5,7,0.7142857142857143
517,10.564506802416872,12,5.88506375066936,455,335.45022579352656,9,9,1.0
300,6.1302747402805835,12,5.88506375066936,72,335.42849578418196,6,16,0.375
438,8.950201120809652,12,5.88506375066936,96,335.40295754607666,4,11,0.36363636363636365
165,3.371651107154321,16,7.846751667559147,147,335.38890862304436,15,28,0.5357142857142857
330,6.743302214308642,16,7.846751667559147,312,335.3788580586354,8,14,0.5714285714285714
292,5.966800747206435,12,5.88506375066936,96,335.3645467729276,7,16,0.4375
644,13.159656442468986,12,5.88506375066936,328,335.36385813734057,3,7,0.42857142857142855
552,11.279705522116274,12,5.88506375066936,420,335.31928291013435,6,8,0.75
106,2.166030408232473,20,9.808439584448934,18,335.3164293019843,25,44,0.5681818181818182
602,12.301417978829704,12,5.88506375066936,370,335.31631793168515,4,8,0.5
560,11.443179515190423,12,5.88506375066936,412,335.3142355194754,5,8,0.625
645,13.180090691603255,12,5.88506375066936,327,335.2472091540639,4,7,0.5714285714285714
470,9.604097093106247,12,5.88506375066936,32,335.2196710437793,5,10,0.5
542,11.075363030773588,12,5.88506375066936,430,335.1961785676884,6,8,0.75
500,10.217124567134306,12,5.88506375066936,472,335.17593070339655,6,9,0.6666666666666666
299,6.109840491146315,12,5.88506375066936,75,335.17350067943175,7,16,0.4375
340,6.947644705651328,16,7.846751667559147,292,335.07475068269326,9,13,0.6923076923076923
408,8.337173646781594,12,5.88506375066936,156,335.0648193072042,7,11,0.6363636363636364
384,7.846751667559147,12,5.88506375066936,204,335.0642180595583,8,12,0.6666666666666666
238,4.86335129395593,16,7.846751667559147,20,335.0105870287023,13,20,0.65
112,2.2886359030380845,20,9.808439584448934,76,334.9732759498604,22,41,0.5365853658536586
483,9.86974233185174,12,5.88506375066936,6,334.90802962713036,6,10,0.6
580,11.851864497875795,12,5.88506375066936,392,334.90576943991954,4,8,0.5
367,7.4993694322765805,12,5.88506375066936,238,334.88389029885565,8,12,0.6666666666666666
156,3.1877428649459034,12,5.88506375066936,36,334.8638324161987,17,30,0.5666666666666667
702,14.344842892256565,12,5.88506375066936,270,334.834240468952,6,7,0.8571428571428571
151,3.0855716192745604,12,5.88506375066936,66,334.83407874466934,14,31,0.45161290322580644
352,7.192855695262551,12,5.88506375066936,268,334.82005245196683,8,13,0.6153846153846154
101,2.06385916256113,16,7.846751667559147,63,334.7694362209638,23,46,0.5
399,8.153265404573176,12,5.88506375066936,174,334.7198453181298,7,12,0.5833333333333334
96,1.9616879168897867,20,9.808439584448934,12,334.6518287190806,25,49,0.5102040816326531
144,2.94253187533468,8,3.9233758337795734,108,334.6489885597015,7,32,0.21875
400,8.173699653707445,12,5.88506375066936,172,334.6055236424315,7,12,0.5833333333333334
727,14.85569912061328,12,5.88506375066936,245,334.60286629328266,6,7,0.8571428571428571
339,6.927210456517059,16,7.846751667559147,294,334.59321976221713,9,13,0.6923076923076923
585,11.954035743547138,12,5.88506375066936,387,334.58768245127635,4,8,0.5
306,6.252880235086195,12,5.88506375066936,54,334.5738399826234,8,15,0.5333333333333333
383,7.826317418424878,12,5.88506375066936,206,334.50154301518126,8,12,0.6666666666666666
691,14.12006615177961,12,5.88506375066936,281,334.4747654119442,6,7,0.8571428571428571
653,13.343564684677403,12,5.88506375066936,319,334.4536521133414,4,7,0.5714285714285714
406,8.296305148513056,12,5.88506375066936,160,334.4399272519048,7,12,0.5833333333333334
692,14.14050040091388,12,5.88506375066936,280,334.40805667283087,6,7,0.8571428571428571
369,7.540237930545118,12,5.88506375066936,234,334.397367143528,8,12,0.6666666666666666
635,12.975748200260568,12,5.88506375066936,337,334.39398721747426,4,7,0.5714285714285714
723,14.773962124076206,12,5.88506375066936,249,334.37999767531045,5,7,0.7142857142857143
567,11.586219259130303,12,5.88506375066936,405,334.37765634170745,3,8,0.375
377,7.703711923619267,12,5.88506375066936,218,334.3625629907018,6,12,0.5
658,13.445735930348746,20,9.808439584448934,317,334.3259881036494,3,7,0.42857142857142855
671,13.711381169094238,16,7.846751667559147,301,334.320631485818,5,7,0.7142857142857143
337,6.886341958248522,16,7.846751667559147,298,334.28945797560937,7,13,0.5384615384615384
586,11.974469992681406,12,5.88506375066936,386,334.28333369238845,4,8,0.5
331,6.7637364634429105,16,7.846751667559147,310,334.27863134030025,7,14,0.5
690,14.099631902645342,12,5.88506375066936,282,334.2742965147833,6,7,0.8571428571428571
581,11.872298747010063,12,5.88506375066936,391,334.2299008040056,4,8,0.5
315,6.436788477294613,12,5.88506375066936,27,334.1981342200331,7,15,0.4666666666666667
129,2.636018138320651,16,7.846751667559147,69,334.19542867236225,21,36,0.5833333333333334
543,11.095797279907856,12,5.88506375066936,429,334.17516855601446,6,8,0.75
665,13.588775674288627,16,7.846751667559147,307,334.1298009902961,4,7,0.5714285714285714
371,7.581106428813655,12,5.88506375066936,230,334.1207361548901,8,12,0.6666666666666666
587,11.994904241815675,12,5.88506375066936,385,334.11425386373554,4,8,0.5
174,3.5555593493627384,12,5.88506375066936,102,334.10721243937616,15,27,0.5555555555555556
486,9.931045079254545,12,5.88506375066936,0,334.10112902503556,6,10,0.6
405,8.275870899378788,12,5.88506375066936,162,334.0653744592977,7,12,0.5833333333333334
441,9.011503868212458,12,5.88506375066936,90,334.05048630829515,6,11,0.5454545454545454
324,6.62069671950303,12,5.88506375066936,0,334.0092031943637,7,15,0.4666666666666667
607,12.403589224501047,12,5.88506375066936,365,333.95247591731146,4,8,0.5
519,10.60537530068541,12,5.88506375066936,453,333.89619380052466,9,9,1.0
368,7.519803681410849,12,5.88506375066936,236,333.8824822519917,8,12,0.6666666666666666
724,14.794396373210475,12,5.88506375066936,248,333.8782951607089,6,7,0.8571428571428571
603,12.321852227963973,12,5.88506375066936,369,333.8619958560365,4,8,0.5
651,13.302696186408866,12,5.88506375066936,321,333.8411881606705,5,7,0.7142857142857143
143,2.9220976262004115,8,3.9233758337795734,114,333.8080213537971,7,32,0.21875
518,10.58494105155114,12,5.88506375066936,454,333.7989580460959,9,9,1.0
703,14.365277141390834,12,5.88506375066936,269,333.75989244895874,6,7,0.8571428571428571
88,1.7982139238156378,16,7.846751667559147,4,333.7473326160465,26,53,0.49056603773584906
293,5.987234996340703,12,5.88506375066936,93,333.7183498792022,8,16,0.5
152,3.106005868408829,12,5.88506375066936,60,333.6308344943962,17,31,0.5483870967741935
310,6.33461723162327,12,5.88506375066936,42,333.60845189387766,9,15,0.6
401,8.194133902841713,12,5.88506375066936,170,333.58267190003437,8,12,0.6666666666666666
398,8.132831155438907,12,5.88506375066936,176,333.50903439514394,7,12,0.5833333333333334
654,13.363998933811672,12,5.88506375066936,318,333.5017132023976,3,7,0.42857142857142855
559,11.422745266056154,12,5.88506375066936,413,333.4797027291397,6,8,0.75
87,1.7777796746813692,16,7.846751667559147,15,333.4409735665998,28,54,0.5185185185185185
85,1.736911176412832,20,9.808439584448934,37,333.42644387102945,30,55,0.5454545454545454
558,11.402311016921885,12,5.88506375066936,414,333.42353812871005,6,8,0.75
484,9.890176580986008,12,5.88506375066936,4,333.41890525962896,7,10,0.7
670,13.69094691995997,16,7.846751667559147,302,333.41854119271915,5,7,0.7142857142857143
308,6.293748733354732,12,5.88506375066936,48,333.4180152723054,9,15,0.6
689,14.079197653511073,12,5.88506375066936,283,333.36765931465254,6,7,0.8571428571428571
227,4.638574553478975,16,7.846751667559147,64,333.3541383537962,13,21,0.6190476190476191
105,2.1455961590982042,16,7.846751667559147,27,333.3021978523402,25,44,0.5681818181818182
148,3.0242688718717545,12,5.88506375066936,84,333.26470943215503,19,31,0.6129032258064516
726,14.835264871479012,12,5.88506375066936,246,333.2630027081535,6,7,0.8571428571428571
553,11.300139771250542,12,5.88506375066936,419,333.2309157474769,7,8,0.875
307,6.273314484220464,12,5.88506375066936,51,333.20701659103247,9,15,0.6
370,7.560672179679386,12,5.88506375066936,232,333.144538586237,8,12,0.6666666666666666
304,6.212011736817658,12,5.88506375066936,60,333.13846404167793,7,16,0.4375
301,6.150708989414852,12,5.88506375066936,69,333.1298914047733,7,16,0.4375
409,8.357607895915862,12,5.88506375066936,154,333.09392164143253,8,11,0.7272727272727273
350,7.151987196994014,12,5.88506375066936,272,333.0790916941202,9,13,0.6923076923076923
593,12.117509736621287,12,5.88506375066936,379,333.0391510887272,5,8,0.625
584,11.93360149441287,12,5.88506375066936,388,332.9936732372556,4,8,0.5
725,14.814830622344743,12,5.88506375066936,247,332.9357649642994,6,7,0.8571428571428571
464,9.481491598300636,12,5.88506375066936,44,332.880551006799,7,10,0.7
485,9.910610830120277,12,5.88506375066936,2,332.8231645418263,6,10,0.6
130,2.6564523874549195,16,7.846751667559147,62,332.8218290987377,22,36,0.6111111111111112
669,13.670512670825701,16,7.846751667559147,303,332.8034941966837,5,7,0.7142857142857143
596,12.178812484024093,12,5.88506375066936,376,332.73702949071594,4,8,0.5
457,9.338451854360756,12,5.88506375066936,58,332.72010808957606,6,11,0.5454545454545454
566,11.565785009996034,12,5.88506375066936,406,332.7066731998762,4,8,0.5
407,8.316739397647325,12,5.88506375066936,158,332.6884007581447,8,11,0.7272727272727273
113,2.309070152172353,20,9.808439584448934,68,332.6872264914414,24,41,0.5853658536585366
290,5.925932248937897,12,5.88506375066936,102,332.62861695814235,7,16,0.4375
460,9.399754601763561,12,5.88506375066936,52,332.62163242957445,7,10,0.7
595,12.158378234889824,12,5.88506375066936,377,332.60790545352785,4,8,0.5
410,8.37804214505013,12,5.88506375066936,152,332.5788235079995,8,11,0.7272727272727273
385,7.8671859166934155,12,5.88506375066936,202,332.4893833561303,8,12,0.6666666666666666
98,2.002556415158324,20,9.808439584448934,90,332.4747340747056,23,47,0.48936170212765956
479,9.788005335314665,12,5.88506375066936,14,332.4733086670161,6,10,0.6
652,13.323130435543135,12,5.88506375066936,320,332.47070787152745,5,7,0.7142857142857143
636,12.996182449394837,12,5.88506375066936,336,332.4610738779615,4,7,0.5714285714285714
468,9.56322859483771,12,5.88506375066936,36,332.42954845339494,6,10,0.6
305,6.232445985951927,12,5.88506375066936,57,332.40296923741334,9,16,0.5625
114,2.3295044013066217,16,7.846751667559147,60,332.3799828270626,21,41,0.5121951219512195
360,7.3563296883367,12,5.88506375066936,252,332.3651759534202,8,13,0.6153846153846154
666,13.609209923422895,16,7.846751667559147,306,332.3431646312547,4,7,0.5714285714285714
422,8.623253134661354,12,5.88506375066936,128,332.3035200966468,7,11,0.6363636363636364
282,5.7624582558637485,12,5.88506375066936,126,332.30246847493737,7,16,0.4375
594,12.137943985755555,12,5.88506375066936,378,332.2957740625144,5,8,0.625
606,12.383154975366779,12,5.88506375066936,366,332.2805917857526,4,8,0.5
359,7.335895439202432,12,5.88506375066936,254,332.19520076227786,8,13,0.6153846153846154
449,9.174977861286607,12,5.88506375066936,74,332.18865421726133,5,11,0.45454545454545453
153,3.1264401175430976,12,5.88506375066936,54,332.15323710459876,19,30,0.6333333333333333
668,13.650078421691433,16,7.846751667559147,304,332.0883820731907,5,7,0.7142857142857143
84,1.7164769272785634,20,9.808439584448934,48,332.08365850217615,29,55,0.5272727272727272
188,3.841638837242499,12,5.88506375066936,32,332.0810808500822,10,25,0.4
386,7.887620165827684,12,5.88506375066936,200,332.0571112790767,8,12,0.6666666666666666
459,9.379320352629293,12,5.88506375066936,54,331.99790984564163,7,10,0.7
604,12.342286477098241,12,5.88506375066936,368,331.9760977518057,4,8,0.5
688,14.058763404376805,12,5.88506375066936,284,331.9611883923328,6,7,0.8571428571428571
420,8.582384636392817,12,5.88506375066936,132,331.94968282797055,7,11,0.6363636363636364
463,9.461057349166367,12,5.88506375066936,46,331.90165885083036,7,10,0.7
397,8.112396906304639,12,5.88506375066936,178,331.89405470513,7,12,0.5833333333333334
456,9.318017605226487,12,5.88506375066936,60,331.89356109421715,6,11,0.5454545454545454
402,8.214568151975982,12,5.88506375066936,168,331.85228542030774,8,12,0.6666666666666666
421,8.602818885527086,12,5.88506375066936,130,331.8277575775006,7,11,0.6363636363636364
225,4.597706055210438,16,7.846751667559147,72,331.7805662476593,11,21,0.5238095238095238
583,11.9131672452786,12,5.88506375066936,389,331.70389339678263,4,8,0.5
450,9.195412110420875,12,5.88506375066936,72,331.6862241975953,5,11,0.45454545454545453
458,9.358886103495024,12,5.88506375066936,56,331.63885337169916,7,10,0.7
588,12.015338490949944,12,5.88506375066936,384,331.6151987491821,5,8,0.625
357,7.295026940933894,12,5.88506375066936,258,331.5954464476926,8,13,0.6153846153846154
244,4.985956788761541,12,5.88506375066936,240,331.5882210708274,11,19,0.5789473684210527
411,8.3984763941844,12,5.88506375066936,150,331.58037991668135,8,11,0.7272727272727273
582,11.892732996144332,12,5.88506375066936,390,331.57634527079034,4,8,0.5
52,1.0625809549819678,20,9.808439584448934,36,331.5604222203682,54,89,0.6067415730337079
80,1.634739930741489,16,7.846751667559147,12,331.53793531515157,33,58,0.5689655172413793
667,13.629644172557164,16,7.846751667559147,305,331.4725041030483,4,7,0.5714285714285714
358,7.315461190068163,12,5.88506375066936,256,331.4571996487292,8,13,0.6153846153846154
461,9.42018885089783,12,5.88506375066936,50,331.44155087098363,7,10,0.7
412,8.418910643318668,12,5.88506375066936,148,331.4235367242777,8,11,0.7272727272727273
298,6.089406242012046,12,5.88506375066936,78,331.37660880174946,7,16,0.4375
297,6.068971992877778,12,5.88506375066936,81,331.35312514749666,8,16,0.5
356,7.274592691799626,12,5.88506375066936,260,331.31284357973084,8,13,0.6153846153846154
378,7.724146172753535,12,5.88506375066936,216,331.3089116188789,7,12,0.5833333333333334
404,8.25543665024452,12,5.88506375066936,164,331.2003689882088,7,12,0.5833333333333334
478,9.767571086180396,12,5.88506375066936,16,331.1493220623784,6,10,0.6
557,11.381876767787617,12,5.88506375066936,415,331.09426839273954,7,8,0.875
686,14.017894906108268,12,5.88506375066936,286,331.0809886826298,5,7,0.7142857142857143
687,14.038329155242536,12,5.88506375066936,285,331.0504176738535,6,7,0.8571428571428571
605,12.36272072623251,12,5.88506375066936,367,331.0085131022585,4,8,0.5
467,9.542794345703442,12,5.88506375066936,38,330.980559389787,6,10,0.6
353,7.21328994439682,12,5.88506375066936,266,330.9728527214499,9,13,0.6923076923076923
448,9.154543612152338,12,5.88506375066936,76,330.8994852697602,7,11,0.6363636363636364
554,11.32057402038481,12,5.88506375066936,418,330.8710638200547,7,8,0.875
396,8.09196265717037,12,5.88506375066936,180,330.86390432656384,8,12,0.6666666666666666
393,8.030659909767564,12,5.88506375066936,186,330.83799193036697,8,12,0.6666666666666666
345,7.049815951322671,12,5.88506375066936,282,330.7526793626127,9,13,0.6923076923076923
346,7.07025020045694,12,5.88506375066936,280,330.73007851533083,9,13,0.6923076923076923
323,6.600262470368762,12,5.88506375066936,3,330.70246412057753,7,15,0.4666666666666667
392,8.010225660633296,12,5.88506375066936,188,330.70080853211226,8,12,0.6666666666666666
325,6.641130968637299,12,5.88506375066936,322,330.68316336815815,8,14,0.5714285714285714
446,9.1136751138838,12,5.88506375066936,80,330.6687635114774,7,11,0.6363636363636364
155,3.167308615811635,12,5.88506375066936,42,330.6416983761908,19,30,0.6333333333333333
462,9.440623100032099,12,5.88506375066936,48,330.5763378890039,7,10,0.7
291,5.946366498072166,12,5.88506375066936,99,330.5613650159329,7,16,0.4375
351,7.172421446128283,12,5.88506375066936,270,330.5559717945204,10,13,0.7692307692307693
447,9.13410936301807,12,5.88506375066936,78,330.53304839467535,7,11,0.6363636363636364
364,7.438066684873775,12,5.88506375066936,244,330.5242822598949,10,13,0.7692307692307693
451,9.215846359555144,12,5.88506375066936,70,330.5239137728125,6,11,0.5454545454545454
104,2.1251619099639356,16,7.846751667559147,36,330.5095796409168,30,45,0.6666666666666666
262,5.353773273178376,12,5.88506375066936,186,330.434847831372,9,17,0.5294117647058824
390,7.9693571623647586,12,5.88506375066936,192,330.4133763624764,8,12,0.6666666666666666
590,12.05620698921848,12,5.88506375066936,382,330.39665822816653,6,8,0.75
465,9.501925847434904,12,5.88506375066936,42,330.3449956486782,7,10,0.7
428,8.745858629466966,12,5.88506375066936,116,330.32766227260703,4,11,0.36363636363636365
473,9.665399840509053,12,5.88506375066936,26,330.32624793397883,5,10,0.5
136,2.779057882260531,20,9.808439584448934,20,330.2719273641363,24,34,0.7058823529411765
248,5.067693785298616,12,5.88506375066936,228,330.17233785989345,9,18,0.5
592,12.097075487487018,12,5.88506375066936,380,330.14939827721315,6,8,0.75
203,4.148152574256528,12,5.88506375066936,160,330.13632541894555,11,23,0.4782608695652174
589,12.035772740084212,12,5.88506375066936,383,330.13047020628596,6,8,0.75
423,8.643687383795623,12,5.88506375066936,126,330.1070883107596,6,11,0.5454545454545454
336,6.8659077091142535,16,7.846751667559147,300,330.09118693824826,8,13,0.6153846153846154
391,7.989791411499027,12,5.88506375066936,190,330.0461108847809,8,12,0.6666666666666666
394,8.051094158901833,12,5.88506375066936,184,330.0057109773528,9,12,0.75
591,12.07664123835275,12,5.88506375066936,381,329.96972002192746,6,8,0.75
685,13.997460656973999,12,5.88506375066936,287,329.867449586279,5,7,0.7142857142857143
445,9.093240864749532,12,5.88506375066936,82,329.8218674529948,6,11,0.5454545454545454
419,8.561950387258548,12,5.88506375066936,134,329.8180482821827,9,11,0.8181818181818182
249,5.088128034432884,12,5.88506375066936,225,329.8125615442056,10,18,0.5555555555555556
161,3.2899141106172465,12,5.88506375066936,6,329.79554759939407,15,29,0.5172413793103449
317,6.47765697556315,12,5.88506375066936,21,329.7898495131683,8,15,0.5333333333333333
555,11.34100826951908,12,5.88506375066936,417,329.7746587061136,7,8,0.875
413,8.439344892452937,12,5.88506375066936,146,329.7501707131764,9,11,0.8181818181818182
66,1.3486604428617284,20,9.808439584448934,48,329.7068517334452,36,70,0.5142857142857142
187,3.8212045881082304,12,5.88506375066936,37,329.67381812744577,10,25,0.4
322,6.579828221234493,12,5.88506375066936,6,329.64008303303126,7,15,0.4666666666666667
247,5.047259536164347,12,5.88506375066936,231,329.6308845567337,9,18,0.5
361,7.376763937470969,12,5.88506375066936,250,329.62153849342315,10,13,0.7692307692307693
556,11.361442518653348,12,5.88506375066936,416,329.5983925074465,7,8,0.875
427,8.725424380332697,12,5.88506375066936,118,329.56592792855105,4,11,0.36363636363636365
414,8.459779141587205,12,5.88506375066936,144,329.55002239527334,9,11,0.8181818181818182
168,3.4329538545571268,16,7.846751667559147,132,329.54017910263264,17,27,0.6296296296296297
231,4.720311550016049,12,5.88506375066936,48,329.52508823969254,11,20,0.55
265,5.415076020581182,12,5.88506375066936,177,329.51690967129025,9,17,0.5294117647058824
403,8.23500240111025,12,5.88506375066936,166,329.4667416248672,8,12,0.6666666666666666
232,4.740745799150318,12,5.88506375066936,44,329.46465351527485,13,20,0.65
344,7.029381702188402,12,5.88506375066936,284,329.46238001388554,8,13,0.6153846153846154
55,1.1238837023847736,20,9.808439584448934,37,329.35808855406157,45,84,0.5357142857142857
684,13.97702640783973,12,5.88506375066936,288,329.3059832529408,5,7,0.7142857142857143
302,6.171143238549121,12,5.88506375066936,66,329.2892109153411,7,16,0.4375
452,9.236280608689412,12,5.88506375066936,68,329.25273021535645,6,11,0.5454545454545454
395,8.071528408036102,12,5.88506375066936,182,329.24377185092675,9,12,0.75
642,13.118787944200449,12,5.88506375066936,330,329.18246323402934,5,7,0.7142857142857143
659,13.466170179483015,12,5.88506375066936,313,329.1381717629873,3,7,0.42857142857142855
226,4.618140304344706,16,7.846751667559147,68,329.1130487166701,13,21,0.6190476190476191
64,1.3077919445931911,20,9.808439584448934,12,329.112958134644,41,73,0.5616438356164384
426,8.704990131198429,12,5.88506375066936,120,329.10475257350885,4,11,0.36363636363636365
415,8.480213390721474,12,5.88506375066936,142,329.0931173171977,9,11,0.8181818181818182
316,6.457222726428881,12,5.88506375066936,24,329.0489766780254,9,15,0.6
264,5.3946417714469135,12,5.88506375066936,180,328.9685143703236,9,17,0.5294117647058824
294,6.007669245474972,12,5.88506375066936,90,328.9481389914763,8,16,0.5
683,13.956592158705462,12,5.88506375066936,289,328.92365841308043,5,7,0.7142857142857143
117,2.3908071487094276,16,7.846751667559147,36,328.9181060448537,25,40,0.625
355,7.254158442665357,12,5.88506375066936,262,328.8807291773681,9,13,0.6923076923076923
82,1.6756084290100262,16,7.846751667559147,70,328.7682872846583,29,56,0.5178571428571429
295,6.02810349460924,12,5.88506375066936,87,328.730501176559,8,16,0.5
154,3.146874366677366,12,5.88506375066936,48,328.5931664830276,20,30,0.6666666666666666
387,7.908054414961953,12,5.88506375066936,198,328.58395950709826,9,12,0.75
343,7.008947453054134,12,5.88506375066936,286,328.542644090737,7,13,0.5384615384615384
162,3.310348359751515,12,5.88506375066936,0,328.5180848265866,17,29,0.5862068965517241
140,2.8607948787976056,12,5.88506375066936,132,328.4861462051939,23,33,0.696969696969697
251,5.1289965327014215,12,5.88506375066936,219,328.4365652014319,9,18,0.5
128,2.6155838891863823,16,7.846751667559147,76,328.4066814791548,22,36,0.6111111111111112
354,7.2337241935310885,12,5.88506375066936,264,328.2768585739531,9,13,0.6923076923076923
86,1.7573454255471006,16,7.846751667559147,26,328.2713955891103,29,54,0.5370370370370371
245,5.00639103789581,12,5.88506375066936,237,328.25908835078116,10,18,0.5555555555555556
246,5.0268252870300785,12,5.88506375066936,234,328.23497449826175,9,18,0.5
186,3.8007703389739618,12,5.88506375066936,42,328.2131409483563,12,25,0.48
641,13.09835369506618,12,5.88506375066936,331,328.1658415727928,5,7,0.7142857142857143
418,8.54151613812428,12,5.88506375066936,136,328.0831775987184,9,11,0.8181818181818182
682,13.936157909571193,12,5.88506375066936,290,327.94550690043843,5,7,0.7142857142857143
327,6.681999466905836,12,5.88506375066936,318,327.93087290006514,6,14,0.42857142857142855
640,13.077919445931911,12,5.88506375066936,332,327.7428237556926,5,7,0.7142857142857143
175,3.575993598497007,12,5.88506375066936,97,327.72689420833774,14,26,0.5384615384615384
250,5.108562283567153,12,5.88506375066936,222,327.72043887466674,10,18,0.5555555555555556
637,13.016616698529106,12,5.88506375066936,335,327.70359430579435,5,7,0.7142857142857143
176,3.5964278476312757,12,5.88506375066936,92,327.658158964725,13,26,0.5
660,13.486604428617284,12,5.88506375066936,312,327.57833617525074,3,7,0.42857142857142855
252,5.14943078183569,12,5.88506375066936,216,327.56778548945147,10,18,0.5555555555555556
454,9.27714910695795,12,5.88506375066936,64,327.539514611889,6,11,0.5454545454545454
72,1.47126593766734,12,5.88506375066936,36,327.4988366239746,34,64,0.53125
204,4.168586823390797,12,5.88506375066936,156,327.47845893877985,12,22,0.5454545454545454
466,9.522360096569173,12,5.88506375066936,40,327.46936578279264,7,10,0.7
453,9.256714857823681,12,5.88506375066936,66,327.43038139371123,6,11,0.5454545454545454
283,5.782892504998017,12,5.88506375066936,123,327.42320079490094,7,16,0.4375
303,6.191577487683389,12,5.88506375066936,63,327.40639345419584,7,16,0.4375
639,13.057485196797643,12,5.88506375066936,333,327.30218186327124,5,7,0.7142857142857143
342,6.988513203919865,12,5.88506375066936,288,327.2747582635727,7,13,0.5384615384615384
326,6.661565217771567,12,5.88506375066936,320,327.26816176896676,8,14,0.5714285714285714
253,5.169865030969959,12,5.88506375066936,213,327.2444526277655,10,18,0.5555555555555556
180,3.67816484416835,12,5.88506375066936,72,327.2206848400916,13,26,0.5
178,3.637296345899813,12,5.88506375066936,82,327.1921602533048,12,26,0.46153846153846156
388,7.928488664096221,12,5.88506375066936,196,327.1855507622059,9,12,0.75
296,6.048537743743509,12,5.88506375066936,84,327.14036029890696,9,16,0.5625
455,9.297583356092218,12,5.88506375066936,62,327.1221860139626,7,11,0.6363636363636364
442,9.031938117346726,12,5.88506375066936,88,327.1169481886652,7,11,0.6363636363636364
443,9.052372366480995,12,5.88506375066936,86,327.08532696980797,6,11,0.5454545454545454
139,2.840360629663337,12,5.88506375066936,138,327.05893749052694,27,33,0.8181818181818182
332,6.784170712577179,16,7.846751667559147,308,327.0247363499639,7,14,0.5
192,3.9233758337795734,12,5.88506375066936,12,327.0242032950434,13,25,0.52
216,4.41379781300202,12,5.88506375066936,108,326.9542220004128,11,21,0.5238095238095238
201,4.107284075987991,12,5.88506375066936,168,326.87961865728914,11,23,0.4782608695652174
681,13.915723660436925,12,5.88506375066936,291,326.7744210059027,5,7,0.7142857142857143
389,7.94892291323049,12,5.88506375066936,194,326.72223825472304,9,12,0.75
417,8.521081888990011,12,5.88506375066936,138,326.6599623049644,9,11,0.8181818181818182
309,6.314182982489001,12,5.88506375066936,45,326.63205540479004,10,15,0.6666666666666666
444,9.072806615615264,12,5.88506375066936,84,326.61124076710036,7,11,0.6363636363636364
83,1.6960426781442948,20,9.808439584448934,59,326.61074338240275,28,56,0.5
133,2.7177551348577254,16,7.846751667559147,41,326.60283882541165,19,35,0.5428571428571428
205,4.189021072525065,12,5.88506375066936,152,326.58199700584026,12,22,0.5454545454545454
638,13.037050947663374,12,5.88506375066936,334,326.5733976172366,5,7,0.7142857142857143
416,8.500647639855742,12,5.88506375066936,140,326.53315446299297,9,11,0.8181818181818182
60,1.2260549480561167,20,9.808439584448934,12,326.5250823017294,40,78,0.5128205128205128
363,7.417632435739506,12,5.88506375066936,246,326.50417058635344,10,13,0.7692307692307693
166,3.3920853562885895,16,7.846751667559147,142,326.47115476172985,17,28,0.6071428571428571
221,4.515969058673363,16,7.846751667559147,88,326.38173336085777,13,21,0.6190476190476191
474,9.685834089643322,12,5.88506375066936,24,326.38105967150733,7,10,0.7
267,5.455944518849719,12,5.88506375066936,171,326.368564365088,9,17,0.5294117647058824
224,4.577271806076169,16,7.846751667559147,76,326.3658648119711,14,21,0.6666666666666666
137,2.7994921313948,16,7.846751667559147,13,326.32575204882073,23,34,0.6764705882352942
661,13.507038677751552,12,5.88506375066936,311,326.26875114929123,3,7,0.42857142857142855
184,3.7599018407054245,12,5.88506375066936,52,326.221819980771,13,25,0.52
268,5.476378767983988,12,5.88506375066936,168,326.209388510656,11,17,0.6470588235294118
328,6.702433716040105,12,5.88506375066936,316,326.0100768859414,6,14,0.42857142857142855
477,9.747136837046128,12,5.88506375066936,18,326.0097816109395,7,10,0.7
202,4.12771832512226,12,5.88506375066936,164,325.9586087761793,9,23,0.391304347826087
263,5.374207522312645,12,5.88506375066936,183,325.8828187857873,11,17,0.6470588235294118
210,4.2911923181964085,12,5.88506375066936,132,325.80720719281703,12,22,0.5454545454545454
199,4.066415577719454,12,5.88506375066936,176,325.722597834133,11,23,0.4782608695652174
240,4.904219792224467,12,5.88506375066936,12,325.6820249673062,11,20,0.55
243,4.965522539627273,12,5.88506375066936,0,325.67290800830597,12,20,0.6
69,1.4099631902645342,16,7.846751667559147,7,325.51284155997723,41,68,0.6029411764705882
177,3.6168620967655443,12,5.88506375066936,87,325.45704728103794,12,26,0.46153846153846156
269,5.4968130171182565,12,5.88506375066936,165,325.4516580712154,11,17,0.6470588235294118
281,5.74202400672948,12,5.88506375066936,129,325.4173875666388,9,17,0.5294117647058824
163,3.3307826088857837,12,5.88506375066936,157,325.35856150484904,15,28,0.5357142857142857
335,6.845473459979985,16,7.846751667559147,302,325.2518381404993,8,13,0.6153846153846154
195,3.9846785811823793,12,5.88506375066936,192,325.22832590301346,11,23,0.4782608695652174
260,5.312904774909839,12,5.88506375066936,192,325.1686583985121,12,18,0.6666666666666666
121,2.472544145246502,16,7.846751667559147,4,325.1046693722778,23,39,0.5897435897435898
362,7.397198186605237,12,5.88506375066936,248,325.08982918460424,11,13,0.8461538461538461
94,1.9208194186212495,16,7.846751667559147,32,325.0611804445063,23,49,0.46938775510204084
236,4.822482795687392,12,5.88506375066936,28,325.02286897217385,12,20,0.6
235,4.802048546553124,12,5.88506375066936,32,325.0213722376275,12,20,0.6
258,5.272036276641302,12,5.88506375066936,198,324.97045515835003,13,18,0.7222222222222222
662,13.527472926885821,12,5.88506375066936,310,324.89369504856575,3,7,0.42857142857142855
160,3.269479861482978,12,5.88506375066936,12,324.828183884949,16,29,0.5517241379310345
424,8.664121632929891,12,5.88506375066936,124,324.80677797225934,7,11,0.6363636363636364
209,4.27075806906214,12,5.88506375066936,136,324.7688740499894,15,22,0.6818181818181818
270,5.517247266252525,12,5.88506375066936,162,324.76799628593903,11,17,0.6470588235294118
261,5.333339024044108,12,5.88506375066936,189,324.6167527398184,12,18,0.6666666666666666
475,9.70626833877759,12,5.88506375066936,22,324.57694939414705,7,10,0.7
266,5.435510269715451,12,5.88506375066936,174,324.56792901650334,9,17,0.5294117647058824
218,4.454666311270557,12,5.88506375066936,100,324.53162961342935,10,21,0.47619047619047616
193,3.943810082913842,12,5.88506375066936,7,324.52035282425476,12,24,0.5
211,4.311626567330677,12,5.88506375066936,128,324.38948265706466,13,22,0.5909090909090909
119,2.431675646977965,16,7.846751667559147,20,324.34197009200994,22,39,0.5641025641025641
275,5.619418511923868,12,5.88506375066936,147,324.32306946459113,12,17,0.7058823529411765
321,6.559393972100224,12,5.88506375066936,9,324.32057680410946,9,15,0.6
274,5.5989842627896,12,5.88506375066936,150,324.29271949033154,11,17,0.6470588235294118
135,2.7586236331262626,16,7.846751667559147,27,324.02030916734424,19,35,0.5428571428571428
272,5.558115764521062,12,5.88506375066936,156,323.94605269037623,11,17,0.6470588235294118
91,1.8595166712184437,16,7.846751667559147,62,323.89576454462366,32,51,0.6274509803921569
476,9.72670258791186,12,5.88506375066936,20,323.82825810354814,7,10,0.7
257,5.251602027507033,12,5.88506375066936,201,323.78604813156267,11,18,0.6111111111111112
230,4.699877300881781,12,5.88506375066936,52,323.7006405262376,13,20,0.65
185,3.780336089839693,12,5.88506375066936,47,323.51162125959377,14,25,0.56
164,3.3512168580200523,12,5.88506375066936,152,323.31231437132584,14,28,0.5
172,3.514690851094201,12,5.88506375066936,112,323.2692950018659,17,27,0.6296296296296297
215,4.3933635638677515,12,5.88506375066936,112,323.26025950720094,12,22,0.5454545454545454
103,2.104727660829667,16,7.846751667559147,45,323.1299113542475,29,45,0.6444444444444445
75,1.5325686850701459,16,7.846751667559147,72,323.1049350851189,33,61,0.5409836065573771
144,2.94253187533468,6,2.94253187533468,108,323.0722171554089,7,32,0.21875
334,6.825039210845716,16,7.846751667559147,304,322.9001877075296,8,13,0.6153846153846154
158,3.2286113632144406,12,5.88506375066936,24,322.89757657826084,20,30,0.6666666666666666
198,4.045981328585185,12,5.88506375066936,180,322.8534774826984,12,23,0.5217391304347826
234,4.781614297418855,12,5.88506375066936,36,322.6451874911796,13,20,0.65
273,5.578550013655331,12,5.88506375066936,153,322.4640794064251,12,17,0.7058823529411765
206,4.209455321659334,12,5.88506375066936,148,322.4575431466226,13,22,0.5909090909090909
341,6.968078954785597,12,5.88506375066936,290,322.402717138745,8,13,0.6153846153846154
142,2.901663377066143,8,3.9233758337795734,120,322.3579093643535,10,32,0.3125
110,2.2477674047695473,16,7.846751667559147,92,322.2758357387507,23,42,0.5476190476190477
276,5.639852761058137,12,5.88506375066936,144,322.2481842122379,12,17,0.7058823529411765
208,4.250323819927871,12,5.88506375066936,140,322.23784040415524,15,22,0.6818181818181818
425,8.68455588206416,12,5.88506375066936,122,322.2339924283494,5,11,0.45454545454545453
111,2.268201653903816,20,9.808439584448934,84,322.22254835292625,21,41,0.5121951219512195
173,3.53512510022847,12,5.88506375066936,107,322.17620297161614,18,27,0.6666666666666666
143,2.9220976262004115,6,2.94253187533468,114,322.12271245752004,7,32,0.21875
107,2.1864646573667414,16,7.846751667559147,9,322.06065042556537,27,44,0.6136363636363636
329,6.722867965174373,12,5.88506375066936,314,321.9838556093225,6,14,0.42857142857142855
241,4.924654041358735,12,5.88506375066936,8,321.98042661481486,13,20,0.65
50,1.0217124567134306,16,7.846751667559147,22,321.972055568867,55,93,0.5913978494623656
576,11.77012750133872,16,7.846751667559147,399,321.6952149641922,3,8,0.375
207,4.229889570793603,12,5.88506375066936,144,321.69399532634463,17,22,0.7727272727272727
254,5.190299280104227,12,5.88506375066936,210,321.6787912737177,10,18,0.5555555555555556
720,14.7126593766734,12,5.88506375066936,253,321.58921724045496,3,7,0.42857142857142855
233,4.7611800482845865,12,5.88506375066936,40,321.5631188561411,13,20,0.65
318,6.4980912246974185,12,5.88506375066936,18,321.5555548078868,9,15,0.6
217,4.434232062136289,12,5.88506375066936,104,321.427471957839,14,21,0.6666666666666666
93,1.9003851694869809,16,7.846751667559147,42,321.3893486924164,27,50,0.54
53,1.0830152041162364,20,9.808439584448934,18,321.373283246486,51,88,0.5795454545454546
200,4.086849826853722,12,5.88506375066936,172,321.3582803992886,12,23,0.5217391304347826
630,12.873576954589225,8,3.9233758337795734,342,321.32349748277016,3,7,0.42857142857142855
95,1.941253667755518,20,9.808439584448934,22,321.2353911085595,29,49,0.5918367346938775
320,6.538959722965956,12,5.88506375066936,12,321.2093916209842,10,15,0.6666666666666666
333,6.804604961711448,16,7.846751667559147,306,321.19192485924725,7,13,0.5384615384615384
219,4.475100560404826,12,5.88506375066936,96,321.1866672781485,9,21,0.42857142857142855
189,3.8620730863767676,12,5.88506375066936,27,321.1422688580765,13,25,0.52
629,12.853142705454957,8,3.9233758337795734,343,321.130218324968,3,7,0.42857142857142855
271,5.537681515386794,12,5.88506375066936,159,321.0785318567434,12,17,0.7058823529411765
631,12.894011203723494,8,3.9233758337795734,341,321.03795081751946,3,7,0.42857142857142855
628,12.832708456320688,8,3.9233758337795734,344,320.8515247628068,3,7,0.42857142857142855
65,1.3282261937274598,16,7.846751667559147,62,320.7773669452453,38,71,0.5352112676056338
194,3.9642443320481107,12,5.88506375066936,2,320.7342923125159,12,24,0.5
239,4.883785543090198,12,5.88506375066936,16,320.71594124367016,12,20,0.6
677,13.83398666389985,12,5.88506375066936,295,320.68610140258033,5,7,0.7142857142857143
229,4.679443051747512,12,5.88506375066936,56,320.6695950916984,13,20,0.65
280,5.721589757595211,12,5.88506375066936,132,320.553327189895,12,17,0.7058823529411765
167,3.412519605422858,16,7.846751667559147,137,320.51685260261445,18,27,0.6666666666666666
627,12.81227420718642,8,3.9233758337795734,345,320.48638090708056,3,7,0.42857142857142855
196,4.005112830316648,12,5.88506375066936,188,320.4097701102848,12,23,0.5217391304347826
171,3.4942566019599326,12,5.88506375066936,117,320.3647687961562,15,27,0.5555555555555556
676,13.813552414765581,12,5.88506375066936,296,320.2968156449802,4,7,0.5714285714285714
634,12.9553139511263,8,3.9233758337795734,338,320.2656691809648,3,7,0.42857142857142855
678,13.854420913034119,12,5.88506375066936,294,320.26371148035616,5,7,0.7142857142857143
79,1.6143056816072203,16,7.846751667559147,24,320.253968240404,39,59,0.6610169491525424
626,12.791839958052151,8,3.9233758337795734,346,320.17154775473284,3,7,0.42857142857142855
146,2.9834003736032173,8,3.9233758337795734,96,320.14320441826123,16,32,0.5
624,12.750971459783614,8,3.9233758337795734,348,320.12440138614284,3,7,0.42857142857142855
625,12.771405708917882,8,3.9233758337795734,347,320.0473203358019,3,7,0.42857142857142855
49,1.001278207579162,16,7.846751667559147,41,319.8903580023896,51,94,0.5425531914893617
51,1.0421467058476992,20,9.808439584448934,3,319.7362219875165,49,91,0.5384615384615384
730,14.917001868016087,8,3.9233758337795734,242,319.72648586511417,5,7,0.7142857142857143
223,4.5568375569419,16,7.846751667559147,80,319.70700883679154,14,21,0.6666666666666666
59,1.205620698921848,16,7.846751667559147,28,319.66761652162774,38,79,0.4810126582278481
622,12.710102961515076,8,3.9233758337795734,350,319.4185145478373,4,7,0.5714285714285714
220,4.495534809539095,12,5.88506375066936,92,319.40780872640966,10,21,0.47619047619047616
58,1.1851864497875795,16,7.846751667559147,44,319.3705869113102,42,80,0.525
259,5.29247052577557,12,5.88506375066936,195,319.36712320915393,13,18,0.7222222222222222
432,8.82759562600404,8,3.9233758337795734,108,319.3193137060768,3,11,0.2727272727272727
675,13.793118165631313,12,5.88506375066936,297,319.30654755385814,4,7,0.5714285714285714
623,12.730537210649345,8,3.9233758337795734,349,319.24931950356,4,7,0.5714285714285714
63,1.2873576954589225,16,7.846751667559147,27,319.195045139181,41,74,0.5540540540540541
528,10.789283542893827,8,3.9233758337795734,444,319.11642532004265,4,8,0.5
222,4.536403307807632,16,7.846751667559147,84,319.09792252205784,13,21,0.6190476190476191
431,8.807161376869772,8,3.9233758337795734,110,319.04212986318004,3,11,0.2727272727272727
134,2.738189383991994,16,7.846751667559147,34,318.9994428588732,20,35,0.5714285714285714
181,3.6985990933026187,12,5.88506375066936,67,318.9881027485381,16,26,0.6153846153846154
228,4.6590088026132435,12,5.88506375066936,60,318.9759111420408,13,21,0.6190476190476191
529,10.809717792028096,8,3.9233758337795734,443,318.9323262297438,4,8,0.5
255,5.210733529238496,12,5.88506375066936,207,318.9209552679282,12,18,0.6666666666666666
530,10.830152041162364,8,3.9233758337795734,442,318.89577558978266,4,8,0.5
77,1.573437183338683,12,5.88506375066936,48,318.83638717618607,35,60,0.5833333333333334
577,11.790561750472989,12,5.88506375066936,396,318.65770353358397,3,8,0.375
618,12.628365964978002,8,3.9233758337795734,354,318.5798505738809,5,7,0.7142857142857143
729,14.896567618881818,8,3.9233758337795734,243,318.56707085327156,5,7,0.7142857142857143
633,12.934879701992031,8,3.9233758337795734,339,318.5508816480462,4,7,0.5714285714285714
632,12.914445452857763,8,3.9233758337795734,340,318.5451687508274,4,7,0.5714285714285714
674,13.772683916497044,12,5.88506375066936,298,318.5141480569078,4,7,0.5714285714285714
697,14.242671646585222,8,3.9233758337795734,275,318.50774959778926,6,7,0.8571428571428571
524,10.707546546356753,8,3.9233758337795734,448,318.4918906905145,5,8,0.625
680,13.895289411302656,12,5.88506375066936,292,318.4917957647186,6,7,0.8571428571428571
159,3.2490456123487093,12,5.88506375066936,18,318.45684039759544,17,30,0.5666666666666667
242,4.945088290493004,12,5.88506375066936,4,318.447727447364,14,20,0.7
487,9.951479328388814,8,3.9233758337795734,485,318.4052636554488,5,9,0.5555555555555556
731,14.937436117150355,8,3.9233758337795734,241,318.3793076276007,5,7,0.7142857142857143
284,5.803326754132286,8,3.9233758337795734,120,318.35962899850017,3,16,0.1875
525,10.727980795491021,8,3.9233758337795734,447,318.3512802137151,5,8,0.625
285,5.823761003266554,8,3.9233758337795734,117,318.27971582064964,3,16,0.1875
197,4.0255470794509165,12,5.88506375066936,184,318.23257569191736,14,23,0.6086956521739131
679,13.874855162168387,12,5.88506375066936,293,318.22439415203326,6,7,0.8571428571428571
74,1.5121344359358773,16,7.846751667559147,10,318.149792150822,38,63,0.6031746031746031
621,12.689668712380808,8,3.9233758337795734,351,318.14175310659766,5,7,0.7142857142857143
708,14.467448387062177,8,3.9233758337795734,264,318.0924411417003,3,7,0.42857142857142855
96,1.9616879168897867,16,7.846751667559147,12,318.08741450351226,26,49,0.5306122448979592
693,14.160934650048148,8,3.9233758337795734,279,318.08561739166896,5,7,0.7142857142857143
694,14.181368899182416,8,3.9233758337795734,278,318.0716883889607,5,7,0.7142857142857143
319,6.518525473831687,12,5.88506375066936,15,318.065568982139,10,15,0.6666666666666666
732,14.957870366284624,8,3.9233758337795734,240,318.05510428895303,5,7,0.7142857142857143
578,11.810995999607258,12,5.88506375066936,395,318.0307850016183,3,8,0.375
619,12.64880021411227,8,3.9233758337795734,353,318.02840933121206,5,7,0.7142857142857143
97,1.9821221660240553,16,7.846751667559147,2,318.02721560119375,26,48,0.5416666666666666
287,5.8646295015350915,8,3.9233758337795734,111,317.9703629571227,4,16,0.25
495,10.114953321462963,8,3.9233758337795734,477,317.9250789582244,4,9,0.4444444444444444
286,5.844195252400823,8,3.9233758337795734,114,317.9244934335189,3,16,0.1875
190,3.882507335511036,12,5.88506375066936,22,317.9098933130996,15,25,0.6
277,5.660287010192405,12,5.88506375066936,141,317.9008327063339,14,17,0.8235294117647058
526,10.74841504462529,8,3.9233758337795734,446,317.895330387939,5,8,0.625
523,10.687112297222484,8,3.9233758337795734,449,317.89144406374606,6,9,0.6666666666666666
494,10.094519072328694,8,3.9233758337795734,478,317.8667542751637,4,9,0.4444444444444444
430,8.786727127735503,8,3.9233758337795734,112,317.86351363028393,4,11,0.36363636363636365
106,2.166030408232473,16,7.846751667559147,18,317.8527428937534,25,44,0.5681818181818182
179,3.6577305950340815,12,5.88506375066936,77,317.842700979226,14,26,0.5384615384615384
99,2.0229906642925926,12,5.88506375066936,81,317.8304257450724,23,46,0.5
709,14.487882636196446,8,3.9233758337795734,263,317.8173085504462,3,7,0.42857142857142855
112,2.2886359030380845,16,7.846751667559147,76,317.8149673644249,24,41,0.5853658536585366
522,10.666678048088215,8,3.9233758337795734,450,317.77954753347365,7,9,0.7777777777777778
288,5.88506375066936,8,3.9233758337795734,108,317.7673904247384,4,16,0.25
191,3.902941584645305,12,5.88506375066936,17,317.71914722750716,16,25,0.64
615,12.567063217575196,8,3.9233758337795734,357,317.687870604598,4,7,0.5714285714285714
620,12.66923446324654,8,3.9233758337795734,352,317.67422637626265,5,7,0.7142857142857143
496,10.135387570597231,8,3.9233758337795734,476,317.50320467257524,4,9,0.4444444444444444
521,10.646243798953947,8,3.9233758337795734,451,317.4977750011973,7,9,0.7777777777777778
527,10.768849293759558,8,3.9233758337795734,445,317.45730731232567,6,8,0.75
705,14.406145639659371,8,3.9233758337795734,267,317.4437335995212,4,7,0.5714285714285714
707,14.447014137927908,8,3.9233758337795734,265,317.4193529121211,3,7,0.42857142857142855
733,14.978304615418892,8,3.9233758337795734,239,317.39200273389577,4,6,0.6666666666666666
433,8.848029875138309,8,3.9233758337795734,106,317.3855326554546,4,11,0.36363636363636365
616,12.587497466709465,8,3.9233758337795734,356,317.35125535376756,4,7,0.5714285714285714
314,6.416354228160344,8,3.9233758337795734,30,317.3441500708732,6,15,0.4
429,8.766292878601234,8,3.9233758337795734,114,317.3354343684442,3,11,0.2727272727272727
710,14.508316885330714,8,3.9233758337795734,262,317.2653900613226,3,7,0.42857142857142855
510,10.421467058476992,8,3.9233758337795734,462,317.2633971665851,6,9,0.6666666666666666
54,1.103449453250505,16,7.846751667559147,0,317.2486704103718,51,86,0.5930232558139535
124,2.533846892649308,12,5.88506375066936,104,317.1940905409104,18,37,0.4864864864864865
663,13.54790717602009,12,5.88506375066936,309,317.16829757841504,5,7,0.7142857142857143
122,2.4929783943807706,12,5.88506375066936,118,317.1017595652182,22,38,0.5789473684210527
698,14.263105895719491,8,3.9233758337795734,274,317.05427110020526,6,7,0.8571428571428571
696,14.222237397450954,8,3.9233758337795734,276,317.05116275148487,6,7,0.8571428571428571
734,14.998738864553161,8,3.9233758337795734,238,317.04841227933196,4,6,0.6666666666666666
673,13.752249667362776,12,5.88506375066936,299,316.97466135973144,5,7,0.7142857142857143
512,10.46233555674553,8,3.9233758337795734,460,316.9425375096347,6,9,0.6666666666666666
539,11.014060283370782,8,3.9233758337795734,433,316.9272234945992,4,8,0.5
711,14.528751134464983,8,3.9233758337795734,261,316.90433759019106,3,7,0.42857142857142855
721,14.733093625807669,8,3.9233758337795734,251,316.8760975635385,4,7,0.5714285714285714
511,10.44190130761126,8,3.9233758337795734,461,316.8343947825636,6,9,0.6666666666666666
706,14.42657988879364,8,3.9233758337795734,266,316.7905813978912,4,7,0.5714285714285714
617,12.607931715843733,8,3.9233758337795734,355,316.765004391997,4,7,0.5714285714285714
488,9.971913577523082,8,3.9233758337795734,484,316.7325914531503,5,9,0.5555555555555556
256,5.231167778372765,12,5.88506375066936,204,316.67353441699436,12,18,0.6666666666666666
513,10.482769805879798,8,3.9233758337795734,459,316.6559466236058,6,9,0.6666666666666666
672,13.731815418228507,12,5.88506375066936,300,316.6477980878212,5,7,0.7142857142857143
704,14.385711390525103,8,3.9233758337795734,268,316.62997743264236,4,7,0.5714285714285714
493,10.074084823194426,8,3.9233758337795734,479,316.6123412084648,4,9,0.4444444444444444
183,3.739467591571156,12,5.88506375066936,57,316.5886107922594,17,26,0.6538461538461539
508,10.380598560208455,8,3.9233758337795734,464,316.575724281942,5,9,0.5555555555555556
279,5.701155508460943,12,5.88506375066936,135,316.5665018213824,14,17,0.8235294117647058
491,10.033216324925888,8,3.9233758337795734,481,316.54649046667134,4,9,0.4444444444444444
695,14.201803148316685,8,3.9233758337795734,277,316.52935434319846,6,7,0.8571428571428571
376,7.683277674484998,8,3.9233758337795734,220,316.50058853222976,4,12,0.3333333333333333
515,10.523638304148335,8,3.9233758337795734,457,316.50033936643723,8,9,0.8888888888888888
490,10.01278207579162,8,3.9233758337795734,482,316.4892722802314,4,9,0.4444444444444444
564,11.524916511727497,8,3.9233758337795734,408,316.4572664924177,4,8,0.5
374,7.642409176216461,8,3.9233758337795734,224,316.4546086522706,4,12,0.3333333333333333
56,1.1443179515190423,20,9.808439584448934,20,316.45252756691275,46,83,0.5542168674698795
489,9.992347826657351,8,3.9233758337795734,483,316.40295363485905,4,9,0.4444444444444444
109,2.2273331556352787,12,5.88506375066936,100,316.3761639142565,19,42,0.4523809523809524
646,13.200524940737523,8,3.9233758337795734,326,316.2886420840686,5,7,0.7142857142857143
492,10.053650574060157,8,3.9233758337795734,480,316.2882001540434,4,9,0.4444444444444444
509,10.401032809342723,8,3.9233758337795734,463,316.2580477048099,6,9,0.6666666666666666
612,12.50576047017239,8,3.9233758337795734,360,316.2394962457744,4,7,0.5714285714285714
648,13.24139343900606,8,3.9233758337795734,324,316.23637180804775,4,7,0.5714285714285714
514,10.503204055014066,8,3.9233758337795734,458,316.1844707405674,6,9,0.6666666666666666
481,9.828873833583202,8,3.9233758337795734,10,316.1748479847936,5,10,0.5
147,3.003834622737486,8,3.9233758337795734,90,316.1633977555204,16,31,0.5161290322580645
533,10.89145478856517,8,3.9233758337795734,439,316.1053057813711,4,8,0.5
600,12.260549480561167,8,3.9233758337795734,372,316.08133256698596,3,8,0.375
375,7.662843425350729,8,3.9233758337795734,222,316.0661038719101,4,12,0.3333333333333333
647,13.220959189871792,8,3.9233758337795734,325,316.06420302960834,4,7,0.5714285714285714
598,12.21968098229263,8,3.9233758337795734,374,316.06376365812,3,8,0.375
289,5.905497999803629,8,3.9233758337795734,105,316.04854325664485,4,16,0.25
57,1.1647522006533109,16,7.846751667559147,3,315.97438732988456,41,82,0.5
563,11.504482262593228,8,3.9233758337795734,409,315.9691628091604,4,8,0.5
579,11.831430248741526,8,3.9233758337795734,393,315.96671981179463,3,8,0.375
439,8.97063536994392,8,3.9233758337795734,94,315.9633028977832,4,11,0.36363636363636365
599,12.240115231426898,8,3.9233758337795734,373,315.94681525546076,3,8,0.375
498,10.176256068865769,8,3.9233758337795734,474,315.9440537710221,6,9,0.6666666666666666
597,12.199246733158361,8,3.9233758337795734,375,315.9287692902538,3,8,0.375
535,10.932323286833707,8,3.9233758337795734,437,315.87526674484315,5,8,0.625
611,12.485326221038122,8,3.9233758337795734,361,315.83730986061835,4,7,0.5714285714285714
434,8.868464124272577,8,3.9233758337795734,104,315.80102672609263,5,11,0.45454545454545453
532,10.871020539430901,8,3.9233758337795734,440,315.7346222299314,4,8,0.5
608,12.424023473635316,8,3.9233758337795734,364,315.7036937940465,4,8,0.5
537,10.973191785102244,8,3.9233758337795734,435,315.69811782816697,5,8,0.625
643,13.139222193334717,8,3.9233758337795734,329,315.6829311823374,4,7,0.5714285714285714
609,12.444457722769585,8,3.9233758337795734,363,315.6682591580364,4,8,0.5
536,10.952757535967976,8,3.9233758337795734,436,315.65618825630935,5,8,0.625
538,10.993626034236513,8,3.9233758337795734,434,315.6441810783781,5,8,0.625
516,10.544072553282604,8,3.9233758337795734,456,315.6172187538124,8,9,0.8888888888888888
131,2.676886636589188,12,5.88506375066936,55,315.61036007766694,18,35,0.5142857142857142
278,5.680721259326674,12,5.88506375066936,138,315.59921853961515,15,17,0.8823529411764706
610,12.464891971903853,8,3.9233758337795734,362,315.5913873339177,4,8,0.5
722,14.753527874941938,8,3.9233758337795734,250,315.57647630879313,4,7,0.5714285714285714
504,10.29886156367138,8,3.9233758337795734,468,315.57108071902434,6,9,0.6666666666666666
471,9.624531342240516,8,3.9233758337795734,30,315.5689103367729,4,10,0.4
613,12.526194719306659,8,3.9233758337795734,359,315.55817349527234,4,7,0.5714285714285714
562,11.48404801345896,8,3.9233758337795734,410,315.50653002781524,4,8,0.5
540,11.03449453250505,8,3.9233758337795734,432,315.50546272131567,5,8,0.625
436,8.909332622541115,8,3.9233758337795734,100,315.5046915388577,5,11,0.45454545454545453
472,9.644965591374785,8,3.9233758337795734,28,315.4581428340501,4,10,0.4
440,8.99106961907819,8,3.9233758337795734,92,315.3943303280426,5,11,0.45454545454545453
534,10.911889037699439,8,3.9233758337795734,438,315.3488662502059,4,8,0.5
73,1.4917001868016087,12,5.88506375066936,23,315.3355356491126,35,64,0.546875
506,10.339730061939918,8,3.9233758337795734,466,315.308732970752,6,9,0.6666666666666666
644,13.159656442468986,8,3.9233758337795734,328,315.30837038082757,5,7,0.7142857142857143
544,11.116231529042125,8,3.9233758337795734,428,315.2498701249499,5,8,0.625
113,2.309070152172353,16,7.846751667559147,68,315.2168541939307,25,41,0.6097560975609756
601,12.280983729695436,8,3.9233758337795734,371,315.1806541137366,4,8,0.5
497,10.1558218197315,8,3.9233758337795734,475,315.14635898933835,6,9,0.6666666666666666
645,13.180090691603255,8,3.9233758337795734,327,315.10070135863475,5,7,0.7142857142857143
503,10.278427314537112,8,3.9233758337795734,469,315.0903148051185,6,9,0.6666666666666666
664,13.568341425154358,12,5.88506375066936,308,315.07965891564027,4,7,0.5714285714285714
699,14.28354014485376,8,3.9233758337795734,273,315.0145635699757,6,7,0.8571428571428571
531,10.850586290296633,8,3.9233758337795734,441,314.93955922965597,4,8,0.5
157,3.208177114080172,8,3.9233758337795734,30,314.9096817934125,14,30,0.4666666666666667
545,11.136665778176393,8,3.9233758337795734,427,314.8269702062948,5,8,0.625
505,10.319295812805649,8,3.9233758337795734,467,314.7855895415655,6,9,0.6666666666666666
561,11.463613764324691,8,3.9233758337795734,411,314.77839845439024,4,8,0.5
502,10.257993065402843,8,3.9233758337795734,470,314.77784597196705,6,9,0.6666666666666666
565,11.545350760861766,8,3.9233758337795734,407,314.7756643269703,5,8,0.625
347,7.090684449591208,8,3.9233758337795734,278,314.77404663960436,7,13,0.5384615384615384
480,9.808439584448934,8,3.9233758337795734,12,314.7658240709679,5,10,0.5
331,6.7637364634429105,12,5.88506375066936,310,314.7183837068391,7,14,0.5
541,11.054928781639319,8,3.9233758337795734,431,314.6326916695747,6,8,0.75
482,9.84930808271747,8,3.9233758337795734,8,314.6222209583469,5,10,0.5
435,8.888898373406846,8,3.9233758337795734,102,314.5954267859154,5,11,0.45454545454545453
84,1.7164769272785634,16,7.846751667559147,48,314.5915878544429,31,55,0.5636363636363636
469,9.583662843971979,8,3.9233758337795734,34,314.5508097281822,5,10,0.5
728,14.87613336974755,8,3.9233758337795734,244,314.4602588774196,6,7,0.8571428571428571
123,2.5134126435150392,12,5.88506375066936,111,314.454115134685,19,37,0.5135135135135135
182,3.7190333424368873,12,5.88506375066936,62,314.45220899363215,16,26,0.6153846153846154
499,10.196690318000037,8,3.9233758337795734,473,314.44100292584596,6,9,0.6666666666666666
437,8.929766871675383,8,3.9233758337795734,98,314.41549645641203,4,11,0.36363636363636365
89,1.8186481729499064,12,5.88506375066936,82,314.3828449900734,26,52,0.5
507,10.360164311074186,8,3.9233758337795734,465,314.31658276612353,6,9,0.6666666666666666
649,13.261827688140329,8,3.9233758337795734,323,314.3145299315431,5,7,0.7142857142857143
150,3.0651373701402918,8,3.9233758337795734,72,314.3008885054104,13,31,0.41935483870967744
141,2.8812291279318742,8,3.9233758337795734,126,314.2967453183826,18,32,0.5625
520,10.625809549819678,8,3.9233758337795734,452,314.29441966303915,8,9,0.8888888888888888
546,11.157100027310662,8,3.9233758337795734,426,314.22799056079526,5,8,0.625
313,6.3959199790260755,8,3.9233758337795734,33,314.20286554904635,8,15,0.5333333333333333
330,6.743302214308642,12,5.88506375066936,312,314.1845157617038,8,14,0.5714285714285714
62,1.266923446324654,16,7.846751667559147,42,314.1727672246431,39,75,0.52
372,7.6015406779479235,8,3.9233758337795734,228,314.11906463141037,6,12,0.5
214,4.372929314733483,12,5.88506375066936,116,314.1108310531247,14,22,0.6363636363636364
348,7.111118698725477,8,3.9233758337795734,276,314.02075532579414,8,13,0.6153846153846154
552,11.279705522116274,8,3.9233758337795734,420,314.0047654620932,6,8,0.75
312,6.375485729891807,8,3.9233758337795734,36,313.9950128345067,8,15,0.5333333333333333
237,4.842917044821661,12,5.88506375066936,24,313.92613705089343,15,20,0.75
653,13.343564684677403,8,3.9233758337795734,319,313.8958870437012,4,7,0.5714285714285714
542,11.075363030773588,8,3.9233758337795734,430,313.8862712564611,6,8,0.75
373,7.621974927082192,8,3.9233758337795734,226,313.85454623997254,7,12,0.5833333333333334
212,4.332060816464946,12,5.88506375066936,124,313.84337487555445,14,22,0.6363636363636364
125,2.5542811417835765,12,5.88506375066936,97,313.836748248176,17,37,0.4594594594594595
145,2.9629661244689487,8,3.9233758337795734,102,313.82304618973154,16,32,0.5
548,11.1979685255792,8,3.9233758337795734,424,313.8228604907948,5,8,0.625
614,12.546628968440928,8,3.9233758337795734,358,313.79150977052217,5,7,0.7142857142857143
567,11.586219259130303,8,3.9233758337795734,405,313.7853878657048,3,8,0.375
580,11.851864497875795,8,3.9233758337795734,392,313.7719933693579,4,8,0.5
470,9.604097093106247,8,3.9233758337795734,32,313.77180207858675,5,10,0.5
560,11.443179515190423,8,3.9233758337795734,412,313.73915614333526,5,8,0.625
602,12.301417978829704,8,3.9233758337795734,370,313.72765032428885,4,8,0.5
550,11.238837023847736,8,3.9233758337795734,422,313.692074476426,6,8,0.75
98,2.002556415158324,16,7.846751667559147,90,313.6712899458764,25,47,0.5319148936170213
635,12.975748200260568,8,3.9233758337795734,337,313.66829741062475,4,7,0.5714285714285714
547,11.17753427644493,8,3.9233758337795734,425,313.6458092432592,5,8,0.625
365,7.458500934008043,8,3.9233758337795734,242,313.6338306551873,9,13,0.6923076923076923
300,6.1302747402805835,8,3.9233758337795734,72,313.62856693256185,6,16,0.375
501,10.237558816268574,8,3.9233758337795734,471,313.6282134410148,6,9,0.6666666666666666
120,2.4521098961122334,12,5.88506375066936,12,313.6187311788836,22,39,0.5641025641025641
299,6.109840491146315,8,3.9233758337795734,75,313.61297152788603,7,16,0.4375
585,11.954035743547138,8,3.9233758337795734,387,313.5993105966767,4,8,0.5
517,10.564506802416872,8,3.9233758337795734,455,313.5939270773497,9,9,1.0
126,2.574715390917845,12,5.88506375066936,90,313.5552333080977,18,37,0.4864864864864865
551,11.259271272982005,8,3.9233758337795734,421,313.54483664290024,6,8,0.75
76,1.5530029342044145,12,5.88506375066936,60,313.5354840444054,35,61,0.5737704918032787
549,11.218402774713468,8,3.9233758337795734,423,313.4714562326599,6,8,0.75
671,13.711381169094238,12,5.88506375066936,301,313.38128975865055,5,7,0.7142857142857143
85,1.736911176412832,16,7.846751667559147,37,313.37210104362066,31,55,0.5636363636363636
116,2.370372899575159,12,5.88506375066936,44,313.32750197925424,21,40,0.525
650,13.282261937274598,8,3.9233758337795734,322,313.30791753247325,5,7,0.7142857142857143
238,4.86335129395593,12,5.88506375066936,20,313.307211231168,13,20,0.65
213,4.352495065599214,12,5.88506375066936,120,313.3041558069973,14,22,0.6363636363636364
438,8.950201120809652,8,3.9233758337795734,96,313.25106709330794,4,11,0.36363636363636365
311,6.355051480757538,8,3.9233758337795734,39,313.2295511248511,9,15,0.6
377,7.703711923619267,8,3.9233758337795734,218,313.2241468576005,6,12,0.5
500,10.217124567134306,8,3.9233758337795734,472,313.1936584312332,6,9,0.6666666666666666
127,2.5951496400521137,12,5.88506375066936,83,313.1924837113645,18,36,0.5
700,14.303974393988028,8,3.9233758337795734,272,313.17177562291573,6,7,0.8571428571428571
379,7.744580421887804,8,3.9233758337795734,214,313.1631593763963,7,12,0.5833333333333334
483,9.86974233185174,8,3.9233758337795734,6,313.1582860164121,6,10,0.6
90,1.839082422084175,12,5.88506375066936,72,313.0300943367411,27,51,0.5294117647058824
665,13.588775674288627,12,5.88506375066936,307,313.0020075749619,4,7,0.5714285714285714
581,11.872298747010063,8,3.9233758337795734,391,312.98128950381175,4,8,0.5
70,1.4303974393988028,12,5.88506375066936,62,312.94967897854843,39,66,0.5909090909090909
292,5.966800747206435,8,3.9233758337795734,96,312.9398737116612,7,16,0.4375
338,6.906776207382791,12,5.88506375066936,296,312.9292358119112,8,13,0.6153846153846154
654,13.363998933811672,8,3.9233758337795734,318,312.9251990788289,4,7,0.5714285714285714
607,12.403589224501047,8,3.9233758337795734,365,312.9232618448609,4,8,0.5
381,7.785448920156341,8,3.9233758337795734,210,312.7631919356948,7,12,0.5833333333333334
603,12.321852227963973,8,3.9233758337795734,369,312.74930532573495,4,8,0.5
670,13.69094691995997,12,5.88506375066936,302,312.61667670546717,5,7,0.7142857142857143
566,11.565785009996034,8,3.9233758337795734,406,312.603578708411,4,8,0.5
586,11.974469992681406,8,3.9233758337795734,386,312.5714122788688,4,8,0.5
380,7.765014671022072,8,3.9233758337795734,212,312.5462785769548,7,12,0.5833333333333334
306,6.252880235086195,8,3.9233758337795734,54,312.5358736211582,8,15,0.5333333333333333
651,13.302696186408866,8,3.9233758337795734,321,312.52180013548804,5,7,0.7142857142857143
382,7.80588316929061,8,3.9233758337795734,208,312.51341143649796,8,12,0.6666666666666666
543,11.095797279907856,8,3.9233758337795734,429,312.5113197937844,6,8,0.75
339,6.927210456517059,12,5.88506375066936,294,312.4981796695925,9,13,0.6923076923076923
136,2.779057882260531,16,7.846751667559147,20,312.4847566944889,24,34,0.7058823529411765
349,7.1315529478597455,8,3.9233758337795734,274,312.41624098020503,9,13,0.6923076923076923
486,9.931045079254545,8,3.9233758337795734,0,312.4136893771823,6,10,0.6
408,8.337173646781594,8,3.9233758337795734,156,312.39112271700895,7,11,0.6363636363636364
631,12.894011203723494,6,2.94253187533468,341,312.39007612226044,3,7,0.42857142857142855
630,12.873576954589225,6,2.94253187533468,342,312.37675633403126,3,7,0.42857142857142855
165,3.371651107154321,12,5.88506375066936,147,312.368553231579,15,28,0.5357142857142857
366,7.478935183142312,8,3.9233758337795734,240,312.3561703077437,9,13,0.6923076923076923
587,11.994904241815675,8,3.9233758337795734,385,312.3342271686188,4,8,0.5
484,9.890176580986008,8,3.9233758337795734,4,312.3115132356819,7,10,0.7
559,11.422745266056154,8,3.9233758337795734,413,312.24435610727375,6,8,0.75
100,2.043424913426861,12,5.88506375066936,72,312.1780036671165,26,46,0.5652173913043478
340,6.947644705651328,12,5.88506375066936,292,312.17296097935116,9,13,0.6923076923076923
371,7.581106428813655,8,3.9233758337795734,230,312.1560688276317,8,12,0.6666666666666666
629,12.853142705454957,6,2.94253187533468,343,312.13615422550055,3,7,0.42857142857142855
369,7.540237930545118,8,3.9233758337795734,234,312.11694472018957,8,12,0.6666666666666666
723,14.773962124076206,8,3.9233758337795734,249,312.10643330552284,5,7,0.7142857142857143
692,14.14050040091388,8,3.9233758337795734,280,312.06521931876625,6,7,0.8571428571428571
628,12.832708456320688,6,2.94253187533468,344,312.04322182523725,3,7,0.42857142857142855
669,13.670512670825701,12,5.88506375066936,303,312.02713378763826,5,7,0.7142857142857143
170,3.473822352825664,12,5.88506375066936,122,312.0254704755017,17,27,0.6296296296296297
558,11.402311016921885,8,3.9233758337795734,414,312.0204545671257,6,8,0.75
727,14.85569912061328,8,3.9233758337795734,245,311.9680746410512,6,7,0.8571428571428571
118,2.411241397843696,12,5.88506375066936,28,311.9614237974413,22,40,0.55
485,9.910610830120277,8,3.9233758337795734,2,311.9289230717031,6,10,0.6
596,12.178812484024093,8,3.9233758337795734,376,311.90724586507787,4,8,0.5
553,11.300139771250542,8,3.9233758337795734,419,311.90257039402525,7,8,0.875
690,14.099631902645342,8,3.9233758337795734,282,311.8550490409261,6,7,0.8571428571428571
132,2.6973208857234567,12,5.88506375066936,48,311.85128902747255,18,35,0.5142857142857142
308,6.293748733354732,8,3.9233758337795734,48,311.8249853726886,9,15,0.6
108,2.20689890650101,12,5.88506375066936,0,311.8132347039646,23,43,0.5348837209302325
691,14.12006615177961,8,3.9233758337795734,281,311.7995343746151,6,7,0.8571428571428571
384,7.846751667559147,8,3.9233758337795734,204,311.7653679352563,8,12,0.6666666666666666
324,6.62069671950303,8,3.9233758337795734,0,311.7644150942049,7,15,0.4666666666666667
479,9.788005335314665,8,3.9233758337795734,14,311.7503493248771,6,10,0.6
626,12.791839958052151,6,2.94253187533468,346,311.73497694648074,3,7,0.42857142857142855
304,6.212011736817658,8,3.9233758337795734,60,311.73433011892064,7,16,0.4375
584,11.93360149441287,8,3.9233758337795734,388,311.7251358517689,4,8,0.5
701,14.324408643122297,8,3.9233758337795734,271,311.7073513892236,6,7,0.8571428571428571
593,12.117509736621287,8,3.9233758337795734,379,311.69724860382104,5,8,0.625
149,3.044703121006023,8,3.9233758337795734,78,311.68492680913687,16,31,0.5161290322580645
144,2.94253187533468,4,1.9616879168897867,108,311.64916631532304,7,32,0.21875
129,2.636018138320651,12,5.88506375066936,69,311.6491599636222,22,36,0.6111111111111112
441,9.011503868212458,8,3.9233758337795734,90,311.6376783063825,6,11,0.5454545454545454
636,12.996182449394837,8,3.9233758337795734,336,311.6363508891976,4,7,0.5714285714285714
337,6.886341958248522,12,5.88506375066936,298,311.58407142723746,7,13,0.5384615384615384
624,12.750971459783614,6,2.94253187533468,348,311.53628112307086,3,7,0.42857142857142855
400,8.173699653707445,8,3.9233758337795734,172,311.5327038327504,7,12,0.5833333333333334
406,8.296305148513056,8,3.9233758337795734,160,311.5240890778659,7,12,0.5833333333333334
519,10.60537530068541,8,3.9233758337795734,453,311.5113208437666,9,9,1.0
627,12.81227420718642,6,2.94253187533468,345,311.509952476048,3,7,0.42857142857142855
666,13.609209923422895,12,5.88506375066936,306,311.5089741725768,4,7,0.5714285714285714
399,8.153265404573176,8,3.9233758337795734,174,311.4815115412753,7,12,0.5833333333333334
367,7.4993694322765805,8,3.9233758337795734,238,311.4793343273153,8,12,0.6666666666666666
702,14.344842892256565,8,3.9233758337795734,270,311.37415356624206,6,7,0.8571428571428571
606,12.383154975366779,8,3.9233758337795734,366,311.3676514920938,4,8,0.5
625,12.771405708917882,6,2.94253187533468,347,311.35459277826686,3,7,0.42857142857142855
668,13.650078421691433,12,5.88506375066936,304,311.32754289937367,5,7,0.7142857142857143
518,10.58494105155114,8,3.9233758337795734,454,311.30042211183803,9,9,1.0
368,7.519803681410849,8,3.9233758337795734,236,311.29671153999624,9,12,0.75
652,13.323130435543135,8,3.9233758337795734,320,311.2890706729973,5,7,0.7142857142857143
81,1.6551741798757575,12,5.88506375066936,0,311.2722166714305,34,58,0.5862068965517241
634,12.9553139511263,6,2.94253187533468,338,311.26954578665163,3,7,0.42857142857142855
310,6.33461723162327,8,3.9233758337795734,42,311.258910051918,10,15,0.6666666666666666
227,4.638574553478975,12,5.88506375066936,64,311.2158426542067,13,21,0.6190476190476191
595,12.158378234889824,8,3.9233758337795734,377,311.1027075868013,4,8,0.5
301,6.150708989414852,8,3.9233758337795734,69,311.08805958967173,7,16,0.4375
604,12.342286477098241,8,3.9233758337795734,368,311.0572052743881,4,8,0.5
383,7.826317418424878,8,3.9233758337795734,206,311.04272335865386,8,12,0.6666666666666666
726,14.835264871479012,8,3.9233758337795734,246,311.0135554780018,6,7,0.8571428571428571
405,8.275870899378788,8,3.9233758337795734,162,310.99345992642054,7,12,0.5833333333333334
409,8.357607895915862,8,3.9233758337795734,154,310.94742072509626,8,11,0.7272727272727273
92,1.8799509203527123,12,5.88506375066936,52,310.94403818732934,24,50,0.48
68,1.3895289411302656,20,9.808439584448934,20,310.9390184125594,39,68,0.5735294117647058
315,6.436788477294613,8,3.9233758337795734,27,310.9382404027427,7,15,0.4666666666666667
594,12.137943985755555,8,3.9233758337795734,378,310.9134208339472,5,8,0.625
64,1.3077919445931911,16,7.846751667559147,12,310.8640767564728,41,73,0.5616438356164384
61,1.2464891971903853,20,9.808439584448934,57,310.85770229339573,43,76,0.5657894736842105
724,14.794396373210475,8,3.9233758337795734,248,310.8270145835115,6,7,0.8571428571428571
282,5.7624582558637485,8,3.9233758337795734,126,310.81808364119325,7,16,0.4375
582,11.892732996144332,8,3.9233758337795734,390,310.7756109488677,4,8,0.5
115,2.3499386504408903,12,5.88506375066936,52,310.75759872731584,24,40,0.6
689,14.079197653511073,8,3.9233758337795734,283,310.7568806744213,6,7,0.8571428571428571
78,1.5938714324729517,12,5.88506375066936,36,310.72549479334333,34,59,0.576271186440678
352,7.192855695262551,8,3.9233758337795734,268,310.71388693595713,8,13,0.6153846153846154
725,14.814830622344743,8,3.9233758337795734,247,310.7042137571467,6,7,0.8571428571428571
667,13.629644172557164,12,5.88506375066936,305,310.6949632920811,4,7,0.5714285714285714
605,12.36272072623251,8,3.9233758337795734,367,310.6917682272568,4,8,0.5
464,9.481491598300636,8,3.9233758337795734,44,310.68089262079116,7,10,0.7
401,8.194133902841713,8,3.9233758337795734,170,310.678768797647,8,12,0.6666666666666666
130,2.6564523874549195,12,5.88506375066936,62,310.64339410356524,22,36,0.6111111111111112
398,8.132831155438907,8,3.9233758337795734,176,310.6396848219135,7,12,0.5833333333333334
703,14.365277141390834,8,3.9233758337795734,269,310.6026616378262,6,7,0.8571428571428571
422,8.623253134661354,8,3.9233758337795734,128,310.5933076737828,7,11,0.6363636363636364
169,3.4533881036913954,12,5.88506375066936,127,310.5671010024454,17,27,0.6296296296296297
432,8.82759562600404,6,2.94253187533468,108,310.5639958753176,3,11,0.2727272727272727
468,9.56322859483771,8,3.9233758337795734,36,310.534502882916,6,10,0.6
478,9.767571086180396,8,3.9233758337795734,16,310.50581376223784,6,10,0.6
623,12.730537210649345,6,2.94253187533468,349,310.44239324834916,4,7,0.5714285714285714
142,2.901663377066143,6,2.94253187533468,120,310.41940655521233,10,32,0.3125
457,9.338451854360756,8,3.9233758337795734,58,310.3533794885288,6,11,0.5454545454545454
143,2.9220976262004115,4,1.9616879168897867,114,310.3474601190042,7,32,0.21875
298,6.089406242012046,8,3.9233758337795734,78,310.3085258901954,7,16,0.4375
622,12.710102961515076,6,2.94253187533468,350,310.3054638618089,4,7,0.5714285714285714
431,8.807161376869772,6,2.94253187533468,110,310.30016229260144,3,11,0.2727272727272727
370,7.560672179679386,8,3.9233758337795734,232,310.26969271088046,8,12,0.6666666666666666
102,2.0842934116953984,12,5.88506375066936,54,310.2439929466459,25,45,0.5555555555555556
293,5.987234996340703,8,3.9233758337795734,93,310.22718131380236,8,16,0.5
71,1.4508316885330714,12,5.88506375066936,49,310.19667060693604,39,65,0.6
730,14.917001868016087,6,2.94253187533468,242,310.19367274363486,5,7,0.7142857142857143
407,8.316739397647325,8,3.9233758337795734,158,310.1825968288281,8,11,0.7272727272727273
410,8.37804214505013,8,3.9233758337795734,152,310.17701336116,8,11,0.7272727272727273
307,6.273314484220464,8,3.9233758337795734,51,310.0948747041081,9,15,0.6
290,5.925932248937897,8,3.9233758337795734,102,310.0468759529219,7,16,0.4375
554,11.32057402038481,8,3.9233758337795734,418,309.907433696416,7,8,0.875
323,6.600262470368762,8,3.9233758337795734,3,309.8989888099167,8,15,0.5333333333333333
633,12.934879701992031,6,2.94253187533468,339,309.8953705505901,4,7,0.5714285714285714
55,1.1238837023847736,16,7.846751667559147,37,309.8863544581355,46,84,0.5476190476190477
460,9.399754601763561,8,3.9233758337795734,52,309.8854591423384,7,10,0.7
528,10.789283542893827,6,2.94253187533468,444,309.87226551100247,4,8,0.5
305,6.232445985951927,8,3.9233758337795734,57,309.86929649289164,9,16,0.5625
557,11.381876767787617,8,3.9233758337795734,415,309.8436926699995,7,8,0.875
583,11.9131672452786,8,3.9233758337795734,389,309.83991858619856,4,8,0.5
421,8.602818885527086,8,3.9233758337795734,130,309.7938870588629,7,11,0.6363636363636364
659,13.466170179483015,8,3.9233758337795734,313,309.78973235935223,3,7,0.42857142857142855
529,10.809717792028096,6,2.94253187533468,443,309.78969212117033,4,8,0.5
530,10.830152041162364,6,2.94253187533468,442,309.7727018066555,4,8,0.5
360,7.3563296883367,8,3.9233758337795734,252,309.7254219158258,8,13,0.6153846153846154
588,12.015338490949944,8,3.9233758337795734,384,309.68480429676276,5,8,0.625
632,12.914445452857763,6,2.94253187533468,340,309.64889210853823,4,7,0.5714285714285714
420,8.582384636392817,8,3.9233758337795734,132,309.6379381533091,7,11,0.6363636363636364
456,9.318017605226487,8,3.9233758337795734,60,309.58420253828757,6,11,0.5454545454545454
284,5.803326754132286,6,2.94253187533468,120,309.5499421660607,3,16,0.1875
385,7.8671859166934155,8,3.9233758337795734,202,309.5463251873499,8,12,0.6666666666666666
359,7.335895439202432,8,3.9233758337795734,254,309.51125533511225,8,13,0.6153846153846154
188,3.841638837242499,8,3.9233758337795734,32,309.50831291009456,10,25,0.4
151,3.0855716192745604,8,3.9233758337795734,66,309.49223840593123,14,31,0.45161290322580644
297,6.068971992877778,8,3.9233758337795734,81,309.4462252203619,8,16,0.5
322,6.579828221234493,8,3.9233758337795734,6,309.43829662656003,9,15,0.6
378,7.724146172753535,8,3.9233758337795734,216,309.43342820256703,7,12,0.5833333333333334
402,8.214568151975982,8,3.9233758337795734,168,309.4114408860742,8,12,0.6666666666666666
386,7.887620165827684,8,3.9233758337795734,200,309.3906262576335,8,12,0.6666666666666666
449,9.174977861286607,8,3.9233758337795734,74,309.3453370719949,5,11,0.45454545454545453
101,2.06385916256113,12,5.88506375066936,63,309.33589087333866,23,46,0.5
688,14.058763404376805,8,3.9233758337795734,284,309.32813495678766,6,7,0.8571428571428571
285,5.823761003266554,6,2.94253187533468,117,309.31571586691643,3,16,0.1875
525,10.727980795491021,6,2.94253187533468,447,309.3141498143794,5,8,0.625
463,9.461057349166367,8,3.9233758337795734,46,309.3003275501356,7,10,0.7
423,8.643687383795623,8,3.9233758337795734,126,309.2824096587601,6,11,0.5454545454545454
708,14.467448387062177,6,2.94253187533468,264,309.2788083062658,3,7,0.42857142857142855
459,9.379320352629293,8,3.9233758337795734,54,309.19643855849125,7,10,0.7
411,8.3984763941844,8,3.9233758337795734,150,309.16846393171335,8,11,0.7272727272727273
618,12.628365964978002,6,2.94253187533468,354,309.1640025171993,5,7,0.7142857142857143
404,8.25543665024452,8,3.9233758337795734,164,309.14392148666457,7,12,0.5833333333333334
450,9.195412110420875,8,3.9233758337795734,72,309.1061331308873,5,11,0.45454545454545453
428,8.745858629466966,8,3.9233758337795734,116,309.0907902310956,4,11,0.36363636363636365
458,9.358886103495024,8,3.9233758337795734,56,309.0352891725104,7,10,0.7
88,1.7982139238156378,12,5.88506375066936,4,309.03028335863894,26,53,0.49056603773584906
412,8.418910643318668,8,3.9233758337795734,148,309.0301129479795,8,11,0.7272727272727273
397,8.112396906304639,8,3.9233758337795734,178,309.0033569986988,7,12,0.5833333333333334
590,12.05620698921848,8,3.9233758337795734,382,308.9890126049559,6,8,0.75
225,4.597706055210438,12,5.88506375066936,72,308.9869474742023,11,21,0.5238095238095238
473,9.665399840509053,8,3.9233758337795734,26,308.97657935390964,5,10,0.5
686,14.017894906108268,8,3.9233758337795734,286,308.9688176966786,5,7,0.7142857142857143
350,7.151987196994014,8,3.9233758337795734,272,308.96082984076827,9,13,0.6923076923076923
524,10.707546546356753,6,2.94253187533468,448,308.9594207034977,5,8,0.625
358,7.315461190068163,8,3.9233758337795734,256,308.951163479278,8,13,0.6153846153846154
287,5.8646295015350915,6,2.94253187533468,111,308.93327125793445,4,16,0.25
286,5.844195252400823,6,2.94253187533468,114,308.90978401485285,3,16,0.1875
87,1.7777796746813692,12,5.88506375066936,15,308.8866849412028,28,54,0.5185185185185185
487,9.951479328388814,6,2.94253187533468,485,308.87418157842484,5,9,0.5555555555555556
495,10.114953321462963,6,2.94253187533468,477,308.8709499829334,4,9,0.4444444444444444
621,12.689668712380808,6,2.94253187533468,351,308.8380154330079,5,7,0.7142857142857143
729,14.896567618881818,6,2.94253187533468,243,308.8322771086241,5,7,0.7142857142857143
709,14.487882636196446,6,2.94253187533468,263,308.816055942705,3,7,0.42857142857142855
494,10.094519072328694,6,2.94253187533468,478,308.79673738198636,4,9,0.4444444444444444
430,8.786727127735503,6,2.94253187533468,112,308.793460429761,4,11,0.36363636363636365
60,1.2260549480561167,16,7.846751667559147,12,308.7864172410284,40,78,0.5128205128205128
336,6.8659077091142535,12,5.88506375066936,300,308.7482912624651,8,13,0.6153846153846154
156,3.1877428649459034,8,3.9233758337795734,36,308.7366134904603,17,30,0.5666666666666667
114,2.3295044013066217,12,5.88506375066936,60,308.7358979231377,21,41,0.5121951219512195
83,1.6960426781442948,16,7.846751667559147,59,308.7245348608699,30,56,0.5357142857142857
685,13.997460656973999,8,3.9233758337795734,287,308.720766964308,5,7,0.7142857142857143
591,12.07664123835275,8,3.9233758337795734,381,308.71731183746255,6,8,0.75
707,14.447014137927908,6,2.94253187533468,265,308.70044548581814,3,7,0.42857142857142855
589,12.035772740084212,8,3.9233758337795734,383,308.68180308571664,6,8,0.75
467,9.542794345703442,8,3.9233758337795734,38,308.63730485649205,6,10,0.6
526,10.74841504462529,6,2.94253187533468,446,308.6355280574351,5,8,0.625
288,5.88506375066936,6,2.94253187533468,108,308.6145671569169,4,16,0.25
642,13.118787944200449,8,3.9233758337795734,330,308.60996879883237,5,7,0.7142857142857143
687,14.038329155242536,8,3.9233758337795734,285,308.60717708190737,6,7,0.8571428571428571
462,9.440623100032099,8,3.9233758337795734,48,308.5479276396942,7,10,0.7
693,14.160934650048148,6,2.94253187533468,279,308.5457627864202,5,7,0.7142857142857143
619,12.64880021411227,6,2.94253187533468,353,308.4682760192638,5,7,0.7142857142857143
615,12.567063217575196,6,2.94253187533468,357,308.45996529418187,4,7,0.5714285714285714
660,13.486604428617284,8,3.9233758337795734,312,308.4167360376548,3,7,0.42857142857142855
461,9.42018885089783,8,3.9233758337795734,50,308.4123574701064,7,10,0.7
592,12.097075487487018,8,3.9233758337795734,380,308.39825760425174,6,8,0.75
426,8.704990131198429,8,3.9233758337795734,120,308.38149777162744,4,11,0.36363636363636365
291,5.946366498072166,8,3.9233758337795734,99,308.3495271165515,7,16,0.4375
694,14.181368899182416,6,2.94253187533468,278,308.3252988876847,5,7,0.7142857142857143
427,8.725424380332697,8,3.9233758337795734,118,308.3225767419774,4,11,0.36363636363636365
697,14.242671646585222,6,2.94253187533468,275,308.32213900200276,6,7,0.8571428571428571
429,8.766292878601234,6,2.94253187533468,114,308.31679842959005,3,11,0.2727272727272727
496,10.135387570597231,6,2.94253187533468,476,308.31380494365095,4,9,0.4444444444444444
705,14.406145639659371,6,2.94253187533468,267,308.28472103047926,4,7,0.5714285714285714
465,9.501925847434904,8,3.9233758337795734,42,308.28089240519785,7,10,0.7
317,6.47765697556315,8,3.9233758337795734,21,308.28019098038874,8,15,0.5333333333333333
357,7.295026940933894,8,3.9233758337795734,258,308.266831946235,8,13,0.6153846153846154
731,14.937436117150355,6,2.94253187533468,241,308.25136330952995,5,7,0.7142857142857143
447,9.13410936301807,8,3.9233758337795734,78,308.24236703832975,7,11,0.6363636363636364
451,9.215846359555144,8,3.9233758337795734,70,308.22985912513025,6,11,0.5454545454545454
616,12.587497466709465,6,2.94253187533468,356,308.22125848930597,4,7,0.5714285714285714
244,4.985956788761541,8,3.9233758337795734,240,308.2072248415888,11,19,0.5789473684210527
433,8.848029875138309,6,2.94253187533468,106,308.2009808627307,4,11,0.36363636363636365
732,14.957870366284624,6,2.94253187533468,240,308.19542242552035,5,7,0.7142857142857143
710,14.508316885330714,6,2.94253187533468,262,308.1862852302792,3,7,0.42857142857142855
262,5.353773273178376,8,3.9233758337795734,186,308.1776776804705,9,17,0.5294117647058824
448,9.154543612152338,8,3.9233758337795734,76,308.1752542853571,7,11,0.6363636363636364
302,6.171143238549121,8,3.9233758337795734,66,308.1733438078484,7,16,0.4375
555,11.34100826951908,8,3.9233758337795734,417,308.1037402150166,7,8,0.875
523,10.687112297222484,6,2.94253187533468,449,308.08324932211116,6,9,0.6666666666666666
684,13.97702640783973,8,3.9233758337795734,288,308.06359794579055,5,7,0.7142857142857143
174,3.5555593493627384,8,3.9233758337795734,102,308.0334988246245,15,27,0.5555555555555556
556,11.361442518653348,8,3.9233758337795734,416,308.0325264569714,7,8,0.875
66,1.3486604428617284,16,7.846751667559147,48,307.9919479427833,37,70,0.5285714285714286
620,12.66923446324654,6,2.94253187533468,352,307.95677126657915,5,7,0.7142857142857143
226,4.618140304344706,12,5.88506375066936,68,307.9115409164485,13,21,0.6190476190476191
52,1.0625809549819678,16,7.846751667559147,36,307.9027168318766,55,89,0.6179775280898876
510,10.421467058476992,6,2.94253187533468,462,307.8349574432543,6,9,0.6666666666666666
522,10.666678048088215,6,2.94253187533468,450,307.8175044897786,7,9,0.7777777777777778
265,5.415076020581182,8,3.9233758337795734,177,307.8130481848474,9,17,0.5294117647058824
521,10.646243798953947,6,2.94253187533468,451,307.8128579289673,7,9,0.7777777777777778
733,14.978304615418892,6,2.94253187533468,239,307.81034969226766,4,6,0.6666666666666666
734,14.998738864553161,6,2.94253187533468,238,307.7845967001098,4,6,0.6666666666666666
325,6.641130968637299,8,3.9233758337795734,322,307.77154551460694,8,14,0.5714285714285714
247,5.047259536164347,8,3.9233758337795734,231,307.77006817473244,9,18,0.5
152,3.106005868408829,8,3.9233758337795734,60,307.7632409419789,17,31,0.5483870967741935
314,6.416354228160344,6,2.94253187533468,30,307.75188162852,6,15,0.4
414,8.459779141587205,8,3.9233758337795734,144,307.7468206982039,9,11,0.8181818181818182
539,11.014060283370782,6,2.94253187533468,433,307.6929235684764,4,8,0.5
711,14.528751134464983,6,2.94253187533468,261,307.63005598389,3,7,0.42857142857142855
446,9.1136751138838,8,3.9233758337795734,80,307.6197146616621,7,11,0.6363636363636364
356,7.274592691799626,8,3.9233758337795734,260,307.6152824867232,8,13,0.6153846153846154
721,14.733093625807669,6,2.94253187533468,251,307.60544354163034,4,7,0.5714285714285714
390,7.9693571623647586,8,3.9233758337795734,192,307.6039603493873,8,12,0.6666666666666666
617,12.607931715843733,6,2.94253187533468,355,307.5770501390051,4,7,0.5714285714285714
393,8.030659909767564,8,3.9233758337795734,186,307.5596212627607,8,12,0.6666666666666666
346,7.07025020045694,8,3.9233758337795734,280,307.5415913422999,9,13,0.6923076923076923
491,10.033216324925888,6,2.94253187533468,481,307.52051097721005,4,9,0.4444444444444444
564,11.524916511727497,6,2.94253187533468,408,307.4843376853512,4,8,0.5
392,8.010225660633296,8,3.9233758337795734,188,307.47416506521057,8,12,0.6666666666666666
249,5.088128034432884,8,3.9233758337795734,225,307.4718536729111,10,18,0.5555555555555556
248,5.067693785298616,8,3.9233758337795734,228,307.4499389416251,9,18,0.5
719,14.692225127539132,16,7.846751667559147,257,307.4491856482052,3,7,0.42857142857142855
353,7.21328994439682,8,3.9233758337795734,266,307.4423186449785,9,13,0.6923076923076923
527,10.768849293759558,6,2.94253187533468,445,307.42546997145087,6,8,0.75
683,13.956592158705462,8,3.9233758337795734,289,307.4158220174147,5,7,0.7142857142857143
493,10.074084823194426,6,2.94253187533468,479,307.4032613582338,4,9,0.4444444444444444
403,8.23500240111025,8,3.9233758337795734,166,307.40220087395875,8,12,0.6666666666666666
492,10.053650574060157,6,2.94253187533468,480,307.34331004899013,4,9,0.4444444444444444
512,10.46233555674553,6,2.94253187533468,460,307.3424917739984,6,9,0.6666666666666666
445,9.093240864749532,8,3.9233758337795734,82,307.33943740967896,6,11,0.5454545454545454
647,13.220959189871792,6,2.94253187533468,325,307.3319364420149,4,7,0.5714285714285714
513,10.482769805879798,6,2.94253187533468,459,307.3261575458192,6,9,0.6666666666666666
489,9.992347826657351,6,2.94253187533468,483,307.31597415232386,4,9,0.4444444444444444
597,12.199246733158361,6,2.94253187533468,375,307.3026342582394,3,8,0.375
490,10.01278207579162,6,2.94253187533468,482,307.28164613519834,4,9,0.4444444444444444
661,13.507038677751552,8,3.9233758337795734,311,307.2703823276492,3,7,0.42857142857142855
706,14.42657988879364,6,2.94253187533468,266,307.25168014975486,4,7,0.5714285714285714
452,9.236280608689412,8,3.9233758337795734,68,307.2443283276491,6,11,0.5454545454545454
345,7.049815951322671,8,3.9233758337795734,282,307.2392105313493,9,13,0.6923076923076923
646,13.200524940737523,6,2.94253187533468,326,307.2140820576589,5,7,0.7142857142857143
295,6.02810349460924,8,3.9233758337795734,87,307.20744652389504,8,16,0.5
508,10.380598560208455,6,2.94253187533468,464,307.19158873504955,5,9,0.5555555555555556
698,14.263105895719491,6,2.94253187533468,274,307.1559705312713,6,7,0.8571428571428571
374,7.642409176216461,6,2.94253187533468,224,307.15242143346364,4,12,0.3333333333333333
481,9.828873833583202,6,2.94253187533468,10,307.15173434488213,5,10,0.5
105,2.1455961590982042,12,5.88506375066936,27,307.15158731103674,25,44,0.5681818181818182
612,12.50576047017239,6,2.94253187533468,360,307.1436487645485,4,7,0.5714285714285714
563,11.504482262593228,6,2.94253187533468,409,307.135761363004,4,8,0.5
579,11.831430248741526,6,2.94253187533468,393,307.0987222535895,3,8,0.375
394,8.051094158901833,8,3.9233758337795734,184,307.0791842774293,9,12,0.75
376,7.683277674484998,6,2.94253187533468,220,307.0727732630019,4,12,0.3333333333333333
364,7.438066684873775,8,3.9233758337795734,244,307.0642413245746,10,13,0.7692307692307693
511,10.44190130761126,6,2.94253187533468,461,307.0529635942836,6,9,0.6666666666666666
648,13.24139343900606,6,2.94253187533468,324,307.051926449033,4,7,0.5714285714285714
413,8.439344892452937,8,3.9233758337795734,146,307.0518636299014,9,11,0.8181818181818182
419,8.561950387258548,8,3.9233758337795734,134,307.0467223690093,9,11,0.8181818181818182
488,9.971913577523082,6,2.94253187533468,484,307.0357937970373,5,9,0.5555555555555556
289,5.905497999803629,6,2.94253187533468,105,307.03247983766994,4,16,0.25
396,8.09196265717037,8,3.9233758337795734,180,307.0172131290531,8,12,0.6666666666666666
641,13.09835369506618,8,3.9233758337795734,331,306.9916108204648,5,7,0.7142857142857143
600,12.260549480561167,6,2.94253187533468,372,306.9808568006289,3,8,0.375
138,2.8199263805290684,12,5.88506375066936,6,306.9614723216503,23,34,0.6764705882352942
704,14.385711390525103,6,2.94253187533468,268,306.9303201951275,4,7,0.5714285714285714
696,14.222237397450954,6,2.94253187533468,276,306.8885704156468,6,7,0.8571428571428571
251,5.1289965327014215,8,3.9233758337795734,219,306.8867490769987,9,18,0.5
533,10.89145478856517,6,2.94253187533468,439,306.8648806621901,4,8,0.5
283,5.782892504998017,8,3.9233758337795734,123,306.85624836454684,7,16,0.4375
598,12.21968098229263,6,2.94253187533468,374,306.85616925683814,3,8,0.375
415,8.480213390721474,8,3.9233758337795734,142,306.81620316074634,9,11,0.8181818181818182
682,13.936157909571193,8,3.9233758337795734,290,306.80580148227,5,7,0.7142857142857143
643,13.139222193334717,6,2.94253187533468,329,306.79501924479024,4,7,0.5714285714285714
514,10.503204055014066,6,2.94253187533468,458,306.7851185728234,6,9,0.6666666666666666
327,6.681999466905836,8,3.9233758337795734,318,306.7711329358068,7,14,0.5
439,8.97063536994392,6,2.94253187533468,94,306.75670241226265,4,11,0.36363636363636365
309,6.314182982489001,8,3.9233758337795734,45,306.7433921326703,11,15,0.7333333333333333
509,10.401032809342723,6,2.94253187533468,463,306.74026796721563,6,9,0.6666666666666666
599,12.240115231426898,6,2.94253187533468,373,306.73045771548567,3,8,0.375
316,6.457222726428881,8,3.9233758337795734,24,306.7249932232132,9,15,0.6
471,9.624531342240516,6,2.94253187533468,30,306.716392096365,4,10,0.4
146,2.9834003736032173,6,2.94253187533468,96,306.7020733738906,16,32,0.5
67,1.369094691995997,20,9.808439584448934,34,306.7007449401832,35,69,0.5072463768115942
562,11.48404801345896,6,2.94253187533468,410,306.6961851375654,4,8,0.5
303,6.191577487683389,8,3.9233758337795734,63,306.66898838231975,7,16,0.4375
375,7.662843425350729,6,2.94253187533468,222,306.667940661444,4,12,0.3333333333333333
231,4.720311550016049,8,3.9233758337795734,48,306.6519293367788,11,20,0.55
203,4.148152574256528,8,3.9233758337795734,160,306.6266769706844,11,23,0.4782608695652174
695,14.201803148316685,6,2.94253187533468,277,306.59232067561885,6,7,0.8571428571428571
472,9.644965591374785,6,2.94253187533468,28,306.5772395909924,4,10,0.4
515,10.523638304148335,6,2.94253187533468,457,306.5454835003092,8,9,0.8888888888888888
187,3.8212045881082304,8,3.9233758337795734,37,306.539150506866,10,25,0.4
294,6.007669245474972,8,3.9233758337795734,90,306.49328934079745,8,16,0.5
434,8.868464124272577,6,2.94253187533468,104,306.47238428571904,5,11,0.45454545454545453
608,12.424023473635316,6,2.94253187533468,364,306.4296434231667,4,8,0.5
535,10.932323286833707,6,2.94253187533468,437,306.4245467821204,5,8,0.625
610,12.464891971903853,6,2.94253187533468,362,306.4192122800366,4,8,0.5
639,13.057485196797643,8,3.9233758337795734,333,306.4156559358818,5,7,0.7142857142857143
532,10.871020539430901,6,2.94253187533468,440,306.4027022424947,4,8,0.5
640,13.077919445931911,8,3.9233758337795734,332,306.3601865844338,5,7,0.7142857142857143
611,12.485326221038122,6,2.94253187533468,361,306.3535389786368,4,7,0.5714285714285714
332,6.784170712577179,12,5.88506375066936,308,306.33518631565795,7,14,0.5
361,7.376763937470969,8,3.9233758337795734,250,306.29729040910456,10,13,0.7692307692307693
246,5.0268252870300785,8,3.9233758337795734,234,306.2953569476762,9,18,0.5
609,12.444457722769585,6,2.94253187533468,363,306.2860501679567,4,8,0.5
264,5.3946417714469135,8,3.9233758337795734,180,306.2838996178632,9,17,0.5294117647058824
613,12.526194719306659,6,2.94253187533468,359,306.27403827900605,4,7,0.5714285714285714
148,3.0242688718717545,8,3.9233758337795734,84,306.27271006889674,19,31,0.6129032258064516
536,10.952757535967976,6,2.94253187533468,436,306.2472338952566,5,8,0.625
722,14.753527874941938,6,2.94253187533468,250,306.18781722858415,4,7,0.5714285714285714
498,10.176256068865769,6,2.94253187533468,474,306.1840719007655,6,9,0.6666666666666666
662,13.527472926885821,8,3.9233758337795734,310,306.16684831669176,3,7,0.42857142857142855
644,13.159656442468986,6,2.94253187533468,328,306.1182968832853,5,7,0.7142857142857143
344,7.029381702188402,8,3.9233758337795734,284,306.092398172174,8,13,0.6153846153846154
645,13.180090691603255,6,2.94253187533468,327,306.08786662614943,5,7,0.7142857142857143
601,12.280983729695436,6,2.94253187533468,371,306.08624134659834,4,8,0.5
637,13.016616698529106,8,3.9233758337795734,335,306.061458314979,5,7,0.7142857142857143
540,11.03449453250505,6,2.94253187533468,432,306.021070175548,5,8,0.625
504,10.29886156367138,6,2.94253187533468,468,305.9944049306863,6,9,0.6666666666666666
538,10.993626034236513,6,2.94253187533468,434,305.98012567997796,5,8,0.625
534,10.911889037699439,6,2.94253187533468,438,305.9792711222219,4,8,0.5
387,7.908054414961953,8,3.9233758337795734,198,305.9484421041699,9,12,0.75
391,7.989791411499027,8,3.9233758337795734,190,305.944128350672,8,12,0.6666666666666666
516,10.544072553282604,6,2.94253187533468,456,305.9369623734908,8,9,0.8888888888888888
537,10.973191785102244,6,2.94253187533468,435,305.93206858152337,5,8,0.625
440,8.99106961907819,6,2.94253187533468,92,305.92056427569344,5,11,0.45454545454545453
477,9.747136837046128,8,3.9233758337795734,18,305.9181647566387,7,10,0.7
681,13.915723660436925,8,3.9233758337795734,291,305.8921980476172,5,7,0.7142857142857143
544,11.116231529042125,6,2.94253187533468,428,305.88882774071664,5,8,0.625
506,10.339730061939918,6,2.94253187533468,466,305.87096906783546,6,9,0.6666666666666666
436,8.909332622541115,6,2.94253187533468,100,305.8447222944623,5,11,0.45454545454545453
232,4.740745799150318,8,3.9233758337795734,44,305.8400450969379,13,20,0.65
343,7.008947453054134,8,3.9233758337795734,286,305.8356367229416,7,13,0.5384615384615384
161,3.2899141106172465,8,3.9233758337795734,6,305.82897706966594,18,29,0.6206896551724138
453,9.256714857823681,8,3.9233758337795734,66,305.8002974102934,6,11,0.5454545454545454
531,10.850586290296633,6,2.94253187533468,441,305.7348623472454,4,8,0.5
638,13.037050947663374,8,3.9233758337795734,334,305.7266013992452,5,7,0.7142857142857143
351,7.172421446128283,8,3.9233758337795734,270,305.7124199197367,10,13,0.7692307692307693
561,11.463613764324691,6,2.94253187533468,411,305.7099216684126,4,8,0.5
418,8.54151613812428,8,3.9233758337795734,136,305.6915514635596,9,11,0.8181818181818182
355,7.254158442665357,8,3.9233758337795734,262,305.6606423958753,9,13,0.6923076923076923
454,9.27714910695795,8,3.9233758337795734,64,305.63823325633047,6,11,0.5454545454545454
416,8.500647639855742,8,3.9233758337795734,140,305.56390142905843,9,11,0.8181818181818182
166,3.3920853562885895,12,5.88506375066936,142,305.5468801777448,17,28,0.6071428571428571
503,10.278427314537112,6,2.94253187533468,469,305.5456573370195,6,9,0.6666666666666666
326,6.661565217771567,8,3.9233758337795734,320,305.52920546457324,8,14,0.5714285714285714
328,6.702433716040105,8,3.9233758337795734,316,305.51939548878977,6,14,0.42857142857142855
168,3.4329538545571268,12,5.88506375066936,132,305.5081038848457,17,27,0.6296296296296297
474,9.685834089643322,8,3.9233758337795734,24,305.5033568626031,7,10,0.7
565,11.545350760861766,6,2.94253187533468,407,305.4902568833884,5,8,0.625
395,8.071528408036102,8,3.9233758337795734,182,305.4901709257856,9,12,0.75
186,3.8007703389739618,8,3.9233758337795734,42,305.48214716446125,12,25,0.48
502,10.257993065402843,6,2.94253187533468,470,305.480130879836,6,9,0.6666666666666666
342,6.988513203919865,8,3.9233758337795734,288,305.439567523762,7,13,0.5384615384615384
505,10.319295812805649,6,2.94253187533468,467,305.42367212173457,6,9,0.6666666666666666
545,11.136665778176393,6,2.94253187533468,427,305.40868045957615,5,8,0.625
250,5.108562283567153,8,3.9233758337795734,222,305.40790360771814,10,18,0.5555555555555556
482,9.84930808271747,6,2.94253187533468,8,305.3850160745983,5,10,0.5
252,5.14943078183569,8,3.9233758337795734,216,305.38082326792284,10,18,0.5555555555555556
335,6.845473459979985,12,5.88506375066936,302,305.3412757824796,8,13,0.6153846153846154
497,10.1558218197315,6,2.94253187533468,475,305.31889209095965,6,9,0.6666666666666666
469,9.583662843971979,6,2.94253187533468,34,305.29787113207124,5,10,0.5
480,9.808439584448934,6,2.94253187533468,12,305.28616592307424,5,10,0.5
435,8.888898373406846,6,2.94253187533468,102,305.2686141981656,5,11,0.45454545454545453
117,2.3908071487094276,12,5.88506375066936,36,305.23091168047716,25,40,0.625
354,7.2337241935310885,8,3.9233758337795734,264,305.19837837055474,9,13,0.6923076923076923
567,11.586219259130303,6,2.94253187533468,405,305.18984432153843,3,8,0.375
128,2.6155838891863823,12,5.88506375066936,76,305.1747786507541,22,36,0.6111111111111112
224,4.577271806076169,12,5.88506375066936,76,305.1631443053393,14,21,0.6666666666666666
153,3.1264401175430976,8,3.9233758337795734,54,305.1489473821839,19,30,0.6333333333333333
443,9.052372366480995,8,3.9233758337795734,86,305.1341172769389,6,11,0.5454545454545454
221,4.515969058673363,12,5.88506375066936,88,305.1207071482106,13,21,0.6190476190476191
437,8.929766871675383,6,2.94253187533468,98,305.10503235016307,4,11,0.36363636363636365
253,5.169865030969959,8,3.9233758337795734,213,305.07152406344454,10,18,0.5555555555555556
296,6.048537743743509,8,3.9233758337795734,84,305.0671851480762,9,16,0.5625
653,13.343564684677403,6,2.94253187533468,319,305.0243504966149,4,7,0.5714285714285714
80,1.634739930741489,12,5.88506375066936,12,305.0218418473329,33,58,0.5689655172413793
541,11.054928781639319,6,2.94253187533468,431,304.96521611290115,6,8,0.75
631,12.894011203723494,4,1.9616879168897867,341,304.95296380925697,3,7,0.42857142857142855
580,11.851864497875795,6,2.94253187533468,392,304.930421696184,4,8,0.5
499,10.196690318000037,6,2.94253187533468,473,304.9002136986457,6,9,0.6666666666666666
204,4.168586823390797,8,3.9233758337795734,156,304.8967220149996,12,22,0.5454545454545454
649,13.261827688140329,6,2.94253187533468,323,304.89353525968227,5,7,0.7142857142857143
542,11.075363030773588,6,2.94253187533468,430,304.83901142536473,6,8,0.75
155,3.167308615811635,8,3.9233758337795734,42,304.8019805071072,20,30,0.6666666666666666
585,11.954035743547138,6,2.94253187533468,387,304.7673728806465,4,8,0.5
699,14.28354014485376,6,2.94253187533468,273,304.7605305944312,6,7,0.8571428571428571
466,9.522360096569173,8,3.9233758337795734,40,304.7369427586811,7,10,0.7
546,11.157100027310662,6,2.94253187533468,426,304.73359349005744,5,8,0.625
388,7.928488664096221,8,3.9233758337795734,196,304.7270794689684,9,12,0.75
417,8.521081888990011,8,3.9233758337795734,138,304.6973758589142,9,11,0.8181818181818182
507,10.360164311074186,6,2.94253187533468,465,304.69380433674326,6,9,0.6666666666666666
442,9.031938117346726,8,3.9233758337795734,88,304.6816793118944,7,11,0.6363636363636364
216,4.41379781300202,8,3.9233758337795734,108,304.6720338336243,11,21,0.5238095238095238
245,5.00639103789581,8,3.9233758337795734,237,304.6692229147752,10,18,0.5555555555555556
552,11.279705522116274,6,2.94253187533468,420,304.63376358946823,6,8,0.75
728,14.87613336974755,6,2.94253187533468,244,304.62000983745946,6,7,0.8571428571428571
635,12.975748200260568,6,2.94253187533468,337,304.60641607436247,4,7,0.5714285714285714
424,8.664121632929891,8,3.9233758337795734,124,304.5863863448092,7,11,0.6363636363636364
470,9.604097093106247,6,2.94253187533468,32,304.52439216925745,5,10,0.5
630,12.873576954589225,4,1.9616879168897867,342,304.4653056672649,3,7,0.42857142857142855
602,12.301417978829704,6,2.94253187533468,370,304.4537092540681,4,8,0.5
240,4.904219792224467,8,3.9233758337795734,12,304.44866785208734,11,20,0.55
560,11.443179515190423,6,2.94253187533468,412,304.4272916567862,5,8,0.625
501,10.237558816268574,6,2.94253187533468,471,304.34768295198757,6,9,0.6666666666666666
628,12.832708456320688,4,1.9616879168897867,344,304.2736209320002,3,7,0.42857142857142855
313,6.3959199790260755,6,2.94253187533468,33,304.2694296039382,8,15,0.5333333333333333
205,4.189021072525065,8,3.9233758337795734,152,304.26483756881646,12,22,0.5454545454545454
347,7.090684449591208,6,2.94253187533468,278,304.25397479727735,7,13,0.5384615384615384
654,13.363998933811672,6,2.94253187533468,318,304.23574808826226,4,7,0.5714285714285714
614,12.546628968440928,6,2.94253187533468,358,304.2299858814708,5,7,0.7142857142857143
626,12.791839958052151,4,1.9616879168897867,346,304.22070839977596,3,7,0.42857142857142855
201,4.107284075987991,8,3.9233758337795734,168,304.2104844462226,11,23,0.4782608695652174
520,10.625809549819678,6,2.94253187533468,452,304.2016766126637,8,9,0.8888888888888888
372,7.6015406779479235,6,2.94253187533468,228,304.20016746193,6,12,0.5
455,9.297583356092218,8,3.9233758337795734,62,304.1890128359794,7,11,0.6363636363636364
629,12.853142705454957,4,1.9616879168897867,343,304.1762454299148,3,7,0.42857142857142855
548,11.1979685255792,6,2.94253187533468,424,304.1557383502388,5,8,0.625
551,11.259271272982005,6,2.94253187533468,421,304.1497046837284,6,8,0.75
180,3.67816484416835,8,3.9233758337795734,72,304.13500925070866,13,26,0.5
547,11.17753427644493,6,2.94253187533468,425,304.13396698489976,5,8,0.625
82,1.6756084290100262,12,5.88506375066936,70,304.1329168390718,29,56,0.5178571428571429
312,6.375485729891807,6,2.94253187533468,36,304.11258464438254,8,15,0.5333333333333333
607,12.403589224501047,6,2.94253187533468,365,304.1108379010706,4,8,0.5
104,2.1251619099639356,12,5.88506375066936,36,304.0838616163399,30,45,0.6666666666666666
475,9.70626833877759,8,3.9233758337795734,22,304.07970688926554,7,10,0.7
299,6.109840491146315,6,2.94253187533468,75,304.01653834548665,7,16,0.4375
624,12.750971459783614,4,1.9616879168897867,348,304.0099948079024,3,7,0.42857142857142855
549,11.218402774713468,6,2.94253187533468,423,303.97008613295867,6,8,0.75
111,2.268201653903816,16,7.846751667559147,84,303.9666044771784,22,41,0.5365853658536586
438,8.950201120809652,6,2.94253187533468,96,303.9571980421723,4,11,0.36363636363636365
300,6.1302747402805835,6,2.94253187533468,72,303.9018764089814,6,16,0.375
550,11.238837023847736,6,2.94253187533468,422,303.8872874356742,6,8,0.75
389,7.94892291323049,8,3.9233758337795734,194,303.86961738860185,9,12,0.75
627,12.81227420718642,4,1.9616879168897867,345,303.86767712580377,3,7,0.42857142857142855
650,13.282261937274598,6,2.94253187533468,322,303.79007288867933,5,7,0.7142857142857143
566,11.565785009996034,6,2.94253187533468,406,303.76589965678164,4,8,0.5
517,10.564506802416872,6,2.94253187533468,455,303.7566347948889,9,9,1.0
377,7.703711923619267,6,2.94253187533468,218,303.74718471024056,6,12,0.5
581,11.872298747010063,6,2.94253187533468,391,303.73980450600305,4,8,0.5
625,12.771405708917882,4,1.9616879168897867,347,303.7365167100044,3,7,0.42857142857142855
444,9.072806615615264,8,3.9233758337795734,84,303.7050017072248,7,11,0.6363636363636364
500,10.217124567134306,6,2.94253187533468,472,303.6877406676261,6,9,0.6666666666666666
184,3.7599018407054245,8,3.9233758337795734,52,303.6866211545767,14,25,0.56
363,7.417632435739506,8,3.9233758337795734,246,303.6499933026458,10,13,0.7692307692307693
334,6.825039210845716,12,5.88506375066936,304,303.62139623830217,8,13,0.6153846153846154
202,4.12771832512226,8,3.9233758337795734,164,303.59610218124897,9,23,0.391304347826087
373,7.621974927082192,6,2.94253187533468,226,303.5880658542777,7,12,0.5833333333333334
86,1.7573454255471006,12,5.88506375066936,26,303.5513016717166,30,54,0.5555555555555556
603,12.321852227963973,6,2.94253187533468,369,303.53800029719633,4,8,0.5
483,9.86974233185174,6,2.94253187533468,6,303.5326743162938,6,10,0.6
263,5.374207522312645,8,3.9233758337795734,183,303.4751654969573,11,17,0.6470588235294118
651,13.302696186408866,6,2.94253187533468,321,303.46722039976476,5,7,0.7142857142857143
175,3.575993598497007,8,3.9233758337795734,97,303.4410075932554,14,26,0.5384615384615384
176,3.5964278476312757,8,3.9233758337795734,92,303.43112756085804,13,26,0.5
476,9.72670258791186,8,3.9233758337795734,20,303.4045890114644,7,10,0.7
95,1.941253667755518,16,7.846751667559147,22,303.3254727103032,29,49,0.5918367346938775
260,5.312904774909839,8,3.9233758337795734,192,303.30662980662106,12,18,0.6666666666666666
634,12.9553139511263,4,1.9616879168897867,338,303.3052814238368,3,7,0.42857142857142855
700,14.303974393988028,6,2.94253187533468,272,303.30456692937463,6,7,0.8571428571428571
587,11.994904241815675,6,2.94253187533468,385,303.29682575933646,4,8,0.5
586,11.974469992681406,6,2.94253187533468,386,303.2173964926455,4,8,0.5
281,5.74202400672948,8,3.9233758337795734,129,303.2037366889226,9,17,0.5294117647058824
292,5.966800747206435,6,2.94253187533468,96,303.20161049939395,7,16,0.4375
235,4.802048546553124,8,3.9233758337795734,32,303.1456649517569,12,20,0.6
321,6.559393972100224,8,3.9233758337795734,9,303.13237697771063,9,15,0.6
348,7.111118698725477,6,2.94253187533468,276,303.08349575328606,8,13,0.6153846153846154
311,6.355051480757538,6,2.94253187533468,39,303.0792103300859,9,15,0.6
162,3.310348359751515,8,3.9233758337795734,0,303.06552345122867,18,29,0.6206896551724138
243,4.965522539627273,8,3.9233758337795734,0,303.06315901816305,12,20,0.6
559,11.422745266056154,6,2.94253187533468,413,303.0489786713685,6,8,0.75
218,4.454666311270557,8,3.9233758337795734,100,303.01347553714163,11,21,0.5238095238095238
596,12.178812484024093,6,2.94253187533468,376,303.0008658487933,4,8,0.5
486,9.931045079254545,6,2.94253187533468,0,303.00073586334815,6,10,0.6
119,2.431675646977965,12,5.88506375066936,20,302.9692811209461,22,39,0.5641025641025641
584,11.93360149441287,6,2.94253187533468,388,302.9429138671493,4,8,0.5
133,2.7177551348577254,12,5.88506375066936,41,302.9383705923261,19,35,0.5428571428571428
94,1.9208194186212495,12,5.88506375066936,32,302.87904726340975,23,49,0.46938775510204084
432,8.82759562600404,4,1.9616879168897867,108,302.87312005452077,3,11,0.2727272727272727
261,5.333339024044108,8,3.9233758337795734,189,302.83003176136253,12,18,0.6666666666666666
543,11.095797279907856,6,2.94253187533468,429,302.8044447267678,6,8,0.75
379,7.744580421887804,6,2.94253187533468,214,302.76417052029956,7,12,0.5833333333333334
425,8.68455588206416,8,3.9233758337795734,122,302.76163790828315,5,11,0.45454545454545453
210,4.2911923181964085,8,3.9233758337795734,132,302.75186553849005,12,22,0.5454545454545454
236,4.822482795687392,8,3.9233758337795734,28,302.7421819168014,12,20,0.6
154,3.146874366677366,8,3.9233758337795734,48,302.7155769054681,20,30,0.6666666666666666
306,6.252880235086195,6,2.94253187533468,54,302.7131906568469,8,15,0.5333333333333333
178,3.637296345899813,8,3.9233758337795734,82,302.6848121753726,12,26,0.46153846153846156
147,3.003834622737486,6,2.94253187533468,90,302.6649375211425,16,31,0.5161290322580645
215,4.3933635638677515,8,3.9233758337795734,112,302.6542736548484,13,22,0.5909090909090909
479,9.788005335314665,6,2.94253187533468,14,302.6026125357997,6,10,0.6
137,2.7994921313948,12,5.88506375066936,13,302.5973697078803,23,34,0.6764705882352942
408,8.337173646781594,6,2.94253187533468,156,302.57039474175815,7,11,0.6363636363636364
268,5.476378767983988,8,3.9233758337795734,168,302.5672460093459,11,17,0.6470588235294118
157,3.208177114080172,6,2.94253187533468,30,302.54436125993635,14,30,0.4666666666666667
431,8.807161376869772,4,1.9616879168897867,110,302.5334955243484,3,11,0.2727272727272727
723,14.773962124076206,6,2.94253187533468,249,302.52974238569396,5,7,0.7142857142857143
365,7.458500934008043,6,2.94253187533468,242,302.52478815761316,9,13,0.6923076923076923
258,5.272036276641302,8,3.9233758337795734,198,302.52085390672636,13,18,0.7222222222222222
381,7.785448920156341,6,2.94253187533468,210,302.51216262297686,7,12,0.5833333333333334
558,11.402311016921885,6,2.94253187533468,414,302.48664844145543,6,8,0.75
623,12.730537210649345,4,1.9616879168897867,349,302.4601282154407,4,7,0.5714285714285714
593,12.117509736621287,6,2.94253187533468,379,302.3956232109738,5,8,0.625
636,12.996182449394837,6,2.94253187533468,336,302.37876573637357,4,7,0.5714285714285714
192,3.9233758337795734,8,3.9233758337795734,12,302.3406124886627,13,25,0.52
692,14.14050040091388,6,2.94253187533468,280,302.311444995902,6,7,0.8571428571428571
553,11.300139771250542,6,2.94253187533468,419,302.29975456280914,7,8,0.875
484,9.890176580986008,6,2.94253187533468,4,302.2841462843904,7,10,0.7
369,7.540237930545118,6,2.94253187533468,234,302.2638310767742,8,12,0.6666666666666666
606,12.383154975366779,6,2.94253187533468,366,302.1838381085031,4,8,0.5
121,2.472544145246502,12,5.88506375066936,4,302.1483929556386,23,39,0.5897435897435898
267,5.455944518849719,8,3.9233758337795734,171,302.1464730715034,9,17,0.5294117647058824
485,9.910610830120277,6,2.94253187533468,2,302.13924278917955,6,10,0.6
380,7.765014671022072,6,2.94253187533468,212,302.1044578593526,7,12,0.5833333333333334
382,7.80588316929061,6,2.94253187533468,208,302.08462997124485,8,12,0.6666666666666666
257,5.251602027507033,8,3.9233758337795734,201,302.08409153252836,11,18,0.6111111111111112
633,12.934879701992031,4,1.9616879168897867,339,302.0753378657357,4,7,0.5714285714285714
622,12.710102961515076,4,1.9616879168897867,350,302.06577065418634,4,7,0.5714285714285714
691,14.12006615177961,6,2.94253187533468,281,302.0612690358261,6,7,0.8571428571428571
329,6.722867965174373,8,3.9233758337795734,314,302.06056248034344,6,14,0.42857142857142855
582,11.892732996144332,6,2.94253187533468,390,302.0518149777679,4,8,0.5
304,6.212011736817658,6,2.94253187533468,60,302.0446896610938,7,16,0.4375
652,13.323130435543135,6,2.94253187533468,320,301.9990811012126,5,7,0.7142857142857143
727,14.85569912061328,6,2.94253187533468,245,301.982748678417,6,7,0.8571428571428571
605,12.36272072623251,6,2.94253187533468,367,301.98260908560945,4,8,0.5
441,9.011503868212458,6,2.94253187533468,90,301.97519043044525,6,11,0.5454545454545454
604,12.342286477098241,6,2.94253187533468,368,301.8253523882908,4,8,0.5
690,14.099631902645342,6,2.94253187533468,282,301.8231817235887,6,7,0.8571428571428571
211,4.311626567330677,8,3.9233758337795734,128,301.80964075938465,13,22,0.5909090909090909
284,5.803326754132286,4,1.9616879168897867,120,301.77915563534293,3,16,0.1875
595,12.158378234889824,6,2.94253187533468,377,301.7529165327102,4,8,0.5
371,7.581106428813655,6,2.94253187533468,230,301.72455718136126,8,12,0.6666666666666666
199,4.066415577719454,8,3.9233758337795734,176,301.7239490345643,11,23,0.4782608695652174
324,6.62069671950303,6,2.94253187533468,0,301.6743587295428,7,15,0.4666666666666667
150,3.0651373701402918,6,2.94253187533468,72,301.67337415368235,13,31,0.41935483870967744
266,5.435510269715451,8,3.9233758337795734,174,301.6195858363016,9,17,0.5294117647058824
701,14.324408643122297,6,2.94253187533468,271,301.6154371969118,6,7,0.8571428571428571
659,13.466170179483015,6,2.94253187533468,313,301.5612864486533,3,7,0.42857142857142855
206,4.209455321659334,8,3.9233758337795734,148,301.5519524446918,14,22,0.6363636363636364
708,14.467448387062177,4,1.9616879168897867,264,301.53327560419024,3,7,0.42857142857142855
529,10.809717792028096,4,1.9616879168897867,443,301.5203677650008,4,8,0.5
308,6.293748733354732,6,2.94253187533468,48,301.51060271495356,9,15,0.6
632,12.914445452857763,4,1.9616879168897867,340,301.5063148920224,4,7,0.5714285714285714
177,3.6168620967655443,8,3.9233758337795734,87,301.4672383490579,12,26,0.46153846153846156
530,10.830152041162364,4,1.9616879168897867,442,301.4593343797367,4,8,0.5
702,14.344842892256565,6,2.94253187533468,270,301.4565325391266,6,7,0.8571428571428571
594,12.137943985755555,6,2.94253187533468,378,301.4381257507047,5,8,0.625
163,3.3307826088857837,8,3.9233758337795734,157,301.3925225690013,15,28,0.5357142857142857
285,5.823761003266554,4,1.9616879168897867,117,301.37310444911054,3,16,0.1875
301,6.150708989414852,6,2.94253187533468,69,301.3418969641344,7,16,0.4375
275,5.619418511923868,8,3.9233758337795734,147,301.3353505819405,12,17,0.7058823529411765
409,8.357607895915862,6,2.94253187533468,154,301.33295113219026,8,11,0.7272727272727273
406,8.296305148513056,6,2.94253187533468,160,301.3278105081563,7,12,0.5833333333333334
362,7.397198186605237,8,3.9233758337795734,248,301.32296519239367,11,13,0.8461538461538461
518,10.58494105155114,6,2.94253187533468,454,301.30901051300214,9,9,1.0
349,7.1315529478597455,6,2.94253187533468,274,301.3079496259082,9,13,0.6923076923076923
422,8.623253134661354,6,2.94253187533468,128,301.27616455034627,7,11,0.6363636363636364
468,9.56322859483771,6,2.94253187533468,36,301.23038957039097,6,10,0.6
282,5.7624582558637485,6,2.94253187533468,126,301.20298792844756,7,16,0.4375
519,10.60537530068541,6,2.94253187533468,453,301.20127221885315,9,9,1.0
528,10.789283542893827,4,1.9616879168897867,444,301.1870288645101,4,8,0.5
726,14.835264871479012,6,2.94253187533468,246,301.18227502217223,6,7,0.8571428571428571
399,8.153265404573176,6,2.94253187533468,174,301.1602728340946,7,12,0.5833333333333334
195,3.9846785811823793,8,3.9233758337795734,192,301.1199867064299,11,23,0.4782608695652174
478,9.767571086180396,6,2.94253187533468,16,301.05663694581534,6,10,0.6
286,5.844195252400823,4,1.9616879168897867,114,301.04212806070416,3,16,0.1875
730,14.917001868016087,4,1.9616879168897867,242,301.0311661836324,5,7,0.7142857142857143
298,6.089406242012046,6,2.94253187533468,78,301.0115405159854,7,16,0.4375
269,5.4968130171182565,8,3.9233758337795734,165,300.98543992831424,11,17,0.6470588235294118
689,14.079197653511073,6,2.94253187533468,283,300.958299162345,6,7,0.8571428571428571
398,8.132831155438907,6,2.94253187533468,176,300.94895808746,7,12,0.5833333333333334
366,7.478935183142312,6,2.94253187533468,240,300.9435858081483,9,13,0.6923076923076923
53,1.0830152041162364,16,7.846751667559147,18,300.9411274718571,52,88,0.5909090909090909
709,14.487882636196446,4,1.9616879168897867,263,300.93904120691474,3,7,0.42857142857142855
400,8.173699653707445,6,2.94253187533468,172,300.92145539053075,7,12,0.5833333333333334
318,6.4980912246974185,8,3.9233758337795734,18,300.8723475784838,9,15,0.6
254,5.190299280104227,8,3.9233758337795734,210,300.8533070602082,10,18,0.5555555555555556
272,5.558115764521062,8,3.9233758337795734,156,300.84921415587826,11,17,0.6470588235294118
703,14.365277141390834,6,2.94253187533468,269,300.8251551697485,6,7,0.8571428571428571
725,14.814830622344743,6,2.94253187533468,247,300.8219057280948,6,7,0.8571428571428571
287,5.8646295015350915,4,1.9616879168897867,111,300.75725086318175,4,16,0.25
333,6.804604961711448,12,5.88506375066936,306,300.73431750127304,7,13,0.5384615384615384
464,9.481491598300636,6,2.94253187533468,44,300.7302596672188,7,10,0.7
141,2.8812291279318742,6,2.94253187533468,126,300.72851308549184,18,32,0.5625
707,14.447014137927908,4,1.9616879168897867,265,300.7241563221078,3,7,0.42857142857142855
276,5.639852761058137,8,3.9233758337795734,144,300.7162182759836,12,17,0.7058823529411765
384,7.846751667559147,6,2.94253187533468,204,300.6967314143662,8,12,0.6666666666666666
557,11.381876767787617,6,2.94253187533468,415,300.67799627760473,7,8,0.875
401,8.194133902841713,6,2.94253187533468,170,300.6766521919179,8,12,0.6666666666666666
367,7.4993694322765805,6,2.94253187533468,238,300.6600626135772,8,12,0.6666666666666666
368,7.519803681410849,6,2.94253187533468,236,300.6570849024531,9,12,0.75
583,11.9131672452786,6,2.94253187533468,389,300.63545683545794,4,8,0.5
270,5.517247266252525,8,3.9233758337795734,162,300.59044870380404,11,17,0.6470588235294118
658,13.445735930348746,16,7.846751667559147,317,300.57037058138417,3,7,0.42857142857142855
315,6.436788477294613,6,2.94253187533468,27,300.56423468299255,7,15,0.4666666666666667
185,3.780336089839693,8,3.9233758337795734,47,300.55447145700646,14,25,0.56
239,4.883785543090198,8,3.9233758337795734,16,300.5537296592149,12,20,0.6
145,2.9629661244689487,6,2.94253187533468,102,300.5493617596332,16,32,0.5
230,4.699877300881781,8,3.9233758337795734,52,300.53207849399007,13,20,0.65
554,11.32057402038481,6,2.94253187533468,418,300.5296066174098,7,8,0.875
405,8.275870899378788,6,2.94253187533468,162,300.52764619245477,7,12,0.5833333333333334
495,10.114953321462963,4,1.9616879168897867,477,300.4807320316632,4,9,0.4444444444444444
724,14.794396373210475,6,2.94253187533468,248,300.4578950848861,6,7,0.8571428571428571
457,9.338451854360756,6,2.94253187533468,58,300.4397970697206,6,11,0.5454545454545454
525,10.727980795491021,4,1.9616879168897867,447,300.4281937787335,5,8,0.625
341,6.968078954785597,8,3.9233758337795734,290,300.4128698342591,8,13,0.6153846153846154
618,12.628365964978002,4,1.9616879168897867,354,300.41125895913217,5,7,0.7142857142857143
660,13.486604428617284,6,2.94253187533468,312,300.38984977059886,3,7,0.42857142857142855
429,8.766292878601234,4,1.9616879168897867,114,300.385079063649,3,11,0.2727272727272727
430,8.786727127735503,4,1.9616879168897867,112,300.32865717143886,4,11,0.36363636363636365
208,4.250323819927871,8,3.9233758337795734,140,300.30205050631184,15,22,0.6818181818181818
383,7.826317418424878,6,2.94253187533468,206,300.29895511090365,8,12,0.6666666666666666
310,6.33461723162327,6,2.94253187533468,42,300.2899495660995,10,15,0.6666666666666666
193,3.943810082913842,8,3.9233758337795734,7,300.2854683372718,12,24,0.5
288,5.88506375066936,4,1.9616879168897867,108,300.2450887106415,4,16,0.25
164,3.3512168580200523,8,3.9233758337795734,152,300.22308505274265,14,28,0.5
494,10.094519072328694,4,1.9616879168897867,478,300.22082490584387,4,9,0.4444444444444444
710,14.508316885330714,4,1.9616879168897867,262,300.2190907970695,3,7,0.42857142857142855
219,4.475100560404826,8,3.9233758337795734,96,300.1784450212464,9,21,0.42857142857142855
290,5.925932248937897,6,2.94253187533468,102,300.16772358663064,7,16,0.4375
140,2.8607948787976056,8,3.9233758337795734,132,300.12182430030697,23,33,0.696969696969697
370,7.560672179679386,6,2.94253187533468,232,300.1129233305054,8,12,0.6666666666666666
209,4.27075806906214,8,3.9233758337795734,136,300.0783015233149,15,22,0.6818181818181818
421,8.602818885527086,6,2.94253187533468,130,300.07203351944116,7,11,0.6363636363636364
110,2.2477674047695473,12,5.88506375066936,92,300.05310980417,23,42,0.5476190476190477
135,2.7586236331262626,12,5.88506375066936,27,300.03661291492716,19,35,0.5428571428571428
588,12.015338490949944,6,2.94253187533468,384,300.00102994111296,5,8,0.625
274,5.5989842627896,8,3.9233758337795734,150,299.9847210351255,11,17,0.6470588235294118
420,8.582384636392817,6,2.94253187533468,132,299.9522742737515,7,11,0.6363636363636364
323,6.600262470368762,6,2.94253187533468,3,299.94307933494815,8,15,0.5333333333333333
407,8.316739397647325,6,2.94253187533468,158,299.9402478670379,8,11,0.7272727272727273
410,8.37804214505013,6,2.94253187533468,152,299.91951007534783,8,11,0.7272727272727273
107,2.1864646573667414,12,5.88506375066936,9,299.91286420900525,27,44,0.6136363636363636
428,8.745858629466966,6,2.94253187533468,116,299.91126942735923,4,11,0.36363636363636365
526,10.74841504462529,4,1.9616879168897867,446,299.9107045985093,5,8,0.625
524,10.707546546356753,4,1.9616879168897867,448,299.86505539142536,5,8,0.625
615,12.567063217575196,4,1.9616879168897867,357,299.86411363890574,4,7,0.5714285714285714
487,9.951479328388814,4,1.9616879168897867,485,299.81454617827643,5,9,0.5555555555555556
688,14.058763404376805,6,2.94253187533468,284,299.80738992576744,6,7,0.8571428571428571
234,4.781614297418855,8,3.9233758337795734,36,299.80015541605377,13,20,0.65
423,8.643687383795623,6,2.94253187533468,126,299.7982863543071,6,11,0.5454545454545454
677,13.83398666389985,8,3.9233758337795734,295,299.7704899149113,5,7,0.7142857142857143
305,6.232445985951927,6,2.94253187533468,57,299.7572461185921,9,16,0.5625
293,5.987234996340703,6,2.94253187533468,93,299.728595475713,8,16,0.5
496,10.135387570597231,4,1.9616879168897867,476,299.71536632139987,4,9,0.4444444444444444
621,12.689668712380808,4,1.9616879168897867,351,299.6991681859188,5,7,0.7142857142857143
456,9.318017605226487,6,2.94253187533468,60,299.6914049299418,6,11,0.5454545454545454
729,14.896567618881818,4,1.9616879168897867,243,299.68646448310795,5,7,0.7142857142857143
619,12.64880021411227,4,1.9616879168897867,353,299.6833558903609,5,7,0.7142857142857143
223,4.5568375569419,12,5.88506375066936,80,299.676158260981,14,21,0.6666666666666666
705,14.406145639659371,4,1.9616879168897867,267,299.6710500725792,4,7,0.5714285714285714
241,4.924654041358735,8,3.9233758337795734,8,299.6538505183135,13,20,0.65
307,6.273314484220464,6,2.94253187533468,51,299.64812628442337,9,15,0.6
460,9.399754601763561,6,2.94253187533468,52,299.6324222846836,7,10,0.7
322,6.579828221234493,6,2.94253187533468,6,299.60876043500724,9,15,0.6
642,13.118787944200449,6,2.94253187533468,330,299.60572525485935,5,7,0.7142857142857143
685,13.997460656973999,6,2.94253187533468,287,299.6044950754605,5,7,0.7142857142857143
433,8.848029875138309,4,1.9616879168897867,106,299.6011966884662,4,11,0.36363636363636365
616,12.587497466709465,4,1.9616879168897867,356,299.58332782052275,4,7,0.5714285714285714
378,7.724146172753535,6,2.94253187533468,216,299.5756213533282,7,12,0.5833333333333334
297,6.068971992877778,6,2.94253187533468,81,299.5726225430215,8,16,0.5
449,9.174977861286607,6,2.94253187533468,74,299.5569640188883,5,11,0.45454545454545453
160,3.269479861482978,8,3.9233758337795734,12,299.5493717231409,17,29,0.5862068965517241
678,13.854420913034119,8,3.9233758337795734,294,299.53614209019304,5,7,0.7142857142857143
426,8.704990131198429,6,2.94253187533468,120,299.52134154065305,4,11,0.36363636363636365
149,3.044703121006023,6,2.94253187533468,78,299.51835021905305,16,31,0.5161290322580645
473,9.665399840509053,6,2.94253187533468,26,299.4931160692568,5,10,0.5
676,13.813552414765581,8,3.9233758337795734,296,299.4577972011772,4,7,0.5714285714285714
450,9.195412110420875,6,2.94253187533468,72,299.42824777451153,5,11,0.45454545454545453
539,11.014060283370782,4,1.9616879168897867,433,299.4199238279815,4,8,0.5
686,14.017894906108268,6,2.94253187533468,286,299.4069706518133,5,7,0.7142857142857143
459,9.379320352629293,6,2.94253187533468,54,299.38560912730435,7,10,0.7
352,7.192855695262551,6,2.94253187533468,268,299.3725499144195,8,13,0.6153846153846154
661,13.507038677751552,6,2.94253187533468,311,299.3703951166762,3,7,0.42857142857142855
564,11.524916511727497,4,1.9616879168897867,408,299.35398147357404,4,8,0.5
463,9.461057349166367,6,2.94253187533468,46,299.3353872546129,7,10,0.7
693,14.160934650048148,4,1.9616879168897867,279,299.3209061009609,5,7,0.7142857142857143
711,14.528751134464983,4,1.9616879168897867,261,299.3168482183099,3,7,0.42857142857142855
402,8.214568151975982,6,2.94253187533468,168,299.305933264511,8,12,0.6666666666666666
694,14.181368899182416,4,1.9616879168897867,278,299.2745292913501,5,7,0.7142857142857143
590,12.05620698921848,6,2.94253187533468,382,299.2739254588272,6,8,0.75
617,12.607931715843733,4,1.9616879168897867,355,299.2673639744424,4,7,0.5714285714285714
597,12.199246733158361,4,1.9616879168897867,375,299.23524544692816,3,8,0.375
492,10.053650574060157,4,1.9616879168897867,480,299.21212005806115,4,9,0.4444444444444444
467,9.542794345703442,6,2.94253187533468,38,299.20167856785343,6,10,0.6
647,13.220959189871792,4,1.9616879168897867,325,299.1523886043384,4,7,0.5714285714285714
427,8.725424380332697,6,2.94253187533468,118,299.1120952056427,4,11,0.36363636363636365
579,11.831430248741526,4,1.9616879168897867,393,299.10447256559263,3,8,0.375
386,7.887620165827684,6,2.94253187533468,200,299.09594537414637,8,12,0.6666666666666666
167,3.412519605422858,12,5.88506375066936,137,299.0938405402692,18,27,0.6666666666666666
732,14.957870366284624,4,1.9616879168897867,240,299.06546717089014,5,7,0.7142857142857143
385,7.8671859166934155,6,2.94253187533468,202,299.05806390494456,8,12,0.6666666666666666
320,6.538959722965956,8,3.9233758337795734,12,299.0560814231193,10,15,0.6666666666666666
220,4.495534809539095,8,3.9233758337795734,92,299.05002172073245,10,21,0.47619047619047616
684,13.97702640783973,6,2.94253187533468,288,299.04800065955385,5,7,0.7142857142857143
734,14.998738864553161,4,1.9616879168897867,238,299.0332193390311,4,6,0.6666666666666666
620,12.66923446324654,4,1.9616879168897867,352,299.03112212088644,5,7,0.7142857142857143
222,4.536403307807632,12,5.88506375066936,84,298.99871632572365,13,21,0.6190476190476191
491,10.033216324925888,4,1.9616879168897867,481,298.9961847798283,4,9,0.4444444444444444
217,4.434232062136289,8,3.9233758337795734,104,298.9888523698274,14,21,0.6666666666666666
91,1.8595166712184437,12,5.88506375066936,62,298.9796414421348,32,51,0.6274509803921569
731,14.937436117150355,4,1.9616879168897867,241,298.9669558832137,5,7,0.7142857142857143
481,9.828873833583202,4,1.9616879168897867,10,298.9562684346715,5,10,0.5
493,10.074084823194426,4,1.9616879168897867,479,298.9507220583138,4,9,0.4444444444444444
523,10.687112297222484,4,1.9616879168897867,449,298.9497439588971,6,9,0.6666666666666666
733,14.978304615418892,4,1.9616879168897867,239,298.9481624262806,4,6,0.6666666666666666
643,13.139222193334717,4,1.9616879168897867,329,298.9268534430497,4,7,0.5714285714285714
188,3.841638837242499,6,2.94253187533468,32,298.90094072178346,10,25,0.4
359,7.335895439202432,6,2.94253187533468,254,298.8932257092873,8,13,0.6153846153846154
404,8.25543665024452,6,2.94253187533468,164,298.8891783815154,7,12,0.5833333333333334
139,2.840360629663337,8,3.9233758337795734,138,298.8848997621829,27,33,0.8181818181818182
489,9.992347826657351,4,1.9616879168897867,483,298.8812426146426,4,9,0.4444444444444444
697,14.242671646585222,4,1.9616879168897867,275,298.8657000692698,6,7,0.8571428571428571
563,11.504482262593228,4,1.9616879168897867,409,298.8581655462018,4,8,0.5
648,13.24139343900606,4,1.9616879168897867,324,298.8564647808337,4,7,0.5714285714285714
291,5.946366498072166,6,2.94253187533468,99,298.85483123958073,7,16,0.4375
490,10.01278207579162,4,1.9616879168897867,482,298.8412657898082,4,9,0.4444444444444444
591,12.07664123835275,6,2.94253187533468,381,298.83354590969145,6,8,0.75
289,5.905497999803629,4,1.9616879168897867,105,298.8206765152036,4,16,0.25
411,8.3984763941844,6,2.94253187533468,150,298.7956934095778,8,11,0.7272727272727273
462,9.440623100032099,6,2.94253187533468,48,298.79331655824217,7,10,0.7
397,8.112396906304639,6,2.94253187533468,178,298.78062241775956,7,12,0.5833333333333334
360,7.3563296883367,6,2.94253187533468,252,298.72618097902586,8,13,0.6153846153846154
721,14.733093625807669,4,1.9616879168897867,251,298.71059781595943,4,7,0.5714285714285714
687,14.038329155242536,6,2.94253187533468,285,298.7089707203663,6,7,0.8571428571428571
376,7.683277674484998,4,1.9616879168897867,220,298.69667622083864,4,12,0.3333333333333333
510,10.421467058476992,4,1.9616879168897867,462,298.6908137354418,6,9,0.6666666666666666
589,12.035772740084212,6,2.94253187533468,383,298.6887087376422,6,8,0.75
458,9.358886103495024,6,2.94253187533468,56,298.6873537903112,7,10,0.7
592,12.097075487487018,6,2.94253187533468,380,298.683804860531,6,8,0.75
271,5.537681515386794,8,3.9233758337795734,159,298.6784420995066,12,17,0.7058823529411765
451,9.215846359555144,6,2.94253187533468,70,298.6723885292532,6,11,0.5454545454545454
680,13.895289411302656,8,3.9233758337795734,292,298.6515733206348,6,7,0.8571428571428571
612,12.50576047017239,4,1.9616879168897867,360,298.64430782763515,4,7,0.5714285714285714
273,5.578550013655331,8,3.9233758337795734,153,298.62599450052136,12,17,0.7058823529411765
412,8.418910643318668,6,2.94253187533468,148,298.6223959487923,8,11,0.7272727272727273
600,12.260549480561167,4,1.9616879168897867,372,298.5867564036188,3,8,0.375
675,13.793118165631313,8,3.9233758337795734,297,298.57939598423167,4,7,0.5714285714285714
447,9.13410936301807,6,2.94253187533468,78,298.5644605993678,7,11,0.6363636363636364
556,11.361442518653348,6,2.94253187533468,416,298.54728729222677,7,8,0.875
471,9.624531342240516,4,1.9616879168897867,30,298.5351754796054,4,10,0.4
646,13.200524940737523,4,1.9616879168897867,326,298.5330703371736,5,7,0.7142857142857143
555,11.34100826951908,6,2.94253187533468,417,298.5232352200623,7,8,0.875
374,7.642409176216461,4,1.9616879168897867,224,298.5214499409521,4,12,0.3333333333333333
198,4.045981328585185,8,3.9233758337795734,180,298.47610151966904,12,23,0.5217391304347826
72,1.47126593766734,8,3.9233758337795734,36,298.45953436882905,34,64,0.53125
439,8.97063536994392,4,1.9616879168897867,94,298.45628866803094,4,11,0.36363636363636365
103,2.104727660829667,12,5.88506375066936,45,298.44342628647104,29,45,0.6444444444444445
56,1.1443179515190423,16,7.846751667559147,20,298.435453680238,49,83,0.5903614457831325
314,6.416354228160344,4,1.9616879168897867,30,298.4310500587982,6,15,0.4
562,11.48404801345896,4,1.9616879168897867,410,298.4301746593248,4,8,0.5
448,9.154543612152338,6,2.94253187533468,76,298.41408998750404,7,11,0.6363636363636364
706,14.42657988879364,4,1.9616879168897867,266,298.39918651920334,4,7,0.5714285714285714
200,4.086849826853722,8,3.9233758337795734,172,298.381455277548,12,23,0.5217391304347826
662,13.527472926885821,6,2.94253187533468,310,298.3753782736319,3,7,0.42857142857142855
598,12.21968098229263,4,1.9616879168897867,374,298.3673913068179,3,8,0.375
512,10.46233555674553,4,1.9616879168897867,460,298.36036451448484,6,9,0.6666666666666666
207,4.229889570793603,8,3.9233758337795734,144,298.3440217493766,17,22,0.7727272727272727
533,10.89145478856517,4,1.9616879168897867,439,298.3182515839259,4,8,0.5
302,6.171143238549121,6,2.94253187533468,66,298.3174230948337,7,16,0.4375
75,1.5325686850701459,12,5.88506375066936,72,298.2850610370411,33,61,0.5409836065573771
513,10.482769805879798,4,1.9616879168897867,459,298.2838242857231,6,9,0.6666666666666666
521,10.646243798953947,4,1.9616879168897867,451,298.2807376967346,7,9,0.7777777777777778
508,10.380598560208455,4,1.9616879168897867,464,298.27860240816614,5,9,0.5555555555555556
522,10.666678048088215,4,1.9616879168897867,450,298.267254320726,7,9,0.7777777777777778
255,5.210733529238496,8,3.9233758337795734,207,298.2636143462941,12,18,0.6666666666666666
599,12.240115231426898,4,1.9616879168897867,373,298.25758475807186,3,8,0.375
683,13.956592158705462,6,2.94253187533468,289,298.2571457368216,5,7,0.7142857142857143
465,9.501925847434904,6,2.94253187533468,42,298.24722504863576,7,10,0.7
461,9.42018885089783,6,2.94253187533468,50,298.23828858574893,7,10,0.7
472,9.644965591374785,4,1.9616879168897867,28,298.21692264015064,4,10,0.4
358,7.315461190068163,6,2.94253187533468,256,298.19993553067326,8,13,0.6153846153846154
532,10.871020539430901,4,1.9616879168897867,440,298.0880446336321,4,8,0.5
434,8.868464124272577,4,1.9616879168897867,104,298.0747128765296,5,11,0.45454545454545453
375,7.662843425350729,4,1.9616879168897867,222,298.0650646709017,4,12,0.3333333333333333
317,6.47765697556315,6,2.94253187533468,21,298.04951867851804,8,15,0.5333333333333333
704,14.385711390525103,4,1.9616879168897867,268,298.03989550795035,4,7,0.5714285714285714
350,7.151987196994014,6,2.94253187533468,272,298.02977610115784,9,13,0.6923076923076923
189,3.8620730863767676,8,3.9233758337795734,27,298.02948355886105,13,25,0.52
641,13.09835369506618,6,2.94253187533468,331,298.0243322551515,5,7,0.7142857142857143
229,4.679443051747512,8,3.9233758337795734,56,297.9873522806107,13,20,0.65
698,14.263105895719491,4,1.9616879168897867,274,297.96075024963216,6,7,0.8571428571428571
679,13.874855162168387,8,3.9233758337795734,293,297.93836283660676,6,7,0.8571428571428571
527,10.768849293759558,4,1.9616879168897867,445,297.92910143139727,6,8,0.75
173,3.53512510022847,8,3.9233758337795734,107,297.90836175967763,18,27,0.6666666666666666
265,5.415076020581182,6,2.94253187533468,177,297.8386706403035,9,17,0.5294117647058824
674,13.772683916497044,8,3.9233758337795734,298,297.81503674982434,4,7,0.5714285714285714
247,5.047259536164347,6,2.94253187533468,231,297.813556023122,9,18,0.5
645,13.180090691603255,4,1.9616879168897867,327,297.7864497688443,5,7,0.7142857142857143
514,10.503204055014066,4,1.9616879168897867,458,297.7843472105336,6,9,0.6666666666666666
509,10.401032809342723,4,1.9616879168897867,463,297.7825205450548,6,9,0.6666666666666666
488,9.971913577523082,4,1.9616879168897867,484,297.77802629171055,5,9,0.5555555555555556
262,5.353773273178376,6,2.94253187533468,186,297.77561781470916,9,17,0.5294117647058824
445,9.093240864749532,6,2.94253187533468,82,297.7671227727967,6,11,0.5454545454545454
511,10.44190130761126,4,1.9616879168897867,461,297.76251308238545,6,9,0.6666666666666666
644,13.159656442468986,4,1.9616879168897867,328,297.7617372592365,5,7,0.7142857142857143
561,11.463613764324691,4,1.9616879168897867,411,297.7558630507424,4,8,0.5
663,13.54790717602009,8,3.9233758337795734,309,297.7554619257162,5,7,0.7142857142857143
106,2.166030408232473,12,5.88506375066936,18,297.74322097437886,25,44,0.5681818181818182
134,2.738189383991994,12,5.88506375066936,34,297.73046923790065,20,35,0.5714285714285714
172,3.514690851094201,8,3.9233758337795734,112,297.7230136934237,17,27,0.6296296296296297
325,6.641130968637299,6,2.94253187533468,322,297.6616521833146,8,14,0.5714285714285714
414,8.459779141587205,6,2.94253187533468,144,297.6301799443413,9,11,0.8181818181818182
93,1.9003851694869809,12,5.88506375066936,42,297.624080821284,27,50,0.54
446,9.1136751138838,6,2.94253187533468,80,297.6142733606209,7,11,0.6363636363636364
722,14.753527874941938,4,1.9616879168897867,250,297.59868719934923,4,7,0.5714285714285714
610,12.464891971903853,4,1.9616879168897867,362,297.58932120832,4,8,0.5
611,12.485326221038122,4,1.9616879168897867,361,297.58302690512846,4,7,0.5714285714285714
608,12.424023473635316,4,1.9616879168897867,364,297.56695940054436,4,8,0.5
601,12.280983729695436,4,1.9616879168897867,371,297.5660915187836,4,8,0.5
609,12.444457722769585,4,1.9616879168897867,363,297.5580094119448,4,8,0.5
682,13.936157909571193,6,2.94253187533468,290,297.5539860571862,5,7,0.7142857142857143
233,4.7611800482845865,8,3.9233758337795734,40,297.545313907082,13,20,0.65
51,1.0421467058476992,16,7.846751667559147,3,297.5381544088091,53,91,0.5824175824175825
319,6.518525473831687,8,3.9233758337795734,15,297.52843618266627,10,15,0.6666666666666666
158,3.2286113632144406,8,3.9233758337795734,24,297.5016755021269,20,30,0.6666666666666666
452,9.236280608689412,6,2.94253187533468,68,297.4792574999182,6,11,0.5454545454545454
639,13.057485196797643,6,2.94253187533468,333,297.4739849917013,5,7,0.7142857142857143
280,5.721589757595211,8,3.9233758337795734,132,297.4671739307276,12,17,0.7058823529411765
242,4.945088290493004,8,3.9233758337795734,4,297.4615428382357,14,20,0.7
327,6.681999466905836,6,2.94253187533468,318,297.4418950513107,7,14,0.5
535,10.932323286833707,4,1.9616879168897867,437,297.4338217183281,5,8,0.625
613,12.526194719306659,4,1.9616879168897867,359,297.43220541143967,4,7,0.5714285714285714
142,2.901663377066143,4,1.9616879168897867,120,297.43090748671386,10,32,0.3125
303,6.191577487683389,6,2.94253187533468,63,297.3961908295798,7,16,0.4375
536,10.952757535967976,4,1.9616879168897867,436,297.3888979676444,5,8,0.625
194,3.9642443320481107,8,3.9233758337795734,2,297.37768543739924,12,24,0.5
534,10.911889037699439,4,1.9616879168897867,438,297.3685761877711,4,8,0.5
672,13.731815418228507,8,3.9233758337795734,300,297.365790926072,5,7,0.7142857142857143
544,11.116231529042125,4,1.9616879168897867,428,297.3633274368859,5,8,0.625
283,5.782892504998017,6,2.94253187533468,123,297.3515569338826,7,16,0.4375
295,6.02810349460924,6,2.94253187533468,87,297.3071962433569,8,16,0.5
531,10.850586290296633,4,1.9616879168897867,441,297.2830336116199,4,8,0.5
403,8.23500240111025,6,2.94253187533468,166,297.2535224197726,8,12,0.6666666666666666
440,8.99106961907819,4,1.9616879168897867,92,297.22694755682795,5,11,0.45454545454545453
248,5.067693785298616,6,2.94253187533468,228,297.20194924299346,9,18,0.5
357,7.295026940933894,6,2.94253187533468,258,297.16699300355424,8,13,0.6153846153846154
251,5.1289965327014215,6,2.94253187533468,219,297.13671327961544,9,18,0.5
249,5.088128034432884,6,2.94253187533468,225,297.13347790111874,10,18,0.5555555555555556
567,11.586219259130303,4,1.9616879168897867,405,297.1238905363284,3,8,0.375
390,7.9693571623647586,6,2.94253187533468,192,297.07748954045877,8,12,0.6666666666666666
244,4.985956788761541,6,2.94253187533468,240,297.049660886096,11,19,0.5789473684210527
392,8.010225660633296,6,2.94253187533468,188,297.03491782261744,8,12,0.6666666666666666
695,14.201803148316685,4,1.9616879168897867,277,297.0197810392582,6,7,0.8571428571428571
228,4.6590088026132435,8,3.9233758337795734,60,297.01169921878505,13,21,0.6190476190476191
413,8.439344892452937,6,2.94253187533468,146,296.98132166319493,9,11,0.8181818181818182
538,10.993626034236513,4,1.9616879168897867,434,296.98098121717,5,8,0.625
653,13.343564684677403,4,1.9616879168897867,319,296.97660025628596,4,7,0.5714285714285714
498,10.176256068865769,4,1.9616879168897867,474,296.9512783373535,6,9,0.6666666666666666
681,13.915723660436925,6,2.94253187533468,291,296.9143940557947,5,7,0.7142857142857143
65,1.3282261937274598,12,5.88506375066936,62,296.90258541691026,38,71,0.5352112676056338
696,14.222237397450954,4,1.9616879168897867,276,296.8923060680964,6,7,0.8571428571428571
506,10.339730061939918,4,1.9616879168897867,466,296.88516443568284,6,9,0.6666666666666666
537,10.973191785102244,4,1.9616879168897867,435,296.8834346591133,5,8,0.625
277,5.660287010192405,8,3.9233758337795734,141,296.8752753168477,14,17,0.8235294117647058
580,11.851864497875795,4,1.9616879168897867,392,296.8715162644835,4,8,0.5
259,5.29247052577557,8,3.9233758337795734,195,296.86919873228345,13,18,0.7222222222222222
540,11.03449453250505,4,1.9616879168897867,432,296.8423803908641,5,8,0.625
436,8.909332622541115,4,1.9616879168897867,100,296.8403087965169,5,11,0.45454545454545453
673,13.752249667362776,8,3.9233758337795734,299,296.81742382767965,5,7,0.7142857142857143
346,7.07025020045694,6,2.94253187533468,280,296.81599745350314,9,13,0.6923076923076923
151,3.0855716192745604,6,2.94253187533468,66,296.7925544600221,14,31,0.45161290322580644
356,7.274592691799626,6,2.94253187533468,260,296.7837570186163,8,13,0.6153846153846154
393,8.030659909767564,6,2.94253187533468,186,296.7701497015971,8,12,0.6666666666666666
640,13.077919445931911,6,2.94253187533468,332,296.7694443929111,5,7,0.7142857142857143
331,6.7637364634429105,8,3.9233758337795734,310,296.71648323542973,7,14,0.5
415,8.480213390721474,6,2.94253187533468,142,296.7063308172056,9,11,0.8181818181818182
515,10.523638304148335,4,1.9616879168897867,457,296.6334079399904,8,9,0.8888888888888888
638,13.037050947663374,6,2.94253187533468,334,296.59951036432807,5,7,0.7142857142857143
328,6.702433716040105,6,2.94253187533468,316,296.59513289746263,6,14,0.42857142857142855
565,11.545350760861766,4,1.9616879168897867,407,296.54566222545776,5,8,0.625
502,10.257993065402843,4,1.9616879168897867,470,296.540534605084,6,9,0.6666666666666666
419,8.561950387258548,6,2.94253187533468,134,296.53430739496326,9,11,0.8181818181818182
482,9.84930808271747,4,1.9616879168897867,8,296.52653086228344,5,10,0.5
437,8.929766871675383,4,1.9616879168897867,98,296.50412287603274,4,11,0.36363636363636365
545,11.136665778176393,4,1.9616879168897867,427,296.49069084742194,5,8,0.625
294,6.007669245474972,6,2.94253187533468,90,296.4885066701218,8,16,0.5
637,13.016616698529106,6,2.94253187533468,335,296.4875388036847,5,7,0.7142857142857143
345,7.049815951322671,6,2.94253187533468,282,296.44165244885374,9,13,0.6923076923076923
477,9.747136837046128,6,2.94253187533468,18,296.44095334081015,7,10,0.7
503,10.278427314537112,4,1.9616879168897867,469,296.4407142522774,6,9,0.6666666666666666
504,10.29886156367138,4,1.9616879168897867,468,296.4341047287723,6,9,0.6666666666666666
309,6.314182982489001,6,2.94253187533468,45,296.42507047727037,11,15,0.7333333333333333
469,9.583662843971979,4,1.9616879168897867,34,296.40314461421536,5,10,0.5
69,1.4099631902645342,12,5.88506375066936,6,296.3869049779521,39,68,0.5735294117647058
480,9.808439584448934,4,1.9616879168897867,12,296.3859270860632,5,10,0.5
435,8.888898373406846,4,1.9616879168897867,102,296.38086430559986,5,11,0.45454545454545453
585,11.954035743547138,4,1.9616879168897867,387,296.3298975861798,4,8,0.5
246,5.0268252870300785,6,2.94253187533468,234,296.2785989541089,9,18,0.5
231,4.720311550016049,6,2.94253187533468,48,296.2562255033281,11,20,0.55
635,12.975748200260568,4,1.9616879168897867,337,296.2320748387721,4,7,0.5714285714285714
316,6.457222726428881,6,2.94253187533468,24,296.22263699360377,9,15,0.6
156,3.1877428649459034,6,2.94253187533468,36,296.22024142906406,17,30,0.5666666666666667
171,3.4942566019599326,8,3.9233758337795734,117,296.1899826105522,15,27,0.5555555555555556
394,8.051094158901833,6,2.94253187533468,184,296.1792374873854,9,12,0.75
196,4.005112830316648,8,3.9233758337795734,188,296.1614565616858,12,23,0.5217391304347826
505,10.319295812805649,4,1.9616879168897867,467,296.14818580441374,6,9,0.6666666666666666
497,10.1558218197315,4,1.9616879168897867,475,296.14341801808325,6,9,0.6666666666666666
453,9.256714857823681,6,2.94253187533468,66,296.1242751695251,6,11,0.5454545454545454
516,10.544072553282604,4,1.9616879168897867,456,296.11248393311627,8,9,0.8888888888888888
353,7.21328994439682,6,2.94253187533468,266,296.09821834136915,9,13,0.6923076923076923
112,2.2886359030380845,12,5.88506375066936,76,296.05831480071345,24,41,0.5853658536585366
454,9.27714910695795,6,2.94253187533468,64,296.0177440653491,6,11,0.5454545454545454
649,13.261827688140329,4,1.9616879168897867,323,295.96966404550255,5,7,0.7142857142857143
664,13.568341425154358,8,3.9233758337795734,308,295.9557881992952,4,7,0.5714285714285714
654,13.363998933811672,4,1.9616879168897867,318,295.918938706227,4,7,0.5714285714285714
187,3.8212045881082304,6,2.94253187533468,37,295.91491187363687,10,25,0.4
443,9.052372366480995,6,2.94253187533468,86,295.90830941991203,6,11,0.5454545454545454
542,11.075363030773588,4,1.9616879168897867,430,295.8580640860273,6,8,0.75
416,8.500647639855742,6,2.94253187533468,140,295.7629107301822,9,11,0.8181818181818182
546,11.157100027310662,4,1.9616879168897867,426,295.7627084885598,5,8,0.625
499,10.196690318000037,4,1.9616879168897867,473,295.7556528306224,6,9,0.6666666666666666
342,6.988513203919865,6,2.94253187533468,288,295.75135132771817,7,13,0.5384615384615384
256,5.231167778372765,8,3.9233758337795734,204,295.734689188117,12,18,0.6666666666666666
344,7.029381702188402,6,2.94253187533468,284,295.71518466541903,8,13,0.6153846153846154
474,9.685834089643322,6,2.94253187533468,24,295.70613588046604,7,10,0.7
364,7.438066684873775,6,2.94253187533468,244,295.6970090277151,10,13,0.7692307692307693
396,8.09196265717037,6,2.94253187533468,180,295.69496785790307,8,12,0.6666666666666666
470,9.604097093106247,4,1.9616879168897867,32,295.64201476087163,5,10,0.5
96,1.9616879168897867,12,5.88506375066936,12,295.61438688325717,26,49,0.5306122448979592
507,10.360164311074186,4,1.9616879168897867,465,295.5738603930629,6,9,0.6666666666666666
602,12.301417978829704,4,1.9616879168897867,370,295.56733686587256,4,8,0.5
343,7.008947453054134,6,2.94253187533468,286,295.5643895762782,7,13,0.5384615384615384
552,11.279705522116274,4,1.9616879168897867,420,295.55632154585317,6,8,0.75
203,4.148152574256528,6,2.94253187533468,160,295.5401024667335,11,23,0.4782608695652174
541,11.054928781639319,4,1.9616879168897867,431,295.4849663648974,6,8,0.75
438,8.950201120809652,4,1.9616879168897867,96,295.47594237001965,4,11,0.36363636363636365
547,11.17753427644493,4,1.9616879168897867,425,295.4733600213835,5,8,0.625
655,13.38443318294594,16,7.846751667559147,314,295.46062414505064,3,7,0.42857142857142855
418,8.54151613812428,6,2.94253187533468,136,295.4424971767375,9,11,0.8181818181818182
264,5.3946417714469135,6,2.94253187533468,180,295.40821414120535,9,17,0.5294117647058824
607,12.403589224501047,4,1.9616879168897867,365,295.39532229882633,4,8,0.5
174,3.5555593493627384,6,2.94253187533468,102,295.3610584822881,15,27,0.5555555555555556
326,6.661565217771567,6,2.94253187533468,320,295.35130846421254,8,14,0.5714285714285714
501,10.237558816268574,4,1.9616879168897867,471,295.31565871473526,6,9,0.6666666666666666
387,7.908054414961953,6,2.94253187533468,198,295.2817205398634,9,12,0.75
566,11.565785009996034,4,1.9616879168897867,406,295.26297432788556,4,8,0.5
560,11.443179515190423,4,1.9616879168897867,412,295.2536195673942,5,8,0.625
671,13.711381169094238,8,3.9233758337795734,301,295.2416582627811,5,7,0.7142857142857143
250,5.108562283567153,6,2.94253187533468,222,295.2371911128258,10,18,0.5555555555555556
442,9.031938117346726,6,2.94253187533468,88,295.2290850667054,7,11,0.6363636363636364
361,7.376763937470969,6,2.94253187533468,250,295.2101644421383,10,13,0.7692307692307693
699,14.28354014485376,4,1.9616879168897867,273,295.1847436623134,6,7,0.8571428571428571
391,7.989791411499027,6,2.94253187533468,190,295.1825639352294,8,12,0.6666666666666666
181,3.6985990933026187,8,3.9233758337795734,67,295.16724367932466,16,26,0.6153846153846154
551,11.259271272982005,4,1.9616879168897867,421,295.0868000462589,6,8,0.75
614,12.546628968440928,4,1.9616879168897867,358,295.05261232160655,5,7,0.7142857142857143
179,3.6577305950340815,8,3.9233758337795734,77,295.04618943501754,14,26,0.5384615384615384
549,11.218402774713468,4,1.9616879168897867,423,295.04057570690526,6,8,0.75
159,3.2490456123487093,8,3.9233758337795734,18,295.007818718184,18,30,0.6
548,11.1979685255792,4,1.9616879168897867,424,294.9806057544928,5,8,0.625
718,14.671790878404863,20,9.808439584448934,261,294.9430294090098,3,7,0.42857142857142855
587,11.994904241815675,4,1.9616879168897867,385,294.93792713078807,4,8,0.5
475,9.70626833877759,6,2.94253187533468,22,294.9357977204647,7,10,0.7
232,4.740745799150318,6,2.94253187533468,44,294.9189919481498,13,20,0.65
296,6.048537743743509,6,2.94253187533468,84,294.90846085637105,9,16,0.5625
197,4.0255470794509165,8,3.9233758337795734,184,294.8971016508807,14,23,0.6086956521739131
581,11.872298747010063,4,1.9616879168897867,391,294.88059113926334,4,8,0.5
584,11.93360149441287,4,1.9616879168897867,388,294.8696988488829,4,8,0.5
330,6.743302214308642,8,3.9233758337795734,312,294.840234317131,8,14,0.5714285714285714
417,8.521081888990011,6,2.94253187533468,138,294.8391822216998,9,11,0.8181818181818182
650,13.282261937274598,4,1.9616879168897867,322,294.82784972321616,5,7,0.7142857142857143
355,7.254158442665357,6,2.94253187533468,262,294.826535228146,9,13,0.6923076923076923
466,9.522360096569173,6,2.94253187533468,40,294.82364831344603,7,10,0.7
586,11.974469992681406,4,1.9616879168897867,386,294.79239949761194,4,8,0.5
728,14.87613336974755,4,1.9616879168897867,244,294.7509735744548,6,7,0.8571428571428571
204,4.168586823390797,6,2.94253187533468,156,294.7459103977359,12,22,0.5454545454545454
312,6.375485729891807,4,1.9616879168897867,36,294.71766628320455,8,15,0.5333333333333333
252,5.14943078183569,6,2.94253187533468,216,294.68106184575805,10,18,0.5555555555555556
603,12.321852227963973,4,1.9616879168897867,369,294.6395575292116,4,8,0.5
670,13.69094691995997,8,3.9233758337795734,302,294.60270512222536,5,7,0.7142857142857143
74,1.5121344359358773,12,5.88506375066936,10,294.5997795920891,38,63,0.6031746031746031
191,3.902941584645305,8,3.9233758337795734,17,294.5826056411554,16,25,0.64
300,6.1302747402805835,4,1.9616879168897867,72,294.5475201918352,6,16,0.375
424,8.664121632929891,6,2.94253187533468,124,294.5457276955932,7,11,0.6363636363636364
651,13.302696186408866,4,1.9616879168897867,321,294.5308296892936,5,7,0.7142857142857143
313,6.3959199790260755,4,1.9616879168897867,33,294.50348100226165,8,15,0.5333333333333333
79,1.6143056816072203,12,5.88506375066936,24,294.45414423119973,39,59,0.6610169491525424
354,7.2337241935310885,6,2.94253187533468,264,294.4312730371572,9,13,0.6923076923076923
596,12.178812484024093,4,1.9616879168897867,376,294.4141739294231,4,8,0.5
152,3.106005868408829,6,2.94253187533468,60,294.37794714117103,17,31,0.5483870967741935
388,7.928488664096221,6,2.94253187533468,196,294.36141791812787,9,12,0.75
665,13.588775674288627,8,3.9233758337795734,307,294.3450986898482,4,7,0.5714285714285714
395,8.071528408036102,6,2.94253187533468,182,294.3359857145028,9,12,0.75
351,7.172421446128283,6,2.94253187533468,270,294.3243956334797,10,13,0.7692307692307693
190,3.882507335511036,8,3.9233758337795734,22,294.3075804124786,15,25,0.6
500,10.217124567134306,4,1.9616879168897867,472,294.2852725261915,6,9,0.6666666666666666
550,11.238837023847736,4,1.9616879168897867,422,294.2713696703547,6,8,0.75
216,4.41379781300202,6,2.94253187533468,108,294.2631347547619,11,21,0.5238095238095238
299,6.109840491146315,4,1.9616879168897867,75,294.2621688360984,7,16,0.4375
113,2.309070152172353,12,5.88506375066936,68,294.25092742001465,25,41,0.6097560975609756
186,3.8007703389739618,6,2.94253187533468,42,294.2474419000784,12,25,0.48
347,7.090684449591208,4,1.9616879168897867,278,294.20218434752826,7,13,0.5384615384615384
483,9.86974233185174,4,1.9616879168897867,6,294.1980262151848,6,10,0.6
372,7.6015406779479235,4,1.9616879168897867,228,294.1970596543687,6,12,0.5
253,5.169865030969959,6,2.94253187533468,213,294.0899084508202,10,18,0.5555555555555556
520,10.625809549819678,4,1.9616879168897867,452,294.08648771792076,8,9,0.8888888888888888
455,9.297583356092218,6,2.94253187533468,62,294.0433461425146,7,11,0.6363636363636364
240,4.904219792224467,6,2.94253187533468,12,294.04265509435356,11,20,0.55
559,11.422745266056154,4,1.9616879168897867,413,294.0063632832877,6,8,0.75
476,9.72670258791186,6,2.94253187533468,20,293.9847526555106,7,10,0.7
97,1.9821221660240553,12,5.88506375066936,2,293.9759632362984,26,48,0.5416666666666666
377,7.703711923619267,4,1.9616879168897867,218,293.96828414758426,6,12,0.5
279,5.701155508460943,8,3.9233758337795734,135,293.90762476739013,14,17,0.8235294117647058
659,13.466170179483015,4,1.9616879168897867,313,293.9043534205136,3,7,0.42857142857142855
245,5.00639103789581,6,2.94253187533468,237,293.87662305574923,10,18,0.5555555555555556
582,11.892732996144332,4,1.9616879168897867,390,293.84197313918213,4,8,0.5
425,8.68455588206416,6,2.94253187533468,122,293.8135355507707,5,11,0.45454545454545453
517,10.564506802416872,4,1.9616879168897867,455,293.80734903298656,9,9,1.0
63,1.2873576954589225,12,5.88506375066936,27,293.7130868740318,41,74,0.5540540540540541
444,9.072806615615264,6,2.94253187533468,84,293.7070496233903,7,11,0.6363636363636364
205,4.189021072525065,6,2.94253187533468,152,293.7040134384,12,22,0.5454545454545454
486,9.931045079254545,4,1.9616879168897867,0,293.66246059160784,6,10,0.6
292,5.966800747206435,4,1.9616879168897867,96,293.625586743059,7,16,0.4375
605,12.36272072623251,4,1.9616879168897867,367,293.5806610530914,4,8,0.5
373,7.621974927082192,4,1.9616879168897867,226,293.5684575084197,7,12,0.5833333333333334
49,1.001278207579162,12,5.88506375066936,41,293.51670080046375,51,94,0.5425531914893617
59,1.205620698921848,12,5.88506375066936,28,293.51075832094085,38,79,0.4810126582278481
201,4.107284075987991,6,2.94253187533468,168,293.4984210087405,11,23,0.4782608695652174
606,12.383154975366779,4,1.9616879168897867,366,293.44474772062125,4,8,0.5
68,1.3895289411302656,16,7.846751667559147,20,293.4137109577284,41,68,0.6029411764705882
124,2.533846892649308,8,3.9233758337795734,104,293.39752713588086,19,37,0.5135135135135135
636,12.996182449394837,4,1.9616879168897867,336,293.3922797653641,4,7,0.5714285714285714
161,3.2899141106172465,6,2.94253187533468,6,293.38753767747085,18,29,0.6206896551724138
723,14.773962124076206,4,1.9616879168897867,249,293.37690471563496,5,7,0.7142857142857143
700,14.303974393988028,4,1.9616879168897867,272,293.37592886631467,6,7,0.8571428571428571
669,13.670512670825701,8,3.9233758337795734,303,293.37586899321735,5,7,0.7142857142857143
281,5.74202400672948,6,2.94253187533468,129,293.3551906568272,9,17,0.5294117647058824
543,11.095797279907856,4,1.9616879168897867,429,293.32106700689513,6,8,0.75
50,1.0217124567134306,12,5.88506375066936,22,293.3153437786591,55,93,0.5913978494623656
479,9.788005335314665,4,1.9616879168897867,14,293.29106246325284,6,10,0.6
652,13.323130435543135,4,1.9616879168897867,320,293.21178915062615,5,7,0.7142857142857143
604,12.342286477098241,4,1.9616879168897867,368,293.2032715488522,4,8,0.5
321,6.559393972100224,6,2.94253187533468,9,293.19513841996474,9,15,0.6
593,12.117509736621287,4,1.9616879168897867,379,293.19287746431155,5,8,0.625
660,13.486604428617284,4,1.9616879168897867,312,293.1795611523214,3,7,0.42857142857142855
389,7.94892291323049,6,2.94253187533468,194,293.14554496910984,9,12,0.75
148,3.0242688718717545,6,2.94253187533468,84,293.1056471752328,19,31,0.6129032258064516
329,6.722867965174373,6,2.94253187533468,314,292.98632566976147,6,14,0.42857142857142855
263,5.374207522312645,6,2.94253187533468,183,292.89228280856025,11,17,0.6470588235294118
306,6.252880235086195,4,1.9616879168897867,54,292.8506546216707,8,15,0.5333333333333333
311,6.355051480757538,4,1.9616879168897867,39,292.84797828101085,9,15,0.6
214,4.372929314733483,8,3.9233758337795734,116,292.8392553242902,14,22,0.6363636363636364
720,14.7126593766734,8,3.9233758337795734,253,292.79699416397756,3,7,0.42857142857142855
202,4.12771832512226,6,2.94253187533468,164,292.7904794154317,9,23,0.391304347826087
595,12.158378234889824,4,1.9616879168897867,377,292.7716751867625,4,8,0.5
67,1.369094691995997,16,7.846751667559147,34,292.7698030664996,36,69,0.5217391304347826
666,13.609209923422895,8,3.9233758337795734,306,292.76777882706,4,7,0.5714285714285714
408,8.337173646781594,4,1.9616879168897867,156,292.72997570830233,7,11,0.6363636363636364
109,2.2273331556352787,8,3.9233758337795734,100,292.68928165511227,20,42,0.47619047619047616
131,2.676886636589188,8,3.9233758337795734,55,292.6753353037708,19,35,0.5428571428571428
422,8.623253134661354,4,1.9616879168897867,128,292.67065264632964,7,11,0.6363636363636364
363,7.417632435739506,6,2.94253187533468,246,292.65726750753043,10,13,0.7692307692307693
218,4.454666311270557,6,2.94253187533468,100,292.65678061344755,11,21,0.5238095238095238
692,14.14050040091388,4,1.9616879168897867,280,292.6119907279344,6,7,0.8571428571428571
278,5.680721259326674,8,3.9233758337795734,138,292.6118996439136,15,17,0.8823529411764706
558,11.402311016921885,4,1.9616879168897867,414,292.59254215940035,6,8,0.75
691,14.12006615177961,4,1.9616879168897867,281,292.56854251465546,6,7,0.8571428571428571
727,14.85569912061328,4,1.9616879168897867,245,292.55644416675415,6,7,0.8571428571428571
668,13.650078421691433,8,3.9233758337795734,304,292.53744489317694,5,7,0.7142857142857143
583,11.9131672452786,4,1.9616879168897867,389,292.53115842784746,4,8,0.5
212,4.332060816464946,8,3.9233758337795734,124,292.52109912093687,14,22,0.6363636363636364
236,4.822482795687392,6,2.94253187533468,28,292.48410357792585,12,20,0.6
238,4.86335129395593,8,3.9233758337795734,20,292.4776495629007,13,20,0.65
485,9.910610830120277,4,1.9616879168897867,2,292.4745004455167,6,10,0.6
57,1.1647522006533109,12,5.88506375066936,3,292.47379457953247,41,82,0.5
243,4.965522539627273,6,2.94253187533468,0,292.4728877445098,12,20,0.6
235,4.802048546553124,6,2.94253187533468,32,292.4675401571112,12,20,0.6
381,7.785448920156341,4,1.9616879168897867,210,292.426888783556,7,12,0.5833333333333334
58,1.1851864497875795,12,5.88506375066936,44,292.4245320258816,42,80,0.525
260,5.312904774909839,6,2.94253187533468,192,292.389808744763,12,18,0.6666666666666666
441,9.011503868212458,4,1.9616879168897867,90,292.38606503055064,6,11,0.5454545454545454
180,3.67816484416835,6,2.94253187533468,72,292.37435142104954,13,26,0.5
215,4.3933635638677515,6,2.94253187533468,112,292.37342175361425,13,22,0.5909090909090909
237,4.842917044821661,8,3.9233758337795734,24,292.37259794480985,15,20,0.75
468,9.56322859483771,4,1.9616879168897867,36,292.34223102304395,6,10,0.6
379,7.744580421887804,4,1.9616879168897867,214,292.33126676707366,7,12,0.5833333333333334
136,2.779057882260531,12,5.88506375066936,20,292.32854979173305,24,34,0.7058823529411765
484,9.890176580986008,4,1.9616879168897867,4,292.31889095759436,7,10,0.7
553,11.300139771250542,4,1.9616879168897867,419,292.25125035068663,7,8,0.875
667,13.629644172557164,8,3.9233758337795734,305,292.2379490645556,4,7,0.5714285714285714
98,2.002556415158324,12,5.88506375066936,90,292.1820304042057,25,47,0.5319148936170213
184,3.7599018407054245,6,2.94253187533468,52,292.14428421291353,14,25,0.56
594,12.137943985755555,4,1.9616879168897867,378,292.14270588420663,5,8,0.625
661,13.507038677751552,4,1.9616879168897867,311,292.11860551091183,3,7,0.42857142857142855
282,5.7624582558637485,4,1.9616879168897867,126,292.10066835136047,7,16,0.4375
702,14.344842892256565,4,1.9616879168897867,270,292.09923733010726,6,7,0.8571428571428571
257,5.251602027507033,6,2.94253187533468,201,292.06925506627954,11,18,0.6111111111111112
369,7.540237930545118,4,1.9616879168897867,234,292.058181925303,8,12,0.6666666666666666
175,3.575993598497007,6,2.94253187533468,97,292.03198485939635,14,26,0.5384615384615384
324,6.62069671950303,4,1.9616879168897867,0,292.0267615195129,7,15,0.4666666666666667
304,6.212011736817658,4,1.9616879168897867,60,292.02297582501797,7,16,0.4375
701,14.324408643122297,4,1.9616879168897867,271,291.9515608011512,6,7,0.8571428571428571
690,14.099631902645342,4,1.9616879168897867,282,291.92391956377065,6,7,0.8571428571428571
210,4.2911923181964085,6,2.94253187533468,132,291.91618178325473,12,22,0.5454545454545454
258,5.272036276641302,6,2.94253187533468,198,291.86606090714923,13,18,0.7222222222222222
478,9.767571086180396,4,1.9616879168897867,16,291.83830678025504,6,10,0.6
348,7.111118698725477,4,1.9616879168897867,276,291.78964038532604,8,13,0.6153846153846154
268,5.476378767983988,6,2.94253187533468,168,291.7719984893653,11,17,0.6470588235294118
340,6.947644705651328,8,3.9233758337795734,292,291.76476075364076,9,13,0.6923076923076923
338,6.906776207382791,8,3.9233758337795734,296,291.73827863013844,8,13,0.6153846153846154
153,3.1264401175430976,6,2.94253187533468,54,291.71641099050345,19,30,0.6333333333333333
183,3.739467591571156,8,3.9233758337795734,57,291.6818056054444,17,26,0.6538461538461539
211,4.311626567330677,6,2.94253187533468,128,291.66494481023904,13,22,0.5909090909090909
182,3.7190333424368873,8,3.9233758337795734,62,291.64498684934125,16,26,0.6153846153846154
380,7.765014671022072,4,1.9616879168897867,212,291.6398411969276,7,12,0.5833333333333334
122,2.4929783943807706,8,3.9233758337795734,118,291.6242599412023,22,38,0.5789473684210527
428,8.745858629466966,4,1.9616879168897867,116,291.5512350831825,4,11,0.36363636363636365
213,4.352495065599214,8,3.9233758337795734,120,291.54507998809095,14,22,0.6363636363636364
261,5.333339024044108,6,2.94253187533468,189,291.5305258471326,12,18,0.6666666666666666
726,14.835264871479012,4,1.9616879168897867,246,291.49853400097436,6,7,0.8571428571428571
409,8.357607895915862,4,1.9616879168897867,154,291.491821585378,8,11,0.7272727272727273
689,14.079197653511073,4,1.9616879168897867,283,291.4750290727703,6,7,0.8571428571428571
703,14.365277141390834,4,1.9616879168897867,269,291.46833297582646,6,7,0.8571428571428571
301,6.150708989414852,4,1.9616879168897867,69,291.4505401151226,7,16,0.4375
339,6.927210456517059,8,3.9233758337795734,294,291.3735844934733,9,13,0.6923076923076923
298,6.089406242012046,4,1.9616879168897867,78,291.3714414432952,7,16,0.4375
176,3.5964278476312757,6,2.94253187533468,92,291.3669837975316,13,26,0.5
266,5.435510269715451,6,2.94253187533468,174,291.3351196163394,9,17,0.5294117647058824
267,5.455944518849719,6,2.94253187533468,171,291.3317840822169,9,17,0.5294117647058824
406,8.296305148513056,4,1.9616879168897867,160,291.28026043129046,7,12,0.5833333333333334
85,1.736911176412832,12,5.88506375066936,37,291.24112327987217,31,55,0.5636363636363636
518,10.58494105155114,4,1.9616879168897867,454,291.23064450631654,9,9,1.0
146,2.9834003736032173,4,1.9616879168897867,96,291.22923780627787,16,32,0.5
554,11.32057402038481,4,1.9616879168897867,418,291.1815785485298,7,8,0.875
99,2.0229906642925926,8,3.9233758337795734,81,291.17068604535433,23,46,0.5
662,13.527472926885821,4,1.9616879168897867,310,291.150067770866,3,7,0.42857142857142855
123,2.5134126435150392,8,3.9233758337795734,111,291.14827607231314,19,37,0.5135135135135135
371,7.581106428813655,4,1.9616879168897867,230,291.12369921246216,8,12,0.6666666666666666
382,7.80588316929061,4,1.9616879168897867,208,291.12356414831265,8,12,0.6666666666666666
642,13.118787944200449,4,1.9616879168897867,330,291.0928085369115,5,7,0.7142857142857143
725,14.814830622344743,4,1.9616879168897867,247,291.07839489804053,6,7,0.8571428571428571
199,4.066415577719454,6,2.94253187533468,176,291.0782104499963,11,23,0.4782608695652174
557,11.381876767787617,4,1.9616879168897867,415,291.0767749972119,7,8,0.875
398,8.132831155438907,4,1.9616879168897867,176,291.05302756093266,7,12,0.5833333333333334
519,10.60537530068541,4,1.9616879168897867,453,290.95232254090286,9,9,1.0
126,2.574715390917845,8,3.9233758337795734,90,290.9329169712809,18,37,0.4864864864864865
84,1.7164769272785634,12,5.88506375066936,48,290.92598206844076,31,55,0.5636363636363636
127,2.5951496400521137,8,3.9233758337795734,83,290.9206169619931,18,36,0.5
426,8.704990131198429,4,1.9616879168897867,120,290.91802754271396,4,11,0.36363636363636365
685,13.997460656973999,4,1.9616879168897867,287,290.861200932149,5,7,0.7142857142857143
144,2.94253187533468,3,1.47126593766734,108,290.8392610666912,7,32,0.21875
290,5.925932248937897,4,1.9616879168897867,102,290.8325449073057,7,16,0.4375
155,3.167308615811635,6,2.94253187533468,42,290.8264209111302,20,30,0.6666666666666666
178,3.637296345899813,6,2.94253187533468,82,290.8100162390304,12,26,0.46153846153846156
337,6.886341958248522,8,3.9233758337795734,298,290.7770909624253,7,13,0.5384615384615384
449,9.174977861286607,4,1.9616879168897867,74,290.7450722363902,5,11,0.45454545454545453
457,9.338451854360756,4,1.9616879168897867,58,290.74242664811663,6,11,0.5454545454545454
165,3.371651107154321,8,3.9233758337795734,147,290.7265329170342,15,28,0.5357142857142857
724,14.794396373210475,4,1.9616879168897867,248,290.67582107651526,6,7,0.8571428571428571
318,6.4980912246974185,6,2.94253187533468,18,290.67506029079146,9,15,0.6
61,1.2464891971903853,16,7.846751667559147,57,290.6508561137089,44,76,0.5789473684210527
684,13.97702640783973,4,1.9616879168897867,288,290.61949122572577,5,7,0.7142857142857143
365,7.458500934008043,4,1.9616879168897867,242,290.61842788533244,9,13,0.6923076923076923
677,13.83398666389985,6,2.94253187533468,295,290.6156566574901,5,7,0.7142857142857143
464,9.481491598300636,4,1.9616879168897867,44,290.5972740455484,7,10,0.7
686,14.017894906108268,4,1.9616879168897867,286,290.596232060031,5,7,0.7142857142857143
588,12.015338490949944,4,1.9616879168897867,384,290.5898545806773,5,8,0.625
688,14.058763404376805,4,1.9616879168897867,284,290.58205792001104,6,7,0.8571428571428571
473,9.665399840509053,4,1.9616879168897867,26,290.5491817107957,5,10,0.5
676,13.813552414765581,6,2.94253187533468,296,290.5439868575736,4,7,0.5714285714285714
405,8.275870899378788,4,1.9616879168897867,162,290.5432895436608,7,12,0.5833333333333334
77,1.573437183338683,8,3.9233758337795734,48,290.51060207103114,36,60,0.6
427,8.725424380332697,4,1.9616879168897867,118,290.4888660760405,4,11,0.36363636363636365
399,8.153265404573176,4,1.9616879168897867,174,290.4688882674943,7,12,0.5833333333333334
450,9.195412110420875,4,1.9616879168897867,72,290.4659320341442,5,11,0.45454545454545453
678,13.854420913034119,6,2.94253187533468,294,290.42927443614576,5,7,0.7142857142857143
423,8.643687383795623,4,1.9616879168897867,126,290.40687050406433,6,11,0.5454545454545454
349,7.1315529478597455,4,1.9616879168897867,274,290.39666392653015,9,13,0.6923076923076923
315,6.436788477294613,4,1.9616879168897867,27,290.3827584300713,7,15,0.4666666666666667
227,4.638574553478975,8,3.9233758337795734,64,290.3805388356623,13,21,0.6190476190476191
239,4.883785543090198,6,2.94253187533468,16,290.3794273493357,12,20,0.6
206,4.209455321659334,6,2.94253187533468,148,290.3780324775277,14,22,0.6363636363636364
308,6.293748733354732,4,1.9616879168897867,48,290.3776574203004,9,15,0.6
219,4.475100560404826,6,2.94253187533468,96,290.3775575812558,9,21,0.42857142857142855
341,6.968078954785597,6,2.94253187533468,290,290.35474419021574,8,13,0.6153846153846154
421,8.602818885527086,4,1.9616879168897867,130,290.3518541318269,7,11,0.6363636363636364
420,8.582384636392817,4,1.9616879168897867,132,290.31715562133263,7,11,0.6363636363636364
400,8.173699653707445,4,1.9616879168897867,172,290.3099365231799,7,12,0.5833333333333334
275,5.619418511923868,6,2.94253187533468,147,290.29259409398253,12,17,0.7058823529411765
401,8.194133902841713,4,1.9616879168897867,170,290.29076629867103,8,12,0.6666666666666666
125,2.5542811417835765,8,3.9233758337795734,97,290.2782050491166,17,37,0.4594594594594595
254,5.190299280104227,6,2.94253187533468,210,290.27748627930646,10,18,0.5555555555555556
120,2.4521098961122334,8,3.9233758337795734,12,290.26923758007524,22,39,0.5641025641025641
162,3.310348359751515,6,2.94253187533468,0,290.25875459657505,18,29,0.6206896551724138
272,5.558115764521062,6,2.94253187533468,156,290.23063575153816,11,17,0.6470588235294118
62,1.266923446324654,12,5.88506375066936,42,290.2173742890378,39,75,0.52
192,3.9233758337795734,6,2.94253187533468,12,290.1171259862387,13,25,0.52
459,9.379320352629293,4,1.9616879168897867,54,290.08961759408214,7,10,0.7
456,9.318017605226487,4,1.9616879168897867,60,290.074053417331,6,11,0.5454545454545454
467,9.542794345703442,4,1.9616879168897867,38,289.9968798454919,6,10,0.6
577,11.790561750472989,8,3.9233758337795734,396,289.9938478867046,3,8,0.375
368,7.519803681410849,4,1.9616879168897867,236,289.96463295966436,9,12,0.75
578,11.810995999607258,8,3.9233758337795734,395,289.9379818275012,3,8,0.375
177,3.6168620967655443,6,2.94253187533468,87,289.88324619489697,12,26,0.46153846153846156
323,6.600262470368762,4,1.9616879168897867,3,289.8496414000118,8,15,0.5333333333333333
276,5.639852761058137,6,2.94253187533468,144,289.8402674680099,12,17,0.7058823529411765
195,3.9846785811823793,6,2.94253187533468,192,289.80213699216364,11,23,0.4782608695652174
293,5.987234996340703,4,1.9616879168897867,93,289.75639606309244,8,16,0.5
362,7.397198186605237,6,2.94253187533468,248,289.7260424248274,11,13,0.8461538461538461
680,13.895289411302656,6,2.94253187533468,292,289.72382517930015,6,7,0.8571428571428571
269,5.4968130171182565,6,2.94253187533468,165,289.72217099297075,11,17,0.6470588235294118
116,2.370372899575159,8,3.9233758337795734,44,289.71982947136814,21,40,0.525
370,7.560672179679386,4,1.9616879168897867,232,289.71589209771287,8,12,0.6666666666666666
336,6.8659077091142535,8,3.9233758337795734,300,289.71116826368063,8,13,0.6153846153846154
410,8.37804214505013,4,1.9616879168897867,152,289.6720965017232,8,11,0.7272727272727273
383,7.826317418424878,4,1.9616879168897867,206,289.6612625326998,8,12,0.6666666666666666
675,13.793118165631313,6,2.94253187533468,297,289.63483294257765,4,7,0.5714285714285714
270,5.517247266252525,6,2.94253187533468,162,289.6069690992818,11,17,0.6470588235294118
185,3.780336089839693,6,2.94253187533468,47,289.5691408651542,14,25,0.56
322,6.579828221234493,4,1.9616879168897867,6,289.5659159546789,9,15,0.6
663,13.54790717602009,6,2.94253187533468,309,289.5618461034547,5,7,0.7142857142857143
143,2.9220976262004115,3,1.47126593766734,114,289.559084706439,7,32,0.21875
641,13.09835369506618,4,1.9616879168897867,331,289.53895062508224,5,7,0.7142857142857143
460,9.399754601763561,4,1.9616879168897867,52,289.5356703116957,7,10,0.7
378,7.724146172753535,4,1.9616879168897867,216,289.4881371428249,7,12,0.5833333333333334
590,12.05620698921848,4,1.9616879168897867,382,289.4840440819288,6,8,0.75
54,1.103449453250505,12,5.88506375066936,0,289.47945264863563,51,86,0.5930232558139535
683,13.956592158705462,4,1.9616879168897867,289,289.47108091967306,5,7,0.7142857142857143
463,9.461057349166367,4,1.9616879168897867,46,289.46101645854185,7,10,0.7
556,11.361442518653348,4,1.9616879168897867,416,289.41906400801525,7,8,0.875
297,6.068971992877778,4,1.9616879168897867,81,289.39108834215455,8,16,0.5
367,7.4993694322765805,4,1.9616879168897867,238,289.3867149110497,8,12,0.6666666666666666
154,3.146874366677366,6,2.94253187533468,48,289.366210628586,20,30,0.6666666666666666
407,8.316739397647325,4,1.9616879168897867,158,289.35997839543063,8,11,0.7272727272727273
366,7.478935183142312,4,1.9616879168897867,240,289.3586362899768,9,13,0.6923076923076923
291,5.946366498072166,4,1.9616879168897867,99,289.326688247452,7,16,0.4375
384,7.846751667559147,4,1.9616879168897867,204,289.2520117367627,8,12,0.6666666666666666
208,4.250323819927871,6,2.94253187533468,140,289.2445362028633,15,22,0.6818181818181818
220,4.495534809539095,6,2.94253187533468,92,289.241858195957,10,21,0.47619047619047616
230,4.699877300881781,6,2.94253187533468,52,289.2402862678627,13,20,0.65
451,9.215846359555144,4,1.9616879168897867,70,289.19513574728927,6,11,0.5454545454545454
682,13.936157909571193,4,1.9616879168897867,290,289.18994749266125,5,7,0.7142857142857143
591,12.07664123835275,4,1.9616879168897867,381,289.15412201885835,6,8,0.75
310,6.33461723162327,4,1.9616879168897867,42,289.14298828345505,10,15,0.6666666666666666
305,6.232445985951927,4,1.9616879168897867,57,289.1086381458267,9,16,0.5625
234,4.781614297418855,6,2.94253187533468,36,289.1034619029677,13,20,0.65
129,2.636018138320651,8,3.9233758337795734,69,289.0950744818021,24,36,0.6666666666666666
592,12.097075487487018,4,1.9616879168897867,380,289.07433935647146,6,8,0.75
193,3.943810082913842,6,2.94253187533468,7,289.0132855535623,12,24,0.5
462,9.440623100032099,4,1.9616879168897867,48,288.97800523764033,7,10,0.7
674,13.772683916497044,6,2.94253187533468,298,288.96267168381905,4,7,0.5714285714285714
687,14.038329155242536,4,1.9616879168897867,285,288.943403189008,6,7,0.8571428571428571
157,3.208177114080172,4,1.9616879168897867,30,288.9426925215921,14,30,0.4666666666666667
163,3.3307826088857837,6,2.94253187533468,157,288.93965273337346,15,28,0.5357142857142857
404,8.25543665024452,4,1.9616879168897867,164,288.91926164505503,7,12,0.5833333333333334
447,9.13410936301807,4,1.9616879168897867,78,288.91722046126694,7,11,0.6363636363636364
274,5.5989842627896,6,2.94253187533468,150,288.87326752103405,11,17,0.6470588235294118
639,13.057485196797643,4,1.9616879168897867,333,288.8707530170332,5,7,0.7142857142857143
164,3.3512168580200523,6,2.94253187533468,152,288.8582989291102,14,28,0.5
672,13.731815418228507,6,2.94253187533468,300,288.849780368683,5,7,0.7142857142857143
589,12.035772740084212,4,1.9616879168897867,383,288.8231307776185,6,8,0.75
307,6.273314484220464,4,1.9616879168897867,51,288.80326378764676,9,15,0.6
679,13.874855162168387,6,2.94253187533468,293,288.7597651402798,6,7,0.8571428571428571
402,8.214568151975982,4,1.9616879168897867,168,288.74521959527357,8,12,0.6666666666666666
445,9.093240864749532,4,1.9616879168897867,82,288.7164587069535,6,11,0.5454545454545454
555,11.34100826951908,4,1.9616879168897867,417,288.7107091026469,7,8,0.875
241,4.924654041358735,6,2.94253187533468,8,288.68346598417776,13,20,0.65
397,8.112396906304639,4,1.9616879168897867,178,288.63747798092544,7,12,0.5833333333333334
73,1.4917001868016087,8,3.9233758337795734,23,288.5328092403961,35,64,0.546875
386,7.887620165827684,4,1.9616879168897867,200,288.52046948378876,8,12,0.6666666666666666
448,9.154543612152338,4,1.9616879168897867,76,288.4244706067756,7,11,0.6363636363636364
132,2.6973208857234567,8,3.9233758337795734,48,288.41041817737056,18,35,0.5142857142857142
302,6.171143238549121,4,1.9616879168897867,66,288.3570459502625,7,16,0.4375
461,9.42018885089783,4,1.9616879168897867,50,288.34903651099944,7,10,0.7
150,3.0651373701402918,4,1.9616879168897867,72,288.348514656383,13,31,0.41935483870967744
412,8.418910643318668,4,1.9616879168897867,148,288.32185728969506,8,11,0.7272727272727273
465,9.501925847434904,4,1.9616879168897867,42,288.31947357124596,7,10,0.7
385,7.8671859166934155,4,1.9616879168897867,202,288.2875991484195,8,12,0.6666666666666666
458,9.358886103495024,4,1.9616879168897867,56,288.2805495717903,7,10,0.7
217,4.434232062136289,6,2.94253187533468,104,288.22608763572936,14,21,0.6666666666666666
681,13.915723660436925,4,1.9616879168897867,291,288.20087470975153,5,7,0.7142857142857143
209,4.27075806906214,6,2.94253187533468,136,288.1832639076263,15,22,0.6818181818181818
188,3.841638837242499,4,1.9616879168897867,32,288.1760574757941,10,25,0.4
92,1.8799509203527123,8,3.9233758337795734,52,288.14571020008617,26,50,0.52
170,3.473822352825664,8,3.9233758337795734,122,288.120723696533,17,27,0.6296296296296297
673,13.752249667362776,6,2.94253187533468,299,288.11443529519215,5,7,0.7142857142857143
411,8.3984763941844,4,1.9616879168897867,150,288.10313408962287,8,11,0.7272727272727273
271,5.537681515386794,6,2.94253187533468,159,288.10146147247906,12,17,0.7058823529411765
225,4.597706055210438,8,3.9233758337795734,72,288.08828548345036,11,21,0.5238095238095238
320,6.538959722965956,6,2.94253187533468,12,288.0699828464306,10,15,0.6666666666666666
452,9.236280608689412,4,1.9616879168897867,68,287.9989991349043,6,11,0.5454545454545454
60,1.2260549480561167,12,5.88506375066936,12,287.986427803167,41,78,0.5256410256410257
328,6.702433716040105,4,1.9616879168897867,316,287.96780368316035,6,14,0.42857142857142855
331,6.7637364634429105,6,2.94253187533468,310,287.94017988502617,7,14,0.5
327,6.681999466905836,4,1.9616879168897867,318,287.92546423832596,7,14,0.5
283,5.782892504998017,4,1.9616879168897867,123,287.8990249778366,7,16,0.4375
83,1.6960426781442948,12,5.88506375066936,59,287.8759919597783,30,56,0.5357142857142857
352,7.192855695262551,4,1.9616879168897867,268,287.86760870286525,8,13,0.6153846153846154
664,13.568341425154358,6,2.94253187533468,308,287.78913910321387,4,7,0.5714285714285714
255,5.210733529238496,6,2.94253187533468,207,287.782835416469,12,18,0.6666666666666666
273,5.578550013655331,6,2.94253187533468,153,287.78157159991883,12,17,0.7058823529411765
446,9.1136751138838,4,1.9616879168897867,80,287.75528505628404,7,11,0.6363636363636364
640,13.077919445931911,4,1.9616879168897867,332,287.683335712858,5,7,0.7142857142857143
359,7.335895439202432,4,1.9616879168897867,254,287.6672946541219,8,13,0.6153846153846154
89,1.8186481729499064,8,3.9233758337795734,82,287.66326007975067,26,52,0.5
317,6.47765697556315,4,1.9616879168897867,21,287.66088388997116,8,15,0.5333333333333333
64,1.3077919445931911,12,5.88506375066936,12,287.63860788565785,41,73,0.5616438356164384
638,13.037050947663374,4,1.9616879168897867,334,287.62160137162914,5,7,0.7142857142857143
303,6.191577487683389,4,1.9616879168897867,63,287.5314578217712,7,16,0.4375
637,13.016616698529106,4,1.9616879168897867,335,287.5268588004634,5,7,0.7142857142857143
332,6.784170712577179,8,3.9233758337795734,308,287.52616582366113,7,14,0.5
265,5.415076020581182,4,1.9616879168897867,177,287.51036299759744,9,17,0.5294117647058824
247,5.047259536164347,4,1.9616879168897867,231,287.50086439654973,9,18,0.5
118,2.411241397843696,8,3.9233758337795734,28,287.4712138151456,22,40,0.55
147,3.003834622737486,4,1.9616879168897867,90,287.41929351897323,16,31,0.5161290322580645
108,2.20689890650101,8,3.9233758337795734,0,287.36999312415185,23,43,0.5348837209302325
335,6.845473459979985,8,3.9233758337795734,302,287.36306960300544,8,13,0.6153846153846154
319,6.518525473831687,6,2.94253187533468,15,287.3328586497522,10,15,0.6666666666666666
325,6.641130968637299,4,1.9616879168897867,322,287.2876575246696,8,14,0.5714285714285714
360,7.3563296883367,4,1.9616879168897867,252,287.21951294237067,8,13,0.6153846153846154
90,1.839082422084175,8,3.9233758337795734,72,287.21494055871847,27,51,0.5294117647058824
671,13.711381169094238,6,2.94253187533468,301,287.21349267064966,5,7,0.7142857142857143
226,4.618140304344706,8,3.9233758337795734,68,287.1995540170532,13,21,0.6190476190476191
130,2.6564523874549195,8,3.9233758337795734,62,287.15841040221613,23,36,0.6388888888888888
358,7.315461190068163,4,1.9616879168897867,256,287.1496998865577,8,13,0.6153846153846154
403,8.23500240111025,4,1.9616879168897867,166,287.1041339014455,8,12,0.6666666666666666
251,5.1289965327014215,4,1.9616879168897867,219,287.10077027720627,9,18,0.5
631,12.894011203723494,3,1.47126593766734,341,287.006718065329,3,7,0.42857142857142855
295,6.02810349460924,4,1.9616879168897867,87,286.94972984996076,8,16,0.5
169,3.4533881036913954,8,3.9233758337795734,127,286.93127637219413,17,27,0.6296296296296297
414,8.459779141587205,4,1.9616879168897867,144,286.92603073361477,9,11,0.8181818181818182
443,9.052372366480995,4,1.9616879168897867,86,286.83237939932985,6,11,0.5454545454545454
477,9.747136837046128,4,1.9616879168897867,18,286.8058679509911,7,10,0.7
628,12.832708456320688,3,1.47126593766734,344,286.80270969070057,3,7,0.42857142857142855
413,8.439344892452937,4,1.9616879168897867,146,286.77417947820754,9,11,0.8181818181818182
249,5.088128034432884,4,1.9616879168897867,225,286.76837035982237,10,18,0.5555555555555556
280,5.721589757595211,6,2.94253187533468,132,286.7546463222849,12,17,0.7058823529411765
670,13.69094691995997,6,2.94253187533468,302,286.74170707178155,5,7,0.7142857142857143
189,3.8620730863767676,6,2.94253187533468,27,286.7185921562547,13,25,0.52
229,4.679443051747512,6,2.94253187533468,56,286.70643573878027,13,20,0.65
207,4.229889570793603,6,2.94253187533468,144,286.7010379157023,17,22,0.7727272727272727
626,12.791839958052151,3,1.47126593766734,346,286.6858392141469,3,7,0.42857142857142855
277,5.660287010192405,6,2.94253187533468,141,286.6612235499308,14,17,0.8235294117647058
453,9.256714857823681,4,1.9616879168897867,66,286.6425895623108,6,11,0.5454545454545454
200,4.086849826853722,6,2.94253187533468,172,286.58682577150194,12,23,0.5217391304347826
262,5.353773273178376,4,1.9616879168897867,186,286.5681066301018,9,17,0.5294117647058824
242,4.945088290493004,6,2.94253187533468,4,286.56044533048373,14,20,0.7
665,13.588775674288627,6,2.94253187533468,307,286.52793315049945,4,7,0.5714285714285714
160,3.269479861482978,6,2.94253187533468,12,286.48312224817175,17,29,0.5862068965517241
454,9.27714910695795,4,1.9616879168897867,64,286.47135153463347,6,11,0.5454545454545454
248,5.067693785298616,4,1.9616879168897867,228,286.4334397476162,9,18,0.5
415,8.480213390721474,4,1.9616879168897867,142,286.4233050382457,9,11,0.8181818181818182
198,4.045981328585185,6,2.94253187533468,180,286.4098592000986,12,23,0.5217391304347826
294,6.007669245474972,4,1.9616879168897867,90,286.378844450201,8,16,0.5
392,8.010225660633296,4,1.9616879168897867,188,286.3277277594666,8,12,0.6666666666666666
630,12.873576954589225,3,1.47126593766734,342,286.3264360493289,3,7,0.42857142857142855
627,12.81227420718642,3,1.47126593766734,345,286.3051548178784,3,7,0.42857142857142855
629,12.853142705454957,3,1.47126593766734,343,286.2900056405003,3,7,0.42857142857142855
194,3.9642443320481107,6,2.94253187533468,2,286.27049576883206,12,24,0.5
233,4.7611800482845865,6,2.94253187533468,40,286.2676548147708,13,20,0.65
228,4.6590088026132435,6,2.94253187533468,60,286.2635223477462,13,21,0.6190476190476191
419,8.561950387258548,4,1.9616879168897867,134,286.2361339607213,9,11,0.8181818181818182
390,7.9693571623647586,4,1.9616879168897867,192,286.2003553803049,8,12,0.6666666666666666
350,7.151987196994014,4,1.9616879168897867,272,286.19162977892074,9,13,0.6923076923076923
624,12.750971459783614,3,1.47126593766734,348,286.18518731225055,3,7,0.42857142857142855
625,12.771405708917882,3,1.47126593766734,347,286.1752689193967,3,7,0.42857142857142855
342,6.988513203919865,4,1.9616879168897867,288,286.13486808759603,7,13,0.5384615384615384
246,5.0268252870300785,4,1.9616879168897867,234,286.13226974080084,9,18,0.5
100,2.043424913426861,8,3.9233758337795734,72,286.1210682784287,26,46,0.5652173913043478
259,5.29247052577557,6,2.94253187533468,195,285.99874937900046,13,18,0.7222222222222222
357,7.295026940933894,4,1.9616879168897867,258,285.94792749810665,8,13,0.6153846153846154
356,7.274592691799626,4,1.9616879168897867,260,285.8802557705705,8,13,0.6153846153846154
149,3.044703121006023,4,1.9616879168897867,78,285.83974034995856,16,31,0.5161290322580645
55,1.1238837023847736,12,5.88506375066936,37,285.81912180899144,46,84,0.5476190476190477
442,9.031938117346726,4,1.9616879168897867,88,285.81911423932763,7,11,0.6363636363636364
330,6.743302214308642,6,2.94253187533468,312,285.8129117790762,8,14,0.5714285714285714
316,6.457222726428881,4,1.9616879168897867,24,285.7973321694514,9,15,0.6
575,11.749693252204452,20,9.808439584448934,404,285.7836466767647,3,8,0.375
145,2.9629661244689487,4,1.9616879168897867,102,285.7813758373767,16,32,0.5
114,2.3295044013066217,8,3.9233758337795734,60,285.77157514375494,21,41,0.5121951219512195
466,9.522360096569173,4,1.9616879168897867,40,285.6973198062619,7,10,0.7
115,2.3499386504408903,8,3.9233758337795734,52,285.6936023068029,24,40,0.6
76,1.5530029342044145,8,3.9233758337795734,60,285.6709925388343,36,61,0.5901639344262295
416,8.500647639855742,4,1.9616879168897867,140,285.58040563673137,9,11,0.8181818181818182
309,6.314182982489001,4,1.9616879168897867,45,285.57245068192503,11,15,0.7333333333333333
334,6.825039210845716,8,3.9233758337795734,304,285.55592369022327,8,13,0.6153846153846154
344,7.029381702188402,4,1.9616879168897867,284,285.54821789578335,8,13,0.6153846153846154
475,9.70626833877759,4,1.9616879168897867,22,285.5462077946399,7,10,0.7
474,9.685834089643322,4,1.9616879168897867,24,285.54183136200106,7,10,0.7
172,3.514690851094201,6,2.94253187533468,112,285.5344500288726,17,27,0.6296296296296297
140,2.8607948787976056,6,2.94253187533468,132,285.52175928441153,23,33,0.696969696969697
346,7.07025020045694,4,1.9616879168897867,280,285.50664673059606,9,13,0.6923076923076923
343,7.008947453054134,4,1.9616879168897867,286,285.46814978248807,7,13,0.5384615384615384
187,3.8212045881082304,4,1.9616879168897867,37,285.4633492223541,10,25,0.4
634,12.9553139511263,3,1.47126593766734,338,285.42183232558,3,7,0.42857142857142855
417,8.521081888990011,4,1.9616879168897867,138,285.4166303969191,9,11,0.8181818181818182
669,13.670512670825701,6,2.94253187533468,303,285.4001409780313,5,7,0.7142857142857143
393,8.030659909767564,4,1.9616879168897867,186,285.3992529158155,8,12,0.6666666666666666
244,4.985956788761541,4,1.9616879168897867,240,285.38585223943517,11,19,0.5789473684210527
231,4.720311550016049,4,1.9616879168897867,48,285.3017248795827,11,20,0.55
326,6.661565217771567,4,1.9616879168897867,320,285.2749783548433,8,14,0.5714285714285714
224,4.577271806076169,8,3.9233758337795734,76,285.2061586279427,14,21,0.6666666666666666
221,4.515969058673363,8,3.9233758337795734,88,285.1227076302743,13,21,0.6190476190476191
101,2.06385916256113,8,3.9233758337795734,63,285.0875231496742,23,46,0.5
432,8.82759562600404,3,1.47126593766734,108,285.0517933914311,3,11,0.2727272727272727
102,2.0842934116953984,8,3.9233758337795734,54,284.98032010775887,25,45,0.5555555555555556
173,3.53512510022847,6,2.94253187533468,107,284.9575001773615,18,27,0.6666666666666666
141,2.8812291279318742,4,1.9616879168897867,126,284.9313210489383,18,32,0.5625
345,7.049815951322671,4,1.9616879168897867,282,284.9208783004927,9,13,0.6923076923076923
394,8.051094158901833,4,1.9616879168897867,184,284.9065873682261,9,12,0.75
418,8.54151613812428,4,1.9616879168897867,136,284.88222893920863,9,11,0.8181818181818182
139,2.840360629663337,6,2.94253187533468,138,284.74093949735277,27,33,0.8181818181818182
256,5.231167778372765,6,2.94253187533468,204,284.73029003696377,12,18,0.6666666666666666
66,1.3486604428617284,12,5.88506375066936,48,284.72651296053374,37,70,0.5285714285714286
264,5.3946417714469135,4,1.9616879168897867,180,284.6798826723044,9,17,0.5294117647058824
668,13.650078421691433,6,2.94253187533468,304,284.6137730702994,5,7,0.7142857142857143
666,13.609209923422895,6,2.94253187533468,306,284.6095719192351,4,7,0.5714285714285714
476,9.72670258791186,4,1.9616879168897867,20,284.5389869814463,7,10,0.7
391,7.989791411499027,4,1.9616879168897867,190,284.5346704248559,8,12,0.6666666666666666
425,8.68455588206416,4,1.9616879168897867,122,284.5284049275159,5,11,0.45454545454545453
431,8.807161376869772,3,1.47126593766734,110,284.476391045728,3,11,0.2727272727272727
171,3.4942566019599326,6,2.94253187533468,117,284.4685828226107,15,27,0.5555555555555556
138,2.8199263805290684,8,3.9233758337795734,6,284.4540729621833,23,34,0.6764705882352942
196,4.005112830316648,6,2.94253187533468,188,284.4477468480017,12,23,0.5217391304347826
296,6.048537743743509,4,1.9616879168897867,84,284.36342467201325,9,16,0.5625
424,8.664121632929891,4,1.9616879168897867,124,284.3550605700083,7,11,0.6363636363636364
250,5.108562283567153,4,1.9616879168897867,222,284.30171265116047,10,18,0.5555555555555556
166,3.3920853562885895,8,3.9233758337795734,142,284.281988110426,17,28,0.6071428571428571
455,9.297583356092218,4,1.9616879168897867,62,284.2699589498064,7,11,0.6363636363636364
387,7.908054414961953,4,1.9616879168897867,198,284.2613778448315,9,12,0.75
111,2.268201653903816,12,5.88506375066936,84,284.2398938777259,22,41,0.5365853658536586
623,12.730537210649345,3,1.47126593766734,349,284.2141819250673,4,7,0.5714285714285714
353,7.21328994439682,4,1.9616879168897867,266,284.20415281506354,9,13,0.6923076923076923
667,13.629644172557164,6,2.94253187533468,305,284.1032496192878,4,7,0.5714285714285714
88,1.7982139238156378,8,3.9233758337795734,4,284.0968238180595,26,53,0.49056603773584906
396,8.09196265717037,4,1.9616879168897867,180,284.05697461795876,8,12,0.6666666666666666
329,6.722867965174373,4,1.9616879168897867,314,284.0532320484174,6,14,0.42857142857142855
361,7.376763937470969,4,1.9616879168897867,250,284.0405085133375,10,13,0.7692307692307693
158,3.2286113632144406,6,2.94253187533468,24,283.9864016926915,20,30,0.6666666666666666
444,9.072806615615264,4,1.9616879168897867,84,283.9664893955612,7,11,0.6363636363636364
633,12.934879701992031,3,1.47126593766734,339,283.8701846042833,4,7,0.5714285714285714
203,4.148152574256528,4,1.9616879168897867,160,283.76261034901614,11,23,0.4782608695652174
204,4.168586823390797,4,1.9616879168897867,156,283.74475443606644,12,22,0.5454545454545454
87,1.7777796746813692,8,3.9233758337795734,15,283.65693826033703,28,54,0.5185185185185185
284,5.803326754132286,3,1.47126593766734,120,283.64571268843497,3,16,0.1875
622,12.710102961515076,3,1.47126593766734,350,283.6082540367071,4,7,0.5714285714285714
388,7.928488664096221,4,1.9616879168897867,196,283.597862199891,9,12,0.75
179,3.6577305950340815,6,2.94253187533468,77,283.566212427236,14,26,0.5384615384615384
355,7.254158442665357,4,1.9616879168897867,262,283.56464551455946,9,13,0.6923076923076923
364,7.438066684873775,4,1.9616879168897867,244,283.50037548978776,10,13,0.7692307692307693
708,14.467448387062177,3,1.47126593766734,264,283.4838692018766,3,7,0.42857142857142855
216,4.41379781300202,4,1.9616879168897867,108,283.44901475263026,11,21,0.5238095238095238
168,3.4329538545571268,8,3.9233758337795734,132,283.42240108529114,17,27,0.6296296296296297
285,5.823761003266554,3,1.47126593766734,117,283.39916610899434,3,16,0.1875
354,7.2337241935310885,4,1.9616879168897867,264,283.26739409446884,9,13,0.6923076923076923
281,5.74202400672948,4,1.9616879168897867,129,283.15299684197396,9,17,0.5294117647058824
321,6.559393972100224,4,1.9616879168897867,9,283.1038545018108,9,15,0.6
81,1.6551741798757575,8,3.9233758337795734,0,283.0830292918848,35,58,0.603448275862069
181,3.6985990933026187,6,2.94253187533468,67,283.01959383633414,16,26,0.6153846153846154
253,5.169865030969959,4,1.9616879168897867,213,283.0088230952,10,18,0.5555555555555556
197,4.0255470794509165,6,2.94253187533468,184,283.0029261956022,14,23,0.6086956521739131
279,5.701155508460943,6,2.94253187533468,135,282.9906498705012,14,17,0.8235294117647058
252,5.14943078183569,4,1.9616879168897867,216,282.9385046890987,10,18,0.5555555555555556
191,3.902941584645305,6,2.94253187533468,17,282.92783545911345,16,25,0.64
240,4.904219792224467,4,1.9616879168897867,12,282.90945212558086,11,20,0.55
395,8.071528408036102,4,1.9616879168897867,182,282.881234532505,9,12,0.75
232,4.740745799150318,4,1.9616879168897867,44,282.8218478183929,13,20,0.65
709,14.487882636196446,3,1.47126593766734,263,282.8042717793001,3,7,0.42857142857142855
529,10.809717792028096,3,1.47126593766734,443,282.7994305879199,4,8,0.5
245,5.00639103789581,4,1.9616879168897867,237,282.78919904352966,10,18,0.5555555555555556
190,3.882507335511036,6,2.94253187533468,22,282.76751772744154,15,25,0.6
286,5.844195252400823,3,1.47126593766734,114,282.7610831851967,3,16,0.1875
351,7.172421446128283,4,1.9616879168897867,270,282.7373480760488,10,13,0.7692307692307693
632,12.914445452857763,3,1.47126593766734,340,282.6607614290834,4,7,0.5714285714285714
128,2.6155838891863823,8,3.9233758337795734,76,282.6585420477794,23,36,0.6388888888888888
205,4.189021072525065,4,1.9616879168897867,152,282.6557479128718,12,22,0.5454545454545454
151,3.0855716192745604,4,1.9616879168897867,66,282.6110789277619,14,31,0.45161290322580644
530,10.830152041162364,3,1.47126593766734,442,282.5827785059552,4,8,0.5
159,3.2490456123487093,6,2.94253187533468,18,282.56042130712495,18,30,0.6
156,3.1877428649459034,4,1.9616879168897867,36,282.39423724197917,17,30,0.5666666666666667
707,14.447014137927908,3,1.47126593766734,265,282.35916347433323,3,7,0.42857142857142855
528,10.789283542893827,3,1.47126593766734,444,282.2282224460616,4,8,0.5
238,4.86335129395593,6,2.94253187533468,20,282.2080211264535,13,20,0.65
214,4.372929314733483,6,2.94253187533468,116,282.19054871721437,14,22,0.6363636363636364
117,2.3908071487094276,8,3.9233758337795734,36,282.1888068670633,25,40,0.625
389,7.94892291323049,4,1.9616879168897867,194,282.1537955341221,9,12,0.75
710,14.508316885330714,3,1.47126593766734,262,282.100421951331,3,7,0.42857142857142855
340,6.947644705651328,6,2.94253187533468,292,282.09044173983654,9,13,0.6923076923076923
676,13.813552414765581,4,1.9616879168897867,296,282.08633128653327,4,7,0.5714285714285714
429,8.766292878601234,3,1.47126593766734,114,282.0564015961403,3,11,0.2727272727272727
333,6.804604961711448,8,3.9233758337795734,306,282.0534918080181,7,13,0.5384615384615384
677,13.83398666389985,4,1.9616879168897867,295,281.99689033053437,5,7,0.7142857142857143
78,1.5938714324729517,8,3.9233758337795734,36,281.99456543910094,34,59,0.576271186440678
287,5.8646295015350915,3,1.47126593766734,111,281.9941692230294,4,16,0.25
95,1.941253667755518,12,5.88506375066936,22,281.92886396736446,29,49,0.5918367346938775
72,1.47126593766734,6,2.94253187533468,36,281.88810231544187,34,64,0.53125
663,13.54790717602009,4,1.9616879168897867,309,281.87131268208424,5,7,0.7142857142857143
338,6.906776207382791,6,2.94253187533468,296,281.8258231945566,8,13,0.6153846153846154
201,4.107284075987991,4,1.9616879168897867,168,281.8236998147051,11,23,0.4782608695652174
70,1.4303974393988028,8,3.9233758337795734,62,281.82085425671096,39,66,0.5909090909090909
186,3.8007703389739618,4,1.9616879168897867,42,281.79724862747014,12,25,0.48
288,5.88506375066936,3,1.47126593766734,108,281.7369263484172,4,16,0.25
218,4.454666311270557,4,1.9616879168897867,100,281.6718920918726,11,21,0.5238095238095238
278,5.680721259326674,6,2.94253187533468,138,281.6537884709193,15,17,0.8823529411764706
678,13.854420913034119,4,1.9616879168897867,294,281.6091435629579,5,7,0.7142857142857143
202,4.12771832512226,4,1.9616879168897867,164,281.5864511048239,9,23,0.391304347826087
430,8.786727127735503,3,1.47126593766734,112,281.56682983825453,4,11,0.36363636363636365
236,4.822482795687392,4,1.9616879168897867,28,281.5476492177927,12,20,0.6
495,10.114953321462963,3,1.47126593766734,477,281.4837868845918,4,9,0.4444444444444444
618,12.628365964978002,3,1.47126593766734,354,281.37627624196375,5,7,0.7142857142857143
339,6.927210456517059,6,2.94253187533468,294,281.3621988615394,9,13,0.6923076923076923
494,10.094519072328694,3,1.47126593766734,478,281.35074796697637,4,9,0.4444444444444444
237,4.842917044821661,6,2.94253187533468,24,281.30454518819323,15,20,0.75
730,14.917001868016087,3,1.47126593766734,242,281.3041177555612,5,7,0.7142857142857143
675,13.793118165631313,4,1.9616879168897867,297,281.27518100068045,4,7,0.5714285714285714
174,3.5555593493627384,4,1.9616879168897867,102,281.26170065818485,15,27,0.5555555555555556
263,5.374207522312645,4,1.9616879168897867,183,281.2606583992229,11,17,0.6470588235294118
52,1.0625809549819678,12,5.88506375066936,36,281.17862089672496,55,89,0.6179775280898876
243,4.965522539627273,4,1.9616879168897867,0,281.16132252344545,12,20,0.6
212,4.332060816464946,6,2.94253187533468,124,281.141533045416,14,22,0.6363636363636364
615,12.567063217575196,3,1.47126593766734,357,281.0624939690436,4,7,0.5714285714285714
433,8.848029875138309,3,1.47126593766734,106,281.04756134909445,4,11,0.36363636363636365
266,5.435510269715451,4,1.9616879168897867,174,281.0370022271916,9,17,0.5294117647058824
257,5.251602027507033,4,1.9616879168897867,201,281.0221371245101,11,18,0.6111111111111112
496,10.135387570597231,3,1.47126593766734,476,281.0216653640759,4,9,0.4444444444444444
337,6.886341958248522,6,2.94253187533468,298,281.0199578757764,7,13,0.5384615384615384
525,10.727980795491021,3,1.47126593766734,447,281.00780387435,5,8,0.625
711,14.528751134464983,3,1.47126593766734,261,280.97422090054835,3,7,0.42857142857142855
213,4.352495065599214,6,2.94253187533468,120,280.9532684582227,14,22,0.6363636363636364
363,7.417632435739506,4,1.9616879168897867,246,280.9486164247243,10,13,0.7692307692307693
621,12.689668712380808,3,1.47126593766734,351,280.90119460865606,5,7,0.7142857142857143
579,11.831430248741526,3,1.47126593766734,393,280.87827536463135,3,8,0.375
674,13.772683916497044,4,1.9616879168897867,298,280.87446761137403,4,7,0.5714285714285714
211,4.311626567330677,4,1.9616879168897867,128,280.86127578736745,13,22,0.5909090909090909
235,4.802048546553124,4,1.9616879168897867,32,280.8350511942817,12,20,0.6
223,4.5568375569419,8,3.9233758337795734,80,280.83322089505145,14,21,0.6666666666666666
341,6.968078954785597,4,1.9616879168897867,290,280.82219475476643,8,13,0.6153846153846154
564,11.524916511727497,3,1.47126593766734,408,280.7395770228368,4,8,0.5
524,10.707546546356753,3,1.47126593766734,448,280.7275588757175,5,8,0.625
720,14.7126593766734,6,2.94253187533468,253,280.65946686639654,3,7,0.42857142857142855
526,10.74841504462529,3,1.47126593766734,446,280.643233245395,5,8,0.625
597,12.199246733158361,3,1.47126593766734,375,280.6345780606514,3,8,0.375
119,2.431675646977965,8,3.9233758337795734,20,280.63148978523117,22,39,0.5641025641025641
124,2.533846892649308,6,2.94253187533468,104,280.61202902659136,19,37,0.5135135135135135
705,14.406145639659371,3,1.47126593766734,267,280.6116834256631,4,7,0.5714285714285714
215,4.3933635638677515,4,1.9616879168897867,112,280.6078232432604,13,22,0.5909090909090909
260,5.312904774909839,4,1.9616879168897867,192,280.59369443332764,12,18,0.6666666666666666
71,1.4508316885330714,8,3.9233758337795734,49,280.5636009553061,39,65,0.6
267,5.455944518849719,4,1.9616879168897867,171,280.5517999689171,9,17,0.5294117647058824
616,12.587497466709465,3,1.47126593766734,356,280.5467910805506,4,7,0.5714285714285714
680,13.895289411302656,4,1.9616879168897867,292,280.5369447318785,6,7,0.8571428571428571
492,10.053650574060157,3,1.47126593766734,480,280.52967831377396,4,9,0.4444444444444444
617,12.607931715843733,3,1.47126593766734,355,280.5200719574097,4,7,0.5714285714285714
336,6.8659077091142535,6,2.94253187533468,300,280.45722777519484,8,13,0.6153846153846154
268,5.476378767983988,4,1.9616879168897867,168,280.4497283265818,11,17,0.6470588235294118
619,12.64880021411227,3,1.47126593766734,353,280.416069769013,5,7,0.7142857142857143
729,14.896567618881818,3,1.47126593766734,243,280.411322202122,5,7,0.7142857142857143
210,4.2911923181964085,4,1.9616879168897867,132,280.37228689503064,12,22,0.5454545454545454
539,11.014060283370782,3,1.47126593766734,433,280.3703991223152,4,8,0.5
672,13.731815418228507,4,1.9616879168897867,300,280.36726173163214,5,7,0.7142857142857143
105,2.1455961590982042,8,3.9233758337795734,27,280.33283907191975,25,44,0.5681818181818182
219,4.475100560404826,4,1.9616879168897867,96,280.3290852969892,9,21,0.42857142857142855
131,2.676886636589188,6,2.94253187533468,55,280.3068830150407,19,35,0.5428571428571428
439,8.97063536994392,3,1.47126593766734,94,280.2772159987806,4,11,0.36363636363636365
227,4.638574553478975,6,2.94253187533468,64,280.2543116905696,13,21,0.6190476190476191
643,13.139222193334717,3,1.47126593766734,329,280.24621878898233,4,7,0.5714285714285714
620,12.66923446324654,3,1.47126593766734,352,280.1793022917865,5,7,0.7142857142857143
94,1.9208194186212495,8,3.9233758337795734,32,280.17392347035906,23,49,0.46938775510204084
732,14.957870366284624,3,1.47126593766734,240,280.1381850416022,5,7,0.7142857142857143
647,13.220959189871792,3,1.47126593766734,325,280.1372474784811,4,7,0.5714285714285714
664,13.568341425154358,4,1.9616879168897867,308,280.11015401477147,4,7,0.5714285714285714
133,2.7177551348577254,8,3.9233758337795734,41,280.0761738880185,19,35,0.5428571428571428
376,7.683277674484998,3,1.47126593766734,220,280.0710034140695,4,12,0.3333333333333333
648,13.24139343900606,3,1.47126593766734,324,280.0335468644232,4,7,0.5714285714285714
490,10.01278207579162,3,1.47126593766734,482,280.0324222840103,4,9,0.4444444444444444
487,9.951479328388814,3,1.47126593766734,485,280.01115102074255,5,9,0.5555555555555556
289,5.905497999803629,3,1.47126593766734,105,280.0042444308711,4,16,0.25
109,2.2273331556352787,6,2.94253187533468,100,279.9930311874032,20,42,0.47619047619047616
600,12.260549480561167,3,1.47126593766734,372,279.9886059906665,3,8,0.375
491,10.033216324925888,3,1.47126593766734,481,279.96047584584267,4,9,0.4444444444444444
493,10.074084823194426,3,1.47126593766734,479,279.9503127076242,4,9,0.4444444444444444
563,11.504482262593228,3,1.47126593766734,409,279.94670789559376,4,8,0.5
694,14.181368899182416,3,1.47126593766734,278,279.9340588852303,5,7,0.7142857142857143
673,13.752249667362776,4,1.9616879168897867,299,279.9208139171147,5,7,0.7142857142857143
693,14.160934650048148,3,1.47126593766734,279,279.91662669433583,5,7,0.7142857142857143
104,2.1251619099639356,8,3.9233758337795734,36,279.8968425392272,30,45,0.6666666666666666
121,2.472544145246502,8,3.9233758337795734,4,279.8378175179734,23,39,0.5897435897435898
318,6.4980912246974185,4,1.9616879168897867,18,279.8127397242982,9,15,0.6
481,9.828873833583202,3,1.47126593766734,10,279.8126485541904,5,10,0.5
471,9.624531342240516,3,1.47126593766734,30,279.7671712552025,4,10,0.4
721,14.733093625807669,3,1.47126593766734,251,279.7519934610413,4,7,0.5714285714285714
258,5.272036276641302,4,1.9616879168897867,198,279.73203794697605,13,18,0.7222222222222222
489,9.992347826657351,3,1.47126593766734,483,279.68019978791335,4,9,0.4444444444444444
733,14.978304615418892,3,1.47126593766734,239,279.66631482997076,4,6,0.6666666666666666
734,14.998738864553161,3,1.47126593766734,238,279.6525555239248,4,6,0.6666666666666666
239,4.883785543090198,4,1.9616879168897867,16,279.65232125031946,12,20,0.6
137,2.7994921313948,8,3.9233758337795734,13,279.62466019513903,23,34,0.6764705882352942
272,5.558115764521062,4,1.9616879168897867,156,279.62385093423273,11,17,0.6470588235294118
374,7.642409176216461,3,1.47126593766734,224,279.5899448274979,4,12,0.3333333333333333
184,3.7599018407054245,4,1.9616879168897867,52,279.58410568822916,14,25,0.56
523,10.687112297222484,3,1.47126593766734,449,279.5837371861614,6,9,0.6666666666666666
562,11.48404801345896,3,1.47126593766734,410,279.5764004608246,4,8,0.5
679,13.874855162168387,4,1.9616879168897867,293,279.57490265726693,6,7,0.8571428571428571
731,14.937436117150355,3,1.47126593766734,241,279.5433751611616,5,7,0.7142857142857143
533,10.89145478856517,3,1.47126593766734,439,279.5196904861674,4,8,0.5
123,2.5134126435150392,6,2.94253187533468,111,279.4933472113595,19,37,0.5135135135135135
671,13.711381169094238,4,1.9616879168897867,301,279.49225363297177,5,7,0.7142857142857143
165,3.371651107154321,6,2.94253187533468,147,279.4722495819491,15,28,0.5357142857142857
199,4.066415577719454,4,1.9616879168897867,176,279.46724097406707,11,23,0.4782608695652174
261,5.333339024044108,4,1.9616879168897867,189,279.40863388701496,12,18,0.6666666666666666
598,12.21968098229263,3,1.47126593766734,374,279.39245196495546,3,8,0.375
161,3.2899141106172465,4,1.9616879168897867,6,279.3884447092395,18,29,0.6206896551724138
612,12.50576047017239,3,1.47126593766734,360,279.3705913005243,4,7,0.5714285714285714
599,12.240115231426898,3,1.47126593766734,373,279.36134791269376,3,8,0.375
532,10.871020539430901,3,1.47126593766734,440,279.3495212140751,4,8,0.5
697,14.242671646585222,3,1.47126593766734,275,279.3239504649669,6,7,0.8571428571428571
472,9.644965591374785,3,1.47126593766734,28,279.3102665432476,4,10,0.4
704,14.385711390525103,3,1.47126593766734,268,279.29045361723433,4,7,0.5714285714285714
706,14.42657988879364,3,1.47126593766734,266,279.2876116188509,4,7,0.5714285714285714
180,3.67816484416835,4,1.9616879168897867,72,279.27370370123606,13,26,0.5
182,3.7190333424368873,6,2.94253187533468,62,279.2622180723226,16,26,0.6153846153846154
314,6.416354228160344,3,1.47126593766734,30,279.2481978356173,6,15,0.4
222,4.536403307807632,8,3.9233758337795734,84,279.2101597838054,13,21,0.6190476190476191
183,3.739467591571156,6,2.94253187533468,57,279.1532899767143,17,26,0.6538461538461539
220,4.495534809539095,4,1.9616879168897867,92,279.1001107418775,10,21,0.47619047619047616
53,1.0830152041162364,12,5.88506375066936,18,279.08922593482015,52,88,0.5909090909090909
508,10.380598560208455,3,1.47126593766734,464,279.06930307401075,5,9,0.5555555555555556
127,2.5951496400521137,6,2.94253187533468,83,279.05693071903505,18,36,0.5
375,7.662843425350729,3,1.47126593766734,222,279.03427306706567,4,12,0.3333333333333333
152,3.106005868408829,4,1.9616879168897867,60,279.02080431415396,17,31,0.5483870967741935
434,8.868464124272577,3,1.47126593766734,104,279.0002958505518,5,11,0.45454545454545453
670,13.69094691995997,4,1.9616879168897867,302,278.9942363231398,5,7,0.7142857142857143
335,6.845473459979985,6,2.94253187533468,302,278.9756280574009,8,13,0.6153846153846154
665,13.588775674288627,4,1.9616879168897867,307,278.97051770481613,4,7,0.5714285714285714
646,13.200524940737523,3,1.47126593766734,326,278.95654842079136,5,7,0.7142857142857143
510,10.421467058476992,3,1.47126593766734,462,278.9431915366126,6,9,0.6666666666666666
513,10.482769805879798,3,1.47126593766734,459,278.9261199344814,6,9,0.6666666666666666
126,2.574715390917845,6,2.94253187533468,90,278.91339394943356,18,37,0.4864864864864865
125,2.5542811417835765,6,2.94253187533468,97,278.8763868786358,17,37,0.4594594594594595
82,1.6756084290100262,8,3.9233758337795734,70,278.87602960738,29,56,0.5178571428571429
332,6.784170712577179,6,2.94253187533468,308,278.8084375520439,7,14,0.5
331,6.7637364634429105,4,1.9616879168897867,310,278.7767169262807,7,14,0.5
645,13.180090691603255,3,1.47126593766734,327,278.74920964316607,5,7,0.7142857142857143
512,10.46233555674553,3,1.47126593766734,460,278.71280542180267,6,9,0.6666666666666666
534,10.911889037699439,3,1.47126593766734,438,278.69620298929334,4,8,0.5
275,5.619418511923868,4,1.9616879168897867,147,278.6786291207265,12,17,0.7058823529411765
722,14.753527874941938,3,1.47126593766734,250,278.65941987682135,4,7,0.5714285714285714
521,10.646243798953947,3,1.47126593766734,451,278.58654955622666,7,9,0.7777777777777778
544,11.116231529042125,3,1.47126593766734,428,278.56522143516145,5,8,0.625
254,5.190299280104227,4,1.9616879168897867,210,278.5018805944267,10,18,0.5555555555555556
561,11.463613764324691,3,1.47126593766734,411,278.4882226645338,4,8,0.5
698,14.263105895719491,3,1.47126593766734,274,278.46448935732735,6,7,0.8571428571428571
522,10.666678048088215,3,1.47126593766734,450,278.4547848508708,7,9,0.7777777777777778
175,3.575993598497007,4,1.9616879168897867,97,278.4492269357589,14,26,0.5384615384615384
509,10.401032809342723,3,1.47126593766734,463,278.44016064878844,6,9,0.6666666666666666
644,13.159656442468986,3,1.47126593766734,328,278.4070051462591,5,7,0.7142857142857143
511,10.44190130761126,3,1.47126593766734,461,278.40281478761733,6,9,0.6666666666666666
148,3.0242688718717545,4,1.9616879168897867,84,278.3995483168639,19,31,0.6129032258064516
531,10.850586290296633,3,1.47126593766734,441,278.39418862318576,4,8,0.5
601,12.280983729695436,3,1.47126593766734,371,278.3632577276027,4,8,0.5
80,1.634739930741489,8,3.9233758337795734,12,278.34355310185697,34,58,0.5862068965517241
610,12.464891971903853,3,1.47126593766734,362,278.34211078654533,4,8,0.5
611,12.485326221038122,3,1.47126593766734,361,278.33650574170287,4,7,0.5714285714285714
514,10.503204055014066,3,1.47126593766734,458,278.3042880139951,6,9,0.6666666666666666
578,11.810995999607258,6,2.94253187533468,395,278.2444810214314,3,8,0.375
613,12.526194719306659,3,1.47126593766734,359,278.2322817663775,4,7,0.5714285714285714
609,12.444457722769585,3,1.47126593766734,363,278.2116534811546,4,8,0.5
276,5.639852761058137,4,1.9616879168897867,144,278.2083203922156,12,17,0.7058823529411765
488,9.971913577523082,3,1.47126593766734,484,278.1897807187423,5,9,0.5555555555555556
178,3.637296345899813,4,1.9616879168897867,82,278.17486073792116,12,26,0.46153846153846156
608,12.424023473635316,3,1.47126593766734,364,278.16915627675655,4,8,0.5
206,4.209455321659334,4,1.9616879168897867,148,278.1635728834431,14,22,0.6363636363636364
269,5.4968130171182565,4,1.9616879168897867,165,278.14518764187875,11,17,0.6470588235294118
580,11.851864497875795,3,1.47126593766734,392,278.14171272552113,4,8,0.5
225,4.597706055210438,6,2.94253187533468,72,278.1107592097638,11,21,0.5238095238095238
176,3.5964278476312757,4,1.9616879168897867,92,278.10364825665647,13,26,0.5
653,13.343564684677403,3,1.47126593766734,319,278.07872037432793,4,7,0.5714285714285714
270,5.517247266252525,4,1.9616879168897867,162,278.0260829983914,11,17,0.6470588235294118
122,2.4929783943807706,6,2.94253187533468,118,277.97840401230644,22,38,0.5789473684210527
535,10.932323286833707,3,1.47126593766734,437,277.96593635975535,5,8,0.625
440,8.99106961907819,3,1.47126593766734,92,277.93235063907537,5,11,0.45454545454545453
536,10.952757535967976,3,1.47126593766734,436,277.9115246479576,5,8,0.625
577,11.790561750472989,6,2.94253187533468,396,277.87891256172713,3,8,0.375
167,3.412519605422858,8,3.9233758337795734,137,277.8231354230317,18,27,0.6666666666666666
116,2.370372899575159,6,2.94253187533468,44,277.7694786626588,21,40,0.525
567,11.586219259130303,3,1.47126593766734,405,277.76404455242505,3,8,0.375
234,4.781614297418855,4,1.9616879168897867,36,277.72598798646317,13,20,0.65
696,14.222237397450954,3,1.47126593766734,276,277.7027876171874,6,7,0.8571428571428571
669,13.670512670825701,4,1.9616879168897867,303,277.6833183962702,5,7,0.7142857142857143
435,8.888898373406846,3,1.47126593766734,102,277.6355794157076,5,11,0.45454545454545453
585,11.954035743547138,3,1.47126593766734,387,277.6015474587979,4,8,0.5
527,10.768849293759558,3,1.47126593766734,445,277.5963019548258,6,8,0.75
86,1.7573454255471006,8,3.9233758337795734,26,277.5932717509683,30,54,0.5555555555555556
195,3.9846785811823793,4,1.9616879168897867,192,277.59077315712193,11,23,0.4782608695652174
436,8.909332622541115,3,1.47126593766734,100,277.58380354231974,5,11,0.45454545454545453
437,8.929766871675383,3,1.47126593766734,98,277.56183026123676,4,11,0.36363636363636365
538,10.993626034236513,3,1.47126593766734,434,277.5607192678705,5,8,0.625
362,7.397198186605237,4,1.9616879168897867,248,277.5347137025845,11,13,0.8461538461538461
120,2.4521098961122334,6,2.94253187533468,12,277.47549616272704,22,39,0.5641025641025641
545,11.136665778176393,3,1.47126593766734,427,277.4639150811032,5,8,0.625
334,6.825039210845716,6,2.94253187533468,304,277.3362436143263,8,13,0.6153846153846154
177,3.6168620967655443,4,1.9616879168897867,87,277.32944577433926,12,26,0.46153846153846156
103,2.104727660829667,8,3.9233758337795734,45,277.3029473174903,31,45,0.6888888888888889
502,10.257993065402843,3,1.47126593766734,470,277.2845087792369,6,9,0.6666666666666666
110,2.2477674047695473,8,3.9233758337795734,92,277.2754894064886,23,42,0.5476190476190477
540,11.03449453250505,3,1.47126593766734,432,277.24761237626217,5,8,0.625
668,13.650078421691433,4,1.9616879168897867,304,277.23008483291846,5,7,0.7142857142857143
185,3.780336089839693,4,1.9616879168897867,47,277.21585334325414,14,25,0.56
506,10.339730061939918,3,1.47126593766734,466,277.2029992914097,6,9,0.6666666666666666
695,14.201803148316685,3,1.47126593766734,277,277.2015960724409,6,7,0.8571428571428571
230,4.699877300881781,4,1.9616879168897867,52,277.1884690027479,13,20,0.65
193,3.943810082913842,4,1.9616879168897867,7,277.18180895277504,12,24,0.5
498,10.176256068865769,3,1.47126593766734,474,277.16333862555507,6,9,0.6666666666666666
537,10.973191785102244,3,1.47126593766734,435,277.15560407044495,5,8,0.625
99,2.0229906642925926,6,2.94253187533468,81,277.09126042547297,23,46,0.5
480,9.808439584448934,3,1.47126593766734,12,277.0580112303816,5,10,0.5
192,3.9233758337795734,4,1.9616879168897867,12,277.0185784741649,13,25,0.52
153,3.1264401175430976,4,1.9616879168897867,54,277.01570772148176,19,30,0.6333333333333333
274,5.5989842627896,4,1.9616879168897867,150,276.9949428905104,11,17,0.6470588235294118
503,10.278427314537112,3,1.47126593766734,469,276.92760140905017,6,9,0.6666666666666666
134,2.738189383991994,8,3.9233758337795734,34,276.92485138752147,20,35,0.5714285714285714
320,6.538959722965956,4,1.9616879168897867,12,276.9109859964636,10,15,0.6666666666666666
135,2.7586236331262626,8,3.9233758337795734,27,276.8832490332476,19,35,0.5428571428571428
666,13.609209923422895,4,1.9616879168897867,306,276.8790629581201,4,7,0.5714285714285714
482,9.84930808271747,3,1.47126593766734,8,276.8557567487607,5,10,0.5
565,11.545350760861766,3,1.47126593766734,407,276.8377881788234,5,8,0.625
635,12.975748200260568,3,1.47126593766734,337,276.7577062945212,4,7,0.5714285714285714
226,4.618140304344706,6,2.94253187533468,68,276.73001395990275,13,21,0.6190476190476191
208,4.250323819927871,4,1.9616879168897867,140,276.69455520655004,15,22,0.6818181818181818
271,5.537681515386794,4,1.9616879168897867,159,276.68334483375753,12,17,0.7058823529411765
129,2.636018138320651,6,2.94253187533468,69,276.6602828739189,24,36,0.6666666666666666
438,8.950201120809652,3,1.47126593766734,96,276.6470521828214,4,11,0.36363636363636365
217,4.434232062136289,4,1.9616879168897867,104,276.62213932118556,14,21,0.6666666666666666
469,9.583662843971979,3,1.47126593766734,34,276.55292131245005,5,10,0.5
241,4.924654041358735,4,1.9616879168897867,8,276.5514764900873,13,20,0.65
164,3.3512168580200523,4,1.9616879168897867,152,276.52881545164735,14,28,0.5
546,11.157100027310662,3,1.47126593766734,426,276.51556991571795,5,8,0.625
667,13.629644172557164,4,1.9616879168897867,305,276.4896916903237,4,7,0.5714285714285714
607,12.403589224501047,3,1.47126593766734,365,276.45981866723446,4,8,0.5
470,9.604097093106247,3,1.47126593766734,32,276.430648786392,5,10,0.5
515,10.523638304148335,3,1.47126593766734,457,276.42809229694274,8,9,0.8888888888888888
162,3.310348359751515,4,1.9616879168897867,0,276.42495715207605,18,29,0.6206896551724138
497,10.1558218197315,3,1.47126593766734,475,276.4181806065289,6,9,0.6666666666666666
107,2.1864646573667414,8,3.9233758337795734,9,276.41158222721464,27,44,0.6136363636363636
504,10.29886156367138,3,1.47126593766734,468,276.3505473630149,6,9,0.6666666666666666
547,11.17753427644493,3,1.47126593766734,425,276.2901558242156,5,8,0.625
319,6.518525473831687,4,1.9616879168897867,15,276.2666376882517,10,15,0.6666666666666666
170,3.473822352825664,6,2.94253187533468,122,276.24875431132324,17,27,0.6296296296296297
330,6.743302214308642,4,1.9616879168897867,312,276.22921860563025,8,14,0.5714285714285714
505,10.319295812805649,3,1.47126593766734,467,276.2190954103296,6,9,0.6666666666666666
655,13.38443318294594,12,5.88506375066936,314,276.20767377428257,3,7,0.42857142857142855
649,13.261827688140329,3,1.47126593766734,323,276.1791927691096,5,7,0.7142857142857143
654,13.363998933811672,3,1.47126593766734,318,276.17245241713977,4,7,0.5714285714285714
56,1.1443179515190423,12,5.88506375066936,20,276.1143457195418,49,83,0.5903614457831325
542,11.075363030773588,3,1.47126593766734,430,276.09019880517525,6,8,0.75
273,5.578550013655331,4,1.9616879168897867,153,276.05847562930836,12,17,0.7058823529411765
566,11.565785009996034,3,1.47126593766734,406,276.0143749999116,4,8,0.5
552,11.279705522116274,3,1.47126593766734,420,275.9901082350024,6,8,0.75
501,10.237558816268574,3,1.47126593766734,471,275.94501611740804,6,9,0.6666666666666666
587,11.994904241815675,3,1.47126593766734,385,275.9383292279874,4,8,0.5
584,11.93360149441287,3,1.47126593766734,388,275.9145781249366,4,8,0.5
548,11.1979685255792,3,1.47126593766734,424,275.86288436136,5,8,0.625
516,10.544072553282604,3,1.47126593766734,456,275.79267813272696,8,9,0.8888888888888888
142,2.901663377066143,3,1.47126593766734,120,275.7882018166447,10,32,0.3125
560,11.443179515190423,3,1.47126593766734,412,275.7727953005528,5,8,0.625
132,2.6973208857234567,6,2.94253187533468,48,275.7478096610587,18,35,0.5142857142857142
507,10.360164311074186,3,1.47126593766734,465,275.732359932795,6,9,0.6666666666666666
255,5.210733529238496,4,1.9616879168897867,207,275.7134479660695,12,18,0.6666666666666666
602,12.301417978829704,3,1.47126593766734,370,275.71148428484594,4,8,0.5
499,10.196690318000037,3,1.47126593766734,473,275.6923858325973,6,9,0.6666666666666666
209,4.27075806906214,4,1.9616879168897867,136,275.6915802297943,15,22,0.6818181818181818
106,2.166030408232473,8,3.9233758337795734,18,275.6427930081019,25,44,0.5681818181818182
221,4.515969058673363,6,2.94253187533468,88,275.61127227927733,13,21,0.6190476190476191
541,11.054928781639319,3,1.47126593766734,431,275.5987060493579,6,8,0.75
224,4.577271806076169,6,2.94253187533468,76,275.5898201636102,14,21,0.6666666666666666
586,11.974469992681406,3,1.47126593766734,386,275.5126280419523,4,8,0.5
581,11.872298747010063,3,1.47126593766734,391,275.485581269175,4,8,0.5
155,3.167308615811635,4,1.9616879168897867,42,275.48305122541115,20,30,0.6666666666666666
163,3.3307826088857837,4,1.9616879168897867,157,275.28743643132447,15,28,0.5357142857142857
549,11.218402774713468,3,1.47126593766734,423,275.2020075134529,6,8,0.75
699,14.28354014485376,3,1.47126593766734,273,275.1752225725179,6,7,0.8571428571428571
596,12.178812484024093,3,1.47126593766734,376,275.17132546705614,4,8,0.5
277,5.660287010192405,4,1.9616879168897867,141,275.14031333565526,14,17,0.8235294117647058
603,12.321852227963973,3,1.47126593766734,369,275.1040027340682,4,8,0.5
118,2.411241397843696,6,2.94253187533468,28,275.08582058936383,22,40,0.55
77,1.573437183338683,6,2.94253187533468,48,274.9543677358007,36,60,0.6
614,12.546628968440928,3,1.47126593766734,358,274.9489333790615,5,7,0.7142857142857143
650,13.282261937274598,3,1.47126593766734,322,274.9335425481642,5,7,0.7142857142857143
651,13.302696186408866,3,1.47126593766734,321,274.93307545490234,5,7,0.7142857142857143
169,3.4533881036913954,6,2.94253187533468,127,274.85221539498247,17,27,0.6296296296296297
280,5.721589757595211,4,1.9616879168897867,132,274.8382153993884,12,17,0.7058823529411765
233,4.7611800482845865,4,1.9616879168897867,40,274.7552838917225,13,20,0.65
659,13.466170179483015,3,1.47126593766734,313,274.71474515529775,3,7,0.42857142857142855
728,14.87613336974755,3,1.47126593766734,244,274.70909959222934,6,7,0.8571428571428571
551,11.259271272982005,3,1.47126593766734,421,274.63759826559755,6,8,0.75
228,4.6590088026132435,4,1.9616879168897867,60,274.56716459342425,13,21,0.6190476190476191
108,2.20689890650101,6,2.94253187533468,0,274.50844414829965,23,43,0.5348837209302325
112,2.2886359030380845,8,3.9233758337795734,76,274.498575532829,25,41,0.6097560975609756
194,3.9642443320481107,4,1.9616879168897867,2,274.49836553489615,12,24,0.5
130,2.6564523874549195,6,2.94253187533468,62,274.49264299529773,23,36,0.6388888888888888
582,11.892732996144332,3,1.47126593766734,390,274.41908071853993,4,8,0.5
92,1.8799509203527123,6,2.94253187533468,52,274.4102090158787,26,50,0.52
229,4.679443051747512,4,1.9616879168897867,56,274.39942744868733,13,20,0.65
312,6.375485729891807,3,1.47126593766734,36,274.3525799438456,8,15,0.5333333333333333
300,6.1302747402805835,3,1.47126593766734,72,274.3391155522472,6,16,0.375
242,4.945088290493004,4,1.9616879168897867,4,274.2986865716146,14,20,0.7
68,1.3895289411302656,12,5.88506375066936,20,274.2818921524268,41,68,0.6029411764705882
606,12.383154975366779,3,1.47126593766734,366,274.2306433162178,4,8,0.5
313,6.3959199790260755,3,1.47126593766734,33,274.22940391462566,8,15,0.5333333333333333
259,5.29247052577557,4,1.9616879168897867,195,274.20286629129635,13,18,0.7222222222222222
500,10.217124567134306,3,1.47126593766734,472,274.1991640450572,6,9,0.6666666666666666
189,3.8620730863767676,4,1.9616879168897867,27,274.1707103072659,13,25,0.52
51,1.0421467058476992,12,5.88506375066936,3,274.1339589494087,53,91,0.5824175824175825
154,3.146874366677366,4,1.9616879168897867,48,274.10802508487257,20,30,0.6666666666666666
660,13.486604428617284,3,1.47126593766734,312,274.1057634039104,3,7,0.42857142857142855
483,9.86974233185174,3,1.47126593766734,6,274.01567318419256,6,10,0.6
520,10.625809549819678,3,1.47126593766734,452,274.00519805950825,8,9,0.8888888888888888
372,7.6015406779479235,3,1.47126593766734,228,273.9924552948567,6,12,0.5
93,1.9003851694869809,8,3.9233758337795734,42,273.97499605020226,27,50,0.54
605,12.36272072623251,3,1.47126593766734,367,273.90482580250733,4,8,0.5
550,11.238837023847736,3,1.47126593766734,422,273.8957531014674,6,8,0.75
604,12.342286477098241,3,1.47126593766734,368,273.8901525753183,4,8,0.5
89,1.8186481729499064,6,2.94253187533468,82,273.82751534117494,26,52,0.5
583,11.9131672452786,3,1.47126593766734,389,273.78626896144584,4,8,0.5
200,4.086849826853722,4,1.9616879168897867,172,273.7417754626149,12,23,0.5217391304347826
347,7.090684449591208,3,1.47126593766734,278,273.72782322831785,7,13,0.5384615384615384
723,14.773962124076206,3,1.47126593766734,249,273.71797109406543,5,7,0.7142857142857143
299,6.109840491146315,3,1.47126593766734,75,273.67668651602816,7,16,0.4375
593,12.117509736621287,3,1.47126593766734,379,273.66795424086234,5,8,0.625
559,11.422745266056154,3,1.47126593766734,413,273.6618189314277,6,8,0.75
67,1.369094691995997,12,5.88506375066936,34,273.6532416100537,37,69,0.5362318840579711
114,2.3295044013066217,6,2.94253187533468,60,273.5299477136911,21,41,0.5121951219512195
377,7.703711923619267,3,1.47126593766734,218,273.50937381594747,6,12,0.5
595,12.158378234889824,3,1.47126593766734,377,273.5068799145801,4,8,0.5
198,4.045981328585185,4,1.9616879168897867,180,273.4850428341669,12,23,0.5217391304347826
333,6.804604961711448,6,2.94253187533468,306,273.33597051081836,7,13,0.5384615384615384
207,4.229889570793603,4,1.9616879168897867,144,273.299464993757,17,22,0.7727272727272727
661,13.507038677751552,3,1.47126593766734,311,273.2926012282255,3,7,0.42857142857142855
543,11.095797279907856,3,1.47126593766734,429,273.27189725958016,6,8,0.75
652,13.323130435543135,3,1.47126593766734,320,273.22470733205563,5,7,0.7142857142857143
479,9.788005335314665,3,1.47126593766734,14,273.1784626846659,6,10,0.6
636,12.996182449394837,3,1.47126593766734,336,273.1718542359823,4,7,0.5714285714285714
90,1.839082422084175,6,2.94253187533468,72,273.1493021980913,27,51,0.5294117647058824
373,7.621974927082192,3,1.47126593766734,226,273.0379446320452,7,12,0.5833333333333334
292,5.966800747206435,3,1.47126593766734,96,273.0070636047344,7,16,0.4375
486,9.931045079254545,3,1.47126593766734,0,272.97788722271105,6,10,0.6
96,1.9616879168897867,8,3.9233758337795734,12,272.9623696018709,26,49,0.5306122448979592
700,14.303974393988028,3,1.47126593766734,272,272.9547078248711,6,7,0.8571428571428571
692,14.14050040091388,3,1.47126593766734,280,272.9362539315702,6,7,0.8571428571428571
691,14.12006615177961,3,1.47126593766734,281,272.91755475762204,6,7,0.8571428571428571
91,1.8595166712184437,8,3.9233758337795734,62,272.90461353742154,32,51,0.6274509803921569
115,2.3499386504408903,6,2.94253187533468,52,272.89835744458156,24,40,0.6
256,5.231167778372765,4,1.9616879168897867,204,272.80440124424234,12,18,0.6666666666666666
166,3.3920853562885895,6,2.94253187533468,142,272.77939496620803,17,28,0.6071428571428571
468,9.56322859483771,3,1.47126593766734,36,272.7603046360537,6,10,0.6
102,2.0842934116953984,6,2.94253187533468,54,272.63314747496,25,45,0.5555555555555556
727,14.85569912061328,3,1.47126593766734,245,272.59303775464525,6,7,0.8571428571428571
408,8.337173646781594,3,1.47126593766734,156,272.46348655578475,7,11,0.6363636363636364
428,8.745858629466966,3,1.47126593766734,116,272.4423554774073,4,11,0.36363636363636365
73,1.4917001868016087,6,2.94253187533468,23,272.35613050982835,35,64,0.546875
75,1.5325686850701459,8,3.9233758337795734,72,272.34361341831385,34,61,0.5573770491803278
558,11.402311016921885,3,1.47126593766734,414,272.34164592228404,6,8,0.75
422,8.623253134661354,3,1.47126593766734,128,272.3086310455562,7,11,0.6363636363636364
702,14.344842892256565,3,1.47126593766734,270,272.2505637722621,6,7,0.8571428571428571
485,9.910610830120277,3,1.47126593766734,2,272.2206403215418,6,10,0.6
160,3.269479861482978,4,1.9616879168897867,12,272.18051299993635,17,29,0.5862068965517241
517,10.564506802416872,3,1.47126593766734,455,272.16485662253325,9,9,1.0
136,2.779057882260531,8,3.9233758337795734,20,272.0952434178306,24,34,0.7058823529411765
196,4.005112830316648,4,1.9616879168897867,188,272.08381681406433,12,23,0.5217391304347826
662,13.527472926885821,3,1.47126593766734,310,272.0411262438538,3,7,0.42857142857142855
101,2.06385916256113,6,2.94253187533468,63,272.039979207177,23,46,0.5
701,14.324408643122297,3,1.47126593766734,271,271.99261620935255,6,7,0.8571428571428571
690,14.099631902645342,3,1.47126593766734,282,271.9359350763442,6,7,0.8571428571428571
168,3.4329538545571268,6,2.94253187533468,132,271.8917412558732,17,27,0.6296296296296297
172,3.514690851094201,4,1.9616879168897867,112,271.8864580674977,17,27,0.6296296296296297
311,6.355051480757538,3,1.47126593766734,39,271.85978284181135,9,15,0.6
441,9.011503868212458,3,1.47126593766734,90,271.77886135488234,6,11,0.5454545454545454
282,5.7624582558637485,3,1.47126593766734,126,271.7781634141865,7,16,0.4375
594,12.137943985755555,3,1.47126593766734,378,271.76087898840404,5,8,0.625
138,2.8199263805290684,6,2.94253187533468,6,271.68634191742274,23,34,0.6764705882352942
340,6.947644705651328,4,1.9616879168897867,292,271.6579791165942,9,13,0.6923076923076923
426,8.704990131198429,3,1.47126593766734,120,271.63206452409196,4,11,0.36363636363636365
381,7.785448920156341,3,1.47126593766734,210,271.6184035042396,7,12,0.5833333333333334
478,9.767571086180396,3,1.47126593766734,16,271.59988846633735,6,10,0.6
703,14.365277141390834,3,1.47126593766734,269,271.5917785420907,6,7,0.8571428571428571
100,2.043424913426861,6,2.94253187533468,72,271.58380609174543,26,46,0.5652173913043478
69,1.4099631902645342,8,3.9233758337795734,6,271.5446232935307,39,68,0.5735294117647058
306,6.252880235086195,3,1.47126593766734,54,271.48380833303275,8,15,0.5333333333333333
338,6.906776207382791,4,1.9616879168897867,296,271.4813598309039,8,13,0.6153846153846154
348,7.111118698725477,3,1.47126593766734,276,271.4568984096491,8,13,0.6153846153846154
484,9.890176580986008,3,1.47126593766734,4,271.4486076390353,7,10,0.7
171,3.4942566019599326,4,1.9616879168897867,117,271.4353763190566,15,27,0.5555555555555556
337,6.886341958248522,4,1.9616879168897867,298,271.42327837618296,7,13,0.5384615384615384
689,14.079197653511073,3,1.47126593766734,283,271.4052981951104,6,7,0.8571428571428571
379,7.744580421887804,3,1.47126593766734,214,271.4017436910276,7,12,0.5833333333333334
223,4.5568375569419,6,2.94253187533468,80,271.3018997363586,14,21,0.6666666666666666
324,6.62069671950303,3,1.47126593766734,0,271.2356106057412,7,15,0.4666666666666667
113,2.309070152172353,8,3.9233758337795734,68,271.1997877672329,25,41,0.6097560975609756
427,8.725424380332697,3,1.47126593766734,118,271.16043655892764,4,11,0.36363636363636365
238,4.86335129395593,4,1.9616879168897867,20,271.1421009655399,13,20,0.65
642,13.118787944200449,3,1.47126593766734,330,271.13374692351533,5,7,0.7142857142857143
304,6.212011736817658,3,1.47126593766734,60,271.132447672134,7,16,0.4375
684,13.97702640783973,3,1.47126593766734,288,271.1303813999838,5,7,0.7142857142857143
557,11.381876767787617,3,1.47126593766734,415,271.0991355675604,7,8,0.875
725,14.814830622344743,3,1.47126593766734,247,271.0973585599644,6,7,0.8571428571428571
339,6.927210456517059,4,1.9616879168897867,294,271.08828032272436,9,13,0.6923076923076923
449,9.174977861286607,3,1.47126593766734,74,271.0799049243199,5,11,0.45454545454545453
553,11.300139771250542,3,1.47126593766734,419,271.0430059954637,7,8,0.875
685,13.997460656973999,3,1.47126593766734,287,271.0248693011864,5,7,0.7142857142857143
290,5.925932248937897,3,1.47126593766734,102,271.01585013970015,7,16,0.4375
554,11.32057402038481,3,1.47126593766734,418,270.9488513023099,7,8,0.875
298,6.089406242012046,3,1.47126593766734,78,270.92064729180726,7,16,0.4375
688,14.058763404376805,3,1.47126593766734,284,270.9203928137476,6,7,0.8571428571428571
97,1.9821221660240553,8,3.9233758337795734,2,270.86549766902954,26,48,0.5416666666666666
179,3.6577305950340815,4,1.9616879168897867,77,270.82216864458263,14,26,0.5384615384615384
336,6.8659077091142535,4,1.9616879168897867,300,270.8174055175475,8,13,0.6153846153846154
450,9.195412110420875,3,1.47126593766734,72,270.7978758701956,5,11,0.45454545454545453
686,14.017894906108268,3,1.47126593766734,286,270.7816549954539,5,7,0.7142857142857143
406,8.296305148513056,3,1.47126593766734,160,270.7591674425561,7,12,0.5833333333333334
65,1.3282261937274598,8,3.9233758337795734,62,270.74280887512765,39,71,0.5492957746478874
369,7.540237930545118,3,1.47126593766734,234,270.73008085402375,8,12,0.6666666666666666
409,8.357607895915862,3,1.47126593766734,154,270.72439352481734,8,11,0.7272727272727273
588,12.015338490949944,3,1.47126593766734,384,270.69617914717475,5,8,0.625
726,14.835264871479012,3,1.47126593766734,246,270.6892258268665,6,7,0.8571428571428571
398,8.132831155438907,3,1.47126593766734,176,270.5462514533755,7,12,0.5833333333333334
473,9.665399840509053,3,1.47126593766734,26,270.53724113763155,5,10,0.5
301,6.150708989414852,3,1.47126593766734,69,270.4990223675093,7,16,0.4375
380,7.765014671022072,3,1.47126593766734,212,270.49682800614414,7,12,0.5833333333333334
457,9.338451854360756,3,1.47126593766734,58,270.4647345718037,6,11,0.5454545454545454
724,14.794396373210475,3,1.47126593766734,248,270.3927546031019,6,7,0.8571428571428571
214,4.372929314733483,4,1.9616879168897867,116,270.374984331709,14,22,0.6363636363636364
467,9.542794345703442,3,1.47126593766734,38,270.3378253423111,6,10,0.6
641,13.09835369506618,3,1.47126593766734,331,270.33656236171123,5,7,0.7142857142857143
279,5.701155508460943,4,1.9616879168897867,135,270.31703515497816,14,17,0.8235294117647058
173,3.53512510022847,4,1.9616879168897867,107,270.3110982432913,18,27,0.6666666666666666
278,5.680721259326674,4,1.9616879168897867,138,270.3076917068001,15,17,0.8823529411764706
405,8.275870899378788,3,1.47126593766734,162,270.22863817002064,7,12,0.5833333333333334
683,13.956592158705462,3,1.47126593766734,289,270.09069426540435,5,7,0.7142857142857143
88,1.7982139238156378,6,2.94253187533468,4,270.08791105897035,26,53,0.49056603773584906
456,9.318017605226487,3,1.47126593766734,60,270.0052449978935,6,11,0.5454545454545454
518,10.58494105155114,3,1.47126593766734,454,269.9942031374519,9,9,1.0
519,10.60537530068541,3,1.47126593766734,453,269.9694302371032,9,9,1.0
197,4.0255470794509165,4,1.9616879168897867,184,269.9498361929713,14,23,0.6086956521739131
720,14.7126593766734,4,1.9616879168897867,253,269.93150040405857,3,7,0.42857142857142855
76,1.5530029342044145,6,2.94253187533468,60,269.91469106833887,36,61,0.5901639344262295
371,7.581106428813655,3,1.47126593766734,230,269.8371802553429,8,12,0.6666666666666666
315,6.436788477294613,3,1.47126593766734,27,269.8339209222877,7,15,0.4666666666666667
335,6.845473459979985,4,1.9616879168897867,302,269.8281833932985,8,13,0.6153846153846154
128,2.6155838891863823,6,2.94253187533468,76,269.8044613906503,23,36,0.6388888888888888
682,13.936157909571193,3,1.47126593766734,290,269.749435501762,5,7,0.7142857142857143
459,9.379320352629293,3,1.47126593766734,54,269.73535595104875,7,10,0.7
117,2.3908071487094276,6,2.94253187533468,36,269.6880855779949,25,40,0.625
181,3.6985990933026187,4,1.9616879168897867,67,269.6801553659383,16,26,0.6153846153846154
190,3.882507335511036,4,1.9616879168897867,22,269.6774817793821,15,25,0.6
421,8.602818885527086,3,1.47126593766734,130,269.6469624428558,7,11,0.6363636363636364
420,8.582384636392817,3,1.47126593766734,132,269.6435854331793,7,11,0.6363636363636364
423,8.643687383795623,3,1.47126593766734,126,269.6374273976417,6,11,0.5454545454545454
464,9.481491598300636,3,1.47126593766734,44,269.62922723721914,7,10,0.7
400,8.173699653707445,3,1.47126593766734,172,269.5902010123836,7,12,0.5833333333333334
332,6.784170712577179,4,1.9616879168897867,308,269.5706227527908,7,14,0.5
191,3.902941584645305,4,1.9616879168897867,17,269.51301018388926,16,25,0.64
382,7.80588316929061,3,1.47126593766734,208,269.49054118930644,8,12,0.6666666666666666
87,1.7777796746813692,6,2.94253187533468,15,269.4846949715746,28,54,0.5185185185185185
590,12.05620698921848,3,1.47126593766734,382,269.4133819388762,6,8,0.75
410,8.37804214505013,3,1.47126593766734,152,269.40664493895946,8,11,0.7272727272727273
222,4.536403307807632,6,2.94253187533468,84,269.38914576882974,13,21,0.6190476190476191
74,1.5121344359358773,8,3.9233758337795734,10,269.3713002235105,39,63,0.6190476190476191
293,5.987234996340703,3,1.47126593766734,93,269.2124548053809,8,16,0.5
399,8.153265404573176,3,1.47126593766734,174,269.1696310738006,7,12,0.5833333333333334
401,8.194133902841713,3,1.47126593766734,170,269.1444734028669,8,12,0.6666666666666666
445,9.093240864749532,3,1.47126593766734,82,269.1139399808856,6,11,0.5454545454545454
98,2.002556415158324,8,3.9233758337795734,90,269.07537526403144,25,47,0.5319148936170213
687,14.038329155242536,3,1.47126593766734,285,269.04433615177544,6,7,0.8571428571428571
349,7.1315529478597455,3,1.47126593766734,274,269.0388109878499,9,13,0.6923076923076923
681,13.915723660436925,3,1.47126593766734,291,269.0179793885805,5,7,0.7142857142857143
451,9.215846359555144,3,1.47126593766734,70,269.00692765122085,6,11,0.5454545454545454
639,13.057485196797643,3,1.47126593766734,333,268.9849241680481,5,7,0.7142857142857143
139,2.840360629663337,4,1.9616879168897867,138,268.97851324379417,27,33,0.8181818181818182
334,6.825039210845716,4,1.9616879168897867,304,268.96899850611345,8,13,0.6153846153846154
158,3.2286113632144406,4,1.9616879168897867,24,268.89912463376197,20,30,0.6666666666666666
463,9.461057349166367,3,1.47126593766734,46,268.8986377467267,7,10,0.7
370,7.560672179679386,3,1.47126593766734,232,268.8233918163048,8,12,0.6666666666666666
556,11.361442518653348,3,1.47126593766734,416,268.7918560983983,7,8,0.875
227,4.638574553478975,4,1.9616879168897867,64,268.71187831733437,13,21,0.6190476190476191
404,8.25543665024452,3,1.47126593766734,164,268.7086167235631,7,12,0.5833333333333334
213,4.352495065599214,4,1.9616879168897867,120,268.7046241078891,14,22,0.6363636363636364
133,2.7177551348577254,6,2.94253187533468,41,268.700435438418,19,35,0.5428571428571428
308,6.293748733354732,3,1.47126593766734,48,268.6931362291662,9,15,0.6
237,4.842917044821661,4,1.9616879168897867,24,268.68503512415066,15,20,0.75
592,12.097075487487018,3,1.47126593766734,380,268.65144194470787,6,8,0.75
323,6.600262470368762,3,1.47126593766734,3,268.64980251964334,8,15,0.5333333333333333
159,3.2490456123487093,4,1.9616879168897867,18,268.55603438755605,18,30,0.6
119,2.431675646977965,6,2.94253187533468,20,268.53493019079576,22,39,0.5641025641025641
291,5.946366498072166,3,1.47126593766734,99,268.4605024947064,7,16,0.4375
555,11.34100826951908,3,1.47126593766734,417,268.42926207788156,7,8,0.875
397,8.112396906304639,3,1.47126593766734,178,268.4235617062802,7,12,0.5833333333333334
61,1.2464891971903853,12,5.88506375066936,57,268.41927947650373,44,76,0.5789473684210527
140,2.8607948787976056,4,1.9616879168897867,132,268.41413206429144,23,33,0.696969696969697
212,4.332060816464946,4,1.9616879168897867,124,268.3799596313997,14,22,0.6363636363636364
591,12.07664123835275,3,1.47126593766734,381,268.36359422540374,6,8,0.75
407,8.316739397647325,3,1.47126593766734,158,268.3560370157093,8,11,0.7272727272727273
460,9.399754601763561,3,1.47126593766734,52,268.29232373262,7,10,0.7
368,7.519803681410849,3,1.47126593766734,236,268.279526544465,9,12,0.75
447,9.13410936301807,3,1.47126593766734,78,268.2465322821287,7,11,0.6363636363636364
638,13.037050947663374,3,1.47126593766734,334,268.2149320109677,5,7,0.7142857142857143
384,7.846751667559147,3,1.47126593766734,204,268.19672915891863,8,12,0.6666666666666666
462,9.440623100032099,3,1.47126593766734,48,268.175725876499,7,10,0.7
578,11.810995999607258,4,1.9616879168897867,395,268.1555570048501,3,8,0.375
589,12.035772740084212,3,1.47126593766734,383,268.13723566653863,6,8,0.75
365,7.458500934008043,3,1.47126593766734,242,268.12492050567425,9,13,0.6923076923076923
465,9.501925847434904,3,1.47126593766734,42,268.10435420233875,7,10,0.7
322,6.579828221234493,3,1.47126593766734,6,268.1032233129153,9,15,0.6
310,6.33461723162327,3,1.47126593766734,42,267.9852180634791,10,15,0.6666666666666666
297,6.068971992877778,3,1.47126593766734,81,267.9270880737374,8,16,0.5
81,1.6551741798757575,6,2.94253187533468,0,267.910909152758,35,58,0.603448275862069
85,1.736911176412832,8,3.9233758337795734,37,267.8800061043594,31,55,0.5636363636363636
452,9.236280608689412,3,1.47126593766734,68,267.87787943213397,6,11,0.5454545454545454
378,7.724146172753535,3,1.47126593766734,216,267.8088585533047,7,12,0.5833333333333334
305,6.232445985951927,3,1.47126593766734,57,267.78508188306046,9,16,0.5625
367,7.4993694322765805,3,1.47126593766734,238,267.77073735292737,8,12,0.6666666666666666
383,7.826317418424878,3,1.47126593766734,206,267.76038343926484,8,12,0.6666666666666666
458,9.358886103495024,3,1.47126593766734,56,267.6868373073708,7,10,0.7
640,13.077919445931911,3,1.47126593766734,332,267.6797339263179,5,7,0.7142857142857143
366,7.478935183142312,3,1.47126593766734,240,267.65324186346936,9,13,0.6923076923076923
94,1.9208194186212495,6,2.94253187533468,32,267.6308576634555,23,49,0.46938775510204084
461,9.42018885089783,3,1.47126593766734,50,267.6038515491827,7,10,0.7
637,13.016616698529106,3,1.47126593766734,335,267.59752120810543,5,7,0.7142857142857143
121,2.472544145246502,6,2.94253187533468,4,267.48918860166503,23,39,0.5897435897435898
411,8.3984763941844,3,1.47126593766734,150,267.4790791222053,8,11,0.7272727272727273
59,1.205620698921848,8,3.9233758337795734,28,267.4400493012551,38,79,0.4810126582278481
328,6.702433716040105,3,1.47126593766734,316,267.4290326399286,6,14,0.42857142857142855
84,1.7164769272785634,8,3.9233758337795734,48,267.413412792983,31,55,0.5636363636363636
225,4.597706055210438,4,1.9616879168897867,72,267.39777726751515,11,21,0.5238095238095238
79,1.6143056816072203,8,3.9233758337795734,24,267.39622486579765,39,59,0.6610169491525424
283,5.782892504998017,3,1.47126593766734,123,267.37572293535044,7,16,0.4375
302,6.171143238549121,3,1.47126593766734,66,267.37255388685736,7,16,0.4375
577,11.790561750472989,4,1.9616879168897867,396,267.345935257079,3,8,0.375
137,2.7994921313948,6,2.94253187533468,13,267.31991252128984,23,34,0.6764705882352942
448,9.154543612152338,3,1.47126593766734,76,267.31190693609574,7,11,0.6363636363636364
57,1.1647522006533109,8,3.9233758337795734,3,267.30244435178037,41,82,0.5
167,3.412519605422858,6,2.94253187533468,137,267.27287575571745,18,27,0.6666666666666666
386,7.887620165827684,3,1.47126593766734,200,267.168152031401,8,12,0.6666666666666666
317,6.47765697556315,3,1.47126593766734,21,267.1526227648295,8,15,0.5333333333333333
188,3.841638837242499,3,1.47126593766734,32,267.09845150139614,10,25,0.4
385,7.8671859166934155,3,1.47126593766734,202,266.9938666723526,8,12,0.6666666666666666
402,8.214568151975982,3,1.47126593766734,168,266.9253505786003,8,12,0.6666666666666666
78,1.5938714324729517,6,2.94253187533468,36,266.7824791097156,34,59,0.576271186440678
446,9.1136751138838,3,1.47126593766734,80,266.7727743960525,7,11,0.6363636363636364
412,8.418910643318668,3,1.47126593766734,148,266.7547861870629,8,11,0.7272727272727273
165,3.371651107154321,4,1.9616879168897867,147,266.7487090969126,15,28,0.5357142857142857
303,6.191577487683389,3,1.47126593766734,63,266.6791204472768,7,16,0.4375
443,9.052372366480995,3,1.47126593766734,86,266.6766483823899,6,11,0.5454545454545454
105,2.1455961590982042,6,2.94253187533468,27,266.6731962126924,25,44,0.5681818181818182
352,7.192855695262551,3,1.47126593766734,268,266.596560631353,8,13,0.6153846153846154
307,6.273314484220464,3,1.47126593766734,51,266.5607014610613,9,15,0.6
453,9.256714857823681,3,1.47126593766734,66,266.5207948800253,6,11,0.5454545454545454
63,1.2873576954589225,8,3.9233758337795734,27,266.49750093209377,41,74,0.5540540540540541
403,8.23500240111025,3,1.47126593766734,166,266.4794926016506,8,12,0.6666666666666666
327,6.681999466905836,3,1.47126593766734,318,266.4461723282197,7,14,0.5
359,7.335895439202432,3,1.47126593766734,254,266.42773155918434,8,13,0.6153846153846154
124,2.533846892649308,4,1.9616879168897867,104,266.34848677612126,19,37,0.5135135135135135
146,2.9834003736032173,3,1.47126593766734,96,266.30101645386065,16,32,0.5
123,2.5134126435150392,4,1.9616879168897867,111,266.2722172801746,19,37,0.5135135135135135
265,5.415076020581182,3,1.47126593766734,177,266.23990349708333,9,17,0.5294117647058824
251,5.1289965327014215,3,1.47126593766734,219,266.23730269788587,9,18,0.5
134,2.738189383991994,6,2.94253187533468,34,266.2103381422465,20,35,0.5714285714285714
295,6.02810349460924,3,1.47126593766734,87,266.1706363047486,8,16,0.5
247,5.047259536164347,3,1.47126593766734,231,266.12315478730943,9,18,0.5
104,2.1251619099639356,6,2.94253187533468,36,266.10894847677446,30,45,0.6666666666666666
360,7.3563296883367,3,1.47126593766734,252,265.98742405421467,8,13,0.6153846153846154
477,9.747136837046128,3,1.47126593766734,18,265.94816850017224,7,10,0.7
62,1.266923446324654,8,3.9233758337795734,42,265.9190193016091,40,75,0.5333333333333333
414,8.459779141587205,3,1.47126593766734,144,265.8749130225867,9,11,0.8181818181818182
325,6.641130968637299,3,1.47126593766734,322,265.7935764497614,8,14,0.5714285714285714
125,2.5542811417835765,4,1.9616879168897867,97,265.719451650702,17,37,0.4594594594594595
454,9.27714910695795,3,1.47126593766734,64,265.71553221167665,6,11,0.5454545454545454
358,7.315461190068163,3,1.47126593766734,256,265.5328018293173,8,13,0.6153846153846154
182,3.7190333424368873,4,1.9616879168897867,62,265.3897204038243,16,26,0.6153846153846154
226,4.618140304344706,4,1.9616879168897867,68,265.36925305277174,13,21,0.6190476190476191
248,5.067693785298616,3,1.47126593766734,228,265.36683799402783,9,18,0.5
82,1.6756084290100262,6,2.94253187533468,70,265.34009395515886,29,56,0.5178571428571429
83,1.6960426781442948,8,3.9233758337795734,59,265.32253079124786,30,56,0.5357142857142857
157,3.208177114080172,3,1.47126593766734,30,265.3077723083368,14,30,0.4666666666666667
294,6.007669245474972,3,1.47126593766734,90,265.28895884251506,8,16,0.5
249,5.088128034432884,3,1.47126593766734,225,265.28306780346713,10,18,0.5555555555555556
58,1.1851864497875795,8,3.9233758337795734,44,265.2821839129571,42,80,0.525
221,4.515969058673363,4,1.9616879168897867,88,265.2585307306484,13,21,0.6190476190476191
183,3.739467591571156,4,1.9616879168897867,57,265.2549577594699,17,26,0.6538461538461539
127,2.5951496400521137,4,1.9616879168897867,83,265.2204899573374,18,36,0.5
342,6.988513203919865,3,1.47126593766734,288,265.2051559377125,7,13,0.5384615384615384
262,5.353773273178376,3,1.47126593766734,186,265.13257668802424,9,17,0.5294117647058824
419,8.561950387258548,3,1.47126593766734,134,265.0958630985436,9,11,0.8181818181818182
415,8.480213390721474,3,1.47126593766734,142,265.0635255528217,9,11,0.8181818181818182
131,2.676886636589188,4,1.9616879168897867,55,265.0590214090603,19,35,0.5428571428571428
413,8.439344892452937,3,1.47126593766734,146,265.04098575411496,9,11,0.8181818181818182
442,9.031938117346726,3,1.47126593766734,88,265.0328970136261,7,11,0.6363636363636364
110,2.2477674047695473,6,2.94253187533468,92,264.9783852034827,23,42,0.5476190476190477
109,2.2273331556352787,4,1.9616879168897867,100,264.9698535806847,20,42,0.47619047619047616
70,1.4303974393988028,6,2.94253187533468,62,264.96855684130566,39,66,0.5909090909090909
392,8.010225660633296,3,1.47126593766734,188,264.9557859153359,8,12,0.6666666666666666
246,5.0268252870300785,3,1.47126593766734,234,264.89336993277925,9,18,0.5
390,7.9693571623647586,3,1.47126593766734,192,264.8556928470103,8,12,0.6666666666666666
135,2.7586236331262626,6,2.94253187533468,27,264.8172317088314,19,35,0.5428571428571428
417,8.521081888990011,3,1.47126593766734,138,264.80089475931516,9,11,0.8181818181818182
344,7.029381702188402,3,1.47126593766734,284,264.7849273437399,8,13,0.6153846153846154
356,7.274592691799626,3,1.47126593766734,260,264.7273967318458,8,13,0.6153846153846154
466,9.522360096569173,3,1.47126593766734,40,264.6913470044084,7,10,0.7
343,7.008947453054134,3,1.47126593766734,286,264.6458889443598,7,13,0.5384615384615384
150,3.0651373701402918,3,1.47126593766734,72,264.62538129724607,13,31,0.41935483870967744
333,6.804604961711448,4,1.9616879168897867,306,264.5319518040664,7,13,0.5384615384615384
475,9.70626833877759,3,1.47126593766734,22,264.4526435217803,7,10,0.7
126,2.574715390917845,4,1.9616879168897867,90,264.3974971310837,18,37,0.4864864864864865
350,7.151987196994014,3,1.47126593766734,272,264.3890247586011,9,13,0.6923076923076923
346,7.07025020045694,3,1.47126593766734,280,264.37361398845223,9,13,0.6923076923076923
357,7.295026940933894,3,1.47126593766734,258,264.2930144402177,8,13,0.6153846153846154
60,1.2260549480561167,8,3.9233758337795734,12,264.2080054709821,41,78,0.5256410256410257
416,8.500647639855742,3,1.47126593766734,140,264.20027586931343,9,11,0.8181818181818182
393,8.030659909767564,3,1.47126593766734,186,264.1563905741718,8,12,0.6666666666666666
49,1.001278207579162,8,3.9233758337795734,41,264.1420703159922,51,94,0.5425531914893617
71,1.4508316885330714,6,2.94253187533468,49,264.13952878847846,39,65,0.6
476,9.72670258791186,3,1.47126593766734,20,264.04409038825577,7,10,0.7
224,4.577271806076169,4,1.9616879168897867,76,264.01662231052694,14,21,0.6666666666666666
103,2.104727660829667,6,2.94253187533468,45,263.92883319537816,31,45,0.6888888888888889
86,1.7573454255471006,6,2.94253187533468,26,263.9200453839097,30,54,0.5555555555555556
418,8.54151613812428,3,1.47126593766734,136,263.83802068857176,9,11,0.8181818181818182
316,6.457222726428881,3,1.47126593766734,24,263.8369811303589,9,15,0.6
474,9.685834089643322,3,1.47126593766734,24,263.8300047254229,7,10,0.7
425,8.68455588206416,3,1.47126593766734,122,263.7930911362641,5,11,0.45454545454545453
576,11.77012750133872,12,5.88506375066936,399,263.790369748916,3,8,0.375
116,2.370372899575159,4,1.9616879168897867,44,263.7282315609229,21,40,0.525
455,9.297583356092218,3,1.47126593766734,62,263.7131504873395,7,11,0.6363636363636364
326,6.661565217771567,3,1.47126593766734,320,263.6889452330766,8,14,0.5714285714285714
231,4.720311550016049,3,1.47126593766734,48,263.5826140249862,11,20,0.55
111,2.268201653903816,8,3.9233758337795734,84,263.53024101878276,22,41,0.5365853658536586
244,4.985956788761541,3,1.47126593766734,240,263.40915685754607,11,19,0.5789473684210527
345,7.049815951322671,3,1.47126593766734,282,263.3340073893363,9,13,0.6923076923076923
187,3.8212045881082304,3,1.47126593766734,37,263.3267859439357,10,25,0.4
444,9.072806615615264,3,1.47126593766734,84,263.1417018006741,7,11,0.6363636363636364
309,6.314182982489001,3,1.47126593766734,45,263.0923018713325,11,15,0.7333333333333333
391,7.989791411499027,3,1.47126593766734,190,263.08217559077787,8,12,0.6666666666666666
107,2.1864646573667414,6,2.94253187533468,9,263.0224052643592,27,44,0.6136363636363636
80,1.634739930741489,6,2.94253187533468,12,263.01118495647097,34,58,0.5862068965517241
329,6.722867965174373,3,1.47126593766734,314,263.0075815267651,6,14,0.42857142857142855
394,8.051094158901833,3,1.47126593766734,184,262.9555386086619,9,12,0.75
676,13.813552414765581,3,1.47126593766734,296,262.9286648731005,4,7,0.5714285714285714
264,5.3946417714469135,3,1.47126593766734,180,262.8844797937535,9,17,0.5294117647058824
122,2.4929783943807706,4,1.9616879168897867,118,262.8445954326157,22,38,0.5789473684210527
50,1.0217124567134306,8,3.9233758337795734,22,262.75653622166874,55,93,0.5913978494623656
424,8.664121632929891,3,1.47126593766734,124,262.7266137709309,7,11,0.6363636363636364
64,1.3077919445931911,8,3.9233758337795734,12,262.69888256078616,42,73,0.5753424657534246
677,13.83398666389985,3,1.47126593766734,295,262.64145495899237,5,7,0.7142857142857143
112,2.2886359030380845,6,2.94253187533468,76,262.61353702739336,25,41,0.6097560975609756
106,2.166030408232473,6,2.94253187533468,18,262.57731667102036,25,44,0.5681818181818182
72,1.47126593766734,4,1.9616879168897867,36,262.5341183957713,34,64,0.53125
387,7.908054414961953,3,1.47126593766734,198,262.49900397565887,9,12,0.75
170,3.473822352825664,4,1.9616879168897867,122,262.4933595067787,17,27,0.6296296296296297
296,6.048537743743509,3,1.47126593766734,84,262.484802248746,9,16,0.5625
250,5.108562283567153,3,1.47126593766734,222,262.46730341560516,10,18,0.5555555555555556
353,7.21328994439682,3,1.47126593766734,266,262.33037958281204,9,13,0.6923076923076923
678,13.854420913034119,3,1.47126593766734,294,262.1774082534436,5,7,0.7142857142857143
355,7.254158442665357,3,1.47126593766734,262,262.10476183384384,9,13,0.6923076923076923
147,3.003834622737486,3,1.47126593766734,90,262.0660320054954,16,31,0.5161290322580645
675,13.793118165631313,3,1.47126593766734,297,262.0436538338843,4,7,0.5714285714285714
120,2.4521098961122334,4,1.9616879168897867,12,262.03537769972274,22,39,0.5641025641025641
361,7.376763937470969,3,1.47126593766734,250,261.9223226890377,10,13,0.7692307692307693
396,8.09196265717037,3,1.47126593766734,180,261.8083688940424,8,12,0.6666666666666666
281,5.74202400672948,3,1.47126593766734,129,261.72532267054316,9,17,0.5294117647058824
129,2.636018138320651,4,1.9616879168897867,69,261.6987293350195,24,36,0.6666666666666666
388,7.928488664096221,3,1.47126593766734,196,261.6593554150669,9,12,0.75
216,4.41379781300202,3,1.47126593766734,108,261.5966927457114,11,21,0.5238095238095238
674,13.772683916497044,3,1.47126593766734,298,261.5162702630886,4,7,0.5714285714285714
149,3.044703121006023,3,1.47126593766734,78,261.50267401037695,16,31,0.5161290322580645
354,7.2337241935310885,3,1.47126593766734,264,261.4949551004721,9,13,0.6923076923076923
203,4.148152574256528,3,1.47126593766734,160,261.4896179290047,11,23,0.4782608695652174
132,2.6973208857234567,4,1.9616879168897867,48,261.44480431784154,18,35,0.5142857142857142
364,7.438066684873775,3,1.47126593766734,244,261.43719263054896,10,13,0.7692307692307693
145,2.9629661244689487,3,1.47126593766734,102,261.381930025489,16,32,0.5
204,4.168586823390797,3,1.47126593766734,156,261.31465107978573,12,22,0.5454545454545454
321,6.559393972100224,3,1.47126593766734,9,261.309196623776,9,15,0.6
663,13.54790717602009,3,1.47126593766734,309,261.3076728199998,5,7,0.7142857142857143
99,2.0229906642925926,4,1.9616879168897867,81,261.1957752398741,23,46,0.5
169,3.4533881036913954,4,1.9616879168897867,127,261.15941619730813,17,27,0.6296296296296297
205,4.189021072525065,3,1.47126593766734,152,260.96179506354326,12,22,0.5454545454545454
253,5.169865030969959,3,1.47126593766734,213,260.96019234008867,10,18,0.5555555555555556
389,7.94892291323049,3,1.47126593766734,194,260.8579302924158,9,12,0.75
118,2.411241397843696,4,1.9616879168897867,28,260.7843543597326,22,40,0.55
232,4.740745799150318,3,1.47126593766734,44,260.76079449844326,13,20,0.65
240,4.904219792224467,3,1.47126593766734,12,260.7589578302981,11,20,0.55
54,1.103449453250505,8,3.9233758337795734,0,260.75871276720227,52,86,0.6046511627906976
245,5.00639103789581,3,1.47126593766734,237,260.69682817405095,10,18,0.5555555555555556
351,7.172421446128283,3,1.47126593766734,270,260.666443293495,10,13,0.7692307692307693
93,1.9003851694869809,6,2.94253187533468,42,260.6294820136836,27,50,0.54
95,1.941253667755518,8,3.9233758337795734,22,260.5753448229175,29,49,0.5918367346938775
66,1.3486604428617284,8,3.9233758337795734,48,260.49585860041014,37,70,0.5285714285714286
395,8.071528408036102,3,1.47126593766734,182,260.4835695877422,9,12,0.75
223,4.5568375569419,4,1.9616879168897867,80,260.48123702037884,14,21,0.6666666666666666
55,1.1238837023847736,8,3.9233758337795734,37,260.3719130209529,46,84,0.5476190476190477
136,2.779057882260531,6,2.94253187533468,20,260.3624891366786,24,34,0.7058823529411765
202,4.12771832512226,3,1.47126593766734,164,260.3537076164505,9,23,0.391304347826087
672,13.731815418228507,3,1.47126593766734,300,260.2768044611273,5,7,0.7142857142857143
341,6.968078954785597,3,1.47126593766734,290,260.0487398433228,8,13,0.6153846153846154
654,13.363998933811672,20,9.808439584448934,313,259.96665645923906,3,7,0.42857142857142855
680,13.895289411302656,3,1.47126593766734,292,259.957358337619,6,7,0.8571428571428571
664,13.568341425154358,3,1.47126593766734,308,259.8871941127914,4,7,0.5714285714285714
252,5.14943078183569,3,1.47126593766734,216,259.88340859581416,10,18,0.5555555555555556
673,13.752249667362776,3,1.47126593766734,299,259.8565665004641,5,7,0.7142857142857143
141,2.8812291279318742,3,1.47126593766734,126,259.81337040382607,18,32,0.5625
266,5.435510269715451,3,1.47126593766734,174,259.78295561455474,9,17,0.5294117647058824
267,5.455944518849719,3,1.47126593766734,171,259.75309475822297,9,17,0.5294117647058824
671,13.711381169094238,3,1.47126593766734,301,259.6977833265589,5,7,0.7142857142857143
96,1.9616879168897867,6,2.94253187533468,12,259.66211651211137,26,49,0.5306122448979592
679,13.874855162168387,3,1.47126593766734,293,259.62626874853584,6,7,0.8571428571428571
670,13.69094691995997,3,1.47126593766734,302,259.47872722207626,5,7,0.7142857142857143
236,4.822482795687392,3,1.47126593766734,28,259.4075861624924,12,20,0.6
166,3.3920853562885895,4,1.9616879168897867,142,259.35587259620627,17,28,0.6071428571428571
130,2.6564523874549195,4,1.9616879168897867,62,259.2550468413171,23,36,0.6388888888888888
108,2.20689890650101,4,1.9616879168897867,0,259.08191725554286,23,43,0.5348837209302325
218,4.454666311270557,3,1.47126593766734,100,259.06888104239863,11,21,0.5238095238095238
114,2.3295044013066217,4,1.9616879168897867,60,259.0629857831242,21,41,0.5121951219512195
665,13.588775674288627,3,1.47126593766734,307,258.9584601335529,4,7,0.5714285714285714
257,5.251602027507033,3,1.47126593766734,201,258.949792662724,11,18,0.6111111111111112
186,3.8007703389739618,3,1.47126593766734,42,258.9490752948691,12,25,0.48
92,1.8799509203527123,4,1.9616879168897867,52,258.81016451533606,26,50,0.52
260,5.312904774909839,3,1.47126593766734,192,258.75665488050953,12,18,0.6666666666666666
91,1.8595166712184437,6,2.94253187533468,62,258.69247969072666,32,51,0.6274509803921569
263,5.374207522312645,3,1.47126593766734,183,258.682551843509,11,17,0.6470588235294118
655,13.38443318294594,8,3.9233758337795734,314,258.6104683575627,4,7,0.5714285714285714
219,4.475100560404826,3,1.47126593766734,96,258.5957822722528,9,21,0.42857142857142855
168,3.4329538545571268,4,1.9616879168897867,132,258.5821149242637,17,27,0.6296296296296297
222,4.536403307807632,4,1.9616879168897867,84,258.5460849188865,13,21,0.6190476190476191
712,14.549185383599252,20,9.808439584448934,255,258.5447312927177,3,7,0.42857142857142855
235,4.802048546553124,3,1.47126593766734,32,258.5231496517675,12,20,0.6
272,5.558115764521062,3,1.47126593766734,156,258.4910623011078,11,17,0.6470588235294118
201,4.107284075987991,3,1.47126593766734,168,258.4837178330293,11,23,0.4782608695652174
75,1.5325686850701459,6,2.94253187533468,72,258.44107331789934,34,61,0.5573770491803278
174,3.5555593493627384,3,1.47126593766734,102,258.4305913232892,15,27,0.5555555555555556
151,3.0855716192745604,3,1.47126593766734,66,258.2116027778344,14,31,0.45161290322580644
268,5.476378767983988,3,1.47126593766734,168,258.2054754291337,11,17,0.6470588235294118
115,2.3499386504408903,4,1.9616879168897867,52,258.18896305402177,24,40,0.6
363,7.417632435739506,3,1.47126593766734,246,258.1626162521149,10,13,0.7692307692307693
243,4.965522539627273,3,1.47126593766734,0,258.15911727860095,12,20,0.6
113,2.309070152172353,6,2.94253187533468,68,258.1468613613958,25,41,0.6097560975609756
331,6.7637364634429105,3,1.47126593766734,310,258.05852353132417,7,14,0.5
211,4.311626567330677,3,1.47126593766734,128,257.99238384253687,13,22,0.5909090909090909
669,13.670512670825701,3,1.47126593766734,303,257.9816940252567,5,7,0.7142857142857143
102,2.0842934116953984,4,1.9616879168897867,54,257.9164042551972,25,45,0.5555555555555556
89,1.8186481729499064,4,1.9616879168897867,82,257.89786507646875,26,52,0.5
97,1.9821221660240553,6,2.94253187533468,2,257.8553629139807,26,48,0.5416666666666666
215,4.3933635638677515,3,1.47126593766734,112,257.7821970809965,13,22,0.5909090909090909
156,3.1877428649459034,3,1.47126593766734,36,257.73440985297356,17,30,0.5666666666666667
210,4.2911923181964085,3,1.47126593766734,132,257.7091550075705,12,22,0.5454545454545454
668,13.650078421691433,3,1.47126593766734,304,257.53083771339044,5,7,0.7142857142857143
199,4.066415577719454,3,1.47126593766734,176,257.3751694280524,11,23,0.4782608695652174
318,6.4980912246974185,3,1.47126593766734,18,257.25921698734254,9,15,0.6
667,13.629644172557164,3,1.47126593766734,305,257.0949769343494,4,7,0.5714285714285714
239,4.883785543090198,3,1.47126593766734,16,257.05856027396135,12,20,0.6
220,4.495534809539095,3,1.47126593766734,92,257.0399587067887,10,21,0.47619047619047616
666,13.609209923422895,3,1.47126593766734,306,256.99564615869167,4,7,0.5714285714285714
77,1.573437183338683,4,1.9616879168897867,48,256.9462273643502,36,60,0.6
138,2.8199263805290684,4,1.9616879168897867,6,256.7968403992458,23,34,0.6764705882352942
69,1.4099631902645342,6,2.94253187533468,6,256.4660329087304,39,68,0.5735294117647058
258,5.272036276641302,3,1.47126593766734,198,256.3246659092111,13,18,0.7222222222222222
101,2.06385916256113,4,1.9616879168897867,63,256.28738128431115,23,46,0.5
98,2.002556415158324,6,2.94253187533468,90,256.2743054798746,25,47,0.5319148936170213
269,5.4968130171182565,3,1.47126593766734,165,256.2582152311075,11,17,0.6470588235294118
90,1.839082422084175,4,1.9616879168897867,72,256.23942424767563,27,51,0.5294117647058824
65,1.3282261937274598,6,2.94253187533468,62,256.1933985542349,39,71,0.5492957746478874
276,5.639852761058137,3,1.47126593766734,144,256.00343946078516,12,17,0.7058823529411765
261,5.333339024044108,3,1.47126593766734,189,255.99795245916332,12,18,0.6666666666666666
180,3.67816484416835,3,1.47126593766734,72,255.9367321335226,13,26,0.5
270,5.517247266252525,3,1.47126593766734,162,255.90873579938804,11,17,0.6470588235294118
133,2.7177551348577254,4,1.9616879168897867,41,255.73089236786888,19,35,0.5428571428571428
178,3.637296345899813,3,1.47126593766734,82,255.67831252057127,12,26,0.46153846153846156
184,3.7599018407054245,3,1.47126593766734,52,255.64186395591136,14,25,0.56
254,5.190299280104227,3,1.47126593766734,210,255.52507260204274,10,18,0.5555555555555556
275,5.619418511923868,3,1.47126593766734,147,255.45416792752061,12,17,0.7058823529411765
234,4.781614297418855,3,1.47126593766734,36,255.36293750793985,13,20,0.65
320,6.538959722965956,3,1.47126593766734,12,255.06597039777304,10,15,0.6666666666666666
319,6.518525473831687,3,1.47126593766734,15,255.04067795947805,10,15,0.6666666666666666
74,1.5121344359358773,6,2.94253187533468,10,255.00608462971107,39,63,0.6190476190476191
274,5.5989842627896,3,1.47126593766734,150,254.99448019309898,11,17,0.6470588235294118
195,3.9846785811823793,3,1.47126593766734,192,254.95874756423456,11,23,0.4782608695652174
167,3.412519605422858,4,1.9616879168897867,137,254.9529253277369,18,27,0.6666666666666666
52,1.0625809549819678,8,3.9233758337795734,36,254.86060565608955,55,89,0.6179775280898876
193,3.943810082913842,3,1.47126593766734,7,254.79383949358416,12,24,0.5
117,2.3908071487094276,4,1.9616879168897867,36,254.68163421763106,25,40,0.625
128,2.6155838891863823,4,1.9616879168897867,76,254.66012468222,23,36,0.6388888888888888
119,2.431675646977965,4,1.9616879168897867,20,254.6599557859574,22,39,0.5641025641025641
362,7.397198186605237,3,1.47126593766734,248,254.63282606122078,11,13,0.8461538461538461
330,6.743302214308642,3,1.47126593766734,312,254.62543286277264,8,14,0.5714285714285714
176,3.5964278476312757,3,1.47126593766734,92,254.54206388557574,13,26,0.5
100,2.043424913426861,4,1.9616879168897867,72,254.53095879719464,26,46,0.5652173913043478
185,3.780336089839693,3,1.47126593766734,47,254.5074556810406,14,25,0.56
206,4.209455321659334,3,1.47126593766734,148,254.50364154917324,14,22,0.6363636363636364
88,1.7982139238156378,4,1.9616879168897867,4,254.50047815481187,26,53,0.49056603773584906
85,1.736911176412832,6,2.94253187533468,37,254.41296031166016,31,55,0.5636363636363636
177,3.6168620967655443,3,1.47126593766734,87,254.33763779016394,12,26,0.46153846153846156
230,4.699877300881781,3,1.47126593766734,52,254.21205532117696,13,20,0.65
271,5.537681515386794,3,1.47126593766734,159,254.1787979253867,12,17,0.7058823529411765
175,3.575993598497007,3,1.47126593766734,97,254.13619325304796,14,26,0.5384615384615384
161,3.2899141106172465,3,1.47126593766734,6,254.06529251350108,18,29,0.6206896551724138
84,1.7164769272785634,6,2.94253187533468,48,254.0207001012271,31,55,0.5636363636363636
53,1.0830152041162364,8,3.9233758337795734,18,253.88772775614302,53,88,0.6022727272727273
241,4.924654041358735,3,1.47126593766734,8,253.86988346595365,13,20,0.65
192,3.9233758337795734,3,1.47126593766734,12,253.7986457196889,13,25,0.52
208,4.250323819927871,3,1.47126593766734,140,253.72437745210755,15,22,0.6818181818181818
217,4.434232062136289,3,1.47126593766734,104,253.65219615227764,14,21,0.6666666666666666
68,1.3895289411302656,8,3.9233758337795734,20,253.54380400436565,41,68,0.6029411764705882
67,1.369094691995997,8,3.9233758337795734,34,253.43896497511815,37,69,0.5362318840579711
152,3.106005868408829,3,1.47126593766734,60,253.43487001486284,17,31,0.5483870967741935
134,2.738189383991994,4,1.9616879168897867,34,253.39781730242228,20,35,0.5714285714285714
273,5.578550013655331,3,1.47126593766734,153,253.38336364163985,12,17,0.7058823529411765
94,1.9208194186212495,4,1.9616879168897867,32,253.30097384048509,23,49,0.46938775510204084
148,3.0242688718717545,3,1.47126593766734,84,253.09721186410113,19,31,0.6129032258064516
121,2.472544145246502,4,1.9616879168897867,4,253.04248893210354,23,39,0.5897435897435898
59,1.205620698921848,6,2.94253187533468,28,252.84111694438332,38,79,0.4810126582278481
209,4.27075806906214,3,1.47126593766734,136,252.72265496955848,15,22,0.6818181818181818
73,1.4917001868016087,4,1.9616879168897867,23,252.57189292270857,35,64,0.546875
57,1.1647522006533109,6,2.94253187533468,3,252.52024397764706,41,82,0.5
83,1.6960426781442948,6,2.94253187533468,59,252.472572955892,30,56,0.5357142857142857
277,5.660287010192405,3,1.47126593766734,141,252.44884023350255,14,17,0.8235294117647058
87,1.7777796746813692,4,1.9616879168897867,15,252.41232150865847,28,54,0.5185185185185185
137,2.7994921313948,4,1.9616879168897867,13,252.30629465732278,23,34,0.6764705882352942
111,2.268201653903816,6,2.94253187533468,84,252.29272004698993,22,41,0.5365853658536586
164,3.3512168580200523,3,1.47126593766734,152,252.24846172356527,14,28,0.5
280,5.721589757595211,3,1.47126593766734,132,252.15105979895478,12,17,0.7058823529411765
79,1.6143056816072203,6,2.94253187533468,24,252.10786168935778,39,59,0.6610169491525424
229,4.679443051747512,3,1.47126593766734,56,251.98673833952503,13,20,0.65
255,5.210733529238496,3,1.47126593766734,207,251.91297402655331,12,18,0.6666666666666666
56,1.1443179515190423,8,3.9233758337795734,20,251.88636382873963,50,83,0.6024096385542169
228,4.6590088026132435,3,1.47126593766734,60,251.8582491396008,13,21,0.6190476190476191
233,4.7611800482845865,3,1.47126593766734,40,251.8108907177281,13,20,0.65
194,3.9642443320481107,3,1.47126593766734,2,251.77186155454223,12,24,0.5
153,3.1264401175430976,3,1.47126593766734,54,251.59799781743283,19,30,0.6333333333333333
76,1.5530029342044145,4,1.9616879168897867,60,251.22142856748178,36,61,0.5901639344262295
259,5.29247052577557,3,1.47126593766734,195,251.11633532765399,13,18,0.7222222222222222
81,1.6551741798757575,4,1.9616879168897867,0,251.11260128997367,35,58,0.603448275862069
62,1.266923446324654,6,2.94253187533468,42,250.99757126752067,40,75,0.5333333333333333
63,1.2873576954589225,6,2.94253187533468,27,250.90717329893903,41,74,0.5540540540540541
135,2.7586236331262626,4,1.9616879168897867,27,250.87522481907308,19,35,0.5428571428571428
655,13.38443318294594,6,2.94253187533468,314,250.6619413607604,4,7,0.5714285714285714
162,3.310348359751515,3,1.47126593766734,0,250.5665753162608,18,29,0.6206896551724138
338,6.906776207382791,3,1.47126593766734,296,250.55485237174761,8,13,0.6153846153846154
58,1.1851864497875795,6,2.94253187533468,44,250.51924779754972,42,80,0.525
105,2.1455961590982042,4,1.9616879168897867,27,250.3746106720932,25,44,0.5681818181818182
337,6.886341958248522,3,1.47126593766734,298,250.24765773141883,7,13,0.5384615384615384
242,4.945088290493004,3,1.47126593766734,4,250.1337470372681,14,20,0.7
163,3.3307826088857837,3,1.47126593766734,157,250.0974090688017,15,28,0.5357142857142857
82,1.6756084290100262,4,1.9616879168897867,70,250.08037446475785,29,56,0.5178571428571429
189,3.8620730863767676,3,1.47126593766734,27,250.0680595269635,13,25,0.52
200,4.086849826853722,3,1.47126593766734,172,249.99114021869352,12,23,0.5217391304347826
110,2.2477674047695473,4,1.9616879168897867,92,249.9891890586972,23,42,0.5476190476190477
339,6.927210456517059,3,1.47126593766734,294,249.94506369840792,9,13,0.6923076923076923
207,4.229889570793603,3,1.47126593766734,144,249.85716423595218,17,22,0.7727272727272727
155,3.167308615811635,3,1.47126593766734,42,249.83772454081787,20,30,0.6666666666666666
340,6.947644705651328,3,1.47126593766734,292,249.74132985826932,9,13,0.6923076923076923
104,2.1251619099639356,4,1.9616879168897867,36,249.72764650125143,30,45,0.6666666666666666
60,1.2260549480561167,6,2.94253187533468,12,249.70964927670602,41,78,0.5256410256410257
198,4.045981328585185,3,1.47126593766734,180,249.4672227899858,12,23,0.5217391304347826
336,6.8659077091142535,3,1.47126593766734,300,249.23324145396822,8,13,0.6153846153846154
256,5.231167778372765,3,1.47126593766734,204,249.19886885417617,12,18,0.6666666666666666
78,1.5938714324729517,4,1.9616879168897867,36,249.02795581892397,34,59,0.576271186440678
196,4.005112830316648,3,1.47126593766734,188,248.76727816586305,12,23,0.5217391304347826
95,1.941253667755518,6,2.94253187533468,22,248.65863295459866,29,49,0.5918367346938775
335,6.845473459979985,3,1.47126593766734,302,248.57368489280748,8,13,0.6153846153846154
238,4.86335129395593,3,1.47126593766734,20,248.5070833988429,13,20,0.65
568,11.606653508264571,20,9.808439584448934,399,248.4971141865224,3,8,0.375
51,1.0421467058476992,8,3.9233758337795734,3,248.386110691241,53,91,0.5824175824175825
279,5.701155508460943,3,1.47126593766734,135,248.04123198038948,14,17,0.8235294117647058
334,6.825039210845716,3,1.47126593766734,304,248.02173139214807,8,13,0.6153846153846154
171,3.4942566019599326,3,1.47126593766734,117,247.96426629721407,15,27,0.5555555555555556
332,6.784170712577179,3,1.47126593766734,308,247.91185050598466,7,14,0.5
154,3.146874366677366,3,1.47126593766734,48,247.8768531169502,20,30,0.6666666666666666
278,5.680721259326674,3,1.47126593766734,138,247.55708846737238,15,17,0.8823529411764706
172,3.514690851094201,3,1.47126593766734,112,247.53590397053733,17,27,0.6296296296296297
160,3.269479861482978,3,1.47126593766734,12,247.52734908015788,17,29,0.5862068965517241
49,1.001278207579162,6,2.94253187533468,41,247.45658102862564,51,94,0.5425531914893617
112,2.2886359030380845,4,1.9616879168897867,76,247.38647093325093,25,41,0.6097560975609756
86,1.7573454255471006,4,1.9616879168897867,26,247.25432827740772,30,54,0.5555555555555556
64,1.3077919445931911,6,2.94253187533468,12,247.22908897150265,42,73,0.5753424657534246
106,2.166030408232473,4,1.9616879168897867,18,247.15999297525573,25,44,0.5681818181818182
103,2.104727660829667,4,1.9616879168897867,45,247.08393059371625,31,45,0.6888888888888889
107,2.1864646573667414,4,1.9616879168897867,9,246.9167301122752,27,44,0.6136363636363636
214,4.372929314733483,3,1.47126593766734,116,246.78890092910646,14,22,0.6363636363636364
173,3.53512510022847,3,1.47126593766734,107,246.3483819658151,18,27,0.6666666666666666
179,3.6577305950340815,3,1.47126593766734,77,246.27551212842548,14,26,0.5384615384615384
136,2.779057882260531,4,1.9616879168897867,20,246.1999252065859,24,34,0.7058823529411765
66,1.3486604428617284,6,2.94253187533468,48,246.19900028417337,37,70,0.5285714285714286
658,13.445735930348746,12,5.88506375066936,317,246.1317714224552,3,7,0.42857142857142855
227,4.638574553478975,3,1.47126593766734,64,246.11814998539919,13,21,0.6190476190476191
197,4.0255470794509165,3,1.47126593766734,184,245.85731889979198,14,23,0.6086956521739131
190,3.882507335511036,3,1.47126593766734,22,245.7644827189201,15,25,0.6
181,3.6985990933026187,3,1.47126593766734,67,245.56151699997704,16,26,0.6153846153846154
225,4.597706055210438,3,1.47126593766734,72,245.32251243508037,11,21,0.5238095238095238
54,1.103449453250505,6,2.94253187533468,0,245.31464865225087,52,86,0.6046511627906976
191,3.902941584645305,3,1.47126593766734,17,245.26286076411492,16,25,0.64
80,1.634739930741489,4,1.9616879168897867,12,245.23465320161165,34,58,0.5862068965517241
213,4.352495065599214,3,1.47126593766734,120,245.1344259100251,14,22,0.6363636363636364
50,1.0217124567134306,6,2.94253187533468,22,245.0842013609109,55,93,0.5913978494623656
55,1.1238837023847736,6,2.94253187533468,37,244.93660735811906,46,84,0.5476190476190477
70,1.4303974393988028,4,1.9616879168897867,62,244.69445821993725,39,66,0.5909090909090909
61,1.2464891971903853,8,3.9233758337795734,57,244.67029801138366,44,76,0.5789473684210527
93,1.9003851694869809,4,1.9616879168897867,42,244.59974433549613,27,50,0.54
71,1.4508316885330714,4,1.9616879168897867,49,244.38261127909297,39,65,0.6
212,4.332060816464946,3,1.47126593766734,124,244.38205126359108,14,22,0.6363636363636364
720,14.7126593766734,3,1.47126593766734,253,244.18850158373633,3,7,0.42857142857142855
712,14.549185383599252,16,7.846751667559147,255,244.17028088030662,3,7,0.42857142857142855
237,4.842917044821661,3,1.47126593766734,24,244.1651673269014,15,20,0.75
139,2.840360629663337,3,1.47126593766734,138,243.8222752240398,27,33,0.8181818181818182
333,6.804604961711448,3,1.47126593766734,306,243.52722506131767,7,13,0.5384615384615384
96,1.9616879168897867,4,1.9616879168897867,12,243.4730001444022,26,49,0.5306122448979592
113,2.309070152172353,4,1.9616879168897867,68,243.47168944147737,25,41,0.6097560975609756
159,3.2490456123487093,3,1.47126593766734,18,243.13667023092685,18,30,0.6
226,4.618140304344706,3,1.47126593766734,68,243.09188025901858,13,21,0.6190476190476191
140,2.8607948787976056,3,1.47126593766734,132,243.0474156625401,23,33,0.696969696969697
655,13.38443318294594,4,1.9616879168897867,314,242.9152858748111,4,7,0.5714285714285714
158,3.2286113632144406,3,1.47126593766734,24,242.52796927336067,20,30,0.6666666666666666
124,2.533846892649308,3,1.47126593766734,104,242.42974762106465,19,37,0.5135135135135135
97,1.9821221660240553,4,1.9616879168897867,2,242.3443856503414,26,48,0.5416666666666666
578,11.810995999607258,3,1.47126593766734,395,242.29686970707394,3,8,0.375
123,2.5134126435150392,3,1.47126593766734,111,241.92896972595483,19,37,0.5135135135135135
125,2.5542811417835765,3,1.47126593766734,97,241.83050989560445,17,37,0.4594594594594595
221,4.515969058673363,3,1.47126593766734,88,241.78272626619778,13,21,0.6190476190476191
91,1.8595166712184437,4,1.9616879168897867,62,241.65353548816574,32,51,0.6274509803921569
75,1.5325686850701459,4,1.9616879168897867,72,241.59003419294046,34,61,0.5573770491803278
182,3.7190333424368873,3,1.47126593766734,62,241.52238835894025,16,26,0.6153846153846154
98,2.002556415158324,4,1.9616879168897867,90,241.491252145601,25,47,0.5319148936170213
67,1.369094691995997,6,2.94253187533468,34,241.48353233558453,37,69,0.5362318840579711
165,3.371651107154321,3,1.47126593766734,147,241.4727393249383,15,28,0.5357142857142857
577,11.790561750472989,3,1.47126593766734,396,241.2930784154118,3,8,0.375
68,1.3895289411302656,6,2.94253187533468,20,240.8324376409839,41,68,0.6029411764705882
183,3.739467591571156,3,1.47126593766734,57,240.64380432697916,17,26,0.6538461538461539
224,4.577271806076169,3,1.47126593766734,76,240.2696006119106,14,21,0.6666666666666666
131,2.676886636589188,3,1.47126593766734,55,240.04368190836524,19,35,0.5428571428571428
127,2.5951496400521137,3,1.47126593766734,83,239.91700001958876,18,36,0.5
116,2.370372899575159,3,1.47126593766734,44,239.3974390328265,21,40,0.525
52,1.0625809549819678,6,2.94253187533468,36,239.2190814365523,55,89,0.6179775280898876
657,13.425301681214478,20,9.808439584448934,322,239.07238677725286,3,7,0.42857142857142855
111,2.268201653903816,4,1.9616879168897867,84,239.0611455596464,22,41,0.5365853658536586
109,2.2273331556352787,3,1.47126593766734,100,239.0098143834521,20,42,0.47619047619047616
53,1.0830152041162364,6,2.94253187533468,18,238.3792660337335,53,88,0.6022727272727273
85,1.736911176412832,4,1.9616879168897867,37,238.21783545280306,31,55,0.5636363636363636
126,2.574715390917845,3,1.47126593766734,90,238.13394517761392,18,37,0.4864864864864865
69,1.4099631902645342,4,1.9616879168897867,6,237.97331224544197,39,68,0.5735294117647058
65,1.3282261937274598,4,1.9616879168897867,62,237.7795975568932,39,71,0.5492957746478874
84,1.7164769272785634,4,1.9616879168897867,48,237.72523021466077,31,55,0.5636363636363636
170,3.473822352825664,3,1.47126593766734,122,237.68333309486127,17,27,0.6296296296296297
122,2.4929783943807706,3,1.47126593766734,118,237.39160749405906,22,38,0.5789473684210527
56,1.1443179515190423,6,2.94253187533468,20,237.3030448851771,50,83,0.6024096385542169
223,4.5568375569419,3,1.47126593766734,80,237.19606986257511,14,21,0.6666666666666666
74,1.5121344359358773,4,1.9616879168897867,10,237.14964068576438,39,63,0.6190476190476191
169,3.4533881036913954,3,1.47126593766734,127,237.07674092334858,17,27,0.6296296296296297
120,2.4521098961122334,3,1.47126593766734,12,236.88785893938075,22,39,0.5641025641025641
83,1.6960426781442948,4,1.9616879168897867,59,236.6361048424574,30,56,0.5357142857142857
568,11.606653508264571,16,7.846751667559147,399,236.1568775856166,3,8,0.375
132,2.6973208857234567,3,1.47126593766734,48,235.8997870077995,18,35,0.5142857142857142
129,2.636018138320651,3,1.47126593766734,69,235.6241125476975,24,36,0.6666666666666666
118,2.411241397843696,3,1.47126593766734,28,235.61101490176512,22,40,0.55
59,1.205620698921848,4,1.9616879168897867,28,235.4101013977252,38,79,0.4810126582278481
222,4.536403307807632,3,1.47126593766734,84,235.3390798632028,13,21,0.6190476190476191
99,2.0229906642925926,3,1.47126593766734,81,234.95887626291307,23,46,0.5
72,1.47126593766734,3,1.47126593766734,36,234.85330336789212,34,64,0.53125
166,3.3920853562885895,3,1.47126593766734,142,234.07765740703454,17,28,0.6071428571428571
130,2.6564523874549195,3,1.47126593766734,62,233.9805904573894,23,36,0.6388888888888888
57,1.1647522006533109,4,1.9616879168897867,3,233.9760736444342,41,82,0.5
114,2.3295044013066217,3,1.47126593766734,60,233.95482296327336,21,41,0.5121951219512195
168,3.4329538545571268,3,1.47126593766734,132,233.78897749226704,17,27,0.6296296296296297
51,1.0421467058476992,6,2.94253187533468,3,233.51185110160114,53,91,0.5824175824175825
79,1.6143056816072203,4,1.9616879168897867,24,233.41166408893505,39,59,0.6610169491525424
62,1.266923446324654,4,1.9616879168897867,42,233.30765493725164,40,75,0.5333333333333333
58,1.1851864497875795,4,1.9616879168897867,44,233.138067597121,42,80,0.525
95,1.941253667755518,4,1.9616879168897867,22,233.0510741376817,29,49,0.5918367346938775
89,1.8186481729499064,3,1.47126593766734,82,232.76265273140282,26,52,0.5
115,2.3499386504408903,3,1.47126593766734,52,232.52578978945118,24,40,0.6
138,2.8199263805290684,3,1.47126593766734,6,232.21942584806544,23,34,0.6764705882352942
108,2.20689890650101,3,1.47126593766734,0,232.10439712287862,23,43,0.5348837209302325
92,1.8799509203527123,3,1.47126593766734,52,232.0111218056855,26,50,0.52
63,1.2873576954589225,4,1.9616879168897867,27,231.4701778063149,41,74,0.5540540540540541
60,1.2260549480561167,4,1.9616879168897867,12,231.41815499443044,41,78,0.5256410256410257
167,3.412519605422858,3,1.47126593766734,137,231.19108277742808,18,27,0.6666666666666666
102,2.0842934116953984,3,1.47126593766734,54,231.15236247357592,25,45,0.5555555555555556
133,2.7177551348577254,3,1.47126593766734,41,230.52468188238225,19,35,0.5428571428571428
61,1.2464891971903853,6,2.94253187533468,57,230.4457693900958,44,76,0.5789473684210527
101,2.06385916256113,3,1.47126593766734,63,230.13815130682613,23,46,0.5
119,2.431675646977965,3,1.47126593766734,20,229.9243119305042,22,39,0.5641025641025641
90,1.839082422084175,3,1.47126593766734,72,229.8342034112192,27,51,0.5294117647058824
66,1.3486604428617284,4,1.9616879168897867,48,229.29357616327826,37,70,0.5285714285714286
655,13.38443318294594,3,1.47126593766734,314,229.19731583595575,4,7,0.5714285714285714
117,2.3908071487094276,3,1.47126593766734,36,228.8175861592745,25,40,0.625
64,1.3077919445931911,4,1.9616879168897867,12,228.7087479442159,42,73,0.5753424657534246
134,2.738189383991994,3,1.47126593766734,34,228.58198428912573,20,35,0.5714285714285714
77,1.573437183338683,3,1.47126593766734,48,228.41340363805915,36,60,0.6
128,2.6155838891863823,3,1.47126593766734,76,228.22225100074215,23,36,0.6388888888888888
88,1.7982139238156378,3,1.47126593766734,4,227.89365026336128,26,53,0.49056603773584906
94,1.9208194186212495,3,1.47126593766734,32,227.60089167864132,23,49,0.46938775510204084
100,2.043424913426861,3,1.47126593766734,72,227.34514341986798,26,46,0.5652173913043478
137,2.7994921313948,3,1.47126593766734,13,227.05961217459765,23,34,0.6764705882352942
121,2.472544145246502,3,1.47126593766734,4,226.96770216252827,23,39,0.5897435897435898
49,1.001278207579162,4,1.9616879168897867,41,226.89550469870397,51,94,0.5425531914893617
135,2.7586236331262626,3,1.47126593766734,27,226.68334359297512,19,35,0.5428571428571428
87,1.7777796746813692,3,1.47126593766734,15,226.40289702073952,28,54,0.5185185185185185
55,1.1238837023847736,4,1.9616879168897867,37,226.05748375072127,46,84,0.5476190476190477
54,1.103449453250505,4,1.9616879168897867,0,225.98685504022563,52,86,0.6046511627906976
712,14.549185383599252,12,5.88506375066936,255,225.82937583286937,3,7,0.42857142857142855
67,1.369094691995997,4,1.9616879168897867,34,225.54408029966382,37,69,0.5362318840579711
68,1.3895289411302656,4,1.9616879168897867,20,225.14313307040942,41,68,0.6029411764705882
110,2.2477674047695473,3,1.47126593766734,92,223.88796385700365,23,42,0.5476190476190477
105,2.1455961590982042,3,1.47126593766734,27,223.74452607137252,25,44,0.5681818181818182
50,1.0217124567134306,4,1.9616879168897867,22,223.73506530510426,55,93,0.5913978494623656
82,1.6756084290100262,3,1.47126593766734,70,223.5413336657541,29,56,0.5178571428571429
719,14.692225127539132,12,5.88506375066936,257,223.5193543494062,3,7,0.42857142857142855
73,1.4917001868016087,3,1.47126593766734,23,223.12863869116467,35,64,0.546875
76,1.5530029342044145,3,1.47126593766734,60,222.93618945464786,36,61,0.5901639344262295
81,1.6551741798757575,3,1.47126593766734,0,222.85367563373654,35,58,0.603448275862069
104,2.1251619099639356,3,1.47126593766734,36,222.82430054808603,30,45,0.6666666666666666
112,2.2886359030380845,3,1.47126593766734,76,221.3076863580254,25,41,0.6097560975609756
136,2.779057882260531,3,1.47126593766734,20,221.20835699823635,24,34,0.7058823529411765
78,1.5938714324729517,3,1.47126593766734,36,220.97159494367952,34,59,0.576271186440678
106,2.166030408232473,3,1.47126593766734,18,220.85739556361494,25,44,0.5681818181818182
107,2.1864646573667414,3,1.47126593766734,9,219.81022350268927,27,44,0.6136363636363636
86,1.7573454255471006,3,1.47126593766734,26,219.79626829595384,30,54,0.5555555555555556
103,2.104727660829667,3,1.47126593766734,45,219.76599270374186,31,45,0.6888888888888889
52,1.0625809549819678,4,1.9616879168897867,36,219.67104698746843,55,89,0.6179775280898876
568,11.606653508264571,12,5.88506375066936,399,219.40093656997357,3,8,0.375
53,1.0830152041162364,4,1.9616879168897867,18,219.36696182296072,53,88,0.6022727272727273
93,1.9003851694869809,3,1.47126593766734,42,219.09572915422237,27,50,0.54
113,2.309070152172353,3,1.47126593766734,68,218.93936710039895,25,41,0.6097560975609756
56,1.1443179515190423,4,1.9616879168897867,20,217.93827962025426,50,83,0.6024096385542169
80,1.634739930741489,3,1.47126593766734,12,217.8140808843129,34,58,0.5862068965517241
96,1.9616879168897867,3,1.47126593766734,12,217.59680191932006,26,49,0.5306122448979592
70,1.4303974393988028,3,1.47126593766734,62,217.47772300743617,39,66,0.5909090909090909
71,1.4508316885330714,3,1.47126593766734,49,216.99031801304167,39,65,0.6
97,1.9821221660240553,3,1.47126593766734,2,216.35518143927533,26,48,0.5416666666666666
51,1.0421467058476992,4,1.9616879168897867,3,215.42146123134955,53,91,0.5824175824175825
98,2.002556415158324,3,1.47126593766734,90,215.30650717230137,25,47,0.5319148936170213
91,1.8595166712184437,3,1.47126593766734,62,214.92345158826635,32,51,0.6274509803921569
111,2.268201653903816,3,1.47126593766734,84,214.39304020040237,22,41,0.5365853658536586
75,1.5325686850701459,3,1.47126593766734,72,214.2834354209945,34,61,0.5573770491803278
61,1.2464891971903853,4,1.9616879168897867,57,213.4758896187431,44,76,0.5789473684210527
69,1.4099631902645342,3,1.47126593766734,6,210.83107060825122,39,68,0.5735294117647058
85,1.736911176412832,3,1.47126593766734,37,210.4030873993348,31,55,0.5636363636363636
84,1.7164769272785634,3,1.47126593766734,48,210.26444750969452,31,55,0.5636363636363636
65,1.3282261937274598,3,1.47126593766734,62,210.23476043136742,39,71,0.5492957746478874
83,1.6960426781442948,3,1.47126593766734,59,209.1522245847952,30,56,0.5357142857142857
74,1.5121344359358773,3,1.47126593766734,10,209.0902003796619,39,63,0.6190476190476191
712,14.549185383599252,8,3.9233758337795734,255,208.43452541891094,3,7,0.42857142857142855
59,1.205620698921848,3,1.47126593766734,28,207.74809634928587,38,79,0.4810126582278481
58,1.1851864497875795,3,1.47126593766734,44,206.98631477122228,42,80,0.525
57,1.1647522006533109,3,1.47126593766734,3,206.8555278111026,41,82,0.5
62,1.266923446324654,3,1.47126593766734,42,206.43688346771395,40,75,0.5333333333333333
656,13.40486743208021,16,7.846751667559147,310,206.14037188709807,3,7,0.42857142857142855
95,1.941253667755518,3,1.47126593766734,22,205.70431724643623,29,49,0.5918367346938775
79,1.6143056816072203,3,1.47126593766734,24,203.90166775033154,39,59,0.6610169491525424
60,1.2260549480561167,3,1.47126593766734,12,203.88853511870718,41,78,0.5256410256410257
568,11.606653508264571,8,3.9233758337795734,399,202.84997917743527,3,8,0.375
63,1.2873576954589225,3,1.47126593766734,27,202.22959520614688,41,74,0.5540540540540541
66,1.3486604428617284,3,1.47126593766734,48,201.54499455041082,37,70,0.5285714285714286
576,11.77012750133872,8,3.9233758337795734,399,200.61177376877365,3,8,0.375
712,14.549185383599252,6,2.94253187533468,255,200.40547680516806,3,7,0.42857142857142855
64,1.3077919445931911,3,1.47126593766734,12,200.38843513346325,42,73,0.5753424657534246
68,1.3895289411302656,3,1.47126593766734,20,198.18873458931478,41,68,0.6029411764705882
67,1.369094691995997,3,1.47126593766734,34,197.8742364700599,37,69,0.5362318840579711
49,1.001278207579162,3,1.47126593766734,41,197.1972104758787,51,94,0.5425531914893617
55,1.1238837023847736,3,1.47126593766734,37,197.00377313121936,46,84,0.5476190476190477
54,1.103449453250505,3,1.47126593766734,0,196.55389101876924,52,86,0.6046511627906976
568,11.606653508264571,6,2.94253187533468,399,195.17398156701017,3,8,0.375
50,1.0217124567134306,3,1.47126593766734,22,194.19421295022036,55,93,0.5913978494623656
718,14.671790878404863,16,7.846751667559147,261,193.01671041115057,3,7,0.42857142857142855
712,14.549185383599252,4,1.9616879168897867,255,192.79378028785425,3,7,0.42857142857142855
52,1.0625809549819678,3,1.47126593766734,36,191.42858831033084,55,89,0.6179775280898876
53,1.0830152041162364,3,1.47126593766734,18,191.28750695015503,53,88,0.6022727272727273
656,13.40486743208021,12,5.88506375066936,310,190.17642665658903,3,7,0.42857142857142855
56,1.1443179515190423,3,1.47126593766734,20,189.48742280184763,50,83,0.6024096385542169
568,11.606653508264571,4,1.9616879168897867,399,187.70584449277675,3,8,0.375
61,1.2464891971903853,3,1.47126593766734,57,186.52668741355916,44,76,0.5789473684210527
658,13.445735930348746,8,3.9233758337795734,317,186.4054037061059,3,7,0.42857142857142855
51,1.0421467058476992,3,1.47126593766734,3,185.71658013561114,53,91,0.5824175824175825
575,11.749693252204452,16,7.846751667559147,404,180.198217471923,3,8,0.375
712,14.549185383599252,3,1.47126593766734,255,178.63656361854967,3,7,0.42857142857142855
655,13.38443318294594,20,9.808439584448934,308,175.96460743742048,3,7,0.42857142857142855
576,11.77012750133872,6,2.94253187533468,399,174.857769983375,3,8,0.375
656,13.40486743208021,8,3.9233758337795734,310,174.31163493598572,3,7,0.42857142857142855
568,11.606653508264571,3,1.47126593766734,399,173.21330625252332,3,8,0.375
656,13.40486743208021,6,2.94253187533468,310,166.4269428748192,3,7,0.42857142857142855
656,13.40486743208021,20,9.808439584448934,464,162.24448915501708,5,7,0.7142857142857143
658,13.445735930348746,6,2.94253187533468,317,162.1500658164954,3,7,0.42857142857142855
713,14.56961963273352,20,9.808439584448934,249,161.11452182578176,3,7,0.42857142857142855
656,13.40486743208021,4,1.9616879168897867,310,158.1957307047155,3,7,0.42857142857142855
713,14.56961963273352,16,7.846751667559147,249,155.7815334782274,3,7,0.42857142857142855
576,11.77012750133872,4,1.9616879168897867,399,155.03597290588996,3,8,0.375
657,13.425301681214478,16,7.846751667559147,461,152.18606278322662,5,7,0.7142857142857143
713,14.56961963273352,12,5.88506375066936,249,149.8436246601294,3,7,0.42857142857142855
658,13.445735930348746,4,1.9616879168897867,317,143.47553580445276,3,7,0.42857142857142855
713,14.56961963273352,8,3.9233758337795734,249,142.10746936593938,3,7,0.42857142857142855
717,14.651356629270595,20,9.808439584448934,265,141.80007902500375,3,7,0.42857142857142855
656,13.40486743208021,3,1.47126593766734,310,141.3995391398246,3,7,0.42857142857142855
713,14.56961963273352,6,2.94253187533468,249,136.80050700036762,3,7,0.42857142857142855
657,13.425301681214478,12,5.88506375066936,461,135.7383235203586,5,7,0.7142857142857143
714,14.590053881867789,16,7.846751667559147,398,135.5458225411431,3,6,0.5
657,13.425301681214478,8,3.9233758337795734,304,134.3666582414835,3,7,0.42857142857142855
716,14.630922380136326,3,1.47126593766734,270,133.89356024697346,3,7,0.42857142857142855
657,13.425301681214478,6,2.94253187533468,304,130.47120128617888,3,7,0.42857142857142855
713,14.56961963273352,4,1.9616879168897867,249,130.29607971220696,3,7,0.42857142857142855
714,14.590053881867789,12,5.88506375066936,398,125.93885182283093,3,6,0.5
657,13.425301681214478,4,1.9616879168897867,304,125.05715486170942,3,7,0.42857142857142855
569,11.62708775739884,16,7.846751667559147,392,124.24552808184106,3,8,0.375
569,11.62708775739884,20,9.808439584448934,392,124.2048176192556,3,8,0.375
575,11.749693252204452,3,1.47126593766734,411,123.85245003272638,3,8,0.375
717,14.651356629270595,3,1.47126593766734,269,123.59876532167007,4,7,0.5714285714285714
569,11.62708775739884,12,5.88506375066936,392,123.39034794194438,3,8,0.375
718,14.671790878404863,3,1.47126593766734,268,123.09645921808908,4,7,0.5714285714285714
719,14.692225127539132,8,3.9233758337795734,257,122.96332557938192,3,7,0.42857142857142855
713,14.56961963273352,3,1.47126593766734,249,121.3206267934236,3,7,0.42857142857142855
569,11.62708775739884,8,3.9233758337795734,392,120.74437330540823,3,8,0.375
574,11.729259003070183,3,1.47126593766734,412,120.32817732277125,3,8,0.375
716,14.630922380136326,4,1.9616879168897867,270,119.42500151182982,3,7,0.42857142857142855
657,13.425301681214478,3,1.47126593766734,304,117.44124451444134,3,7,0.42857142857142855
569,11.62708775739884,6,2.94253187533468,392,117.14994461949738,3,8,0.375
576,11.77012750133872,3,1.47126593766734,410,113.73720079309292,4,8,0.5
719,14.692225127539132,3,1.47126593766734,267,113.18976196979678,5,7,0.7142857142857143
716,14.630922380136326,6,2.94253187533468,270,113.15731830337346,3,7,0.42857142857142855
569,11.62708775739884,4,1.9616879168897867,392,111.79084556798419,3,8,0.375
717,14.651356629270595,4,1.9616879168897867,269,110.23902588452077,4,7,0.5714285714285714
718,14.671790878404863,4,1.9616879168897867,268,110.11125709786006,4,7,0.5714285714285714
575,11.749693252204452,4,1.9616879168897867,411,109.69975866317385,3,8,0.375
714,14.590053881867789,8,3.9233758337795734,398,108.25160454790355,3,6,0.5
570,11.647522006533109,20,9.808439584448934,546,106.55436281676266,3,8,0.375
717,14.651356629270595,6,2.94253187533468,269,105.70980215179502,4,7,0.5714285714285714
718,14.671790878404863,6,2.94253187533468,268,105.53922114193817,4,7,0.5714285714285714
574,11.729259003070183,4,1.9616879168897867,412,105.43127435760027,3,8,0.375
571,11.667956255667377,20,9.808439584448934,543,104.871251918504,3,8,0.375
569,11.62708775739884,3,1.47126593766734,392,103.74301687751098,3,8,0.375
570,11.647522006533109,16,7.846751667559147,546,102.28893236569243,3,8,0.375
719,14.692225127539132,4,1.9616879168897867,267,102.19141826875769,5,7,0.7142857142857143
575,11.749693252204452,6,2.94253187533468,411,100.82886771338545,3,8,0.375
571,11.667956255667377,16,7.846751667559147,543,99.94105677194852,3,8,0.375
719,14.692225127539132,6,2.94253187533468,267,98.67068997139519,5,7,0.7142857142857143
574,11.729259003070183,6,2.94253187533468,412,97.40136240357026,3,8,0.375
574,11.729259003070183,20,9.808439584448934,555,94.86000302179261,3,8,0.375
714,14.590053881867789,6,2.94253187533468,398,94.8175287061923,3,6,0.5
716,14.630922380136326,20,9.808439584448934,275,94.22565015304079,3,7,0.42857142857142855
570,11.647522006533109,12,5.88506375066936,546,93.17906924530944,3,8,0.375
715,14.610488131002057,20,9.808439584448934,275,91.77574872750498,3,7,0.42857142857142855
571,11.667956255667377,12,5.88506375066936,543,91.60981394388378,3,8,0.375
716,14.630922380136326,8,3.9233758337795734,270,90.46144344754099,3,7,0.42857142857142855
658,13.445735930348746,3,1.47126593766734,317,87.23337922478328,3,7,0.42857142857142855
717,14.651356629270595,8,3.9233758337795734,269,85.86574164788694,4,7,0.5714285714285714
718,14.671790878404863,8,3.9233758337795734,268,84.28133937114893,4,7,0.5714285714285714
575,11.749693252204452,12,5.88506375066936,550,83.90072266084715,3,8,0.375
714,14.590053881867789,20,9.808439584448934,290,82.26155716541126,3,7,0.42857142857142855
571,11.667956255667377,8,3.9233758337795734,543,79.94929266168778,3,8,0.375
714,14.590053881867789,4,1.9616879168897867,398,79.7849299654735,3,6,0.5
573,11.708824753935914,20,9.808439584448934,560,79.61988971573835,3,8,0.375
570,11.647522006533109,8,3.9233758337795734,546,79.10643088418004,3,8,0.375
718,14.671790878404863,12,5.88506375066936,407,78.49344902934479,3,6,0.5
574,11.729259003070183,16,7.846751667559147,555,76.9649379039403,3,8,0.375
575,11.749693252204452,8,3.9233758337795734,411,76.48519430623043,3,8,0.375
716,14.630922380136326,16,7.846751667559147,275,74.58026545587076,3,7,0.42857142857142855
717,14.651356629270595,16,7.846751667559147,411,73.8424969991273,3,6,0.5
715,14.610488131002057,16,7.846751667559147,275,73.79325890634509,3,7,0.42857142857142855
714,14.590053881867789,3,1.47126593766734,398,73.54484473406731,3,6,0.5
572,11.688390504801646,20,9.808439584448934,275,73.459761459793,3,8,0.375
574,11.729259003070183,8,3.9233758337795734,412,72.6197665672269,3,8,0.375
571,11.667956255667377,6,2.94253187533468,543,71.29018895028825,3,8,0.375
570,11.647522006533109,6,2.94253187533468,546,70.34894962407145,3,8,0.375
573,11.708824753935914,16,7.846751667559147,560,63.9796978752109,3,8,0.375
572,11.688390504801646,16,7.846751667559147,565,62.13221075465705,3,8,0.375
570,11.647522006533109,4,1.9616879168897867,546,61.58681698455708,3,8,0.375
571,11.667956255667377,4,1.9616879168897867,543,60.833603674008764,3,8,0.375
574,11.729259003070183,12,5.88506375066936,555,58.089301644008884,3,8,0.375
717,14.651356629270595,12,5.88506375066936,277,56.697549728765225,4,7,0.5714285714285714
716,14.630922380136326,12,5.88506375066936,280,56.584390658917805,3,7,0.42857142857142855
570,11.647522006533109,3,1.47126593766734,545,56.49738011907813,3,8,0.375
571,11.667956255667377,3,1.47126593766734,543,56.42851795391127,3,8,0.375
715,14.610488131002057,12,5.88506375066936,275,55.11301913145315,3,7,0.42857142857142855
572,11.688390504801646,12,5.88506375066936,565,49.466361691772114,3,8,0.375
573,11.708824753935914,12,5.88506375066936,564,49.275814826263264,3,8,0.375
715,14.610488131002057,8,3.9233758337795734,287,39.47033515646205,4,7,0.5714285714285714
573,11.708824753935914,8,3.9233758337795734,560,38.681190922035384,3,8,0.375
572,11.688390504801646,8,3.9233758337795734,565,37.60221909131398,3,8,0.375
715,14.610488131002057,6,2.94253187533468,287,33.73052046807544,4,7,0.5714285714285714
573,11.708824753935914,6,2.94253187533468,560,32.94863409623098,3,8,0.375
572,11.688390504801646,6,2.94253187533468,565,31.335804686911015,3,8,0.375
715,14.610488131002057,4,1.9616879168897867,419,27.624111165170113,3,6,0.5
573,11.708824753935914,4,1.9616879168897867,560,26.476288235859325,3,8,0.375
572,11.688390504801646,4,1.9616879168897867,565,25.293427122251597,3,8,0.375
715,14.610488131002057,3,1.47126593766734,419,23.790906057863108,3,6,0.5
573,11.708824753935914,3,1.47126593766734,560,22.318585122340593,3,8,0.375
572,11.688390504801646,3,1.47126593766734,565,21.419164043153614,3,8,0.375
