run_id,config_hash,star_id,stage,injection_id,treatment,detector,null_trial,status,runtime_seconds,updated_at,error
demo50_bf157dd78dfbaf8f,bf157dd78dfbaf8f,kic_10677499_q5,data_fetch,,,,,complete_cached,,2026-08-20T21:12:18+00:00,
demo50_bf157dd78dfbaf8f,bf157dd78dfbaf8f,kic_10677499_q5,null_trial,,,,0.0,complete,55.98829474998638,2026-08-20T21:13:15+00:00,
demo50_bf157dd78dfbaf8f,bf157dd78dfbaf8f,kic_10677499_q5,null_trial,,,,1.0,complete,55.64180533308536,2026-08-20T21:14:11+00:00,
demo50_bf157dd78dfbaf8f,bf157dd78dfbaf8f,kic_10677499_q5,null_trial,,,,2.0,complete,48.87053475016728,2026-08-20T21:15:00+00:00,
demo50_bf157dd78dfbaf8f,bf157dd78dfbaf8f,kic_10677499_q5,null_trial,,,,3.0,complete,45.997268832754344,2026-08-20T21:15:46+00:00,
demo50_bf157dd78dfbaf8f,bf157dd78dfbaf8f,kic_10677499_q5,null_trial,,,,4.0,complete,45.216135459020734,2026-08-20T21:16:31+00:00,
demo50_bf157dd78dfbaf8f,bf157dd78dfbaf8f,kic_10677499_q5,null_trial,,,,5.0,complete,45.26888024993241,2026-08-20T21:17:16+00:00,
demo50_bf157dd78dfbaf8f,bf157dd78dfbaf8f,kic_10677499_q5,null_trial,,,,6.0,complete,45.648835625033826,2026-08-20T21:18:02+00:00,
demo50_bf157dd78dfbaf8f,bf157dd78dfbaf8f,kic_10677499_q5,null_trial,,,,7.0,complete,45.79140312504023,2026-08-20T21:18:47+00:00,
demo50_bf157dd78dfbaf8f,bf157dd78dfbaf8f,kic_10677499_q5,null_trial,,,,8.0,complete,46.61133854230866,2026-08-20T21:19:34+00:00,
demo50_bf157dd78dfbaf8f,bf157dd78dfbaf8f,kic_10677499_q5,null_trial,,,,9.0,complete,45.53047749958933,2026-08-20T21:20:20+00:00,
demo50_bf157dd78dfbaf8f,bf157dd78dfbaf8f,kic_10677499_q5,null_trial,,,,10.0,complete,45.52811779128387,2026-08-20T21:21:05+00:00,
demo50_bf157dd78dfbaf8f,bf157dd78dfbaf8f,kic_10677499_q5,null_trial,,,,11.0,complete,45.388599541038275,2026-08-20T21:21:50+00:00,
demo50_bf157dd78dfbaf8f,bf157dd78dfbaf8f,kic_10677499_q5,null_trial,,,,12.0,complete,45.19974595773965,2026-08-20T21:22:36+00:00,
demo50_bf157dd78dfbaf8f,bf157dd78dfbaf8f,kic_10677499_q5,null_trial,,,,13.0,complete,45.50762841710821,2026-08-20T21:23:21+00:00,
demo50_bf157dd78dfbaf8f,bf157dd78dfbaf8f,kic_10677499_q5,null_trial,,,,14.0,complete,45.68667062511667,2026-08-20T21:24:07+00:00,
demo50_bf157dd78dfbaf8f,bf157dd78dfbaf8f,kic_10677499_q5,null_trial,,,,15.0,complete,45.90274824993685,2026-08-20T21:24:53+00:00,
demo50_bf157dd78dfbaf8f,bf157dd78dfbaf8f,kic_10677499_q5,null_trial,,,,16.0,complete,46.69486975017935,2026-08-20T21:25:39+00:00,
demo50_bf157dd78dfbaf8f,bf157dd78dfbaf8f,kic_10677499_q5,null_trial,,,,17.0,complete,46.53116754209623,2026-08-20T21:26:26+00:00,
demo50_bf157dd78dfbaf8f,bf157dd78dfbaf8f,kic_10677499_q5,null_trial,,,,18.0,complete,45.86941029224545,2026-08-20T21:27:12+00:00,
demo50_bf157dd78dfbaf8f,bf157dd78dfbaf8f,kic_10677499_q5,null_trial,,,,19.0,complete,46.32484950032085,2026-08-20T21:27:58+00:00,
demo50_bf157dd78dfbaf8f,bf157dd78dfbaf8f,kic_10677499_q5,null_trial,,,,20.0,complete,47.40206345822662,2026-08-20T21:28:46+00:00,
demo50_bf157dd78dfbaf8f,bf157dd78dfbaf8f,kic_10677499_q5,null_trial,,,,21.0,complete,48.1266936250031,2026-08-20T21:29:34+00:00,
demo50_bf157dd78dfbaf8f,bf157dd78dfbaf8f,kic_10677499_q5,null_trial,,,,22.0,complete,46.145854874979705,2026-08-20T21:30:20+00:00,
demo50_bf157dd78dfbaf8f,bf157dd78dfbaf8f,kic_10677499_q5,null_trial,,,,23.0,complete,46.17931149993092,2026-08-20T21:31:06+00:00,
demo50_bf157dd78dfbaf8f,bf157dd78dfbaf8f,kic_10677499_q5,null_trial,,,,24.0,complete,45.62709324993193,2026-08-20T21:31:52+00:00,
demo50_bf157dd78dfbaf8f,bf157dd78dfbaf8f,kic_10677499_q5,null_trial,,,,25.0,complete,45.998330832924694,2026-08-20T21:32:38+00:00,
demo50_bf157dd78dfbaf8f,bf157dd78dfbaf8f,kic_10677499_q5,null_trial,,,,26.0,complete,45.97437879117206,2026-08-20T21:33:24+00:00,
demo50_bf157dd78dfbaf8f,bf157dd78dfbaf8f,kic_10677499_q5,null_trial,,,,27.0,complete,45.62487041624263,2026-08-20T21:34:09+00:00,
demo50_bf157dd78dfbaf8f,bf157dd78dfbaf8f,kic_10677499_q5,null_trial,,,,28.0,complete,45.45117654185742,2026-08-20T21:34:55+00:00,
demo50_bf157dd78dfbaf8f,bf157dd78dfbaf8f,kic_10677499_q5,null_trial,,,,29.0,complete,45.70838874997571,2026-08-20T21:35:40+00:00,
demo50_bf157dd78dfbaf8f,bf157dd78dfbaf8f,kic_10677499_q5,null_trial,,,,30.0,complete,45.58580312458798,2026-08-20T21:36:26+00:00,
demo50_bf157dd78dfbaf8f,bf157dd78dfbaf8f,kic_10677499_q5,null_trial,,,,31.0,complete,45.06662308285013,2026-08-20T21:37:11+00:00,
demo50_bf157dd78dfbaf8f,bf157dd78dfbaf8f,kic_10677499_q5,null_trial,,,,32.0,complete,45.93694500019774,2026-08-20T21:37:57+00:00,
demo50_bf157dd78dfbaf8f,bf157dd78dfbaf8f,kic_10677499_q5,null_trial,,,,33.0,complete,46.04076895816251,2026-08-20T21:38:43+00:00,
demo50_bf157dd78dfbaf8f,bf157dd78dfbaf8f,kic_10677499_q5,null_trial,,,,34.0,complete,45.73098941706121,2026-08-20T21:39:29+00:00,
demo50_bf157dd78dfbaf8f,bf157dd78dfbaf8f,kic_10677499_q5,null_trial,,,,35.0,complete,45.817059374880046,2026-08-20T21:40:15+00:00,
demo50_bf157dd78dfbaf8f,bf157dd78dfbaf8f,kic_10677499_q5,null_trial,,,,36.0,complete,45.671015500091016,2026-08-20T21:41:00+00:00,
demo50_bf157dd78dfbaf8f,bf157dd78dfbaf8f,kic_10677499_q5,null_trial,,,,37.0,complete,46.249417500104755,2026-08-20T21:41:47+00:00,
demo50_bf157dd78dfbaf8f,bf157dd78dfbaf8f,kic_10677499_q5,null_trial,,,,38.0,complete,46.09760787524283,2026-08-20T21:42:33+00:00,
demo50_bf157dd78dfbaf8f,bf157dd78dfbaf8f,kic_10677499_q5,null_trial,,,,39.0,complete,46.13812241703272,2026-08-20T21:43:19+00:00,
demo50_bf157dd78dfbaf8f,bf157dd78dfbaf8f,kic_10677499_q5,null_trial,,,,40.0,complete,45.83982424996793,2026-08-20T21:44:05+00:00,
demo50_bf157dd78dfbaf8f,bf157dd78dfbaf8f,kic_10677499_q5,null_trial,,,,41.0,complete,45.38149412488565,2026-08-20T21:44:50+00:00,
demo50_bf157dd78dfbaf8f,bf157dd78dfbaf8f,kic_10677499_q5,null_trial,,,,42.0,complete,46.18009741604328,2026-08-20T21:45:36+00:00,
demo50_bf157dd78dfbaf8f,bf157dd78dfbaf8f,kic_10677499_q5,null_trial,,,,43.0,complete,46.34183641709387,2026-08-20T21:46:23+00:00,
demo50_bf157dd78dfbaf8f,bf157dd78dfbaf8f,kic_10677499_q5,null_trial,,,,44.0,complete,45.52533800015226,2026-08-20T21:47:08+00:00,
demo50_bf157dd78dfbaf8f,bf157dd78dfbaf8f,kic_10677499_q5,null_trial,,,,45.0,complete,46.18634420866147,2026-08-20T21:47:54+00:00,
demo50_bf157dd78dfbaf8f,bf157dd78dfbaf8f,kic_10677499_q5,null_trial,,,,46.0,complete,45.90255070803687,2026-08-20T21:48:40+00:00,
demo50_bf157dd78dfbaf8f,bf157dd78dfbaf8f,kic_10677499_q5,null_trial,,,,47.0,complete,45.640925333835185,2026-08-20T21:49:26+00:00,
demo50_bf157dd78dfbaf8f,bf157dd78dfbaf8f,kic_10677499_q5,null_trial,,,,48.0,complete,45.87909879162907,2026-08-20T21:50:12+00:00,
demo50_bf157dd78dfbaf8f,bf157dd78dfbaf8f,kic_10677499_q5,null_trial,,,,49.0,complete,45.88193625025451,2026-08-20T21:50:58+00:00,
demo50_bf157dd78dfbaf8f,bf157dd78dfbaf8f,kic_10677499_q5,null_trial,,,,50.0,complete,45.520427541807294,2026-08-20T21:51:43+00:00,
demo50_bf157dd78dfbaf8f,bf157dd78dfbaf8f,kic_10677499_q5,null_trial,,,,51.0,complete,45.741878792177886,2026-08-20T21:52:29+00:00,
demo50_bf157dd78dfbaf8f,bf157dd78dfbaf8f,kic_10677499_q5,null_trial,,,,52.0,complete,45.26082699978724,2026-08-20T21:53:14+00:00,
demo50_bf157dd78dfbaf8f,bf157dd78dfbaf8f,kic_10677499_q5,null_trial,,,,53.0,complete,45.445115874987096,2026-08-20T21:54:00+00:00,
demo50_bf157dd78dfbaf8f,bf157dd78dfbaf8f,kic_10677499_q5,null_trial,,,,54.0,complete,45.474741666112095,2026-08-20T21:54:45+00:00,
demo50_bf157dd78dfbaf8f,bf157dd78dfbaf8f,kic_10677499_q5,null_trial,,,,55.0,complete,46.35724999988451,2026-08-20T21:55:31+00:00,
demo50_bf157dd78dfbaf8f,bf157dd78dfbaf8f,kic_10677499_q5,null_trial,,,,56.0,complete,46.01039112498984,2026-08-20T21:56:17+00:00,
demo50_bf157dd78dfbaf8f,bf157dd78dfbaf8f,kic_10677499_q5,null_trial,,,,57.0,complete,45.69397937506437,2026-08-20T21:57:03+00:00,
demo50_bf157dd78dfbaf8f,bf157dd78dfbaf8f,kic_10677499_q5,null_trial,,,,58.0,complete,46.034597790800035,2026-08-20T21:57:49+00:00,
demo50_bf157dd78dfbaf8f,bf157dd78dfbaf8f,kic_10677499_q5,null_trial,,,,59.0,complete,45.425908875186,2026-08-20T21:58:35+00:00,
demo50_bf157dd78dfbaf8f,bf157dd78dfbaf8f,kic_10677499_q5,null_trial,,,,60.0,complete,45.60666066687554,2026-08-20T21:59:20+00:00,
demo50_bf157dd78dfbaf8f,bf157dd78dfbaf8f,kic_10677499_q5,null_trial,,,,61.0,complete,46.11755279172212,2026-08-20T22:00:06+00:00,
demo50_bf157dd78dfbaf8f,bf157dd78dfbaf8f,kic_10677499_q5,null_trial,,,,62.0,complete,45.95661083282903,2026-08-20T22:00:52+00:00,
demo50_bf157dd78dfbaf8f,bf157dd78dfbaf8f,kic_10677499_q5,null_trial,,,,63.0,complete,46.043036208022386,2026-08-20T22:01:38+00:00,
demo50_bf157dd78dfbaf8f,bf157dd78dfbaf8f,kic_10677499_q5,null_trial,,,,64.0,complete,45.908275166060776,2026-08-20T22:02:24+00:00,
demo50_bf157dd78dfbaf8f,bf157dd78dfbaf8f,kic_10677499_q5,null_trial,,,,65.0,complete,45.76577908266336,2026-08-20T22:03:10+00:00,
demo50_bf157dd78dfbaf8f,bf157dd78dfbaf8f,kic_10677499_q5,null_trial,,,,66.0,complete,46.11680704122409,2026-08-20T22:03:56+00:00,
demo50_bf157dd78dfbaf8f,bf157dd78dfbaf8f,kic_10677499_q5,null_trial,,,,67.0,complete,45.4959187079221,2026-08-20T22:04:42+00:00,
demo50_bf157dd78dfbaf8f,bf157dd78dfbaf8f,kic_10677499_q5,null_trial,,,,68.0,complete,46.62780141597614,2026-08-20T22:05:28+00:00,
demo50_bf157dd78dfbaf8f,bf157dd78dfbaf8f,kic_10677499_q5,null_trial,,,,69.0,complete,46.37301150010899,2026-08-20T22:06:15+00:00,
demo50_bf157dd78dfbaf8f,bf157dd78dfbaf8f,kic_10677499_q5,null_trial,,,,70.0,complete,45.76961716590449,2026-08-20T22:07:00+00:00,
demo50_bf157dd78dfbaf8f,bf157dd78dfbaf8f,kic_10677499_q5,null_trial,,,,71.0,complete,46.066866625100374,2026-08-20T22:07:46+00:00,
demo50_bf157dd78dfbaf8f,bf157dd78dfbaf8f,kic_10677499_q5,null_trial,,,,72.0,complete,46.11656466592103,2026-08-20T22:08:33+00:00,
demo50_bf157dd78dfbaf8f,bf157dd78dfbaf8f,kic_10677499_q5,null_trial,,,,73.0,complete,46.10596916731447,2026-08-20T22:09:19+00:00,
demo50_bf157dd78dfbaf8f,bf157dd78dfbaf8f,kic_10677499_q5,null_trial,,,,74.0,complete,46.29628308303654,2026-08-20T22:10:05+00:00,
demo50_bf157dd78dfbaf8f,bf157dd78dfbaf8f,kic_10677499_q5,null_trial,,,,75.0,complete,45.559669832699,2026-08-20T22:10:51+00:00,
demo50_bf157dd78dfbaf8f,bf157dd78dfbaf8f,kic_10677499_q5,null_trial,,,,76.0,complete,46.0525148329325,2026-08-20T22:11:37+00:00,
demo50_bf157dd78dfbaf8f,bf157dd78dfbaf8f,kic_10677499_q5,null_trial,,,,77.0,complete,46.1168268751353,2026-08-20T22:12:23+00:00,
demo50_bf157dd78dfbaf8f,bf157dd78dfbaf8f,kic_10677499_q5,null_trial,,,,78.0,complete,46.031428459100425,2026-08-20T22:13:09+00:00,
demo50_bf157dd78dfbaf8f,bf157dd78dfbaf8f,kic_10677499_q5,null_trial,,,,79.0,complete,45.79749266663566,2026-08-20T22:13:55+00:00,
demo50_bf157dd78dfbaf8f,bf157dd78dfbaf8f,kic_10677499_q5,null_trial,,,,80.0,complete,45.14537658402696,2026-08-20T22:14:40+00:00,
demo50_bf157dd78dfbaf8f,bf157dd78dfbaf8f,kic_10677499_q5,null_trial,,,,81.0,complete,45.76828933367506,2026-08-20T22:15:25+00:00,
demo50_bf157dd78dfbaf8f,bf157dd78dfbaf8f,kic_10677499_q5,null_trial,,,,82.0,complete,46.305574249941856,2026-08-20T22:16:12+00:00,
demo50_bf157dd78dfbaf8f,bf157dd78dfbaf8f,kic_10677499_q5,null_trial,,,,83.0,complete,45.71398383332416,2026-08-20T22:16:57+00:00,
demo50_bf157dd78dfbaf8f,bf157dd78dfbaf8f,kic_10677499_q5,null_trial,,,,84.0,complete,45.28148216707632,2026-08-20T22:17:43+00:00,
demo50_bf157dd78dfbaf8f,bf157dd78dfbaf8f,kic_10677499_q5,null_trial,,,,85.0,complete,45.81777345808223,2026-08-20T22:18:29+00:00,
demo50_bf157dd78dfbaf8f,bf157dd78dfbaf8f,kic_10677499_q5,null_trial,,,,86.0,complete,45.67709520785138,2026-08-20T22:19:14+00:00,
demo50_bf157dd78dfbaf8f,bf157dd78dfbaf8f,kic_10677499_q5,null_trial,,,,87.0,complete,45.6992866252549,2026-08-20T22:20:00+00:00,
demo50_bf157dd78dfbaf8f,bf157dd78dfbaf8f,kic_10677499_q5,null_trial,,,,88.0,complete,46.08034300012514,2026-08-20T22:20:46+00:00,
demo50_bf157dd78dfbaf8f,bf157dd78dfbaf8f,kic_10677499_q5,null_trial,,,,89.0,complete,45.716098667122424,2026-08-20T22:21:32+00:00,
demo50_bf157dd78dfbaf8f,bf157dd78dfbaf8f,kic_10677499_q5,null_trial,,,,90.0,complete,45.94776104204357,2026-08-20T22:22:18+00:00,
demo50_bf157dd78dfbaf8f,bf157dd78dfbaf8f,kic_10677499_q5,null_trial,,,,91.0,complete,45.87036975007504,2026-08-20T22:23:04+00:00,
demo50_bf157dd78dfbaf8f,bf157dd78dfbaf8f,kic_10677499_q5,null_trial,,,,92.0,complete,45.420963124837726,2026-08-20T22:23:49+00:00,
demo50_bf157dd78dfbaf8f,bf157dd78dfbaf8f,kic_10677499_q5,null_trial,,,,93.0,complete,45.68074266705662,2026-08-20T22:24:35+00:00,
demo50_bf157dd78dfbaf8f,bf157dd78dfbaf8f,kic_10677499_q5,null_trial,,,,94.0,complete,45.5615326249972,2026-08-20T22:25:20+00:00,
demo50_bf157dd78dfbaf8f,bf157dd78dfbaf8f,kic_10677499_q5,null_trial,,,,95.0,complete,45.78509412473067,2026-08-20T22:26:06+00:00,
demo50_bf157dd78dfbaf8f,bf157dd78dfbaf8f,kic_10677499_q5,null_trial,,,,96.0,complete,46.14269679225981,2026-08-20T22:26:52+00:00,
demo50_bf157dd78dfbaf8f,bf157dd78dfbaf8f,kic_10677499_q5,null_trial,,,,97.0,complete,45.55762333376333,2026-08-20T22:27:38+00:00,
demo50_bf157dd78dfbaf8f,bf157dd78dfbaf8f,kic_10677499_q5,null_trial,,,,98.0,complete,45.6799544589594,2026-08-20T22:28:23+00:00,
demo50_bf157dd78dfbaf8f,bf157dd78dfbaf8f,kic_10677499_q5,null_trial,,,,99.0,complete,45.65734645910561,2026-08-20T22:29:09+00:00,
demo50_bf157dd78dfbaf8f,bf157dd78dfbaf8f,kic_10677499_q5,star,,,,,complete,,2026-08-20T22:29:09+00:00,
demo50_bf157dd78dfbaf8f,bf157dd78dfbaf8f,kic_2996004_q5,data_fetch,,,,,complete_cached,,2026-08-20T21:12:18+00:00,
demo50_bf157dd78dfbaf8f,bf157dd78dfbaf8f,kic_2996004_q5,null_trial,,,,0.0,complete,58.26711287489161,2026-08-20T21:13:17+00:00,
demo50_bf157dd78dfbaf8f,bf157dd78dfbaf8f,kic_2996004_q5,null_trial,,,,1.0,complete,56.70733545906842,2026-08-20T21:14:14+00:00,
demo50_bf157dd78dfbaf8f,bf157dd78dfbaf8f,kic_2996004_q5,null_trial,,,,2.0,complete,50.08019241690636,2026-08-20T21:15:04+00:00,
demo50_bf157dd78dfbaf8f,bf157dd78dfbaf8f,kic_2996004_q5,null_trial,,,,3.0,complete,47.282386749982834,2026-08-20T21:15:51+00:00,
demo50_bf157dd78dfbaf8f,bf157dd78dfbaf8f,kic_2996004_q5,null_trial,,,,4.0,complete,46.831232249736786,2026-08-20T21:16:38+00:00,
demo50_bf157dd78dfbaf8f,bf157dd78dfbaf8f,kic_2996004_q5,null_trial,,,,5.0,complete,46.388566750101745,2026-08-20T21:17:24+00:00,
demo50_bf157dd78dfbaf8f,bf157dd78dfbaf8f,kic_2996004_q5,null_trial,,,,6.0,complete,47.07692704210058,2026-08-20T21:18:11+00:00,
demo50_bf157dd78dfbaf8f,bf157dd78dfbaf8f,kic_2996004_q5,null_trial,,,,7.0,complete,47.546186791267246,2026-08-20T21:18:59+00:00,
demo50_bf157dd78dfbaf8f,bf157dd78dfbaf8f,kic_2996004_q5,null_trial,,,,8.0,complete,47.59780945815146,2026-08-20T21:19:47+00:00,
demo50_bf157dd78dfbaf8f,bf157dd78dfbaf8f,kic_2996004_q5,null_trial,,,,9.0,complete,47.03481487510726,2026-08-20T21:20:34+00:00,
demo50_bf157dd78dfbaf8f,bf157dd78dfbaf8f,kic_2996004_q5,null_trial,,,,10.0,complete,46.98878162493929,2026-08-20T21:21:21+00:00,
demo50_bf157dd78dfbaf8f,bf157dd78dfbaf8f,kic_2996004_q5,null_trial,,,,11.0,complete,46.73144408268854,2026-08-20T21:22:07+00:00,
demo50_bf157dd78dfbaf8f,bf157dd78dfbaf8f,kic_2996004_q5,null_trial,,,,12.0,complete,46.56249904073775,2026-08-20T21:22:54+00:00,
demo50_bf157dd78dfbaf8f,bf157dd78dfbaf8f,kic_2996004_q5,null_trial,,,,13.0,complete,46.788878416176885,2026-08-20T21:23:41+00:00,
demo50_bf157dd78dfbaf8f,bf157dd78dfbaf8f,kic_2996004_q5,null_trial,,,,14.0,complete,47.12588662467897,2026-08-20T21:24:28+00:00,
demo50_bf157dd78dfbaf8f,bf157dd78dfbaf8f,kic_2996004_q5,null_trial,,,,15.0,complete,47.605083499569446,2026-08-20T21:25:15+00:00,
demo50_bf157dd78dfbaf8f,bf157dd78dfbaf8f,kic_2996004_q5,null_trial,,,,16.0,complete,48.32696083281189,2026-08-20T21:26:04+00:00,
demo50_bf157dd78dfbaf8f,bf157dd78dfbaf8f,kic_2996004_q5,null_trial,,,,17.0,complete,47.29425529204309,2026-08-20T21:26:51+00:00,
demo50_bf157dd78dfbaf8f,bf157dd78dfbaf8f,kic_2996004_q5,null_trial,,,,18.0,complete,47.215520459227264,2026-08-20T21:27:38+00:00,
demo50_bf157dd78dfbaf8f,bf157dd78dfbaf8f,kic_2996004_q5,null_trial,,,,19.0,complete,47.699803084135056,2026-08-20T21:28:26+00:00,
demo50_bf157dd78dfbaf8f,bf157dd78dfbaf8f,kic_2996004_q5,null_trial,,,,20.0,complete,51.15261129196733,2026-08-20T21:29:17+00:00,
demo50_bf157dd78dfbaf8f,bf157dd78dfbaf8f,kic_2996004_q5,null_trial,,,,21.0,complete,47.58837249968201,2026-08-20T21:30:05+00:00,
demo50_bf157dd78dfbaf8f,bf157dd78dfbaf8f,kic_2996004_q5,null_trial,,,,22.0,complete,47.1183378752321,2026-08-20T21:30:52+00:00,
demo50_bf157dd78dfbaf8f,bf157dd78dfbaf8f,kic_2996004_q5,null_trial,,,,23.0,complete,47.05945154093206,2026-08-20T21:31:39+00:00,
demo50_bf157dd78dfbaf8f,bf157dd78dfbaf8f,kic_2996004_q5,null_trial,,,,24.0,complete,47.2410803749226,2026-08-20T21:32:26+00:00,
demo50_bf157dd78dfbaf8f,bf157dd78dfbaf8f,kic_2996004_q5,null_trial,,,,25.0,complete,47.24528029188514,2026-08-20T21:33:13+00:00,
demo50_bf157dd78dfbaf8f,bf157dd78dfbaf8f,kic_2996004_q5,null_trial,,,,26.0,complete,47.42235175007954,2026-08-20T21:34:01+00:00,
demo50_bf157dd78dfbaf8f,bf157dd78dfbaf8f,kic_2996004_q5,null_trial,,,,27.0,complete,46.69906062493101,2026-08-20T21:34:47+00:00,
demo50_bf157dd78dfbaf8f,bf157dd78dfbaf8f,kic_2996004_q5,null_trial,,,,28.0,complete,47.270257415715605,2026-08-20T21:35:35+00:00,
demo50_bf157dd78dfbaf8f,bf157dd78dfbaf8f,kic_2996004_q5,null_trial,,,,29.0,complete,46.84928741725162,2026-08-20T21:36:22+00:00,
demo50_bf157dd78dfbaf8f,bf157dd78dfbaf8f,kic_2996004_q5,null_trial,,,,30.0,complete,46.69943591626361,2026-08-20T21:37:08+00:00,
demo50_bf157dd78dfbaf8f,bf157dd78dfbaf8f,kic_2996004_q5,null_trial,,,,31.0,complete,47.46134320786223,2026-08-20T21:37:56+00:00,
demo50_bf157dd78dfbaf8f,bf157dd78dfbaf8f,kic_2996004_q5,null_trial,,,,32.0,complete,47.073692250065506,2026-08-20T21:38:43+00:00,
demo50_bf157dd78dfbaf8f,bf157dd78dfbaf8f,kic_2996004_q5,null_trial,,,,33.0,complete,46.9274194589816,2026-08-20T21:39:30+00:00,
demo50_bf157dd78dfbaf8f,bf157dd78dfbaf8f,kic_2996004_q5,null_trial,,,,34.0,complete,47.056083290837705,2026-08-20T21:40:17+00:00,
demo50_bf157dd78dfbaf8f,bf157dd78dfbaf8f,kic_2996004_q5,null_trial,,,,35.0,complete,46.55198916699737,2026-08-20T21:41:03+00:00,
demo50_bf157dd78dfbaf8f,bf157dd78dfbaf8f,kic_2996004_q5,null_trial,,,,36.0,complete,47.4575500828214,2026-08-20T21:41:51+00:00,
demo50_bf157dd78dfbaf8f,bf157dd78dfbaf8f,kic_2996004_q5,null_trial,,,,37.0,complete,47.314677875023335,2026-08-20T21:42:38+00:00,
demo50_bf157dd78dfbaf8f,bf157dd78dfbaf8f,kic_2996004_q5,null_trial,,,,38.0,complete,47.20908841723576,2026-08-20T21:43:25+00:00,
demo50_bf157dd78dfbaf8f,bf157dd78dfbaf8f,kic_2996004_q5,null_trial,,,,39.0,complete,47.49069574987516,2026-08-20T21:44:13+00:00,
demo50_bf157dd78dfbaf8f,bf157dd78dfbaf8f,kic_2996004_q5,null_trial,,,,40.0,complete,47.196726750116795,2026-08-20T21:45:00+00:00,
demo50_bf157dd78dfbaf8f,bf157dd78dfbaf8f,kic_2996004_q5,null_trial,,,,41.0,complete,47.67050466593355,2026-08-20T21:45:48+00:00,
demo50_bf157dd78dfbaf8f,bf157dd78dfbaf8f,kic_2996004_q5,null_trial,,,,42.0,complete,47.42987412493676,2026-08-20T21:46:35+00:00,
demo50_bf157dd78dfbaf8f,bf157dd78dfbaf8f,kic_2996004_q5,null_trial,,,,43.0,complete,47.63924470776692,2026-08-20T21:47:23+00:00,
demo50_bf157dd78dfbaf8f,bf157dd78dfbaf8f,kic_2996004_q5,null_trial,,,,44.0,complete,47.405405708123,2026-08-20T21:48:10+00:00,
demo50_bf157dd78dfbaf8f,bf157dd78dfbaf8f,kic_2996004_q5,null_trial,,,,45.0,complete,46.86869008326903,2026-08-20T21:48:57+00:00,
demo50_bf157dd78dfbaf8f,bf157dd78dfbaf8f,kic_2996004_q5,null_trial,,,,46.0,complete,47.13815645920113,2026-08-20T21:49:44+00:00,
demo50_bf157dd78dfbaf8f,bf157dd78dfbaf8f,kic_2996004_q5,null_trial,,,,47.0,complete,47.143502624705434,2026-08-20T21:50:31+00:00,
demo50_bf157dd78dfbaf8f,bf157dd78dfbaf8f,kic_2996004_q5,null_trial,,,,48.0,complete,47.320880374871194,2026-08-20T21:51:19+00:00,
demo50_bf157dd78dfbaf8f,bf157dd78dfbaf8f,kic_2996004_q5,null_trial,,,,49.0,complete,46.8385353339836,2026-08-20T21:52:05+00:00,
demo50_bf157dd78dfbaf8f,bf157dd78dfbaf8f,kic_2996004_q5,null_trial,,,,50.0,complete,47.07819262519479,2026-08-20T21:52:53+00:00,
demo50_bf157dd78dfbaf8f,bf157dd78dfbaf8f,kic_2996004_q5,null_trial,,,,51.0,complete,46.801495749969035,2026-08-20T21:53:39+00:00,
demo50_bf157dd78dfbaf8f,bf157dd78dfbaf8f,kic_2996004_q5,null_trial,,,,52.0,complete,46.78783337492496,2026-08-20T21:54:26+00:00,
demo50_bf157dd78dfbaf8f,bf157dd78dfbaf8f,kic_2996004_q5,null_trial,,,,53.0,complete,47.07840095832944,2026-08-20T21:55:13+00:00,
demo50_bf157dd78dfbaf8f,bf157dd78dfbaf8f,kic_2996004_q5,null_trial,,,,54.0,complete,47.66437983280048,2026-08-20T21:56:01+00:00,
demo50_bf157dd78dfbaf8f,bf157dd78dfbaf8f,kic_2996004_q5,null_trial,,,,55.0,complete,47.39954916713759,2026-08-20T21:56:48+00:00,
demo50_bf157dd78dfbaf8f,bf157dd78dfbaf8f,kic_2996004_q5,null_trial,,,,56.0,complete,47.09340383391827,2026-08-20T21:57:35+00:00,
demo50_bf157dd78dfbaf8f,bf157dd78dfbaf8f,kic_2996004_q5,null_trial,,,,57.0,complete,46.781754666008055,2026-08-20T21:58:22+00:00,
demo50_bf157dd78dfbaf8f,bf157dd78dfbaf8f,kic_2996004_q5,null_trial,,,,58.0,complete,46.715638999827206,2026-08-20T21:59:09+00:00,
demo50_bf157dd78dfbaf8f,bf157dd78dfbaf8f,kic_2996004_q5,null_trial,,,,59.0,complete,47.20892791729421,2026-08-20T21:59:56+00:00,
demo50_bf157dd78dfbaf8f,bf157dd78dfbaf8f,kic_2996004_q5,null_trial,,,,60.0,complete,47.38748445920646,2026-08-20T22:00:44+00:00,
demo50_bf157dd78dfbaf8f,bf157dd78dfbaf8f,kic_2996004_q5,null_trial,,,,61.0,complete,47.36827566660941,2026-08-20T22:01:31+00:00,
demo50_bf157dd78dfbaf8f,bf157dd78dfbaf8f,kic_2996004_q5,null_trial,,,,62.0,complete,47.338439541868865,2026-08-20T22:02:18+00:00,
demo50_bf157dd78dfbaf8f,bf157dd78dfbaf8f,kic_2996004_q5,null_trial,,,,63.0,complete,47.23042233381421,2026-08-20T22:03:05+00:00,
demo50_bf157dd78dfbaf8f,bf157dd78dfbaf8f,kic_2996004_q5,null_trial,,,,64.0,complete,47.44040241697803,2026-08-20T22:03:53+00:00,
demo50_bf157dd78dfbaf8f,bf157dd78dfbaf8f,kic_2996004_q5,null_trial,,,,65.0,complete,46.838603999931365,2026-08-20T22:04:40+00:00,
demo50_bf157dd78dfbaf8f,bf157dd78dfbaf8f,kic_2996004_q5,null_trial,,,,66.0,complete,47.972225416917354,2026-08-20T22:05:28+00:00,
demo50_bf157dd78dfbaf8f,bf157dd78dfbaf8f,kic_2996004_q5,null_trial,,,,67.0,complete,47.18515175022185,2026-08-20T22:06:15+00:00,
demo50_bf157dd78dfbaf8f,bf157dd78dfbaf8f,kic_2996004_q5,null_trial,,,,68.0,complete,47.020873041823506,2026-08-20T22:07:02+00:00,
demo50_bf157dd78dfbaf8f,bf157dd78dfbaf8f,kic_2996004_q5,null_trial,,,,69.0,complete,47.19819308305159,2026-08-20T22:07:49+00:00,
demo50_bf157dd78dfbaf8f,bf157dd78dfbaf8f,kic_2996004_q5,null_trial,,,,70.0,complete,47.547802249901,2026-08-20T22:08:37+00:00,
demo50_bf157dd78dfbaf8f,bf157dd78dfbaf8f,kic_2996004_q5,null_trial,,,,71.0,complete,47.606003125198185,2026-08-20T22:09:24+00:00,
demo50_bf157dd78dfbaf8f,bf157dd78dfbaf8f,kic_2996004_q5,null_trial,,,,72.0,complete,47.46154166571796,2026-08-20T22:10:12+00:00,
demo50_bf157dd78dfbaf8f,bf157dd78dfbaf8f,kic_2996004_q5,null_trial,,,,73.0,complete,46.765114166308194,2026-08-20T22:10:58+00:00,
demo50_bf157dd78dfbaf8f,bf157dd78dfbaf8f,kic_2996004_q5,null_trial,,,,74.0,complete,47.33711591688916,2026-08-20T22:11:46+00:00,
demo50_bf157dd78dfbaf8f,bf157dd78dfbaf8f,kic_2996004_q5,null_trial,,,,75.0,complete,47.58754608267918,2026-08-20T22:12:33+00:00,
demo50_bf157dd78dfbaf8f,bf157dd78dfbaf8f,kic_2996004_q5,null_trial,,,,76.0,complete,47.09583495790139,2026-08-20T22:13:21+00:00,
demo50_bf157dd78dfbaf8f,bf157dd78dfbaf8f,kic_2996004_q5,null_trial,,,,77.0,complete,47.158077124971896,2026-08-20T22:14:08+00:00,
demo50_bf157dd78dfbaf8f,bf157dd78dfbaf8f,kic_2996004_q5,null_trial,,,,78.0,complete,47.20441712485626,2026-08-20T22:14:55+00:00,
demo50_bf157dd78dfbaf8f,bf157dd78dfbaf8f,kic_2996004_q5,null_trial,,,,79.0,complete,47.10655379155651,2026-08-20T22:15:42+00:00,
demo50_bf157dd78dfbaf8f,bf157dd78dfbaf8f,kic_2996004_q5,null_trial,,,,80.0,complete,47.16497329203412,2026-08-20T22:16:29+00:00,
demo50_bf157dd78dfbaf8f,bf157dd78dfbaf8f,kic_2996004_q5,null_trial,,,,81.0,complete,46.73102941690013,2026-08-20T22:17:16+00:00,
demo50_bf157dd78dfbaf8f,bf157dd78dfbaf8f,kic_2996004_q5,null_trial,,,,82.0,complete,46.88802870828658,2026-08-20T22:18:03+00:00,
demo50_bf157dd78dfbaf8f,bf157dd78dfbaf8f,kic_2996004_q5,null_trial,,,,83.0,complete,46.96815783297643,2026-08-20T22:18:50+00:00,
demo50_bf157dd78dfbaf8f,bf157dd78dfbaf8f,kic_2996004_q5,null_trial,,,,84.0,complete,47.4747533746995,2026-08-20T22:19:37+00:00,
demo50_bf157dd78dfbaf8f,bf157dd78dfbaf8f,kic_2996004_q5,null_trial,,,,85.0,complete,47.50567133305594,2026-08-20T22:20:25+00:00,
demo50_bf157dd78dfbaf8f,bf157dd78dfbaf8f,kic_2996004_q5,null_trial,,,,86.0,complete,47.66161687485874,2026-08-20T22:21:12+00:00,
demo50_bf157dd78dfbaf8f,bf157dd78dfbaf8f,kic_2996004_q5,null_trial,,,,87.0,complete,47.0282694590278,2026-08-20T22:21:59+00:00,
demo50_bf157dd78dfbaf8f,bf157dd78dfbaf8f,kic_2996004_q5,null_trial,,,,88.0,complete,47.453408582601696,2026-08-20T22:22:47+00:00,
demo50_bf157dd78dfbaf8f,bf157dd78dfbaf8f,kic_2996004_q5,null_trial,,,,89.0,complete,46.90250054234639,2026-08-20T22:23:34+00:00,
demo50_bf157dd78dfbaf8f,bf157dd78dfbaf8f,kic_2996004_q5,null_trial,,,,90.0,complete,46.892259834334254,2026-08-20T22:24:21+00:00,
demo50_bf157dd78dfbaf8f,bf157dd78dfbaf8f,kic_2996004_q5,null_trial,,,,91.0,complete,46.96933112479746,2026-08-20T22:25:08+00:00,
demo50_bf157dd78dfbaf8f,bf157dd78dfbaf8f,kic_2996004_q5,null_trial,,,,92.0,complete,46.90802149986848,2026-08-20T22:25:55+00:00,
demo50_bf157dd78dfbaf8f,bf157dd78dfbaf8f,kic_2996004_q5,null_trial,,,,93.0,complete,46.763582833111286,2026-08-20T22:26:41+00:00,
demo50_bf157dd78dfbaf8f,bf157dd78dfbaf8f,kic_2996004_q5,null_trial,,,,94.0,complete,46.67635783413425,2026-08-20T22:27:28+00:00,
demo50_bf157dd78dfbaf8f,bf157dd78dfbaf8f,kic_2996004_q5,null_trial,,,,95.0,complete,46.814084250014275,2026-08-20T22:28:15+00:00,
demo50_bf157dd78dfbaf8f,bf157dd78dfbaf8f,kic_2996004_q5,null_trial,,,,96.0,complete,47.41442729206756,2026-08-20T22:29:02+00:00,
demo50_bf157dd78dfbaf8f,bf157dd78dfbaf8f,kic_2996004_q5,null_trial,,,,97.0,complete,46.66566270776093,2026-08-20T22:29:49+00:00,
demo50_bf157dd78dfbaf8f,bf157dd78dfbaf8f,kic_2996004_q5,null_trial,,,,98.0,complete,47.14760654233396,2026-08-20T22:30:36+00:00,
demo50_bf157dd78dfbaf8f,bf157dd78dfbaf8f,kic_2996004_q5,null_trial,,,,99.0,complete,47.180409958120435,2026-08-20T22:31:23+00:00,
demo50_bf157dd78dfbaf8f,bf157dd78dfbaf8f,kic_2996004_q5,star,,,,,complete,,2026-08-20T22:31:23+00:00,
demo50_bf157dd78dfbaf8f,bf157dd78dfbaf8f,kic_3657874_q5,data_fetch,,,,,complete_cached,,2026-08-20T22:29:09+00:00,
demo50_bf157dd78dfbaf8f,bf157dd78dfbaf8f,kic_3657874_q5,null_trial,,,,0.0,complete,45.1859213327989,2026-08-20T22:29:55+00:00,
demo50_bf157dd78dfbaf8f,bf157dd78dfbaf8f,kic_3657874_q5,null_trial,,,,1.0,complete,45.34810991724953,2026-08-20T22:30:41+00:00,
demo50_bf157dd78dfbaf8f,bf157dd78dfbaf8f,kic_3657874_q5,null_trial,,,,2.0,complete,45.64887987496331,2026-08-20T22:31:26+00:00,
demo50_bf157dd78dfbaf8f,bf157dd78dfbaf8f,kic_3657874_q5,null_trial,,,,3.0,complete,45.55593691719696,2026-08-20T22:32:12+00:00,
demo50_bf157dd78dfbaf8f,bf157dd78dfbaf8f,kic_3657874_q5,null_trial,,,,4.0,complete,45.96035695914179,2026-08-20T22:32:58+00:00,
demo50_bf157dd78dfbaf8f,bf157dd78dfbaf8f,kic_3657874_q5,null_trial,,,,5.0,complete,45.405936874914914,2026-08-20T22:33:43+00:00,
demo50_bf157dd78dfbaf8f,bf157dd78dfbaf8f,kic_3657874_q5,null_trial,,,,6.0,complete,45.68369350023568,2026-08-20T22:34:29+00:00,
demo50_bf157dd78dfbaf8f,bf157dd78dfbaf8f,kic_3657874_q5,null_trial,,,,7.0,complete,46.25239570811391,2026-08-20T22:35:15+00:00,
demo50_bf157dd78dfbaf8f,bf157dd78dfbaf8f,kic_3657874_q5,null_trial,,,,8.0,complete,45.982334999833256,2026-08-20T22:36:01+00:00,
demo50_bf157dd78dfbaf8f,bf157dd78dfbaf8f,kic_3657874_q5,null_trial,,,,9.0,complete,46.15349058294669,2026-08-20T22:36:47+00:00,
demo50_bf157dd78dfbaf8f,bf157dd78dfbaf8f,kic_3657874_q5,null_trial,,,,10.0,complete,45.62364533310756,2026-08-20T22:37:33+00:00,
demo50_bf157dd78dfbaf8f,bf157dd78dfbaf8f,kic_3657874_q5,null_trial,,,,11.0,complete,46.22162904078141,2026-08-20T22:38:19+00:00,
demo50_bf157dd78dfbaf8f,bf157dd78dfbaf8f,kic_3657874_q5,null_trial,,,,12.0,complete,46.49495162488893,2026-08-20T22:39:06+00:00,
demo50_bf157dd78dfbaf8f,bf157dd78dfbaf8f,kic_3657874_q5,null_trial,,,,13.0,complete,46.214634499978274,2026-08-20T22:39:52+00:00,
demo50_bf157dd78dfbaf8f,bf157dd78dfbaf8f,kic_3657874_q5,null_trial,,,,14.0,complete,46.047312416601926,2026-08-20T22:40:38+00:00,
demo50_bf157dd78dfbaf8f,bf157dd78dfbaf8f,kic_3657874_q5,null_trial,,,,15.0,complete,46.1719932500273,2026-08-20T22:41:24+00:00,
demo50_bf157dd78dfbaf8f,bf157dd78dfbaf8f,kic_3657874_q5,null_trial,,,,16.0,complete,46.33608545828611,2026-08-20T22:42:10+00:00,
demo50_bf157dd78dfbaf8f,bf157dd78dfbaf8f,kic_3657874_q5,null_trial,,,,17.0,complete,46.88771187514067,2026-08-20T22:42:57+00:00,
demo50_bf157dd78dfbaf8f,bf157dd78dfbaf8f,kic_3657874_q5,null_trial,,,,18.0,complete,46.692094875033945,2026-08-20T22:43:44+00:00,
demo50_bf157dd78dfbaf8f,bf157dd78dfbaf8f,kic_3657874_q5,null_trial,,,,19.0,complete,46.486739499960095,2026-08-20T22:44:31+00:00,
demo50_bf157dd78dfbaf8f,bf157dd78dfbaf8f,kic_3657874_q5,null_trial,,,,20.0,complete,46.37890087487176,2026-08-20T22:45:17+00:00,
demo50_bf157dd78dfbaf8f,bf157dd78dfbaf8f,kic_3657874_q5,null_trial,,,,21.0,complete,46.211934625171125,2026-08-20T22:46:03+00:00,
demo50_bf157dd78dfbaf8f,bf157dd78dfbaf8f,kic_3657874_q5,null_trial,,,,22.0,complete,46.66082145785913,2026-08-20T22:46:50+00:00,
demo50_bf157dd78dfbaf8f,bf157dd78dfbaf8f,kic_3657874_q5,null_trial,,,,23.0,complete,45.96774591691792,2026-08-20T22:47:36+00:00,
demo50_bf157dd78dfbaf8f,bf157dd78dfbaf8f,kic_3657874_q5,null_trial,,,,24.0,complete,45.75724095804617,2026-08-20T22:48:22+00:00,
demo50_bf157dd78dfbaf8f,bf157dd78dfbaf8f,kic_3657874_q5,null_trial,,,,25.0,complete,45.98617099970579,2026-08-20T22:49:08+00:00,
demo50_bf157dd78dfbaf8f,bf157dd78dfbaf8f,kic_3657874_q5,null_trial,,,,26.0,complete,46.12271966598928,2026-08-20T22:49:54+00:00,
demo50_bf157dd78dfbaf8f,bf157dd78dfbaf8f,kic_3657874_q5,null_trial,,,,27.0,complete,45.67021237500012,2026-08-20T22:50:39+00:00,
demo50_bf157dd78dfbaf8f,bf157dd78dfbaf8f,kic_3657874_q5,null_trial,,,,28.0,complete,46.39627429237589,2026-08-20T22:51:26+00:00,
demo50_bf157dd78dfbaf8f,bf157dd78dfbaf8f,kic_3657874_q5,null_trial,,,,29.0,complete,45.82691266667098,2026-08-20T22:52:12+00:00,
demo50_bf157dd78dfbaf8f,bf157dd78dfbaf8f,kic_3657874_q5,null_trial,,,,30.0,complete,46.57366824988276,2026-08-20T22:52:58+00:00,
demo50_bf157dd78dfbaf8f,bf157dd78dfbaf8f,kic_3657874_q5,null_trial,,,,31.0,complete,45.28624700009823,2026-08-20T22:53:43+00:00,
demo50_bf157dd78dfbaf8f,bf157dd78dfbaf8f,kic_3657874_q5,null_trial,,,,32.0,complete,45.91498304205015,2026-08-20T22:54:29+00:00,
demo50_bf157dd78dfbaf8f,bf157dd78dfbaf8f,kic_3657874_q5,null_trial,,,,33.0,complete,45.67092829244211,2026-08-20T22:55:15+00:00,
demo50_bf157dd78dfbaf8f,bf157dd78dfbaf8f,kic_3657874_q5,null_trial,,,,34.0,complete,45.86683337483555,2026-08-20T22:56:01+00:00,
demo50_bf157dd78dfbaf8f,bf157dd78dfbaf8f,kic_3657874_q5,null_trial,,,,35.0,complete,46.26505891699344,2026-08-20T22:56:47+00:00,
demo50_bf157dd78dfbaf8f,bf157dd78dfbaf8f,kic_3657874_q5,null_trial,,,,36.0,complete,45.79887504130602,2026-08-20T22:57:33+00:00,
demo50_bf157dd78dfbaf8f,bf157dd78dfbaf8f,kic_3657874_q5,null_trial,,,,37.0,complete,45.42791183292866,2026-08-20T22:58:18+00:00,
demo50_bf157dd78dfbaf8f,bf157dd78dfbaf8f,kic_3657874_q5,null_trial,,,,38.0,complete,45.875660167075694,2026-08-20T22:59:04+00:00,
demo50_bf157dd78dfbaf8f,bf157dd78dfbaf8f,kic_3657874_q5,null_trial,,,,39.0,complete,45.528177292086184,2026-08-20T22:59:50+00:00,
demo50_bf157dd78dfbaf8f,bf157dd78dfbaf8f,kic_3657874_q5,null_trial,,,,40.0,complete,45.710118792019784,2026-08-20T23:00:35+00:00,
demo50_bf157dd78dfbaf8f,bf157dd78dfbaf8f,kic_3657874_q5,null_trial,,,,41.0,complete,45.36277879215777,2026-08-20T23:01:21+00:00,
demo50_bf157dd78dfbaf8f,bf157dd78dfbaf8f,kic_3657874_q5,null_trial,,,,42.0,complete,45.49300849996507,2026-08-20T23:02:06+00:00,
demo50_bf157dd78dfbaf8f,bf157dd78dfbaf8f,kic_3657874_q5,null_trial,,,,43.0,complete,45.499266624916345,2026-08-20T23:02:52+00:00,
demo50_bf157dd78dfbaf8f,bf157dd78dfbaf8f,kic_3657874_q5,null_trial,,,,44.0,complete,45.69254016689956,2026-08-20T23:03:38+00:00,
demo50_bf157dd78dfbaf8f,bf157dd78dfbaf8f,kic_3657874_q5,null_trial,,,,45.0,complete,45.460106457583606,2026-08-20T23:04:23+00:00,
demo50_bf157dd78dfbaf8f,bf157dd78dfbaf8f,kic_3657874_q5,null_trial,,,,46.0,complete,45.19992945808917,2026-08-20T23:05:08+00:00,
demo50_bf157dd78dfbaf8f,bf157dd78dfbaf8f,kic_3657874_q5,null_trial,,,,47.0,complete,45.47811158327386,2026-08-20T23:05:54+00:00,
demo50_bf157dd78dfbaf8f,bf157dd78dfbaf8f,kic_3657874_q5,null_trial,,,,48.0,complete,45.76336291665211,2026-08-20T23:06:39+00:00,
demo50_bf157dd78dfbaf8f,bf157dd78dfbaf8f,kic_3657874_q5,null_trial,,,,49.0,complete,45.694245542399585,2026-08-20T23:07:25+00:00,
demo50_bf157dd78dfbaf8f,bf157dd78dfbaf8f,kic_3657874_q5,null_trial,,,,50.0,complete,45.61548400018364,2026-08-20T23:08:11+00:00,
demo50_bf157dd78dfbaf8f,bf157dd78dfbaf8f,kic_3657874_q5,null_trial,,,,51.0,complete,45.31688929069787,2026-08-20T23:08:56+00:00,
demo50_bf157dd78dfbaf8f,bf157dd78dfbaf8f,kic_3657874_q5,null_trial,,,,52.0,complete,45.323435083031654,2026-08-20T23:09:41+00:00,
demo50_bf157dd78dfbaf8f,bf157dd78dfbaf8f,kic_3657874_q5,null_trial,,,,53.0,complete,45.3580747502856,2026-08-20T23:10:27+00:00,
demo50_bf157dd78dfbaf8f,bf157dd78dfbaf8f,kic_3657874_q5,null_trial,,,,54.0,complete,45.453748874831945,2026-08-20T23:11:12+00:00,
demo50_bf157dd78dfbaf8f,bf157dd78dfbaf8f,kic_3657874_q5,null_trial,,,,55.0,complete,44.8260063752532,2026-08-20T23:11:57+00:00,
demo50_bf157dd78dfbaf8f,bf157dd78dfbaf8f,kic_3657874_q5,null_trial,,,,56.0,complete,45.22484662476927,2026-08-20T23:12:42+00:00,
demo50_bf157dd78dfbaf8f,bf157dd78dfbaf8f,kic_3657874_q5,null_trial,,,,57.0,complete,45.328850334044546,2026-08-20T23:13:28+00:00,
demo50_bf157dd78dfbaf8f,bf157dd78dfbaf8f,kic_3657874_q5,null_trial,,,,58.0,complete,45.535161667037755,2026-08-20T23:14:13+00:00,
demo50_bf157dd78dfbaf8f,bf157dd78dfbaf8f,kic_3657874_q5,null_trial,,,,59.0,complete,45.32763237459585,2026-08-20T23:14:58+00:00,
demo50_bf157dd78dfbaf8f,bf157dd78dfbaf8f,kic_3657874_q5,null_trial,,,,60.0,complete,45.53093837480992,2026-08-20T23:15:44+00:00,
demo50_bf157dd78dfbaf8f,bf157dd78dfbaf8f,kic_3657874_q5,null_trial,,,,61.0,complete,45.05311741633341,2026-08-20T23:16:29+00:00,
demo50_bf157dd78dfbaf8f,bf157dd78dfbaf8f,kic_3657874_q5,null_trial,,,,62.0,complete,45.1204937081784,2026-08-20T23:17:14+00:00,
demo50_bf157dd78dfbaf8f,bf157dd78dfbaf8f,kic_3657874_q5,null_trial,,,,63.0,complete,45.14811412524432,2026-08-20T23:17:59+00:00,
demo50_bf157dd78dfbaf8f,bf157dd78dfbaf8f,kic_3657874_q5,null_trial,,,,64.0,complete,45.02933449996635,2026-08-20T23:18:44+00:00,
demo50_bf157dd78dfbaf8f,bf157dd78dfbaf8f,kic_3657874_q5,null_trial,,,,65.0,complete,45.103265792131424,2026-08-20T23:19:29+00:00,
demo50_bf157dd78dfbaf8f,bf157dd78dfbaf8f,kic_3657874_q5,null_trial,,,,66.0,complete,45.15318666677922,2026-08-20T23:20:15+00:00,
demo50_bf157dd78dfbaf8f,bf157dd78dfbaf8f,kic_3657874_q5,null_trial,,,,67.0,complete,45.068472041748464,2026-08-20T23:21:00+00:00,
demo50_bf157dd78dfbaf8f,bf157dd78dfbaf8f,kic_3657874_q5,null_trial,,,,68.0,complete,44.66259641619399,2026-08-20T23:21:44+00:00,
demo50_bf157dd78dfbaf8f,bf157dd78dfbaf8f,kic_3657874_q5,null_trial,,,,69.0,complete,45.2197614996694,2026-08-20T23:22:30+00:00,
demo50_bf157dd78dfbaf8f,bf157dd78dfbaf8f,kic_3657874_q5,null_trial,,,,70.0,complete,45.372920874971896,2026-08-20T23:23:15+00:00,
demo50_bf157dd78dfbaf8f,bf157dd78dfbaf8f,kic_3657874_q5,null_trial,,,,71.0,complete,45.25404449971393,2026-08-20T23:24:00+00:00,
demo50_bf157dd78dfbaf8f,bf157dd78dfbaf8f,kic_3657874_q5,null_trial,,,,72.0,complete,45.157453999854624,2026-08-20T23:24:45+00:00,
demo50_bf157dd78dfbaf8f,bf157dd78dfbaf8f,kic_3657874_q5,null_trial,,,,73.0,complete,45.265689459163696,2026-08-20T23:25:31+00:00,
demo50_bf157dd78dfbaf8f,bf157dd78dfbaf8f,kic_3657874_q5,null_trial,,,,74.0,complete,45.15719254175201,2026-08-20T23:26:16+00:00,
demo50_bf157dd78dfbaf8f,bf157dd78dfbaf8f,kic_3657874_q5,null_trial,,,,75.0,complete,45.4944130834192,2026-08-20T23:27:01+00:00,
demo50_bf157dd78dfbaf8f,bf157dd78dfbaf8f,kic_3657874_q5,null_trial,,,,76.0,complete,44.884452832862735,2026-08-20T23:27:46+00:00,
demo50_bf157dd78dfbaf8f,bf157dd78dfbaf8f,kic_3657874_q5,null_trial,,,,77.0,complete,45.29495245916769,2026-08-20T23:28:31+00:00,
demo50_bf157dd78dfbaf8f,bf157dd78dfbaf8f,kic_3657874_q5,null_trial,,,,78.0,complete,45.33167300000787,2026-08-20T23:29:17+00:00,
demo50_bf157dd78dfbaf8f,bf157dd78dfbaf8f,kic_3657874_q5,null_trial,,,,79.0,complete,44.78055987507105,2026-08-20T23:30:02+00:00,
demo50_bf157dd78dfbaf8f,bf157dd78dfbaf8f,kic_3657874_q5,null_trial,,,,80.0,complete,44.94189470820129,2026-08-20T23:30:46+00:00,
demo50_bf157dd78dfbaf8f,bf157dd78dfbaf8f,kic_3657874_q5,null_trial,,,,81.0,complete,45.21156312525272,2026-08-20T23:31:32+00:00,
demo50_bf157dd78dfbaf8f,bf157dd78dfbaf8f,kic_3657874_q5,null_trial,,,,82.0,complete,45.56667937524617,2026-08-20T23:32:17+00:00,
demo50_bf157dd78dfbaf8f,bf157dd78dfbaf8f,kic_3657874_q5,null_trial,,,,83.0,complete,45.50201149983331,2026-08-20T23:33:03+00:00,
demo50_bf157dd78dfbaf8f,bf157dd78dfbaf8f,kic_3657874_q5,null_trial,,,,84.0,complete,45.27197337523103,2026-08-20T23:33:48+00:00,
demo50_bf157dd78dfbaf8f,bf157dd78dfbaf8f,kic_3657874_q5,null_trial,,,,85.0,complete,44.58945287531242,2026-08-20T23:34:33+00:00,
demo50_bf157dd78dfbaf8f,bf157dd78dfbaf8f,kic_3657874_q5,null_trial,,,,86.0,complete,45.21919637499377,2026-08-20T23:35:18+00:00,
demo50_bf157dd78dfbaf8f,bf157dd78dfbaf8f,kic_3657874_q5,null_trial,,,,87.0,complete,44.81722024967894,2026-08-20T23:36:03+00:00,
demo50_bf157dd78dfbaf8f,bf157dd78dfbaf8f,kic_3657874_q5,null_trial,,,,88.0,complete,45.06633291579783,2026-08-20T23:36:48+00:00,
demo50_bf157dd78dfbaf8f,bf157dd78dfbaf8f,kic_3657874_q5,null_trial,,,,89.0,complete,44.81464333413169,2026-08-20T23:37:33+00:00,
demo50_bf157dd78dfbaf8f,bf157dd78dfbaf8f,kic_3657874_q5,null_trial,,,,90.0,complete,44.80574262468144,2026-08-20T23:38:17+00:00,
demo50_bf157dd78dfbaf8f,bf157dd78dfbaf8f,kic_3657874_q5,null_trial,,,,91.0,complete,44.74896862497553,2026-08-20T23:39:02+00:00,
demo50_bf157dd78dfbaf8f,bf157dd78dfbaf8f,kic_3657874_q5,null_trial,,,,92.0,complete,44.737382041756064,2026-08-20T23:39:47+00:00,
demo50_bf157dd78dfbaf8f,bf157dd78dfbaf8f,kic_3657874_q5,null_trial,,,,93.0,complete,44.89630041690543,2026-08-20T23:40:32+00:00,
demo50_bf157dd78dfbaf8f,bf157dd78dfbaf8f,kic_3657874_q5,null_trial,,,,94.0,complete,45.448350542224944,2026-08-20T23:41:17+00:00,
demo50_bf157dd78dfbaf8f,bf157dd78dfbaf8f,kic_3657874_q5,null_trial,,,,95.0,complete,45.12677479162812,2026-08-20T23:42:02+00:00,
demo50_bf157dd78dfbaf8f,bf157dd78dfbaf8f,kic_3657874_q5,null_trial,,,,96.0,complete,44.920341457705945,2026-08-20T23:42:47+00:00,
demo50_bf157dd78dfbaf8f,bf157dd78dfbaf8f,kic_3657874_q5,null_trial,,,,97.0,complete,44.60356995789334,2026-08-20T23:43:32+00:00,
demo50_bf157dd78dfbaf8f,bf157dd78dfbaf8f,kic_3657874_q5,null_trial,,,,98.0,complete,44.90669020777568,2026-08-20T23:44:17+00:00,
demo50_bf157dd78dfbaf8f,bf157dd78dfbaf8f,kic_3657874_q5,null_trial,,,,99.0,complete,44.72403908288106,2026-08-20T23:45:01+00:00,
demo50_bf157dd78dfbaf8f,bf157dd78dfbaf8f,kic_3657874_q5,star,,,,,complete,,2026-08-20T23:45:01+00:00,
demo50_bf157dd78dfbaf8f,bf157dd78dfbaf8f,kic_7031686_q5,data_fetch,,,,,complete_cached,,2026-08-20T22:31:23+00:00,
demo50_bf157dd78dfbaf8f,bf157dd78dfbaf8f,kic_7031686_q5,null_trial,,,,0.0,complete,47.01000529201701,2026-08-20T22:32:11+00:00,
demo50_bf157dd78dfbaf8f,bf157dd78dfbaf8f,kic_7031686_q5,null_trial,,,,1.0,complete,47.68494616635144,2026-08-20T22:32:59+00:00,
demo50_bf157dd78dfbaf8f,bf157dd78dfbaf8f,kic_7031686_q5,null_trial,,,,2.0,complete,47.37774500017986,2026-08-20T22:33:46+00:00,
demo50_bf157dd78dfbaf8f,bf157dd78dfbaf8f,kic_7031686_q5,null_trial,,,,3.0,complete,47.698944666888565,2026-08-20T22:34:34+00:00,
demo50_bf157dd78dfbaf8f,bf157dd78dfbaf8f,kic_7031686_q5,null_trial,,,,4.0,complete,48.098279249854386,2026-08-20T22:35:22+00:00,
demo50_bf157dd78dfbaf8f,bf157dd78dfbaf8f,kic_7031686_q5,null_trial,,,,5.0,complete,47.71016995795071,2026-08-20T22:36:10+00:00,
demo50_bf157dd78dfbaf8f,bf157dd78dfbaf8f,kic_7031686_q5,null_trial,,,,6.0,complete,47.624751416035,2026-08-20T22:36:57+00:00,
demo50_bf157dd78dfbaf8f,bf157dd78dfbaf8f,kic_7031686_q5,null_trial,,,,7.0,complete,47.45651637483388,2026-08-20T22:37:45+00:00,
demo50_bf157dd78dfbaf8f,bf157dd78dfbaf8f,kic_7031686_q5,null_trial,,,,8.0,complete,48.17578854132444,2026-08-20T22:38:33+00:00,
demo50_bf157dd78dfbaf8f,bf157dd78dfbaf8f,kic_7031686_q5,null_trial,,,,9.0,complete,47.99990495899692,2026-08-20T22:39:21+00:00,
demo50_bf157dd78dfbaf8f,bf157dd78dfbaf8f,kic_7031686_q5,null_trial,,,,10.0,complete,48.32185266679153,2026-08-20T22:40:09+00:00,
demo50_bf157dd78dfbaf8f,bf157dd78dfbaf8f,kic_7031686_q5,null_trial,,,,11.0,complete,48.00140962470323,2026-08-20T22:40:57+00:00,
demo50_bf157dd78dfbaf8f,bf157dd78dfbaf8f,kic_7031686_q5,null_trial,,,,12.0,complete,47.85388175025582,2026-08-20T22:41:45+00:00,
demo50_bf157dd78dfbaf8f,bf157dd78dfbaf8f,kic_7031686_q5,null_trial,,,,13.0,complete,48.3546857079491,2026-08-20T22:42:34+00:00,
demo50_bf157dd78dfbaf8f,bf157dd78dfbaf8f,kic_7031686_q5,null_trial,,,,14.0,complete,48.471887458115816,2026-08-20T22:43:22+00:00,
demo50_bf157dd78dfbaf8f,bf157dd78dfbaf8f,kic_7031686_q5,null_trial,,,,15.0,complete,48.497450792230666,2026-08-20T22:44:11+00:00,
demo50_bf157dd78dfbaf8f,bf157dd78dfbaf8f,kic_7031686_q5,null_trial,,,,16.0,complete,48.51538350014016,2026-08-20T22:44:59+00:00,
demo50_bf157dd78dfbaf8f,bf157dd78dfbaf8f,kic_7031686_q5,null_trial,,,,17.0,complete,48.25529316673055,2026-08-20T22:45:47+00:00,
demo50_bf157dd78dfbaf8f,bf157dd78dfbaf8f,kic_7031686_q5,null_trial,,,,18.0,complete,48.13452125014737,2026-08-20T22:46:36+00:00,
demo50_bf157dd78dfbaf8f,bf157dd78dfbaf8f,kic_7031686_q5,null_trial,,,,19.0,complete,47.757816332858056,2026-08-20T22:47:23+00:00,
demo50_bf157dd78dfbaf8f,bf157dd78dfbaf8f,kic_7031686_q5,null_trial,,,,20.0,complete,47.981244707945734,2026-08-20T22:48:11+00:00,
demo50_bf157dd78dfbaf8f,bf157dd78dfbaf8f,kic_7031686_q5,null_trial,,,,21.0,complete,48.14307983312756,2026-08-20T22:48:59+00:00,
demo50_bf157dd78dfbaf8f,bf157dd78dfbaf8f,kic_7031686_q5,null_trial,,,,22.0,complete,47.91437004227191,2026-08-20T22:49:47+00:00,
demo50_bf157dd78dfbaf8f,bf157dd78dfbaf8f,kic_7031686_q5,null_trial,,,,23.0,complete,47.67700391728431,2026-08-20T22:50:35+00:00,
demo50_bf157dd78dfbaf8f,bf157dd78dfbaf8f,kic_7031686_q5,null_trial,,,,24.0,complete,48.569515416864306,2026-08-20T22:51:24+00:00,
demo50_bf157dd78dfbaf8f,bf157dd78dfbaf8f,kic_7031686_q5,null_trial,,,,25.0,complete,47.64481041720137,2026-08-20T22:52:11+00:00,
demo50_bf157dd78dfbaf8f,bf157dd78dfbaf8f,kic_7031686_q5,null_trial,,,,26.0,complete,47.9523404170759,2026-08-20T22:52:59+00:00,
demo50_bf157dd78dfbaf8f,bf157dd78dfbaf8f,kic_7031686_q5,null_trial,,,,27.0,complete,47.26800004160032,2026-08-20T22:53:46+00:00,
demo50_bf157dd78dfbaf8f,bf157dd78dfbaf8f,kic_7031686_q5,null_trial,,,,28.0,complete,47.95083483401686,2026-08-20T22:54:34+00:00,
demo50_bf157dd78dfbaf8f,bf157dd78dfbaf8f,kic_7031686_q5,null_trial,,,,29.0,complete,47.50927329109982,2026-08-20T22:55:22+00:00,
demo50_bf157dd78dfbaf8f,bf157dd78dfbaf8f,kic_7031686_q5,null_trial,,,,30.0,complete,47.86004370870069,2026-08-20T22:56:10+00:00,
demo50_bf157dd78dfbaf8f,bf157dd78dfbaf8f,kic_7031686_q5,null_trial,,,,31.0,complete,47.68976091686636,2026-08-20T22:56:57+00:00,
demo50_bf157dd78dfbaf8f,bf157dd78dfbaf8f,kic_7031686_q5,null_trial,,,,32.0,complete,47.62870574975386,2026-08-20T22:57:45+00:00,
demo50_bf157dd78dfbaf8f,bf157dd78dfbaf8f,kic_7031686_q5,null_trial,,,,33.0,complete,47.908381290733814,2026-08-20T22:58:33+00:00,
demo50_bf157dd78dfbaf8f,bf157dd78dfbaf8f,kic_7031686_q5,null_trial,,,,34.0,complete,47.37991787493229,2026-08-20T22:59:20+00:00,
demo50_bf157dd78dfbaf8f,bf157dd78dfbaf8f,kic_7031686_q5,null_trial,,,,35.0,complete,47.73262979229912,2026-08-20T23:00:08+00:00,
demo50_bf157dd78dfbaf8f,bf157dd78dfbaf8f,kic_7031686_q5,null_trial,,,,36.0,complete,47.02396920789033,2026-08-20T23:00:55+00:00,
demo50_bf157dd78dfbaf8f,bf157dd78dfbaf8f,kic_7031686_q5,null_trial,,,,37.0,complete,47.16547833289951,2026-08-20T23:01:42+00:00,
demo50_bf157dd78dfbaf8f,bf157dd78dfbaf8f,kic_7031686_q5,null_trial,,,,38.0,complete,47.47378166671842,2026-08-20T23:02:30+00:00,
demo50_bf157dd78dfbaf8f,bf157dd78dfbaf8f,kic_7031686_q5,null_trial,,,,39.0,complete,47.51091841701418,2026-08-20T23:03:17+00:00,
demo50_bf157dd78dfbaf8f,bf157dd78dfbaf8f,kic_7031686_q5,null_trial,,,,40.0,complete,47.11254612496123,2026-08-20T23:04:04+00:00,
demo50_bf157dd78dfbaf8f,bf157dd78dfbaf8f,kic_7031686_q5,null_trial,,,,41.0,complete,47.66086291708052,2026-08-20T23:04:52+00:00,
demo50_bf157dd78dfbaf8f,bf157dd78dfbaf8f,kic_7031686_q5,null_trial,,,,42.0,complete,47.46929104207083,2026-08-20T23:05:40+00:00,
demo50_bf157dd78dfbaf8f,bf157dd78dfbaf8f,kic_7031686_q5,null_trial,,,,43.0,complete,47.66783504234627,2026-08-20T23:06:27+00:00,
demo50_bf157dd78dfbaf8f,bf157dd78dfbaf8f,kic_7031686_q5,null_trial,,,,44.0,complete,47.156267958227545,2026-08-20T23:07:14+00:00,
demo50_bf157dd78dfbaf8f,bf157dd78dfbaf8f,kic_7031686_q5,null_trial,,,,45.0,complete,47.89415845926851,2026-08-20T23:08:02+00:00,
demo50_bf157dd78dfbaf8f,bf157dd78dfbaf8f,kic_7031686_q5,null_trial,,,,46.0,complete,47.224262833129615,2026-08-20T23:08:49+00:00,
demo50_bf157dd78dfbaf8f,bf157dd78dfbaf8f,kic_7031686_q5,null_trial,,,,47.0,complete,47.052075874991715,2026-08-20T23:09:37+00:00,
demo50_bf157dd78dfbaf8f,bf157dd78dfbaf8f,kic_7031686_q5,null_trial,,,,48.0,complete,46.859990207944065,2026-08-20T23:10:23+00:00,
demo50_bf157dd78dfbaf8f,bf157dd78dfbaf8f,kic_7031686_q5,null_trial,,,,49.0,complete,47.00930783292279,2026-08-20T23:11:10+00:00,
demo50_bf157dd78dfbaf8f,bf157dd78dfbaf8f,kic_7031686_q5,null_trial,,,,50.0,complete,46.87256795773283,2026-08-20T23:11:57+00:00,
demo50_bf157dd78dfbaf8f,bf157dd78dfbaf8f,kic_7031686_q5,null_trial,,,,51.0,complete,47.04359379084781,2026-08-20T23:12:44+00:00,
demo50_bf157dd78dfbaf8f,bf157dd78dfbaf8f,kic_7031686_q5,null_trial,,,,52.0,complete,46.96961462497711,2026-08-20T23:13:31+00:00,
demo50_bf157dd78dfbaf8f,bf157dd78dfbaf8f,kic_7031686_q5,null_trial,,,,53.0,complete,47.48983104061335,2026-08-20T23:14:19+00:00,
demo50_bf157dd78dfbaf8f,bf157dd78dfbaf8f,kic_7031686_q5,null_trial,,,,54.0,complete,47.29676225036383,2026-08-20T23:15:06+00:00,
demo50_bf157dd78dfbaf8f,bf157dd78dfbaf8f,kic_7031686_q5,null_trial,,,,55.0,complete,46.96481891674921,2026-08-20T23:15:53+00:00,
demo50_bf157dd78dfbaf8f,bf157dd78dfbaf8f,kic_7031686_q5,null_trial,,,,56.0,complete,46.865232249721885,2026-08-20T23:16:40+00:00,
demo50_bf157dd78dfbaf8f,bf157dd78dfbaf8f,kic_7031686_q5,null_trial,,,,57.0,complete,46.98675458272919,2026-08-20T23:17:27+00:00,
demo50_bf157dd78dfbaf8f,bf157dd78dfbaf8f,kic_7031686_q5,null_trial,,,,58.0,complete,47.0637517911382,2026-08-20T23:18:14+00:00,
demo50_bf157dd78dfbaf8f,bf157dd78dfbaf8f,kic_7031686_q5,null_trial,,,,59.0,complete,47.03501066705212,2026-08-20T23:19:01+00:00,
demo50_bf157dd78dfbaf8f,bf157dd78dfbaf8f,kic_7031686_q5,null_trial,,,,60.0,complete,46.8426552079618,2026-08-20T23:19:48+00:00,
demo50_bf157dd78dfbaf8f,bf157dd78dfbaf8f,kic_7031686_q5,null_trial,,,,61.0,complete,47.353834291920066,2026-08-20T23:20:35+00:00,
demo50_bf157dd78dfbaf8f,bf157dd78dfbaf8f,kic_7031686_q5,null_trial,,,,62.0,complete,46.467398915905505,2026-08-20T23:21:22+00:00,
demo50_bf157dd78dfbaf8f,bf157dd78dfbaf8f,kic_7031686_q5,null_trial,,,,63.0,complete,46.38291358295828,2026-08-20T23:22:08+00:00,
demo50_bf157dd78dfbaf8f,bf157dd78dfbaf8f,kic_7031686_q5,null_trial,,,,64.0,complete,47.28029341623187,2026-08-20T23:22:55+00:00,
demo50_bf157dd78dfbaf8f,bf157dd78dfbaf8f,kic_7031686_q5,null_trial,,,,65.0,complete,46.65855275001377,2026-08-20T23:23:42+00:00,
demo50_bf157dd78dfbaf8f,bf157dd78dfbaf8f,kic_7031686_q5,null_trial,,,,66.0,complete,47.103160459082574,2026-08-20T23:24:29+00:00,
demo50_bf157dd78dfbaf8f,bf157dd78dfbaf8f,kic_7031686_q5,null_trial,,,,67.0,complete,46.85226524993777,2026-08-20T23:25:16+00:00,
demo50_bf157dd78dfbaf8f,bf157dd78dfbaf8f,kic_7031686_q5,null_trial,,,,68.0,complete,47.120904749725014,2026-08-20T23:26:03+00:00,
demo50_bf157dd78dfbaf8f,bf157dd78dfbaf8f,kic_7031686_q5,null_trial,,,,69.0,complete,47.28515858296305,2026-08-20T23:26:50+00:00,
demo50_bf157dd78dfbaf8f,bf157dd78dfbaf8f,kic_7031686_q5,null_trial,,,,70.0,complete,46.64988399995491,2026-08-20T23:27:37+00:00,
demo50_bf157dd78dfbaf8f,bf157dd78dfbaf8f,kic_7031686_q5,null_trial,,,,71.0,complete,46.70468808338046,2026-08-20T23:28:24+00:00,
demo50_bf157dd78dfbaf8f,bf157dd78dfbaf8f,kic_7031686_q5,null_trial,,,,72.0,complete,46.953793291933835,2026-08-20T23:29:11+00:00,
demo50_bf157dd78dfbaf8f,bf157dd78dfbaf8f,kic_7031686_q5,null_trial,,,,73.0,complete,46.41810295917094,2026-08-20T23:29:57+00:00,
demo50_bf157dd78dfbaf8f,bf157dd78dfbaf8f,kic_7031686_q5,null_trial,,,,74.0,complete,47.02804400026798,2026-08-20T23:30:44+00:00,
demo50_bf157dd78dfbaf8f,bf157dd78dfbaf8f,kic_7031686_q5,null_trial,,,,75.0,complete,46.82263620803133,2026-08-20T23:31:31+00:00,
demo50_bf157dd78dfbaf8f,bf157dd78dfbaf8f,kic_7031686_q5,null_trial,,,,76.0,complete,47.20028020814061,2026-08-20T23:32:18+00:00,
demo50_bf157dd78dfbaf8f,bf157dd78dfbaf8f,kic_7031686_q5,null_trial,,,,77.0,complete,47.34540995769203,2026-08-20T23:33:05+00:00,
demo50_bf157dd78dfbaf8f,bf157dd78dfbaf8f,kic_7031686_q5,null_trial,,,,78.0,complete,46.8033039169386,2026-08-20T23:33:52+00:00,
demo50_bf157dd78dfbaf8f,bf157dd78dfbaf8f,kic_7031686_q5,null_trial,,,,79.0,complete,46.36491858307272,2026-08-20T23:34:39+00:00,
demo50_bf157dd78dfbaf8f,bf157dd78dfbaf8f,kic_7031686_q5,null_trial,,,,80.0,complete,46.65550183411688,2026-08-20T23:35:25+00:00,
demo50_bf157dd78dfbaf8f,bf157dd78dfbaf8f,kic_7031686_q5,null_trial,,,,81.0,complete,46.74587112525478,2026-08-20T23:36:12+00:00,
demo50_bf157dd78dfbaf8f,bf157dd78dfbaf8f,kic_7031686_q5,null_trial,,,,82.0,complete,46.26360504189506,2026-08-20T23:36:58+00:00,
demo50_bf157dd78dfbaf8f,bf157dd78dfbaf8f,kic_7031686_q5,null_trial,,,,83.0,complete,46.48529908340424,2026-08-20T23:37:45+00:00,
demo50_bf157dd78dfbaf8f,bf157dd78dfbaf8f,kic_7031686_q5,null_trial,,,,84.0,complete,46.710305416956544,2026-08-20T23:38:32+00:00,
demo50_bf157dd78dfbaf8f,bf157dd78dfbaf8f,kic_7031686_q5,null_trial,,,,85.0,complete,46.36436083400622,2026-08-20T23:39:18+00:00,
demo50_bf157dd78dfbaf8f,bf157dd78dfbaf8f,kic_7031686_q5,null_trial,,,,86.0,complete,46.100301541853696,2026-08-20T23:40:04+00:00,
demo50_bf157dd78dfbaf8f,bf157dd78dfbaf8f,kic_7031686_q5,null_trial,,,,87.0,complete,46.8643606249243,2026-08-20T23:40:51+00:00,
demo50_bf157dd78dfbaf8f,bf157dd78dfbaf8f,kic_7031686_q5,null_trial,,,,88.0,complete,47.21642916696146,2026-08-20T23:41:38+00:00,
demo50_bf157dd78dfbaf8f,bf157dd78dfbaf8f,kic_7031686_q5,null_trial,,,,89.0,complete,47.06666470784694,2026-08-20T23:42:25+00:00,
demo50_bf157dd78dfbaf8f,bf157dd78dfbaf8f,kic_7031686_q5,null_trial,,,,90.0,complete,46.59807529160753,2026-08-20T23:43:12+00:00,
demo50_bf157dd78dfbaf8f,bf157dd78dfbaf8f,kic_7031686_q5,null_trial,,,,91.0,complete,46.34107312513515,2026-08-20T23:43:58+00:00,
demo50_bf157dd78dfbaf8f,bf157dd78dfbaf8f,kic_7031686_q5,null_trial,,,,92.0,complete,46.61796525027603,2026-08-20T23:44:45+00:00,
demo50_bf157dd78dfbaf8f,bf157dd78dfbaf8f,kic_7031686_q5,null_trial,,,,93.0,complete,46.76800345769152,2026-08-20T23:45:31+00:00,
demo50_bf157dd78dfbaf8f,bf157dd78dfbaf8f,kic_7031686_q5,null_trial,,,,94.0,complete,47.25798866618425,2026-08-20T23:46:19+00:00,
demo50_bf157dd78dfbaf8f,bf157dd78dfbaf8f,kic_7031686_q5,null_trial,,,,95.0,complete,46.29995179129765,2026-08-20T23:47:05+00:00,
demo50_bf157dd78dfbaf8f,bf157dd78dfbaf8f,kic_7031686_q5,null_trial,,,,96.0,complete,46.91841262532398,2026-08-20T23:47:52+00:00,
demo50_bf157dd78dfbaf8f,bf157dd78dfbaf8f,kic_7031686_q5,null_trial,,,,97.0,complete,46.72234437521547,2026-08-20T23:48:39+00:00,
demo50_bf157dd78dfbaf8f,bf157dd78dfbaf8f,kic_7031686_q5,null_trial,,,,98.0,complete,46.51651491690427,2026-08-20T23:49:25+00:00,
demo50_bf157dd78dfbaf8f,bf157dd78dfbaf8f,kic_7031686_q5,null_trial,,,,99.0,complete,46.52310770889744,2026-08-20T23:50:12+00:00,
demo50_bf157dd78dfbaf8f,bf157dd78dfbaf8f,kic_7031686_q5,star,,,,,complete,,2026-08-20T23:50:12+00:00,
demo50_bf157dd78dfbaf8f,bf157dd78dfbaf8f,kic_7771970_q5,data_fetch,,,,,complete_cached,,2026-08-20T23:45:02+00:00,
demo50_bf157dd78dfbaf8f,bf157dd78dfbaf8f,kic_7771970_q5,null_trial,,,,0.0,complete,45.98331733373925,2026-08-20T23:45:48+00:00,
demo50_bf157dd78dfbaf8f,bf157dd78dfbaf8f,kic_7771970_q5,null_trial,,,,1.0,complete,45.42088312515989,2026-08-20T23:46:34+00:00,
demo50_bf157dd78dfbaf8f,bf157dd78dfbaf8f,kic_7771970_q5,null_trial,,,,2.0,complete,45.24711683439091,2026-08-20T23:47:19+00:00,
demo50_bf157dd78dfbaf8f,bf157dd78dfbaf8f,kic_7771970_q5,null_trial,,,,3.0,complete,45.213882540818304,2026-08-20T23:48:04+00:00,
demo50_bf157dd78dfbaf8f,bf157dd78dfbaf8f,kic_7771970_q5,null_trial,,,,4.0,complete,45.02804408362135,2026-08-20T23:48:49+00:00,
demo50_bf157dd78dfbaf8f,bf157dd78dfbaf8f,kic_7771970_q5,null_trial,,,,5.0,complete,45.3559576254338,2026-08-20T23:49:35+00:00,
demo50_bf157dd78dfbaf8f,bf157dd78dfbaf8f,kic_7771970_q5,null_trial,,,,6.0,complete,44.78457925003022,2026-08-20T23:50:19+00:00,
demo50_bf157dd78dfbaf8f,bf157dd78dfbaf8f,kic_7771970_q5,null_trial,,,,7.0,complete,45.22577587515116,2026-08-20T23:51:05+00:00,
demo50_bf157dd78dfbaf8f,bf157dd78dfbaf8f,kic_7771970_q5,null_trial,,,,8.0,complete,44.99882816709578,2026-08-20T23:51:50+00:00,
demo50_bf157dd78dfbaf8f,bf157dd78dfbaf8f,kic_7771970_q5,null_trial,,,,9.0,complete,45.517275041900575,2026-08-20T23:52:35+00:00,
demo50_bf157dd78dfbaf8f,bf157dd78dfbaf8f,kic_7771970_q5,null_trial,,,,10.0,complete,45.77868116693571,2026-08-20T23:53:21+00:00,
demo50_bf157dd78dfbaf8f,bf157dd78dfbaf8f,kic_7771970_q5,null_trial,,,,11.0,complete,45.35979916714132,2026-08-20T23:54:06+00:00,
demo50_bf157dd78dfbaf8f,bf157dd78dfbaf8f,kic_7771970_q5,null_trial,,,,12.0,complete,45.600571166258305,2026-08-20T23:54:52+00:00,
demo50_bf157dd78dfbaf8f,bf157dd78dfbaf8f,kic_7771970_q5,null_trial,,,,13.0,complete,45.83471533283591,2026-08-20T23:55:38+00:00,
demo50_bf157dd78dfbaf8f,bf157dd78dfbaf8f,kic_7771970_q5,null_trial,,,,14.0,complete,46.295178750064224,2026-08-20T23:56:24+00:00,
demo50_bf157dd78dfbaf8f,bf157dd78dfbaf8f,kic_7771970_q5,null_trial,,,,15.0,complete,45.915646084118634,2026-08-20T23:57:10+00:00,
demo50_bf157dd78dfbaf8f,bf157dd78dfbaf8f,kic_7771970_q5,null_trial,,,,16.0,complete,46.31360924988985,2026-08-20T23:57:56+00:00,
demo50_bf157dd78dfbaf8f,bf157dd78dfbaf8f,kic_7771970_q5,null_trial,,,,17.0,complete,45.93295370787382,2026-08-20T23:58:42+00:00,
demo50_bf157dd78dfbaf8f,bf157dd78dfbaf8f,kic_7771970_q5,null_trial,,,,18.0,complete,46.10472333384678,2026-08-20T23:59:28+00:00,
demo50_bf157dd78dfbaf8f,bf157dd78dfbaf8f,kic_7771970_q5,null_trial,,,,19.0,complete,45.61479612533003,2026-08-21T00:00:14+00:00,
demo50_bf157dd78dfbaf8f,bf157dd78dfbaf8f,kic_7771970_q5,null_trial,,,,20.0,complete,45.84504137467593,2026-08-21T00:01:00+00:00,
demo50_bf157dd78dfbaf8f,bf157dd78dfbaf8f,kic_7771970_q5,null_trial,,,,21.0,complete,45.913788250181824,2026-08-21T00:01:46+00:00,
demo50_bf157dd78dfbaf8f,bf157dd78dfbaf8f,kic_7771970_q5,null_trial,,,,22.0,complete,45.91117820888758,2026-08-21T00:02:32+00:00,
demo50_bf157dd78dfbaf8f,bf157dd78dfbaf8f,kic_7771970_q5,null_trial,,,,23.0,complete,46.058573625050485,2026-08-21T00:03:18+00:00,
demo50_bf157dd78dfbaf8f,bf157dd78dfbaf8f,kic_7771970_q5,null_trial,,,,24.0,complete,46.22420016583055,2026-08-21T00:04:04+00:00,
demo50_bf157dd78dfbaf8f,bf157dd78dfbaf8f,kic_7771970_q5,null_trial,,,,25.0,complete,46.7845986247994,2026-08-21T00:04:51+00:00,
demo50_bf157dd78dfbaf8f,bf157dd78dfbaf8f,kic_7771970_q5,null_trial,,,,26.0,complete,46.47536641685292,2026-08-21T00:05:37+00:00,
demo50_bf157dd78dfbaf8f,bf157dd78dfbaf8f,kic_7771970_q5,null_trial,,,,27.0,complete,46.06203629216179,2026-08-21T00:06:23+00:00,
demo50_bf157dd78dfbaf8f,bf157dd78dfbaf8f,kic_7771970_q5,null_trial,,,,28.0,complete,46.545481415931135,2026-08-21T00:07:10+00:00,
demo50_bf157dd78dfbaf8f,bf157dd78dfbaf8f,kic_7771970_q5,null_trial,,,,29.0,complete,46.59197225002572,2026-08-21T00:07:56+00:00,
demo50_bf157dd78dfbaf8f,bf157dd78dfbaf8f,kic_7771970_q5,null_trial,,,,30.0,complete,46.679083541966975,2026-08-21T00:08:43+00:00,
demo50_bf157dd78dfbaf8f,bf157dd78dfbaf8f,kic_7771970_q5,null_trial,,,,31.0,complete,46.36207091715187,2026-08-21T00:09:29+00:00,
demo50_bf157dd78dfbaf8f,bf157dd78dfbaf8f,kic_7771970_q5,null_trial,,,,32.0,complete,46.41927812527865,2026-08-21T00:10:16+00:00,
demo50_bf157dd78dfbaf8f,bf157dd78dfbaf8f,kic_7771970_q5,null_trial,,,,33.0,complete,47.01025812514126,2026-08-21T00:11:03+00:00,
demo50_bf157dd78dfbaf8f,bf157dd78dfbaf8f,kic_7771970_q5,null_trial,,,,34.0,complete,48.148045000154525,2026-08-21T00:11:51+00:00,
demo50_bf157dd78dfbaf8f,bf157dd78dfbaf8f,kic_7771970_q5,null_trial,,,,35.0,complete,47.91675883438438,2026-08-21T00:12:39+00:00,
demo50_bf157dd78dfbaf8f,bf157dd78dfbaf8f,kic_7771970_q5,null_trial,,,,36.0,complete,48.398854416795075,2026-08-21T00:13:27+00:00,
demo50_bf157dd78dfbaf8f,bf157dd78dfbaf8f,kic_7771970_q5,null_trial,,,,37.0,complete,46.59289949992672,2026-08-21T00:14:14+00:00,
demo50_bf157dd78dfbaf8f,bf157dd78dfbaf8f,kic_7771970_q5,null_trial,,,,38.0,complete,46.02821299992502,2026-08-21T00:15:00+00:00,
demo50_bf157dd78dfbaf8f,bf157dd78dfbaf8f,kic_7771970_q5,null_trial,,,,39.0,complete,46.44241058314219,2026-08-21T00:15:46+00:00,
demo50_bf157dd78dfbaf8f,bf157dd78dfbaf8f,kic_7771970_q5,null_trial,,,,40.0,complete,45.85873745800927,2026-08-21T00:16:32+00:00,
demo50_bf157dd78dfbaf8f,bf157dd78dfbaf8f,kic_7771970_q5,null_trial,,,,41.0,complete,45.785984583199024,2026-08-21T00:17:18+00:00,
demo50_bf157dd78dfbaf8f,bf157dd78dfbaf8f,kic_7771970_q5,null_trial,,,,42.0,complete,45.8463386669755,2026-08-21T00:18:04+00:00,
demo50_bf157dd78dfbaf8f,bf157dd78dfbaf8f,kic_7771970_q5,null_trial,,,,43.0,complete,46.31057674996555,2026-08-21T00:18:50+00:00,
demo50_bf157dd78dfbaf8f,bf157dd78dfbaf8f,kic_7771970_q5,null_trial,,,,44.0,complete,46.35551404207945,2026-08-21T00:19:36+00:00,
demo50_bf157dd78dfbaf8f,bf157dd78dfbaf8f,kic_7771970_q5,null_trial,,,,45.0,complete,46.32779674977064,2026-08-21T00:20:23+00:00,
demo50_bf157dd78dfbaf8f,bf157dd78dfbaf8f,kic_7771970_q5,null_trial,,,,46.0,complete,45.80746166734025,2026-08-21T00:21:09+00:00,
demo50_bf157dd78dfbaf8f,bf157dd78dfbaf8f,kic_7771970_q5,null_trial,,,,47.0,complete,45.6727177076973,2026-08-21T00:21:54+00:00,
demo50_bf157dd78dfbaf8f,bf157dd78dfbaf8f,kic_7771970_q5,null_trial,,,,48.0,complete,45.50084999995306,2026-08-21T00:22:40+00:00,
demo50_bf157dd78dfbaf8f,bf157dd78dfbaf8f,kic_7771970_q5,null_trial,,,,49.0,complete,45.88025916740298,2026-08-21T00:23:26+00:00,
demo50_bf157dd78dfbaf8f,bf157dd78dfbaf8f,kic_7771970_q5,null_trial,,,,50.0,complete,45.61050541698933,2026-08-21T00:24:11+00:00,
demo50_bf157dd78dfbaf8f,bf157dd78dfbaf8f,kic_7771970_q5,null_trial,,,,51.0,complete,45.54576704232022,2026-08-21T00:24:57+00:00,
demo50_bf157dd78dfbaf8f,bf157dd78dfbaf8f,kic_7771970_q5,null_trial,,,,52.0,complete,45.59320962475613,2026-08-21T00:25:42+00:00,
demo50_bf157dd78dfbaf8f,bf157dd78dfbaf8f,kic_7771970_q5,null_trial,,,,53.0,complete,45.39416604209691,2026-08-21T00:26:28+00:00,
demo50_bf157dd78dfbaf8f,bf157dd78dfbaf8f,kic_7771970_q5,null_trial,,,,54.0,complete,45.66558824991807,2026-08-21T00:27:13+00:00,
demo50_bf157dd78dfbaf8f,bf157dd78dfbaf8f,kic_7771970_q5,null_trial,,,,55.0,complete,46.05319862533361,2026-08-21T00:28:00+00:00,
demo50_bf157dd78dfbaf8f,bf157dd78dfbaf8f,kic_7771970_q5,null_trial,,,,56.0,complete,45.495935999788344,2026-08-21T00:28:45+00:00,
demo50_bf157dd78dfbaf8f,bf157dd78dfbaf8f,kic_7771970_q5,null_trial,,,,57.0,complete,45.44970533391461,2026-08-21T00:29:30+00:00,
demo50_bf157dd78dfbaf8f,bf157dd78dfbaf8f,kic_7771970_q5,null_trial,,,,58.0,complete,45.83053054101765,2026-08-21T00:30:16+00:00,
demo50_bf157dd78dfbaf8f,bf157dd78dfbaf8f,kic_7771970_q5,null_trial,,,,59.0,complete,45.846876333002,2026-08-21T00:31:02+00:00,
demo50_bf157dd78dfbaf8f,bf157dd78dfbaf8f,kic_7771970_q5,null_trial,,,,60.0,complete,45.82003645878285,2026-08-21T00:31:48+00:00,
demo50_bf157dd78dfbaf8f,bf157dd78dfbaf8f,kic_7771970_q5,null_trial,,,,61.0,complete,45.22397600021213,2026-08-21T00:32:33+00:00,
demo50_bf157dd78dfbaf8f,bf157dd78dfbaf8f,kic_7771970_q5,null_trial,,,,62.0,complete,45.940729540772736,2026-08-21T00:33:19+00:00,
demo50_bf157dd78dfbaf8f,bf157dd78dfbaf8f,kic_7771970_q5,null_trial,,,,63.0,complete,45.17779487464577,2026-08-21T00:34:04+00:00,
demo50_bf157dd78dfbaf8f,bf157dd78dfbaf8f,kic_7771970_q5,null_trial,,,,64.0,complete,44.98791958298534,2026-08-21T00:34:49+00:00,
demo50_bf157dd78dfbaf8f,bf157dd78dfbaf8f,kic_7771970_q5,null_trial,,,,65.0,complete,45.90284512471408,2026-08-21T00:35:35+00:00,
demo50_bf157dd78dfbaf8f,bf157dd78dfbaf8f,kic_7771970_q5,null_trial,,,,66.0,complete,45.44714945880696,2026-08-21T00:36:21+00:00,
demo50_bf157dd78dfbaf8f,bf157dd78dfbaf8f,kic_7771970_q5,null_trial,,,,67.0,complete,45.44974166667089,2026-08-21T00:37:06+00:00,
demo50_bf157dd78dfbaf8f,bf157dd78dfbaf8f,kic_7771970_q5,null_trial,,,,68.0,complete,45.790779707953334,2026-08-21T00:37:52+00:00,
demo50_bf157dd78dfbaf8f,bf157dd78dfbaf8f,kic_7771970_q5,null_trial,,,,69.0,complete,45.26480908412486,2026-08-21T00:38:37+00:00,
demo50_bf157dd78dfbaf8f,bf157dd78dfbaf8f,kic_7771970_q5,null_trial,,,,70.0,complete,45.03872370813042,2026-08-21T00:39:22+00:00,
demo50_bf157dd78dfbaf8f,bf157dd78dfbaf8f,kic_7771970_q5,null_trial,,,,71.0,complete,45.54303933400661,2026-08-21T00:40:08+00:00,
demo50_bf157dd78dfbaf8f,bf157dd78dfbaf8f,kic_7771970_q5,null_trial,,,,72.0,complete,45.016294833272696,2026-08-21T00:40:53+00:00,
demo50_bf157dd78dfbaf8f,bf157dd78dfbaf8f,kic_7771970_q5,null_trial,,,,73.0,complete,45.29536870820448,2026-08-21T00:41:38+00:00,
demo50_bf157dd78dfbaf8f,bf157dd78dfbaf8f,kic_7771970_q5,null_trial,,,,74.0,complete,44.78315466688946,2026-08-21T00:42:23+00:00,
demo50_bf157dd78dfbaf8f,bf157dd78dfbaf8f,kic_7771970_q5,null_trial,,,,75.0,complete,45.245340541005135,2026-08-21T00:43:08+00:00,
demo50_bf157dd78dfbaf8f,bf157dd78dfbaf8f,kic_7771970_q5,null_trial,,,,76.0,complete,45.180204334203154,2026-08-21T00:43:53+00:00,
demo50_bf157dd78dfbaf8f,bf157dd78dfbaf8f,kic_7771970_q5,null_trial,,,,77.0,complete,45.18629016634077,2026-08-21T00:44:38+00:00,
demo50_bf157dd78dfbaf8f,bf157dd78dfbaf8f,kic_7771970_q5,null_trial,,,,78.0,complete,45.95931541733444,2026-08-21T00:45:24+00:00,
demo50_bf157dd78dfbaf8f,bf157dd78dfbaf8f,kic_7771970_q5,null_trial,,,,79.0,complete,45.49900099961087,2026-08-21T00:46:10+00:00,
demo50_bf157dd78dfbaf8f,bf157dd78dfbaf8f,kic_7771970_q5,null_trial,,,,80.0,complete,45.41083545796573,2026-08-21T00:46:55+00:00,
demo50_bf157dd78dfbaf8f,bf157dd78dfbaf8f,kic_7771970_q5,null_trial,,,,81.0,complete,45.58462583273649,2026-08-21T00:47:41+00:00,
demo50_bf157dd78dfbaf8f,bf157dd78dfbaf8f,kic_7771970_q5,null_trial,,,,82.0,complete,45.42819325020537,2026-08-21T00:48:26+00:00,
demo50_bf157dd78dfbaf8f,bf157dd78dfbaf8f,kic_7771970_q5,null_trial,,,,83.0,complete,45.61209791665897,2026-08-21T00:49:12+00:00,
demo50_bf157dd78dfbaf8f,bf157dd78dfbaf8f,kic_7771970_q5,null_trial,,,,84.0,complete,45.86413554195315,2026-08-21T00:49:58+00:00,
demo50_bf157dd78dfbaf8f,bf157dd78dfbaf8f,kic_7771970_q5,null_trial,,,,85.0,complete,45.998022249899805,2026-08-21T00:50:44+00:00,
demo50_bf157dd78dfbaf8f,bf157dd78dfbaf8f,kic_7771970_q5,null_trial,,,,86.0,complete,46.06185858370736,2026-08-21T00:51:30+00:00,
demo50_bf157dd78dfbaf8f,bf157dd78dfbaf8f,kic_7771970_q5,null_trial,,,,87.0,complete,46.17718600016087,2026-08-21T00:52:16+00:00,
demo50_bf157dd78dfbaf8f,bf157dd78dfbaf8f,kic_7771970_q5,null_trial,,,,88.0,complete,45.79767766734585,2026-08-21T00:53:02+00:00,
demo50_bf157dd78dfbaf8f,bf157dd78dfbaf8f,kic_7771970_q5,null_trial,,,,89.0,complete,46.82280799979344,2026-08-21T00:53:49+00:00,
demo50_bf157dd78dfbaf8f,bf157dd78dfbaf8f,kic_7771970_q5,null_trial,,,,90.0,complete,46.0943597080186,2026-08-21T00:54:35+00:00,
demo50_bf157dd78dfbaf8f,bf157dd78dfbaf8f,kic_7771970_q5,null_trial,,,,91.0,complete,46.755287166684866,2026-08-21T00:55:22+00:00,
demo50_bf157dd78dfbaf8f,bf157dd78dfbaf8f,kic_7771970_q5,null_trial,,,,92.0,complete,46.368427332956344,2026-08-21T00:56:08+00:00,
demo50_bf157dd78dfbaf8f,bf157dd78dfbaf8f,kic_7771970_q5,null_trial,,,,93.0,complete,45.82680045906454,2026-08-21T00:56:54+00:00,
demo50_bf157dd78dfbaf8f,bf157dd78dfbaf8f,kic_7771970_q5,null_trial,,,,94.0,complete,46.34772958420217,2026-08-21T00:57:40+00:00,
demo50_bf157dd78dfbaf8f,bf157dd78dfbaf8f,kic_7771970_q5,null_trial,,,,95.0,complete,46.26051225000992,2026-08-21T00:58:26+00:00,
demo50_bf157dd78dfbaf8f,bf157dd78dfbaf8f,kic_7771970_q5,null_trial,,,,96.0,complete,46.00177116738632,2026-08-21T00:59:12+00:00,
demo50_bf157dd78dfbaf8f,bf157dd78dfbaf8f,kic_7771970_q5,null_trial,,,,97.0,complete,45.643137583043426,2026-08-21T00:59:58+00:00,
demo50_bf157dd78dfbaf8f,bf157dd78dfbaf8f,kic_7771970_q5,null_trial,,,,98.0,complete,47.16592570813373,2026-08-21T01:00:45+00:00,
demo50_bf157dd78dfbaf8f,bf157dd78dfbaf8f,kic_7771970_q5,null_trial,,,,99.0,complete,46.49429312488064,2026-08-21T01:01:32+00:00,
demo50_bf157dd78dfbaf8f,bf157dd78dfbaf8f,kic_7771970_q5,star,,,,,complete,,2026-08-21T01:01:32+00:00,
demo50_bf157dd78dfbaf8f,bf157dd78dfbaf8f,kic_9414701_q5,data_fetch,,,,,complete_cached,,2026-08-20T23:50:12+00:00,
demo50_bf157dd78dfbaf8f,bf157dd78dfbaf8f,kic_9414701_q5,null_trial,,,,0.0,complete,46.58050874993205,2026-08-20T23:50:59+00:00,
demo50_bf157dd78dfbaf8f,bf157dd78dfbaf8f,kic_9414701_q5,null_trial,,,,1.0,complete,46.94136287504807,2026-08-20T23:51:46+00:00,
demo50_bf157dd78dfbaf8f,bf157dd78dfbaf8f,kic_9414701_q5,null_trial,,,,2.0,complete,47.21153762517497,2026-08-20T23:52:33+00:00,
demo50_bf157dd78dfbaf8f,bf157dd78dfbaf8f,kic_9414701_q5,null_trial,,,,3.0,complete,47.6613632501103,2026-08-20T23:53:21+00:00,
demo50_bf157dd78dfbaf8f,bf157dd78dfbaf8f,kic_9414701_q5,null_trial,,,,4.0,complete,46.82215404184535,2026-08-20T23:54:08+00:00,
demo50_bf157dd78dfbaf8f,bf157dd78dfbaf8f,kic_9414701_q5,null_trial,,,,5.0,complete,47.50210899999365,2026-08-20T23:54:55+00:00,
demo50_bf157dd78dfbaf8f,bf157dd78dfbaf8f,kic_9414701_q5,null_trial,,,,6.0,complete,47.93217220809311,2026-08-20T23:55:43+00:00,
demo50_bf157dd78dfbaf8f,bf157dd78dfbaf8f,kic_9414701_q5,null_trial,,,,7.0,complete,48.155397333204746,2026-08-20T23:56:31+00:00,
demo50_bf157dd78dfbaf8f,bf157dd78dfbaf8f,kic_9414701_q5,null_trial,,,,8.0,complete,47.70157508272678,2026-08-20T23:57:19+00:00,
demo50_bf157dd78dfbaf8f,bf157dd78dfbaf8f,kic_9414701_q5,null_trial,,,,9.0,complete,47.91435679234564,2026-08-20T23:58:07+00:00,
demo50_bf157dd78dfbaf8f,bf157dd78dfbaf8f,kic_9414701_q5,null_trial,,,,10.0,complete,47.976218458265066,2026-08-20T23:58:55+00:00,
demo50_bf157dd78dfbaf8f,bf157dd78dfbaf8f,kic_9414701_q5,null_trial,,,,11.0,complete,47.838936124928296,2026-08-20T23:59:43+00:00,
demo50_bf157dd78dfbaf8f,bf157dd78dfbaf8f,kic_9414701_q5,null_trial,,,,12.0,complete,47.18726779194549,2026-08-21T00:00:30+00:00,
demo50_bf157dd78dfbaf8f,bf157dd78dfbaf8f,kic_9414701_q5,null_trial,,,,13.0,complete,47.8885427089408,2026-08-21T00:01:18+00:00,
demo50_bf157dd78dfbaf8f,bf157dd78dfbaf8f,kic_9414701_q5,null_trial,,,,14.0,complete,47.767022583168,2026-08-21T00:02:06+00:00,
demo50_bf157dd78dfbaf8f,bf157dd78dfbaf8f,kic_9414701_q5,null_trial,,,,15.0,complete,47.54732995806262,2026-08-21T00:02:53+00:00,
demo50_bf157dd78dfbaf8f,bf157dd78dfbaf8f,kic_9414701_q5,null_trial,,,,16.0,complete,47.68497470812872,2026-08-21T00:03:41+00:00,
demo50_bf157dd78dfbaf8f,bf157dd78dfbaf8f,kic_9414701_q5,null_trial,,,,17.0,complete,48.13470066664741,2026-08-21T00:04:29+00:00,
demo50_bf157dd78dfbaf8f,bf157dd78dfbaf8f,kic_9414701_q5,null_trial,,,,18.0,complete,48.21488891588524,2026-08-21T00:05:17+00:00,
demo50_bf157dd78dfbaf8f,bf157dd78dfbaf8f,kic_9414701_q5,null_trial,,,,19.0,complete,47.800929584074765,2026-08-21T00:06:05+00:00,
demo50_bf157dd78dfbaf8f,bf157dd78dfbaf8f,kic_9414701_q5,null_trial,,,,20.0,complete,48.029109249822795,2026-08-21T00:06:53+00:00,
demo50_bf157dd78dfbaf8f,bf157dd78dfbaf8f,kic_9414701_q5,null_trial,,,,21.0,complete,48.06088883290067,2026-08-21T00:07:41+00:00,
demo50_bf157dd78dfbaf8f,bf157dd78dfbaf8f,kic_9414701_q5,null_trial,,,,22.0,complete,48.61971191689372,2026-08-21T00:08:30+00:00,
demo50_bf157dd78dfbaf8f,bf157dd78dfbaf8f,kic_9414701_q5,null_trial,,,,23.0,complete,48.4256719998084,2026-08-21T00:09:18+00:00,
demo50_bf157dd78dfbaf8f,bf157dd78dfbaf8f,kic_9414701_q5,null_trial,,,,24.0,complete,48.42333983397111,2026-08-21T00:10:07+00:00,
demo50_bf157dd78dfbaf8f,bf157dd78dfbaf8f,kic_9414701_q5,null_trial,,,,25.0,complete,48.886270916089416,2026-08-21T00:10:56+00:00,
demo50_bf157dd78dfbaf8f,bf157dd78dfbaf8f,kic_9414701_q5,null_trial,,,,26.0,complete,49.919178124982864,2026-08-21T00:11:45+00:00,
demo50_bf157dd78dfbaf8f,bf157dd78dfbaf8f,kic_9414701_q5,null_trial,,,,27.0,complete,49.92328270897269,2026-08-21T00:12:35+00:00,
demo50_bf157dd78dfbaf8f,bf157dd78dfbaf8f,kic_9414701_q5,null_trial,,,,28.0,complete,49.987801083829254,2026-08-21T00:13:25+00:00,
demo50_bf157dd78dfbaf8f,bf157dd78dfbaf8f,kic_9414701_q5,null_trial,,,,29.0,complete,48.59783295774832,2026-08-21T00:14:14+00:00,
demo50_bf157dd78dfbaf8f,bf157dd78dfbaf8f,kic_9414701_q5,null_trial,,,,30.0,complete,47.68672641646117,2026-08-21T00:15:02+00:00,
demo50_bf157dd78dfbaf8f,bf157dd78dfbaf8f,kic_9414701_q5,null_trial,,,,31.0,complete,48.28733012499288,2026-08-21T00:15:50+00:00,
demo50_bf157dd78dfbaf8f,bf157dd78dfbaf8f,kic_9414701_q5,null_trial,,,,32.0,complete,47.363923291675746,2026-08-21T00:16:37+00:00,
demo50_bf157dd78dfbaf8f,bf157dd78dfbaf8f,kic_9414701_q5,null_trial,,,,33.0,complete,47.40594504214823,2026-08-21T00:17:25+00:00,
demo50_bf157dd78dfbaf8f,bf157dd78dfbaf8f,kic_9414701_q5,null_trial,,,,34.0,complete,47.707687333691865,2026-08-21T00:18:12+00:00,
demo50_bf157dd78dfbaf8f,bf157dd78dfbaf8f,kic_9414701_q5,null_trial,,,,35.0,complete,48.11929187504575,2026-08-21T00:19:01+00:00,
demo50_bf157dd78dfbaf8f,bf157dd78dfbaf8f,kic_9414701_q5,null_trial,,,,36.0,complete,48.587404208723456,2026-08-21T00:19:49+00:00,
demo50_bf157dd78dfbaf8f,bf157dd78dfbaf8f,kic_9414701_q5,null_trial,,,,37.0,complete,47.58143308432773,2026-08-21T00:20:37+00:00,
demo50_bf157dd78dfbaf8f,bf157dd78dfbaf8f,kic_9414701_q5,null_trial,,,,38.0,complete,47.79477620823309,2026-08-21T00:21:25+00:00,
demo50_bf157dd78dfbaf8f,bf157dd78dfbaf8f,kic_9414701_q5,null_trial,,,,39.0,complete,47.2044364172034,2026-08-21T00:22:12+00:00,
demo50_bf157dd78dfbaf8f,bf157dd78dfbaf8f,kic_9414701_q5,null_trial,,,,40.0,complete,47.25825441721827,2026-08-21T00:22:59+00:00,
demo50_bf157dd78dfbaf8f,bf157dd78dfbaf8f,kic_9414701_q5,null_trial,,,,41.0,complete,47.500733790919185,2026-08-21T00:23:46+00:00,
demo50_bf157dd78dfbaf8f,bf157dd78dfbaf8f,kic_9414701_q5,null_trial,,,,42.0,complete,47.5778429582715,2026-08-21T00:24:34+00:00,
demo50_bf157dd78dfbaf8f,bf157dd78dfbaf8f,kic_9414701_q5,null_trial,,,,43.0,complete,47.62295104190707,2026-08-21T00:25:22+00:00,
demo50_bf157dd78dfbaf8f,bf157dd78dfbaf8f,kic_9414701_q5,null_trial,,,,44.0,complete,47.2319676252082,2026-08-21T00:26:09+00:00,
demo50_bf157dd78dfbaf8f,bf157dd78dfbaf8f,kic_9414701_q5,null_trial,,,,45.0,complete,47.392663166858256,2026-08-21T00:26:56+00:00,
demo50_bf157dd78dfbaf8f,bf157dd78dfbaf8f,kic_9414701_q5,null_trial,,,,46.0,complete,47.48110291687772,2026-08-21T00:27:44+00:00,
demo50_bf157dd78dfbaf8f,bf157dd78dfbaf8f,kic_9414701_q5,null_trial,,,,47.0,complete,47.68084662500769,2026-08-21T00:28:31+00:00,
demo50_bf157dd78dfbaf8f,bf157dd78dfbaf8f,kic_9414701_q5,null_trial,,,,48.0,complete,47.43289912492037,2026-08-21T00:29:19+00:00,
demo50_bf157dd78dfbaf8f,bf157dd78dfbaf8f,kic_9414701_q5,null_trial,,,,49.0,complete,47.18283808324486,2026-08-21T00:30:06+00:00,
demo50_bf157dd78dfbaf8f,bf157dd78dfbaf8f,kic_9414701_q5,null_trial,,,,50.0,complete,47.30462612537667,2026-08-21T00:30:53+00:00,
demo50_bf157dd78dfbaf8f,bf157dd78dfbaf8f,kic_9414701_q5,null_trial,,,,51.0,complete,47.32979020895437,2026-08-21T00:31:41+00:00,
demo50_bf157dd78dfbaf8f,bf157dd78dfbaf8f,kic_9414701_q5,null_trial,,,,52.0,complete,46.7203189576976,2026-08-21T00:32:27+00:00,
demo50_bf157dd78dfbaf8f,bf157dd78dfbaf8f,kic_9414701_q5,null_trial,,,,53.0,complete,47.49438825016841,2026-08-21T00:33:15+00:00,
demo50_bf157dd78dfbaf8f,bf157dd78dfbaf8f,kic_9414701_q5,null_trial,,,,54.0,complete,47.172815666068345,2026-08-21T00:34:02+00:00,
demo50_bf157dd78dfbaf8f,bf157dd78dfbaf8f,kic_9414701_q5,null_trial,,,,55.0,complete,46.65930754086003,2026-08-21T00:34:49+00:00,
demo50_bf157dd78dfbaf8f,bf157dd78dfbaf8f,kic_9414701_q5,null_trial,,,,56.0,complete,47.40480870800093,2026-08-21T00:35:36+00:00,
demo50_bf157dd78dfbaf8f,bf157dd78dfbaf8f,kic_9414701_q5,null_trial,,,,57.0,complete,47.328960832674056,2026-08-21T00:36:24+00:00,
demo50_bf157dd78dfbaf8f,bf157dd78dfbaf8f,kic_9414701_q5,null_trial,,,,58.0,complete,47.16257670894265,2026-08-21T00:37:11+00:00,
demo50_bf157dd78dfbaf8f,bf157dd78dfbaf8f,kic_9414701_q5,null_trial,,,,59.0,complete,47.512844250071794,2026-08-21T00:37:58+00:00,
demo50_bf157dd78dfbaf8f,bf157dd78dfbaf8f,kic_9414701_q5,null_trial,,,,60.0,complete,46.79050499992445,2026-08-21T00:38:45+00:00,
demo50_bf157dd78dfbaf8f,bf157dd78dfbaf8f,kic_9414701_q5,null_trial,,,,61.0,complete,46.95897933328524,2026-08-21T00:39:32+00:00,
demo50_bf157dd78dfbaf8f,bf157dd78dfbaf8f,kic_9414701_q5,null_trial,,,,62.0,complete,47.18261491693556,2026-08-21T00:40:19+00:00,
demo50_bf157dd78dfbaf8f,bf157dd78dfbaf8f,kic_9414701_q5,null_trial,,,,63.0,complete,47.079329332802445,2026-08-21T00:41:06+00:00,
demo50_bf157dd78dfbaf8f,bf157dd78dfbaf8f,kic_9414701_q5,null_trial,,,,64.0,complete,46.858985458966345,2026-08-21T00:41:53+00:00,
demo50_bf157dd78dfbaf8f,bf157dd78dfbaf8f,kic_9414701_q5,null_trial,,,,65.0,complete,46.90203475020826,2026-08-21T00:42:40+00:00,
demo50_bf157dd78dfbaf8f,bf157dd78dfbaf8f,kic_9414701_q5,null_trial,,,,66.0,complete,46.87275283318013,2026-08-21T00:43:27+00:00,
demo50_bf157dd78dfbaf8f,bf157dd78dfbaf8f,kic_9414701_q5,null_trial,,,,67.0,complete,46.91305425018072,2026-08-21T00:44:14+00:00,
demo50_bf157dd78dfbaf8f,bf157dd78dfbaf8f,kic_9414701_q5,null_trial,,,,68.0,complete,47.03847370762378,2026-08-21T00:45:01+00:00,
demo50_bf157dd78dfbaf8f,bf157dd78dfbaf8f,kic_9414701_q5,null_trial,,,,69.0,complete,47.32988308323547,2026-08-21T00:45:48+00:00,
demo50_bf157dd78dfbaf8f,bf157dd78dfbaf8f,kic_9414701_q5,null_trial,,,,70.0,complete,47.34867270896211,2026-08-21T00:46:35+00:00,
demo50_bf157dd78dfbaf8f,bf157dd78dfbaf8f,kic_9414701_q5,null_trial,,,,71.0,complete,46.71703995810822,2026-08-21T00:47:22+00:00,
demo50_bf157dd78dfbaf8f,bf157dd78dfbaf8f,kic_9414701_q5,null_trial,,,,72.0,complete,47.22719620820135,2026-08-21T00:48:09+00:00,
demo50_bf157dd78dfbaf8f,bf157dd78dfbaf8f,kic_9414701_q5,null_trial,,,,73.0,complete,47.08164791576564,2026-08-21T00:48:57+00:00,
demo50_bf157dd78dfbaf8f,bf157dd78dfbaf8f,kic_9414701_q5,null_trial,,,,74.0,complete,47.58043970912695,2026-08-21T00:49:44+00:00,
demo50_bf157dd78dfbaf8f,bf157dd78dfbaf8f,kic_9414701_q5,null_trial,,,,75.0,complete,47.51215200033039,2026-08-21T00:50:32+00:00,
demo50_bf157dd78dfbaf8f,bf157dd78dfbaf8f,kic_9414701_q5,null_trial,,,,76.0,complete,47.61344524985179,2026-08-21T00:51:19+00:00,
demo50_bf157dd78dfbaf8f,bf157dd78dfbaf8f,kic_9414701_q5,null_trial,,,,77.0,complete,47.17013170896098,2026-08-21T00:52:06+00:00,
demo50_bf157dd78dfbaf8f,bf157dd78dfbaf8f,kic_9414701_q5,null_trial,,,,78.0,complete,47.54567050002515,2026-08-21T00:52:54+00:00,
demo50_bf157dd78dfbaf8f,bf157dd78dfbaf8f,kic_9414701_q5,null_trial,,,,79.0,complete,48.12303329166025,2026-08-21T00:53:42+00:00,
demo50_bf157dd78dfbaf8f,bf157dd78dfbaf8f,kic_9414701_q5,null_trial,,,,80.0,complete,47.85551004111767,2026-08-21T00:54:30+00:00,
demo50_bf157dd78dfbaf8f,bf157dd78dfbaf8f,kic_9414701_q5,null_trial,,,,81.0,complete,47.85231741704047,2026-08-21T00:55:18+00:00,
demo50_bf157dd78dfbaf8f,bf157dd78dfbaf8f,kic_9414701_q5,null_trial,,,,82.0,complete,48.43090279120952,2026-08-21T00:56:06+00:00,
demo50_bf157dd78dfbaf8f,bf157dd78dfbaf8f,kic_9414701_q5,null_trial,,,,83.0,complete,47.8495172499679,2026-08-21T00:56:54+00:00,
demo50_bf157dd78dfbaf8f,bf157dd78dfbaf8f,kic_9414701_q5,null_trial,,,,84.0,complete,47.96014254214242,2026-08-21T00:57:42+00:00,
demo50_bf157dd78dfbaf8f,bf157dd78dfbaf8f,kic_9414701_q5,null_trial,,,,85.0,complete,47.86729979235679,2026-08-21T00:58:30+00:00,
demo50_bf157dd78dfbaf8f,bf157dd78dfbaf8f,kic_9414701_q5,null_trial,,,,86.0,complete,47.55177754210308,2026-08-21T00:59:17+00:00,
demo50_bf157dd78dfbaf8f,bf157dd78dfbaf8f,kic_9414701_q5,null_trial,,,,87.0,complete,48.69180124998093,2026-08-21T01:00:06+00:00,
demo50_bf157dd78dfbaf8f,bf157dd78dfbaf8f,kic_9414701_q5,null_trial,,,,88.0,complete,48.20673750014976,2026-08-21T01:00:54+00:00,
demo50_bf157dd78dfbaf8f,bf157dd78dfbaf8f,kic_9414701_q5,null_trial,,,,89.0,complete,48.28315554186702,2026-08-21T01:01:43+00:00,
demo50_bf157dd78dfbaf8f,bf157dd78dfbaf8f,kic_9414701_q5,null_trial,,,,90.0,complete,48.430864041205496,2026-08-21T01:02:31+00:00,
demo50_bf157dd78dfbaf8f,bf157dd78dfbaf8f,kic_9414701_q5,null_trial,,,,91.0,complete,48.493631708901376,2026-08-21T01:03:20+00:00,
demo50_bf157dd78dfbaf8f,bf157dd78dfbaf8f,kic_9414701_q5,null_trial,,,,92.0,complete,48.7622928339988,2026-08-21T01:04:08+00:00,
demo50_bf157dd78dfbaf8f,bf157dd78dfbaf8f,kic_9414701_q5,null_trial,,,,93.0,complete,48.22974320827052,2026-08-21T01:04:57+00:00,
demo50_bf157dd78dfbaf8f,bf157dd78dfbaf8f,kic_9414701_q5,null_trial,,,,94.0,complete,48.2773285000585,2026-08-21T01:05:45+00:00,
demo50_bf157dd78dfbaf8f,bf157dd78dfbaf8f,kic_9414701_q5,null_trial,,,,95.0,complete,48.69667508266866,2026-08-21T01:06:34+00:00,
demo50_bf157dd78dfbaf8f,bf157dd78dfbaf8f,kic_9414701_q5,null_trial,,,,96.0,complete,48.43094150023535,2026-08-21T01:07:22+00:00,
demo50_bf157dd78dfbaf8f,bf157dd78dfbaf8f,kic_9414701_q5,null_trial,,,,97.0,complete,48.35954454168677,2026-08-21T01:08:10+00:00,
demo50_bf157dd78dfbaf8f,bf157dd78dfbaf8f,kic_9414701_q5,null_trial,,,,98.0,complete,48.09007666725665,2026-08-21T01:08:58+00:00,
demo50_bf157dd78dfbaf8f,bf157dd78dfbaf8f,kic_9414701_q5,null_trial,,,,99.0,complete,48.08987812511623,2026-08-21T01:09:46+00:00,
demo50_bf157dd78dfbaf8f,bf157dd78dfbaf8f,kic_9414701_q5,star,,,,,complete,,2026-08-21T01:09:47+00:00,
demo50_bf157dd78dfbaf8f,bf157dd78dfbaf8f,kic_9451256_q5,data_fetch,,,,,complete_cached,,2026-08-21T01:01:32+00:00,
demo50_bf157dd78dfbaf8f,bf157dd78dfbaf8f,kic_9451256_q5,null_trial,,,,0.0,complete,46.66219516610727,2026-08-21T01:02:19+00:00,
demo50_bf157dd78dfbaf8f,bf157dd78dfbaf8f,kic_9451256_q5,null_trial,,,,1.0,complete,47.18438729085028,2026-08-21T01:03:06+00:00,
demo50_bf157dd78dfbaf8f,bf157dd78dfbaf8f,kic_9451256_q5,null_trial,,,,2.0,complete,46.27657608408481,2026-08-21T01:03:53+00:00,
demo50_bf157dd78dfbaf8f,bf157dd78dfbaf8f,kic_9451256_q5,null_trial,,,,3.0,complete,46.702095083892345,2026-08-21T01:04:39+00:00,
demo50_bf157dd78dfbaf8f,bf157dd78dfbaf8f,kic_9451256_q5,null_trial,,,,4.0,complete,45.999019832815975,2026-08-21T01:05:25+00:00,
demo50_bf157dd78dfbaf8f,bf157dd78dfbaf8f,kic_9451256_q5,null_trial,,,,5.0,complete,46.45583024993539,2026-08-21T01:06:12+00:00,
demo50_bf157dd78dfbaf8f,bf157dd78dfbaf8f,kic_9451256_q5,null_trial,,,,6.0,complete,46.631636834237725,2026-08-21T01:06:58+00:00,
demo50_bf157dd78dfbaf8f,bf157dd78dfbaf8f,kic_9451256_q5,null_trial,,,,7.0,complete,46.56349516613409,2026-08-21T01:07:45+00:00,
demo50_bf157dd78dfbaf8f,bf157dd78dfbaf8f,kic_9451256_q5,null_trial,,,,8.0,complete,46.876280415803194,2026-08-21T01:08:32+00:00,
demo50_bf157dd78dfbaf8f,bf157dd78dfbaf8f,kic_9451256_q5,null_trial,,,,9.0,complete,46.2930272500962,2026-08-21T01:09:18+00:00,
demo50_bf157dd78dfbaf8f,bf157dd78dfbaf8f,kic_9451256_q5,null_trial,,,,10.0,complete,46.790697916876525,2026-08-21T01:10:05+00:00,
demo50_bf157dd78dfbaf8f,bf157dd78dfbaf8f,kic_9451256_q5,null_trial,,,,11.0,complete,45.91593391727656,2026-08-21T01:10:51+00:00,
demo50_bf157dd78dfbaf8f,bf157dd78dfbaf8f,kic_9451256_q5,null_trial,,,,12.0,complete,46.25145075004548,2026-08-21T01:11:37+00:00,
demo50_bf157dd78dfbaf8f,bf157dd78dfbaf8f,kic_9451256_q5,null_trial,,,,13.0,complete,45.98426245804876,2026-08-21T01:12:23+00:00,
demo50_bf157dd78dfbaf8f,bf157dd78dfbaf8f,kic_9451256_q5,null_trial,,,,14.0,complete,46.02282016724348,2026-08-21T01:13:09+00:00,
demo50_bf157dd78dfbaf8f,bf157dd78dfbaf8f,kic_9451256_q5,null_trial,,,,15.0,complete,46.08233495801687,2026-08-21T01:13:55+00:00,
demo50_bf157dd78dfbaf8f,bf157dd78dfbaf8f,kic_9451256_q5,null_trial,,,,16.0,complete,45.63336220942438,2026-08-21T01:14:41+00:00,
demo50_bf157dd78dfbaf8f,bf157dd78dfbaf8f,kic_9451256_q5,null_trial,,,,17.0,complete,45.94627512479201,2026-08-21T01:15:27+00:00,
demo50_bf157dd78dfbaf8f,bf157dd78dfbaf8f,kic_9451256_q5,null_trial,,,,18.0,complete,45.619930000044405,2026-08-21T01:16:12+00:00,
demo50_bf157dd78dfbaf8f,bf157dd78dfbaf8f,kic_9451256_q5,null_trial,,,,19.0,complete,45.630499583203346,2026-08-21T01:16:58+00:00,
demo50_bf157dd78dfbaf8f,bf157dd78dfbaf8f,kic_9451256_q5,null_trial,,,,20.0,complete,45.731360625009984,2026-08-21T01:17:44+00:00,
demo50_bf157dd78dfbaf8f,bf157dd78dfbaf8f,kic_9451256_q5,null_trial,,,,21.0,complete,45.98147216625512,2026-08-21T01:18:30+00:00,
demo50_bf157dd78dfbaf8f,bf157dd78dfbaf8f,kic_9451256_q5,null_trial,,,,22.0,complete,45.904794707894325,2026-08-21T01:19:16+00:00,
demo50_bf157dd78dfbaf8f,bf157dd78dfbaf8f,kic_9451256_q5,null_trial,,,,23.0,complete,46.05327704176307,2026-08-21T01:20:02+00:00,
demo50_bf157dd78dfbaf8f,bf157dd78dfbaf8f,kic_9451256_q5,null_trial,,,,24.0,complete,45.48085591662675,2026-08-21T01:20:47+00:00,
demo50_bf157dd78dfbaf8f,bf157dd78dfbaf8f,kic_9451256_q5,null_trial,,,,25.0,complete,45.751801666338,2026-08-21T01:21:33+00:00,
demo50_bf157dd78dfbaf8f,bf157dd78dfbaf8f,kic_9451256_q5,null_trial,,,,26.0,complete,45.523590417113155,2026-08-21T01:22:19+00:00,
demo50_bf157dd78dfbaf8f,bf157dd78dfbaf8f,kic_9451256_q5,null_trial,,,,27.0,complete,45.53150924993679,2026-08-21T01:23:04+00:00,
demo50_bf157dd78dfbaf8f,bf157dd78dfbaf8f,kic_9451256_q5,null_trial,,,,28.0,complete,45.64790291711688,2026-08-21T01:23:50+00:00,
demo50_bf157dd78dfbaf8f,bf157dd78dfbaf8f,kic_9451256_q5,null_trial,,,,29.0,complete,45.9867257499136,2026-08-21T01:24:36+00:00,
demo50_bf157dd78dfbaf8f,bf157dd78dfbaf8f,kic_9451256_q5,null_trial,,,,30.0,complete,45.53614329220727,2026-08-21T01:25:21+00:00,
demo50_bf157dd78dfbaf8f,bf157dd78dfbaf8f,kic_9451256_q5,null_trial,,,,31.0,complete,45.79127320833504,2026-08-21T01:26:07+00:00,
demo50_bf157dd78dfbaf8f,bf157dd78dfbaf8f,kic_9451256_q5,null_trial,,,,32.0,complete,45.57709837518632,2026-08-21T01:26:53+00:00,
demo50_bf157dd78dfbaf8f,bf157dd78dfbaf8f,kic_9451256_q5,null_trial,,,,33.0,complete,45.90673566609621,2026-08-21T01:27:39+00:00,
demo50_bf157dd78dfbaf8f,bf157dd78dfbaf8f,kic_9451256_q5,null_trial,,,,34.0,complete,45.77254250040278,2026-08-21T01:28:24+00:00,
demo50_bf157dd78dfbaf8f,bf157dd78dfbaf8f,kic_9451256_q5,null_trial,,,,35.0,complete,45.06123612495139,2026-08-21T01:29:09+00:00,
demo50_bf157dd78dfbaf8f,bf157dd78dfbaf8f,kic_9451256_q5,null_trial,,,,36.0,complete,45.43847645819187,2026-08-21T01:29:55+00:00,
demo50_bf157dd78dfbaf8f,bf157dd78dfbaf8f,kic_9451256_q5,null_trial,,,,37.0,complete,45.630431375000626,2026-08-21T01:30:40+00:00,
demo50_bf157dd78dfbaf8f,bf157dd78dfbaf8f,kic_9451256_q5,null_trial,,,,38.0,complete,45.456720541231334,2026-08-21T01:31:26+00:00,
demo50_bf157dd78dfbaf8f,bf157dd78dfbaf8f,kic_9451256_q5,null_trial,,,,39.0,complete,44.83217891585082,2026-08-21T01:32:11+00:00,
demo50_bf157dd78dfbaf8f,bf157dd78dfbaf8f,kic_9451256_q5,null_trial,,,,40.0,complete,45.46698524989188,2026-08-21T01:32:56+00:00,
demo50_bf157dd78dfbaf8f,bf157dd78dfbaf8f,kic_9451256_q5,null_trial,,,,41.0,complete,45.670333249960095,2026-08-21T01:33:42+00:00,
demo50_bf157dd78dfbaf8f,bf157dd78dfbaf8f,kic_9451256_q5,null_trial,,,,42.0,complete,45.55955000035465,2026-08-21T01:34:27+00:00,
demo50_bf157dd78dfbaf8f,bf157dd78dfbaf8f,kic_9451256_q5,null_trial,,,,43.0,complete,45.12592433299869,2026-08-21T01:35:13+00:00,
demo50_bf157dd78dfbaf8f,bf157dd78dfbaf8f,kic_9451256_q5,null_trial,,,,44.0,complete,45.2977284588851,2026-08-21T01:35:58+00:00,
demo50_bf157dd78dfbaf8f,bf157dd78dfbaf8f,kic_9451256_q5,null_trial,,,,45.0,complete,45.13437945814803,2026-08-21T01:36:43+00:00,
demo50_bf157dd78dfbaf8f,bf157dd78dfbaf8f,kic_9451256_q5,null_trial,,,,46.0,complete,45.23843583278358,2026-08-21T01:37:28+00:00,
demo50_bf157dd78dfbaf8f,bf157dd78dfbaf8f,kic_9451256_q5,null_trial,,,,47.0,complete,45.69350299984217,2026-08-21T01:38:14+00:00,
demo50_bf157dd78dfbaf8f,bf157dd78dfbaf8f,kic_9451256_q5,null_trial,,,,48.0,complete,45.4397574160248,2026-08-21T01:38:59+00:00,
demo50_bf157dd78dfbaf8f,bf157dd78dfbaf8f,kic_9451256_q5,null_trial,,,,49.0,complete,45.59587199985981,2026-08-21T01:39:45+00:00,
demo50_bf157dd78dfbaf8f,bf157dd78dfbaf8f,kic_9451256_q5,null_trial,,,,50.0,complete,45.025266542099416,2026-08-21T01:40:30+00:00,
demo50_bf157dd78dfbaf8f,bf157dd78dfbaf8f,kic_9451256_q5,null_trial,,,,51.0,complete,45.31183295836672,2026-08-21T01:41:15+00:00,
demo50_bf157dd78dfbaf8f,bf157dd78dfbaf8f,kic_9451256_q5,null_trial,,,,52.0,complete,45.29322933359072,2026-08-21T01:42:01+00:00,
demo50_bf157dd78dfbaf8f,bf157dd78dfbaf8f,kic_9451256_q5,null_trial,,,,53.0,complete,45.34455804200843,2026-08-21T01:42:46+00:00,
demo50_bf157dd78dfbaf8f,bf157dd78dfbaf8f,kic_9451256_q5,null_trial,,,,54.0,complete,45.52050441689789,2026-08-21T01:43:31+00:00,
demo50_bf157dd78dfbaf8f,bf157dd78dfbaf8f,kic_9451256_q5,null_trial,,,,55.0,complete,45.96870329231024,2026-08-21T01:44:17+00:00,
demo50_bf157dd78dfbaf8f,bf157dd78dfbaf8f,kic_9451256_q5,null_trial,,,,56.0,complete,45.50474620889872,2026-08-21T01:45:03+00:00,
demo50_bf157dd78dfbaf8f,bf157dd78dfbaf8f,kic_9451256_q5,null_trial,,,,57.0,complete,45.811456999741495,2026-08-21T01:45:49+00:00,
demo50_bf157dd78dfbaf8f,bf157dd78dfbaf8f,kic_9451256_q5,null_trial,,,,58.0,complete,45.52123708417639,2026-08-21T01:46:34+00:00,
demo50_bf157dd78dfbaf8f,bf157dd78dfbaf8f,kic_9451256_q5,null_trial,,,,59.0,complete,45.55963524989784,2026-08-21T01:47:20+00:00,
demo50_bf157dd78dfbaf8f,bf157dd78dfbaf8f,kic_9451256_q5,null_trial,,,,60.0,complete,45.91955183306709,2026-08-21T01:48:06+00:00,
demo50_bf157dd78dfbaf8f,bf157dd78dfbaf8f,kic_9451256_q5,null_trial,,,,61.0,complete,46.11399737512693,2026-08-21T01:48:52+00:00,
demo50_bf157dd78dfbaf8f,bf157dd78dfbaf8f,kic_9451256_q5,null_trial,,,,62.0,complete,46.220486333128065,2026-08-21T01:49:38+00:00,
demo50_bf157dd78dfbaf8f,bf157dd78dfbaf8f,kic_9451256_q5,null_trial,,,,63.0,complete,46.17468120902777,2026-08-21T01:50:24+00:00,
demo50_bf157dd78dfbaf8f,bf157dd78dfbaf8f,kic_9451256_q5,null_trial,,,,64.0,complete,46.10114954179153,2026-08-21T01:51:10+00:00,
demo50_bf157dd78dfbaf8f,bf157dd78dfbaf8f,kic_9451256_q5,null_trial,,,,65.0,complete,45.81253920914605,2026-08-21T01:51:56+00:00,
demo50_bf157dd78dfbaf8f,bf157dd78dfbaf8f,kic_9451256_q5,null_trial,,,,66.0,complete,45.9004997080192,2026-08-21T01:52:42+00:00,
demo50_bf157dd78dfbaf8f,bf157dd78dfbaf8f,kic_9451256_q5,null_trial,,,,67.0,complete,46.166637083049864,2026-08-21T01:53:28+00:00,
demo50_bf157dd78dfbaf8f,bf157dd78dfbaf8f,kic_9451256_q5,null_trial,,,,68.0,complete,46.1771002500318,2026-08-21T01:54:14+00:00,
demo50_bf157dd78dfbaf8f,bf157dd78dfbaf8f,kic_9451256_q5,null_trial,,,,69.0,complete,46.21177799999714,2026-08-21T01:55:01+00:00,
demo50_bf157dd78dfbaf8f,bf157dd78dfbaf8f,kic_9451256_q5,null_trial,,,,70.0,complete,46.37515891576186,2026-08-21T01:55:47+00:00,
demo50_bf157dd78dfbaf8f,bf157dd78dfbaf8f,kic_9451256_q5,null_trial,,,,71.0,complete,46.53827587515116,2026-08-21T01:56:34+00:00,
demo50_bf157dd78dfbaf8f,bf157dd78dfbaf8f,kic_9451256_q5,null_trial,,,,72.0,complete,46.40085587464273,2026-08-21T01:57:20+00:00,
demo50_bf157dd78dfbaf8f,bf157dd78dfbaf8f,kic_9451256_q5,null_trial,,,,73.0,complete,46.46404758328572,2026-08-21T01:58:06+00:00,
demo50_bf157dd78dfbaf8f,bf157dd78dfbaf8f,kic_9451256_q5,null_trial,,,,74.0,complete,46.85549308406189,2026-08-21T01:58:53+00:00,
demo50_bf157dd78dfbaf8f,bf157dd78dfbaf8f,kic_9451256_q5,null_trial,,,,75.0,complete,46.07427600026131,2026-08-21T01:59:39+00:00,
demo50_bf157dd78dfbaf8f,bf157dd78dfbaf8f,kic_9451256_q5,null_trial,,,,76.0,complete,46.74678629124537,2026-08-21T02:00:26+00:00,
demo50_bf157dd78dfbaf8f,bf157dd78dfbaf8f,kic_9451256_q5,null_trial,,,,77.0,complete,46.46421500016004,2026-08-21T02:01:13+00:00,
demo50_bf157dd78dfbaf8f,bf157dd78dfbaf8f,kic_9451256_q5,null_trial,,,,78.0,complete,46.63341045891866,2026-08-21T02:01:59+00:00,
demo50_bf157dd78dfbaf8f,bf157dd78dfbaf8f,kic_9451256_q5,null_trial,,,,79.0,complete,45.9004766670987,2026-08-21T02:02:45+00:00,
demo50_bf157dd78dfbaf8f,bf157dd78dfbaf8f,kic_9451256_q5,null_trial,,,,80.0,complete,46.44125512475148,2026-08-21T02:03:32+00:00,
demo50_bf157dd78dfbaf8f,bf157dd78dfbaf8f,kic_9451256_q5,null_trial,,,,81.0,complete,46.35107458336279,2026-08-21T02:04:18+00:00,
demo50_bf157dd78dfbaf8f,bf157dd78dfbaf8f,kic_9451256_q5,null_trial,,,,82.0,complete,45.99671366624534,2026-08-21T02:05:04+00:00,
demo50_bf157dd78dfbaf8f,bf157dd78dfbaf8f,kic_9451256_q5,null_trial,,,,83.0,complete,46.024465249851346,2026-08-21T02:05:50+00:00,
demo50_bf157dd78dfbaf8f,bf157dd78dfbaf8f,kic_9451256_q5,null_trial,,,,84.0,complete,46.57694362523034,2026-08-21T02:06:36+00:00,
demo50_bf157dd78dfbaf8f,bf157dd78dfbaf8f,kic_9451256_q5,null_trial,,,,85.0,complete,45.9221911248751,2026-08-21T02:07:22+00:00,
demo50_bf157dd78dfbaf8f,bf157dd78dfbaf8f,kic_9451256_q5,null_trial,,,,86.0,complete,46.18964758375659,2026-08-21T02:08:09+00:00,
demo50_bf157dd78dfbaf8f,bf157dd78dfbaf8f,kic_9451256_q5,null_trial,,,,87.0,complete,45.72831649985165,2026-08-21T02:08:54+00:00,
demo50_bf157dd78dfbaf8f,bf157dd78dfbaf8f,kic_9451256_q5,null_trial,,,,88.0,complete,46.1202770001255,2026-08-21T02:09:40+00:00,
demo50_bf157dd78dfbaf8f,bf157dd78dfbaf8f,kic_9451256_q5,null_trial,,,,89.0,complete,45.86316645797342,2026-08-21T02:10:26+00:00,
demo50_bf157dd78dfbaf8f,bf157dd78dfbaf8f,kic_9451256_q5,null_trial,,,,90.0,complete,45.61446500010789,2026-08-21T02:11:12+00:00,
demo50_bf157dd78dfbaf8f,bf157dd78dfbaf8f,kic_9451256_q5,null_trial,,,,91.0,complete,45.73963987501338,2026-08-21T02:11:58+00:00,
demo50_bf157dd78dfbaf8f,bf157dd78dfbaf8f,kic_9451256_q5,null_trial,,,,92.0,complete,44.25526308408007,2026-08-21T02:12:42+00:00,
demo50_bf157dd78dfbaf8f,bf157dd78dfbaf8f,kic_9451256_q5,null_trial,,,,93.0,complete,41.05694879218936,2026-08-21T02:13:23+00:00,
demo50_bf157dd78dfbaf8f,bf157dd78dfbaf8f,kic_9451256_q5,null_trial,,,,94.0,complete,40.69438858376816,2026-08-21T02:14:04+00:00,
demo50_bf157dd78dfbaf8f,bf157dd78dfbaf8f,kic_9451256_q5,null_trial,,,,95.0,complete,38.030253124888986,2026-08-21T02:14:42+00:00,
demo50_bf157dd78dfbaf8f,bf157dd78dfbaf8f,kic_9451256_q5,null_trial,,,,96.0,complete,35.698911083396524,2026-08-21T02:15:17+00:00,
demo50_bf157dd78dfbaf8f,bf157dd78dfbaf8f,kic_9451256_q5,null_trial,,,,97.0,complete,35.8018793752417,2026-08-21T02:15:53+00:00,
demo50_bf157dd78dfbaf8f,bf157dd78dfbaf8f,kic_9451256_q5,null_trial,,,,98.0,complete,35.89644725015387,2026-08-21T02:16:29+00:00,
demo50_bf157dd78dfbaf8f,bf157dd78dfbaf8f,kic_9451256_q5,null_trial,,,,99.0,complete,35.243511834181845,2026-08-21T02:17:04+00:00,
demo50_bf157dd78dfbaf8f,bf157dd78dfbaf8f,kic_9451256_q5,star,,,,,complete,,2026-08-21T02:17:04+00:00,
demo50_bf157dd78dfbaf8f,bf157dd78dfbaf8f,kic_9542723_q5,data_fetch,,,,,complete_cached,,2026-08-21T01:09:47+00:00,
demo50_bf157dd78dfbaf8f,bf157dd78dfbaf8f,kic_9542723_q5,null_trial,,,,0.0,complete,48.08785279234871,2026-08-21T01:10:36+00:00,
demo50_bf157dd78dfbaf8f,bf157dd78dfbaf8f,kic_9542723_q5,null_trial,,,,1.0,complete,47.90024145785719,2026-08-21T01:11:24+00:00,
demo50_bf157dd78dfbaf8f,bf157dd78dfbaf8f,kic_9542723_q5,null_trial,,,,2.0,complete,47.062343541998416,2026-08-21T01:12:11+00:00,
demo50_bf157dd78dfbaf8f,bf157dd78dfbaf8f,kic_9542723_q5,null_trial,,,,3.0,complete,47.86953945783898,2026-08-21T01:12:59+00:00,
demo50_bf157dd78dfbaf8f,bf157dd78dfbaf8f,kic_9542723_q5,null_trial,,,,4.0,complete,47.465946041978896,2026-08-21T01:13:46+00:00,
demo50_bf157dd78dfbaf8f,bf157dd78dfbaf8f,kic_9542723_q5,null_trial,,,,5.0,complete,47.16500312509015,2026-08-21T01:14:33+00:00,
demo50_bf157dd78dfbaf8f,bf157dd78dfbaf8f,kic_9542723_q5,null_trial,,,,6.0,complete,47.24357875017449,2026-08-21T01:15:21+00:00,
demo50_bf157dd78dfbaf8f,bf157dd78dfbaf8f,kic_9542723_q5,null_trial,,,,7.0,complete,47.24960962496698,2026-08-21T01:16:08+00:00,
demo50_bf157dd78dfbaf8f,bf157dd78dfbaf8f,kic_9542723_q5,null_trial,,,,8.0,complete,47.207699415739626,2026-08-21T01:16:55+00:00,
demo50_bf157dd78dfbaf8f,bf157dd78dfbaf8f,kic_9542723_q5,null_trial,,,,9.0,complete,47.05984795792028,2026-08-21T01:17:42+00:00,
demo50_bf157dd78dfbaf8f,bf157dd78dfbaf8f,kic_9542723_q5,null_trial,,,,10.0,complete,47.29684987477958,2026-08-21T01:18:29+00:00,
demo50_bf157dd78dfbaf8f,bf157dd78dfbaf8f,kic_9542723_q5,null_trial,,,,11.0,complete,47.16936254221946,2026-08-21T01:19:17+00:00,
demo50_bf157dd78dfbaf8f,bf157dd78dfbaf8f,kic_9542723_q5,null_trial,,,,12.0,complete,47.62169825006277,2026-08-21T01:20:04+00:00,
demo50_bf157dd78dfbaf8f,bf157dd78dfbaf8f,kic_9542723_q5,null_trial,,,,13.0,complete,46.820253415964544,2026-08-21T01:20:51+00:00,
demo50_bf157dd78dfbaf8f,bf157dd78dfbaf8f,kic_9542723_q5,null_trial,,,,14.0,complete,47.315654458943754,2026-08-21T01:21:38+00:00,
demo50_bf157dd78dfbaf8f,bf157dd78dfbaf8f,kic_9542723_q5,null_trial,,,,15.0,complete,46.91064483392984,2026-08-21T01:22:25+00:00,
demo50_bf157dd78dfbaf8f,bf157dd78dfbaf8f,kic_9542723_q5,null_trial,,,,16.0,complete,47.38259854214266,2026-08-21T01:23:13+00:00,
demo50_bf157dd78dfbaf8f,bf157dd78dfbaf8f,kic_9542723_q5,null_trial,,,,17.0,complete,47.25341875012964,2026-08-21T01:24:00+00:00,
demo50_bf157dd78dfbaf8f,bf157dd78dfbaf8f,kic_9542723_q5,null_trial,,,,18.0,complete,47.417179166805,2026-08-21T01:24:47+00:00,
demo50_bf157dd78dfbaf8f,bf157dd78dfbaf8f,kic_9542723_q5,null_trial,,,,19.0,complete,47.04497191729024,2026-08-21T01:25:34+00:00,
demo50_bf157dd78dfbaf8f,bf157dd78dfbaf8f,kic_9542723_q5,null_trial,,,,20.0,complete,47.21734741702676,2026-08-21T01:26:22+00:00,
demo50_bf157dd78dfbaf8f,bf157dd78dfbaf8f,kic_9542723_q5,null_trial,,,,21.0,complete,46.96161279221997,2026-08-21T01:27:08+00:00,
demo50_bf157dd78dfbaf8f,bf157dd78dfbaf8f,kic_9542723_q5,null_trial,,,,22.0,complete,47.40112875029445,2026-08-21T01:27:56+00:00,
demo50_bf157dd78dfbaf8f,bf157dd78dfbaf8f,kic_9542723_q5,null_trial,,,,23.0,complete,47.00854850001633,2026-08-21T01:28:43+00:00,
demo50_bf157dd78dfbaf8f,bf157dd78dfbaf8f,kic_9542723_q5,null_trial,,,,24.0,complete,46.72168399998918,2026-08-21T01:29:30+00:00,
demo50_bf157dd78dfbaf8f,bf157dd78dfbaf8f,kic_9542723_q5,null_trial,,,,25.0,complete,46.88470312487334,2026-08-21T01:30:16+00:00,
demo50_bf157dd78dfbaf8f,bf157dd78dfbaf8f,kic_9542723_q5,null_trial,,,,26.0,complete,46.94290841603651,2026-08-21T01:31:03+00:00,
demo50_bf157dd78dfbaf8f,bf157dd78dfbaf8f,kic_9542723_q5,null_trial,,,,27.0,complete,46.88115454185754,2026-08-21T01:31:50+00:00,
demo50_bf157dd78dfbaf8f,bf157dd78dfbaf8f,kic_9542723_q5,null_trial,,,,28.0,complete,47.095441832672805,2026-08-21T01:32:37+00:00,
demo50_bf157dd78dfbaf8f,bf157dd78dfbaf8f,kic_9542723_q5,null_trial,,,,29.0,complete,46.75301320804283,2026-08-21T01:33:24+00:00,
demo50_bf157dd78dfbaf8f,bf157dd78dfbaf8f,kic_9542723_q5,null_trial,,,,30.0,complete,47.042059207800776,2026-08-21T01:34:11+00:00,
demo50_bf157dd78dfbaf8f,bf157dd78dfbaf8f,kic_9542723_q5,null_trial,,,,31.0,complete,47.04382545920089,2026-08-21T01:34:58+00:00,
demo50_bf157dd78dfbaf8f,bf157dd78dfbaf8f,kic_9542723_q5,null_trial,,,,32.0,complete,46.77205504197627,2026-08-21T01:35:45+00:00,
demo50_bf157dd78dfbaf8f,bf157dd78dfbaf8f,kic_9542723_q5,null_trial,,,,33.0,complete,46.93072950001806,2026-08-21T01:36:32+00:00,
demo50_bf157dd78dfbaf8f,bf157dd78dfbaf8f,kic_9542723_q5,null_trial,,,,34.0,complete,46.344976416323334,2026-08-21T01:37:18+00:00,
demo50_bf157dd78dfbaf8f,bf157dd78dfbaf8f,kic_9542723_q5,null_trial,,,,35.0,complete,46.96721337502822,2026-08-21T01:38:05+00:00,
demo50_bf157dd78dfbaf8f,bf157dd78dfbaf8f,kic_9542723_q5,null_trial,,,,36.0,complete,46.88235287507996,2026-08-21T01:38:52+00:00,
demo50_bf157dd78dfbaf8f,bf157dd78dfbaf8f,kic_9542723_q5,null_trial,,,,37.0,complete,46.97970891697332,2026-08-21T01:39:39+00:00,
demo50_bf157dd78dfbaf8f,bf157dd78dfbaf8f,kic_9542723_q5,null_trial,,,,38.0,complete,46.90506491716951,2026-08-21T01:40:26+00:00,
demo50_bf157dd78dfbaf8f,bf157dd78dfbaf8f,kic_9542723_q5,null_trial,,,,39.0,complete,46.761277875397354,2026-08-21T01:41:13+00:00,
demo50_bf157dd78dfbaf8f,bf157dd78dfbaf8f,kic_9542723_q5,null_trial,,,,40.0,complete,46.5707458332181,2026-08-21T01:41:59+00:00,
demo50_bf157dd78dfbaf8f,bf157dd78dfbaf8f,kic_9542723_q5,null_trial,,,,41.0,complete,47.203894208185375,2026-08-21T01:42:47+00:00,
demo50_bf157dd78dfbaf8f,bf157dd78dfbaf8f,kic_9542723_q5,null_trial,,,,42.0,complete,47.24220237508416,2026-08-21T01:43:34+00:00,
demo50_bf157dd78dfbaf8f,bf157dd78dfbaf8f,kic_9542723_q5,null_trial,,,,43.0,complete,47.84576320787892,2026-08-21T01:44:22+00:00,
demo50_bf157dd78dfbaf8f,bf157dd78dfbaf8f,kic_9542723_q5,null_trial,,,,44.0,complete,46.93508529197425,2026-08-21T01:45:09+00:00,
demo50_bf157dd78dfbaf8f,bf157dd78dfbaf8f,kic_9542723_q5,null_trial,,,,45.0,complete,47.34740537498146,2026-08-21T01:45:56+00:00,
demo50_bf157dd78dfbaf8f,bf157dd78dfbaf8f,kic_9542723_q5,null_trial,,,,46.0,complete,47.19018574990332,2026-08-21T01:46:43+00:00,
demo50_bf157dd78dfbaf8f,bf157dd78dfbaf8f,kic_9542723_q5,null_trial,,,,47.0,complete,46.939782458823174,2026-08-21T01:47:30+00:00,
demo50_bf157dd78dfbaf8f,bf157dd78dfbaf8f,kic_9542723_q5,null_trial,,,,48.0,complete,47.34001662489027,2026-08-21T01:48:17+00:00,
demo50_bf157dd78dfbaf8f,bf157dd78dfbaf8f,kic_9542723_q5,null_trial,,,,49.0,complete,47.7520220419392,2026-08-21T01:49:05+00:00,
demo50_bf157dd78dfbaf8f,bf157dd78dfbaf8f,kic_9542723_q5,null_trial,,,,50.0,complete,48.04923558328301,2026-08-21T01:49:53+00:00,
demo50_bf157dd78dfbaf8f,bf157dd78dfbaf8f,kic_9542723_q5,null_trial,,,,51.0,complete,47.540851042140275,2026-08-21T01:50:41+00:00,
demo50_bf157dd78dfbaf8f,bf157dd78dfbaf8f,kic_9542723_q5,null_trial,,,,52.0,complete,47.50258370814845,2026-08-21T01:51:28+00:00,
demo50_bf157dd78dfbaf8f,bf157dd78dfbaf8f,kic_9542723_q5,null_trial,,,,53.0,complete,47.157479458954185,2026-08-21T01:52:15+00:00,
demo50_bf157dd78dfbaf8f,bf157dd78dfbaf8f,kic_9542723_q5,null_trial,,,,54.0,complete,47.37760704103857,2026-08-21T01:53:03+00:00,
demo50_bf157dd78dfbaf8f,bf157dd78dfbaf8f,kic_9542723_q5,null_trial,,,,55.0,complete,47.34288941696286,2026-08-21T01:53:50+00:00,
demo50_bf157dd78dfbaf8f,bf157dd78dfbaf8f,kic_9542723_q5,null_trial,,,,56.0,complete,48.0463701672852,2026-08-21T01:54:38+00:00,
demo50_bf157dd78dfbaf8f,bf157dd78dfbaf8f,kic_9542723_q5,null_trial,,,,57.0,complete,47.730107500217855,2026-08-21T01:55:26+00:00,
demo50_bf157dd78dfbaf8f,bf157dd78dfbaf8f,kic_9542723_q5,null_trial,,,,58.0,complete,48.26396808307618,2026-08-21T01:56:14+00:00,
demo50_bf157dd78dfbaf8f,bf157dd78dfbaf8f,kic_9542723_q5,null_trial,,,,59.0,complete,47.70288420794532,2026-08-21T01:57:02+00:00,
demo50_bf157dd78dfbaf8f,bf157dd78dfbaf8f,kic_9542723_q5,null_trial,,,,60.0,complete,48.21216041687876,2026-08-21T01:57:50+00:00,
demo50_bf157dd78dfbaf8f,bf157dd78dfbaf8f,kic_9542723_q5,null_trial,,,,61.0,complete,48.4428003327921,2026-08-21T01:58:39+00:00,
demo50_bf157dd78dfbaf8f,bf157dd78dfbaf8f,kic_9542723_q5,null_trial,,,,62.0,complete,48.27413562498987,2026-08-21T01:59:27+00:00,
demo50_bf157dd78dfbaf8f,bf157dd78dfbaf8f,kic_9542723_q5,null_trial,,,,63.0,complete,48.29151183273643,2026-08-21T02:00:15+00:00,
demo50_bf157dd78dfbaf8f,bf157dd78dfbaf8f,kic_9542723_q5,null_trial,,,,64.0,complete,47.806174624711275,2026-08-21T02:01:03+00:00,
demo50_bf157dd78dfbaf8f,bf157dd78dfbaf8f,kic_9542723_q5,null_trial,,,,65.0,complete,48.5441416669637,2026-08-21T02:01:51+00:00,
demo50_bf157dd78dfbaf8f,bf157dd78dfbaf8f,kic_9542723_q5,null_trial,,,,66.0,complete,47.63005750020966,2026-08-21T02:02:39+00:00,
demo50_bf157dd78dfbaf8f,bf157dd78dfbaf8f,kic_9542723_q5,null_trial,,,,67.0,complete,48.33802399970591,2026-08-21T02:03:27+00:00,
demo50_bf157dd78dfbaf8f,bf157dd78dfbaf8f,kic_9542723_q5,null_trial,,,,68.0,complete,47.77568020904437,2026-08-21T02:04:15+00:00,
demo50_bf157dd78dfbaf8f,bf157dd78dfbaf8f,kic_9542723_q5,null_trial,,,,69.0,complete,48.00886512501165,2026-08-21T02:05:03+00:00,
demo50_bf157dd78dfbaf8f,bf157dd78dfbaf8f,kic_9542723_q5,null_trial,,,,70.0,complete,47.53114874986932,2026-08-21T02:05:51+00:00,
demo50_bf157dd78dfbaf8f,bf157dd78dfbaf8f,kic_9542723_q5,null_trial,,,,71.0,complete,48.05864924984053,2026-08-21T02:06:39+00:00,
demo50_bf157dd78dfbaf8f,bf157dd78dfbaf8f,kic_9542723_q5,null_trial,,,,72.0,complete,47.59386287489906,2026-08-21T02:07:26+00:00,
demo50_bf157dd78dfbaf8f,bf157dd78dfbaf8f,kic_9542723_q5,null_trial,,,,73.0,complete,47.60472287517041,2026-08-21T02:08:14+00:00,
demo50_bf157dd78dfbaf8f,bf157dd78dfbaf8f,kic_9542723_q5,null_trial,,,,74.0,complete,47.39188224961981,2026-08-21T02:09:01+00:00,
demo50_bf157dd78dfbaf8f,bf157dd78dfbaf8f,kic_9542723_q5,null_trial,,,,75.0,complete,47.70369833288714,2026-08-21T02:09:49+00:00,
demo50_bf157dd78dfbaf8f,bf157dd78dfbaf8f,kic_9542723_q5,null_trial,,,,76.0,complete,47.4750991249457,2026-08-21T02:10:37+00:00,
demo50_bf157dd78dfbaf8f,bf157dd78dfbaf8f,kic_9542723_q5,null_trial,,,,77.0,complete,47.13552970811725,2026-08-21T02:11:24+00:00,
demo50_bf157dd78dfbaf8f,bf157dd78dfbaf8f,kic_9542723_q5,null_trial,,,,78.0,complete,46.86825883295387,2026-08-21T02:12:11+00:00,
demo50_bf157dd78dfbaf8f,bf157dd78dfbaf8f,kic_9542723_q5,null_trial,,,,79.0,complete,44.986829082947224,2026-08-21T02:12:56+00:00,
demo50_bf157dd78dfbaf8f,bf157dd78dfbaf8f,kic_9542723_q5,null_trial,,,,80.0,complete,41.895869000349194,2026-08-21T02:13:37+00:00,
demo50_bf157dd78dfbaf8f,bf157dd78dfbaf8f,kic_9542723_q5,null_trial,,,,81.0,complete,41.93287912523374,2026-08-21T02:14:19+00:00,
demo50_bf157dd78dfbaf8f,bf157dd78dfbaf8f,kic_9542723_q5,null_trial,,,,82.0,complete,37.588030791375786,2026-08-21T02:14:57+00:00,
demo50_bf157dd78dfbaf8f,bf157dd78dfbaf8f,kic_9542723_q5,null_trial,,,,83.0,complete,36.8100508749485,2026-08-21T02:15:34+00:00,
demo50_bf157dd78dfbaf8f,bf157dd78dfbaf8f,kic_9542723_q5,null_trial,,,,84.0,complete,37.0237617501989,2026-08-21T02:16:11+00:00,
demo50_bf157dd78dfbaf8f,bf157dd78dfbaf8f,kic_9542723_q5,null_trial,,,,85.0,complete,36.903895375318825,2026-08-21T02:16:48+00:00,
demo50_bf157dd78dfbaf8f,bf157dd78dfbaf8f,kic_9542723_q5,null_trial,,,,86.0,complete,36.74223958328366,2026-08-21T02:17:25+00:00,
demo50_bf157dd78dfbaf8f,bf157dd78dfbaf8f,kic_9542723_q5,null_trial,,,,87.0,complete,36.59332866733894,2026-08-21T02:18:01+00:00,
demo50_bf157dd78dfbaf8f,bf157dd78dfbaf8f,kic_9542723_q5,null_trial,,,,88.0,complete,36.7889693332836,2026-08-21T02:18:38+00:00,
demo50_bf157dd78dfbaf8f,bf157dd78dfbaf8f,kic_9542723_q5,null_trial,,,,89.0,complete,36.9760142499581,2026-08-21T02:19:15+00:00,
demo50_bf157dd78dfbaf8f,bf157dd78dfbaf8f,kic_9542723_q5,null_trial,,,,90.0,complete,36.89677712507546,2026-08-21T02:19:52+00:00,
demo50_bf157dd78dfbaf8f,bf157dd78dfbaf8f,kic_9542723_q5,null_trial,,,,91.0,complete,37.090173250064254,2026-08-21T02:20:29+00:00,
demo50_bf157dd78dfbaf8f,bf157dd78dfbaf8f,kic_9542723_q5,null_trial,,,,92.0,complete,36.858759166207165,2026-08-21T02:21:06+00:00,
demo50_bf157dd78dfbaf8f,bf157dd78dfbaf8f,kic_9542723_q5,null_trial,,,,93.0,complete,36.95261791581288,2026-08-21T02:21:43+00:00,
demo50_bf157dd78dfbaf8f,bf157dd78dfbaf8f,kic_9542723_q5,null_trial,,,,94.0,complete,36.793360041920096,2026-08-21T02:22:19+00:00,
demo50_bf157dd78dfbaf8f,bf157dd78dfbaf8f,kic_9542723_q5,null_trial,,,,95.0,complete,36.6827677921392,2026-08-21T02:22:56+00:00,
demo50_bf157dd78dfbaf8f,bf157dd78dfbaf8f,kic_9542723_q5,null_trial,,,,96.0,complete,36.855163500178605,2026-08-21T02:23:33+00:00,
demo50_bf157dd78dfbaf8f,bf157dd78dfbaf8f,kic_9542723_q5,null_trial,,,,97.0,complete,37.09142458392307,2026-08-21T02:24:10+00:00,
demo50_bf157dd78dfbaf8f,bf157dd78dfbaf8f,kic_9542723_q5,null_trial,,,,98.0,complete,36.78884925041348,2026-08-21T02:24:47+00:00,
demo50_bf157dd78dfbaf8f,bf157dd78dfbaf8f,kic_9542723_q5,null_trial,,,,99.0,complete,36.575892500113696,2026-08-21T02:25:23+00:00,
demo50_bf157dd78dfbaf8f,bf157dd78dfbaf8f,kic_9542723_q5,star,,,,,complete,,2026-08-21T02:25:23+00:00,
demo50_bf157dd78dfbaf8f,bf157dd78dfbaf8f,kic_9603403_q5,data_fetch,,,,,complete_cached,,2026-08-21T02:17:04+00:00,
demo50_bf157dd78dfbaf8f,bf157dd78dfbaf8f,kic_9603403_q5,null_trial,,,,0.0,complete,35.20779741741717,2026-08-21T02:17:40+00:00,
demo50_bf157dd78dfbaf8f,bf157dd78dfbaf8f,kic_9603403_q5,null_trial,,,,1.0,complete,35.41121237492189,2026-08-21T02:18:16+00:00,
demo50_bf157dd78dfbaf8f,bf157dd78dfbaf8f,kic_9603403_q5,null_trial,,,,2.0,complete,35.30324041610584,2026-08-21T02:18:51+00:00,
demo50_bf157dd78dfbaf8f,bf157dd78dfbaf8f,kic_9603403_q5,null_trial,,,,3.0,complete,35.61303049977869,2026-08-21T02:19:27+00:00,
demo50_bf157dd78dfbaf8f,bf157dd78dfbaf8f,kic_9603403_q5,null_trial,,,,4.0,complete,35.64436383266002,2026-08-21T02:20:02+00:00,
demo50_bf157dd78dfbaf8f,bf157dd78dfbaf8f,kic_9603403_q5,null_trial,,,,5.0,complete,35.947654999792576,2026-08-21T02:20:38+00:00,
demo50_bf157dd78dfbaf8f,bf157dd78dfbaf8f,kic_9603403_q5,null_trial,,,,6.0,complete,35.44900670880452,2026-08-21T02:21:14+00:00,
demo50_bf157dd78dfbaf8f,bf157dd78dfbaf8f,kic_9603403_q5,null_trial,,,,7.0,complete,35.43851683381945,2026-08-21T02:21:49+00:00,
demo50_bf157dd78dfbaf8f,bf157dd78dfbaf8f,kic_9603403_q5,null_trial,,,,8.0,complete,35.57402804214507,2026-08-21T02:22:25+00:00,
demo50_bf157dd78dfbaf8f,bf157dd78dfbaf8f,kic_9603403_q5,null_trial,,,,9.0,complete,35.29542729165405,2026-08-21T02:23:00+00:00,
demo50_bf157dd78dfbaf8f,bf157dd78dfbaf8f,kic_9603403_q5,null_trial,,,,10.0,complete,35.302891875151545,2026-08-21T02:23:35+00:00,
demo50_bf157dd78dfbaf8f,bf157dd78dfbaf8f,kic_9603403_q5,null_trial,,,,11.0,complete,35.48661745805293,2026-08-21T02:24:11+00:00,
demo50_bf157dd78dfbaf8f,bf157dd78dfbaf8f,kic_9603403_q5,null_trial,,,,12.0,complete,35.45035695889965,2026-08-21T02:24:46+00:00,
demo50_bf157dd78dfbaf8f,bf157dd78dfbaf8f,kic_9603403_q5,null_trial,,,,13.0,complete,35.32256112480536,2026-08-21T02:25:22+00:00,
demo50_bf157dd78dfbaf8f,bf157dd78dfbaf8f,kic_9603403_q5,null_trial,,,,14.0,complete,35.697311374824494,2026-08-21T02:25:57+00:00,
demo50_bf157dd78dfbaf8f,bf157dd78dfbaf8f,kic_9603403_q5,null_trial,,,,15.0,complete,35.49844179209322,2026-08-21T02:26:33+00:00,
demo50_bf157dd78dfbaf8f,bf157dd78dfbaf8f,kic_9603403_q5,null_trial,,,,16.0,complete,35.56182625005022,2026-08-21T02:27:08+00:00,
demo50_bf157dd78dfbaf8f,bf157dd78dfbaf8f,kic_9603403_q5,null_trial,,,,17.0,complete,35.288522499613464,2026-08-21T02:27:44+00:00,
demo50_bf157dd78dfbaf8f,bf157dd78dfbaf8f,kic_9603403_q5,null_trial,,,,18.0,complete,35.62302679196,2026-08-21T02:28:19+00:00,
demo50_bf157dd78dfbaf8f,bf157dd78dfbaf8f,kic_9603403_q5,null_trial,,,,19.0,complete,35.33397825015709,2026-08-21T02:28:55+00:00,
demo50_bf157dd78dfbaf8f,bf157dd78dfbaf8f,kic_9603403_q5,null_trial,,,,20.0,complete,35.42699962481856,2026-08-21T02:29:30+00:00,
demo50_bf157dd78dfbaf8f,bf157dd78dfbaf8f,kic_9603403_q5,null_trial,,,,21.0,complete,35.630253749899566,2026-08-21T02:30:06+00:00,
demo50_bf157dd78dfbaf8f,bf157dd78dfbaf8f,kic_9603403_q5,null_trial,,,,22.0,complete,35.50975579209626,2026-08-21T02:30:41+00:00,
demo50_bf157dd78dfbaf8f,bf157dd78dfbaf8f,kic_9603403_q5,null_trial,,,,23.0,complete,35.263129874598235,2026-08-21T02:31:16+00:00,
demo50_bf157dd78dfbaf8f,bf157dd78dfbaf8f,kic_9603403_q5,null_trial,,,,24.0,complete,35.15063741710037,2026-08-21T02:31:52+00:00,
demo50_bf157dd78dfbaf8f,bf157dd78dfbaf8f,kic_9603403_q5,null_trial,,,,25.0,complete,35.38321925001219,2026-08-21T02:32:27+00:00,
demo50_bf157dd78dfbaf8f,bf157dd78dfbaf8f,kic_9603403_q5,null_trial,,,,26.0,complete,35.416129417251796,2026-08-21T02:33:02+00:00,
demo50_bf157dd78dfbaf8f,bf157dd78dfbaf8f,kic_9603403_q5,null_trial,,,,27.0,complete,35.36948737502098,2026-08-21T02:33:38+00:00,
demo50_bf157dd78dfbaf8f,bf157dd78dfbaf8f,kic_9603403_q5,null_trial,,,,28.0,complete,35.36848725005984,2026-08-21T02:34:13+00:00,
demo50_bf157dd78dfbaf8f,bf157dd78dfbaf8f,kic_9603403_q5,null_trial,,,,29.0,complete,35.38914524996653,2026-08-21T02:34:48+00:00,
demo50_bf157dd78dfbaf8f,bf157dd78dfbaf8f,kic_9603403_q5,null_trial,,,,30.0,complete,35.37950795888901,2026-08-21T02:35:24+00:00,
demo50_bf157dd78dfbaf8f,bf157dd78dfbaf8f,kic_9603403_q5,null_trial,,,,31.0,complete,35.06437916588038,2026-08-21T02:35:59+00:00,
demo50_bf157dd78dfbaf8f,bf157dd78dfbaf8f,kic_9603403_q5,null_trial,,,,32.0,complete,35.308928709011525,2026-08-21T02:36:34+00:00,
demo50_bf157dd78dfbaf8f,bf157dd78dfbaf8f,kic_9603403_q5,null_trial,,,,33.0,complete,35.15605254191905,2026-08-21T02:37:09+00:00,
demo50_bf157dd78dfbaf8f,bf157dd78dfbaf8f,kic_9603403_q5,null_trial,,,,34.0,complete,35.282511457800865,2026-08-21T02:37:45+00:00,
demo50_bf157dd78dfbaf8f,bf157dd78dfbaf8f,kic_9603403_q5,null_trial,,,,35.0,complete,35.467689499724656,2026-08-21T02:38:20+00:00,
demo50_bf157dd78dfbaf8f,bf157dd78dfbaf8f,kic_9603403_q5,null_trial,,,,36.0,complete,35.33501624967903,2026-08-21T02:38:55+00:00,
demo50_bf157dd78dfbaf8f,bf157dd78dfbaf8f,kic_9603403_q5,null_trial,,,,37.0,complete,35.49417374981567,2026-08-21T02:39:31+00:00,
demo50_bf157dd78dfbaf8f,bf157dd78dfbaf8f,kic_9603403_q5,null_trial,,,,38.0,complete,35.72449962515384,2026-08-21T02:40:07+00:00,
demo50_bf157dd78dfbaf8f,bf157dd78dfbaf8f,kic_9603403_q5,null_trial,,,,39.0,complete,35.47618670761585,2026-08-21T02:40:42+00:00,
demo50_bf157dd78dfbaf8f,bf157dd78dfbaf8f,kic_9603403_q5,null_trial,,,,40.0,complete,35.48603595793247,2026-08-21T02:41:18+00:00,
demo50_bf157dd78dfbaf8f,bf157dd78dfbaf8f,kic_9603403_q5,null_trial,,,,41.0,complete,35.73679125029594,2026-08-21T02:41:53+00:00,
demo50_bf157dd78dfbaf8f,bf157dd78dfbaf8f,kic_9603403_q5,null_trial,,,,42.0,complete,35.62184699997306,2026-08-21T02:42:29+00:00,
demo50_bf157dd78dfbaf8f,bf157dd78dfbaf8f,kic_9603403_q5,null_trial,,,,43.0,complete,35.80246179178357,2026-08-21T02:43:05+00:00,
demo50_bf157dd78dfbaf8f,bf157dd78dfbaf8f,kic_9603403_q5,null_trial,,,,44.0,complete,35.85695079062134,2026-08-21T02:43:41+00:00,
demo50_bf157dd78dfbaf8f,bf157dd78dfbaf8f,kic_9603403_q5,null_trial,,,,45.0,complete,35.84553329180926,2026-08-21T02:44:17+00:00,
demo50_bf157dd78dfbaf8f,bf157dd78dfbaf8f,kic_9603403_q5,null_trial,,,,46.0,complete,35.591574541758746,2026-08-21T02:44:52+00:00,
demo50_bf157dd78dfbaf8f,bf157dd78dfbaf8f,kic_9603403_q5,null_trial,,,,47.0,complete,35.30664933286607,2026-08-21T02:45:27+00:00,
demo50_bf157dd78dfbaf8f,bf157dd78dfbaf8f,kic_9603403_q5,null_trial,,,,48.0,complete,35.810087917372584,2026-08-21T02:46:03+00:00,
demo50_bf157dd78dfbaf8f,bf157dd78dfbaf8f,kic_9603403_q5,null_trial,,,,49.0,complete,35.980552749708295,2026-08-21T02:46:39+00:00,
demo50_bf157dd78dfbaf8f,bf157dd78dfbaf8f,kic_9603403_q5,null_trial,,,,50.0,complete,35.80460295826197,2026-08-21T02:47:15+00:00,
demo50_bf157dd78dfbaf8f,bf157dd78dfbaf8f,kic_9603403_q5,null_trial,,,,51.0,complete,35.71527629112825,2026-08-21T02:47:51+00:00,
demo50_bf157dd78dfbaf8f,bf157dd78dfbaf8f,kic_9603403_q5,null_trial,,,,52.0,complete,35.76945129223168,2026-08-21T02:48:27+00:00,
demo50_bf157dd78dfbaf8f,bf157dd78dfbaf8f,kic_9603403_q5,null_trial,,,,53.0,complete,35.68407974997535,2026-08-21T02:49:02+00:00,
demo50_bf157dd78dfbaf8f,bf157dd78dfbaf8f,kic_9603403_q5,null_trial,,,,54.0,complete,35.57217316608876,2026-08-21T02:49:38+00:00,
demo50_bf157dd78dfbaf8f,bf157dd78dfbaf8f,kic_9603403_q5,null_trial,,,,55.0,complete,36.00769704207778,2026-08-21T02:50:14+00:00,
demo50_bf157dd78dfbaf8f,bf157dd78dfbaf8f,kic_9603403_q5,null_trial,,,,56.0,complete,35.8049624171108,2026-08-21T02:50:50+00:00,
demo50_bf157dd78dfbaf8f,bf157dd78dfbaf8f,kic_9603403_q5,null_trial,,,,57.0,complete,35.637135417200625,2026-08-21T02:51:25+00:00,
demo50_bf157dd78dfbaf8f,bf157dd78dfbaf8f,kic_9603403_q5,null_trial,,,,58.0,complete,35.6651947083883,2026-08-21T02:52:01+00:00,
demo50_bf157dd78dfbaf8f,bf157dd78dfbaf8f,kic_9603403_q5,null_trial,,,,59.0,complete,35.71984304161742,2026-08-21T02:52:37+00:00,
demo50_bf157dd78dfbaf8f,bf157dd78dfbaf8f,kic_9603403_q5,null_trial,,,,60.0,complete,35.77583812503144,2026-08-21T02:53:12+00:00,
demo50_bf157dd78dfbaf8f,bf157dd78dfbaf8f,kic_9603403_q5,null_trial,,,,61.0,complete,35.49061479140073,2026-08-21T02:53:48+00:00,
demo50_bf157dd78dfbaf8f,bf157dd78dfbaf8f,kic_9603403_q5,null_trial,,,,62.0,complete,35.71123775001615,2026-08-21T02:54:24+00:00,
demo50_bf157dd78dfbaf8f,bf157dd78dfbaf8f,kic_9603403_q5,null_trial,,,,63.0,complete,35.78146412502974,2026-08-21T02:54:59+00:00,
demo50_bf157dd78dfbaf8f,bf157dd78dfbaf8f,kic_9603403_q5,null_trial,,,,64.0,complete,35.63402408268303,2026-08-21T02:55:35+00:00,
demo50_bf157dd78dfbaf8f,bf157dd78dfbaf8f,kic_9603403_q5,null_trial,,,,65.0,complete,35.86912399996072,2026-08-21T02:56:11+00:00,
demo50_bf157dd78dfbaf8f,bf157dd78dfbaf8f,kic_9603403_q5,null_trial,,,,66.0,complete,35.40640883287415,2026-08-21T02:56:46+00:00,
demo50_bf157dd78dfbaf8f,bf157dd78dfbaf8f,kic_9603403_q5,null_trial,,,,67.0,complete,35.476690916810185,2026-08-21T02:57:22+00:00,
demo50_bf157dd78dfbaf8f,bf157dd78dfbaf8f,kic_9603403_q5,null_trial,,,,68.0,complete,35.62005141703412,2026-08-21T02:57:57+00:00,
demo50_bf157dd78dfbaf8f,bf157dd78dfbaf8f,kic_9603403_q5,null_trial,,,,69.0,complete,35.54570091702044,2026-08-21T02:58:33+00:00,
demo50_bf157dd78dfbaf8f,bf157dd78dfbaf8f,kic_9603403_q5,null_trial,,,,70.0,complete,35.65869208285585,2026-08-21T02:59:09+00:00,
demo50_bf157dd78dfbaf8f,bf157dd78dfbaf8f,kic_9603403_q5,null_trial,,,,71.0,complete,35.283953917212784,2026-08-21T02:59:44+00:00,
demo50_bf157dd78dfbaf8f,bf157dd78dfbaf8f,kic_9603403_q5,null_trial,,,,72.0,complete,35.637028832919896,2026-08-21T03:00:20+00:00,
demo50_bf157dd78dfbaf8f,bf157dd78dfbaf8f,kic_9603403_q5,null_trial,,,,73.0,complete,35.73659458430484,2026-08-21T03:00:55+00:00,
demo50_bf157dd78dfbaf8f,bf157dd78dfbaf8f,kic_9603403_q5,null_trial,,,,74.0,complete,36.107558665797114,2026-08-21T03:01:31+00:00,
demo50_bf157dd78dfbaf8f,bf157dd78dfbaf8f,kic_9603403_q5,null_trial,,,,75.0,complete,35.51820983272046,2026-08-21T03:02:07+00:00,
demo50_bf157dd78dfbaf8f,bf157dd78dfbaf8f,kic_9603403_q5,null_trial,,,,76.0,complete,35.166271875146776,2026-08-21T03:02:42+00:00,
demo50_bf157dd78dfbaf8f,bf157dd78dfbaf8f,kic_9603403_q5,null_trial,,,,77.0,complete,35.57927274983376,2026-08-21T03:03:18+00:00,
demo50_bf157dd78dfbaf8f,bf157dd78dfbaf8f,kic_9603403_q5,null_trial,,,,78.0,complete,35.85287370812148,2026-08-21T03:03:53+00:00,
demo50_bf157dd78dfbaf8f,bf157dd78dfbaf8f,kic_9603403_q5,null_trial,,,,79.0,complete,35.47880362533033,2026-08-21T03:04:29+00:00,
demo50_bf157dd78dfbaf8f,bf157dd78dfbaf8f,kic_9603403_q5,null_trial,,,,80.0,complete,35.33554599992931,2026-08-21T03:05:04+00:00,
demo50_bf157dd78dfbaf8f,bf157dd78dfbaf8f,kic_9603403_q5,null_trial,,,,81.0,complete,35.50350099988282,2026-08-21T03:05:40+00:00,
demo50_bf157dd78dfbaf8f,bf157dd78dfbaf8f,kic_9603403_q5,null_trial,,,,82.0,complete,35.59071766678244,2026-08-21T03:06:15+00:00,
demo50_bf157dd78dfbaf8f,bf157dd78dfbaf8f,kic_9603403_q5,null_trial,,,,83.0,complete,35.569721166975796,2026-08-21T03:06:51+00:00,
demo50_bf157dd78dfbaf8f,bf157dd78dfbaf8f,kic_9603403_q5,null_trial,,,,84.0,complete,35.624995208345354,2026-08-21T03:07:27+00:00,
demo50_bf157dd78dfbaf8f,bf157dd78dfbaf8f,kic_9603403_q5,null_trial,,,,85.0,complete,35.5397570412606,2026-08-21T03:08:02+00:00,
demo50_bf157dd78dfbaf8f,bf157dd78dfbaf8f,kic_9603403_q5,null_trial,,,,86.0,complete,35.55009858403355,2026-08-21T03:08:38+00:00,
demo50_bf157dd78dfbaf8f,bf157dd78dfbaf8f,kic_9603403_q5,null_trial,,,,87.0,complete,35.66455608326942,2026-08-21T03:09:13+00:00,
demo50_bf157dd78dfbaf8f,bf157dd78dfbaf8f,kic_9603403_q5,null_trial,,,,88.0,complete,35.19716208335012,2026-08-21T03:09:49+00:00,
demo50_bf157dd78dfbaf8f,bf157dd78dfbaf8f,kic_9603403_q5,null_trial,,,,89.0,complete,35.58273966703564,2026-08-21T03:10:24+00:00,
demo50_bf157dd78dfbaf8f,bf157dd78dfbaf8f,kic_9603403_q5,null_trial,,,,90.0,complete,35.47137300018221,2026-08-21T03:11:00+00:00,
demo50_bf157dd78dfbaf8f,bf157dd78dfbaf8f,kic_9603403_q5,null_trial,,,,91.0,complete,35.67015800019726,2026-08-21T03:11:35+00:00,
demo50_bf157dd78dfbaf8f,bf157dd78dfbaf8f,kic_9603403_q5,null_trial,,,,92.0,complete,35.31686570774764,2026-08-21T03:12:11+00:00,
demo50_bf157dd78dfbaf8f,bf157dd78dfbaf8f,kic_9603403_q5,null_trial,,,,93.0,complete,35.30024300003424,2026-08-21T03:12:46+00:00,
demo50_bf157dd78dfbaf8f,bf157dd78dfbaf8f,kic_9603403_q5,null_trial,,,,94.0,complete,35.46842412510887,2026-08-21T03:13:21+00:00,
demo50_bf157dd78dfbaf8f,bf157dd78dfbaf8f,kic_9603403_q5,null_trial,,,,95.0,complete,35.52268233336508,2026-08-21T03:13:57+00:00,
demo50_bf157dd78dfbaf8f,bf157dd78dfbaf8f,kic_9603403_q5,null_trial,,,,96.0,complete,35.20545804221183,2026-08-21T03:14:32+00:00,
demo50_bf157dd78dfbaf8f,bf157dd78dfbaf8f,kic_9603403_q5,null_trial,,,,97.0,complete,35.539405832998455,2026-08-21T03:15:08+00:00,
demo50_bf157dd78dfbaf8f,bf157dd78dfbaf8f,kic_9603403_q5,null_trial,,,,98.0,complete,35.279198499862105,2026-08-21T03:15:43+00:00,
demo50_bf157dd78dfbaf8f,bf157dd78dfbaf8f,kic_9603403_q5,null_trial,,,,99.0,complete,35.42067304207012,2026-08-21T03:16:18+00:00,
demo50_bf157dd78dfbaf8f,bf157dd78dfbaf8f,kic_9603403_q5,star,,,,,complete,,2026-08-21T03:16:18+00:00,
demo50_bf157dd78dfbaf8f,bf157dd78dfbaf8f,kic_9827856_q5,data_fetch,,,,,complete_cached,,2026-08-21T02:25:24+00:00,
demo50_bf157dd78dfbaf8f,bf157dd78dfbaf8f,kic_9827856_q5,null_trial,,,,0.0,complete,36.77744958270341,2026-08-21T02:26:01+00:00,
demo50_bf157dd78dfbaf8f,bf157dd78dfbaf8f,kic_9827856_q5,null_trial,,,,1.0,complete,36.961588457692415,2026-08-21T02:26:38+00:00,
demo50_bf157dd78dfbaf8f,bf157dd78dfbaf8f,kic_9827856_q5,null_trial,,,,2.0,complete,36.70787729229778,2026-08-21T02:27:15+00:00,
demo50_bf157dd78dfbaf8f,bf157dd78dfbaf8f,kic_9827856_q5,null_trial,,,,3.0,complete,36.6040116250515,2026-08-21T02:27:51+00:00,
demo50_bf157dd78dfbaf8f,bf157dd78dfbaf8f,kic_9827856_q5,null_trial,,,,4.0,complete,37.09206508286297,2026-08-21T02:28:28+00:00,
demo50_bf157dd78dfbaf8f,bf157dd78dfbaf8f,kic_9827856_q5,null_trial,,,,5.0,complete,36.6180887920782,2026-08-21T02:29:05+00:00,
demo50_bf157dd78dfbaf8f,bf157dd78dfbaf8f,kic_9827856_q5,null_trial,,,,6.0,complete,36.8467383752577,2026-08-21T02:29:42+00:00,
demo50_bf157dd78dfbaf8f,bf157dd78dfbaf8f,kic_9827856_q5,null_trial,,,,7.0,complete,37.0889843753539,2026-08-21T02:30:19+00:00,
demo50_bf157dd78dfbaf8f,bf157dd78dfbaf8f,kic_9827856_q5,null_trial,,,,8.0,complete,36.77844329178333,2026-08-21T02:30:56+00:00,
demo50_bf157dd78dfbaf8f,bf157dd78dfbaf8f,kic_9827856_q5,null_trial,,,,9.0,complete,36.63548804214224,2026-08-21T02:31:32+00:00,
demo50_bf157dd78dfbaf8f,bf157dd78dfbaf8f,kic_9827856_q5,null_trial,,,,10.0,complete,36.92949337512255,2026-08-21T02:32:09+00:00,
demo50_bf157dd78dfbaf8f,bf157dd78dfbaf8f,kic_9827856_q5,null_trial,,,,11.0,complete,36.77485958300531,2026-08-21T02:32:46+00:00,
demo50_bf157dd78dfbaf8f,bf157dd78dfbaf8f,kic_9827856_q5,null_trial,,,,12.0,complete,36.847251624800265,2026-08-21T02:33:23+00:00,
demo50_bf157dd78dfbaf8f,bf157dd78dfbaf8f,kic_9827856_q5,null_trial,,,,13.0,complete,36.97328520892188,2026-08-21T02:34:00+00:00,
demo50_bf157dd78dfbaf8f,bf157dd78dfbaf8f,kic_9827856_q5,null_trial,,,,14.0,complete,36.49756204197183,2026-08-21T02:34:36+00:00,
demo50_bf157dd78dfbaf8f,bf157dd78dfbaf8f,kic_9827856_q5,null_trial,,,,15.0,complete,36.9948888332583,2026-08-21T02:35:13+00:00,
demo50_bf157dd78dfbaf8f,bf157dd78dfbaf8f,kic_9827856_q5,null_trial,,,,16.0,complete,36.75437683425844,2026-08-21T02:35:50+00:00,
demo50_bf157dd78dfbaf8f,bf157dd78dfbaf8f,kic_9827856_q5,null_trial,,,,17.0,complete,36.86868695821613,2026-08-21T02:36:27+00:00,
demo50_bf157dd78dfbaf8f,bf157dd78dfbaf8f,kic_9827856_q5,null_trial,,,,18.0,complete,36.50009204214439,2026-08-21T02:37:04+00:00,
demo50_bf157dd78dfbaf8f,bf157dd78dfbaf8f,kic_9827856_q5,null_trial,,,,19.0,complete,36.81165887508541,2026-08-21T02:37:40+00:00,
demo50_bf157dd78dfbaf8f,bf157dd78dfbaf8f,kic_9827856_q5,null_trial,,,,20.0,complete,36.66065683308989,2026-08-21T02:38:17+00:00,
demo50_bf157dd78dfbaf8f,bf157dd78dfbaf8f,kic_9827856_q5,null_trial,,,,21.0,complete,36.773008457850665,2026-08-21T02:38:54+00:00,
demo50_bf157dd78dfbaf8f,bf157dd78dfbaf8f,kic_9827856_q5,null_trial,,,,22.0,complete,36.59524683421478,2026-08-21T02:39:30+00:00,
demo50_bf157dd78dfbaf8f,bf157dd78dfbaf8f,kic_9827856_q5,null_trial,,,,23.0,complete,37.26753499964252,2026-08-21T02:40:08+00:00,
demo50_bf157dd78dfbaf8f,bf157dd78dfbaf8f,kic_9827856_q5,null_trial,,,,24.0,complete,36.77399466698989,2026-08-21T02:40:44+00:00,
demo50_bf157dd78dfbaf8f,bf157dd78dfbaf8f,kic_9827856_q5,null_trial,,,,25.0,complete,36.782428374979645,2026-08-21T02:41:21+00:00,
demo50_bf157dd78dfbaf8f,bf157dd78dfbaf8f,kic_9827856_q5,null_trial,,,,26.0,complete,36.84043508302421,2026-08-21T02:41:58+00:00,
demo50_bf157dd78dfbaf8f,bf157dd78dfbaf8f,kic_9827856_q5,null_trial,,,,27.0,complete,36.80237716669217,2026-08-21T02:42:35+00:00,
demo50_bf157dd78dfbaf8f,bf157dd78dfbaf8f,kic_9827856_q5,null_trial,,,,28.0,complete,36.972614750266075,2026-08-21T02:43:12+00:00,
demo50_bf157dd78dfbaf8f,bf157dd78dfbaf8f,kic_9827856_q5,null_trial,,,,29.0,complete,37.19058645935729,2026-08-21T02:43:49+00:00,
demo50_bf157dd78dfbaf8f,bf157dd78dfbaf8f,kic_9827856_q5,null_trial,,,,30.0,complete,37.03098987461999,2026-08-21T02:44:26+00:00,
demo50_bf157dd78dfbaf8f,bf157dd78dfbaf8f,kic_9827856_q5,null_trial,,,,31.0,complete,36.96266866568476,2026-08-21T02:45:03+00:00,
demo50_bf157dd78dfbaf8f,bf157dd78dfbaf8f,kic_9827856_q5,null_trial,,,,32.0,complete,36.88646004209295,2026-08-21T02:45:40+00:00,
demo50_bf157dd78dfbaf8f,bf157dd78dfbaf8f,kic_9827856_q5,null_trial,,,,33.0,complete,37.438857833854854,2026-08-21T02:46:17+00:00,
demo50_bf157dd78dfbaf8f,bf157dd78dfbaf8f,kic_9827856_q5,null_trial,,,,34.0,complete,37.18430633330718,2026-08-21T02:46:54+00:00,
demo50_bf157dd78dfbaf8f,bf157dd78dfbaf8f,kic_9827856_q5,null_trial,,,,35.0,complete,36.87124925013632,2026-08-21T02:47:31+00:00,
demo50_bf157dd78dfbaf8f,bf157dd78dfbaf8f,kic_9827856_q5,null_trial,,,,36.0,complete,37.12963441712782,2026-08-21T02:48:08+00:00,
demo50_bf157dd78dfbaf8f,bf157dd78dfbaf8f,kic_9827856_q5,null_trial,,,,37.0,complete,37.04790758294985,2026-08-21T02:48:46+00:00,
demo50_bf157dd78dfbaf8f,bf157dd78dfbaf8f,kic_9827856_q5,null_trial,,,,38.0,complete,36.98927458329126,2026-08-21T02:49:23+00:00,
demo50_bf157dd78dfbaf8f,bf157dd78dfbaf8f,kic_9827856_q5,null_trial,,,,39.0,complete,37.34440941736102,2026-08-21T02:50:00+00:00,
demo50_bf157dd78dfbaf8f,bf157dd78dfbaf8f,kic_9827856_q5,null_trial,,,,40.0,complete,36.99138770904392,2026-08-21T02:50:37+00:00,
demo50_bf157dd78dfbaf8f,bf157dd78dfbaf8f,kic_9827856_q5,null_trial,,,,41.0,complete,37.244090834166855,2026-08-21T02:51:14+00:00,
demo50_bf157dd78dfbaf8f,bf157dd78dfbaf8f,kic_9827856_q5,null_trial,,,,42.0,complete,37.10828262520954,2026-08-21T02:51:51+00:00,
demo50_bf157dd78dfbaf8f,bf157dd78dfbaf8f,kic_9827856_q5,null_trial,,,,43.0,complete,37.12777279084548,2026-08-21T02:52:28+00:00,
demo50_bf157dd78dfbaf8f,bf157dd78dfbaf8f,kic_9827856_q5,null_trial,,,,44.0,complete,37.11441250005737,2026-08-21T02:53:05+00:00,
demo50_bf157dd78dfbaf8f,bf157dd78dfbaf8f,kic_9827856_q5,null_trial,,,,45.0,complete,37.023917709011585,2026-08-21T02:53:42+00:00,
demo50_bf157dd78dfbaf8f,bf157dd78dfbaf8f,kic_9827856_q5,null_trial,,,,46.0,complete,36.70692104194313,2026-08-21T02:54:19+00:00,
demo50_bf157dd78dfbaf8f,bf157dd78dfbaf8f,kic_9827856_q5,null_trial,,,,47.0,complete,37.121106083039194,2026-08-21T02:54:56+00:00,
demo50_bf157dd78dfbaf8f,bf157dd78dfbaf8f,kic_9827856_q5,null_trial,,,,48.0,complete,36.99352229200304,2026-08-21T02:55:33+00:00,
demo50_bf157dd78dfbaf8f,bf157dd78dfbaf8f,kic_9827856_q5,null_trial,,,,49.0,complete,37.09356637485325,2026-08-21T02:56:10+00:00,
demo50_bf157dd78dfbaf8f,bf157dd78dfbaf8f,kic_9827856_q5,null_trial,,,,50.0,complete,36.84486349998042,2026-08-21T02:56:47+00:00,
demo50_bf157dd78dfbaf8f,bf157dd78dfbaf8f,kic_9827856_q5,null_trial,,,,51.0,complete,36.941995084285736,2026-08-21T02:57:24+00:00,
demo50_bf157dd78dfbaf8f,bf157dd78dfbaf8f,kic_9827856_q5,null_trial,,,,52.0,complete,36.84116916684434,2026-08-21T02:58:01+00:00,
demo50_bf157dd78dfbaf8f,bf157dd78dfbaf8f,kic_9827856_q5,null_trial,,,,53.0,complete,37.012200832832605,2026-08-21T02:58:38+00:00,
demo50_bf157dd78dfbaf8f,bf157dd78dfbaf8f,kic_9827856_q5,null_trial,,,,54.0,complete,37.16072962479666,2026-08-21T02:59:15+00:00,
demo50_bf157dd78dfbaf8f,bf157dd78dfbaf8f,kic_9827856_q5,null_trial,,,,55.0,complete,36.64614599989727,2026-08-21T02:59:52+00:00,
demo50_bf157dd78dfbaf8f,bf157dd78dfbaf8f,kic_9827856_q5,null_trial,,,,56.0,complete,37.0173727911897,2026-08-21T03:00:29+00:00,
demo50_bf157dd78dfbaf8f,bf157dd78dfbaf8f,kic_9827856_q5,null_trial,,,,57.0,complete,37.05304912524298,2026-08-21T03:01:06+00:00,
demo50_bf157dd78dfbaf8f,bf157dd78dfbaf8f,kic_9827856_q5,null_trial,,,,58.0,complete,37.44507770799101,2026-08-21T03:01:43+00:00,
demo50_bf157dd78dfbaf8f,bf157dd78dfbaf8f,kic_9827856_q5,null_trial,,,,59.0,complete,36.79003341589123,2026-08-21T03:02:20+00:00,
demo50_bf157dd78dfbaf8f,bf157dd78dfbaf8f,kic_9827856_q5,null_trial,,,,60.0,complete,36.97971220780164,2026-08-21T03:02:57+00:00,
demo50_bf157dd78dfbaf8f,bf157dd78dfbaf8f,kic_9827856_q5,null_trial,,,,61.0,complete,36.81047366699204,2026-08-21T03:03:34+00:00,
demo50_bf157dd78dfbaf8f,bf157dd78dfbaf8f,kic_9827856_q5,null_trial,,,,62.0,complete,37.19083099998534,2026-08-21T03:04:11+00:00,
demo50_bf157dd78dfbaf8f,bf157dd78dfbaf8f,kic_9827856_q5,null_trial,,,,63.0,complete,36.83752775005996,2026-08-21T03:04:48+00:00,
demo50_bf157dd78dfbaf8f,bf157dd78dfbaf8f,kic_9827856_q5,null_trial,,,,64.0,complete,36.99169920803979,2026-08-21T03:05:25+00:00,
demo50_bf157dd78dfbaf8f,bf157dd78dfbaf8f,kic_9827856_q5,null_trial,,,,65.0,complete,36.86977979214862,2026-08-21T03:06:02+00:00,
demo50_bf157dd78dfbaf8f,bf157dd78dfbaf8f,kic_9827856_q5,null_trial,,,,66.0,complete,36.862561208661646,2026-08-21T03:06:39+00:00,
demo50_bf157dd78dfbaf8f,bf157dd78dfbaf8f,kic_9827856_q5,null_trial,,,,67.0,complete,36.59161183377728,2026-08-21T03:07:15+00:00,
demo50_bf157dd78dfbaf8f,bf157dd78dfbaf8f,kic_9827856_q5,null_trial,,,,68.0,complete,36.844396458007395,2026-08-21T03:07:52+00:00,
demo50_bf157dd78dfbaf8f,bf157dd78dfbaf8f,kic_9827856_q5,null_trial,,,,69.0,complete,37.26168829202652,2026-08-21T03:08:29+00:00,
demo50_bf157dd78dfbaf8f,bf157dd78dfbaf8f,kic_9827856_q5,null_trial,,,,70.0,complete,37.10929604060948,2026-08-21T03:09:07+00:00,
demo50_bf157dd78dfbaf8f,bf157dd78dfbaf8f,kic_9827856_q5,null_trial,,,,71.0,complete,36.85829075006768,2026-08-21T03:09:43+00:00,
demo50_bf157dd78dfbaf8f,bf157dd78dfbaf8f,kic_9827856_q5,null_trial,,,,72.0,complete,37.04197408305481,2026-08-21T03:10:20+00:00,
demo50_bf157dd78dfbaf8f,bf157dd78dfbaf8f,kic_9827856_q5,null_trial,,,,73.0,complete,36.87926058284938,2026-08-21T03:10:57+00:00,
demo50_bf157dd78dfbaf8f,bf157dd78dfbaf8f,kic_9827856_q5,null_trial,,,,74.0,complete,36.87941841688007,2026-08-21T03:11:34+00:00,
demo50_bf157dd78dfbaf8f,bf157dd78dfbaf8f,kic_9827856_q5,null_trial,,,,75.0,complete,36.61701745819301,2026-08-21T03:12:11+00:00,
demo50_bf157dd78dfbaf8f,bf157dd78dfbaf8f,kic_9827856_q5,null_trial,,,,76.0,complete,37.14943933300674,2026-08-21T03:12:48+00:00,
demo50_bf157dd78dfbaf8f,bf157dd78dfbaf8f,kic_9827856_q5,null_trial,,,,77.0,complete,36.737792916130275,2026-08-21T03:13:25+00:00,
demo50_bf157dd78dfbaf8f,bf157dd78dfbaf8f,kic_9827856_q5,null_trial,,,,78.0,complete,36.99068087525666,2026-08-21T03:14:02+00:00,
demo50_bf157dd78dfbaf8f,bf157dd78dfbaf8f,kic_9827856_q5,null_trial,,,,79.0,complete,36.84318237518892,2026-08-21T03:14:39+00:00,
demo50_bf157dd78dfbaf8f,bf157dd78dfbaf8f,kic_9827856_q5,null_trial,,,,80.0,complete,36.91481408383697,2026-08-21T03:15:15+00:00,
demo50_bf157dd78dfbaf8f,bf157dd78dfbaf8f,kic_9827856_q5,null_trial,,,,81.0,complete,36.79802004201338,2026-08-21T03:15:52+00:00,
demo50_bf157dd78dfbaf8f,bf157dd78dfbaf8f,kic_9827856_q5,null_trial,,,,82.0,complete,36.07897058315575,2026-08-21T03:16:28+00:00,
demo50_bf157dd78dfbaf8f,bf157dd78dfbaf8f,kic_9827856_q5,null_trial,,,,83.0,complete,34.188974500168115,2026-08-21T03:17:03+00:00,
demo50_bf157dd78dfbaf8f,bf157dd78dfbaf8f,kic_9827856_q5,null_trial,,,,84.0,complete,34.19603620795533,2026-08-21T03:17:37+00:00,
demo50_bf157dd78dfbaf8f,bf157dd78dfbaf8f,kic_9827856_q5,null_trial,,,,85.0,complete,34.34746416704729,2026-08-21T03:18:11+00:00,
demo50_bf157dd78dfbaf8f,bf157dd78dfbaf8f,kic_9827856_q5,null_trial,,,,86.0,complete,34.22890487499535,2026-08-21T03:18:45+00:00,
demo50_bf157dd78dfbaf8f,bf157dd78dfbaf8f,kic_9827856_q5,null_trial,,,,87.0,complete,34.09675712464377,2026-08-21T03:19:19+00:00,
demo50_bf157dd78dfbaf8f,bf157dd78dfbaf8f,kic_9827856_q5,null_trial,,,,88.0,complete,34.04957754118368,2026-08-21T03:19:53+00:00,
demo50_bf157dd78dfbaf8f,bf157dd78dfbaf8f,kic_9827856_q5,null_trial,,,,89.0,complete,34.246030332986265,2026-08-21T03:20:28+00:00,
demo50_bf157dd78dfbaf8f,bf157dd78dfbaf8f,kic_9827856_q5,null_trial,,,,90.0,complete,34.171934583224356,2026-08-21T03:21:02+00:00,
demo50_bf157dd78dfbaf8f,bf157dd78dfbaf8f,kic_9827856_q5,null_trial,,,,91.0,complete,34.27810975024477,2026-08-21T03:21:36+00:00,
demo50_bf157dd78dfbaf8f,bf157dd78dfbaf8f,kic_9827856_q5,null_trial,,,,92.0,complete,34.11426999978721,2026-08-21T03:22:10+00:00,
demo50_bf157dd78dfbaf8f,bf157dd78dfbaf8f,kic_9827856_q5,null_trial,,,,93.0,complete,34.17551112500951,2026-08-21T03:22:44+00:00,
demo50_bf157dd78dfbaf8f,bf157dd78dfbaf8f,kic_9827856_q5,null_trial,,,,94.0,complete,34.36188654182479,2026-08-21T03:23:19+00:00,
demo50_bf157dd78dfbaf8f,bf157dd78dfbaf8f,kic_9827856_q5,null_trial,,,,95.0,complete,34.22193808294833,2026-08-21T03:23:53+00:00,
demo50_bf157dd78dfbaf8f,bf157dd78dfbaf8f,kic_9827856_q5,null_trial,,,,96.0,complete,34.317989374976605,2026-08-21T03:24:27+00:00,
demo50_bf157dd78dfbaf8f,bf157dd78dfbaf8f,kic_9827856_q5,null_trial,,,,97.0,complete,34.39913408411667,2026-08-21T03:25:02+00:00,
demo50_bf157dd78dfbaf8f,bf157dd78dfbaf8f,kic_9827856_q5,null_trial,,,,98.0,complete,34.26346450019628,2026-08-21T03:25:36+00:00,
demo50_bf157dd78dfbaf8f,bf157dd78dfbaf8f,kic_9827856_q5,null_trial,,,,99.0,complete,34.303690041881055,2026-08-21T03:26:10+00:00,
demo50_bf157dd78dfbaf8f,bf157dd78dfbaf8f,kic_9827856_q5,star,,,,,complete,,2026-08-21T03:26:10+00:00,
