period,power,duration,transit_time,depth,depth_err,depth_snr,log_likelihood
1.0,0.0013770713935699118,0.0625,444.45497690278137,8.499090258843188e-05,0.0617185884372356,0.0013770713935699118,1.0112834931914842e-06
1.014014014014014,0.00019801500875578126,0.0625,444.14872690278133,1.232448487895566e-05,0.06224015521043595,0.00019801500875578126,2.0885277535595923e-08
1.028028028028028,0.00023103337848929612,0.1125,443.9737269027813,1.1009330267809741e-05,0.04765255280340286,0.00023103337848929612,2.999832485406365e-08
1.042042042042042,0.00032170294999989114,0.0625,443.79872690278137,2.0518757919256556e-05,0.06378169028062534,0.00032170294999989114,5.4943035164651504e-08
1.0560560560560561,0.00023055354687360154,0.0625,443.89872690278133,1.4549264830287351e-05,0.06310579484714597,0.00023055354687360154,2.825942779809516e-08
1.07007007007007,0.0004546091002651158,0.1125,443.79872690278137,2.1978109448316243e-05,0.048345071481189446,0.0004546091002651158,1.1568743213385917e-07
1.084084084084084,0.00018162774395372806,0.0625,444.3799769027813,1.1668805982388239e-05,0.06424572440519337,0.00018162774395372806,1.7496692747518612e-08
1.098098098098098,0.0002165048952050327,0.0625,444.41747690278135,1.3960653623901907e-05,0.06448193058489972,0.0002165048952050327,2.4849730824837095e-08
1.112112112112112,0.0005249724055501361,0.0625,443.84247690278136,3.4167887657936514e-05,0.06508511170626358,0.0005249724055501361,1.459305683756713e-07
1.1261261261261262,0.0002559369275890599,0.0625,444.3799769027813,1.672076988854511e-05,0.06533160355582797,0.0002559369275890599,3.466843406254393e-08
1.14014014014014,0.00018047439088150026,0.0625,444.64872690278133,1.1813131391032588e-05,0.06545599812434943,0.00018047439088150026,1.7234434047832242e-08
1.1541541541541542,0.0006468888488105568,0.0625,443.65497690278136,4.2423726817466696e-05,0.06558116884449589,0.0006468888488105568,2.2137202944121428e-07
1.1681681681681682,0.00019951761333706107,0.1125,443.60497690278135,1.0129306808053687e-05,0.0507689854476228,0.00019951761333706107,2.200831270030595e-08
1.1821821821821823,0.00023804723662103393,0.0625,444.3487269027813,1.5919972471600793e-05,0.06687736727204713,0.00023804723662103393,2.990657177259019e-08
1.1961961961961962,0.0003090066774007552,0.0625,444.42372690278137,2.0833141503550368e-05,0.06741971299387672,0.0003090066774007552,5.034629504920654e-08
1.2102102102102101,0.00022848474053909943,0.0625,444.11122690278137,1.5342010611865702e-05,0.06714676251756209,0.00022848474053909943,2.753914288490818e-08
1.2242242242242243,0.00028328382829042817,0.0625,444.5674769027813,1.9177265893744532e-05,0.06769629600629239,0.00028328382829042817,4.2293265623328385e-08
1.2382382382382382,0.00023266539832139915,0.1625,444.4737269027813,1.0323129583261335e-05,0.04436899366102207,0.00023266539832139915,3.1117565282699157e-08
1.2522522522522523,0.001022202114415451,0.1625,444.35497690278135,4.5621208885483145e-05,0.04463032138372337,0.001022202114415451,5.994128736497913e-07
1.2662662662662663,0.0002135536214299996,0.1125,444.67997690278133,1.1383120304497092e-05,0.053303335379064724,0.0002135536214299996,2.494326986433089e-08
1.2802802802802802,0.00022269033969088048,0.0625,443.67372690278137,1.563416763270551e-05,0.07020586368680165,0.00022269033969088048,2.6031496540942652e-08
1.2942942942942943,0.00019168959192882373,0.2625,443.9112269027813,7.0911856760175625e-06,0.03699306574063025,0.00019168959192882373,2.3105918117062186e-08
1.3083083083083082,0.00026850462717978036,0.0625,444.42372690278137,1.8850599255059157e-05,0.07020586368680165,0.00026850462717978036,3.7844252327270124e-08
1.3223223223223224,0.00020422302960007796,0.0625,444.1612269027813,1.424273966360989e-05,0.06974110457327411,0.00020422302960007796,2.1908408377539566e-08
1.3363363363363363,0.0002716868304280085,0.0625,443.96747690278136,1.9203028488318582e-05,0.07068074833832255,0.0002716868304280085,3.871941182793338e-08
1.3503503503503502,0.00022044052014129041,0.0625,443.66747690278135,1.5797292026482235e-05,0.07166237866049775,0.00022044052014129041,2.5454552407735838e-08
1.3643643643643644,0.000565013820638371,0.0625,444.42372690278137,4.0490234363001506e-05,0.07166237866049775,0.000565013820638371,1.672248260346204e-07
1.3783783783783785,0.0001765444149742936,0.1625,443.9424769027813,8.186260476741892e-06,0.0463694106547289,0.0001765444149742936,1.765841576627299e-08
1.3923923923923924,0.00024550794257468124,0.0625,443.77372690278133,1.771828730611963e-05,0.07216991483169588,0.00024550794257468124,3.15507393587511e-08
1.4064064064064064,0.0002785295850813967,0.0625,444.4424769027813,2.019750325840677e-05,0.07251475010277385,0.0002785295850813967,4.058994421839853e-08
1.4204204204204205,0.0002430802167157952,0.0625,444.57372690278135,1.7886285174138282e-05,0.0735818217368573,0.0002430802167157952,3.0872202542402794e-08
1.4344344344344344,0.0003245947563901362,0.0625,444.10497690278135,2.400340576587265e-05,0.07394884018712407,0.0003245947563901362,5.502361313848776e-08
1.4484484484484486,0.00030115173373565474,0.0625,443.99247690278133,2.2104682472316294e-05,0.07340048220250116,0.00030115173373565474,4.7395847758586935e-08
1.4624624624624625,0.00020960564735895442,0.0625,443.86747690278133,1.5385155588514666e-05,0.07340048220250116,0.00020960564735895442,2.2960192210831996e-08
1.4764764764764764,0.0002781282756379717,0.0625,444.6924769027813,2.0618916554741512e-05,0.07413455718389568,0.0002781282756379717,4.038827338968239e-08
1.4904904904904905,0.00030209397797526536,0.0625,444.5049769027813,2.2624604848141616e-05,0.07489260461191338,0.00030209397797526536,4.760416524171344e-08
1.5045045045045045,0.00027981745922034217,0.0625,443.7549769027813,2.0902581123517512e-05,0.0747007752188107,0.00027981745922034217,4.085182342795906e-08
1.5185185185185186,0.00022589256323703804,0.0625,444.7862269027813,1.7049841662588236e-05,0.07547765813209689,0.00022589256323703804,2.6598784715818656e-08
1.5325325325325325,0.00016801399363257813,0.1625,444.86747690278133,8.160287437325193e-06,0.04856909392422717,0.00016801399363257813,1.5781898981164862e-08
1.5465465465465464,0.0002001598406844813,0.1625,444.77372690278133,9.739729555046323e-06,0.04865975872952151,0.0002001598406844813,2.2387510306084515e-08
1.5605605605605606,0.0003733136778993914,0.1125,444.79872690278137,2.171831470456915e-05,0.05817712018154949,0.0003733136778993914,7.499794578346603e-08
1.5745745745745747,0.00021201140173722868,0.1125,444.3799769027813,1.2316342578976888e-05,0.058092831225379185,0.00021201140173722868,2.419492097637369e-08
1.5885885885885886,0.00022901098018360806,0.0625,444.7549769027813,1.7611281997760234e-05,0.07690147425962067,0.00022901098018360806,2.7293838317207768e-08
1.6026026026026026,0.0002671225858505334,0.0625,444.40497690278136,2.054212065994811e-05,0.07690147425962067,0.0002671225858505334,3.713412746629229e-08
1.6166166166166165,0.0002561293525045975,0.0625,444.30497690278133,1.980500635052538e-05,0.07732423541799989,0.0002561293525045975,3.4124730059358503e-08
1.6306306306306306,0.0002486427548226512,0.0625,444.54247690278135,1.94971470352656e-05,0.07841429785143862,0.0002486427548226512,3.2121723742497735e-08
1.6446446446446448,0.00018489187278166456,0.1125,444.47997690278135,1.0966232584023924e-05,0.05931159882280899,0.00018489187278166456,1.8339384205753474e-08
1.6586586586586587,0.00046101233958688705,0.1625,444.52997690278136,2.323653827568347e-05,0.050403289197216976,0.00046101233958688705,1.1770620300613202e-07
1.6726726726726726,0.0004913592943696265,0.0625,443.96747690278136,3.9089895078868694e-05,0.07955460602209187,0.0004913592943696265,1.2529763157671096e-07
1.6866866866866865,0.00028316424970784595,0.1625,445.0987269027813,1.4421161479637138e-05,0.05092860943609985,0.00028316424970784595,4.4297588363837005e-08
1.7007007007007007,0.00016516759899009426,0.1125,444.24872690278136,9.796354369827062e-06,0.05931159882280899,0.00016516759899009426,1.4635205238232542e-08
1.7147147147147148,0.00023239760054393104,0.0625,444.24872690278136,1.8653283052935588e-05,0.08026452514689146,0.00023239760054393104,2.8009569976561188e-08
1.7287287287287287,0.00019111991748451505,0.0625,444.11747690278133,1.538623406746579e-05,0.08050565461714589,0.00019111991748451505,1.893889590230759e-08
1.7427427427427427,0.0002563642507906662,0.0625,443.74872690278136,2.010262271996021e-05,0.07841429785143862,0.0002563642507906662,3.414775469867961e-08
1.7567567567567568,0.00030302003146096885,0.0625,443.88622690278135,2.4394825994873438e-05,0.08050565461714589,0.00030302003146096885,4.7608602825612224e-08
1.7707707707707707,0.0002619368479015302,0.0625,444.44872690278135,2.096167010178494e-05,0.08002566370373768,0.0002619368479015302,3.559072068994124e-08
1.7847847847847849,0.0004503061144116182,0.0625,444.11122690278137,3.6252188518810715e-05,0.08050565461714589,0.0004503061144116182,1.0513769379227131e-07
1.7987987987987988,0.00025352140350503265,0.0625,445.2862269027813,2.0920786989882014e-05,0.08252079193568647,0.00025352140350503265,3.326362894897726e-08
1.8128128128128127,0.00023111634547892023,0.0625,443.58622690278133,1.8892975234911085e-05,0.08174659908091306,0.00023111634547892023,2.7663199775089676e-08
1.8268268268268268,0.00025271245807843823,0.0625,444.65497690278136,2.0987756669934305e-05,0.08304994866307704,0.00025271245807843823,3.3036444752727894e-08
1.840840840840841,0.00036839293389681746,0.1125,443.95497690278137,2.292883338416579e-05,0.06224015521043595,0.00036839293389681746,7.228806754933989e-08
1.854854854854855,0.00020114689515674533,0.0625,443.8799769027813,1.659880108373912e-05,0.08252079193568647,0.00020114689515674533,2.0939535003732965e-08
1.8688688688688688,0.0002849005451732807,0.1125,444.48622690278137,1.7947428431954914e-05,0.06299541624618171,0.0002849005451732807,4.316276510089925e-08
1.8828828828828827,0.0003678074290134672,0.0625,444.3799769027813,3.0351760322020097e-05,0.08252079193568647,0.0003678074290134672,7.001343095304687e-08
1.896896896896897,0.00034927525837354757,0.0625,444.09247690278136,2.8731440278511718e-05,0.08226016469733345,0.00034927525837354757,6.315041802654294e-08
1.910910910910911,0.0002609030394923832,0.0625,443.71747690278136,2.188040119100118e-05,0.08386410995277023,0.0002609030394923832,3.518826878651869e-08
1.924924924924925,0.0004301881215930335,0.1125,444.01747690278137,2.7340070750026645e-05,0.06355375561924718,0.0004301881215930335,9.829355012306482e-08
1.9389389389389389,0.0002670564373775392,0.0625,444.54247690278135,2.2470430505748187e-05,0.08414113034085606,0.0002670564373775392,3.685917803929709e-08
1.9529529529529528,0.0003422382110701749,0.0625,445.35497690278135,2.9386594002062818e-05,0.08586590582673771,0.0003422382110701749,6.04500334929452e-08
1.966966966966967,0.0002235740883854675,0.0625,444.40497690278136,1.906610685838762e-05,0.08527869663283813,0.0002235740883854675,2.5809666582217338e-08
1.980980980980981,0.0002005412203505075,0.0625,443.9737269027813,1.7160456682425967e-05,0.08557072033586306,0.0002005412203505075,2.076092978523397e-08
1.994994994994995,0.00040218803119040724,0.1125,444.5049769027813,2.61273407138502e-05,0.06496299911391638,0.00040218803119040724,8.567106056359058e-08
2.009009009009009,0.0003578285081613243,0.0625,445.12372690278136,3.072526898390232e-05,0.08586590582673771,0.0003578285081613243,6.608295078932049e-08
2.023023023023023,0.0002256116531945603,0.1625,443.90497690278136,1.2320928094335949e-05,0.054611222070655954,0.0002256116531945603,2.7704461611807933e-08
2.037037037037037,0.0002289407691016709,0.1125,443.92372690278137,1.4735422944449747e-05,0.06436347271073356,0.0002289407691016709,2.7792984237032457e-08
2.051051051051051,0.0003536187641072873,0.0625,444.42997690278133,3.112753875620318e-05,0.08802569862146552,0.0003536187641072873,6.443342398975892e-08
2.065065065065065,0.00021653685943571118,0.1625,444.71747690278136,1.2054166364789837e-05,0.055667965242511816,0.00021653685943571118,2.542801218125536e-08
2.079079079079079,0.00027950585545939927,0.1125,444.06122690278136,1.8472478702238245e-05,0.06608977358229813,0.00027950585545939927,4.128912879796211e-08
2.093093093093093,0.0005728226427364468,0.0625,444.79872690278137,5.005971644789862e-05,0.08739130179763314,0.0005728226427364468,1.6915332673197077e-07
2.1071071071071072,0.00039607961068794685,0.0625,443.88622690278135,3.4738837293327775e-05,0.08770670429863892,0.00039607961068794685,8.085471670498414e-08
2.121121121121121,0.0002515727382060595,0.0625,445.21747690278136,2.214486603470344e-05,0.08802569862146552,0.0002515727382060595,3.261127359771498e-08
2.135135135135135,0.0002874235193084861,0.1125,443.8174769027813,1.910785145386306e-05,0.06647977695017704,0.0002874235193084861,4.363064346835614e-08
2.1491491491491495,0.00035979766696621313,0.21250000000000002,444.96747690278136,1.7970640109375477e-05,0.049946516498849375,0.00035979766696621313,7.185501907180456e-08
2.163163163163163,0.00023990649296656965,0.1125,445.60497690278135,1.6515303211946e-05,0.06884058454494336,0.00023990649296656965,3.0275831660259034e-08
2.1771771771771773,0.00030054279585701267,0.0625,445.11122690278137,2.7054571626143384e-05,0.09001903222799247,0.00030054279585701267,4.647881521300679e-08
2.191191191191191,0.000361706879059426,0.0625,443.7237269027813,3.1724118284448625e-05,0.08770670429863892,0.000361706879059426,6.743011862202107e-08
2.205205205205205,0.0002746543815847635,0.0625,445.0362269027813,2.50128105183093e-05,0.09107013102789287,0.0002746543815847635,3.878972278154035e-08
2.2192192192192195,0.00039536722105243003,0.1125,445.06122690278136,2.7044768521139712e-05,0.06840417485584441,0.00039536722105243003,8.228469424072833e-08
2.233233233233233,0.0003919475007912949,0.0625,444.79247690278135,3.555572056140233e-05,0.09071551799569993,0.0003919475007912949,7.901307904003302e-08
2.2472472472472473,0.0002822485092757741,0.0625,444.74872690278136,2.570440872217218e-05,0.09107013102789287,0.0002822485092757741,4.096443092090183e-08
2.2612612612612613,0.00020645906577968992,0.0625,444.79872690278137,1.844484276319266e-05,0.08933898200854468,0.00020645906577968992,2.194368848404909e-08
2.275275275275275,0.00038635514059956157,0.0625,444.86122690278137,3.518541327770204e-05,0.09107013102789287,0.00038635514059956157,7.675682506640684e-08
2.2892892892892895,0.00028220676072094334,0.1125,445.10497690278135,1.9468899075887975e-05,0.06898806756489989,0.00028220676072094334,4.1883702450595836e-08
2.303303303303303,0.0004939124477464097,0.0625,444.1299769027813,4.607838909003337e-05,0.09329262564706907,0.0004939124477464097,1.2526985852681786e-07
2.3173173173173174,0.0002323637701663495,0.0625,445.01747690278137,2.1501341663202175e-05,0.09253310723874612,0.0002323637701663495,2.773846159906522e-08
2.3313313313313313,0.00035298543188239996,0.0625,444.4737269027813,3.253131413270117e-05,0.0921605006734081,0.00035298543188239996,6.402632715162922e-08
2.3453453453453452,0.0003051943747244223,0.0625,443.76122690278135,2.7578944570215494e-05,0.09036517987960337,0.0003051943747244223,4.791768556724218e-08
2.3593593593593596,0.00020619087692241766,0.0625,445.26747690278137,1.9478690491028753e-05,0.09446921600880477,0.00020619087692241766,2.1816614536604404e-08
2.373373373373373,0.00037124159813308903,0.0625,445.33622690278133,3.449222349925838e-05,0.09291044880938429,0.00037124159813308903,7.078795217440612e-08
2.3873873873873874,0.0002529532375639232,0.0625,443.74872690278136,2.389629403955277e-05,0.09446921600880477,0.0002529532375639232,3.2834389957424e-08
2.4014014014014013,0.0002439636768596326,0.1125,444.64872690278133,1.7322187976621415e-05,0.07100314358103375,0.0002439636768596326,3.120605241493038e-08
2.4154154154154153,0.00023551314761121147,0.0625,443.55497690278133,2.197163991505567e-05,0.09329262564706907,0.00023551314761121147,2.8482424672855186e-08
2.4294294294294296,0.00023989560087330056,0.0625,444.57997690278137,2.2956385970976488e-05,0.09569323442117127,0.00023989560087330056,2.9511756783512985e-08
2.443443443443443,0.00021045313440631283,0.0625,444.76747690278137,1.9473882454749598e-05,0.09253310723874612,0.00021045313440631283,2.2753925871684252e-08
2.4574574574574575,0.000268246243300145,0.0625,444.44872690278135,2.48216583976831e-05,0.09253310723874612,0.000268246243300145,3.696688353667631e-08
2.4714714714714714,0.00023224107510764173,0.1625,444.47997690278135,1.394553766802783e-05,0.06004767960001991,0.00023224107510764173,2.8879986096281884e-08
2.4854854854854853,0.0004690989593438595,0.1625,444.52997690278136,2.8436859160037656e-05,0.060620171061161604,0.0004690989593438595,1.1765929651817746e-07
2.4994994994994997,0.0019653299360521846,0.0625,444.46122690278133,0.00018645438510690233,0.09487179820882324,0.0019653299360521846,1.9816185503588035e-06
2.5135135135135136,0.0008498119055550501,0.0625,443.9112269027813,8.203845001677161e-05,0.09653718602964104,0.0008498119055550501,3.701669004634884e-07
2.5275275275275275,0.0003324730478206879,0.1625,445.99872690278136,2.0284868356544057e-05,0.06101206846542418,0.0003324730478206879,5.904678938877326e-08
2.5415415415415414,0.0002710077552346844,0.2625,445.51747690278137,1.3508921108162597e-05,0.04984699089686303,0.0002710077552346844,4.0786727214716376e-08
2.5555555555555554,0.000226085360251983,0.0625,444.99872690278136,2.192302876283158e-05,0.09696792723950508,0.000226085360251983,2.619374586240877e-08
2.5695695695695697,0.00021307317379241472,0.0625,446.01122690278135,2.0848703260160045e-05,0.0978476214958518,0.00021307317379241472,2.325476087821613e-08
2.5835835835835836,0.0002430015523592067,0.0625,444.04872690278137,2.356335684825434e-05,0.09696792723950508,0.0002430015523592067,3.0260132334720524e-08
2.5975975975975976,0.00021792691895678503,0.0625,443.73622690278137,2.0764025476505887e-05,0.09527976431687817,0.00021792691895678503,2.4359678600377682e-08
2.611611611611612,0.0003286067561674823,0.0625,444.23622690278137,3.3072013547275895e-05,0.10064313324836191,0.0003286067561674823,5.523478304359562e-08
2.6256256256256254,0.000234710995792116,0.0625,445.81122690278136,2.2558621243324087e-05,0.09611233239070019,0.000234710995792116,2.824347227818628e-08
2.6396396396396398,0.00022900583050472958,0.0625,444.96122690278133,2.220622070980505e-05,0.09696792723950508,0.00022900583050472958,2.6874834982585325e-08
2.6536536536536537,0.0003751258501193128,0.0625,445.1612269027813,3.6054220395011375e-05,0.09611233239070019,0.0003751258501193128,7.2144827860209e-08
2.6676676676676676,0.00042312842096809956,0.0625,443.76122690278135,4.2179117047073494e-05,0.09968396107869448,0.00042312842096809956,9.162251261584239e-08
2.681681681681682,0.00030864062400827463,0.0625,444.57372690278135,3.0479051437263385e-05,0.09875255901648981,0.00030864062400827463,4.877106026705573e-08
2.6956956956956954,0.00033335403968632644,0.1125,445.92372690278137,2.4901805186890772e-05,0.0747007752188107,0.00033335403968632644,5.797934079640793e-08
2.70970970970971,0.0002982932648055149,0.0625,445.87372690278136,3.002116879691034e-05,0.10064313324836191,0.0002982932648055149,4.551416408459544e-08
2.7237237237237237,0.0003816034648449178,0.1625,444.5049769027813,2.4209223842940905e-05,0.063440786243331,0.0003816034648449178,7.736342051824563e-08
2.7377377377377377,0.0002399831899634114,0.0625,444.42372690278137,2.348178433690698e-05,0.0978476214958518,0.0002399831899634114,2.9499589467008036e-08
2.751751751751752,0.00039749307484722354,0.0625,444.42997690278133,3.9437224717938514e-05,0.09921487244298838,0.00039749307484722354,8.08753240595654e-08
2.7657657657657655,0.00023579736850535123,0.0625,444.67997690278133,2.4083646355246994e-05,0.10213704464942082,0.00023579736850535123,2.842107906646549e-08
2.77977977977978,0.0004594353336267845,0.0625,445.51122690278135,4.692536718416044e-05,0.10213704464942082,0.0004594353336267845,1.078975141830458e-07
2.793793793793794,0.0003668999133110173,0.0625,445.01122690278135,3.692595686417315e-05,0.10064313324836191,0.0003668999133110173,6.88580776619062e-08
2.8078078078078077,0.00024006424753365537,0.0625,446.11122690278137,2.4398083093319808e-05,0.10163147300765543,0.00024006424753365537,2.9465689702112622e-08
2.821821821821822,0.00027704644104963776,0.0625,444.80497690278133,2.8438949669407225e-05,0.10265047824350823,0.00027704644104963776,3.922553212750525e-08
2.8358358358358355,0.0002311827806166786,0.0625,445.02372690278133,2.3974060472023203e-05,0.10370175671420055,0.0002311827806166786,2.7300889837020705e-08
2.84984984984985,0.0004170910784803462,0.1125,445.92997690278133,3.173125650462775e-05,0.07607752393131795,0.0004170910784803462,9.061853754262328e-08
2.863863863863864,0.00036161335170243594,0.0625,445.6924769027813,3.639390073977502e-05,0.10064313324836191,0.00036161335170243594,6.688805855835813e-08
2.8778778778778777,0.0002623506647151077,0.0625,446.0049769027813,2.6930421200508087e-05,0.10265047824350823,0.0002623506647151077,3.517450792278361e-08
2.891891891891892,0.0003326732449038319,0.0625,446.32997690278137,3.523281740560861e-05,0.10590817850649097,0.0003326732449038319,5.648148971633155e-08
2.9059059059059056,0.0002373538937654011,0.0625,446.21747690278136,2.513771855011679e-05,0.10590817850649097,0.0002373538937654011,2.8751672672672303e-08
2.91991991991992,0.0003593884559834498,0.0625,444.82372690278135,3.670687477526802e-05,0.10213704464942082,0.0003593884559834498,6.602233813259318e-08
2.933933933933934,0.0004672724902016668,0.0625,445.9737269027813,4.8708500012875764e-05,0.10424003345853725,0.0004672724902016668,1.1150834475470297e-07
2.947947947947948,0.00028598450740212843,0.0625,445.9737269027813,2.9505587382310942e-05,0.10317197826671973,0.00028598450740212843,4.178782496520896e-08
2.961961961961962,0.00024456237208712644,0.0625,445.95497690278137,2.536154761162698e-05,0.10370175671420055,0.00024456237208712644,3.055238461969905e-08
2.9759759759759756,0.00023782111589894066,0.0625,443.70497690278137,2.4170110321133682e-05,0.10163147300765543,0.00023782111589894066,2.8917614530320758e-08
2.98998998998999,0.00035088903912396287,0.0625,446.4737269027813,3.6387809768912795e-05,0.10370175671420055,0.00035088903912396287,6.289345323948281e-08
3.004004004004004,0.0005647058550636882,0.1625,446.37372690278136,3.6893139048675725e-05,0.06533160355582797,0.0005647058550636882,1.687768598992503e-07
3.018018018018018,0.0002813778903114573,0.0625,445.2237269027813,2.9800219834885656e-05,0.10590817850649097,0.0002813778903114573,4.040641615044182e-08
3.032032032032032,0.00027739542381985974,0.0625,443.94872690278135,2.8766392754599648e-05,0.10370175671420055,0.00027739542381985974,3.9306504225314446e-08
3.046046046046046,0.0002323171399370274,0.0625,443.76122690278135,2.3968618912569478e-05,0.10317197826671973,0.0002323171399370274,2.7575745243647194e-08
3.06006006006006,0.00027144245211880756,0.0625,446.39872690278133,2.9388051839217547e-05,0.1082662332653652,0.00027144245211880756,3.75691052043474e-08
3.074074074074074,0.0004474924595430546,0.1125,446.39872690278133,3.539316810507924e-05,0.0790922111653458,0.0004474924595430546,1.0397213692669506e-07
3.088088088088088,0.0002777488984231238,0.0625,445.01747690278137,2.9575485542298547e-05,0.10648281851056393,0.0002777488984231238,3.936192052782196e-08
3.1021021021021022,0.00022677371302513535,0.0625,445.02372690278133,2.428002387354744e-05,0.10706718847460187,0.00022677371302513535,2.62336203888515e-08
3.116116116116116,0.00029857169784832776,0.0625,445.83622690278133,3.196723224670879e-05,0.10706718847460187,0.00029857169784832776,4.5474725219418317e-08
3.13013013013013,0.00047925681193642956,0.0625,443.76122690278135,5.048635178703686e-05,0.10534300301971204,0.00047925681193642956,1.1724809897116425e-07
3.144144144144144,0.0003128061054412116,0.0625,445.96122690278133,3.312872485298807e-05,0.10590817850649097,0.0003128061054412116,4.993681467251702e-08
3.158158158158158,0.00035090564689999775,0.0625,446.0049769027813,3.736542231318449e-05,0.10648281851056393,0.00035090564689999775,6.282786530891814e-08
3.1721721721721723,0.0003020378259073484,0.0625,445.96122690278133,3.198827598190789e-05,0.10590817850649097,0.0003020378259073484,4.6557865913409095e-08
3.186186186186186,0.00037412252185346946,0.0625,446.2237269027813,4.0278615970665475e-05,0.10766156437500221,0.00037412252185346946,7.13841437985433e-08
3.2002002002002,0.0002706822238037975,0.0625,444.44872690278135,2.8514478319545808e-05,0.10534300301971204,0.0002706822238037975,3.7401471796449006e-08
3.214214214214214,0.00039994242818991996,0.0625,444.42997690278133,4.21311364205217e-05,0.10534300301971204,0.00039994242818991996,8.165150217989208e-08
3.2282282282282284,0.00033487934350256613,0.0625,446.0049769027813,3.777902577019341e-05,0.11281384326383187,0.00033487934350256613,5.7090191525797523e-08
3.2422422422422423,0.000306521894601784,0.0625,444.56122690278136,3.318597094189844e-05,0.1082662332653652,0.000306521894601784,4.790692703000894e-08
3.2562562562562563,0.0002797951521459357,0.0625,444.33622690278133,2.9956880289088804e-05,0.10706718847460187,0.0002797951521459357,3.993495311113848e-08
3.27027027027027,0.0003370644574779971,0.0625,446.1612269027813,3.691113903769847e-05,0.1095076571225489,0.0003370644574779971,5.7903367865063076e-08
3.284284284284284,0.00031402834109991117,0.0625,444.43622690278136,3.380878246090324e-05,0.10766156437500221,0.00031402834109991117,5.0293485945501856e-08
3.2982982982982985,0.00029450394393221613,0.1125,445.22997690278135,2.4149946076399353e-05,0.08200211431449547,0.00029450394393221613,4.4907931952960726e-08
3.3123123123123124,0.0003064324381663,0.0625,446.15497690278136,3.395087584358261e-05,0.11079400094436989,0.0003064324381663,4.7835471777673984e-08
3.3263263263263263,0.000664662018162955,0.21250000000000002,446.16747690278135,4.1159513516888615e-05,0.06192547850206411,0.000664662018162955,2.3548067185962419e-07
3.34034034034034,0.0006667922788356914,0.1125,446.0049769027813,5.591994098793465e-05,0.08386410995277023,0.0006667922788356914,2.298374253069159e-07
3.354354354354354,0.0005363803085412144,0.1125,443.87372690278136,4.4403728221183253e-05,0.08278403870184461,0.0005363803085412144,1.488626765355233e-07
3.3683683683683685,0.00028867068835129376,0.0625,445.9737269027813,3.1982980517805146e-05,0.11079400094436989,0.00028867068835129376,4.24508082762956e-08
3.3823823823823824,0.00030267250124862494,0.0625,444.13622690278135,3.3534297389174946e-05,0.11079400094436989,0.00030267250124862494,4.666878770750346e-08
3.3963963963963963,0.00024009010282288864,0.0625,445.29872690278137,2.6759211422295557e-05,0.11145487093249937,0.00024009010282288864,2.9358271233667632e-08
3.4104104104104103,0.00032479701984180126,0.0625,444.42997690278133,3.62002099257284e-05,0.11145487093249937,0.00032479701984180126,5.3728663145338995e-08
3.424424424424424,0.0002937528168700125,0.0625,445.96747690278136,3.3984867701239756e-05,0.11569205723149976,0.0002937528168700125,4.388890684148923e-08
3.4384384384384385,0.0004290453853414644,0.0625,444.43622690278136,4.781919804741737e-05,0.11145487093249937,0.0004290453853414644,9.375370377782313e-08
3.4524524524524525,0.000281386174814827,0.0625,445.62372690278136,3.194091252480713e-05,0.11351272871109115,0.000281386174814827,4.029876477023655e-08
3.4664664664664664,0.0003825645678832254,0.1125,445.93622690278136,3.1978548508803784e-05,0.08358993799594364,0.0003825645678832254,7.567443979001384e-08
3.4804804804804803,0.0003366464891042954,0.0625,445.92997690278133,3.797838425713126e-05,0.11281384326383187,0.0003366464891042954,5.7694306831292625e-08
3.4944944944944947,0.0003907488615584215,0.0625,445.9737269027813,4.329262973651521e-05,0.11079400094436989,0.0003907488615584215,7.778144926437455e-08
3.5085085085085086,0.00040822383651474586,0.0625,443.76122690278135,4.633860160769917e-05,0.11351272871109115,0.00040822383651474586,8.481700695880389e-08
3.5225225225225225,0.00029398588306021547,0.0625,446.0049769027813,3.257187220540493e-05,0.11079400094436989,0.00029398588306021547,4.4028464647057056e-08
3.5365365365365364,0.00026081592528193735,0.0625,443.67997690278133,2.979172469548781e-05,0.11422509826914706,0.00026081592528193735,3.461432755293779e-08
3.5505505505505504,0.0002472073690793093,0.0625,445.36122690278137,2.788841338897744e-05,0.11281384326383187,0.0002472073690793093,3.111054405417985e-08
3.5645645645645647,0.00045158297983508244,0.1125,445.95497690278137,3.8510407941909056e-05,0.08527869663283813,0.00045158297983508244,1.052966579095099e-07
3.5785785785785786,0.0003810124338183656,0.1625,444.37372690278136,2.6930243948487673e-05,0.07068074833832255,0.0003810124338183656,7.614999410813098e-08
3.5925925925925926,0.00024612316016790536,0.0625,445.41747690278135,2.811344215649201e-05,0.11422509826914706,0.00024612316016790536,3.082425956557046e-08
3.6066066066066065,0.0002882521867932684,0.1125,445.8799769027813,2.4581770791295327e-05,0.08527869663283813,0.0002882521867932684,4.290270532174039e-08
3.6206206206206204,0.00021946953380320847,0.0625,447.04872690278137,2.522832771010642e-05,0.11495138880063362,0.00021946953380320847,2.4504037983368152e-08
3.6346346346346348,0.0005034738497145901,0.0625,445.82997690278137,5.824792543574387e-05,0.11569205723149976,0.0005034738497145901,1.2892719106758318e-07
3.6486486486486487,0.00026784838849017894,0.0625,447.0049769027813,3.226674226005674e-05,0.12046644163864309,0.00026784838849017894,3.643999296269261e-08
3.6626626626626626,0.0002835558746251348,0.0625,446.4737269027813,3.3461075058483345e-05,0.1180052259637343,0.0002835558746251348,4.0866989358535154e-08
3.6766766766766765,0.0002809560511778384,0.0625,445.76747690278137,3.293323651820244e-05,0.1172184631017486,0.0002809560511778384,4.0130128499862925e-08
3.6906906906906904,0.00028550489969569637,0.0625,443.8487269027813,3.220890500532633e-05,0.11281384326383187,0.00028550489969569637,4.149654246568542e-08
3.704704704704705,0.00023411128710452164,0.0625,445.32997690278137,2.691141758656863e-05,0.11495138880063362,0.00023411128710452164,2.7882639265969004e-08
3.7187187187187187,0.00025081183161159576,0.0625,445.96122690278133,2.97985575433598e-05,0.11880842044766649,0.00025081183161159576,3.196634513993731e-08
3.7327327327327327,0.0003191821323373247,0.21250000000000002,444.4737269027813,2.02491654303028e-05,0.063440786243331,0.0003191821323373247,5.412378848233764e-08
3.7467467467467466,0.0007526769686266582,0.0625,445.71747690278136,8.942436174987108e-05,0.11880842044766649,0.0007526769686266582,2.8788179307738504e-07
3.760760760760761,0.00045372880896606756,0.0625,446.76747690278137,5.215675672950685e-05,0.11495138880063362,0.00045372880896606756,1.0473259999282688e-07
3.774774774774775,0.0003617773436102282,0.21250000000000002,444.22997690278135,2.332810155786415e-05,0.06448193058489972,0.0003617773436102282,6.938554109248803e-08
3.7887887887887888,0.0002185712854693059,0.0625,443.95497690278137,2.5792553930989317e-05,0.1180052259637343,0.0002185712854693059,2.4281838097329224e-08
3.8028028028028027,0.00024804594703353624,0.0625,446.0049769027813,2.9270718029080915e-05,0.1180052259637343,0.00024804594703353624,3.1272285088735633e-08
3.8168168168168166,0.0003229426389196505,0.0625,445.99247690278133,3.712270484675538e-05,0.11495138880063362,0.0003229426389196505,5.305666578286364e-08
3.830830830830831,0.0002577572165289013,0.0625,443.77372690278133,3.001520454370849e-05,0.11644758175119028,0.0002577572165289013,3.378421889252471e-08
3.844844844844845,0.00038375446416967946,0.0625,444.07997690278137,4.498310849840488e-05,0.1172184631017486,0.00038375446416967946,7.486876185663282e-08
3.858858858858859,0.0003104474429315089,0.0625,445.0049769027813,3.639017213429928e-05,0.1172184631017486,0.0003104474429315089,4.899705123466549e-08
3.8728728728728727,0.0003053926062207474,0.0625,443.96122690278133,3.579765194383352e-05,0.1172184631017486,0.0003053926062207474,4.7414459733598375e-08
3.8868868868868867,0.00047634308100101287,0.0625,446.68622690278136,5.6210972909785916e-05,0.1180052259637343,0.00047634308100101287,1.1532808185446104e-07
3.900900900900901,0.00030330009557397603,0.0625,444.8174769027813,3.7062513565329774e-05,0.12219750044981469,0.00030330009557397603,4.6703417000528617e-08
3.914914914914915,0.00032872012706190837,0.0625,444.42997690278133,3.932433638310957e-05,0.11962862370062165,0.00032872012706190837,5.48973218350044e-08
3.928928928928929,0.0003586015523484136,0.0625,444.42997690278133,4.2899010164347144e-05,0.11962862370062165,0.0003586015523484136,6.533154009436697e-08
3.942942942942943,0.0003827663340936394,0.0625,443.74872690278136,4.6438172708372016e-05,0.12132251081677274,0.0003827663340936394,7.439938401499428e-08
3.956956956956957,0.00025047992830539237,0.0625,445.2862269027813,2.9759124635808412e-05,0.11880842044766649,0.00025047992830539237,3.188179796722485e-08
3.970970970970971,0.00029025091741939976,0.1625,443.61747690278133,2.185038639102698e-05,0.07528102438158407,0.00029025091741939976,4.3924423460220287e-08
3.984984984984985,0.00026743679657169133,0.1125,443.61122690278137,2.515828792101725e-05,0.09407190126237214,0.00026743679657169133,3.671048816477455e-08
3.998998998998999,0.0007595851542768439,0.0625,445.46122690278133,9.08681265895632e-05,0.11962862370062165,0.0007595851542768439,2.931240832613393e-07
4.013013013013013,0.00032318835691797,0.1625,447.2862269027813,2.492167943771902e-05,0.07711193458632086,0.00032318835691797,5.4345384274687356e-08
4.027027027027027,0.00037645252877595807,0.0625,445.96747690278136,4.5349896587508564e-05,0.12046644163864309,0.00037645252877595807,7.198145921742023e-08
4.041041041041041,0.0003133112773524348,0.0625,445.96747690278136,3.748099689955552e-05,0.11962862370062165,0.0003133112773524348,4.987129206474942e-08
4.055055055055055,0.0002507389238717685,0.0625,445.7549769027813,3.042027580361859e-05,0.12132251081677274,0.0002507389238717685,3.192606470890369e-08
4.069069069069069,0.00035556050936139333,0.0625,445.95497690278137,4.28331093499905e-05,0.12046644163864309,0.00035556050936139333,6.421363398058854e-08
4.083083083083083,0.00029504637711698974,0.0625,446.37372690278136,3.57957672792256e-05,0.12132251081677274,0.00029504637711698974,4.4206124951242496e-08
4.097097097097097,0.0002820744214357406,0.0625,445.7237269027813,3.446878924027513e-05,0.12219750044981469,0.0002820744214357406,4.039531267747721e-08
4.111111111111111,0.00030660881227027967,0.0625,446.01122690278135,3.719855094317885e-05,0.12132251081677274,0.00030660881227027967,4.773876063339338e-08
4.125125125125125,0.0003050074503342317,0.1125,447.3174769027813,2.8223287110393993e-05,0.09253310723874612,0.0003050074503342317,4.77932361189439e-08
4.1391391391391394,0.00025537455708669464,0.0625,443.7549769027813,3.0982682464479056e-05,0.12132251081677274,0.00025537455708669464,3.311746813796846e-08
4.153153153153153,0.0003005630082033558,0.1625,446.21122690278133,2.3703655452002217e-05,0.07886418090400775,0.0003005630082033558,4.691558402923408e-08
4.167167167167167,0.0005916352318397033,0.0625,446.94872690278135,7.566242545307645e-05,0.12788695023756852,0.0005916352318397033,1.7746888138871287e-07
4.181181181181181,0.00038021430627684506,0.0625,447.3174769027813,4.714927142263638e-05,0.12400709453658913,0.00038021430627684506,7.336077525761938e-08
4.195195195195195,0.0003908558057348369,0.1125,446.32372690278135,3.692384154025974e-05,0.09446921600880477,0.0003908558057348369,7.839377926018711e-08
4.2092092092092095,0.0003872055668403568,0.1125,446.02997690278136,3.823754059091572e-05,0.09875255901648981,0.0003872055668403568,7.676074929820118e-08
4.223223223223224,0.0004028523265523287,0.0625,445.97997690278135,5.111481182762944e-05,0.1268822555030965,0.0004028523265523287,8.230080562747994e-08
4.237237237237237,0.00031731310990117204,0.1625,445.9424769027813,2.5318106953019785e-05,0.07978903538181947,0.00031731310990117204,5.224203298429073e-08
4.251251251251251,0.00033119369270165816,0.0625,445.18622690278136,4.047104141288666e-05,0.12219750044981469,0.00033119369270165816,5.568877656348196e-08
4.265265265265265,0.00027408640760570184,0.0625,445.43622690278136,3.477670159975252e-05,0.1268822555030965,0.00027408640760570184,3.8096697685984223e-08
4.2792792792792795,0.00045222019261065017,0.1125,445.93622690278136,4.272088705927881e-05,0.09446921600880477,0.00045222019261065017,1.049417659900702e-07
4.293293293293294,0.00038835161954246626,0.1625,445.10497690278135,3.0715588299256776e-05,0.0790922111653458,0.00038835161954246626,7.83061312592635e-08
4.307307307307307,0.00028636826625114944,0.0625,444.89247690278137,3.605414231708112e-05,0.12590131856810235,0.00028636826625114944,4.159683770305086e-08
4.321321321321321,0.00032547668570434487,0.1125,445.60497690278135,3.101134190454861e-05,0.09527976431687817,0.00032547668570434487,5.4336237959725913e-08
4.335335335335335,0.0003870400860998437,0.0625,447.09247690278136,4.7641582632377416e-05,0.1230921145984022,0.0003870400860998437,7.603563325654112e-08
4.34934934934935,0.00026388643103642635,0.0625,445.96122690278133,3.272378960045723e-05,0.12400709453658913,0.00026388643103642635,3.533793139189476e-08
4.363363363363364,0.0003442587548977822,0.0625,447.63622690278135,4.438059018315173e-05,0.1289163733724921,0.0003442587548977822,6.007392194264835e-08
4.377377377377377,0.0005141923357098264,0.0625,446.29247690278135,6.473749306347948e-05,0.12590131856810235,0.0005141923357098264,1.341101762606097e-07
4.391391391391391,0.0003073756939066588,0.1625,445.45497690278137,2.4311023289560152e-05,0.0790922111653458,0.0003073756939066588,4.9055145830999495e-08
4.405405405405405,0.00036633731606065573,0.0625,445.96747690278136,4.612235113273622e-05,0.12590131856810235,0.00036633731606065573,6.807268076836525e-08
4.41941941941942,0.00033272527350878406,0.0625,445.44872690278135,4.1890550655688406e-05,0.12590131856810235,0.00033272527350878406,5.615418349557748e-08
4.433433433433434,0.0002668045398678759,0.0625,446.71747690278136,3.412081891324041e-05,0.12788695023756852,0.0002668045398678759,3.609113878261448e-08
4.4474474474474475,0.00043513376014108054,0.0625,444.96122690278133,5.7508840496567295e-05,0.13216359143892117,0.00043513376014108054,9.591073532252894e-08
4.461461461461461,0.00034199448720451955,0.0625,445.91747690278135,4.4819599691779436e-05,0.13105357357698114,0.00034199448720451955,5.925949723767498e-08
4.475475475475475,0.0004233820052430192,0.0625,444.95497690278137,5.595568636352957e-05,0.13216359143892117,0.0004233820052430192,9.0800126255997e-08
4.48948948948949,0.0003140149096852872,0.0625,446.60497690278135,3.923403435829106e-05,0.12494322131905229,0.0003140149096852872,5.00275571908958e-08
4.503503503503504,0.0004224201400904143,0.1125,444.3799769027813,4.0779251646575353e-05,0.09653718602964104,0.0004224201400904143,9.146210506700953e-08
4.5175175175175175,0.0002817572728543167,0.0625,447.16747690278135,3.574999828415709e-05,0.1268822555030965,0.0002817572728543167,4.025896488549291e-08
4.531531531531531,0.00029821351292520727,0.0625,445.96122690278133,3.725975694574623e-05,0.12494322131905229,0.00029821351292520727,4.5119408348822745e-08
4.545545545545545,0.0004886609859452535,0.0625,444.42997690278133,6.404076847577643e-05,0.13105357357698114,0.0004886609859452535,1.20985990795556e-07
4.55955955955956,0.0002508388201116845,0.0625,445.61747690278133,3.182699526350601e-05,0.1268822555030965,0.0002508388201116845,3.190816526635187e-08
4.573573573573574,0.00029697219402730795,0.0625,444.57997690278137,3.859793693411332e-05,0.12997155191763193,0.00029697219402730795,4.469402206709367e-08
4.587587587587588,0.0003546626525932114,0.0625,444.40497690278136,4.609605536476364e-05,0.12997155191763193,0.0003546626525932114,6.374538960574064e-08
4.601601601601601,0.00036716170200322667,0.0625,444.80497690278133,4.62261424099149e-05,0.12590131856810235,0.00036716170200322667,6.837939974725546e-08
4.615615615615615,0.0005061086414186219,0.0625,445.98622690278137,6.577972556410258e-05,0.12997155191763193,0.0005061086414186219,1.2980916885865953e-07
4.62962962962963,0.0003085437998018902,0.0625,445.02372690278133,3.914873324035969e-05,0.1268822555030965,0.0003085437998018902,4.827763440123258e-08
4.643643643643644,0.00039154374301974865,0.0625,444.7862269027813,5.007333517939791e-05,0.12788695023756852,0.00039154374301974865,7.772750577563817e-08
4.657657657657658,0.0003389365317661629,0.0625,445.59247690278136,4.3694468478744186e-05,0.1289163733724921,0.0003389365317661629,5.8230800557019066e-08
4.671671671671671,0.0002821255499294089,0.1125,444.41747690278135,2.6765758242456167e-05,0.09487179820882324,0.0002821255499294089,4.083513141473578e-08
4.685685685685685,0.00041328808470415205,0.0625,444.44872690278135,5.243892435981761e-05,0.1268822555030965,0.00041328808470415205,8.66199848224622e-08
4.6996996996997,0.0003339476919653998,0.0625,445.96122690278133,4.3403699784054316e-05,0.12997155191763193,0.0003339476919653998,5.65164346483295e-08
4.713713713713714,0.00033640678380809214,0.0625,447.59247690278136,4.5641736549401696e-05,0.13567424542615245,0.00033640678380809214,5.728712316923725e-08
4.727727727727728,0.00026912593457466293,0.0625,445.54872690278137,3.469473946584812e-05,0.1289163733724921,0.00026912593457466293,3.671361087139392e-08
4.741741741741741,0.0003454518211599955,0.0625,447.31122690278136,4.686891516697255e-05,0.13567424542615245,0.0003454518211599955,6.040911824554392e-08
4.7557557557557555,0.0003316880781000063,0.0625,443.85497690278135,4.276002411954473e-05,0.1289163733724921,0.0003316880781000063,5.576679971247344e-08
4.76976976976977,0.00023659479275239549,0.0625,443.61122690278137,3.0257386487193437e-05,0.12788695023756852,0.00023659479275239549,2.8380792548097273e-08
4.783783783783784,0.000306400683574998,0.0625,445.9737269027813,3.950006492534125e-05,0.1289163733724921,0.000306400683574998,4.758778143773832e-08
4.797797797797798,0.00029416778297850513,0.0625,447.07372690278135,3.955750261086754e-05,0.13447258639386084,0.00029416778297850513,4.3814288358646174e-08
4.811811811811811,0.00036150927500174917,0.0625,445.01747690278137,4.660446467374442e-05,0.1289163733724921,0.00036150927500174917,6.62452718895519e-08
4.8258258258258255,0.00021653633693191447,0.0625,446.37372690278136,2.9920828845363716e-05,0.13817925097149733,0.00021653633693191447,2.3724283968029058e-08
4.83983983983984,0.00029761016811775953,0.1125,445.9424769027813,2.9808631702670458e-05,0.10015999080675114,0.00029761016811775953,4.5316280723257965e-08
4.853853853853854,0.0002618683339214431,0.21250000000000002,446.38622690278135,1.9975546435586772e-05,0.0762808780139838,0.0002618683339214431,3.5712509758325366e-08
4.867867867867868,0.00035219593347572686,0.0625,445.88622690278135,4.960004513627499e-05,0.14083082858676277,0.00035219593347572686,6.273419417677317e-08
4.881881881881881,0.0002940947247724618,0.0625,446.33622690278133,4.063778878372743e-05,0.13817925097149733,0.0002940947247724618,4.3762891746617345e-08
4.895895895895896,0.0003178928971101551,0.0625,446.0049769027813,4.39262024118405e-05,0.13817925097149733,0.0003178928971101551,5.113204834563854e-08
4.90990990990991,0.00028124715461100487,0.1125,444.48622690278137,2.7271953624637756e-05,0.09696792723950508,0.00028124715461100487,4.053489027048939e-08
4.923923923923924,0.00036635645149879655,0.0625,444.43622690278136,4.841898437689989e-05,0.13216359143892117,0.00036635645149879655,6.798754339462379e-08
4.937937937937938,0.0003103875585998038,0.1625,444.49872690278136,2.594527677806992e-05,0.08358993799594364,0.0003103875585998038,4.981364664470842e-08
4.951951951951951,0.0004018855705146059,0.1625,444.49872690278136,3.4628192870325506e-05,0.08616430997008637,0.0004018855705146059,8.333826603178013e-08
4.965965965965966,0.0005105292857542633,0.1625,444.5049769027813,4.3537272082017344e-05,0.08527869663283813,0.0005105292857542633,1.345800782843961e-07
4.97997997997998,0.0008246911479045309,0.1625,444.5049769027813,7.00903186085794e-05,0.08498977924847727,0.0008246911479045309,3.5125467252963025e-07
4.993993993993994,0.0020424823888950828,0.1125,444.49872690278136,0.00020556182722300035,0.10064313324836191,0.0020424823888950828,2.133911072968562e-06
5.008008008008008,0.0017987960193084963,0.1625,444.37372690278136,0.00015287927659406875,0.08498977924847727,0.0017987960193084963,1.671103234652693e-06
5.022022022022022,0.0006311677427902355,0.21250000000000002,444.16747690278135,4.714871967953751e-05,0.0747007752188107,0.0006311677427902355,2.0785066525373333e-07
5.036036036036036,0.0005878067030888889,0.21250000000000002,443.82997690278137,4.4250690746893194e-05,0.07528102438158407,0.0005878067030888889,1.8014737410510047e-07
5.05005005005005,0.00040098458450623986,0.21250000000000002,443.63622690278135,3.01865302828536e-05,0.07528102438158407,0.00040098458450623986,8.383284816762264e-08
5.064064064064064,0.00038091470619853725,0.1625,448.42997690278133,3.340877349955803e-05,0.08770670429863892,0.00038091470619853725,7.478179183189964e-08
5.078078078078078,0.00031465784109149873,0.1625,448.17997690278133,2.779950194962492e-05,0.08834835277961867,0.00031465784109149873,5.100561237071518e-08
5.092092092092092,0.0002821904700685398,0.1125,447.92997690278133,2.988627867684951e-05,0.10590817850649097,0.0002821904700685398,4.0640129218339084e-08
5.106106106106106,0.00028260208096503444,0.1125,447.58622690278133,2.8721265763505155e-05,0.10163147300765543,0.00028260208096503444,4.083309979936572e-08
5.12012012012012,0.0002968192501828959,0.1125,447.49872690278136,3.094044857020301e-05,0.10424003345853725,0.0002968192501828959,4.499363381309273e-08
5.134134134134134,0.0002884372636299307,0.0625,447.68622690278136,4.0620858832301677e-05,0.14083082858676277,0.0002884372636299307,4.207638139298142e-08
5.148148148148148,0.0003011326844703145,0.0625,447.9737269027813,4.16102887831443e-05,0.13817925097149733,0.0003011326844703145,4.58825275143416e-08
5.162162162162162,0.0003465749748400843,0.0625,447.84247690278136,4.744932943265514e-05,0.13690927757997842,0.0003465749748400843,6.07888493174331e-08
5.176176176176176,0.00029348250430529486,0.0625,445.95497690278137,3.9818017317398414e-05,0.13567424542615245,0.00029348250430529486,4.3600548834937604e-08
5.19019019019019,0.00033586408851630817,0.0625,448.31122690278136,4.640944817940814e-05,0.13817925097149733,0.00033586408851630817,5.707667732840499e-08
5.2042042042042045,0.0002961986437428424,0.1125,445.96122690278133,3.0404932435281292e-05,0.10265047824350823,0.0002961986437428424,4.4836305945109986e-08
5.218218218218218,0.0003068559175178885,0.0625,445.95497690278137,4.2011421988515564e-05,0.13690927757997842,0.0003068559175178885,4.765390859242248e-08
5.232232232232232,0.00034047268377994096,0.0625,448.54247690278135,4.6193374460060503e-05,0.13567424542615245,0.00034047268377994096,5.868026571020268e-08
5.246246246246246,0.0002963460865626055,0.0625,446.01122690278135,4.0206531679374756e-05,0.13567424542615245,0.0002963460865626055,4.445554271632556e-08
5.26026026026026,0.00033057140688638677,0.0625,445.0362269027813,4.485002618877214e-05,0.13567424542615245,0.00033057140688638677,5.5316933351172535e-08
5.2742742742742745,0.0002882230238301399,0.0625,448.06122690278136,3.9460405974501356e-05,0.13690927757997842,0.0002882230238301399,4.2042338271156484e-08
5.288288288288288,0.000408118034097472,0.0625,445.95497690278137,5.7475600903147676e-05,0.14083082858676277,0.000408118034097472,8.423783982903671e-08
5.302302302302302,0.000352760716384528,0.0625,443.67372690278137,4.96795839812931e-05,0.14083082858676277,0.000352760716384528,6.293555714613604e-08
5.316316316316316,0.0004247293623317517,0.0625,444.40497690278136,5.814939016384503e-05,0.13690927757997842,0.0004247293623317517,9.129649256353107e-08
5.33033033033033,0.0003567648823696116,0.0625,443.79872690278137,4.9763648872372396e-05,0.13948583880186058,0.0003567648823696116,6.438693947641202e-08
5.344344344344345,0.00032398176658859337,0.0625,445.96747690278136,4.3955981713739254e-05,0.13567424542615245,0.00032398176658859337,5.313352903151094e-08
5.358358358358358,0.0004481578528297333,0.0625,444.4424769027813,6.080347851447874e-05,0.13567424542615245,0.0004481578528297333,1.0166923248516863e-07
5.372372372372372,0.0002847131352007267,0.0625,447.1924769027813,4.0096386739853355e-05,0.14083082858676277,0.0002847131352007267,4.099686585459314e-08
5.386386386386387,0.00045759316804318734,0.0625,443.64872690278133,6.264875006232644e-05,0.13690927757997842,0.00045759316804318734,1.0597137887803988e-07
5.4004004004004,0.00032304928320498675,0.0625,448.88622690278135,4.640402605806802e-05,0.1436437982393632,0.00032304928320498675,5.2756674042747466e-08
5.414414414414415,0.00038700077669835095,0.0625,444.45497690278137,5.4501640046149516e-05,0.14083082858676277,0.00038700077669835095,7.574593357686123e-08
5.428428428428428,0.00028407338245114245,0.1625,448.07372690278135,2.5572010969984224e-05,0.09001903222799247,0.00028407338245114245,4.1524411810611084e-08
5.4424424424424425,0.00046216725295511663,0.0625,448.1299769027813,6.638745963632551e-05,0.1436437982393632,0.00046216725295511663,1.0797872252563635e-07
5.456456456456457,0.0004141904662202229,0.0625,448.52372690278133,5.890456618131036e-05,0.14221613239642053,0.0004141904662202229,8.674369792520931e-08
5.47047047047047,0.00028001149315633536,0.0625,448.32997690278137,3.982215158324079e-05,0.14221613239642053,0.00028001149315633536,3.964509391796518e-08
5.484484484484485,0.00028452425848732467,0.0625,448.47997690278135,4.087014518035769e-05,0.1436437982393632,0.00028452425848732467,4.092403479305612e-08
5.498498498498498,0.0004232996052804327,0.0625,446.43622690278136,5.849122239418067e-05,0.13817925097149733,0.0004232996052804327,9.06624120748858e-08
5.5125125125125125,0.00031649071704144434,0.0625,447.76747690278137,4.5927874092500884e-05,0.14511602274415727,0.00031649071704144434,5.062487084775873e-08
5.526526526526527,0.00046492026124558724,0.0625,447.62372690278136,6.746737920513418e-05,0.14511602274415727,0.00046492026124558724,1.0924433416342494e-07
5.54054054054054,0.00027660732955118636,0.0625,444.42372690278137,3.895483941386533e-05,0.14083082858676277,0.00027660732955118636,3.8695727600880905e-08
5.554554554554555,0.00037980201678626855,0.0625,444.43622690278136,5.3487832722933785e-05,0.14083082858676277,0.00037980201678626855,7.295418035961192e-08
5.568568568568568,0.0003164994265487532,0.1625,445.97997690278135,2.7962202991276255e-05,0.08834835277961867,0.0003164994265487532,5.160439654427235e-08
5.5825825825825826,0.00039623838698626176,0.0625,444.7862269027813,5.58025803571576e-05,0.14083082858676277,0.00039623838698626176,7.94051633501843e-08
5.596596596596597,0.00032673740163411313,0.0625,446.09247690278136,4.557524053487468e-05,0.13948583880186058,0.00032673740163411313,5.4004666295103796e-08
5.61061061061061,0.0002619848108443955,0.1625,448.90497690278136,2.3583619130646153e-05,0.09001903222799247,0.0002619848108443955,3.5317880297510576e-08
5.624624624624625,0.0006397193052839055,0.0625,444.4424769027813,9.097840541680207e-05,0.14221613239642053,0.0006397193052839055,2.069267563046e-07
5.638638638638638,0.0003611638343180829,0.0625,444.3487269027813,5.136332367817937e-05,0.14221613239642053,0.0003611638343180829,6.595477548173554e-08
5.652652652652653,0.00039186918141429617,0.0625,445.9737269027813,5.414818996664125e-05,0.13817925097149733,0.00039186918141429617,7.769870163158191e-08
5.666666666666667,0.00041343392913423683,0.0625,443.76122690278135,5.822424280585553e-05,0.14083082858676277,0.00041343392913423683,8.64465924830381e-08
5.68068068068068,0.0002906663051959792,0.0625,444.24247690278133,4.1337437742929755e-05,0.14221613239642053,0.0002906663051959792,4.2719593978764835e-08
5.694694694694695,0.0005962831022207253,0.0625,445.95497690278137,8.317304867663344e-05,0.13948583880186058,0.0005962831022207253,1.7986165668030652e-07
5.708708708708708,0.0004819994491836219,0.1125,443.77372690278133,5.077526943084982e-05,0.10534300301971204,0.0004819994491836219,1.1859388734566803e-07
5.722722722722723,0.0004770119225677833,0.0625,445.0674769027813,6.653640813785542e-05,0.13948583880186058,0.0004770119225677833,1.151044338050691e-07
5.736736736736737,0.00031470881613055563,0.0625,444.11122690278137,4.389742319631106e-05,0.13948583880186058,0.00031470881613055563,5.0101577845176736e-08
5.7507507507507505,0.00031794211481626976,0.0625,447.71122690278133,4.6138495165003263e-05,0.14511602274415727,0.00031794211481626976,5.1090257666184705e-08
5.764764764764765,0.0003575203963398885,0.0625,443.69872690278135,4.986903237224299e-05,0.13948583880186058,0.0003575203963398885,6.46599301333393e-08
5.778778778778778,0.00032097762806971984,0.0625,443.51994812400255,4.4352448225281745e-05,0.13817925097149733,0.00032097762806971984,5.2129201084771895e-08
5.792792792792793,0.0002984128073724898,0.0625,449.14872690278133,4.330447974181405e-05,0.14511602274415727,0.0002984128073724898,4.50066711770204e-08
5.806806806806807,0.000288552957016684,0.0625,448.65497690278136,4.187365747332695e-05,0.14511602274415727,0.000288552957016684,4.208167656464424e-08
5.8208208208208205,0.00036201600229526776,0.0625,448.72997690278135,5.3652134163799225e-05,0.14820376398731522,0.00036201600229526776,6.620668450759717e-08
5.834834834834835,0.00056366597079978,0.0625,447.76747690278137,8.179696383868836e-05,0.14511602274415727,0.00056366597079978,1.6057783903746458e-07
5.848848848848848,0.000279986714151387,0.1125,444.30497690278133,2.9338978071706345e-05,0.10478703663004149,0.000279986714151387,4.0026066994581056e-08
5.862862862862863,0.000563572895573434,0.0625,443.93622690278136,7.861043806505382e-05,0.13948583880186058,0.000563572895573434,1.6066962529227122e-07
5.876876876876877,0.0003378772167856393,0.0625,445.96122690278133,4.903139787579739e-05,0.14511602274415727,0.0003378772167856393,5.769787146371398e-08
5.890890890890891,0.00029001292864279035,0.0625,443.51408601189047,4.165855860877182e-05,0.1436437982393632,0.00029001292864279035,4.251816988133168e-08
5.904904904904905,0.00039740626916551734,0.0625,447.64247690278137,5.76700171948939e-05,0.14511602274415727,0.00039740626916551734,7.981994119822459e-08
5.918918918918919,0.0003077152595584226,0.0625,444.3487269027813,4.4654414604804315e-05,0.14511602274415727,0.0003077152595584226,4.7856401848746264e-08
5.932932932932933,0.0003029580297648016,0.0625,448.52997690278136,4.3964064337874026e-05,0.14511602274415727,0.0003029580297648016,4.6388134874513444e-08
5.946946946946947,0.0003394298365679593,0.0625,443.76122690278135,4.875699096038798e-05,0.1436437982393632,0.0003394298365679593,5.82424821040282e-08
5.960960960960961,0.0003481888109546776,0.0625,446.01122690278135,5.105672385609637e-05,0.14663516531765355,0.0003481888109546776,6.125954269656549e-08
5.974974974974975,0.00027778819378419833,0.0625,448.31122690278136,3.912114150224887e-05,0.14083082858676277,0.00027778819378419833,3.902682466719397e-08
5.988988988988989,0.00039863428772414516,0.1125,445.5362269027813,4.4698074984995865e-05,0.11212802400963291,0.00039863428772414516,8.091567524825467e-08
6.003003003003003,0.0006253800920138271,0.0625,447.42372690278137,8.983197176014859e-05,0.1436437982393632,0.0006253800920138271,1.9770968718274528e-07
6.017017017017017,0.0003451603265716944,0.1125,449.3174769027813,3.824169354814333e-05,0.11079400094436989,0.0003451603265716944,6.069072570534945e-08
6.031031031031031,0.000322505975761339,0.0625,449.12372690278136,4.779659951623228e-05,0.14820376398731522,0.000322505975761339,5.2543843282247204e-08
6.045045045045045,0.00028989537646140906,0.0625,444.21747690278136,4.206846404399987e-05,0.14511602274415727,0.00028989537646140906,4.247413600851144e-08
6.059059059059059,0.00041409191374131693,0.0625,445.96747690278136,6.204113594743371e-05,0.1498245531695912,0.00041409191374131693,8.660480736707892e-08
6.073073073073073,0.00041956070697837745,0.0625,444.77997690278136,6.152235362856598e-05,0.14663516531765355,0.00041956070697837745,8.894749990596064e-08
6.087087087087087,0.00027814954880483203,0.0625,446.84247690278136,4.078650507202729e-05,0.14663516531765355,0.00027814954880483203,3.9093166405776935e-08
6.101101101101101,0.00032273814044279464,0.0625,445.6299769027813,4.835409768262648e-05,0.1498245531695912,0.00032273814044279464,5.260767216077212e-08
6.115115115115115,0.0003869915264536227,0.0625,443.85497690278135,5.735360085162355e-05,0.14820376398731522,0.0003869915264536227,7.565701720488914e-08
6.129129129129129,0.00042269307104082077,0.0625,448.14872690278133,6.264470413960726e-05,0.14820376398731522,0.00042269307104082077,9.026025600499533e-08
6.143143143143143,0.00039206659223891665,0.0625,444.46122690278133,5.810574470348735e-05,0.14820376398731522,0.00039206659223891665,7.765438405357751e-08
6.157157157157157,0.0005545440152546681,0.0625,444.4112269027813,8.131565335278365e-05,0.14663516531765355,0.0005545440152546681,1.5538753378446677e-07
6.171171171171171,0.0003266721867349823,0.0625,447.42997690278133,4.894351441050198e-05,0.1498245531695912,0.0003266721867349823,5.3898021064147844e-08
6.185185185185185,0.00034221336974313494,0.0625,445.24872690278136,5.1845491026664996e-05,0.15150048364732266,0.00034221336974313494,5.913500867551201e-08
6.1991991991991995,0.00037119262157099097,0.0625,449.42997690278133,5.4429891428755475e-05,0.14663516531765355,0.00037119262157099097,6.962140740223356e-08
6.213213213213213,0.00032355111229593226,0.0625,449.44872690278135,4.847590082726228e-05,0.1498245531695912,0.00032355111229593226,5.287304162282777e-08
6.227227227227227,0.00032557299559138477,0.0625,449.4112269027813,4.877882858856451e-05,0.1498245531695912,0.00032557299559138477,5.3535917665632564e-08
6.241241241241241,0.0005837161938647347,0.1125,449.47997690278135,6.467225253429341e-05,0.11079400094436989,0.0005837161938647347,1.7357376028616594e-07
6.255255255255255,0.0007508691949033421,0.0625,446.89872690278133,0.00011128164094680031,0.14820376398731522,0.0007508691949033421,2.848228830716894e-07
6.2692692692692695,0.000364531522407884,0.1625,445.55497690278133,3.4008102856554895e-05,0.09329262564706907,0.000364531522407884,6.823651253421902e-08
6.283283283283283,0.0004580150169642482,0.0625,445.59247690278136,6.862189526163122e-05,0.1498245531695912,0.0004580150169642482,1.0595170145921142e-07
6.297297297297297,0.0003501910239626105,0.0625,447.9737269027813,5.246721368919973e-05,0.1498245531695912,0.0003501910239626105,6.193819152693332e-08
6.311311311311311,0.0003676658115257998,0.0625,443.94872690278135,5.699952176674273e-05,0.15503079149567042,0.0003676658115257998,6.822785511438494e-08
6.325325325325325,0.0003037294324339757,0.0625,447.22997690278135,4.765283050952228e-05,0.1568923700533401,0.0003037294324339757,4.6551241239169777e-08
6.33933933933934,0.00035139574768624544,0.0625,443.71122690278133,5.3846037821797715e-05,0.1532347450882525,0.00035139574768624544,6.23370094657891e-08
6.353353353353353,0.0003582863885280395,0.1125,445.94872690278135,4.0173944775196685e-05,0.11212802400963291,0.0003582863885280395,6.53648064714224e-08
6.367367367367367,0.00046167879059805597,0.0625,449.42997690278133,6.994456006531648e-05,0.15150048364732266,0.00046167879059805597,1.0762931262007462e-07
6.381381381381381,0.00029693037837062573,0.0625,449.7862269027813,4.775495037281959e-05,0.1608287795774547,0.00029693037837062573,4.4470438059654004e-08
6.395395395395395,0.00026934733200007806,0.1625,449.7237269027813,2.6977826296950766e-05,0.10015999080675114,0.00026934733200007806,3.711795869713087e-08
6.40940940940941,0.0003293796301174194,0.0625,445.19872690278135,4.8815300964151204e-05,0.14820376398731522,0.0003293796301174194,5.480747298907521e-08
6.423423423423423,0.0005385809698063773,0.1125,444.46122690278133,6.0027472476470125e-05,0.11145487093249937,0.0005385809698063773,1.4773519552844851e-07
6.4374374374374375,0.00037430967787522657,0.1625,444.3799769027813,3.477728016508336e-05,0.09291044880938429,0.00037430967787522657,7.196282333300169e-08
6.451451451451452,0.0003530336141543075,0.0625,447.83622690278133,5.47310806269194e-05,0.15503079149567042,0.0003530336141543075,6.29053149183974e-08
6.465465465465465,0.0004989874268685656,0.0625,449.17372690278137,7.925095649316442e-05,0.1588235539129913,0.0004989874268685656,1.2561428210162878e-07
6.47947947947948,0.0003645718037855724,0.0625,449.10497690278135,5.7902589533694345e-05,0.1588235539129913,0.0003645718037855724,6.70541974941498e-08
6.493493493493493,0.0003827857813524549,0.1125,444.48622690278137,4.216195786853316e-05,0.11014504697527414,0.0003827857813524549,7.466048903493455e-08
6.5075075075075075,0.00035030380490031843,0.0625,444.32997690278137,5.30711958658956e-05,0.15150048364732266,0.00035030380490031843,6.19641402739976e-08
6.521521521521522,0.0003523157739196114,0.0625,444.1924769027813,5.166188175271927e-05,0.14663516531765355,0.0003523157739196114,6.272032561645079e-08
6.535535535535535,0.00047126492744712685,0.0625,449.45497690278137,7.579296313897914e-05,0.1608287795774547,0.00047126492744712685,1.120191785970397e-07
6.54954954954955,0.00035812173311183706,0.0625,449.79247690278135,5.759628127653971e-05,0.1608287795774547,0.00035812173311183706,6.468796652928243e-08
6.563563563563563,0.0003859161629015386,0.0625,449.74872690278136,6.129257650448725e-05,0.1588235539129913,0.0003859161629015386,7.513559869116846e-08
6.5775775775775776,0.00037427283213876326,0.0625,449.71747690278136,6.019384282187486e-05,0.1608287795774547,0.00037427283213876326,7.065432491645921e-08
6.591591591591592,0.00032125430460266415,0.0625,445.34247690278136,4.761109713924231e-05,0.14820376398731522,0.00032125430460266415,5.2136781128454444e-08
6.605605605605605,0.00033733776384126357,0.0625,445.16747690278135,5.1106834374457745e-05,0.15150048364732266,0.00033733776384126357,5.746198743512163e-08
6.61961961961962,0.0003434688123658146,0.1625,447.89872690278133,3.301158865994221e-05,0.09611233239070019,0.0003434688123658146,6.048195671485398e-08
6.633633633633633,0.0003807052015529461,0.0625,449.45497690278137,6.0464953103800557e-05,0.1588235539129913,0.0003807052015529461,7.3120211076896e-08
6.647647647647648,0.0004018684872777156,0.1625,449.51122690278135,4.0059842644545636e-05,0.09968396107869448,0.0004018684872777156,8.26467361243465e-08
6.661661661661662,0.0008655698838533316,0.0625,449.46747690278136,0.000128280714781127,0.14820376398731522,0.0008655698838533316,3.784866610494077e-07
6.675675675675675,0.0006344437963823166,0.1625,449.40497690278136,6.294626033031684e-05,0.09921487244298838,0.0006344437963823166,2.06036047857745e-07
6.68968968968969,0.0004827461807751499,0.1125,445.9424769027813,5.621462535088915e-05,0.11644758175119028,0.0004827461807751499,1.1850315387528108e-07
6.703703703703703,0.0006912352364729465,0.0625,447.26747690278137,0.00010716274582009781,0.15503079149567042,0.0006912352364729465,2.4116093592576066e-07
6.717717717717718,0.00036023435426125257,0.0625,445.96747690278136,5.584741706505372e-05,0.15503079149567042,0.00036023435426125257,6.549761384959912e-08
6.731731731731732,0.00043024057616347503,0.0625,448.86747690278133,6.919506678907264e-05,0.1608287795774547,0.00043024057616347503,9.336516672491234e-08
6.7457457457457455,0.0004019018722581973,0.0625,445.96747690278136,6.305533726746332e-05,0.1568923700533401,0.0004019018722581973,8.150749893722774e-08
6.75975975975976,0.00032809490570088427,0.0625,446.86122690278137,5.086481291650544e-05,0.15503079149567042,0.00032809490570088427,5.433181305365307e-08
6.773773773773773,0.00031173404839370623,0.0625,444.94872690278135,4.89086936788112e-05,0.1568923700533401,0.00031173404839370623,4.903723650603962e-08
6.787787787787788,0.00031841775214958294,0.0625,449.46747690278136,4.936455614202206e-05,0.15503079149567042,0.00031841775214958294,5.11740474650758e-08
6.801801801801802,0.0002886482744591522,0.0625,448.64247690278137,4.584414478045507e-05,0.1588235539129913,0.0002886482744591522,4.2033712213026515e-08
6.8158158158158155,0.00044493181174182564,0.0625,449.46747690278136,7.066565158978274e-05,0.1588235539129913,0.00044493181174182564,9.987268629217129e-08
6.82982982982983,0.0002951430717169924,0.0625,447.44872690278135,4.575626401274875e-05,0.15503079149567042,0.0002951430717169924,4.3966349624491697e-08
6.843843843843843,0.00042072026527489967,0.0625,446.01122690278135,6.522459572383612e-05,0.15503079149567042,0.00042072026527489967,8.933920563409508e-08
6.857857857857858,0.00031705561321099143,0.0625,445.71747690278136,4.915338266424514e-05,0.15503079149567042,0.00031705561321099143,5.073715557409201e-08
6.871871871871872,0.0005202444570795203,0.0625,445.07997690278137,7.971952676415661e-05,0.1532347450882525,0.0005202444570795203,1.366368633712733e-07
6.885885885885886,0.0003665696738344051,0.1125,448.72997690278135,4.4793897883268146e-05,0.12219750044981469,0.0003665696738344051,6.822077177760625e-08
6.8998998998999,0.0003143217086897219,0.0625,449.44872690278135,5.055197680326821e-05,0.1608287795774547,0.0003143217086897219,4.983229599500426e-08
6.913913913913914,0.0004297620385201533,0.0625,445.59247690278136,6.74263847823817e-05,0.1568923700533401,0.0004297620385201533,9.319950597884679e-08
6.927927927927928,0.0003758307480388209,0.0625,444.40497690278136,5.8265338336868286e-05,0.15503079149567042,0.0003758307480388209,7.12918426817044e-08
6.941941941941942,0.0002949122330784633,0.0625,445.95497690278137,4.57204769159098e-05,0.15503079149567042,0.0002949122330784633,4.3897602197783066e-08
6.955955955955956,0.00031068351039818804,0.0625,445.95497690278137,4.816551052168444e-05,0.15503079149567042,0.00031068351039818804,4.871824448010439e-08
6.96996996996997,0.00030483969213842405,0.0625,445.63622690278135,4.7259538751516384e-05,0.15503079149567042,0.00030483969213842405,4.690274406312765e-08
6.983983983983984,0.00041105099001038383,0.1125,449.4737269027813,4.9173464205720194e-05,0.11962862370062165,0.00041105099001038383,8.584005016068921e-08
6.997997997997998,0.0006142331799396058,0.0625,450.46747690278136,0.00010006650226938473,0.16291288966060696,0.0006142331799396058,1.9025279265214683e-07
7.012012012012012,0.0004606224560466102,0.0625,449.4112269027813,7.315769548145326e-05,0.1588235539129913,0.0004606224560466102,1.0704096816314094e-07
7.026026026026026,0.0003319560726826938,0.1625,447.21122690278133,3.424856471632452e-05,0.10317197826671973,0.0003319560726826938,5.6302280886156896e-08
7.04004004004004,0.00039072849314058687,0.0625,447.23622690278137,6.365470789026765e-05,0.16291288966060696,0.00039072849314058687,7.698651489531077e-08
7.054054054054054,0.000329913233148301,0.0625,447.41747690278135,5.598433851930209e-05,0.16969412831687258,0.000329913233148301,5.484930779026671e-08
7.068068068068068,0.0003049349361183883,0.0625,447.06122690278136,5.102764937273261e-05,0.16733946599323596,0.0003049349361183883,4.6868778009117704e-08
7.082082082082082,0.000467412095706158,0.0625,449.44872690278135,7.517331691216184e-05,0.1608287795774547,0.000467412095706158,1.101950377237382e-07
7.096096096096096,0.00033351329493183185,0.0625,446.86747690278133,5.5056768927594634e-05,0.16508118196261984,0.00033351329493183185,5.607808438781117e-08
7.11011011011011,0.00041382824100943077,0.0625,446.01122690278135,6.655549095623154e-05,0.1608287795774547,0.00041382824100943077,8.637785084028784e-08
7.124124124124124,0.0004471120967231165,0.0625,445.96122690278133,7.190849285029571e-05,0.1608287795774547,0.0004471120967231165,1.0083121120802006e-07
7.138138138138138,0.000467167274203328,0.0625,449.46747690278136,7.419716676081746e-05,0.1588235539129913,0.000467167274203328,1.101043911066511e-07
7.152152152152152,0.00039036433135479585,0.1125,449.4112269027813,4.770154555631927e-05,0.12219750044981469,0.00039036433135479585,7.73648732476945e-08
7.166166166166166,0.0003216163186537763,0.0625,445.6299769027813,5.172516002128063e-05,0.1608287795774547,0.0003216163186537763,5.2172097494928213e-08
7.18018018018018,0.00036247041862196976,0.0625,449.18622690278136,5.686884305182718e-05,0.1568923700533401,0.00036247041862196976,6.629833885609374e-08
7.1941941941941945,0.00032848575457218045,0.0625,445.31122690278136,5.217127495094433e-05,0.1588235539129913,0.00032848575457218045,5.443683860014062e-08
7.208208208208208,0.00037910647934744963,0.0625,448.41747690278135,6.258334570036451e-05,0.16508118196261984,0.00037910647934744963,7.245849044244968e-08
7.222222222222222,0.00047827355959726873,0.0625,444.97997690278135,7.596110647785507e-05,0.1588235539129913,0.00047827355959726873,1.154017939468007e-07
7.236236236236236,0.000303195696520844,0.1625,449.39247690278137,3.0514564885277206e-05,0.10064313324836191,0.000303195696520844,4.702250284195853e-08
7.25025025025025,0.00036764057655141454,0.0625,445.93622690278136,6.069054091452653e-05,0.16508118196261984,0.00036764057655141454,6.814182249520965e-08
7.2642642642642645,0.00040096538218604776,0.1125,447.22997690278135,4.864612691741819e-05,0.12132251081677274,0.00040096538218604776,8.164237541026178e-08
7.278278278278278,0.00033667320291067796,0.1125,449.41747690278135,4.055782274973423e-05,0.12046644163864309,0.00033667320291067796,5.7572794516960086e-08
7.292292292292292,0.00032897087312490564,0.0625,447.17997690278133,5.2907984041208267e-05,0.1608287795774547,0.00032897087312490564,5.45854681184426e-08
7.306306306306306,0.00040521011583931934,0.0625,448.3174769027813,6.435691067909559e-05,0.1588235539129913,0.00040521011583931934,8.283623904314177e-08
7.32032032032032,0.0003286940690029982,0.0625,444.79872690278137,5.220436018917816e-05,0.1588235539129913,0.0003286940690029982,5.4505904455229004e-08
7.334334334334335,0.0003574651868782135,0.0625,450.77372690278133,5.9818033483372544e-05,0.16733946599323596,0.0003574651868782135,6.440754833672182e-08
7.348348348348348,0.0003887146351972383,0.0625,445.95497690278137,6.416947142452869e-05,0.16508118196261984,0.0003887146351972383,7.617783966371298e-08
7.362362362362362,0.00034686951987385797,0.0625,448.16747690278135,5.578660155393024e-05,0.1608287795774547,0.00034686951987385797,6.068682580227096e-08
7.376376376376376,0.0003293630560588984,0.0625,445.95497690278137,5.365748721000362e-05,0.16291288966060696,0.0003293630560588984,5.470339274014235e-08
7.39039039039039,0.0003234086359692737,0.0625,450.55497690278133,5.4119028440699104e-05,0.16733946599323596,0.0003234086359692737,5.271964630857357e-08
7.404404404404405,0.000331607500941711,0.0625,445.4112269027813,5.402313621154659e-05,0.16291288966060696,0.000331607500941711,5.545148567649501e-08
7.418418418418418,0.00031412749249358225,0.0625,445.26122690278135,5.185653774779455e-05,0.16508118196261984,0.00031412749249358225,4.974835938298616e-08
7.4324324324324325,0.00032498824633859694,0.0625,449.82997690278137,5.364944382953464e-05,0.16508118196261984,0.00032498824633859694,5.324786222954027e-08
7.446446446446447,0.0003237345750352695,0.1125,444.48622690278137,4.0145384051161176e-05,0.12400709453658913,0.0003237345750352695,5.3184511400302466e-08
7.46046046046046,0.0003923148595556166,0.1625,449.51747690278137,4.110951155876398e-05,0.10478703663004149,0.0003923148595556166,7.858462523790694e-08
7.474474474474475,0.00045882996037288653,0.1625,447.04872690278137,4.6178084840149036e-05,0.10064313324836191,0.00045882996037288653,1.0768698373495211e-07
7.488488488488488,0.000871801654007037,0.1125,449.49247690278133,0.0001081095901256054,0.12400709453658913,0.000871801654007037,3.856935547451711e-07
7.5025025025025025,0.0012629395241280635,0.0625,449.43622690278136,0.00020848754939036934,0.16508118196261984,0.0012629395241280635,8.041405776398314e-07
7.516516516516517,0.0006601187214747898,0.1625,449.36122690278137,6.917188464735496e-05,0.10478703663004149,0.0006601187214747898,2.2249085759351457e-07
7.53053053053053,0.00041634123493068046,0.1625,448.11747690278133,4.317531745487124e-05,0.10370175671420055,0.00041634123493068046,8.854513177312318e-08
7.544544544544545,0.00045900379169794,0.0625,443.8799769027813,7.477763407068672e-05,0.16291288966060696,0.00045900379169794,1.0624219658698102e-07
7.558558558558558,0.00037864529112415196,0.0625,443.76122690278135,6.336230081756896e-05,0.16733946599323596,0.00037864529112415196,7.226606096812979e-08
7.5725725725725725,0.00034752136847735187,0.0625,446.70497690278137,5.589143756929944e-05,0.1608287795774547,0.00034752136847735187,6.09151294744765e-08
7.586586586586587,0.0004131149509758429,0.0625,446.01122690278135,6.561238468857454e-05,0.1588235539129913,0.0004131149509758429,8.609970049042982e-08
7.6006006006006,0.0002900545533554705,0.0625,446.2549769027813,4.664911982704403e-05,0.1608287795774547,0.0002900545533554705,4.24347374224393e-08
7.614614614614615,0.0002993871795527877,0.1125,445.9424769027813,3.606610819295386e-05,0.12046644163864309,0.0002993871795527877,4.552674560650487e-08
7.628628628628628,0.00032290580024132856,0.0625,448.15497690278136,5.330567116642413e-05,0.16508118196261984,0.00032290580024132856,5.2567649702304407e-08
7.642642642642643,0.0003781704786686571,0.1125,445.9424769027813,4.724983781262997e-05,0.12494322131905229,0.0003781704786686571,7.25577831328947e-08
7.656656656656657,0.0003500429210411275,0.0625,446.8174769027813,5.778549914311733e-05,0.16508118196261984,0.0003500429210411275,6.177453235755546e-08
7.67067067067067,0.00030195195260945286,0.0625,451.0987269027813,5.0528478505280736e-05,0.16733946599323596,0.00030195195260945286,4.5956288521055114e-08
7.684684684684685,0.0003495054445425568,0.0625,445.99872690278136,5.769677188745616e-05,0.16508118196261984,0.0003495054445425568,6.15849734953133e-08
7.698698698698698,0.0004428464853791253,0.0625,445.95497690278137,7.41056943803242e-05,0.16733946599323596,0.0004428464853791253,9.884977091262026e-08
7.712712712712713,0.0003577076205090674,0.0625,445.90497690278136,5.905079679067312e-05,0.16508118196261984,0.0003577076205090674,6.450943712984737e-08
7.726726726726727,0.0004374554742657645,0.0625,449.46122690278133,7.320356545945081e-05,0.16733946599323596,0.0004374554742657645,9.645771592756981e-08
7.7407407407407405,0.0004245113180788566,0.0625,446.71747690278136,7.103749727540059e-05,0.16733946599323596,0.0004245113180788566,9.083386834474583e-08
7.754754754754755,0.0003670881502694052,0.0625,447.8799769027813,6.142833503852703e-05,0.16733946599323596,0.0003670881502694052,6.79219262208995e-08
7.768768768768768,0.00035288636073334793,0.0625,447.82372690278135,5.905181516141487e-05,0.16733946599323596,0.00035288636073334793,6.276810372944233e-08
7.782782782782783,0.0004453287821200241,0.0625,443.85497690278135,7.254979874421197e-05,0.16291288966060696,0.0004453287821200241,1.0000599265868755e-07
7.796796796796797,0.0004189071193908475,0.0625,446.47997690278135,6.915368240159741e-05,0.16508118196261984,0.0004189071193908475,8.847128810946855e-08
7.8108108108108105,0.00035916302482491954,0.0625,444.7862269027813,6.371932398214388e-05,0.1774105895594487,0.00035916302482491954,6.496243597986265e-08
7.824824824824825,0.0003880938354915221,0.0625,448.11122690278137,6.494341518641807e-05,0.16733946599323596,0.0003880938354915221,7.591764916935859e-08
7.838838838838838,0.00037084471150397087,0.0625,449.43622690278136,6.384173605674953e-05,0.17215220839428347,0.00037084471150397087,6.928804346657443e-08
7.852852852852853,0.0005074066846295874,0.1125,445.93622690278136,6.388317064513432e-05,0.12590131856810235,0.0005074066846295874,1.3059390373361124e-07
7.866866866866867,0.0004046503107082207,0.1125,445.8174769027813,5.174949414915886e-05,0.12788695023756852,0.0004046503107082207,8.301831448550865e-08
7.880880880880881,0.0004743646185052587,0.0625,446.40497690278136,8.049689044161567e-05,0.16969412831687258,0.0004743646185052587,1.1339561398846584e-07
7.894894894894895,0.00041471260757747257,0.0625,447.6299769027813,6.846124743368931e-05,0.16508118196261984,0.00041471260757747257,8.670843440327136e-08
7.908908908908908,0.0003420348713167559,0.0625,446.56122690278136,5.7235932717211114e-05,0.16733946599323596,0.0003420348713167559,5.8967135892164115e-08
7.922922922922923,0.0003283957353986868,0.0625,447.74872690278136,5.421195615109898e-05,0.16508118196261984,0.0003283957353986868,5.437031950998055e-08
7.936936936936937,0.0003356301078095335,0.0625,445.95497690278137,5.616416301209955e-05,0.16733946599323596,0.0003356301078095335,5.677943772329445e-08
7.950950950950951,0.00040876929720736453,0.0625,446.46747690278136,6.748011873302117e-05,0.16508118196261984,0.00040876929720736453,8.424097884811876e-08
7.964964964964965,0.00039670072549731684,0.0625,446.32372690278135,6.548782465052586e-05,0.16508118196261984,0.00039670072549731684,7.934012078297341e-08
7.978978978978979,0.0003375595443536944,0.1625,447.5987269027813,3.500551774512321e-05,0.10370175671420055,0.0003375595443536944,5.8205847948696455e-08
7.992992992992993,0.0005231384076377923,0.1125,444.46747690278136,6.536259784598527e-05,0.12494322131905229,0.0005231384076377923,1.3884874890821995e-07
8.007007007007008,0.0005253819093443036,0.0625,451.39872690278133,9.6243527139358e-05,0.18318774481495476,0.0005253819093443036,1.3894224774336508e-07
8.02102102102102,0.0003245323873116189,0.0625,450.27997690278136,5.5868967171164135e-05,0.17215220839428347,0.0003245323873116189,5.306280537713447e-08
8.035035035035035,0.0002959118507983384,0.0625,450.15497690278136,5.17021585845349e-05,0.17472148697339437,0.0002959118507983384,4.410636783795653e-08
8.04904904904905,0.00033029629185357543,0.1125,445.9424769027813,4.1268282693923566e-05,0.12494322131905229,0.00033029629185357543,5.5349812586431716e-08
8.063063063063062,0.0003224452345198806,0.0625,451.37372690278136,5.906801533802613e-05,0.18318774481495476,0.0003224452345198806,5.233545653959935e-08
8.077077077077078,0.0004002692807066469,0.0625,445.9737269027813,6.520902516229249e-05,0.16291288966060696,0.0004002692807066469,8.07921222897134e-08
8.09109109109109,0.00046987253389258864,0.0625,445.91747690278135,7.756711326675968e-05,0.16508118196261984,0.00046987253389258864,1.1130815561995903e-07
8.105105105105105,0.0003674800159759295,0.0625,449.46747690278136,6.326249629102284e-05,0.17215220839428347,0.0003674800159759295,6.803643842851852e-08
8.11911911911912,0.00041116750518461245,0.0625,451.33622690278133,7.659988249483951e-05,0.18629848304876742,0.00041116750518461245,8.50793589742367e-08
8.133133133133132,0.000407243726212233,0.1125,451.27372690278133,5.8498035642276465e-05,0.1436437982393632,0.000407243726212233,8.383949426312367e-08
8.147147147147148,0.000328928636687124,0.0625,446.1299769027813,5.429992812566359e-05,0.16508118196261984,0.000328928636687124,5.4546920597366287e-08
8.16116116116116,0.00036959260331183926,0.0625,444.98622690278137,6.101278379936011e-05,0.16508118196261984,0.00036959260331183926,6.8867356058528e-08
8.175175175175175,0.00042498927091590003,0.1125,444.48622690278137,5.350670958560829e-05,0.12590131856810235,0.00042498927091590003,9.161497506171603e-08
8.18918918918919,0.00031423920954897497,0.0625,450.74247690278133,5.663505246770684e-05,0.180229108102056,0.00031423920954897497,4.971670210430855e-08
8.203203203203202,0.00040308757735683075,0.0625,444.45497690278137,6.654217370451457e-05,0.16508118196261984,0.00040308757735683075,8.191542630445313e-08
8.217217217217218,0.00034730574578297727,0.0625,451.5987269027813,6.362215633125959e-05,0.18318774481495476,0.00034730574578297727,6.071668164358852e-08
8.23123123123123,0.0003984984775525386,0.0625,451.49872690278136,7.182102518932121e-05,0.180229108102056,0.0003984984775525386,7.995302471829923e-08
8.245245245245245,0.0003497035622380124,0.0625,451.45497690278137,6.406140692013766e-05,0.18318774481495476,0.0003497035622380124,6.155795784881192e-08
8.25925925925926,0.0002996964068886217,0.0625,449.89872690278133,5.159339829370798e-05,0.17215220839428347,0.0002996964068886217,4.5251938707384214e-08
8.273273273273272,0.000316640538309561,0.0625,451.15497690278136,5.800466612992177e-05,0.18318774481495476,0.000316640538309561,5.046811939265541e-08
8.287287287287288,0.00032819378823913136,0.21250000000000002,451.21122690278133,3.240997644193018e-05,0.09875255901648981,0.00032819378823913136,5.514634508073964e-08
8.3013013013013,0.0003996766377778322,0.1625,451.17997690278133,4.565310322605518e-05,0.11422509826914706,0.0003996766377778322,8.128402753258514e-08
8.315315315315315,0.0005040383245920949,0.1625,449.51747690278137,5.426555453054009e-05,0.10766156437500221,0.0005040383245920949,1.2956901797430888e-07
8.32932932932933,0.0008392834218516039,0.0625,451.1299769027813,0.00015910697965980868,0.18957479144386202,0.0008392834218516039,3.544104336705349e-07
8.343343343343342,0.0006845700432993998,0.0625,451.05497690278133,0.00012540484239989297,0.18318774481495476,0.0006845700432993998,2.3589561746012992e-07
8.357357357357358,0.00039102125356713395,0.1125,445.96122690278133,5.353443734429387e-05,0.13690927757997842,0.00039102125356713395,7.73802715077934e-08
8.37137137137137,0.0004751008481019349,0.0625,450.65497690278136,8.703265292346583e-05,0.18318774481495476,0.0004751008481019349,1.1362024012344697e-07
8.385385385385385,0.0004814240096420633,0.0625,450.59247690278136,8.819097862610261e-05,0.18318774481495476,0.0004814240096420633,1.166647306654453e-07
8.3993993993994,0.0003138250721231594,0.0625,450.4737269027813,5.748890722863209e-05,0.18318774481495476,0.0003138250721231594,4.9574616815134006e-08
8.413413413413412,0.0003383067465923758,0.0625,450.29872690278137,6.097272320325216e-05,0.180229108102056,0.0003383067465923758,5.7623931109716265e-08
8.427427427427428,0.0003422263987316578,0.0625,445.17372690278137,6.071458716179038e-05,0.1774105895594487,0.0003422263987316578,5.8980177507626266e-08
8.441441441441441,0.000461185721599349,0.0625,446.0049769027813,8.057905504873613e-05,0.17472148697339437,0.000461185721599349,1.071342378570296e-07
8.455455455455455,0.00043143529600181126,0.0625,445.96122690278133,7.538101645024301e-05,0.17472148697339437,0.00043143529600181126,9.375791107768483e-08
8.46946946946947,0.00039828237143050454,0.0625,443.61747690278133,6.488533203062267e-05,0.16291288966060696,0.00039828237143050454,7.999201994175881e-08
8.483483483483482,0.0004015176389039936,0.0625,445.95497690278137,7.015375891535218e-05,0.17472148697339437,0.0004015176389039936,8.120557318423037e-08
8.497497497497498,0.000494589531573275,0.0625,449.4424769027813,8.514468010903349e-05,0.17215220839428347,0.000494589531573275,1.232434813647839e-07
8.511511511511511,0.00040078159754964676,0.0625,447.8487269027813,7.00251566754468e-05,0.17472148697339437,0.00040078159754964676,8.090812236244437e-08
8.525525525525525,0.0003629727620632392,0.0625,449.74872690278136,6.649216171161995e-05,0.18318774481495476,0.0003629727620632392,6.631811353626327e-08
8.53953953953954,0.00040015329008896846,0.0625,449.66747690278135,7.330317879168252e-05,0.18318774481495476,0.00040015329008896846,8.060034031448062e-08
8.553553553553552,0.0003792439990304635,0.0625,445.2237269027813,6.528769195337379e-05,0.17215220839428347,0.0003792439990304635,7.246220625017668e-08
8.567567567567568,0.0005266945327469624,0.0625,449.42997690278133,9.648398366028238e-05,0.18318774481495476,0.0005266945327469624,1.3963738654436456e-07
8.581581581581581,0.000531573499349418,0.1125,449.40497690278136,7.277734377658994e-05,0.13690927757997842,0.000531573499349418,1.4300662771375078e-07
8.595595595595595,0.00045928935072761377,0.0625,445.68622690278136,8.024771831017353e-05,0.17472148697339437,0.00045928935072761377,1.0625498885081782e-07
8.60960960960961,0.0003835601820458713,0.0625,446.9737269027813,6.804763802828749e-05,0.1774105895594487,0.0003835601820458713,7.40876966596614e-08
8.623623623623622,0.00029882268873224286,0.0625,445.47997690278135,5.0004829159116486e-05,0.16733946599323596,0.00029882268873224286,4.500869290618368e-08
8.637637637637638,0.00035094497270894167,0.0625,448.99247690278133,6.13176274775436e-05,0.17472148697339437,0.00035094497270894167,6.203754875133435e-08
8.651651651651651,0.0004156861803352435,0.0625,451.20497690278137,7.262930754246431e-05,0.17472148697339437,0.0004156861803352435,8.703776918261476e-08
8.665665665665665,0.00037256789160245693,0.0625,451.0987269027813,6.509561601932369e-05,0.17472148697339437,0.00037256789160245693,6.99177472114313e-08
8.67967967967968,0.00031782778203386444,0.0625,451.04872690278137,5.471475456618673e-05,0.17215220839428347,0.00031782778203386444,5.089297424304688e-08
8.693693693693692,0.00040097820456937047,0.0625,450.72997690278135,6.90292834345919e-05,0.17215220839428347,0.00040097820456937047,8.10057135153848e-08
8.707707707707709,0.00032781627392104994,0.0625,449.45497690278137,6.107167455019082e-05,0.18629848304876742,0.00032781627392104994,5.408136676928417e-08
8.721721721721721,0.00042507053847428637,0.0625,445.96122690278133,7.541201483507546e-05,0.1774105895594487,0.00042507053847428637,9.099155170377025e-08
8.735735735735735,0.00046930010344264114,0.0625,447.05497690278133,8.079104920731634e-05,0.17215220839428347,0.00046930010344264114,1.1096229174432318e-07
8.74974974974975,0.0007027592379897043,0.0625,449.4424769027813,0.00012873687995521,0.18318774481495476,0.0007027592379897043,2.4859776390903224e-07
8.763763763763762,0.0005260145364089361,0.1125,449.38622690278135,7.01192258600117e-05,0.13330282911706332,0.0005260145364089361,1.40126116303409e-07
8.777777777777779,0.0004117433602352089,0.0625,450.6612269027813,7.542633760401944e-05,0.18318774481495476,0.0004117433602352089,8.533698606533276e-08
8.791791791791791,0.00041591995238549854,0.0625,451.88622690278135,7.748525619913395e-05,0.18629848304876742,0.00041591995238549854,8.705749145955868e-08
8.805805805805806,0.0003553278370289822,0.0625,446.8174769027813,6.117047184850334e-05,0.17215220839428347,0.0003553278370289822,6.361105264486518e-08
8.81981981981982,0.0003599655051902694,0.0625,447.98622690278137,6.289370832597299e-05,0.17472148697339437,0.0003599655051902694,6.52677060253773e-08
8.833833833833832,0.00035191568462330527,0.0625,447.91747690278135,6.342544996678273e-05,0.180229108102056,0.00035191568462330527,6.235320940407733e-08
8.847847847847849,0.000389206874102334,0.0625,449.79872690278137,7.129792953328458e-05,0.18318774481495476,0.000389206874102334,7.625092133599819e-08
8.861861861861861,0.00035920358451203057,0.0625,445.1612269027813,6.18376903368887e-05,0.17215220839428347,0.00035920358451203057,6.500629908541595e-08
8.875875875875876,0.00038909112871999955,0.0625,448.96122690278133,7.127672639772199e-05,0.18318774481495476,0.00038909112871999955,7.620557588963577e-08
8.88988988988989,0.000477568589453797,0.0625,444.4424769027813,8.344149408115392e-05,0.17472148697339437,0.000477568589453797,1.1488096841917155e-07
8.903903903903903,0.0004056469082056681,0.0625,446.01122690278135,7.087523098785435e-05,0.17472148697339437,0.0004056469082056681,8.28844230650982e-08
8.917917917917919,0.00037825734932256345,0.0625,445.95497690278137,6.608968653225296e-05,0.17472148697339437,0.00037825734932256345,7.206946998786906e-08
8.931931931931931,0.0003965399953764591,0.0625,449.7862269027813,7.146804969349263e-05,0.180229108102056,0.0003965399953764591,7.916907296836876e-08
8.945945945945946,0.00044983630702284644,0.0625,444.99872690278136,7.85960684576521e-05,0.17472148697339437,0.00044983630702284644,1.0192614262049892e-07
8.95995995995996,0.0002929242530344011,0.0625,449.46122690278133,5.279347686585108e-05,0.180229108102056,0.0002929242530344011,4.3200843593569876e-08
8.973973973973974,0.0003665248313520984,0.0625,446.47997690278135,6.403976354651123e-05,0.17472148697339437,0.0003665248313520984,6.766800669903563e-08
8.987987987987989,0.0004745868857785136,0.0625,451.49247690278133,8.841481689537574e-05,0.18629848304876742,0.0004745868857785136,1.1334910777632087e-07
9.002002002002001,0.0005478824343992626,0.0625,444.43622690278136,9.43191710222692e-05,0.17215220839428347,0.0005478824343992626,1.512338023795771e-07
9.016016016016016,0.0003790494205935582,0.1125,451.3799769027813,5.189538234057345e-05,0.13690927757997842,0.0003790494205935582,7.271452912340617e-08
9.03003003003003,0.00041376285691139295,0.0625,445.24872690278136,7.123018956882421e-05,0.17215220839428347,0.00041376285691139295,8.625357840218078e-08
9.044044044044044,0.000358496025681732,0.0625,448.2862269027813,6.920115797579739e-05,0.19303186930510985,0.000358496025681732,6.46488035800821e-08
9.058058058058059,0.0003571993865745603,0.0625,452.2549769027813,6.654570386479084e-05,0.18629848304876742,0.0003571993865745603,6.421079519147637e-08
9.072072072072071,0.00040158290372776996,0.0625,450.92997690278133,7.481428578280276e-05,0.18629848304876742,0.00040158290372776996,8.115907167926779e-08
9.086086086086086,0.0003270147796570123,0.0625,448.99247690278133,6.312427420759169e-05,0.19303186930510985,0.0003270147796570123,5.3793098922175545e-08
9.1001001001001,0.0003506621574264723,0.0625,448.9424769027813,6.64767053613782e-05,0.18957479144386202,0.0003506621574264723,6.186813297984885e-08
9.114114114114114,0.00035690114372135016,0.0625,446.23622690278137,6.056402847908938e-05,0.16969412831687258,0.00035690114372135016,6.419002704827912e-08
9.128128128128129,0.0003021110755365358,0.0625,445.55497690278133,5.534304661115844e-05,0.18318774481495476,0.0003021110755365358,4.594279212307283e-08
9.142142142142141,0.0003060100891280268,0.1625,451.21747690278136,3.4522174232040436e-05,0.11281384326383187,0.0003060100891280268,4.767122054829427e-08
9.156156156156156,0.00044412095222879044,0.0625,445.31122690278136,7.879175997061346e-05,0.1774105895594487,0.00044412095222879044,9.933026302826823e-08
9.17017017017017,0.0005074575874848467,0.0625,446.92372690278137,9.453857876001412e-05,0.18629848304876742,0.0005074575874848467,1.295943716724692e-07
9.184184184184184,0.0003903600343275637,0.0625,449.45497690278137,7.400242209566671e-05,0.18957479144386202,0.0003903600343275637,7.666901866435311e-08
9.198198198198199,0.00038188727840602927,0.0625,445.07372690278135,6.672391313932407e-05,0.17472148697339437,0.00038188727840602927,7.345932964629706e-08
9.212212212212211,0.0004849952910826069,0.0625,446.4424769027813,9.035388701448506e-05,0.18629848304876742,0.0004849952910826069,1.1837546103008182e-07
9.226226226226226,0.0004461489407685113,0.0625,447.54247690278135,8.612096402504047e-05,0.19303186930510985,0.0004461489407685113,1.0012707600213125e-07
9.24024024024024,0.0004092207403724395,0.0625,445.9737269027813,7.260009280942858e-05,0.1774105895594487,0.0004092207403724395,8.433237561500229e-08
9.254254254254255,0.00038716809091593837,0.0625,450.41747690278135,7.092444943920212e-05,0.18318774481495476,0.00038716809091593837,7.545416292380907e-08
9.268268268268269,0.00038592238310059077,0.1125,445.9424769027813,5.235972812023518e-05,0.13567424542615245,0.00038592238310059077,7.539238104268602e-08
9.282282282282281,0.0005165743369802216,0.0625,450.17372690278137,9.623701536133808e-05,0.18629848304876742,0.0005165743369802216,1.342926653220471e-07
9.296296296296296,0.0003724843533629525,0.1125,450.11122690278137,5.008893438796102e-05,0.13447258639386084,0.0003724843533629525,7.0249237747401e-08
9.31031031031031,0.0004032430786104729,0.0625,444.96122690278133,7.153959231205111e-05,0.1774105895594487,0.0004032430786104729,8.188661229079172e-08
9.324324324324325,0.0003497856848891654,0.0625,444.95497690278137,6.407645078340061e-05,0.18318774481495476,0.0003497856848891654,6.158687317496341e-08
9.338338338338339,0.0003375477689599392,0.0625,444.7549769027813,5.988454869565938e-05,0.1774105895594487,0.0003375477689599392,5.7378546759724796e-08
9.352352352352352,0.000426538398289294,0.0625,452.04247690278135,7.687463509495899e-05,0.180229108102056,0.000426538398289294,9.160049757523805e-08
9.366366366366366,0.00043936191960710887,0.1125,450.11747690278133,6.015272300956183e-05,0.13690927757997842,0.00043936191960710887,9.769545230755687e-08
9.38038038038038,0.0005737427408116478,0.0625,444.42372690278137,0.00010510263879323686,0.18318774481495476,0.0005737427408116478,1.656984702195243e-07
9.394394394394395,0.00036678628880858357,0.0625,444.8799769027813,6.71907530758911e-05,0.18318774481495476,0.00036678628880858357,6.771895948358054e-08
9.408408408408409,0.00038040581834664647,0.0625,446.22997690278135,6.856020135744883e-05,0.180229108102056,0.00038040581834664647,7.285776875769589e-08
9.422422422422422,0.0004196356349877666,0.0625,452.3174769027813,7.687210561740049e-05,0.18318774481495476,0.0004196356349877666,8.863980933079164e-08
9.436436436436436,0.000400652896099494,0.1125,449.48622690278137,5.5361917082589225e-05,0.13817925097149733,0.000400652896099494,8.122095937107634e-08
9.45045045045045,0.0004528844583786513,0.0625,449.4112269027813,8.296288259212738e-05,0.18318774481495476,0.0004528844583786513,1.0324259831992666e-07
9.464464464464465,0.0003462140486245662,0.0625,452.66747690278135,6.342217079078937e-05,0.18318774481495476,0.0003462140486245662,6.033557621724085e-08
9.478478478478479,0.00037159170925013773,0.0625,446.01122690278135,6.80710472094671e-05,0.18318774481495476,0.00037159170925013773,6.950501202290248e-08
9.492492492492492,0.0004249496893493716,0.0625,446.99872690278136,8.697546251232458e-05,0.20467237579462697,0.0004249496893493716,9.077677295079334e-08
9.506506506506506,0.0004465996216201828,0.0625,443.87372690278136,8.181157751981339e-05,0.18318774481495476,0.0004465996216201828,1.0039701324420654e-07
9.52052052052052,0.00038398756278560097,0.0625,443.77997690278136,7.15363004565508e-05,0.18629848304876742,0.00038398756278560097,7.420291310364369e-08
9.534534534534535,0.00033291106297922174,0.0625,448.16747690278135,6.0985226851113e-05,0.18318774481495476,0.00033291106297922174,5.5787968411225714e-08
9.548548548548549,0.0003624107559191308,0.0625,452.15497690278136,6.751657406829118e-05,0.18629848304876742,0.0003624107559191308,6.609807272182621e-08
9.562562562562562,0.0003001863902591432,0.0625,451.64247690278137,5.592426913716367e-05,0.18629848304876742,0.0003001863902591432,4.534909623862579e-08
9.576576576576576,0.0003724108661008037,0.0625,449.44872690278135,6.711927824486205e-05,0.180229108102056,0.0003724108661008037,6.98274614377238e-08
9.59059059059059,0.00035524803142004816,0.0625,449.86747690278133,6.618216935961583e-05,0.18629848304876742,0.00035524803142004816,6.351115334660066e-08
9.604604604604605,0.0003677765959754578,0.0625,449.8174769027813,6.737216521246488e-05,0.18318774481495476,0.0003677765959754578,6.808512968123494e-08
9.618618618618619,0.0004818946577689955,0.0625,445.96747690278136,8.82771955950767e-05,0.18318774481495476,0.0004818946577689955,1.1689294893197144e-07
9.632632632632632,0.0005649097846571199,0.0625,449.79247690278135,0.00010348454947523953,0.18318774481495476,0.0005649097846571199,1.606357797013995e-07
9.646646646646646,0.00034636196997303034,0.0625,447.63622690278135,6.34492681690245e-05,0.18318774481495476,0.00034636196997303034,6.038714446777178e-08
9.66066066066066,0.00031516265133520974,0.0625,449.76122690278135,5.68014835572241e-05,0.180229108102056,0.00031516265133520974,5.00093322816748e-08
9.674674674674675,0.00036706885160386844,0.0625,447.06122690278136,7.085598658877469e-05,0.19303186930510985,0.00036706885160386844,6.777770627882635e-08
9.68868868868869,0.0005117629432502733,0.0625,445.98622690278137,0.00010474373743868429,0.20467237579462697,0.0005117629432502733,1.316550063914884e-07
9.702702702702702,0.00046881853356195105,0.1125,445.9424769027813,7.024052730854231e-05,0.1498245531695912,0.00046881853356195105,1.1100896272309675e-07
9.716716716716716,0.00038168027666502094,0.0625,450.27997690278136,6.991914912261319e-05,0.18318774481495476,0.00038168027666502094,7.33303112104533e-08
9.73073073073073,0.00036565071022884153,0.0625,449.6924769027813,6.487030807452991e-05,0.1774105895594487,0.00036565071022884153,6.733050991495072e-08
9.744744744744745,0.00041881812158410184,0.0625,444.42372690278137,7.672234718062714e-05,0.18318774481495476,0.00041881812158410184,8.829477835357029e-08
9.75875875875876,0.0003450474562634206,0.0625,446.38622690278135,6.660515548150121e-05,0.19303186930510985,0.0003450474562634206,5.988933094565184e-08
9.772772772772774,0.0003862498404869114,0.1125,444.48622690278137,5.2404155654033453e-05,0.13567424542615245,0.0003862498404869114,7.552037706983458e-08
9.786786786786786,0.00037535758221333043,0.0625,445.96122690278133,7.115833536496441e-05,0.18957479144386202,0.00037535758221333043,7.088912168677843e-08
9.8008008008008,0.0003566398224602131,0.0625,449.46122690278133,6.533204478769229e-05,0.18318774481495476,0.0003566398224602131,6.402414114211548e-08
9.814814814814815,0.000409514698244704,0.0625,449.41747690278135,7.501807404002404e-05,0.18318774481495476,0.000409514698244704,8.441567149011792e-08
9.82882882882883,0.00036285685873147584,0.0625,444.4424769027813,6.647092964165769e-05,0.18318774481495476,0.00036285685873147584,6.62757673113931e-08
9.842842842842844,0.00034379897642902995,0.1625,445.61122690278137,4.1128198379887316e-05,0.11962862370062165,0.00034379897642902995,6.004926892012547e-08
9.856856856856856,0.000476303801584125,0.0625,444.42997690278133,8.725301925898553e-05,0.18318774481495476,0.000476303801584125,1.1419634054713351e-07
9.87087087087087,0.0003574481888819791,0.0625,449.82997690278137,6.776316585928739e-05,0.18957479144386202,0.0003574481888819791,6.428585306182608e-08
9.884884884884885,0.00035471462451532867,0.0625,444.42372690278137,6.497937211784652e-05,0.18318774481495476,0.00035471462451532867,6.333478201244356e-08
9.8988988988989,0.0003540814482634357,0.0625,449.5362269027813,6.834900384455154e-05,0.19303186930510985,0.0003540814482634357,6.306641540832404e-08
9.912912912912914,0.0003750315129783623,0.1125,449.49247690278133,5.3870950983667e-05,0.1436437982393632,0.0003750315129783623,7.110094431717399e-08
9.926926926926926,0.00042895199930742555,0.1625,444.5049769027813,5.096310948558376e-05,0.11880842044766649,0.00042895199930742555,9.35005870238255e-08
9.94094094094094,0.0004578368280281131,0.1125,444.55497690278133,6.511178295080335e-05,0.14221613239642053,0.0004578368280281131,1.0598860697581313e-07
9.954954954954955,0.0006208082483123936,0.1625,449.51747690278137,7.37572473828782e-05,0.11880842044766649,0.0006208082483123936,1.9584473549396734e-07
9.96896896896897,0.0008271726929803855,0.1625,449.51747690278137,9.827508109044219e-05,0.11880842044766649,0.0008271726929803855,3.4768769627998755e-07
9.982982982982984,0.0012748274336082434,0.1625,449.51747690278137,0.00015250585133834977,0.11962862370062165,0.0012748274336082434,8.256602315814368e-07
9.996996996996996,0.0021000118306826955,0.0625,449.46122690278133,0.0004053692092395265,0.19303186930510985,0.0021000118306826955,2.218376643292967e-06
10.01101101101101,0.0016871435051386196,0.0625,449.39247690278137,0.00031983987812252016,0.18957479144386202,0.0016871435051386196,1.4321656669239996e-06
10.025025025025025,0.000976855065807624,0.1625,449.3174769027813,0.00011605860737490511,0.11880842044766649,0.000976855065807624,4.849056124488857e-07
10.03903903903904,0.0005991448676893601,0.21250000000000002,449.21747690278136,6.311571960624523e-05,0.10534300301971204,0.0005991448676893601,1.8324532682505177e-07
10.053053053053054,0.000491132912829138,0.0625,443.93622690278136,9.480430424067208e-05,0.19303186930510985,0.000491132912829138,1.2133605738453185e-07
10.067067067067066,0.000511423147010518,0.0625,443.86747690278133,9.872096607334228e-05,0.19303186930510985,0.000511423147010518,1.3156869342312899e-07
10.08108108108108,0.0004902068411124906,0.1625,448.86747690278133,5.824070048521523e-05,0.11880842044766649,0.0004902068411124906,1.2211125094830776e-07
10.095095095095095,0.0003960678229099334,0.1125,448.72997690278135,5.4728355103606244e-05,0.13817925097149733,0.0003960678229099334,7.937261058718023e-08
10.10910910910911,0.00034743417007435584,0.1125,443.51461779367224,5.0418264926607626e-05,0.14511602274415727,0.00034743417007435584,6.100803451703022e-08
10.123123123123124,0.0003795561842610223,0.1625,453.52372690278133,4.815894474918741e-05,0.1268822555030965,0.0003795561842610223,7.305744471969151e-08
10.137137137137136,0.0003640234454966543,0.0625,443.74872690278136,7.159865882450495e-05,0.19668694341052545,0.0003640234454966543,6.664278329108219e-08
10.15115115115115,0.0003356077738243603,0.0625,444.12372690278136,6.0486289748480996e-05,0.180229108102056,0.0003356077738243603,5.6708164336826556e-08
10.165165165165165,0.00031648506235847144,0.0625,443.5987269027813,5.896068702497779e-05,0.18629848304876742,0.00031648506235847144,5.040725790963207e-08
10.17917917917918,0.00033553109898276233,0.0625,453.02997690278136,6.867394718178411e-05,0.20467237579462697,0.00033553109898276233,5.6593332258317675e-08
10.193193193193194,0.0003758289796038548,0.0625,453.68622690278136,7.001636878596429e-05,0.18629848304876742,0.0003758289796038548,7.108323252059624e-08
10.207207207207206,0.0003506988125304996,0.0625,448.42997690278133,6.769604734584462e-05,0.19303186930510985,0.0003506988125304996,6.18671901543863e-08
10.22122122122122,0.0003880990067092105,0.0625,448.59247690278136,7.357378825646858e-05,0.18957479144386202,0.0003880990067092105,7.578343245770744e-08
10.235235235235235,0.00030652264925312635,0.0625,452.79872690278137,6.147606896775805e-05,0.20055962950062828,0.00030652264925312635,4.724133819660681e-08
10.24924924924925,0.00038369648582069297,0.0625,448.9737269027813,7.406564990376994e-05,0.19303186930510985,0.00038369648582069297,7.405722669151551e-08
10.263263263263264,0.00044259776052203427,0.0625,452.61747690278133,9.058753516742611e-05,0.20467237579462697,0.00044259776052203427,9.847321833251596e-08
10.277277277277276,0.0003246160991869428,0.0625,448.02997690278136,6.266125243258852e-05,0.19303186930510985,0.0003246160991869428,5.300683951167784e-08
10.29129129129129,0.0004211139978195432,0.0625,449.46122690278133,8.128842218965438e-05,0.19303186930510985,0.0004211139978195432,8.920540235812718e-08
10.305305305305305,0.00038439226793789664,0.0625,449.4112269027813,7.419995802648284e-05,0.19303186930510985,0.00038439226793789664,7.43260559102795e-08
10.31931931931932,0.0004301325053067156,0.0625,447.2237269027813,8.302928154824539e-05,0.19303186930510985,0.0004301325053067156,9.306713152464033e-08
10.333333333333334,0.00040109842537899447,0.0625,447.79872690278137,7.742477882624342e-05,0.19303186930510985,0.00040109842537899447,8.092705107995159e-08
10.347347347347347,0.00041438427011990703,0.0625,443.76122690278135,7.591011993005681e-05,0.18318774481495476,0.00041438427011990703,8.643519461693413e-08
10.36136136136136,0.0003771126966795653,0.0625,449.0987269027813,7.149106082386099e-05,0.18957479144386202,0.0003771126966795653,7.155360488809389e-08
10.375375375375375,0.00043492639298087606,0.0625,448.32997690278137,8.395465464722731e-05,0.19303186930510985,0.00043492639298087606,9.515318449862529e-08
10.38938938938939,0.0004494944703921757,0.0625,448.26747690278137,8.521282047976593e-05,0.18957479144386202,0.0004494944703921757,1.0165714683763542e-07
10.403403403403404,0.00037226465564256446,0.0625,448.24872690278136,7.185894235490723e-05,0.19303186930510985,0.00037226465564256446,6.971005255093938e-08
10.417417417417417,0.0003975297057825174,0.0625,446.9424769027813,7.536161106646057e-05,0.18957479144386202,0.0003975297057825174,7.951121391545462e-08
10.431431431431431,0.00037059782896220114,0.0625,445.99872690278136,7.153719168498907e-05,0.19303186930510985,0.00037059782896220114,6.908719222136073e-08
10.445445445445445,0.0003723147875398369,0.0625,449.45497690278137,7.32294575477497e-05,0.19668694341052545,0.0003723147875398369,6.971319488558978e-08
10.45945945945946,0.0003821620144421969,0.0625,449.4112269027813,7.821800743434498e-05,0.20467237579462697,0.0003821620144421969,7.341668024399097e-08
10.473473473473474,0.00048329523734637336,0.0625,448.51747690278137,9.329138309122718e-05,0.19303186930510985,0.00048329523734637336,1.1749430914750048e-07
10.487487487487487,0.00040367826248193097,0.0625,448.47997690278135,7.792276960472593e-05,0.19303186930510985,0.00040367826248193097,8.197143330876119e-08
10.501501501501501,0.00045855047053053045,0.0625,445.95497690278137,8.692960981731011e-05,0.18957479144386202,0.00045855047053053045,1.0579459888185692e-07
10.515515515515515,0.00043844179602729223,0.0625,452.36747690278133,8.46332394686379e-05,0.19303186930510985,0.00043844179602729223,9.669760050990341e-08
10.52952952952953,0.00041190739918513307,0.0625,452.34247690278136,7.808725929470523e-05,0.18957479144386202,0.00041190739918513307,8.53666808982194e-08
10.543543543543544,0.00037271152624291954,0.0625,445.63622690278135,7.194520262223127e-05,0.19303186930510985,0.00037271152624291954,6.987751443477783e-08
10.557557557557557,0.0003481334035229835,0.0625,444.42372690278137,7.12532907925186e-05,0.20467237579462697,0.0003481334035229835,6.092437738515857e-08
10.571571571571571,0.00045224713180450906,0.0625,445.9737269027813,8.573465569292459e-05,0.18957479144386202,0.00045224713180450906,1.0290603661498056e-07
10.585585585585585,0.0003754385762620839,0.1125,445.9424769027813,5.564141014807953e-05,0.14820376398731522,0.0003754385762620839,7.120723003513659e-08
10.5995995995996,0.0003672339224273536,0.0625,446.46122690278133,6.961829425527696e-05,0.18957479144386202,0.0003672339224273536,6.78538965302006e-08
10.613613613613614,0.0004496110939140117,0.1125,449.47997690278135,6.394195085897456e-05,0.14221613239642053,0.0004496110939140117,1.0221432699128792e-07
10.627627627627627,0.0005113712843371914,0.0625,444.42997690278133,9.694310457860294e-05,0.18957479144386202,0.0005113712843371914,1.3157151735473123e-07
10.641641641641641,0.0003835414587030318,0.0625,446.2549769027813,7.403572472945483e-05,0.19303186930510985,0.0003835414587030318,7.399739523891073e-08
10.655655655655655,0.00033985201402821704,0.0625,445.49247690278133,6.560226955497315e-05,0.19303186930510985,0.00033985201402821704,5.809937990530532e-08
10.66966966966967,0.00040596011369880425,0.0625,444.77997690278136,7.836323961059511e-05,0.19303186930510985,0.00040596011369880425,8.290076385061183e-08
10.683683683683684,0.00037771796023416536,0.0625,445.99247690278133,7.291160393411408e-05,0.19303186930510985,0.00037771796023416536,7.176737684130912e-08
10.697697697697697,0.0003849134525116891,0.0625,445.96747690278136,7.430056325901498e-05,0.19303186930510985,0.0003849134525116891,7.452774495819297e-08
10.711711711711711,0.0005835138441400542,0.0625,443.76122690278135,0.00012198415932913881,0.2090510114784189,0.0005835138441400542,1.7112155396322232e-07
10.725725725725725,0.0004364371795972211,0.0625,447.26122690278135,8.424628461190154e-05,0.19303186930510985,0.0004364371795972211,9.58153923572785e-08
10.73973973973974,0.000414398075589928,0.0625,443.5339871630416,8.481583865571197e-05,0.20467237579462697,0.000414398075589928,8.632471784246119e-08
10.753753753753754,0.00035924735180038866,0.0625,444.8799769027813,6.810424179431841e-05,0.18957479144386202,0.00035924735180038866,6.493462850530581e-08
10.767767767767769,0.0003796095601864258,0.0625,445.5987269027813,7.327674300887637e-05,0.19303186930510985,0.0003796095601864258,7.248799439085032e-08
10.781781781781781,0.0005004602650162168,0.0625,448.98622690278137,9.487465036638922e-05,0.18957479144386202,0.0005004602650162168,1.2601678995002436e-07
10.795795795795796,0.00036623039055648954,0.0625,444.42372690278137,7.069413688545963e-05,0.19303186930510985,0.00036623039055648954,6.74684233647314e-08
10.80980980980981,0.0003483035684838826,0.0625,443.74872690278136,7.12881188593428e-05,0.20467237579462697,0.0003483035684838826,6.098395068604544e-08
10.823823823823824,0.0005006924677419458,0.0625,449.46747690278136,9.664960299521622e-05,0.19303186930510985,0.0005006924677419458,1.2610546774829427e-07
10.837837837837839,0.0005519165358469557,0.0625,443.59247690278136,0.00011069217594473567,0.20055962950062828,0.0005519165358469557,1.5315947269225398e-07
10.851851851851851,0.0003593482166881088,0.1625,453.5362269027813,4.8754298144392686e-05,0.13567424542615245,0.0003593482166881088,6.536699365768914e-08
10.865865865865866,0.0005358231949247141,0.0625,454.27372690278133,0.00011720085102979641,0.21873045463487956,0.0005358231949247141,1.4422841456213956e-07
10.87987987987988,0.00041409578232527277,0.0625,444.79872690278137,7.850212157209647e-05,0.18957479144386202,0.00041409578232527277,8.627616327848299e-08
10.893893893893894,0.0006053691788120366,0.0625,447.26122690278135,0.00011476273581983385,0.18957479144386202,0.0006053691788120366,1.8438679745994164e-07
10.907907907907909,0.0003848647710804342,0.0625,453.09247690278136,7.877118705668771e-05,0.20467237579462697,0.0003848647710804342,7.445879892383622e-08
10.921921921921921,0.00033786943600111897,0.0625,443.9112269027813,6.405152786516742e-05,0.18957479144386202,0.00033786943600111897,5.7436375106072456e-08
10.935935935935936,0.00038031905751083057,0.0625,449.43622690278136,7.627664926640031e-05,0.20055962950062828,0.00038031905751083057,7.272659029136809e-08
10.94994994994995,0.00035470998489490964,0.0625,444.68622690278136,6.847033144545169e-05,0.19303186930510985,0.00035470998489490964,6.329051489137515e-08
10.963963963963964,0.00034261863905916175,0.0625,453.46747690278136,7.494113068779415e-05,0.21873045463487956,0.00034261863905916175,5.896981722203295e-08
10.977977977977979,0.00036577847569907836,0.1625,452.5362269027813,4.605199239434455e-05,0.12590131856810235,0.00036577847569907836,6.786515211164057e-08
10.991991991991991,0.0005435446158531153,0.0625,453.4737269027813,0.00011888976093989288,0.21873045463487956,0.0005435446158531153,1.4841514019162122e-07
11.006006006006006,0.0006156947968505575,0.0625,452.4112269027813,0.00012601571683579381,0.20467237579462697,0.0006156947968505575,1.9055953067566764e-07
11.02002002002002,0.0004129433385740965,0.0625,447.31122690278136,7.971122456205071e-05,0.19303186930510985,0.0004129433385740965,8.577737083595264e-08
11.034034034034034,0.00046217122465344205,0.0625,454.27372690278133,9.459368257373226e-05,0.20467237579462697,0.00046217122465344205,1.0737557739432021e-07
11.048048048048049,0.00036393362727316677,0.0625,451.31122690278136,7.448716012555529e-05,0.20467237579462697,0.00036393362727316677,6.658004428284137e-08
11.062062062062061,0.0004188128095776491,0.0625,445.96122690278133,8.084421952169862e-05,0.19303186930510985,0.0004188128095776491,8.823313570598004e-08
11.076076076076076,0.00039535966987483086,0.0625,446.9112269027813,7.49502269618352e-05,0.18957479144386202,0.00039535966987483086,7.86455113028285e-08
11.09009009009009,0.0004250078110014571,0.0625,453.99247690278133,9.296215172372368e-05,0.21873045463487956,0.0004250078110014571,9.074059735759853e-08
11.104104104104104,0.0003600166662931747,0.0625,453.32372690278135,7.874660909443982e-05,0.21873045463487956,0.0003600166662931747,6.511079866066139e-08
11.118118118118119,0.00033456281055746815,0.0625,453.3174769027813,7.31790756571581e-05,0.21873045463487956,0.00033456281055746815,5.622935969737872e-08
11.132132132132131,0.00037174512065304445,0.0625,449.4424769027813,7.608595703411885e-05,0.20467237579462697,0.00037174512065304445,6.946887429357337e-08
11.146146146146146,0.0004055408465970414,0.0625,445.96747690278136,7.976458954528887e-05,0.19668694341052545,0.0004055408465970414,8.271106668926928e-08
11.16016016016016,0.00044781536644898423,0.0625,445.95497690278137,8.489450469992284e-05,0.18957479144386202,0.00044781536644898423,1.0089907699543307e-07
11.174174174174174,0.00042839847470537036,0.0625,444.45497690278137,8.269455837983546e-05,0.19303186930510985,0.00042839847470537036,9.231826480608621e-08
11.188188188188189,0.0004620930031488392,0.0625,444.96747690278136,9.08876603607355e-05,0.19668694341052545,0.0004620930031488392,1.0738736847602933e-07
11.202202202202201,0.00034504620496332767,0.0625,453.26122690278135,7.54721132816685e-05,0.21873045463487956,0.00034504620496332767,5.980841877361053e-08
11.216216216216216,0.0003752266765358747,0.0625,451.98622690278137,7.679853534811948e-05,0.20467237579462697,0.0003752266765358747,7.077618037939629e-08
11.23023023023023,0.00042257360384437493,0.1125,454.48622690278137,6.475295846611699e-05,0.1532347450882525,0.00042257360384437493,9.014833104746544e-08
11.244244244244245,0.0007678127815028335,0.0625,444.46122690278133,0.00014555794792133126,0.18957479144386202,0.0007678127815028335,2.966196268429658e-07
11.258258258258259,0.0008542195819554332,0.0625,444.40497690278136,0.00016193849909646425,0.18957479144386202,0.0008542195819554332,3.6713708485461776e-07
11.272272272272271,0.0004571179650262368,0.0625,444.3799769027813,8.665804288509146e-05,0.18957479144386202,0.0004571179650262368,1.0513462955344091e-07
11.286286286286286,0.0005222312231202992,0.0625,454.2862269027813,0.00010688630515016557,0.20467237579462697,0.0005222312231202992,1.3709618674385172e-07
11.3003003003003,0.0004110911299733596,0.0625,448.14247690278137,8.413899823974529e-05,0.20467237579462697,0.0004110911299733596,8.495245229745432e-08
11.314314314314315,0.0004158349814618751,0.0625,443.89872690278133,8.178931146690873e-05,0.19668694341052545,0.0004158349814618751,8.69633891130031e-08
11.328328328328329,0.0003884251607758069,0.0625,444.15497690278136,7.363561884562218e-05,0.18957479144386202,0.0003884251607758069,7.591086107888848e-08
11.342342342342342,0.0004054570686762416,0.0625,452.69872690278135,8.86858089664799e-05,0.21873045463487956,0.0004054570686762416,8.258431347640915e-08
11.356356356356356,0.00036824183036400266,0.0625,452.6612269027813,8.05457029710985e-05,0.21873045463487956,0.00036824183036400266,6.811990780463846e-08
11.37037037037037,0.0003545342392671106,0.0625,453.9737269027813,7.256336505134026e-05,0.20467237579462697,0.0003545342392671106,6.318530337088883e-08
11.384384384384385,0.0004339981074619568,0.0625,445.97997690278135,8.377546595826147e-05,0.19303186930510985,0.0004339981074619568,9.474743740307164e-08
11.398398398398399,0.00043261900274784164,0.0625,452.46747690278136,9.462695115472361e-05,0.21873045463487956,0.00043261900274784164,9.401972879080372e-08
11.412412412412412,0.00042051214228672803,0.0625,445.95497690278137,8.27092479333885e-05,0.19668694341052545,0.00042051214228672803,8.893065601818749e-08
11.426426426426426,0.0005207466807114656,0.0625,449.46747690278136,0.0001065824603283817,0.20467237579462697,0.0005207466807114656,1.363178501958127e-07
11.44044044044044,0.0004680761069496762,0.0625,443.67997690278133,9.035360590155452e-05,0.19303186930510985,0.0004680761069496762,1.1021095034208128e-07
11.454454454454455,0.00042846294960525766,0.0625,454.27372690278133,8.769452983568161e-05,0.20467237579462697,0.00042846294960525766,9.228396675721503e-08
11.468468468468469,0.0004222804423470189,0.0625,443.57372690278135,8.005372678875791e-05,0.18957479144386202,0.0004222804423470189,8.972038841876734e-08
11.482482482482482,0.00036416438539196275,0.0625,447.9424769027813,7.453438993796316e-05,0.20467237579462697,0.00036416438539196275,6.666450340109213e-08
11.496496496496496,0.00038293810543427376,0.0625,454.92997690278133,7.680192454757047e-05,0.20055962950062828,0.00038293810543427376,7.373169517763384e-08
11.51051051051051,0.0003936539844301863,0.0625,446.44872690278135,8.610411498324645e-05,0.21873045463487956,0.0003936539844301863,7.784614547900532e-08
11.524524524524525,0.0003800325336026496,0.0625,446.42372690278137,7.77821615317057e-05,0.20467237579462697,0.0003800325336026496,7.26007758305323e-08
11.538538538538539,0.00041514853057118833,0.0625,451.3487269027813,8.496943605965344e-05,0.20467237579462697,0.00041514853057118833,8.66376607715464e-08
11.552552552552552,0.0004350080495071375,0.0625,451.32372690278135,8.903413098241254e-05,0.20467237579462697,0.0004350080495071375,9.512491775752072e-08
11.566566566566566,0.000459891333550631,0.0625,445.05497690278133,8.877368379249809e-05,0.19303186930510985,0.000459891333550631,1.063903536102209e-07
11.58058058058058,0.00038869188333161985,0.0625,449.9737269027813,8.125643136392672e-05,0.2090510114784189,0.00038869188333161985,7.592998783700615e-08
11.594594594594595,0.00036858072947135693,0.0625,449.46747690278136,7.392241454384665e-05,0.20055962950062828,0.00036858072947135693,6.830654214990389e-08
11.608608608608609,0.0004302440335695859,0.0625,454.46747690278136,8.805906852215039e-05,0.20467237579462697,0.0004302440335695859,9.305279458786532e-08
11.622622622622622,0.00039833628895370054,0.0625,454.42997690278133,8.152843462536891e-05,0.20467237579462697,0.00039833628895370054,7.976262782955663e-08
11.636636636636636,0.0004653290941588439,0.0625,451.24247690278133,9.524001122785226e-05,0.20467237579462697,0.0004653290941588439,1.0884791686417708e-07
11.65065065065065,0.0005800642654773136,0.1125,452.83622690278133,9.329102789320904e-05,0.1608287795774547,0.0005800642654773136,1.6971270976474437e-07
11.664664664664665,0.0007889584465786044,0.0625,452.79247690278135,0.00017256923970816648,0.21873045463487956,0.0007889584465786044,3.126914961812735e-07
11.67867867867868,0.0006299128585739959,0.1125,452.72997690278135,0.00010130811628460159,0.1608287795774547,0.0006299128585739959,2.0013502129012e-07
11.692692692692692,0.00047453491254815307,0.1625,452.66747690278135,6.381193702453471e-05,0.13447258639386084,0.00047453491254815307,1.1401497259104913e-07
11.706706706706706,0.0003575423062399814,0.1625,450.9737269027813,4.572499512593799e-05,0.12788695023756852,0.0003575423062399814,6.481403055727864e-08
11.72072072072072,0.0004565488372107982,0.0625,454.01122690278135,9.344293517820846e-05,0.20467237579462697,0.0004565488372107982,1.0477898561662642e-07
11.734734734734735,0.0004698366773787214,0.0625,445.96747690278136,9.423026994088259e-05,0.20055962950062828,0.0004698366773787214,1.1099179716414502e-07
11.74874874874875,0.00044240217233723855,0.0625,445.96122690278133,9.054750366896661e-05,0.20467237579462697,0.00044240217233723855,9.838620504817826e-08
11.762762762762762,0.00042243584367981473,0.0625,453.86747690278133,8.831064040600453e-05,0.2090510114784189,0.00042243584367981473,8.968584590256435e-08
11.776776776776776,0.00044436146943184425,0.0625,453.79247690278135,9.289421464676356e-05,0.2090510114784189,0.00044436146943184425,9.923735382064828e-08
11.79079079079079,0.0003408039262654735,0.0625,452.67372690278137,7.283846597601737e-05,0.21372543084870135,0.0003408039262654735,5.835986338313384e-08
11.804804804804805,0.00040568497638803326,0.0625,452.24872690278136,8.670519636737764e-05,0.21372543084870135,0.00040568497638803326,8.26957018481607e-08
11.81881881881882,0.0003748158889953066,0.0625,452.17997690278133,8.198364980431996e-05,0.21873045463487956,0.0003748158889953066,7.057384776999241e-08
11.832832832832834,0.0003716549224395528,0.0625,449.46747690278136,7.453897354656145e-05,0.20055962950062828,0.0003716549224395528,6.945073221718735e-08
11.846846846846846,0.0004023263609682042,0.0625,449.45497690278137,8.234509214416903e-05,0.20467237579462697,0.0004023263609682042,8.136857040278025e-08
11.86086086086086,0.00042649053983427626,0.0625,448.29247690278135,8.915827873833236e-05,0.2090510114784189,0.00042649053983427626,9.141578467719494e-08
11.874874874874875,0.0003759833142240535,0.0625,451.32997690278137,8.2239001255356e-05,0.21873045463487956,0.0003759833142240535,7.101415993852369e-08
11.88888888888889,0.00047440564049153146,0.0625,443.76122690278135,9.514661948998981e-05,0.20055962950062828,0.00047440564049153146,1.1316099000466136e-07
11.902902902902904,0.00041791448086481885,0.0625,443.71747690278136,8.553554967758065e-05,0.20467237579462697,0.00041791448086481885,8.779596310375039e-08
11.916916916916916,0.0003776075292400381,0.0625,446.01122690278135,7.728583012749767e-05,0.20467237579462697,0.0003776075292400381,7.167719446195711e-08
11.93093093093093,0.0004152071283401576,0.0625,452.51122690278135,8.498142940424464e-05,0.20467237579462697,0.0004152071283401576,8.66621201230634e-08
11.944944944944945,0.00038996565487246635,0.0625,451.65497690278136,8.52973649822431e-05,0.21873045463487956,0.00038996565487246635,7.639422496559691e-08
11.95895895895896,0.0004022321423879356,0.0625,454.27372690278133,8.232580820350146e-05,0.20467237579462697,0.0004022321423879356,8.13304643563165e-08
11.972972972972974,0.0003532219024213018,0.0625,449.42997690278133,7.084205388112336e-05,0.20055962950062828,0.0003532219024213018,6.27324574761998e-08
11.986986986986986,0.0005111382143552757,0.0625,449.46747690278136,0.0001025136908947068,0.20055962950062828,0.0005111382143552757,1.3136321026069366e-07
12.001001001001,0.000559442881675126,0.0625,449.45497690278137,0.00011220165707552709,0.20055962950062828,0.000559442881675126,1.5736514813117725e-07
12.015015015015015,0.0004466721629432973,0.1125,449.40497690278136,6.481928775686146e-05,0.14511602274415727,0.0004466721629432973,1.0083696156736344e-07
12.02902902902903,0.00038815574962104357,0.1625,449.36122690278137,4.9250076998413204e-05,0.1268822555030965,0.00038815574962104357,7.640545765701333e-08
12.043043043043044,0.0003938857153198851,0.0625,455.35497690278135,8.615480158610321e-05,0.21873045463487956,0.0003938857153198851,7.793782328157854e-08
12.057057057057056,0.00039800820159958575,0.0625,455.3487269027813,8.506447436818826e-05,0.21372543084870135,0.00039800820159958575,7.959561279489773e-08
12.07107107107107,0.00038042210668104117,0.0625,449.09247690278136,7.62973167697981e-05,0.20055962950062828,0.00038042210668104117,7.276600682838643e-08
12.085085085085085,0.00048488653118738126,0.0625,454.01747690278137,0.0001060594514129456,0.21873045463487956,0.00048488653118738126,1.1811037595715717e-07
12.0990990990991,0.00037014550208466524,0.0625,448.95497690278137,7.423624475942449e-05,0.20055962950062828,0.00037014550208466524,6.888775044976475e-08
12.113113113113114,0.0004891095536664248,0.0625,454.44872690278135,0.00010698315503972013,0.21873045463487956,0.0004891095536664248,1.2017665235365435e-07
12.127127127127126,0.0004650479793423763,0.0625,445.95497690278137,9.326985043692282e-05,0.20055962950062828,0.0004650479793423763,1.087408125065744e-07
12.14114114114114,0.000487601700806204,0.0625,452.32372690278135,9.979859854550665e-05,0.20467237579462697,0.000487601700806204,1.1951712325976642e-07
12.155155155155155,0.0004534231563859523,0.0625,452.29872690278137,9.280319465781154e-05,0.20467237579462697,0.0004534231563859523,1.0334919526434793e-07
12.16916916916917,0.0003917235306820137,0.0625,452.26122690278135,8.017498567934719e-05,0.20467237579462697,0.0003917235306820137,7.713633994420233e-08
12.183183183183184,0.0004570248441275184,0.0625,450.69872690278135,9.996525193544707e-05,0.21873045463487956,0.0004570248441275184,1.0492704174243276e-07
12.197197197197196,0.00047435157007928697,0.0625,450.67997690278133,0.00010138099368895356,0.21372543084870135,0.00047435157007928697,1.1305916469495605e-07
12.21121121121121,0.0003482702901062187,0.1125,450.63622690278135,5.673771934414198e-05,0.16291288966060696,0.0003482702901062187,6.116420713111784e-08
12.225225225225225,0.0003563564162832274,0.0625,444.42997690278133,7.147071081993574e-05,0.20055962950062828,0.0003563564162832274,6.3850781313836e-08
12.23923923923924,0.00036505360402842353,0.0625,454.9737269027813,8.62171058440568e-05,0.23617656391455277,0.00036505360402842353,6.690050406112764e-08
12.253253253253254,0.0005223057559225736,0.0625,445.95497690278137,0.00010475344889387695,0.20055962950062828,0.0005223057559225736,1.3716606318952613e-07
12.267267267267266,0.0003948696398609857,0.0625,454.90497690278136,9.595193565282229e-05,0.2429964878702811,0.0003948696398609857,7.825757862194846e-08
12.28128128128128,0.00035061707776915836,0.0625,450.76122690278135,7.669063282320093e-05,0.21873045463487956,0.00035061707776915836,6.175525820964175e-08
12.295295295295295,0.00043751574658586624,0.0625,452.5674769027813,9.569801816064527e-05,0.21873045463487956,0.00043751574658586624,9.616016213868954e-08
12.30930930930931,0.0004948963253377643,0.0625,450.5674769027813,0.00010577193035825275,0.21372543084870135,0.0004948963253377643,1.2306471376882175e-07
12.323323323323324,0.00039382550906810385,0.0625,450.51122690278135,8.82590239855393e-05,0.2241069254106563,0.00039382550906810385,7.789655314880002e-08
12.337337337337337,0.00036855286441582274,0.0625,454.7862269027813,8.704354913859506e-05,0.23617656391455277,0.00036855286441582274,6.81892150197871e-08
12.35135135135135,0.0004878505040526388,0.0625,450.02372690278133,9.984952169705987e-05,0.20467237579462697,0.0004878505040526388,1.1963912379757956e-07
12.365365365365365,0.0003848747378260928,0.0625,449.9737269027813,8.045845323503599e-05,0.2090510114784189,0.0003848747378260928,7.444597101520644e-08
12.37937937937938,0.000359620900588318,0.0625,452.04872690278137,7.866004308188762e-05,0.21873045463487956,0.000359620900588318,6.496772496526638e-08
12.393393393393394,0.0003924080378795893,0.0625,452.49247690278133,8.203329723098985e-05,0.2090510114784189,0.0003924080378795893,7.738881132776117e-08
12.407407407407407,0.00033324918557763375,0.0625,455.01122690278135,7.289174586809918e-05,0.21873045463487956,0.00033324918557763375,5.5788669464845317e-08
12.421421421421421,0.00034667006604471683,0.0625,454.92372690278137,7.769116263319065e-05,0.2241069254106563,0.00034667006604471683,6.035916751296878e-08
12.435435435435435,0.00035377958566227896,0.0625,449.46747690278136,7.240890830513738e-05,0.20467237579462697,0.00035377958566227896,6.291660002330152e-08
12.44944944944945,0.0004469294522929727,0.1125,454.49872690278136,7.929001762277778e-05,0.1774105895594487,0.0004469294522929727,1.0059051031392658e-07
12.463463463463464,0.0004940825793468467,0.1125,454.48622690278137,8.765548169297717e-05,0.1774105895594487,0.0004940825793468467,1.229357355332457e-07
12.477477477477477,0.0006804324142906433,0.1625,449.51747690278137,8.633479944261422e-05,0.1268822555030965,0.0006804324142906433,2.3479147423608725e-07
12.491491491491491,0.0009817910667859267,0.0625,449.46747690278136,0.00019690765260161206,0.20055962950062828,0.0009817910667859267,4.846577956634643e-07
12.505505505505505,0.0009944327859618986,0.0625,446.91747690278135,0.00020353292087089153,0.20467237579462697,0.0009944327859618986,4.971077985388392e-07
12.51951951951952,0.0007101809649735543,0.1125,444.3799769027813,0.00011009991710500911,0.15503079149567042,0.0007101809649735543,2.5456182667712743e-07
12.533533533533534,0.0004907206324677393,0.1625,444.32372690278135,6.22637406694128e-05,0.1268822555030965,0.0004907206324677393,1.2211836216765852e-07
12.547547547547547,0.0003986596954856424,0.1125,444.21122690278133,5.845753035302259e-05,0.14663516531765355,0.0003986596954856424,8.03061470919021e-08
12.561561561561561,0.0004554403837160488,0.0625,454.2862269027813,0.00010470716345929879,0.22990311619924345,0.0004554403837160488,1.0415410575707698e-07
12.575575575575575,0.00045337556169353495,0.0625,454.27372690278133,0.00010423245444192603,0.22990311619924345,0.00045337556169353495,1.0321184331038774e-07
12.58958958958959,0.0005218832833230573,0.0625,454.2862269027813,0.00011153972958095529,0.21372543084870135,0.0005218832833230573,1.3685222402491897e-07
12.603603603603604,0.00037767374621809857,0.0625,446.2237269027813,7.574610661361616e-05,0.20055962950062828,0.00037767374621809857,7.171840833901631e-08
12.617617617617617,0.00044761759520237543,0.0625,443.76122690278135,9.357491103259405e-05,0.2090510114784189,0.00044761759520237543,1.0069703570971575e-07
12.631631631631631,0.00043352843427117997,0.0625,446.0049769027813,8.694830215541533e-05,0.20055962950062828,0.00043352843427117997,9.450009059636754e-08
12.645645645645645,0.00048223717754773584,0.0625,445.95497690278137,9.67173096604026e-05,0.20055962950062828,0.00048223717754773584,1.1692797484932757e-07
12.65965965965966,0.000382447735304606,0.0625,453.5049769027813,9.032519200114425e-05,0.23617656391455277,0.000382447735304606,7.342776279039214e-08
12.673673673673674,0.00036712609254001304,0.0625,448.74247690278133,7.674808098560935e-05,0.2090510114784189,0.00036712609254001304,6.773808125219699e-08
12.687687687687687,0.0004786383628863351,0.0625,445.96747690278136,9.796405087839701e-05,0.20467237579462697,0.0004786383628863351,1.1516346317406189e-07
12.701701701701701,0.0003947770149667846,0.0625,443.63622690278135,7.91763318571023e-05,0.20055962950062828,0.0003947770149667846,7.836114407932492e-08
12.715715715715715,0.00037757475377901386,0.0625,444.43622690278136,7.727912189602207e-05,0.20467237579462697,0.00037757475377901386,7.166475217224287e-08
12.72972972972973,0.00037356860761876543,0.0625,453.9737269027813,8.17108313817715e-05,0.21873045463487956,0.00037356860761876543,7.010492963355307e-08
12.743743743743744,0.0003778076172188759,0.0625,449.45497690278137,8.07470957680255e-05,0.21372543084870135,0.0003778076172188759,7.17210282246775e-08
12.757757757757757,0.00037775701185761265,0.0625,449.42997690278133,8.26269629451292e-05,0.21873045463487956,0.00037775701185761265,7.168575755812542e-08
12.771771771771771,0.00041052827920602024,0.0625,446.64872690278133,8.402379823597612e-05,0.20467237579462697,0.00041052827920602024,8.471998404000027e-08
12.785785785785786,0.0003453442298775633,0.0625,451.66747690278135,7.553730040665178e-05,0.21873045463487956,0.0003453442298775633,5.991177940360992e-08
12.7997997997998,0.00042291110858111837,0.0625,449.43622690278136,9.722858173807572e-05,0.22990311619924345,0.00042291110858111837,8.980727251457787e-08
12.813813813813814,0.0004612170565338568,0.0625,451.63622690278135,0.00010088221646101144,0.21873045463487956,0.0004612170565338568,1.0686082677990685e-07
12.827827827827829,0.00046124192446430934,0.0625,445.95497690278137,9.440348049619606e-05,0.20467237579462697,0.00046124192446430934,1.0694420555754805e-07
12.841841841841841,0.0004107558041705994,0.1125,449.49247690278133,7.176786488763951e-05,0.17472148697339437,0.0004107558041705994,8.498533610375292e-08
12.855855855855856,0.0005523864423424354,0.0625,444.46122690278133,0.00011078642021736902,0.20055962950062828,0.0005523864423424354,1.534203863072434e-07
12.86986986986987,0.00048429251465342506,0.0625,449.43622690278136,0.00011437854204038413,0.23617656391455277,0.00048429251465342506,1.1774205791355527e-07
12.883883883883884,0.00037807612264839185,0.1625,449.41747690278135,5.486490321326683e-05,0.14511602274415727,0.00037807612264839185,7.224378251042728e-08
12.897897897897899,0.00045578165264267194,0.0625,449.97997690278135,0.0001076449446164425,0.23617656391455277,0.00045578165264267194,1.0428690691329275e-07
12.911911911911911,0.0003698463458645287,0.0625,454.9112269027813,7.904556961771422e-05,0.21372543084870135,0.0003698463458645287,6.873022283807795e-08
12.925925925925926,0.00039253579081304375,0.0625,455.65497690278136,8.585953198499904e-05,0.21873045463487956,0.00039253579081304375,7.740452194317227e-08
12.93993993993994,0.000444658656669469,0.0625,455.62372690278136,9.503486297728703e-05,0.21372543084870135,0.000444658656669469,9.934787699222892e-08
12.953953953953954,0.00040124250578845057,0.0625,449.43622690278136,9.476407631358131e-05,0.23617656391455277,0.00040124250578845057,8.082207143609637e-08
12.967967967967969,0.00039082501008471933,0.0625,449.4112269027813,9.230370797367945e-05,0.23617656391455277,0.00039082501008471933,7.667977055121265e-08
12.981981981981981,0.000550288084738552,0.0625,451.46747690278136,0.00012036476295502061,0.21873045463487956,0.000550288084738552,1.5212059969279216e-07
12.995995995995996,0.0005699111440108128,0.0625,456.46122690278133,0.0001246569236309694,0.21873045463487956,0.0005699111440108128,1.6316316039594207e-07
13.01001001001001,0.0005243344428565551,0.0625,446.39247690278137,0.0001073167761304032,0.20467237579462697,0.0005243344428565551,1.3820268526827694e-07
13.024024024024024,0.0003795961959513859,0.0625,451.30497690278133,8.112936052823802e-05,0.21372543084870135,0.0003795961959513859,7.240170453692906e-08
13.038038038038039,0.0004473475060523928,0.0625,454.27372690278133,9.784852337861942e-05,0.21873045463487956,0.0004473475060523928,1.0053050203745042e-07
13.052052052052051,0.0003846978058823904,0.0625,449.18622690278136,9.08566059387706e-05,0.23617656391455277,0.0003846978058823904,7.42943055844174e-08
13.066066066066066,0.0003744523802941894,0.0625,449.45497690278137,9.099061328615489e-05,0.2429964878702811,0.0003744523802941894,7.037397950261999e-08
13.08008008008008,0.00048796778166680253,0.0625,445.96122690278133,9.98735251849783e-05,0.20467237579462697,0.00048796778166680253,1.1969665239449392e-07
13.094094094094094,0.0003563941376836613,0.0625,449.46747690278136,8.193612284861595e-05,0.22990311619924345,0.0003563941376836613,6.37785181609031e-08
13.108108108108109,0.00040944660792746726,0.0625,447.02997690278136,8.955844270068419e-05,0.21873045463487956,0.00040944660792746726,8.421750391920319e-08
13.122122122122121,0.00039270279780517873,0.0625,453.1612269027813,8.800741661628123e-05,0.2241069254106563,0.00039270279780517873,7.745305379471693e-08
13.136136136136136,0.00044748422701815894,0.0625,455.6299769027813,9.787842841761956e-05,0.21873045463487956,0.00044748422701815894,1.0059196086978231e-07
13.15015015015015,0.00041492402572807565,0.0625,446.84247690278136,9.075652078643645e-05,0.21873045463487956,0.00041492402572807565,8.648583368521814e-08
13.164164164164164,0.0003806497347220282,0.0625,446.80497690278133,8.135452855590936e-05,0.21372543084870135,0.0003806497347220282,7.280415248209698e-08
13.178178178178179,0.00037747591406415884,0.0625,446.24247690278133,8.067620236836971e-05,0.21372543084870135,0.00037747591406415884,7.159514591440358e-08
13.192192192192191,0.00041427879662309954,0.1125,448.09247690278136,6.838963340859307e-05,0.16508118196261984,0.00041427879662309954,8.652712621859236e-08
13.206206206206206,0.0003972104795386755,0.0625,455.21122690278133,8.688202877523301e-05,0.21873045463487956,0.0003972104795386755,7.925911270305437e-08
13.22022022022022,0.00038521385357713375,0.0625,449.45497690278137,9.360561349822023e-05,0.2429964878702811,0.00038521385357713375,7.44770924662146e-08
13.234234234234235,0.000454871367779804,0.0625,447.97997690278135,9.949422107486603e-05,0.21873045463487956,0.000454871367779804,1.0394055028659032e-07
13.248248248248249,0.000404629459943161,0.0625,447.9112269027813,8.85047857320334e-05,0.21873045463487956,0.000404629459943161,8.2247519523468e-08
13.262262262262261,0.00041251657492285366,0.0625,449.65497690278136,9.742674722307974e-05,0.23617656391455277,0.00041251657492285366,8.542773967022888e-08
13.276276276276276,0.0004330780672309497,0.0625,449.43622690278136,0.00010228288982536138,0.23617656391455277,0.0004330780672309497,9.415610595924313e-08
13.29029029029029,0.00037338617175792664,0.0625,449.4112269027813,8.818506305899615e-05,0.23617656391455277,0.00037338617175792664,6.998944812047214e-08
13.304304304304305,0.0004706314535961692,0.1125,456.17997690278133,7.667193007052378e-05,0.16291288966060696,0.0004706314535961692,1.116931123540465e-07
13.318318318318319,0.0006124420217613262,0.1125,454.48622690278137,9.977469951472198e-05,0.16291288966060696,0.0006124420217613262,1.891448226018082e-07
13.332332332332332,0.0008211808578952544,0.0625,449.46747690278136,0.0001887920381932871,0.22990311619924345,0.0008211808578952544,3.3860312000916793e-07
13.346346346346346,0.0006495530280165361,0.1125,449.40497690278136,0.00011349087092312008,0.17472148697339437,0.0006495530280165361,2.12522933417657e-07
13.36036036036036,0.00047120028660903334,0.1125,452.68622690278136,7.778630025454446e-05,0.16508118196261984,0.00047120028660903334,1.1193810738486765e-07
13.374374374374375,0.0005190414416476393,0.0625,445.95497690278137,0.00011632078164836701,0.2241069254106563,0.0005190414416476393,1.3530524243287075e-07
13.388388388388389,0.0003889681231573178,0.0625,445.89872690278133,8.507917441667594e-05,0.21873045463487956,0.0003889681231573178,7.600389215394325e-08
13.402402402402402,0.0005274332310630671,0.0625,453.99872690278136,0.00011536571041996815,0.21873045463487956,0.0005274332310630671,1.3974709497739143e-07
13.416416416416416,0.0004834438811129648,0.0625,449.46122690278133,0.00010834312180482139,0.2241069254106563,0.0004834438811129648,1.1738232042414362e-07
13.43043043043043,0.0004672178928659951,0.0625,449.16747690278135,0.00011034591653648836,0.23617656391455277,0.0004672178928659951,1.095859916664989e-07
13.444444444444445,0.0005149624175904178,0.0625,449.11122690278137,0.0001216220543316359,0.23617656391455277,0.0005149624175904178,1.3312731689862658e-07
13.458458458458459,0.0005225454608737808,0.0625,449.42997690278133,0.00011429660622431474,0.21873045463487956,0.0005225454608737808,1.3716899904115868e-07
13.472472472472472,0.00044463628827381106,0.0625,455.56122690278136,9.725549748129606e-05,0.21873045463487956,0.00044463628827381106,9.931563379851103e-08
13.486486486486486,0.0004906405586953773,0.0625,445.95497690278137,0.00010731803246575119,0.21873045463487956,0.0004906405586953773,1.2093018096936028e-07
13.5005005005005,0.000532810285157882,0.0625,445.95497690278137,0.00011654183590672335,0.21873045463487956,0.000532810285157882,1.4261099492335116e-07
13.514514514514515,0.00047062712289934006,0.0625,446.86122690278137,0.00010294048455527798,0.21873045463487956,0.00047062712289934006,1.1126580528499196e-07
13.528528528528529,0.0004044662604901368,0.0625,446.79247690278135,8.846908904147724e-05,0.21873045463487956,0.0004044662604901368,8.21811870162027e-08
13.542542542542542,0.0004067761964893737,0.0625,446.74872690278136,8.89743423927678e-05,0.21873045463487956,0.0004067761964893737,8.312255284436752e-08
13.556556556556556,0.00047954356678024543,0.0625,443.76122690278135,0.00010249065542083095,0.21372543084870135,0.00047954356678024543,1.1554767893450655e-07
13.57057057057057,0.00047998361627284543,0.0625,452.29247690278135,0.00011034972910570906,0.22990311619924345,0.00047998361627284543,1.1568209578018204e-07
13.584584584584585,0.0004264625794388109,0.0625,447.95497690278137,0.0001036289090117318,0.2429964878702811,0.0004264625794388109,9.128108165517522e-08
13.598598598598599,0.0004440346530242811,0.0625,451.4737269027813,9.951124086505921e-05,0.2241069254106563,0.0004440346530242811,9.90248705850383e-08
13.612612612612612,0.00038510493353598814,0.0625,444.97997690278135,8.423417719446176e-05,0.21873045463487956,0.00038510493353598814,7.45016643800938e-08
13.626626626626626,0.0003963318528514335,0.0625,454.95497690278137,8.668984636047824e-05,0.21873045463487956,0.0003963318528514335,7.890885935103489e-08
13.64064064064064,0.0004345373688868056,0.0625,453.5049769027813,9.738283371725819e-05,0.2241069254106563,0.0004345373688868056,9.483416302803159e-08
13.654654654654655,0.0004227068650477203,0.0625,444.8174769027813,9.245886476917255e-05,0.21873045463487956,0.0004227068650477203,8.976073758124342e-08
13.66866866866867,0.00044383737848312644,0.0625,444.77372690278133,9.485933494306433e-05,0.21372543084870135,0.00044383737848312644,9.898122768424511e-08
13.682682682682682,0.0004295668380453062,0.0625,446.01122690278135,9.626890333271091e-05,0.2241069254106563,0.0004295668380453062,9.267701748882839e-08
13.696696696696696,0.0004640780501969704,0.0625,445.9737269027813,0.0001015080029056518,0.21873045463487956,0.0004640780501969704,1.0819068386588504e-07
13.71071071071071,0.00038245277863192855,0.0625,445.73622690278137,8.365407014653468e-05,0.21873045463487956,0.00038245277863192855,7.347903624685412e-08
13.724724724724725,0.00045350621117879825,0.1125,454.49872690278136,7.202746818103228e-05,0.1588235539129913,0.00045350621117879825,1.0375912345139235e-07
13.73873873873874,0.000613128578287367,0.0625,454.46747690278136,0.00013104116956011924,0.21372543084870135,0.000613128578287367,1.8888966931652315e-07
13.752752752752752,0.00069870522074664,0.0625,450.67372690278137,0.00014933107434031263,0.21372543084870135,0.00069870522074664,2.4529746739995173e-07
13.766766766766766,0.0005924383664005379,0.1125,455.64872690278133,0.00010351171231759062,0.17472148697339437,0.0005924383664005379,1.767921306841741e-07
13.78078078078078,0.0004844423414589807,0.1625,455.60497690278135,7.030034584139425e-05,0.14511602274415727,0.0004844423414589807,1.1861132701007131e-07
13.794794794794795,0.0004445694447016554,0.0625,454.27997690278136,9.501579611102922e-05,0.21372543084870135,0.0004445694447016554,9.930801661673942e-08
13.80880880880881,0.0005339244910154599,0.0625,445.6299769027813,0.0001196561760829243,0.2241069254106563,0.0005339244910154599,1.4317600474787787e-07
13.822822822822824,0.0006254163301922617,0.0625,445.5987269027813,0.00013679759823903136,0.21873045463487956,0.0006254163301922617,1.9649262028165808e-07
13.836836836836836,0.0004729619738814788,0.0625,445.5674769027813,0.00010345118757210589,0.21873045463487956,0.0004729619738814788,1.1237255620582988e-07
13.85085085085085,0.000408591786117004,0.0625,455.20497690278137,9.649980408882387e-05,0.23617656391455277,0.000408591786117004,8.380990970263249e-08
13.864864864864865,0.00039327988857215223,0.0625,455.59247690278136,9.28834927396691e-05,0.23617656391455277,0.00039327988857215223,7.764608901168148e-08
13.87887887887888,0.00045730608719783607,0.0625,444.42372690278137,0.00010248546117348454,0.2241069254106563,0.00045730608719783607,1.0503269751941807e-07
13.892892892892894,0.0003953369660893848,0.0625,454.97997690278135,9.336932623939498e-05,0.23617656391455277,0.0003953369660893848,7.846047974158713e-08
13.906906906906906,0.00042049025362846104,0.0625,453.81122690278136,8.986946062442255e-05,0.21372543084870135,0.00042049025362846104,8.884171948217097e-08
13.92092092092092,0.0005110507302355111,0.0625,443.7549769027813,0.00011178235856590054,0.21873045463487956,0.0005110507302355111,1.3120060470883336e-07
13.934934934934935,0.00039533689817001355,0.0625,444.77997690278136,8.647221947067015e-05,0.21873045463487956,0.00039533689817001355,7.851316977192933e-08
13.94894894894895,0.0004613732311814337,0.0625,447.59247690278136,0.00010607114357952556,0.22990311619924345,0.0004613732311814337,1.068853312525491e-07
13.962962962962964,0.0004455527519754927,0.0625,447.56122690278136,0.0001024339661103144,0.22990311619924345,0.0004455527519754927,9.968081542434587e-08
13.976976976976976,0.00040145022969325056,0.1125,454.49247690278133,6.717846705973046e-05,0.16733946599323596,0.00040145022969325056,8.123303585691525e-08
13.99099099099099,0.0005583203431212638,0.0625,454.46747690278136,0.0001318621802019742,0.23617656391455277,0.0005583203431212638,1.5648871110856125e-07
14.005005005005005,0.0006633579852122402,0.0625,449.44872690278135,0.000145096593691151,0.21873045463487956,0.0006633579852122402,2.210567257581371e-07
14.01901901901902,0.0004419730591895567,0.1125,444.39872690278133,6.934220075597473e-05,0.1568923700533401,0.0004419730591895567,9.857098651647899e-08
14.033033033033034,0.0005408735356289466,0.0625,454.2862269027813,0.00012774165315716004,0.23617656391455277,0.0005408735356289466,1.4686136956191758e-07
14.047047047047046,0.00040384502686534465,0.0625,445.37372690278136,8.833320632829199e-05,0.21873045463487956,0.00040384502686534465,8.192893107248433e-08
14.06106106106106,0.0004034759470885111,0.0625,454.13622690278135,9.529156280553446e-05,0.23617656391455277,0.0004034759470885111,8.172433747729006e-08
14.075075075075075,0.00039187301607159376,0.0625,451.29247690278135,8.571456296448117e-05,0.21873045463487956,0.00039187301607159376,7.714335619401607e-08
14.08908908908909,0.0004283601430716898,0.0625,451.26122690278135,9.369540884153276e-05,0.21873045463487956,0.0004283601430716898,9.217771119881073e-08
14.103103103103104,0.00040421314349866114,0.0625,448.95497690278137,8.841372464685596e-05,0.21873045463487956,0.00040421314349866114,8.207836041226568e-08
14.117117117117116,0.0004565810064468766,0.0625,444.43622690278136,0.00010232296555571256,0.2241069254106563,0.0004565810064468766,1.0469989280115539e-07
14.13113113113113,0.00039211173901670975,0.0625,456.20497690278137,9.260760319152639e-05,0.23617656391455277,0.00039211173901670975,7.71855135199129e-08
14.145145145145145,0.00044279457388987317,0.0625,448.72997690278135,9.685265845678973e-05,0.21873045463487956,0.00044279457388987317,9.84945932265494e-08
14.15915915915916,0.0005237823094903453,0.0625,449.46122690278133,0.00011456714268453041,0.21873045463487956,0.0005237823094903453,1.3781911692042427e-07
14.173173173173174,0.0005787366961347217,0.0625,449.42997690278133,0.00012658734065943583,0.21873045463487956,0.0005787366961347217,1.6825572555989455e-07
14.187187187187186,0.0003805708942203152,0.0625,446.8799769027813,8.988192612284278e-05,0.23617656391455277,0.0003805708942203152,7.27088457919695e-08
14.2012012012012,0.0003494412338830631,0.0625,456.01122690278135,8.491299255064182e-05,0.2429964878702811,0.0003494412338830631,6.12868385831955e-08
14.215215215215215,0.00037940596535358735,0.0625,446.0049769027813,8.298763929297553e-05,0.21873045463487956,0.00037940596535358735,7.231295689192067e-08
14.22922922922923,0.0006527343525488674,0.0625,445.96747690278136,0.00014277288168881752,0.21873045463487956,0.0006527343525488674,2.1403300533015538e-07
14.243243243243244,0.0004969537354578347,0.1125,445.9424769027813,8.433013095233096e-05,0.16969412831687258,0.0004969537354578347,1.2445249226265252e-07
14.257257257257256,0.0004442206307550806,0.0625,443.88622690278135,9.494124570001148e-05,0.21372543084870135,0.0004442206307550806,9.915224148576943e-08
14.27127127127127,0.00045627329549302755,0.0625,443.82997690278137,9.980086536094466e-05,0.21873045463487956,0.00045627329549302755,1.0458223363133073e-07
14.285285285285285,0.00047640717983810316,0.0625,443.74872690278136,0.00010420475903730913,0.21873045463487956,0.00047640717983810316,1.1401563396324842e-07
14.2992992992993,0.0003465184373201452,0.0625,449.42997690278133,7.405980231326674e-05,0.21372543084870135,0.0003465184373201452,6.033339750548165e-08
14.313313313313314,0.0004807345523110702,0.0625,448.5674769027813,0.00010515128718569567,0.21873045463487956,0.0004807345523110702,1.160963285664908e-07
14.327327327327327,0.0003625640384270735,0.0625,452.82372690278135,8.81017879658445e-05,0.2429964878702811,0.0003625640384270735,6.597636286361829e-08
14.34134134134134,0.00039264706371561886,0.0625,456.42997690278133,9.273403433949334e-05,0.23617656391455277,0.00039264706371561886,7.739641012390496e-08
14.355355355355355,0.00041693533665228754,0.0625,456.3799769027813,9.847035518509456e-05,0.23617656391455277,0.00041693533665228754,8.726769765250812e-08
14.36936936936937,0.0004723038450027729,0.0625,449.44872690278135,0.00010584656256320261,0.2241069254106563,0.0004723038450027729,1.1203494806445962e-07
14.383383383383384,0.00039603364518491196,0.0625,451.89872690278133,9.353386551432768e-05,0.23617656391455277,0.00039603364518491196,7.873725598247102e-08
14.397397397397397,0.0004184300767769769,0.0625,455.63622690278135,9.619837856251567e-05,0.22990311619924345,0.0004184300767769769,8.791421636154223e-08
14.411411411411411,0.0005099171194995134,0.0625,455.63622690278135,0.0001239080691433122,0.2429964878702811,0.0005099171194995134,1.3050228159000257e-07
14.425425425425425,0.0004746628537484075,0.0625,455.57997690278137,0.00011210424181617479,0.23617656391455277,0.0004746628537484075,1.1310624929861453e-07
14.43943943943944,0.0003996531938306348,0.0625,449.42997690278133,8.956504849993264e-05,0.2241069254106563,0.0003996531938306348,8.021897912795286e-08
14.453453453453454,0.00041005548465043945,0.0625,456.07372690278135,9.684549537905742e-05,0.23617656391455277,0.00041005548465043945,8.44114497769353e-08
14.467467467467467,0.0003879432101826478,0.0625,456.04872690278137,9.162309437491889e-05,0.23617656391455277,0.0003879432101826478,7.555312280551765e-08
14.481481481481481,0.0005224966593004896,0.0625,444.9737269027813,0.00011428593183400187,0.21873045463487956,0.0005224966593004896,1.3714337925924428e-07
14.495495495495495,0.0006025661030148216,0.0625,445.95497690278137,0.000142311991741423,0.23617656391455277,0.0006025661030148216,1.8227432694069764e-07
14.50950950950951,0.00047685604464593365,0.0625,445.91747690278135,0.00011262222210636118,0.23617656391455277,0.00047685604464593365,1.1415388420957095e-07
14.523523523523524,0.00038591111680937035,0.0625,445.87372690278136,9.11431615444647e-05,0.23617656391455277,0.00038591111680937035,7.47636830668835e-08
14.537537537537537,0.00043046414136498534,0.0625,449.46747690278136,9.41556173447763e-05,0.21873045463487956,0.00043046414136498534,9.308544291454737e-08
14.551551551551551,0.0004183873728629064,0.0625,454.91747690278135,9.881329210799803e-05,0.23617656391455277,0.0004183873728629064,8.787660027498492e-08
14.565565565565565,0.00040636278780111586,0.0625,450.29872690278137,8.888391732243516e-05,0.21873045463487956,0.00040636278780111586,8.295368296510564e-08
14.57957957957958,0.00045213211474388724,0.0625,450.27997690278136,9.889506301295998e-05,0.21873045463487956,0.00045213211474388724,1.0269245162754192e-07
14.593593593593594,0.00046330880354400017,0.0625,454.46747690278136,0.00010651613769730872,0.22990311619924345,0.00046330880354400017,1.077840321045443e-07
14.607607607607607,0.0005520120836085001,0.0625,455.6299769027813,0.00012690929820123148,0.22990311619924345,0.0005520120836085001,1.530067147143264e-07
14.621621621621621,0.0004987616755479214,0.0625,455.59247690278136,0.0001177958187431731,0.23617656391455277,0.0004987616755479214,1.2488269422037041e-07
14.635635635635635,0.0004084591524124494,0.0625,450.91747690278135,9.925413947469706e-05,0.2429964878702811,0.0004084591524124494,8.373676572433224e-08
14.64964964964965,0.0004906692775137821,0.0625,444.80497690278133,0.00010732431414595745,0.21873045463487956,0.0004906692775137821,1.209443382724517e-07
14.663663663663664,0.000494586665497526,0.0625,444.7549769027813,0.00010339384268599622,0.2090510114784189,0.000494586665497526,1.2293829711183016e-07
14.677677677677677,0.0004075721719227406,0.0625,450.07997690278137,9.133974633254882e-05,0.2241069254106563,0.0004075721719227406,8.342949260094367e-08
14.691691691691691,0.0004622954580562715,0.0625,445.96122690278133,0.00010918335279703445,0.23617656391455277,0.0004622954580562715,1.0728904075201523e-07
14.705705705705705,0.0003951343196318895,0.1125,445.95497690278137,6.802324573700245e-05,0.17215220839428347,0.0003951343196318895,7.866175333014259e-08
14.71971971971972,0.0003886869038750221,0.0625,444.97997690278135,8.936033042670337e-05,0.22990311619924345,0.0003886869038750221,7.586005221271128e-08
14.733733733733734,0.0003621684297450566,0.0625,455.47997690278135,8.553569529551658e-05,0.23617656391455277,0.0003621684297450566,6.584719652718712e-08
14.747747747747747,0.0005599760651279012,0.0625,445.95497690278137,0.00013225322293629953,0.23617656391455277,0.0005599760651279012,1.574182347933469e-07
14.761761761761761,0.0004580230913034768,0.0625,455.64872690278133,0.00010817431989757663,0.23617656391455277,0.0004580230913034768,1.0531515136772921e-07
14.775775775775776,0.00040968518294945687,0.0625,455.57997690278137,9.675803879570765e-05,0.23617656391455277,0.00040968518294945687,8.4259062644325e-08
14.78978978978979,0.00040733882399132025,0.0625,454.27372690278133,9.620388379926481e-05,0.23617656391455277,0.00040733882399132025,8.329668532256202e-08
14.803803803803804,0.00039355418535458103,0.0625,449.4424769027813,9.294827521123595e-05,0.23617656391455277,0.00039355418535458103,7.775443678269295e-08
14.817817817817817,0.0003778923576055042,0.0625,449.42997690278133,8.92493185488374e-05,0.23617656391455277,0.0003778923576055042,7.168896775288666e-08
14.831831831831831,0.0003772631871400275,0.0625,445.27372690278133,8.673398235075067e-05,0.22990311619924345,0.0003772631871400275,7.146644509699312e-08
14.845845845845846,0.0004014218387965504,0.0625,449.42997690278133,9.480643056723078e-05,0.23617656391455277,0.0004014218387965504,8.089433349209235e-08
14.85985985985986,0.0004279022767168858,0.0625,444.56122690278136,0.00010106048940620823,0.23617656391455277,0.0004279022767168858,9.191900267120092e-08
14.873873873873874,0.0004467054082983012,0.0625,454.81122690278136,0.00010550134841394012,0.23617656391455277,0.0004467054082983012,1.0017481065443627e-07
14.887887887887889,0.0004472283602460783,0.1125,444.48622690278137,7.814040411886769e-05,0.17472148697339437,0.0004472283602460783,1.0074772547168925e-07
14.901901901901901,0.00048650481643380334,0.1125,444.98622690278137,8.631110630703241e-05,0.1774105895594487,0.00048650481643380334,1.191937131511016e-07
14.915915915915916,0.00044051927468519603,0.21250000000000002,444.5049769027813,5.725497378046452e-05,0.12997155191763193,0.00044051927468519603,9.834396067805039e-08
14.92992992992993,0.0005424010610136034,0.1625,449.49872690278136,7.953506925020043e-05,0.14663516531765355,0.0005424010610136034,1.4865694015490316e-07
14.943943943943944,0.0006031117902754713,0.1125,449.49247690278133,0.00010382702660455232,0.17215220839428347,0.0006031117902754713,1.8326087471022107e-07
14.957957957957959,0.0007370849532475621,0.1625,454.5049769027813,0.000110433423768345,0.1498245531695912,0.0007370849532475621,2.743996744169745e-07
14.971971971971971,0.0010552115285407445,0.1625,454.52372690278133,0.00015473111693266596,0.14663516531765355,0.0010552115285407445,5.626303858599132e-07
14.985985985985986,0.0013999717227837886,0.0625,449.46747690278136,0.0003218578616588164,0.22990311619924345,0.0013999717227837886,9.84128589560065e-07
15.0,0.0017774931620378029,0.0625,449.44872690278135,0.00041980222739170165,0.23617656391455277,0.0017774931620378029,1.5861051911073058e-06
