period_cadences,period_days,duration_cadences,duration_hours,epoch_phase_cadence,mes,observed_event_count,expected_event_count,observability_fraction
98,2.0025840413291007,8,3.92342995852232,44,302.0852962771131,28,47,0.5957446808510638
98,2.0025840413291007,12,5.88514493778348,44,300.55615002256604,28,47,0.5957446808510638
98,2.0025840413291007,6,2.94257246889174,44,296.87022225820476,28,47,0.5957446808510638
98,2.0025840413291007,16,7.84685991704464,44,290.72104531094527,28,47,0.5957446808510638
98,2.0025840413291007,4,1.96171497926116,43,285.45736508609815,27,47,0.574468085106383
98,2.0025840413291007,20,9.8085748963058,44,276.20352551493977,25,47,0.5319148936170213
98,2.0025840413291007,3,1.47128623444587,43,273.74887180307127,27,47,0.574468085106383
49,1.0012920206645504,12,5.88514493778348,44,242.08549535324389,54,94,0.574468085106383
49,1.0012920206645504,8,3.92342995852232,44,239.71446141138466,54,94,0.574468085106383
49,1.0012920206645504,16,7.84685991704464,44,236.70717104575135,54,94,0.574468085106383
196,4.0051680826582015,8,3.92342995852232,142,233.62562676760535,15,23,0.6521739130434783
49,1.0012920206645504,6,2.94257246889174,44,233.03730995078652,54,94,0.574468085106383
196,4.0051680826582015,12,5.88514493778348,142,232.59077440945254,15,23,0.6521739130434783
196,4.0051680826582015,6,2.94257246889174,142,230.07869329036424,15,23,0.6521739130434783
49,1.0012920206645504,20,9.8085748963058,45,229.81382250702833,48,94,0.5106382978723404
391,7.9899016342824325,8,3.92342995852232,341,225.76608983950743,6,11,0.5454545454545454
196,4.0051680826582015,16,7.84685991704464,142,225.7113580376412,15,23,0.6521739130434783
392,8.010336165316403,8,3.92342995852232,338,224.79438095122757,8,11,0.7272727272727273
391,7.9899016342824325,6,2.94257246889174,341,224.14623260912012,6,11,0.5454545454545454
391,7.9899016342824325,12,5.88514493778348,341,223.78268309942723,6,11,0.5454545454545454
392,8.010336165316403,12,5.88514493778348,338,223.36769504735423,8,11,0.7272727272727273
392,8.010336165316403,6,2.94257246889174,338,222.01169239228022,8,11,0.7272727272727273
196,4.0051680826582015,4,1.96171497926116,142,221.576455736965,15,23,0.6521739130434783
294,6.007752123987302,8,3.92342995852232,142,221.03114829315325,10,16,0.625
49,1.0012920206645504,4,1.96171497926116,44,220.72745505251717,54,94,0.574468085106383
294,6.007752123987302,6,2.94257246889174,142,219.81223058687218,10,16,0.625
391,7.9899016342824325,4,1.96171497926116,341,219.78638042133045,6,11,0.5454545454545454
391,7.9899016342824325,16,7.84685991704464,340,217.80546078504358,6,11,0.5454545454545454
293,5.987317592953332,12,5.88514493778348,146,217.59808582526796,11,16,0.6875
293,5.987317592953332,8,3.92342995852232,146,217.46854024628618,11,16,0.6875
294,6.007752123987302,12,5.88514493778348,142,216.86409981226768,10,16,0.625
392,8.010336165316403,16,7.84685991704464,338,216.83305918379935,8,11,0.7272727272727273
196,4.0051680826582015,20,9.8085748963058,142,216.2239815029456,14,23,0.6086956521739131
392,8.010336165316403,4,1.96171497926116,338,215.73705699191314,8,11,0.7272727272727273
294,6.007752123987302,4,1.96171497926116,142,215.03578294490657,10,16,0.625
391,7.9899016342824325,3,1.47128623444587,340,214.70539821977792,6,11,0.5454545454545454
293,5.987317592953332,6,2.94257246889174,146,214.08606871263024,11,16,0.6875
195,3.984733551624231,16,7.84685991704464,149,212.20123017116623,13,23,0.5652173913043478
685,13.997653758269735,8,3.92342995852232,46,211.67779997568377,4,7,0.5714285714285714
196,4.0051680826582015,3,1.47128623444587,141,211.6224308652183,14,23,0.6086956521739131
293,5.987317592953332,16,7.84685991704464,146,211.31601561029277,11,16,0.6875
195,3.984733551624231,20,9.8085748963058,150,211.00396953343179,13,23,0.5652173913043478
685,13.997653758269735,6,2.94257246889174,46,210.9104529903901,4,7,0.5714285714285714
391,7.9899016342824325,20,9.8085748963058,340,210.51818540330854,6,11,0.5454545454545454
49,1.0012920206645504,3,1.47128623444587,43,209.3042343067338,53,94,0.5638297872340425
392,8.010336165316403,20,9.8085748963058,338,209.14788255661537,7,11,0.6363636363636364
294,6.007752123987302,3,1.47128623444587,141,208.8202545640512,10,16,0.625
195,3.984733551624231,12,5.88514493778348,149,208.7175837292547,13,23,0.5652173913043478
294,6.007752123987302,16,7.84685991704464,142,208.62673120258435,10,16,0.625
293,5.987317592953332,4,1.96171497926116,147,207.4676177418209,11,16,0.6875
685,13.997653758269735,12,5.88514493778348,46,206.98037053736647,4,7,0.5714285714285714
685,13.997653758269735,4,1.96171497926116,46,206.93158988972493,4,7,0.5714285714285714
392,8.010336165316403,3,1.47128623444587,337,206.82687112571784,7,11,0.6363636363636364
390,7.969467103248462,16,7.84685991704464,344,206.0639029175521,6,11,0.5454545454545454
390,7.969467103248462,12,5.88514493778348,343,206.0016901162603,6,12,0.5
686,14.018088289303705,8,3.92342995852232,43,203.9456073944798,4,7,0.5714285714285714
390,7.969467103248462,20,9.8085748963058,344,203.44426895258113,6,11,0.5454545454545454
686,14.018088289303705,12,5.88514493778348,43,203.28637281029464,4,7,0.5714285714285714
685,13.997653758269735,3,1.47128623444587,45,202.89360559060594,4,7,0.5714285714285714
293,5.987317592953332,20,9.8085748963058,146,202.73387139078525,11,16,0.6875
684,13.977219227235764,8,3.92342995852232,48,202.70511909075285,3,7,0.42857142857142855
293,5.987317592953332,3,1.47128623444587,146,202.37379443600915,11,16,0.6875
686,14.018088289303705,6,2.94257246889174,43,202.33505723180835,4,7,0.5714285714285714
684,13.977219227235764,12,5.88514493778348,48,201.99431389040643,3,7,0.42857142857142855
390,7.969467103248462,8,3.92342995852232,343,201.72169727579765,6,12,0.5
304,6.212097434327006,20,9.8085748963058,121,201.7115172268729,11,15,0.7333333333333333
685,13.997653758269735,16,7.84685991704464,45,201.51734771304808,4,7,0.5714285714285714
684,13.977219227235764,6,2.94257246889174,48,201.46253766649647,3,7,0.42857142857142855
195,3.984733551624231,8,3.92342995852232,148,201.24018433578536,13,24,0.5416666666666666
393,8.030770696350373,20,9.8085748963058,333,200.88811196645614,7,11,0.6363636363636364
393,8.030770696350373,16,7.84685991704464,333,200.50308513338842,7,11,0.6363636363636364
294,6.007752123987302,20,9.8085748963058,142,199.14130862494753,9,16,0.5625
686,14.018088289303705,16,7.84685991704464,42,199.0009313266698,4,7,0.5714285714285714
686,14.018088289303705,4,1.96171497926116,43,198.87905072474257,4,7,0.5714285714285714
304,6.212097434327006,16,7.84685991704464,122,198.74565479126977,11,15,0.7333333333333333
684,13.977219227235764,4,1.96171497926116,48,198.69758709262257,3,7,0.42857142857142855
390,7.969467103248462,6,2.94257246889174,342,198.57475372023796,6,12,0.5
684,13.977219227235764,16,7.84685991704464,48,198.21805894101905,3,7,0.42857142857142855
489,9.992485675611533,8,3.92342995852232,242,197.87848141181766,6,9,0.6666666666666666
393,8.030770696350373,12,5.88514493778348,334,197.8167195897501,7,11,0.6363636363636364
295,6.028186655021273,12,5.88514493778348,139,197.2154503410817,9,16,0.5625
489,9.992485675611533,6,2.94257246889174,242,196.8649027610873,6,9,0.6666666666666666
684,13.977219227235764,3,1.47128623444587,48,196.41881980782367,3,7,0.42857142857142855
295,6.028186655021273,16,7.84685991704464,138,196.1810259640464,9,16,0.5625
303,6.191662903293036,20,9.8085748963058,128,196.02284057678253,12,15,0.8
685,13.997653758269735,20,9.8085748963058,45,195.94940285767655,4,7,0.5714285714285714
686,14.018088289303705,3,1.47128623444587,42,195.82901048738967,4,7,0.5714285714285714
195,3.984733551624231,6,2.94257246889174,148,195.617013701743,13,24,0.5416666666666666
295,6.028186655021273,8,3.92342995852232,139,194.78868809625402,9,16,0.5625
292,5.966883061919361,16,7.84685991704464,150,194.4123040659595,11,16,0.6875
686,14.018088289303705,20,9.8085748963058,42,194.3164362839388,4,7,0.5714285714285714
587,11.995069716940634,8,3.92342995852232,144,193.9024668556274,6,8,0.75
292,5.966883061919361,20,9.8085748963058,151,193.63113091089085,11,16,0.6875
684,13.977219227235764,20,9.8085748963058,48,193.61047528405072,3,7,0.42857142857142855
304,6.212097434327006,12,5.88514493778348,122,193.30867672187296,11,15,0.7333333333333333
490,10.012920206645504,8,3.92342995852232,240,193.13159723172524,6,9,0.6666666666666666
390,7.969467103248462,4,1.96171497926116,342,192.9709821609997,6,12,0.5
683,13.956784696201794,16,7.84685991704464,52,192.83356549552866,4,7,0.5714285714285714
587,11.995069716940634,6,2.94257246889174,144,192.75157649204846,6,8,0.75
305,6.232531965360977,20,9.8085748963058,116,192.58846298832202,11,15,0.7333333333333333
489,9.992485675611533,12,5.88514493778348,243,192.57755123884252,6,9,0.6666666666666666
393,8.030770696350373,8,3.92342995852232,335,192.49936580644598,7,11,0.6363636363636364
683,13.956784696201794,12,5.88514493778348,52,192.4866211444682,4,7,0.5714285714285714
292,5.966883061919361,12,5.88514493778348,149,192.43809261303412,11,16,0.6875
489,9.992485675611533,4,1.96171497926116,242,192.00423765776884,6,9,0.6666666666666666
295,6.028186655021273,20,9.8085748963058,138,191.94777097948693,9,16,0.5625
303,6.191662903293036,16,7.84685991704464,127,191.6103244969351,12,15,0.8
687,14.038522820337676,16,7.84685991704464,40,191.26148089910242,4,7,0.5714285714285714
490,10.012920206645504,6,2.94257246889174,240,190.96467237852164,6,9,0.6666666666666666
490,10.012920206645504,12,5.88514493778348,240,190.88360937009915,6,9,0.6666666666666666
295,6.028186655021273,6,2.94257246889174,139,190.73570238970157,9,16,0.5625
683,13.956784696201794,20,9.8085748963058,52,190.23646286419594,4,7,0.5714285714285714
687,14.038522820337676,12,5.88514493778348,40,189.91700580564998,4,7,0.5714285714285714
687,14.038522820337676,20,9.8085748963058,39,189.874551834496,4,7,0.5714285714285714
588,12.015504247974604,8,3.92342995852232,142,189.58574380052383,6,8,0.75
683,13.956784696201794,8,3.92342995852232,50,189.07235902832252,3,7,0.42857142857142855
587,11.995069716940634,12,5.88514493778348,144,188.8538201820067,6,8,0.75
393,8.030770696350373,6,2.94257246889174,336,188.69782215394764,7,11,0.6363636363636364
506,10.33987270318903,12,5.88514493778348,224,188.68346803469564,5,9,0.5555555555555556
588,12.015504247974604,6,2.94257246889174,142,188.4151840056708,6,8,0.75
390,7.969467103248462,3,1.47128623444587,342,188.37618353451788,6,12,0.5
586,11.974635185906664,12,5.88514493778348,146,188.1514448387962,7,8,0.875
586,11.974635185906664,8,3.92342995852232,146,187.7861977634298,7,8,0.875
489,9.992485675611533,3,1.47128623444587,242,187.78286127719332,6,9,0.6666666666666666
506,10.33987270318903,8,3.92342995852232,224,187.63169238163542,5,9,0.5555555555555556
587,11.995069716940634,4,1.96171497926116,144,187.52134918386648,6,8,0.75
195,3.984733551624231,4,1.96171497926116,147,187.4658130893471,13,24,0.5416666666666666
305,6.232531965360977,16,7.84685991704464,116,187.21410316588722,11,15,0.7333333333333333
97,1.9821495102951303,20,9.8085748963058,58,186.97506423891133,28,48,0.5833333333333334
292,5.966883061919361,8,3.92342995852232,149,186.95638704542645,11,16,0.6875
506,10.33987270318903,16,7.84685991704464,224,186.73571400031943,5,9,0.5555555555555556
389,7.949032572214492,20,9.8085748963058,347,186.71801770750255,6,12,0.5
505,10.31943817215506,12,5.88514493778348,227,186.69760608704897,5,9,0.5555555555555556
588,12.015504247974604,12,5.88514493778348,142,186.6481810579333,6,8,0.75
337,6.88643695844803,12,5.88514493778348,57,186.46930342679573,7,14,0.5
379,7.7446872618747875,16,7.84685991704464,353,186.03190546077866,8,12,0.6666666666666666
683,13.956784696201794,6,2.94257246889174,49,185.8623933932258,3,7,0.42857142857142855
379,7.7446872618747875,20,9.8085748963058,353,185.77692944305863,8,12,0.6666666666666666
505,10.31943817215506,16,7.84685991704464,227,185.70402054856123,5,9,0.5555555555555556
489,9.992485675611533,16,7.84685991704464,241,185.58310448243824,6,9,0.6666666666666666
304,6.212097434327006,8,3.92342995852232,123,185.51097328825944,11,15,0.7333333333333333
490,10.012920206645504,4,1.96171497926116,240,185.4527645328666,6,9,0.6666666666666666
303,6.191662903293036,12,5.88514493778348,126,185.25765236368088,12,15,0.8
337,6.88643695844803,16,7.84685991704464,57,185.25359882429098,7,14,0.5
197,4.025602613692172,20,9.8085748963058,131,185.17920591706073,14,23,0.6086956521739131
379,7.7446872618747875,12,5.88514493778348,353,185.14496338336403,8,12,0.6666666666666666
607,12.403760337620042,12,5.88514493778348,124,184.87886204904254,6,8,0.75
586,11.974635185906664,6,2.94257246889174,146,184.87417907526114,7,8,0.875
506,10.33987270318903,6,2.94257246889174,224,184.81889952552913,5,9,0.5555555555555556
389,7.949032572214492,16,7.84685991704464,346,184.74927845551102,6,12,0.5
588,12.015504247974604,4,1.96171497926116,142,184.71547650868166,6,8,0.75
490,10.012920206645504,16,7.84685991704464,240,184.7147741089202,6,9,0.6666666666666666
295,6.028186655021273,4,1.96171497926116,140,184.69292346429958,9,16,0.5625
687,14.038522820337676,8,3.92342995852232,40,184.69022759558914,4,7,0.5714285714285714
505,10.31943817215506,8,3.92342995852232,226,184.64327569330322,5,9,0.5555555555555556
506,10.33987270318903,20,9.8085748963058,223,184.25803225551851,5,9,0.5555555555555556
433,8.84815193770919,20,9.8085748963058,297,184.13750446617155,6,11,0.5454545454545454
337,6.88643695844803,8,3.92342995852232,57,184.13294134165878,7,14,0.5
607,12.403760337620042,16,7.84685991704464,123,184.10490849281658,6,8,0.75
682,13.936350165167823,20,9.8085748963058,54,184.00763389158845,4,7,0.5714285714285714
380,7.765121792908758,20,9.8085748963058,347,183.88598573115632,8,12,0.6666666666666666
607,12.403760337620042,8,3.92342995852232,123,183.60294742310666,6,8,0.75
433,8.84815193770919,16,7.84685991704464,297,183.4934111257506,7,11,0.6363636363636364
587,11.995069716940634,3,1.47128623444587,143,183.47368727840976,7,8,0.875
586,11.974635185906664,16,7.84685991704464,146,183.46024188769906,7,8,0.875
433,8.84815193770919,12,5.88514493778348,297,183.2363919602361,7,11,0.6363636363636364
337,6.88643695844803,20,9.8085748963058,57,183.16643237748133,7,14,0.5
394,8.051205227384344,20,9.8085748963058,328,183.12009623316936,6,11,0.5454545454545454
607,12.403760337620042,20,9.8085748963058,122,182.9974559501033,6,8,0.75
505,10.31943817215506,20,9.8085748963058,226,182.9415101817885,5,9,0.5555555555555556
682,13.936350165167823,16,7.84685991704464,54,182.92058890552056,4,7,0.5714285714285714
589,12.035938779008575,8,3.92342995852232,141,182.87552069922523,5,8,0.625
342,6.988609613617882,12,5.88514493778348,48,182.87133982483186,6,14,0.42857142857142855
488,9.972051144577563,12,5.88514493778348,244,182.86840456177993,6,9,0.6666666666666666
606,12.383325806586072,12,5.88514493778348,125,182.83174747328505,6,8,0.75
343,7.0090441446518525,12,5.88514493778348,43,182.777606284533,7,14,0.5
587,11.995069716940634,16,7.84685991704464,142,182.51644636863574,7,8,0.875
606,12.383325806586072,16,7.84685991704464,125,182.1471891838631,6,8,0.75
292,5.966883061919361,6,2.94257246889174,148,182.14156157502032,11,16,0.6875
393,8.030770696350373,4,1.96171497926116,336,182.13970727855943,7,11,0.6363636363636364
505,10.31943817215506,6,2.94257246889174,226,181.93833800146956,5,9,0.5555555555555556
683,13.956784696201794,4,1.96171497926116,50,181.77523042351174,3,7,0.42857142857142855
342,6.988609613617882,8,3.92342995852232,48,181.75882209594522,6,14,0.42857142857142855
245,5.006460103322752,12,5.88514493778348,240,181.74068156532394,10,18,0.5555555555555556
253,5.169936351594515,20,9.8085748963058,224,181.68586232205024,10,18,0.5555555555555556
688,14.058957351371646,20,9.8085748963058,36,181.6798295421878,4,7,0.5714285714285714
608,12.424194868654013,16,7.84685991704464,120,181.53983922815797,5,8,0.625
343,7.0090441446518525,8,3.92342995852232,43,181.53403527383475,7,14,0.5
589,12.035938779008575,12,5.88514493778348,140,181.48666373817494,5,8,0.625
97,1.9821495102951303,16,7.84685991704464,57,181.47606035434916,29,48,0.6041666666666666
195,3.984733551624231,3,1.47128623444587,147,181.46121534416753,13,24,0.5416666666666666
253,5.169936351594515,16,7.84685991704464,223,181.28393417899593,11,18,0.6111111111111112
589,12.035938779008575,6,2.94257246889174,141,181.24979812342926,5,8,0.625
389,7.949032572214492,12,5.88514493778348,346,181.09416386184742,6,12,0.5
608,12.424194868654013,20,9.8085748963058,119,180.97543826663463,6,8,0.75
608,12.424194868654013,12,5.88514493778348,121,180.91439417098542,5,8,0.625
74,1.5121552965138108,16,7.84685991704464,65,180.8726061802852,30,62,0.4838709677419355
687,14.038522820337676,6,2.94257246889174,40,180.84569240422357,4,7,0.5714285714285714
490,10.012920206645504,3,1.47128623444587,239,180.8220227206287,6,9,0.6666666666666666
380,7.765121792908758,16,7.84685991704464,346,180.6938794523484,8,12,0.6666666666666666
342,6.988609613617882,16,7.84685991704464,48,180.67527188906004,6,14,0.42857142857142855
337,6.88643695844803,6,2.94257246889174,57,180.66936693389349,7,14,0.5
488,9.972051144577563,8,3.92342995852232,244,180.52461342018256,6,9,0.6666666666666666
588,12.015504247974604,16,7.84685991704464,142,180.47254436434892,6,8,0.75
245,5.006460103322752,8,3.92342995852232,240,180.40577543498623,10,18,0.5555555555555556
488,9.972051144577563,16,7.84685991704464,245,180.3341733799908,6,9,0.6666666666666666
588,12.015504247974604,3,1.47128623444587,141,180.31025462746027,6,8,0.75
74,1.5121552965138108,12,5.88514493778348,65,180.2383429043346,30,62,0.4838709677419355
74,1.5121552965138108,20,9.8085748963058,64,180.22813980836932,29,62,0.46774193548387094
253,5.169936351594515,12,5.88514493778348,223,180.1704115342401,11,18,0.6111111111111112
507,10.360307234223,16,7.84685991704464,221,180.00654215264993,5,9,0.5555555555555556
606,12.383325806586072,8,3.92342995852232,125,179.9940461586117,6,8,0.75
507,10.360307234223,20,9.8085748963058,220,179.93311091094932,5,9,0.5555555555555556
343,7.0090441446518525,16,7.84685991704464,43,179.90060466263054,7,14,0.5
433,8.84815193770919,8,3.92342995852232,297,179.86011801351088,7,11,0.6363636363636364
607,12.403760337620042,6,2.94257246889174,124,179.7802818917402,6,8,0.75
305,6.232531965360977,12,5.88514493778348,117,179.7273051594022,11,15,0.7333333333333333
249,5.0881982274586335,12,5.88514493778348,232,179.70404459876437,8,18,0.4444444444444444
506,10.33987270318903,4,1.96171497926116,224,179.70227692258345,5,9,0.5555555555555556
379,7.7446872618747875,8,3.92342995852232,353,179.66492426544596,9,12,0.75
295,6.028186655021273,3,1.47128623444587,139,179.60821079416132,9,16,0.5625
606,12.383325806586072,20,9.8085748963058,125,179.3337826637034,6,8,0.75
683,13.956784696201794,3,1.47128623444587,49,179.32679822470712,3,7,0.42857142857142855
342,6.988609613617882,6,2.94257246889174,48,179.26243642191932,6,14,0.42857142857142855
343,7.0090441446518525,6,2.94257246889174,43,179.24669191505848,7,14,0.5
434,8.86858646874316,20,9.8085748963058,292,179.21438313631484,7,11,0.6363636363636364
304,6.212097434327006,6,2.94257246889174,123,179.19075420232548,11,15,0.7333333333333333
585,11.954200654872693,12,5.88514493778348,148,179.0794535931381,7,8,0.875
217,4.43429323437158,20,9.8085748963058,75,179.06056149831377,8,22,0.36363636363636365
586,11.974635185906664,4,1.96171497926116,146,179.00640774656512,7,8,0.875
682,13.936350165167823,12,5.88514493778348,54,178.84716496252767,4,7,0.5714285714285714
489,9.992485675611533,20,9.8085748963058,241,178.78148882962395,6,9,0.6666666666666666
211,4.311686048167758,16,7.84685991704464,96,178.77569197781938,10,22,0.45454545454545453
585,11.954200654872693,16,7.84685991704464,148,178.5497815884341,7,8,0.875
249,5.0881982274586335,16,7.84685991704464,232,178.49756253333774,8,18,0.4444444444444444
507,10.360307234223,12,5.88514493778348,222,178.43034020126728,5,9,0.5555555555555556
101,2.063887634431012,20,9.8085748963058,27,178.2570905862633,28,46,0.6086956521739131
211,4.311686048167758,20,9.8085748963058,96,178.2527956471989,10,22,0.45454545454545453
608,12.424194868654013,8,3.92342995852232,122,178.14564962975035,5,8,0.625
245,5.006460103322752,16,7.84685991704464,240,178.11680851325852,10,18,0.5555555555555556
432,8.82771740667522,20,9.8085748963058,301,177.87716353098583,6,11,0.5454545454545454
688,14.058957351371646,16,7.84685991704464,37,177.85866308856055,4,7,0.5714285714285714
342,6.988609613617882,20,9.8085748963058,47,177.83742684448137,6,14,0.42857142857142855
434,8.86858646874316,16,7.84685991704464,292,177.8345251589995,7,11,0.6363636363636364
216,4.41385870333761,20,9.8085748963058,85,177.72848325337677,7,22,0.3181818181818182
338,6.9068714894820005,20,9.8085748963058,52,177.60552259948759,7,14,0.5
589,12.035938779008575,16,7.84685991704464,140,177.6045305497669,5,8,0.625
217,4.43429323437158,16,7.84685991704464,75,177.5544496241327,8,22,0.36363636363636365
394,8.051205227384344,16,7.84685991704464,332,177.50820866548318,7,11,0.6363636363636364
432,8.82771740667522,16,7.84685991704464,301,177.4562809221205,6,11,0.5454545454545454
338,6.9068714894820005,16,7.84685991704464,52,177.40035867669098,7,14,0.5
306,6.252966496394947,20,9.8085748963058,112,177.31006322628912,10,15,0.6666666666666666
505,10.31943817215506,4,1.96171497926116,227,177.263685619383,5,9,0.5555555555555556
216,4.41385870333761,16,7.84685991704464,85,177.1786311633308,7,22,0.3181818181818182
434,8.86858646874316,12,5.88514493778348,295,177.11907509211036,8,10,0.8
490,10.012920206645504,20,9.8085748963058,239,177.0317162246335,6,9,0.6666666666666666
589,12.035938779008575,4,1.96171497926116,141,177.009085812784,5,8,0.625
393,8.030770696350373,3,1.47128623444587,335,176.85798200831616,7,11,0.6363636363636364
249,5.0881982274586335,8,3.92342995852232,232,176.8553844822709,8,18,0.4444444444444444
211,4.311686048167758,12,5.88514493778348,96,176.82303257049892,10,22,0.45454545454545453
586,11.974635185906664,20,9.8085748963058,146,176.80442531100135,7,8,0.875
217,4.43429323437158,12,5.88514493778348,78,176.76810381533423,9,21,0.42857142857142855
343,7.0090441446518525,20,9.8085748963058,42,176.6573242385453,7,14,0.5
606,12.383325806586072,6,2.94257246889174,125,176.6261213892962,6,8,0.75
488,9.972051144577563,6,2.94257246889174,244,176.58430047209174,6,9,0.6666666666666666
249,5.0881982274586335,20,9.8085748963058,232,176.53493091569823,8,18,0.4444444444444444
433,8.84815193770919,6,2.94257246889174,297,176.4717619669902,7,11,0.6363636363636364
302,6.1712283722590655,20,9.8085748963058,132,176.45706542867293,12,15,0.8
197,4.025602613692172,16,7.84685991704464,134,176.35066100953807,15,23,0.6521739130434783
585,11.954200654872693,8,3.92342995852232,147,176.27500410577318,7,8,0.875
245,5.006460103322752,6,2.94257246889174,240,176.26399964947305,10,18,0.5555555555555556
379,7.7446872618747875,6,2.94257246889174,352,176.22238226741584,8,12,0.6666666666666666
296,6.048621186055243,20,9.8085748963058,135,176.21359370480084,9,16,0.5625
548,11.198123006615788,8,3.92342995852232,183,176.10993752228288,7,9,0.7777777777777778
504,10.29900364112109,20,9.8085748963058,230,176.1091328450345,5,9,0.5555555555555556
587,11.995069716940634,20,9.8085748963058,142,176.06803185699047,7,8,0.875
303,6.191662903293036,8,3.92342995852232,126,175.95844167075236,12,15,0.8
506,10.33987270318903,3,1.47128623444587,224,175.92994715864214,5,9,0.5555555555555556
590,12.056373310042545,12,5.88514493778348,139,175.88047465387388,5,8,0.625
389,7.949032572214492,8,3.92342995852232,343,175.87892387499602,7,12,0.5833333333333334
609,12.444629399687983,20,9.8085748963058,117,175.77506587979016,5,8,0.625
380,7.765121792908758,12,5.88514493778348,346,175.6400338744984,8,12,0.6666666666666666
504,10.29900364112109,16,7.84685991704464,230,175.5600553920773,5,9,0.5555555555555556
682,13.936350165167823,8,3.92342995852232,50,175.48178097867282,3,7,0.42857142857142855
292,5.966883061919361,4,1.96171497926116,148,175.38463221811827,11,16,0.6875
74,1.5121552965138108,8,3.92342995852232,65,175.3719045292303,30,62,0.4838709677419355
548,11.198123006615788,12,5.88514493778348,183,175.34770196739947,7,9,0.7777777777777778
147,3.003876061993651,8,3.92342995852232,142,175.28172211448492,18,31,0.5806451612903226
488,9.972051144577563,20,9.8085748963058,243,175.23222164572266,6,9,0.6666666666666666
434,8.86858646874316,8,3.92342995852232,295,175.20945764067727,8,10,0.8
687,14.038522820337676,4,1.96171497926116,41,175.19391319823413,4,7,0.5714285714285714
95,1.9412804482271895,20,9.8085748963058,53,175.16088427083838,29,49,0.5918367346938775
336,6.86600242741406,20,9.8085748963058,63,175.13210591720784,7,14,0.5
432,8.82771740667522,12,5.88514493778348,301,175.06239017311628,6,11,0.5454545454545454
296,6.048621186055243,16,7.84685991704464,136,175.04452104282603,9,16,0.5625
248,5.067763696424663,20,9.8085748963058,240,174.92101192993098,7,18,0.3888888888888889
342,6.988609613617882,4,1.96171497926116,48,174.91314284486776,6,14,0.42857142857142855
585,11.954200654872693,20,9.8085748963058,148,174.91257270780832,7,8,0.875
216,4.41385870333761,12,5.88514493778348,82,174.85782535807252,9,22,0.4090909090909091
608,12.424194868654013,6,2.94257246889174,122,174.82931584090363,5,8,0.625
586,11.974635185906664,3,1.47128623444587,146,174.8242201531433,7,8,0.875
343,7.0090441446518525,4,1.96171497926116,43,174.77792173611695,7,14,0.5
605,12.362891275552101,16,7.84685991704464,127,174.71795381448794,6,8,0.75
337,6.88643695844803,4,1.96171497926116,57,174.64945215438448,7,14,0.5
338,6.9068714894820005,12,5.88514493778348,52,174.62163352115783,7,14,0.5
605,12.362891275552101,20,9.8085748963058,127,174.58180067086641,6,8,0.75
378,7.724252730840817,20,9.8085748963058,358,174.53602450025036,8,12,0.6666666666666666
244,4.986025572288781,12,5.88514493778348,0,174.5052382413947,10,19,0.5263157894736842
590,12.056373310042545,8,3.92342995852232,139,174.4837168718581,5,8,0.625
507,10.360307234223,8,3.92342995852232,223,174.46476807853045,5,9,0.5555555555555556
253,5.169936351594515,8,3.92342995852232,223,174.34942148200096,11,18,0.6111111111111112
244,4.986025572288781,16,7.84685991704464,0,174.2125470373136,10,19,0.5263157894736842
681,13.915915634133853,20,9.8085748963058,56,174.110901615419,4,7,0.5714285714285714
590,12.056373310042545,16,7.84685991704464,138,174.11051934272373,5,8,0.625
547,11.177688475581817,16,7.84685991704464,186,174.03017266650173,6,9,0.6666666666666666
548,11.198123006615788,16,7.84685991704464,187,173.95498337953657,5,9,0.5555555555555556
548,11.198123006615788,6,2.94257246889174,183,173.92219578630775,7,9,0.7777777777777778
547,11.177688475581817,20,9.8085748963058,186,173.91963280295354,5,9,0.5555555555555556
548,11.198123006615788,20,9.8085748963058,187,173.88617984561853,5,9,0.5555555555555556
505,10.31943817215506,3,1.47128623444587,226,173.88285264833226,5,9,0.5555555555555556
504,10.29900364112109,12,5.88514493778348,228,173.87433964437525,5,9,0.5555555555555556
547,11.177688475581817,12,5.88514493778348,186,173.8657640750451,6,9,0.6666666666666666
336,6.86600242741406,16,7.84685991704464,62,173.81262604515192,7,14,0.5
605,12.362891275552101,12,5.88514493778348,127,173.7442137832672,6,8,0.75
609,12.444629399687983,16,7.84685991704464,119,173.71588030288694,5,8,0.625
58,1.185202799970284,20,9.8085748963058,43,173.65347299241532,42,80,0.525
217,4.43429323437158,8,3.92342995852232,78,173.60371202285228,10,21,0.47619047619047616
682,13.936350165167823,6,2.94257246889174,50,173.54314160549902,3,7,0.42857142857142855
589,12.035938779008575,3,1.47128623444587,140,173.5266511408114,5,8,0.625
249,5.0881982274586335,6,2.94257246889174,232,173.52432380776835,8,18,0.4444444444444444
275,5.619496034341864,20,9.8085748963058,179,173.43643371391317,11,17,0.6470588235294118
607,12.403760337620042,4,1.96171497926116,124,173.3253266928056,6,8,0.75
147,3.003876061993651,12,5.88514493778348,142,173.31160769462096,18,31,0.5806451612903226
147,3.003876061993651,6,2.94257246889174,142,173.17990388924207,18,31,0.5806451612903226
588,12.015504247974604,20,9.8085748963058,142,173.16559366949494,5,8,0.625
585,11.954200654872693,6,2.94257246889174,147,172.99349331605032,7,8,0.875
97,1.9821495102951303,12,5.88514493778348,55,172.96113815307143,29,48,0.6041666666666666
491,10.033354737679474,16,7.84685991704464,237,172.95366094439066,6,9,0.6666666666666666
248,5.067763696424663,16,7.84685991704464,238,172.86533896439028,8,18,0.4444444444444444
394,8.051205227384344,12,5.88514493778348,333,172.71420483257012,7,11,0.6363636363636364
296,6.048621186055243,12,5.88514493778348,137,172.59146471876755,10,16,0.625
589,12.035938779008575,20,9.8085748963058,140,172.3644845190154,5,8,0.625
62,1.2669409241061658,20,9.8085748963058,53,172.20350127297152,37,74,0.5
216,4.41385870333761,8,3.92342995852232,82,172.1890016823352,9,22,0.4090909090909091
389,7.949032572214492,6,2.94257246889174,343,172.1770798840112,7,12,0.5833333333333334
491,10.033354737679474,12,5.88514493778348,238,172.14675363872902,6,9,0.6666666666666666
434,8.86858646874316,6,2.94257246889174,295,171.99791824610918,8,10,0.8
381,7.785556323942728,20,9.8085748963058,343,171.90606882578214,7,12,0.5833333333333334
101,2.063887634431012,16,7.84685991704464,25,171.9017782139104,28,46,0.6086956521739131
131,2.6769235654501244,20,9.8085748963058,73,171.88785110297636,18,35,0.5142857142857142
590,12.056373310042545,6,2.94257246889174,139,171.81383473297234,5,8,0.625
341,6.968175082583912,20,9.8085748963058,54,171.7942253142073,6,14,0.42857142857142855
584,11.933766123838723,16,7.84685991704464,149,171.7240602580151,7,8,0.875
432,8.82771740667522,8,3.92342995852232,299,171.7177171926119,7,11,0.6363636363636364
245,5.006460103322752,20,9.8085748963058,239,171.661347867759,9,18,0.5
342,6.988609613617882,3,1.47128623444587,48,171.5360921212151,6,14,0.42857142857142855
612,12.505932992789894,8,3.92342995852232,118,171.53524641194088,5,8,0.625
131,2.6769235654501244,16,7.84685991704464,73,171.53449950736186,18,35,0.5142857142857142
687,14.038522820337676,3,1.47128623444587,40,171.51003681806063,4,7,0.5714285714285714
457,9.33858068252448,12,5.88514493778348,273,171.50553443447828,7,10,0.7
549,11.218557537649758,16,7.84685991704464,183,171.4647773107495,6,9,0.6666666666666666
584,11.933766123838723,12,5.88514493778348,149,171.45335755745103,7,8,0.875
504,10.29900364112109,8,3.92342995852232,228,171.34657935442854,5,9,0.5555555555555556
547,11.177688475581817,8,3.92342995852232,186,171.1077740234127,6,9,0.6666666666666666
276,5.639930565375835,20,9.8085748963058,174,171.0298587160287,10,17,0.5882352941176471
688,14.058957351371646,12,5.88514493778348,36,170.97833891535493,4,7,0.5714285714285714
343,7.0090441446518525,3,1.47128623444587,42,170.9765480143857,7,14,0.5
609,12.444629399687983,12,5.88514493778348,120,170.969733559085,5,8,0.625
549,11.218557537649758,12,5.88514493778348,183,170.9527175796886,6,9,0.6666666666666666
457,9.33858068252448,8,3.92342995852232,273,170.87881902940046,7,10,0.7
302,6.1712283722590655,16,7.84685991704464,131,170.86965099907775,12,15,0.8
488,9.972051144577563,4,1.96171497926116,244,170.78997337370222,6,9,0.6666666666666666
507,10.360307234223,6,2.94257246889174,223,170.78598047688092,5,9,0.5555555555555556
234,4.781680261949077,20,9.8085748963058,25,170.74041380896915,13,20,0.65
549,11.218557537649758,20,9.8085748963058,183,170.67379848064516,6,9,0.6666666666666666
305,6.232531965360977,8,3.92342995852232,117,170.63029921071342,11,15,0.7333333333333333
682,13.936350165167823,4,1.96171497926116,50,170.53912898554424,3,7,0.42857142857142855
304,6.212097434327006,4,1.96171497926116,123,170.53867040536247,11,15,0.7333333333333333
378,7.724252730840817,16,7.84685991704464,357,170.53560044461787,8,12,0.6666666666666666
606,12.383325806586072,4,1.96171497926116,125,170.5253426490537,6,8,0.75
211,4.311686048167758,8,3.92342995852232,96,170.4755416789046,10,22,0.45454545454545453
584,11.933766123838723,20,9.8085748963058,150,170.46795928283433,7,8,0.875
590,12.056373310042545,20,9.8085748963058,138,170.4574963203435,5,8,0.625
433,8.84815193770919,4,1.96171497926116,297,170.3681563020255,7,11,0.6363636363636364
244,4.986025572288781,20,9.8085748963058,243,170.36614469309288,10,18,0.5555555555555556
336,6.86600242741406,12,5.88514493778348,61,170.3588189627893,7,14,0.5
250,5.108632758492604,20,9.8085748963058,227,170.34959657871292,8,18,0.4444444444444444
117,2.3908401309745386,20,9.8085748963058,26,170.33882605624342,24,40,0.6
612,12.505932992789894,12,5.88514493778348,118,170.29482935767265,5,8,0.625
74,1.5121552965138108,6,2.94257246889174,65,170.274273601409,30,62,0.4838709677419355
337,6.88643695844803,3,1.47128623444587,57,170.2713888709452,7,14,0.5
379,7.7446872618747875,4,1.96171497926116,352,170.2598067353212,8,12,0.6666666666666666
292,5.966883061919361,3,1.47128623444587,148,170.13866458369247,11,16,0.6875
338,6.9068714894820005,8,3.92342995852232,54,170.12839293800528,9,14,0.6428571428571429
689,14.079391882405616,20,9.8085748963058,34,170.04640954959737,4,7,0.5714285714285714
681,13.915915634133853,16,7.84685991704464,56,170.034721342111,4,7,0.5714285714285714
605,12.362891275552101,8,3.92342995852232,127,170.01846127079054,6,8,0.75
608,12.424194868654013,4,1.96171497926116,121,169.9277397594731,5,8,0.625
274,5.599061503307894,20,9.8085748963058,187,169.9247100098551,10,17,0.5882352941176471
611,12.485498461755924,8,3.92342995852232,120,169.90127223660673,5,8,0.625
456,9.31814615149051,20,9.8085748963058,274,169.9005735990534,6,10,0.6
303,6.191662903293036,6,2.94257246889174,125,169.8883160401948,12,15,0.8
508,10.380741765256971,20,9.8085748963058,217,169.83057303617497,5,9,0.5555555555555556
341,6.968175082583912,16,7.84685991704464,54,169.82225339864715,7,14,0.5
612,12.505932992789894,6,2.94257246889174,118,169.77373916109107,5,8,0.625
217,4.43429323437158,6,2.94257246889174,79,169.71724811867787,10,21,0.47619047619047616
169,3.4534357447410002,20,9.8085748963058,49,169.67583718739778,13,28,0.4642857142857143
456,9.31814615149051,12,5.88514493778348,276,169.63397702463342,7,10,0.7
611,12.485498461755924,12,5.88514493778348,120,169.60212551014368,5,8,0.625
610,12.465063930721954,20,9.8085748963058,118,169.597250356332,5,8,0.625
245,5.006460103322752,4,1.96171497926116,239,169.5763970806406,10,18,0.5555555555555556
457,9.33858068252448,16,7.84685991704464,272,169.43191338906217,7,10,0.7
233,4.761245730915107,20,9.8085748963058,35,169.32748629931243,13,20,0.65
291,5.946448530885391,20,9.8085748963058,155,169.12604866623872,15,16,0.9375
244,4.986025572288781,8,3.92342995852232,0,169.06213264667093,10,19,0.5263157894736842
504,10.29900364112109,6,2.94257246889174,227,169.05616498880215,5,9,0.5555555555555556
124,2.5338818482123315,20,9.8085748963058,116,169.05134551292699,15,37,0.40540540540540543
296,6.048621186055243,8,3.92342995852232,138,169.03748280333397,10,16,0.625
591,12.076807841076516,16,7.84685991704464,137,169.02233317214024,5,8,0.625
491,10.033354737679474,8,3.92342995852232,238,169.02153021419034,6,9,0.6666666666666666
248,5.067763696424663,12,5.88514493778348,238,169.01284474321997,8,18,0.4444444444444444
197,4.025602613692172,12,5.88514493778348,136,168.93901868784945,15,23,0.6521739130434783
194,3.9642990205902606,20,9.8085748963058,153,168.92003032896602,13,24,0.5416666666666666
253,5.169936351594515,6,2.94257246889174,223,168.89969294225975,11,18,0.6111111111111112
607,12.403760337620042,3,1.47128623444587,123,168.8425170553379,6,8,0.75
548,11.198123006615788,4,1.96171497926116,183,168.8073173095049,7,9,0.7777777777777778
733,14.978511247900315,12,5.88514493778348,731,168.75356230791309,5,6,0.8333333333333334
432,8.82771740667522,6,2.94257246889174,299,168.72093847744102,7,11,0.6363636363636364
591,12.076807841076516,12,5.88514493778348,137,168.68171526985483,5,8,0.625
131,2.6769235654501244,12,5.88514493778348,73,168.65219710234993,18,35,0.5142857142857142
147,3.003876061993651,16,7.84685991704464,143,168.55164010634502,17,31,0.5483870967741935
388,7.928598041180521,20,9.8085748963058,347,168.52035628315872,7,12,0.5833333333333334
457,9.33858068252448,6,2.94257246889174,273,168.3168830981533,7,10,0.7
550,11.238992068683729,20,9.8085748963058,179,168.31137642039326,6,9,0.6666666666666666
611,12.485498461755924,6,2.94257246889174,120,168.28789707817847,5,8,0.625
252,5.149501820560545,20,9.8085748963058,231,168.2653951278003,9,18,0.5
491,10.033354737679474,20,9.8085748963058,239,168.24474840704465,5,9,0.5555555555555556
610,12.465063930721954,16,7.84685991704464,120,168.24143639382513,5,8,0.625
95,1.9412804482271895,16,7.84685991704464,53,168.21885752148654,29,49,0.5918367346938775
584,11.933766123838723,8,3.92342995852232,148,168.1601668261875,7,8,0.875
276,5.639930565375835,16,7.84685991704464,178,168.12699263381376,10,17,0.5882352941176471
435,8.88902099977713,20,9.8085748963058,290,168.1193759669546,7,10,0.7
216,4.41385870333761,6,2.94257246889174,83,168.07144116817378,8,22,0.36363636363636365
457,9.33858068252448,20,9.8085748963058,268,168.05837719358448,6,10,0.6
147,3.003876061993651,4,1.96171497926116,142,168.01616215187704,18,31,0.5806451612903226
682,13.936350165167823,3,1.47128623444587,50,168.01615518585544,3,7,0.42857142857142855
62,1.2669409241061658,16,7.84685991704464,50,167.9846163780907,40,74,0.5405405405405406
547,11.177688475581817,6,2.94257246889174,186,167.93738602708396,6,9,0.6666666666666666
734,14.998945778934285,8,3.92342995852232,731,167.9328745984126,4,6,0.6666666666666666
611,12.485498461755924,16,7.84685991704464,119,167.8940606575963,5,8,0.625
456,9.31814615149051,16,7.84685991704464,276,167.86599320692994,7,10,0.7
249,5.0881982274586335,4,1.96171497926116,232,167.8440232614416,8,18,0.4444444444444444
610,12.465063930721954,12,5.88514493778348,121,167.78353611063937,5,8,0.625
112,2.2886674758046865,20,9.8085748963058,63,167.7779494682262,24,41,0.5853658536585366
233,4.761245730915107,16,7.84685991704464,35,167.74211044800518,13,20,0.65
609,12.444629399687983,8,3.92342995852232,121,167.71793072186267,5,8,0.625
487,9.951616613543592,16,7.84685991704464,246,167.71005011704136,6,10,0.6
733,14.978511247900315,8,3.92342995852232,732,167.6773624030642,5,6,0.8333333333333334
130,2.656489034416154,20,9.8085748963058,88,167.65767063955104,18,35,0.5142857142857142
549,11.218557537649758,8,3.92342995852232,183,167.62877878041425,6,9,0.6666666666666666
681,13.915915634133853,12,5.88514493778348,51,167.578730636602,3,7,0.42857142857142855
487,9.951616613543592,12,5.88514493778348,245,167.54855573416523,6,10,0.6
433,8.84815193770919,3,1.47128623444587,297,167.51606511962353,7,11,0.6363636363636364
590,12.056373310042545,4,1.96171497926116,140,167.49395157032347,5,8,0.625
169,3.4534357447410002,16,7.84685991704464,50,167.37090961054633,13,28,0.4642857142857143
56,1.1443337379023433,20,9.8085748963058,4,167.3427114677714,46,83,0.5542168674698795
190,3.882560896454379,20,9.8085748963058,157,167.3324140882231,15,24,0.625
612,12.505932992789894,16,7.84685991704464,118,167.28215609916325,5,8,0.625
604,12.342456744518131,20,9.8085748963058,132,167.27658041699004,6,8,0.75
591,12.076807841076516,20,9.8085748963058,136,167.23247852985,5,8,0.625
456,9.31814615149051,8,3.92342995852232,276,167.21195522472877,7,10,0.7
606,12.383325806586072,3,1.47128623444587,125,167.10461503602113,6,8,0.75
585,11.954200654872693,4,1.96171497926116,147,167.00560288872325,7,8,0.875
395,8.071639758418314,20,9.8085748963058,328,166.96815695089757,6,11,0.5454545454545454
734,14.998945778934285,12,5.88514493778348,730,166.9081215806009,4,6,0.6666666666666666
380,7.765121792908758,8,3.92342995852232,346,166.83661422266294,8,12,0.6666666666666666
252,5.149501820560545,16,7.84685991704464,230,166.79708248932175,9,18,0.5
275,5.619496034341864,16,7.84685991704464,179,166.78709540205182,12,17,0.7058823529411765
613,12.526367523823865,12,5.88514493778348,116,166.78294570412214,5,8,0.625
228,4.659073075745255,20,9.8085748963058,46,166.77617826588443,10,21,0.47619047619047616
276,5.639930565375835,12,5.88514493778348,178,166.76099031924207,10,17,0.5882352941176471
336,6.86600242741406,8,3.92342995852232,59,166.72505868273575,7,14,0.5
344,7.029478675685823,20,9.8085748963058,38,166.65405791938076,8,14,0.5714285714285714
508,10.380741765256971,16,7.84685991704464,219,166.62347969454967,5,9,0.5555555555555556
608,12.424194868654013,3,1.47128623444587,121,166.60862895757225,5,8,0.625
546,11.157253944547847,20,9.8085748963058,188,166.54991785303562,5,9,0.5555555555555556
388,7.928598041180521,16,7.84685991704464,346,166.5395608159951,8,12,0.6666666666666666
306,6.252966496394947,16,7.84685991704464,113,166.52209530911503,11,15,0.7333333333333333
487,9.951616613543592,20,9.8085748963058,245,166.5057056606285,6,10,0.6
681,13.915915634133853,8,3.92342995852232,51,166.4993252121535,3,7,0.42857142857142855
250,5.108632758492604,16,7.84685991704464,226,166.38271310716135,9,18,0.5
611,12.485498461755924,20,9.8085748963058,117,166.3209696052183,5,8,0.625
488,9.972051144577563,3,1.47128623444587,243,166.2646592824449,6,9,0.6666666666666666
394,8.051205227384344,8,3.92342995852232,334,166.20815737911494,7,11,0.6363636363636364
291,5.946448530885391,16,7.84685991704464,153,166.20311202758467,15,16,0.9375
202,4.127775268862024,20,9.8085748963058,123,166.19700975534403,14,23,0.6086956521739131
379,7.7446872618747875,3,1.47128623444587,352,166.0788341986569,8,12,0.6666666666666666
605,12.362891275552101,6,2.94257246889174,127,166.0394038556485,6,8,0.75
434,8.86858646874316,4,1.96171497926116,296,166.026263839991,8,10,0.8
338,6.9068714894820005,6,2.94257246889174,54,166.0090695027375,9,14,0.6428571428571429
613,12.526367523823865,8,3.92342995852232,117,165.99374057614705,5,8,0.625
389,7.949032572214492,4,1.96171497926116,343,165.9826351021983,7,12,0.5833333333333334
591,12.076807841076516,8,3.92342995852232,138,165.96415464734326,5,8,0.625
688,14.058957351371646,8,3.92342995852232,42,165.9446637843992,5,7,0.7142857142857143
108,2.206929351668805,20,9.8085748963058,83,165.8461902936187,21,43,0.4883720930232558
234,4.781680261949077,16,7.84685991704464,27,165.79286992897823,13,20,0.65
296,6.048621186055243,6,2.94257246889174,138,165.7421524119829,10,16,0.625
455,9.297711620456539,20,9.8085748963058,279,165.69687632033094,7,10,0.7
734,14.998945778934285,6,2.94257246889174,731,165.6767159686286,4,6,0.6666666666666666
621,12.689843772095628,12,5.88514493778348,109,165.575098196677,5,8,0.625
733,14.978511247900315,16,7.84685991704464,731,165.56384906608073,5,6,0.8333333333333334
487,9.951616613543592,8,3.92342995852232,245,165.54258079747663,6,10,0.6
491,10.033354737679474,6,2.94257246889174,239,165.52068729085386,6,9,0.6666666666666666
604,12.342456744518131,16,7.84685991704464,129,165.50923460267234,6,8,0.75
425,8.684675689437427,8,3.92342995852232,305,165.45360382603488,3,11,0.2727272727272727
274,5.599061503307894,16,7.84685991704464,187,165.4500686031023,10,17,0.5882352941176471
515,10.523783482494764,12,5.88514493778348,215,165.44856971601936,4,9,0.4444444444444444
612,12.505932992789894,4,1.96171497926116,118,165.4286657852489,5,8,0.625
277,5.660365096409805,20,9.8085748963058,170,165.41580504786185,9,17,0.5294117647058824
613,12.526367523823865,16,7.84685991704464,116,165.39535293129367,5,8,0.625
515,10.523783482494764,8,3.92342995852232,215,165.26524451792704,4,9,0.4444444444444444
58,1.185202799970284,16,7.84685991704464,43,165.212612569811,43,80,0.5375
302,6.1712283722590655,12,5.88514493778348,129,165.19092119820004,12,15,0.8
211,4.311686048167758,6,2.94257246889174,96,165.18116892362062,10,22,0.45454545454545453
609,12.444629399687983,6,2.94257246889174,121,165.15732039890614,5,8,0.625
610,12.465063930721954,8,3.92342995852232,121,165.1572850642195,5,8,0.625
507,10.360307234223,4,1.96171497926116,223,165.13627583092926,5,9,0.5555555555555556
305,6.232531965360977,6,2.94257246889174,118,165.10758879723974,11,15,0.7333333333333333
152,3.106048717163503,20,9.8085748963058,119,165.0783068464778,22,30,0.7333333333333333
550,11.238992068683729,16,7.84685991704464,179,165.07723145338116,7,9,0.7777777777777778
732,14.958076716866344,12,5.88514493778348,0,165.0405599257479,5,7,0.7142857142857143
183,3.739519179216586,20,9.8085748963058,179,165.04030738351156,16,25,0.64
341,6.968175082583912,12,5.88514493778348,54,165.01799892101687,7,14,0.5
431,8.80728287564125,12,5.88514493778348,301,164.9893077601124,7,11,0.6363636363636364
228,4.659073075745255,12,5.88514493778348,48,164.96319402280537,12,21,0.5714285714285714
425,8.684675689437427,12,5.88514493778348,305,164.94205272357146,3,11,0.2727272727272727
681,13.915915634133853,6,2.94257246889174,50,164.93032920840878,3,7,0.42857142857142855
304,6.212097434327006,3,1.47128623444587,123,164.9070369083407,11,15,0.7333333333333333
431,8.80728287564125,20,9.8085748963058,305,164.8386441082294,6,11,0.5454545454545454
733,14.978511247900315,6,2.94257246889174,732,164.8105811305965,5,6,0.8333333333333334
584,11.933766123838723,6,2.94257246889174,148,164.7077599392563,7,8,0.875
621,12.689843772095628,8,3.92342995852232,109,164.68215565142455,5,8,0.625
228,4.659073075745255,16,7.84685991704464,48,164.6090062200521,12,21,0.5714285714285714
431,8.80728287564125,16,7.84685991704464,302,164.6031851270657,7,11,0.6363636363636364
124,2.5338818482123315,16,7.84685991704464,114,164.59895413416956,17,37,0.4594594594594595
611,12.485498461755924,4,1.96171497926116,121,164.5631716259303,5,8,0.625
117,2.3908401309745386,16,7.84685991704464,28,164.54030461809327,24,40,0.6
245,5.006460103322752,3,1.47128623444587,239,164.5192515337635,10,18,0.5555555555555556
130,2.656489034416154,16,7.84685991704464,88,164.50094155946087,18,35,0.5142857142857142
147,3.003876061993651,20,9.8085748963058,93,164.48000556754343,18,31,0.5806451612903226
504,10.29900364112109,4,1.96171497926116,227,164.39112324732403,5,9,0.5555555555555556
388,7.928598041180521,12,5.88514493778348,345,164.3647918194652,8,12,0.6666666666666666
514,10.503348951460794,12,5.88514493778348,217,164.3449168353255,5,9,0.5555555555555556
203,4.148209799895994,20,9.8085748963058,115,164.29799487644968,13,23,0.5652173913043478
549,11.218557537649758,6,2.94257246889174,183,164.29482201582246,6,9,0.6666666666666666
548,11.198123006615788,3,1.47128623444587,183,164.2782579173796,7,9,0.7777777777777778
612,12.505932992789894,20,9.8085748963058,117,164.24198918060563,5,8,0.625
620,12.669409241061658,8,3.92342995852232,111,164.23427346412237,6,8,0.75
378,7.724252730840817,12,5.88514493778348,356,164.23102648902017,8,12,0.6666666666666666
456,9.31814615149051,6,2.94257246889174,276,164.2223866850917,7,10,0.7
590,12.056373310042545,3,1.47128623444587,139,164.16704875819397,5,8,0.625
604,12.342456744518131,12,5.88514493778348,129,164.09921847475215,6,8,0.75
546,11.157253944547847,16,7.84685991704464,188,164.04001452844025,6,9,0.6666666666666666
503,10.278569110087119,20,9.8085748963058,233,163.99881894925372,5,9,0.5555555555555556
62,1.2669409241061658,12,5.88514493778348,49,163.95537117419005,41,74,0.5540540540540541
194,3.9642990205902606,16,7.84685991704464,154,163.95045017988227,15,24,0.625
673,13.75243938586209,8,3.92342995852232,58,163.9092180585851,3,7,0.42857142857142855
116,2.370405599940568,20,9.8085748963058,43,163.8922522056868,22,40,0.55
276,5.639930565375835,8,3.92342995852232,178,163.86113307861643,10,17,0.5882352941176471
425,8.684675689437427,6,2.94257246889174,305,163.7579460281066,3,11,0.2727272727272727
734,14.998945778934285,16,7.84685991704464,730,163.72329025085128,4,6,0.6666666666666666
137,2.799530751653947,20,9.8085748963058,50,163.72236666104507,21,34,0.6176470588235294
613,12.526367523823865,6,2.94257246889174,117,163.60409049273335,5,8,0.625
249,5.0881982274586335,3,1.47128623444587,232,163.57453728004648,8,18,0.4444444444444444
457,9.33858068252448,4,1.96171497926116,273,163.57206459081763,7,10,0.7
514,10.503348951460794,8,3.92342995852232,217,163.52906503258913,5,9,0.5555555555555556
336,6.86600242741406,6,2.94257246889174,59,163.516636016571,7,14,0.5
97,1.9821495102951303,8,3.92342995852232,54,163.4665004055789,29,48,0.6041666666666666
458,9.35901521355845,20,9.8085748963058,268,163.4502385172542,7,10,0.7
547,11.177688475581817,4,1.96171497926116,186,163.41260232516842,6,9,0.6666666666666666
244,4.986025572288781,6,2.94257246889174,0,163.40448895058012,10,19,0.5263157894736842
101,2.063887634431012,12,5.88514493778348,25,163.3455490079799,29,46,0.6304347826086957
233,4.761245730915107,12,5.88514493778348,34,163.31578542812855,13,20,0.65
621,12.689843772095628,16,7.84685991704464,109,163.29400033489483,5,8,0.625
508,10.380741765256971,12,5.88514493778348,220,163.29179628210332,5,9,0.5555555555555556
515,10.523783482494764,6,2.94257246889174,215,163.2416371193727,4,9,0.4444444444444444
732,14.958076716866344,16,7.84685991704464,0,163.23346698945545,5,7,0.7142857142857143
359,7.335996641195379,12,5.88514493778348,13,163.1921341387515,8,13,0.6153846153846154
515,10.523783482494764,16,7.84685991704464,215,163.14685652942637,4,9,0.4444444444444444
381,7.785556323942728,16,7.84685991704464,345,163.12180332464962,9,12,0.75
102,2.0843221654649824,20,9.8085748963058,10,163.11046029030032,28,46,0.6086956521739131
591,12.076807841076516,6,2.94257246889174,138,163.06890645454146,5,8,0.625
592,12.097242372110486,20,9.8085748963058,134,163.01464308699383,5,8,0.625
487,9.951616613543592,6,2.94257246889174,244,162.97911401812556,6,10,0.6
179,3.6577810550807044,20,9.8085748963058,11,162.9075312362797,14,26,0.5384615384615384
583,11.913331592804752,16,7.84685991704464,151,162.88270125406555,8,8,1.0
673,13.75243938586209,12,5.88514493778348,58,162.87633425316508,3,7,0.42857142857142855
252,5.149501820560545,12,5.88514493778348,230,162.8270757332923,9,18,0.5
688,14.058957351371646,6,2.94257246889174,42,162.79841686464235,5,7,0.7142857142857143
217,4.43429323437158,4,1.96171497926116,78,162.7937572461053,10,21,0.47619047619047616
229,4.679507606779225,20,9.8085748963058,39,162.79091930908044,11,21,0.5238095238095238
666,13.609397668624297,8,3.92342995852232,64,162.78904159280034,3,7,0.42857142857142855
431,8.80728287564125,8,3.92342995852232,301,162.7819348585165,7,11,0.6363636363636364
592,12.097242372110486,16,7.84685991704464,135,162.76570747736503,5,8,0.625
202,4.127775268862024,16,7.84685991704464,123,162.7602093201151,14,23,0.6086956521739131
497,10.155961923883297,12,5.88514493778348,235,162.75994982481797,3,9,0.3333333333333333
689,14.079391882405616,16,7.84685991704464,36,162.75347325040988,4,7,0.5714285714285714
458,9.35901521355845,16,7.84685991704464,269,162.7508460009316,7,10,0.7
126,2.5747509102802724,20,9.8085748963058,107,162.75059404024233,18,36,0.5
555,11.34116472385358,8,3.92342995852232,176,162.68496209456163,4,9,0.4444444444444444
674,13.77287391689606,12,5.88514493778348,57,162.65562340865304,4,7,0.5714285714285714
613,12.526367523823865,20,9.8085748963058,116,162.62447491196133,5,8,0.625
432,8.82771740667522,4,1.96171497926116,299,162.59017402142902,7,11,0.6363636363636364
583,11.913331592804752,20,9.8085748963058,152,162.55031028575516,8,8,1.0
665,13.588963137590326,8,3.92342995852232,66,162.54457319825482,3,7,0.42857142857142855
620,12.669409241061658,12,5.88514493778348,111,162.5403493543197,6,8,0.75
210,4.291251517133787,20,9.8085748963058,105,162.53228491812217,10,22,0.45454545454545453
674,13.77287391689606,8,3.92342995852232,57,162.50685995324616,4,7,0.5714285714285714
620,12.669409241061658,6,2.94257246889174,111,162.50055597699173,6,8,0.75
380,7.765121792908758,6,2.94257246889174,350,162.47929780264636,8,12,0.6666666666666666
675,13.79330844793003,8,3.92342995852232,56,162.45243447843666,4,7,0.5714285714285714
585,11.954200654872693,3,1.47128623444587,147,162.41828594881585,7,8,0.875
435,8.88902099977713,16,7.84685991704464,291,162.3973589848867,8,10,0.8
673,13.75243938586209,6,2.94257246889174,58,162.36490483265118,3,7,0.42857142857142855
562,11.484206441091374,8,3.92342995852232,169,162.30026435894817,3,8,0.375
672,13.73200485482812,8,3.92342995852232,59,162.29956296880292,3,7,0.42857142857142855
514,10.503348951460794,16,7.84685991704464,216,162.2611409339202,5,9,0.5555555555555556
254,5.190370882628486,20,9.8085748963058,216,162.2104243695628,10,18,0.5555555555555556
147,3.003876061993651,3,1.47128623444587,142,162.18001117800802,18,31,0.5806451612903226
344,7.029478675685823,16,7.84685991704464,38,162.14799432740065,8,14,0.5714285714285714
497,10.155961923883297,8,3.92342995852232,235,162.1438023277316,3,9,0.3333333333333333
680,13.895481103099883,20,9.8085748963058,58,162.14158661251284,4,7,0.5714285714285714
550,11.238992068683729,12,5.88514493778348,179,162.07556646420304,7,9,0.7777777777777778
583,11.913331592804752,12,5.88514493778348,150,162.0596876147704,8,8,1.0
612,12.505932992789894,3,1.47128623444587,118,162.04733903361992,5,8,0.625
503,10.278569110087119,16,7.84685991704464,230,162.04179097473812,5,9,0.5555555555555556
563,11.504640972125344,8,3.92342995852232,168,162.03033841945273,4,8,0.5
681,13.915915634133853,4,1.96171497926116,50,161.97652248942072,3,7,0.42857142857142855
303,6.191662903293036,4,1.96171497926116,126,161.97269633103306,12,15,0.8
675,13.79330844793003,12,5.88514493778348,55,161.96937710571723,4,7,0.5714285714285714
425,8.684675689437427,16,7.84685991704464,304,161.9654292550754,3,11,0.2727272727272727
513,10.482914420426823,12,5.88514493778348,219,161.94886761883367,5,9,0.5555555555555556
611,12.485498461755924,3,1.47128623444587,120,161.94728207752266,5,8,0.625
253,5.169936351594515,4,1.96171497926116,223,161.92919806875867,11,18,0.6111111111111112
228,4.659073075745255,8,3.92342995852232,50,161.9269059402789,13,21,0.6190476190476191
248,5.067763696424663,8,3.92342995852232,238,161.92196227572077,8,18,0.4444444444444444
610,12.465063930721954,6,2.94257246889174,121,161.90736584171768,5,8,0.625
666,13.609397668624297,6,2.94257246889174,64,161.848854274521,3,7,0.42857142857142855
561,11.463771910057403,8,3.92342995852232,170,161.84196356064962,3,8,0.375
65,1.328244517208077,20,9.8085748963058,23,161.82525049055036,40,71,0.5633802816901409
394,8.051205227384344,6,2.94257246889174,335,161.82330878727032,7,11,0.6363636363636364
621,12.689843772095628,6,2.94257246889174,109,161.78263696846946,5,8,0.625
169,3.4534357447410002,12,5.88514493778348,51,161.77570766899507,13,28,0.4642857142857143
665,13.588963137590326,6,2.94257246889174,66,161.7591353390401,3,7,0.42857142857142855
74,1.5121552965138108,4,1.96171497926116,65,161.75881441341556,30,62,0.4838709677419355
503,10.278569110087119,12,5.88514493778348,229,161.75601833089635,5,9,0.5555555555555556
732,14.958076716866344,8,3.92342995852232,0,161.7431476212536,5,7,0.7142857142857143
672,13.73200485482812,12,5.88514493778348,59,161.72971124580036,3,7,0.42857142857142855
555,11.34116472385358,12,5.88514493778348,176,161.6811083405346,4,9,0.4444444444444444
507,10.360307234223,3,1.47128623444587,223,161.65507716968494,5,9,0.5555555555555556
56,1.1443337379023433,16,7.84685991704464,2,161.6435482268918,45,83,0.5421686746987951
496,10.135527392849326,12,5.88514493778348,238,161.64231800040542,3,9,0.3333333333333333
121,2.4725782551104203,20,9.8085748963058,9,161.63132159878805,22,39,0.5641025641025641
216,4.41385870333761,4,1.96171497926116,83,161.56304970072364,8,22,0.36363636363636365
183,3.739519179216586,16,7.84685991704464,178,161.5433700689358,16,25,0.64
359,7.335996641195379,8,3.92342995852232,13,161.52215529240746,8,13,0.6153846153846154
481,9.82900942733977,20,9.8085748963058,246,161.4663994664161,6,10,0.6
229,4.679507606779225,16,7.84685991704464,40,161.46445641834725,11,21,0.5238095238095238
194,3.9642990205902606,12,5.88514493778348,151,161.44863354060752,14,24,0.5833333333333334
680,13.895481103099883,8,3.92342995852232,51,161.44763179834217,3,7,0.42857142857142855
291,5.946448530885391,12,5.88514493778348,152,161.4382239050206,15,16,0.9375
434,8.86858646874316,3,1.47128623444587,295,161.41092501395428,8,10,0.8
546,11.157253944547847,12,5.88514493778348,186,161.37008911838518,5,9,0.5555555555555556
496,10.135527392849326,16,7.84685991704464,238,161.36497323712075,3,9,0.3333333333333333
560,11.443337379023433,8,3.92342995852232,171,161.3532631380148,3,8,0.375
234,4.781680261949077,12,5.88514493778348,28,161.34515660455432,12,20,0.6
680,13.895481103099883,12,5.88514493778348,52,161.2974091957421,3,7,0.42857142857142855
131,2.6769235654501244,8,3.92342995852232,73,161.2929177890919,18,35,0.5142857142857142
689,14.079391882405616,12,5.88514493778348,40,161.24324325846072,5,7,0.7142857142857143
389,7.949032572214492,3,1.47128623444587,343,161.17601651475886,7,12,0.5833333333333334
360,7.35643117222935,16,7.84685991704464,9,161.1297183314283,9,13,0.6923076923076923
514,10.503348951460794,6,2.94257246889174,217,161.12342603768002,5,9,0.5555555555555556
592,12.097242372110486,12,5.88514493778348,136,161.10485911077578,5,8,0.625
416,8.500764910131693,8,3.92342995852232,314,161.10261643583988,4,11,0.36363636363636365
273,5.5786269722739235,20,9.8085748963058,188,161.09889717956824,9,17,0.5294117647058824
481,9.82900942733977,16,7.84685991704464,246,161.08848248602268,6,10,0.6
564,11.525075503159314,8,3.92342995852232,167,161.08722438376836,5,8,0.625
637,13.016796268639155,12,5.88514493778348,94,161.05219354669063,5,8,0.625
609,12.444629399687983,4,1.96171497926116,122,160.9986268105421,5,8,0.625
297,6.069055717089213,20,9.8085748963058,133,160.99702514442257,10,16,0.625
504,10.29900364112109,3,1.47128623444587,227,160.99619513301053,5,9,0.5555555555555556
480,9.8085748963058,16,7.84685991704464,250,160.9819115102766,6,10,0.6
734,14.998945778934285,4,1.96171497926116,731,160.9774404158446,4,6,0.6666666666666666
555,11.34116472385358,6,2.94257246889174,176,160.9740623890684,4,9,0.4444444444444444
562,11.484206441091374,6,2.94257246889174,169,160.9678707748925,3,8,0.375
563,11.504640972125344,6,2.94257246889174,167,160.93432195158957,3,8,0.375
359,7.335996641195379,16,7.84685991704464,13,160.9124368465203,8,13,0.6153846153846154
675,13.79330844793003,6,2.94257246889174,56,160.9071177205603,4,7,0.5714285714285714
709,14.488082503085025,12,5.88514493778348,21,160.90574636993088,4,7,0.5714285714285714
672,13.73200485482812,6,2.94257246889174,59,160.8985964732676,3,7,0.42857142857142855
719,14.692427813424729,16,7.84685991704464,11,160.87413816131203,6,7,0.8571428571428571
733,14.978511247900315,20,9.8085748963058,730,160.86720583842535,5,6,0.8333333333333334
486,9.931182082509622,12,5.88514493778348,245,160.7478393227582,6,10,0.6
513,10.482914420426823,8,3.92342995852232,218,160.7305838580681,5,9,0.5555555555555556
210,4.291251517133787,16,7.84685991704464,104,160.73055403875796,11,22,0.5
676,13.813742978964001,8,3.92342995852232,55,160.67935031917426,4,7,0.5714285714285714
503,10.278569110087119,8,3.92342995852232,228,160.64930391703365,4,9,0.4444444444444444
708,14.467647972051054,12,5.88514493778348,23,160.63041393919983,4,7,0.5714285714285714
551,11.259426599717699,20,9.8085748963058,175,160.5965159095236,6,9,0.6666666666666666
719,14.692427813424729,12,5.88514493778348,11,160.58925317088472,6,7,0.8571428571428571
718,14.671993282390758,12,5.88514493778348,13,160.58674096672496,6,7,0.8571428571428571
637,13.016796268639155,8,3.92342995852232,94,160.57329163968078,5,8,0.625
395,8.071639758418314,16,7.84685991704464,328,160.56711570819374,6,11,0.5454545454545454
146,2.9834415309596807,20,9.8085748963058,5,160.55157882009124,18,32,0.5625
561,11.463771910057403,6,2.94257246889174,170,160.52084099029466,3,8,0.375
197,4.025602613692172,8,3.92342995852232,137,160.51963595701505,15,23,0.6521739130434783
622,12.710278303129598,12,5.88514493778348,108,160.50991279614115,5,8,0.625
480,9.8085748963058,12,5.88514493778348,250,160.50469079676154,6,10,0.6
680,13.895481103099883,16,7.84685991704464,53,160.4865808808153,3,7,0.42857142857142855
605,12.362891275552101,4,1.96171497926116,126,160.47081156130716,6,8,0.75
137,2.799530751653947,16,7.84685991704464,50,160.4533445177905,21,34,0.6176470588235294
561,11.463771910057403,12,5.88514493778348,170,160.44504491428182,3,8,0.375
666,13.609397668624297,12,5.88514493778348,64,160.41838372810065,3,7,0.42857142857142855
416,8.500764910131693,6,2.94257246889174,314,160.4041425922233,4,11,0.36363636363636365
676,13.813742978964001,12,5.88514493778348,54,160.39296752068313,4,7,0.5714285714285714
130,2.656489034416154,12,5.88514493778348,84,160.38362591433736,20,35,0.5714285714285714
562,11.484206441091374,12,5.88514493778348,168,160.38127301385833,3,8,0.375
674,13.77287391689606,6,2.94257246889174,57,160.3554485542755,4,7,0.5714285714285714
563,11.504640972125344,12,5.88514493778348,167,160.35506436746252,3,8,0.375
614,12.546802054857835,16,7.84685991704464,114,160.33673066000378,4,8,0.5
455,9.297711620456539,16,7.84685991704464,276,160.31249493449616,7,10,0.7
497,10.155961923883297,16,7.84685991704464,235,160.30525954892533,3,9,0.3333333333333333
706,14.426778909983113,8,3.92342995852232,25,160.30220437389352,4,7,0.5714285714285714
276,5.639930565375835,6,2.94257246889174,178,160.25207606714744,10,17,0.5882352941176471
564,11.525075503159314,12,5.88514493778348,166,160.2407723901294,4,8,0.5
560,11.443337379023433,12,5.88514493778348,171,160.232239131136,3,8,0.375
372,7.601645544636995,8,3.92342995852232,358,160.22114326581504,6,12,0.5
674,13.77287391689606,16,7.84685991704464,56,160.2082774855728,4,7,0.5714285714285714
275,5.619496034341864,12,5.88514493778348,181,160.20508332506225,12,17,0.7058823529411765
665,13.588963137590326,12,5.88514493778348,66,160.1919929274792,3,7,0.42857142857142855
514,10.503348951460794,20,9.8085748963058,217,160.18783222026704,4,9,0.4444444444444444
513,10.482914420426823,16,7.84685991704464,219,160.16816853734318,5,9,0.5555555555555556
560,11.443337379023433,6,2.94257246889174,171,160.14586070437554,3,8,0.375
734,14.998945778934285,20,9.8085748963058,728,160.11346277532343,5,6,0.8333333333333334
706,14.426778909983113,12,5.88514493778348,25,160.10363480846186,4,7,0.5714285714285714
480,9.8085748963058,20,9.8085748963058,250,160.08901519564643,6,10,0.6
731,14.937642185832374,12,5.88514493778348,1,160.08559065924638,5,7,0.7142857142857143
680,13.895481103099883,6,2.94257246889174,51,160.08266321300192,3,7,0.42857142857142855
341,6.968175082583912,8,3.92342995852232,51,160.00233736255558,6,14,0.42857142857142855
388,7.928598041180521,8,3.92342995852232,344,159.99602116149836,8,12,0.6666666666666666
733,14.978511247900315,4,1.96171497926116,732,159.98890895325778,5,6,0.8333333333333334
516,10.544218013528734,12,5.88514493778348,214,159.98582716420663,4,9,0.4444444444444444
720,14.7128623444587,20,9.8085748963058,9,159.96217129727125,6,7,0.8571428571428571
338,6.9068714894820005,4,1.96171497926116,55,159.96034237627805,9,14,0.6428571428571429
491,10.033354737679474,4,1.96171497926116,239,159.95278282615794,6,9,0.6666666666666666
614,12.546802054857835,20,9.8085748963058,113,159.9095443466583,5,8,0.625
425,8.684675689437427,4,1.96171497926116,305,159.90914112746717,3,11,0.2727272727272727
497,10.155961923883297,6,2.94257246889174,235,159.90095484061757,3,9,0.3333333333333333
707,14.447213441017084,12,5.88514493778348,24,159.85937960773109,4,7,0.5714285714285714
486,9.931182082509622,16,7.84685991704464,246,159.85565728814365,6,10,0.6
673,13.75243938586209,16,7.84685991704464,58,159.85014744196624,3,7,0.42857142857142855
675,13.79330844793003,16,7.84685991704464,55,159.83558245027774,4,7,0.5714285714285714
522,10.666825199732557,8,3.92342995852232,210,159.82034228339324,5,9,0.5555555555555556
707,14.447213441017084,8,3.92342995852232,24,159.8168415921215,4,7,0.5714285714285714
621,12.689843772095628,20,9.8085748963058,109,159.81216499262197,5,8,0.625
515,10.523783482494764,20,9.8085748963058,214,159.79648536958788,4,9,0.4444444444444444
498,10.176396454917267,8,3.92342995852232,232,159.78985954841548,3,9,0.3333333333333333
614,12.546802054857835,12,5.88514493778348,115,159.73484512865554,4,8,0.5
705,14.406344378949143,8,3.92342995852232,26,159.722272259476,4,7,0.5714285714285714
112,2.2886674758046865,16,7.84685991704464,63,159.71358486682152,24,41,0.5853658536585366
360,7.35643117222935,12,5.88514493778348,9,159.7131995594023,9,13,0.6923076923076923
516,10.544218013528734,16,7.84685991704464,213,159.68652790845013,4,9,0.4444444444444444
296,6.048621186055243,4,1.96171497926116,138,159.68230858041153,10,16,0.625
604,12.342456744518131,8,3.92342995852232,129,159.67478348899814,6,8,0.75
720,14.7128623444587,16,7.84685991704464,10,159.67369172520486,7,7,1.0
95,1.9412804482271895,12,5.88514493778348,53,159.66436916871479,29,49,0.5918367346938775
622,12.710278303129598,8,3.92342995852232,108,159.6599068457686,5,8,0.625
732,14.958076716866344,20,9.8085748963058,731,159.64004913717838,5,6,0.8333333333333334
564,11.525075503159314,6,2.94257246889174,167,159.6176470202326,5,8,0.625
731,14.937642185832374,16,7.84685991704464,1,159.61495465271335,5,7,0.7142857142857143
457,9.33858068252448,3,1.47128623444587,272,159.6021745257712,7,10,0.7
622,12.710278303129598,16,7.84685991704464,107,159.58365639221606,5,8,0.625
508,10.380741765256971,8,3.92342995852232,222,159.57715831048228,6,9,0.6666666666666666
108,2.206929351668805,16,7.84685991704464,83,159.56895562486895,22,43,0.5116279069767442
549,11.218557537649758,4,1.96171497926116,183,159.56183975372093,6,9,0.6666666666666666
431,8.80728287564125,6,2.94257246889174,301,159.55732840501827,7,11,0.6363636363636364
119,2.4317091930424795,20,9.8085748963058,17,159.54960606044978,22,39,0.5641025641025641
367,7.4994728894671425,12,5.88514493778348,364,159.54494855179945,6,12,0.5
681,13.915915634133853,3,1.47128623444587,50,159.53698102759535,3,7,0.42857142857142855
498,10.176396454917267,12,5.88514493778348,232,159.52577747286622,3,9,0.3333333333333333
522,10.666825199732557,12,5.88514493778348,210,159.4989570929533,5,9,0.5555555555555556
339,6.927306020515971,20,9.8085748963058,48,159.43744611155938,9,14,0.6428571428571429
486,9.931182082509622,8,3.92342995852232,245,159.43384653867932,6,10,0.6
360,7.35643117222935,20,9.8085748963058,9,159.39507692533732,7,13,0.5384615384615384
705,14.406344378949143,12,5.88514493778348,26,159.36547525262884,4,7,0.5714285714285714
458,9.35901521355845,12,5.88514493778348,270,159.34891992966075,7,10,0.7
709,14.488082503085025,8,3.92342995852232,21,159.3254699101629,4,7,0.5714285714285714
718,14.671993282390758,16,7.84685991704464,13,159.2603732817088,6,7,0.8571428571428571
704,14.385909847915173,12,5.88514493778348,27,159.24927299307606,3,7,0.42857142857142855
677,13.834177509997971,12,5.88514493778348,54,159.17706528604808,4,7,0.5714285714285714
665,13.588963137590326,4,1.96171497926116,66,159.1481201359532,3,7,0.42857142857142855
76,1.5530243585817516,20,9.8085748963058,43,159.11859140277576,33,61,0.5409836065573771
689,14.079391882405616,8,3.92342995852232,40,159.1166948776489,5,7,0.7142857142857143
408,8.33728866185993,8,3.92342995852232,322,159.087201628257,6,11,0.5454545454545454
673,13.75243938586209,4,1.96171497926116,58,159.08366239988555,3,7,0.42857142857142855
676,13.813742978964001,6,2.94257246889174,55,159.05807695920618,4,7,0.5714285714285714
672,13.73200485482812,16,7.84685991704464,59,159.05246589013086,3,7,0.42857142857142855
456,9.31814615149051,4,1.96171497926116,277,159.03233914688306,7,10,0.7
372,7.601645544636995,12,5.88514493778348,358,159.02783000203505,6,12,0.5
297,6.069055717089213,16,7.84685991704464,203,159.0240159577355,6,15,0.4
408,8.33728866185993,12,5.88514493778348,323,159.01172838632863,5,11,0.45454545454545453
584,11.933766123838723,4,1.96171497926116,148,158.97650310050562,7,8,0.875
634,12.955492675537243,8,3.92342995852232,97,158.97122257561298,4,8,0.5
679,13.875046572065912,8,3.92342995852232,52,158.95779224305895,3,7,0.42857142857142855
709,14.488082503085025,16,7.84685991704464,21,158.92675278481312,4,7,0.5714285714285714
638,13.037230799673125,12,5.88514493778348,92,158.88424515748886,6,8,0.75
190,3.882560896454379,16,7.84685991704464,157,158.87977179509127,16,24,0.6666666666666666
500,10.217265516985208,20,9.8085748963058,230,158.85731238896278,3,9,0.3333333333333333
708,14.467647972051054,8,3.92342995852232,23,158.8534354600125,4,7,0.5714285714285714
732,14.958076716866344,6,2.94257246889174,731,158.81341138847944,5,6,0.8333333333333334
678,13.854612041031942,12,5.88514493778348,52,158.810779167692,4,7,0.5714285714285714
613,12.526367523823865,4,1.96171497926116,117,158.8007294428981,5,8,0.625
704,14.385909847915173,8,3.92342995852232,27,158.79886734724428,4,7,0.5714285714285714
515,10.523783482494764,4,1.96171497926116,215,158.7987432678849,4,9,0.4444444444444444
637,13.016796268639155,16,7.84685991704464,95,158.79863790542234,5,8,0.625
455,9.297711620456539,12,5.88514493778348,276,158.78242172882491,7,10,0.7
565,11.545510034193285,12,5.88514493778348,164,158.78085953119256,5,8,0.625
666,13.609397668624297,4,1.96171497926116,64,158.77234513865443,3,7,0.42857142857142855
547,11.177688475581817,3,1.47128623444587,186,158.76720393602628,6,9,0.6666666666666666
381,7.785556323942728,12,5.88514493778348,349,158.7295231669674,10,12,0.8333333333333334
124,2.5338818482123315,12,5.88514493778348,114,158.7128062180761,17,37,0.4594594594594595
416,8.500764910131693,12,5.88514493778348,314,158.69595366341667,4,11,0.36363636363636365
718,14.671993282390758,8,3.92342995852232,13,158.6724883827605,6,7,0.8571428571428571
719,14.692427813424729,20,9.8085748963058,11,158.66664211705904,6,7,0.8571428571428571
620,12.669409241061658,16,7.84685991704464,114,158.66380812051656,5,8,0.625
516,10.544218013528734,8,3.92342995852232,214,158.65442552221532,4,9,0.4444444444444444
496,10.135527392849326,8,3.92342995852232,238,158.63543085915137,3,9,0.3333333333333333
623,12.730712834163569,12,5.88514493778348,107,158.63368318844903,5,8,0.625
503,10.278569110087119,6,2.94257246889174,228,158.6096058611194,4,9,0.4444444444444444
486,9.931182082509622,20,9.8085748963058,246,158.57881124829376,6,10,0.6
250,5.108632758492604,12,5.88514493778348,226,158.55740900430362,9,18,0.5
636,12.996361737605184,8,3.92342995852232,95,158.55649287984022,4,8,0.5
638,13.037230799673125,16,7.84685991704464,92,158.53636333161526,6,8,0.75
676,13.813742978964001,16,7.84685991704464,54,158.50169335656616,4,7,0.5714285714285714
633,12.935058144503273,8,3.92342995852232,98,158.50031849691175,4,8,0.5
677,13.834177509997971,8,3.92342995852232,54,158.49482534551524,4,7,0.5714285714285714
117,2.3908401309745386,12,5.88514493778348,28,158.48944639942206,24,40,0.6
487,9.951616613543592,4,1.96171497926116,244,158.4872101073339,6,10,0.6
144,2.94257246889174,20,9.8085748963058,13,158.47803712151267,27,33,0.8181818181818182
546,11.157253944547847,8,3.92342995852232,186,158.4737430947053,5,9,0.5555555555555556
591,12.076807841076516,4,1.96171497926116,138,158.4649715090181,5,8,0.625
583,11.913331592804752,8,3.92342995852232,149,158.4596699166297,8,8,1.0
523,10.687259730766527,12,5.88514493778348,207,158.4435744238312,5,9,0.5555555555555556
708,14.467647972051054,16,7.84685991704464,23,158.41734379760834,4,7,0.5714285714285714
492,10.053789268713444,16,7.84685991704464,237,158.388832196631,6,9,0.6666666666666666
274,5.599061503307894,12,5.88514493778348,187,158.3617798145523,10,17,0.5882352941176471
202,4.127775268862024,12,5.88514493778348,124,158.35124620360583,14,23,0.6086956521739131
367,7.4994728894671425,8,3.92342995852232,364,158.34344831690342,6,12,0.5
432,8.82771740667522,3,1.47128623444587,299,158.32582082737153,7,11,0.6363636363636364
228,4.659073075745255,6,2.94257246889174,50,158.31965664790107,13,21,0.6190476190476191
179,3.6577810550807044,16,7.84685991704464,11,158.29249484208069,15,26,0.5769230769230769
593,12.117676903144456,20,9.8085748963058,133,158.29249458779222,5,8,0.625
480,9.8085748963058,8,3.92342995852232,250,158.28253909561167,6,10,0.6
72,1.47128623444587,20,9.8085748963058,13,158.2782797340076,29,65,0.4461538461538462
340,6.947740551549941,20,9.8085748963058,56,158.2720599594168,8,14,0.5714285714285714
99,2.023018572363071,20,9.8085748963058,29,158.26668012009873,27,47,0.574468085106383
636,12.996361737605184,12,5.88514493778348,95,158.2300799143389,4,8,0.5
565,11.545510034193285,8,3.92342995852232,164,158.22970342408544,5,8,0.625
475,9.706402241135947,20,9.8085748963058,252,158.22109731931806,7,10,0.7
211,4.311686048167758,4,1.96171497926116,97,158.1335848842633,9,22,0.4090909090909091
513,10.482914420426823,6,2.94257246889174,218,158.12735160006537,5,9,0.5555555555555556
305,6.232531965360977,4,1.96171497926116,118,158.10725153763892,11,15,0.7333333333333333
146,2.9834415309596807,16,7.84685991704464,5,158.10424462784462,19,32,0.59375
65,1.328244517208077,16,7.84685991704464,23,158.09980057498004,40,71,0.5633802816901409
555,11.34116472385358,16,7.84685991704464,176,158.09544700501195,4,9,0.4444444444444444
492,10.053789268713444,12,5.88514493778348,238,158.09544651363606,6,9,0.6666666666666666
720,14.7128623444587,12,5.88514493778348,12,158.0800010054396,6,7,0.8571428571428571
498,10.176396454917267,6,2.94257246889174,232,158.07229284847728,3,9,0.3333333333333333
622,12.710278303129598,20,9.8085748963058,106,158.051843095207,5,8,0.625
516,10.544218013528734,20,9.8085748963058,212,158.0504598254746,4,9,0.4444444444444444
359,7.335996641195379,6,2.94257246889174,13,158.0200782727722,8,13,0.6153846153846154
634,12.955492675537243,12,5.88514493778348,97,158.0050862461087,4,8,0.5
721,14.73329687549267,16,7.84685991704464,7,157.99427488818057,5,7,0.7142857142857143
679,13.875046572065912,12,5.88514493778348,52,157.94456030922998,3,7,0.42857142857142855
721,14.73329687549267,20,9.8085748963058,7,157.93773498328537,5,7,0.7142857142857143
688,14.058957351371646,4,1.96171497926116,42,157.93187181635614,5,7,0.7142857142857143
623,12.730712834163569,8,3.92342995852232,107,157.92751479754884,5,8,0.625
609,12.444629399687983,3,1.47128623444587,121,157.9197458308808,5,8,0.625
277,5.660365096409805,12,5.88514493778348,178,157.90045979129823,8,17,0.47058823529411764
679,13.875046572065912,6,2.94257246889174,52,157.89564236470184,3,7,0.42857142857142855
496,10.135527392849326,20,9.8085748963058,239,157.8770007000713,3,9,0.3333333333333333
499,10.196830985951237,20,9.8085748963058,232,157.8696298851156,3,9,0.3333333333333333
677,13.834177509997971,16,7.84685991704464,53,157.85270609456785,4,7,0.5714285714285714
635,12.975927206571214,8,3.92342995852232,96,157.84748552168034,4,8,0.5
703,14.365475316881202,8,3.92342995852232,27,157.83399238830947,3,7,0.42857142857142855
522,10.666825199732557,6,2.94257246889174,210,157.8179075118813,5,9,0.5555555555555556
366,7.479038358433172,12,5.88514493778348,0,157.81553440133476,7,13,0.5384615384615384
428,8.745979282539338,12,5.88514493778348,303,157.79413961380564,7,11,0.6363636363636364
252,5.149501820560545,8,3.92342995852232,228,157.79329038843318,10,18,0.5555555555555556
706,14.426778909983113,6,2.94257246889174,25,157.77366144013698,4,7,0.5714285714285714
372,7.601645544636995,6,2.94257246889174,358,157.7279768721082,6,12,0.5
277,5.660365096409805,16,7.84685991704464,178,157.7084580683685,8,17,0.47058823529411764
203,4.148209799895994,16,7.84685991704464,117,157.6985804143323,13,23,0.5652173913043478
582,11.892897061770782,20,9.8085748963058,153,157.69506363788503,8,8,1.0
623,12.730712834163569,16,7.84685991704464,106,157.69382489406217,5,8,0.625
481,9.82900942733977,12,5.88514493778348,246,157.6835507948096,6,10,0.6
229,4.679507606779225,12,5.88514493778348,40,157.67786162273254,11,21,0.5238095238095238
563,11.504640972125344,4,1.96171497926116,167,157.6752053917573,3,8,0.375
212,4.332120579201728,20,9.8085748963058,89,157.67128307352115,9,22,0.4090909090909091
731,14.937642185832374,8,3.92342995852232,0,157.66290602422072,5,7,0.7142857142857143
678,13.854612041031942,8,3.92342995852232,52,157.66027683037063,4,7,0.5714285714285714
637,13.016796268639155,6,2.94257246889174,94,157.6596381406351,5,8,0.625
61,1.2465063930721954,20,9.8085748963058,0,157.64954157708692,39,76,0.5131578947368421
705,14.406344378949143,6,2.94257246889174,26,157.6333239252161,4,7,0.5714285714285714
633,12.935058144503273,12,5.88514493778348,98,157.60510841667647,4,8,0.5
378,7.724252730840817,8,3.92342995852232,355,157.58970132690857,8,12,0.6666666666666666
678,13.854612041031942,16,7.84685991704464,52,157.58958560237036,4,7,0.5714285714285714
562,11.484206441091374,4,1.96171497926116,169,157.58079719767898,3,8,0.375
253,5.169936351594515,3,1.47128623444587,223,157.5709594621877,11,18,0.6111111111111112
168,3.43300121370703,20,9.8085748963058,61,157.56566797684258,13,28,0.4642857142857143
367,7.4994728894671425,16,7.84685991704464,363,157.56556027974085,6,12,0.5
217,4.43429323437158,3,1.47128623444587,78,157.56289484372616,10,21,0.47619047619047616
336,6.86600242741406,4,1.96171497926116,59,157.53103819652762,7,14,0.5
414,8.459895848063752,12,5.88514493778348,316,157.52164796809362,4,11,0.36363636363636365
368,7.519907420501113,12,5.88514493778348,362,157.5032283747182,5,12,0.4166666666666667
734,14.998945778934285,3,1.47128623444587,730,157.49590618309566,4,6,0.6666666666666666
592,12.097242372110486,8,3.92342995852232,137,157.4854137283586,5,8,0.625
523,10.687259730766527,8,3.92342995852232,207,157.4852722304899,5,9,0.5555555555555556
620,12.669409241061658,4,1.96171497926116,111,157.48033575059299,6,8,0.75
614,12.546802054857835,8,3.92342995852232,116,157.45348015503933,4,8,0.5
703,14.365475316881202,12,5.88514493778348,27,157.41990273730096,3,7,0.42857142857142855
501,10.237700048019178,20,9.8085748963058,227,157.41764826158303,3,9,0.3333333333333333
707,14.447213441017084,16,7.84685991704464,24,157.40577972319906,4,7,0.5714285714285714
674,13.77287391689606,20,9.8085748963058,56,157.40042399493777,4,7,0.5714285714285714
424,8.664241158403456,12,5.88514493778348,310,157.3880196795178,3,11,0.2727272727272727
710,14.508517034118995,12,5.88514493778348,20,157.37557402315997,5,7,0.7142857142857143
425,8.684675689437427,20,9.8085748963058,304,157.35578416054605,3,11,0.2727272727272727
435,8.88902099977713,12,5.88514493778348,292,157.34183927435353,8,10,0.8
499,10.196830985951237,16,7.84685991704464,229,157.33766595167185,3,9,0.3333333333333333
672,13.73200485482812,4,1.96171497926116,59,157.32945158347806,3,7,0.42857142857142855
635,12.975927206571214,12,5.88514493778348,96,157.29613484891948,4,8,0.5
429,8.766413813573308,12,5.88514493778348,301,157.29209905052704,7,11,0.6363636363636364
306,6.252966496394947,12,5.88514493778348,116,157.25981132911815,10,15,0.6666666666666666
210,4.291251517133787,12,5.88514493778348,103,157.25369587461046,10,22,0.45454545454545453
603,12.32202221348416,20,9.8085748963058,132,157.21686995113026,5,8,0.625
561,11.463771910057403,4,1.96171497926116,170,157.20377102916845,3,8,0.375
426,8.705110220471397,12,5.88514493778348,304,157.20098331332161,4,11,0.36363636363636365
707,14.447213441017084,6,2.94257246889174,24,157.19357259872965,4,7,0.5714285714285714
634,12.955492675537243,6,2.94257246889174,97,157.19022570166192,4,8,0.5
194,3.9642990205902606,8,3.92342995852232,149,157.1714657902834,13,24,0.5416666666666666
690,14.099826413439587,20,9.8085748963058,33,157.16697116873758,4,7,0.5714285714285714
555,11.34116472385358,4,1.96171497926116,176,157.15750888574067,4,9,0.4444444444444444
563,11.504640972125344,16,7.84685991704464,167,157.13768020697742,3,8,0.375
717,14.651558751356788,12,5.88514493778348,14,157.1354434415646,6,7,0.8571428571428571
56,1.1443337379023433,12,5.88514493778348,2,157.1311509671172,45,83,0.5421686746987951
248,5.067763696424663,6,2.94257246889174,238,157.12666951951303,8,18,0.4444444444444444
426,8.705110220471397,16,7.84685991704464,303,157.1218979874269,4,11,0.36363636363636365
675,13.79330844793003,4,1.96171497926116,56,157.11832628137114,4,7,0.5714285714285714
498,10.176396454917267,16,7.84685991704464,232,157.11501141734945,3,9,0.3333333333333333
479,9.788140365271829,20,9.8085748963058,249,157.11477042150085,6,10,0.6
706,14.426778909983113,16,7.84685991704464,25,157.10691088189185,4,7,0.5714285714285714
562,11.484206441091374,16,7.84685991704464,168,157.10477942049752,3,8,0.375
302,6.1712283722590655,8,3.92342995852232,129,157.097315229495,12,15,0.8
416,8.500764910131693,4,1.96171497926116,314,157.0783714415066,4,11,0.36363636363636365
582,11.892897061770782,16,7.84685991704464,152,157.07323140979994,8,8,1.0
622,12.710278303129598,6,2.94257246889174,108,157.06498841690512,5,8,0.625
610,12.465063930721954,4,1.96171497926116,121,157.06051026000105,5,8,0.625
216,4.41385870333761,3,1.47128623444587,83,157.05263388869164,8,22,0.36363636363636365
513,10.482914420426823,20,9.8085748963058,219,157.0099661734997,5,9,0.5555555555555556
303,6.191662903293036,3,1.47128623444587,126,157.00362225270783,12,15,0.8
621,12.689843772095628,4,1.96171497926116,109,156.96771947823362,5,8,0.625
482,9.84944395837374,20,9.8085748963058,245,156.93944609686645,8,10,0.8
675,13.79330844793003,20,9.8085748963058,55,156.9361943051731,4,7,0.5714285714285714
719,14.692427813424729,8,3.92342995852232,11,156.93170375210215,6,7,0.8571428571428571
560,11.443337379023433,4,1.96171497926116,171,156.92431797812017,3,8,0.375
560,11.443337379023433,16,7.84685991704464,170,156.9105574438941,3,8,0.375
731,14.937642185832374,20,9.8085748963058,1,156.9006225324881,5,7,0.7142857142857143
425,8.684675689437427,3,1.47128623444587,304,156.89906957636993,3,11,0.2727272727272727
561,11.463771910057403,16,7.84685991704464,169,156.88489765101883,3,8,0.375
717,14.651558751356788,16,7.84685991704464,14,156.8788990462834,6,7,0.8571428571428571
408,8.33728866185993,6,2.94257246889174,323,156.86137439315615,6,11,0.5454545454545454
718,14.671993282390758,20,9.8085748963058,13,156.85262788512867,6,7,0.8571428571428571
704,14.385909847915173,6,2.94257246889174,26,156.84890937182954,3,7,0.42857142857142855
429,8.766413813573308,16,7.84685991704464,301,156.83297381066413,7,11,0.6363636363636364
499,10.196830985951237,12,5.88514493778348,229,156.8277188726033,3,9,0.3333333333333333
564,11.525075503159314,16,7.84685991704464,166,156.80689448043987,4,8,0.5
705,14.406344378949143,16,7.84685991704464,26,156.80045048115218,3,7,0.42857142857142855
486,9.931182082509622,6,2.94257246889174,245,156.79384992266057,6,10,0.6
550,11.238992068683729,8,3.92342995852232,179,156.78903908868634,7,9,0.7777777777777778
680,13.895481103099883,4,1.96171497926116,51,156.7821396746482,3,7,0.42857142857142855
428,8.745979282539338,8,3.92342995852232,303,156.7781816783271,7,11,0.6363636363636364
665,13.588963137590326,3,1.47128623444587,66,156.76538007206443,3,7,0.42857142857142855
119,2.4317091930424795,16,7.84685991704464,17,156.7542111251981,22,39,0.5641025641025641
689,14.079391882405616,6,2.94257246889174,40,156.7313030682914,5,7,0.7142857142857143
366,7.479038358433172,16,7.84685991704464,0,156.72537388683935,7,13,0.5384615384615384
556,11.361599254887551,12,5.88514493778348,174,156.71959783665335,4,9,0.4444444444444444
633,12.935058144503273,6,2.94257246889174,98,156.7116702737938,4,8,0.5
414,8.459895848063752,8,3.92342995852232,316,156.71082193728333,4,11,0.36363636363636365
152,3.106048717163503,16,7.84685991704464,118,156.70699239074227,22,30,0.7333333333333333
721,14.73329687549267,12,5.88514493778348,8,156.69868630076706,5,7,0.7142857142857143
710,14.508517034118995,8,3.92342995852232,20,156.6857300387518,5,7,0.7142857142857143
482,9.84944395837374,16,7.84685991704464,246,156.6698603527792,8,10,0.8
605,12.362891275552101,3,1.47128623444587,126,156.66142134514433,6,8,0.75
428,8.745979282539338,20,9.8085748963058,301,156.64916301149643,5,11,0.45454545454545453
517,10.564652544562705,12,5.88514493778348,213,156.6236424302504,4,9,0.4444444444444444
183,3.739519179216586,12,5.88514493778348,0,156.62305659807038,16,26,0.6153846153846154
710,14.508517034118995,16,7.84685991704464,18,156.62122719679746,4,7,0.5714285714285714
514,10.503348951460794,4,1.96171497926116,217,156.60894077107687,5,9,0.5555555555555556
396,8.092074289452285,20,9.8085748963058,327,156.58566805552817,6,11,0.5454545454545454
359,7.335996641195379,20,9.8085748963058,11,156.5759017863895,8,13,0.6153846153846154
358,7.315562110161409,16,7.84685991704464,16,156.5690818874044,8,13,0.6153846153846154
412,8.419026785995811,12,5.88514493778348,319,156.54905180791937,5,11,0.45454545454545453
673,13.75243938586209,20,9.8085748963058,57,156.54371248404578,3,7,0.42857142857142855
97,1.9821495102951303,6,2.94257246889174,54,156.53346126173463,29,48,0.6041666666666666
676,13.813742978964001,20,9.8085748963058,54,156.52446470841554,4,7,0.5714285714285714
69,1.4099826413439587,20,9.8085748963058,40,156.52071867525865,37,67,0.5522388059701493
428,8.745979282539338,16,7.84685991704464,303,156.5192753473593,7,11,0.6363636363636364
709,14.488082503085025,6,2.94257246889174,21,156.51419566055802,4,7,0.5714285714285714
677,13.834177509997971,6,2.94257246889174,53,156.5000504629197,4,7,0.5714285714285714
638,13.037230799673125,20,9.8085748963058,92,156.4883690277595,5,8,0.625
508,10.380741765256971,6,2.94257246889174,222,156.48205218210694,6,9,0.6666666666666666
408,8.33728866185993,16,7.84685991704464,322,156.44058501650275,5,11,0.45454545454545453
509,10.401176296290942,20,9.8085748963058,215,156.39614952531372,5,9,0.5555555555555556
307,6.273401027428918,20,9.8085748963058,113,156.38553801726843,10,15,0.6666666666666666
122,2.4930127861443907,16,7.84685991704464,1,156.38343631271107,21,38,0.5526315789473685
344,7.029478675685823,12,5.88514493778348,42,156.38202567078665,9,14,0.6428571428571429
593,12.117676903144456,16,7.84685991704464,133,156.36894903800462,5,8,0.625
516,10.544218013528734,6,2.94257246889174,214,156.36237323825506,4,9,0.4444444444444444
278,5.6807996274437755,20,9.8085748963058,170,156.35275464490613,6,17,0.35294117647058826
387,7.908163510146551,20,9.8085748963058,349,156.34800377609392,8,12,0.6666666666666666
168,3.43300121370703,16,7.84685991704464,61,156.33478912633916,13,28,0.4642857142857143
341,6.968175082583912,6,2.94257246889174,51,156.31587278401042,6,14,0.42857142857142855
477,9.747271303203888,20,9.8085748963058,250,156.312021284089,6,10,0.6
730,14.917207654798403,12,5.88514493778348,2,156.30405513823317,5,7,0.7142857142857143
358,7.315562110161409,12,5.88514493778348,15,156.2920358019233,8,13,0.6153846153846154
733,14.978511247900315,3,1.47128623444587,731,156.26698295460398,5,6,0.8333333333333334
674,13.77287391689606,4,1.96171497926116,57,156.25073631799268,4,7,0.5714285714285714
380,7.765121792908758,4,1.96171497926116,350,156.2379447972784,8,12,0.6666666666666666
523,10.687259730766527,16,7.84685991704464,207,156.22533481402573,5,9,0.5555555555555556
690,14.099826413439587,16,7.84685991704464,38,156.2076132706095,5,7,0.7142857142857143
233,4.761245730915107,8,3.92342995852232,34,156.1915102224788,13,20,0.65
517,10.564652544562705,8,3.92342995852232,214,156.1911970639748,4,9,0.4444444444444444
126,2.5747509102802724,16,7.84685991704464,107,156.17807081117743,19,36,0.5277777777777778
338,6.9068714894820005,3,1.47128623444587,54,156.12658893271154,9,14,0.6428571428571429
565,11.545510034193285,16,7.84685991704464,164,156.12117812797183,5,8,0.625
704,14.385909847915173,16,7.84685991704464,27,156.1137063845872,3,7,0.42857142857142855
394,8.051205227384344,4,1.96171497926116,335,156.11110408998576,7,11,0.6363636363636364
703,14.365475316881202,6,2.94257246889174,27,156.10547710354922,3,7,0.42857142857142855
495,10.115092861815356,12,5.88514493778348,238,156.09915718446078,4,9,0.4444444444444444
116,2.370405599940568,16,7.84685991704464,43,156.09552854729583,22,40,0.55
638,13.037230799673125,8,3.92342995852232,92,156.08828644933695,6,8,0.75
730,14.917207654798403,16,7.84685991704464,2,156.08596295818688,5,7,0.7142857142857143
427,8.725544751505367,12,5.88514493778348,303,156.0723474302015,4,11,0.36363636363636365
388,7.928598041180521,6,2.94257246889174,344,156.07205149186387,8,12,0.6666666666666666
50,1.0217265516985208,20,9.8085748963058,23,156.05358714745554,53,93,0.5698924731182796
667,13.629832199658267,12,5.88514493778348,63,156.0474163087344,3,7,0.42857142857142855
636,12.996361737605184,6,2.94257246889174,95,156.0408826311181,4,8,0.5
455,9.297711620456539,8,3.92342995852232,276,156.03716085126092,7,10,0.7
673,13.75243938586209,3,1.47128623444587,58,156.03374593810832,3,7,0.42857142857142855
510,10.421610827324912,16,7.84685991704464,220,156.03254458308496,6,9,0.6666666666666666
501,10.237700048019178,8,3.92342995852232,229,156.03188902669248,3,9,0.3333333333333333
711,14.528951565152965,12,5.88514493778348,18,156.03178623267016,5,7,0.7142857142857143
690,14.099826413439587,12,5.88514493778348,38,156.02654075619208,5,7,0.7142857142857143
424,8.664241158403456,16,7.84685991704464,310,156.0241249259332,3,11,0.2727272727272727
666,13.609397668624297,16,7.84685991704464,64,156.02024884563414,3,7,0.42857142857142855
497,10.155961923883297,4,1.96171497926116,235,156.0182524985259,3,9,0.3333333333333333
677,13.834177509997971,20,9.8085748963058,53,156.01673096076388,4,7,0.5714285714285714
62,1.2669409241061658,8,3.92342995852232,49,156.01616549165445,41,74,0.5540540540540541
546,11.157253944547847,6,2.94257246889174,186,156.00397362731857,5,9,0.5555555555555556
666,13.609397668624297,3,1.47128623444587,64,156.0037823823194,3,7,0.42857142857142855
558,11.402468316955492,8,3.92342995852232,173,155.99956044958813,4,8,0.5
679,13.875046572065912,16,7.84685991704464,52,155.9834161880198,3,7,0.42857142857142855
244,4.986025572288781,4,1.96171497926116,0,155.9537995145874,10,19,0.5263157894736842
633,12.935058144503273,16,7.84685991704464,96,155.94270457456793,5,8,0.625
678,13.854612041031942,20,9.8085748963058,52,155.93529336186967,4,7,0.5714285714285714
678,13.854612041031942,6,2.94257246889174,53,155.93072639741618,3,7,0.42857142857142855
496,10.135527392849326,6,2.94257246889174,238,155.92739078075516,3,9,0.3333333333333333
368,7.519907420501113,8,3.92342995852232,362,155.9272053062439,5,12,0.4166666666666667
711,14.528951565152965,20,9.8085748963058,19,155.91468637137513,4,7,0.5714285714285714
426,8.705110220471397,8,3.92342995852232,304,155.90511550268909,4,11,0.36363636363636365
479,9.788140365271829,16,7.84685991704464,250,155.89254295129075,6,10,0.6
672,13.73200485482812,20,9.8085748963058,58,155.88548349285227,3,7,0.42857142857142855
456,9.31814615149051,3,1.47128623444587,276,155.8812168714682,7,10,0.7
623,12.730712834163569,6,2.94257246889174,108,155.876305627667,5,8,0.625
556,11.361599254887551,16,7.84685991704464,173,155.87581458724122,4,9,0.4444444444444444
635,12.975927206571214,6,2.94257246889174,96,155.84551257455283,4,8,0.5
708,14.467647972051054,6,2.94257246889174,23,155.837715101519,4,7,0.5714285714285714
368,7.519907420501113,16,7.84685991704464,361,155.8315790276878,5,12,0.4166666666666667
491,10.033354737679474,3,1.47128623444587,238,155.83006425994122,6,9,0.6666666666666666
339,6.927306020515971,16,7.84685991704464,51,155.82730335216556,9,14,0.6428571428571429
604,12.342456744518131,6,2.94257246889174,129,155.81200639408655,6,8,0.75
414,8.459895848063752,16,7.84685991704464,316,155.81188985145428,4,11,0.36363636363636365
623,12.730712834163569,20,9.8085748963058,105,155.80447974139213,5,8,0.625
492,10.053789268713444,8,3.92342995852232,238,155.79511198054925,6,9,0.6666666666666666
492,10.053789268713444,20,9.8085748963058,233,155.7919201732264,5,9,0.5555555555555556
670,13.691135792760178,8,3.92342995852232,61,155.7917863202475,4,7,0.5714285714285714
412,8.419026785995811,8,3.92342995852232,319,155.79150711960548,5,11,0.45454545454545453
619,12.648974710027687,12,5.88514493778348,114,155.78547489545275,6,8,0.75
636,12.996361737605184,16,7.84685991704464,95,155.78213790883208,4,8,0.5
273,5.5786269722739235,16,7.84685991704464,186,155.7586469042792,9,17,0.5294117647058824
131,2.6769235654501244,6,2.94257246889174,73,155.74628673368755,18,35,0.5142857142857142
501,10.237700048019178,12,5.88514493778348,229,155.73910542358263,3,9,0.3333333333333333
620,12.669409241061658,20,9.8085748963058,114,155.73477765886548,5,8,0.625
189,3.8621263654204085,20,9.8085748963058,166,155.73395085253733,18,24,0.75
669,13.670701261726208,8,3.92342995852232,62,155.7150886323644,4,7,0.5714285714285714
718,14.671993282390758,6,2.94257246889174,13,155.7111113672061,6,7,0.8571428571428571
333,6.804698834312148,20,9.8085748963058,65,155.69663593122934,7,14,0.5
510,10.421610827324912,12,5.88514493778348,220,155.69407790607676,6,9,0.6666666666666666
74,1.5121552965138108,3,1.47128623444587,64,155.69022746247504,29,62,0.46774193548387094
676,13.813742978964001,4,1.96171497926116,55,155.6894166043547,4,7,0.5714285714285714
549,11.218557537649758,3,1.47128623444587,178,155.67062748022374,6,9,0.6666666666666666
517,10.564652544562705,16,7.84685991704464,212,155.66665121862164,4,9,0.4444444444444444
670,13.691135792760178,12,5.88514493778348,61,155.64414497081188,4,7,0.5714285714285714
122,2.4930127861443907,20,9.8085748963058,1,155.64115450677903,20,38,0.5263157894736842
538,10.993777696276084,8,3.92342995852232,193,155.61035589936702,5,9,0.5555555555555556
515,10.523783482494764,3,1.47128623444587,214,155.59652518553509,4,9,0.4444444444444444
665,13.588963137590326,16,7.84685991704464,66,155.57412794933242,3,7,0.42857142857142855
632,12.914623613469303,12,5.88514493778348,100,155.564953986759,5,8,0.625
107,2.1864948206348345,20,9.8085748963058,87,155.542828976803,21,43,0.4883720930232558
426,8.705110220471397,20,9.8085748963058,302,155.53888231888425,4,11,0.36363636363636365
424,8.664241158403456,8,3.92342995852232,310,155.51954524670143,3,11,0.2727272727272727
558,11.402468316955492,12,5.88514493778348,172,155.51077289506716,4,8,0.5
679,13.875046572065912,20,9.8085748963058,49,155.5045353031859,4,7,0.5714285714285714
565,11.545510034193285,6,2.94257246889174,164,155.4912775616582,5,8,0.625
637,13.016796268639155,20,9.8085748963058,95,155.48649112255754,5,8,0.625
522,10.666825199732557,16,7.84685991704464,210,155.4832161074782,5,9,0.5555555555555556
197,4.025602613692172,6,2.94257246889174,138,155.4772290698255,15,23,0.6521739130434783
478,9.767705834237859,20,9.8085748963058,250,155.4725263472309,6,10,0.6
632,12.914623613469303,8,3.92342995852232,99,155.4581273257439,5,8,0.625
412,8.419026785995811,16,7.84685991704464,319,155.45593204204718,5,11,0.45454545454545453
381,7.785556323942728,8,3.92342995852232,349,155.4546984955097,10,12,0.8333333333333334
563,11.504640972125344,3,1.47128623444587,167,155.4504324254666,3,8,0.375
73,1.4917207654798403,20,9.8085748963058,5,155.4477354483541,29,64,0.453125
518,10.585087075596675,8,3.92342995852232,212,155.44161811787572,4,9,0.4444444444444444
658,13.445921420352533,8,3.92342995852232,72,155.4381574416098,3,7,0.42857142857142855
121,2.4725782551104203,16,7.84685991704464,9,155.43211369083068,22,39,0.5641025641025641
582,11.892897061770782,12,5.88514493778348,151,155.42698800777706,7,8,0.875
495,10.115092861815356,8,3.92342995852232,237,155.39882920568192,4,9,0.4444444444444444
710,14.508517034118995,20,9.8085748963058,20,155.39836217168812,4,7,0.5714285714285714
647,13.221141578978859,8,3.92342995852232,84,155.38203409526272,4,8,0.5
502,10.258134579053149,12,5.88514493778348,229,155.37127727606196,4,9,0.4444444444444444
671,13.711570323794149,12,5.88514493778348,60,155.35773660498896,4,7,0.5714285714285714
429,8.766413813573308,20,9.8085748963058,299,155.35113945072,7,11,0.6363636363636364
105,2.1456257585668936,20,9.8085748963058,98,155.3492537851876,25,44,0.5681818181818182
711,14.528951565152965,16,7.84685991704464,18,155.3483241627535,5,7,0.7142857142857143
667,13.629832199658267,8,3.92342995852232,63,155.33174944670583,3,7,0.42857142857142855
717,14.651558751356788,20,9.8085748963058,14,155.31982947688053,6,7,0.8571428571428571
564,11.525075503159314,4,1.96171497926116,167,155.30044988393192,5,8,0.625
182,3.7190846481826156,20,9.8085748963058,6,155.274670726535,16,26,0.6153846153846154
613,12.526367523823865,3,1.47128623444587,116,155.27166236831997,5,8,0.625
650,13.28244517208077,8,3.92342995852232,81,155.26527726571672,3,8,0.375
509,10.401176296290942,16,7.84685991704464,221,155.2624429523409,5,9,0.5555555555555556
427,8.725544751505367,8,3.92342995852232,303,155.26031443903727,4,11,0.36363636363636365
709,14.488082503085025,20,9.8085748963058,21,155.25205771511594,4,7,0.5714285714285714
648,13.24157611001283,8,3.92342995852232,82,155.24226673784122,3,8,0.375
497,10.155961923883297,20,9.8085748963058,239,155.21707862135722,4,9,0.4444444444444444
664,13.568528606556356,12,5.88514493778348,67,155.20594987083044,3,7,0.42857142857142855
512,10.462479889392853,16,7.84685991704464,220,155.1954271317491,5,9,0.5555555555555556
679,13.875046572065912,4,1.96171497926116,52,155.18952498514682,3,7,0.42857142857142855
591,12.076807841076516,3,1.47128623444587,138,155.18502901621207,5,8,0.625
480,9.8085748963058,6,2.94257246889174,250,155.17791719018246,6,10,0.6
415,8.480330379097722,12,5.88514493778348,316,155.17618597492773,4,11,0.36363636363636365
669,13.670701261726208,12,5.88514493778348,62,155.17236641549272,4,7,0.5714285714285714
664,13.568528606556356,8,3.92342995852232,67,155.1692319525495,3,7,0.42857142857142855
554,11.32073019281961,12,5.88514493778348,178,155.1495387398473,6,9,0.6666666666666666
557,11.382033785921521,8,3.92342995852232,174,155.14193266098232,4,9,0.4444444444444444
277,5.660365096409805,8,3.92342995852232,178,155.11651764706045,8,17,0.47058823529411764
502,10.258134579053149,8,3.92342995852232,229,155.11207772152338,4,9,0.4444444444444444
562,11.484206441091374,3,1.47128623444587,168,155.11051085934957,3,8,0.375
556,11.361599254887551,8,3.92342995852232,174,155.0746032532698,4,9,0.4444444444444444
619,12.648974710027687,8,3.92342995852232,114,155.04750027205282,6,8,0.75
234,4.781680261949077,8,3.92342995852232,28,155.04421168375762,12,20,0.6
427,8.725544751505367,16,7.84685991704464,303,155.03941869886467,4,11,0.36363636363636365
178,3.637346524046734,20,9.8085748963058,20,155.0328430381649,15,26,0.5769230769230769
639,13.057665330707096,16,7.84685991704464,90,155.0316414553773,6,8,0.75
557,11.382033785921521,12,5.88514493778348,174,155.00410653838023,4,9,0.4444444444444444
297,6.069055717089213,12,5.88514493778348,203,154.99621669368207,6,15,0.4
662,13.527659544488415,8,3.92342995852232,69,154.995328303441,3,7,0.42857142857142855
561,11.463771910057403,3,1.47128623444587,169,154.98058674962854,3,8,0.375
703,14.365475316881202,16,7.84685991704464,27,154.97742996513085,3,7,0.42857142857142855
517,10.564652544562705,20,9.8085748963058,211,154.96562997332788,4,9,0.4444444444444444
340,6.947740551549941,16,7.84685991704464,53,154.9654122427729,8,14,0.5714285714285714
635,12.975927206571214,16,7.84685991704464,96,154.96083469373517,4,8,0.5
440,8.991193654946983,8,3.92342995852232,291,154.95325076604723,5,10,0.5
137,2.799530751653947,12,5.88514493778348,48,154.92206802470653,22,34,0.6470588235294118
146,2.9834415309596807,12,5.88514493778348,4,154.91943244819362,19,32,0.59375
639,13.057665330707096,12,5.88514493778348,91,154.88563322868274,5,8,0.625
722,14.75373140652664,20,9.8085748963058,5,154.84130552223107,5,7,0.7142857142857143
708,14.467647972051054,20,9.8085748963058,22,154.82851548511917,4,7,0.5714285714285714
639,13.057665330707096,20,9.8085748963058,89,154.8257809942136,5,8,0.625
634,12.955492675537243,16,7.84685991704464,96,154.82499433511435,4,8,0.5
518,10.585087075596675,12,5.88514493778348,212,154.794070658939,4,9,0.4444444444444444
603,12.32202221348416,16,7.84685991704464,132,154.78018385571215,5,8,0.625
274,5.599061503307894,8,3.92342995852232,183,154.77935201917083,12,17,0.7058823529411765
372,7.601645544636995,16,7.84685991704464,359,154.77457571494395,6,12,0.5
500,10.217265516985208,12,5.88514493778348,230,154.77229671297616,4,9,0.4444444444444444
495,10.115092861815356,16,7.84685991704464,238,154.77146099750496,4,9,0.4444444444444444
614,12.546802054857835,6,2.94257246889174,116,154.7684416304221,4,8,0.5
500,10.217265516985208,8,3.92342995852232,231,154.74941795767936,4,9,0.4444444444444444
523,10.687259730766527,6,2.94257246889174,207,154.7110005295014,5,9,0.5555555555555556
717,14.651558751356788,8,3.92342995852232,14,154.69807947650838,6,7,0.8571428571428571
291,5.946448530885391,8,3.92342995852232,152,154.68618795488956,15,16,0.9375
367,7.4994728894671425,6,2.94257246889174,364,154.66667781270144,6,12,0.5
476,9.726836772169918,16,7.84685991704464,252,154.66484122936663,6,10,0.6
501,10.237700048019178,6,2.94257246889174,229,154.66251271842907,3,9,0.3333333333333333
716,14.631124220322818,16,7.84685991704464,15,154.66200133298196,6,7,0.8571428571428571
658,13.445921420352533,6,2.94257246889174,73,154.6610723262919,3,7,0.42857142857142855
367,7.4994728894671425,20,9.8085748963058,361,154.64270937550899,7,12,0.5833333333333334
503,10.278569110087119,4,1.96171497926116,228,154.64197102481845,4,9,0.4444444444444444
395,8.071639758418314,12,5.88514493778348,332,154.61693398529127,7,11,0.6363636363636364
545,11.136819413513876,20,9.8085748963058,190,154.61634577223413,4,9,0.4444444444444444
517,10.564652544562705,6,2.94257246889174,214,154.60458044486595,4,9,0.4444444444444444
408,8.33728866185993,20,9.8085748963058,320,154.59654864504367,5,11,0.45454545454545453
416,8.500764910131693,16,7.84685991704464,313,154.59491997869037,4,11,0.36363636363636365
476,9.726836772169918,20,9.8085748963058,252,154.5905359372104,6,10,0.6
510,10.421610827324912,20,9.8085748963058,220,154.57106449055053,6,9,0.6666666666666666
731,14.937642185832374,6,2.94257246889174,0,154.5538767605615,5,7,0.7142857142857143
430,8.786848344607279,16,7.84685991704464,301,154.5514373509603,7,11,0.6363636363636364
498,10.176396454917267,4,1.96171497926116,232,154.54543375477743,3,9,0.3333333333333333
498,10.176396454917267,20,9.8085748963058,233,154.54296257591997,3,9,0.3333333333333333
559,11.422902847989462,8,3.92342995852232,171,154.5352942938279,4,8,0.5
554,11.32073019281961,8,3.92342995852232,178,154.50636581360544,6,9,0.6666666666666666
479,9.788140365271829,12,5.88514493778348,250,154.4871991329913,6,10,0.6
296,6.048621186055243,3,1.47128623444587,138,154.4837111406576,10,16,0.625
559,11.422902847989462,12,5.88514493778348,171,154.473512225448,4,8,0.5
651,13.30287970311474,8,3.92342995852232,80,154.46107941304248,3,7,0.42857142857142855
502,10.258134579053149,16,7.84685991704464,228,154.45491359697132,4,9,0.4444444444444444
648,13.24157611001283,12,5.88514493778348,82,154.45122714943287,3,8,0.375
361,7.37686570326332,16,7.84685991704464,5,154.45065343010873,7,13,0.5384615384615384
482,9.84944395837374,12,5.88514493778348,247,154.44594574246938,8,10,0.8
441,9.011628185980953,8,3.92342995852232,290,154.44082986498364,4,10,0.4
649,13.2620106410468,8,3.92342995852232,82,154.42570119958413,3,8,0.375
501,10.237700048019178,16,7.84685991704464,228,154.42555463381387,3,9,0.3333333333333333
668,13.650266730692238,8,3.92342995852232,63,154.40997258110957,3,7,0.42857142857142855
58,1.185202799970284,12,5.88514493778348,43,154.40345552715513,43,80,0.5375
538,10.993777696276084,6,2.94257246889174,193,154.4012666934069,5,9,0.5555555555555556
429,8.766413813573308,8,3.92342995852232,301,154.39809611273984,7,11,0.6363636363636364
487,9.951616613543592,3,1.47128623444587,243,154.39642062024924,6,10,0.6
476,9.726836772169918,12,5.88514493778348,253,154.39478935979707,7,10,0.7
361,7.37686570326332,20,9.8085748963058,5,154.3806195874811,6,13,0.46153846153846156
592,12.097242372110486,6,2.94257246889174,137,154.37779104383554,5,8,0.625
730,14.917207654798403,8,3.92342995852232,1,154.36234689198346,5,7,0.7142857142857143
509,10.401176296290942,12,5.88514493778348,222,154.3597386484118,5,9,0.5555555555555556
276,5.639930565375835,4,1.96171497926116,178,154.33086920566188,10,17,0.5882352941176471
75,1.5325898275477812,20,9.8085748963058,21,154.32588619607208,35,62,0.5645161290322581
430,8.786848344607279,12,5.88514493778348,302,154.3216645766985,7,11,0.6363636363636364
583,11.913331592804752,6,2.94257246889174,149,154.3159335748648,8,8,1.0
335,6.845567896380089,20,9.8085748963058,64,154.31347653142745,9,14,0.6428571428571429
558,11.402468316955492,6,2.94257246889174,173,154.31057239071637,4,8,0.5
671,13.711570323794149,8,3.92342995852232,60,154.29306624439988,4,7,0.5714285714285714
478,9.767705834237859,16,7.84685991704464,251,154.2897742680143,6,10,0.6
500,10.217265516985208,16,7.84685991704464,226,154.28603396027353,3,9,0.3333333333333333
485,9.910747551475652,12,5.88514493778348,246,154.28268703421517,6,10,0.6
360,7.35643117222935,8,3.92342995852232,10,154.26464013457945,9,13,0.6923076923076923
566,11.565944565227255,12,5.88514493778348,164,154.2441143016557,6,8,0.75
672,13.73200485482812,3,1.47128623444587,59,154.24230076447313,3,7,0.42857142857142855
567,11.586379096261226,12,5.88514493778348,163,154.24130544833878,6,8,0.75
416,8.500764910131693,3,1.47128623444587,314,154.24014327870395,4,11,0.36363636363636365
680,13.895481103099883,3,1.47128623444587,51,154.2372145348101,3,7,0.42857142857142855
712,14.549386096186936,20,9.8085748963058,15,154.22568377666835,4,7,0.5714285714285714
584,11.933766123838723,3,1.47128623444587,148,154.2174077241316,7,8,0.875
211,4.311686048167758,3,1.47128623444587,96,154.21400578203458,10,22,0.45454545454545453
667,13.629832199658267,16,7.84685991704464,62,154.20629087353637,3,7,0.42857142857142855
512,10.462479889392853,20,9.8085748963058,220,154.17796513828043,5,9,0.5555555555555556
252,5.149501820560545,6,2.94257246889174,228,154.15275692921782,10,18,0.5555555555555556
413,8.439461317029782,12,5.88514493778348,318,154.14509725346792,6,11,0.5454545454545454
615,12.567236585891806,12,5.88514493778348,115,154.13939600185384,4,8,0.5
407,8.31685413082596,12,5.88514493778348,325,154.13173988057335,6,11,0.5454545454545454
409,8.3577231928939,20,9.8085748963058,320,154.13006711034444,5,11,0.45454545454545453
283,5.782972282613628,16,7.84685991704464,161,154.1288173029523,6,16,0.375
415,8.480330379097722,8,3.92342995852232,316,154.12567168942223,4,11,0.36363636363636365
720,14.7128623444587,8,3.92342995852232,12,154.12152276547215,6,7,0.8571428571428571
555,11.34116472385358,20,9.8085748963058,176,154.11381958980232,4,9,0.4444444444444444
340,6.947740551549941,12,5.88514493778348,52,154.10228959201154,8,14,0.5714285714285714
663,13.548094075522386,8,3.92342995852232,68,154.09916129912602,3,7,0.42857142857142855
512,10.462479889392853,12,5.88514493778348,220,154.08931284238864,5,9,0.5555555555555556
560,11.443337379023433,3,1.47128623444587,170,154.0859818021832,3,8,0.375
702,14.345040785847232,12,5.88514493778348,27,154.0775259322116,3,7,0.42857142857142855
721,14.73329687549267,8,3.92342995852232,10,154.07048098196637,6,7,0.8571428571428571
122,2.4930127861443907,12,5.88514493778348,1,154.04571410052407,21,38,0.5526315789473685
298,6.089490248123184,20,9.8085748963058,191,154.04471681353013,6,15,0.4
414,8.459895848063752,6,2.94257246889174,316,154.04432361418407,4,11,0.36363636363636365
710,14.508517034118995,6,2.94257246889174,20,154.03292195665452,5,7,0.7142857142857143
485,9.910747551475652,16,7.84685991704464,246,154.02733177813997,6,10,0.6
358,7.315562110161409,20,9.8085748963058,16,154.02070473335874,8,13,0.6153846153846154
624,12.75114736519754,12,5.88514493778348,105,154.01745263258692,5,8,0.625
168,3.43300121370703,12,5.88514493778348,59,154.01394275889982,14,28,0.5
409,8.3577231928939,16,7.84685991704464,320,154.01088069108002,5,11,0.45454545454545453
671,13.711570323794149,16,7.84685991704464,60,153.99812409080062,4,7,0.5714285714285714
650,13.28244517208077,6,2.94257246889174,81,153.98413512953147,3,8,0.375
431,8.80728287564125,4,1.96171497926116,301,153.97424794173295,7,11,0.6363636363636364
283,5.782972282613628,20,9.8085748963058,161,153.96322995271703,6,16,0.375
670,13.691135792760178,6,2.94257246889174,61,153.96090621626723,4,7,0.5714285714285714
675,13.79330844793003,3,1.47128623444587,55,153.95920338385264,4,7,0.5714285714285714
730,14.917207654798403,20,9.8085748963058,3,153.9484783181478,5,7,0.7142857142857143
566,11.565944565227255,8,3.92342995852232,164,153.9373919687081,6,8,0.75
649,13.2620106410468,12,5.88514493778348,81,153.93665972854427,3,8,0.375
511,10.442045358358882,20,9.8085748963058,220,153.9283017024192,6,9,0.6666666666666666
669,13.670701261726208,6,2.94257246889174,62,153.9207067577809,4,7,0.5714285714285714
540,11.034646758344024,12,5.88514493778348,190,153.91653159948308,6,9,0.6666666666666666
413,8.439461317029782,8,3.92342995852232,318,153.90973057868294,6,11,0.5454545454545454
428,8.745979282539338,6,2.94257246889174,303,153.90842288450406,7,11,0.6363636363636364
502,10.258134579053149,20,9.8085748963058,229,153.8844488231984,4,9,0.4444444444444444
518,10.585087075596675,6,2.94257246889174,212,153.88212072253125,4,9,0.4444444444444444
144,2.94257246889174,16,7.84685991704464,13,153.87049496832464,27,33,0.8181818181818182
662,13.527659544488415,6,2.94257246889174,69,153.85915444663178,3,7,0.42857142857142855
114,2.3295365378726274,20,9.8085748963058,50,153.85895731968208,21,41,0.5121951219512195
370,7.560776482569054,12,5.88514493778348,360,153.84306814149878,5,12,0.4166666666666667
707,14.447213441017084,20,9.8085748963058,24,153.82181035730684,4,7,0.5714285714285714
524,10.707694261800498,12,5.88514493778348,206,153.81181108436917,5,9,0.5555555555555556
658,13.445921420352533,12,5.88514493778348,72,153.80034611696607,3,7,0.42857142857142855
282,5.762537751579657,12,5.88514493778348,165,153.79356757683664,5,16,0.3125
624,12.75114736519754,16,7.84685991704464,103,153.78138299877781,4,8,0.5
114,2.3295365378726274,16,7.84685991704464,50,153.78070172711583,22,41,0.5365853658536586
659,13.466355951386504,8,3.92342995852232,72,153.78067586371387,3,7,0.42857142857142855
477,9.747271303203888,16,7.84685991704464,251,153.77481790582516,6,10,0.6
648,13.24157611001283,6,2.94257246889174,83,153.76231952983554,3,8,0.375
620,12.669409241061658,3,1.47128623444587,110,153.7610722246169,6,8,0.75
556,11.361599254887551,20,9.8085748963058,173,153.76025208869962,4,9,0.4444444444444444
640,13.078099861741066,12,5.88514493778348,90,153.7466961034246,5,8,0.625
539,11.014212227310054,8,3.92342995852232,191,153.74154258030578,6,9,0.6666666666666666
108,2.206929351668805,12,5.88514493778348,83,153.7414590282531,22,43,0.5116279069767442
366,7.479038358433172,20,9.8085748963058,0,153.73152306729588,7,13,0.5384615384615384
522,10.666825199732557,4,1.96171497926116,210,153.73089669363685,5,9,0.5555555555555556
415,8.480330379097722,16,7.84685991704464,316,153.73008110202392,4,11,0.36363636363636365
513,10.482914420426823,4,1.96171497926116,219,153.72634278991174,5,9,0.5555555555555556
567,11.586379096261226,8,3.92342995852232,164,153.72246745006888,6,8,0.75
511,10.442045358358882,16,7.84685991704464,220,153.71468049096214,6,9,0.6666666666666666
412,8.419026785995811,20,9.8085748963058,319,153.70424445071038,5,11,0.45454545454545453
426,8.705110220471397,6,2.94257246889174,304,153.69392909170654,4,11,0.36363636363636365
632,12.914623613469303,6,2.94257246889174,99,153.67013827552617,5,8,0.625
690,14.099826413439587,8,3.92342995852232,39,153.66558469982255,5,7,0.7142857142857143
610,12.465063930721954,3,1.47128623444587,121,153.6639598626564,5,8,0.625
414,8.459895848063752,20,9.8085748963058,316,153.6607069264818,4,11,0.36363636363636365
722,14.75373140652664,16,7.84685991704464,6,153.65663587173194,5,7,0.7142857142857143
440,8.991193654946983,12,5.88514493778348,291,153.6558670773899,5,10,0.5
647,13.221141578978859,6,2.94257246889174,84,153.65133058002536,4,8,0.5
407,8.31685413082596,16,7.84685991704464,325,153.64855782584632,6,11,0.5454545454545454
305,6.232531965360977,3,1.47128623444587,118,153.64452785606437,11,15,0.7333333333333333
615,12.567236585891806,8,3.92342995852232,115,153.63508475785633,4,8,0.5
72,1.47128623444587,16,7.84685991704464,13,153.6346213829472,29,65,0.4461538461538462
716,14.631124220322818,12,5.88514493778348,15,153.62438269630871,6,7,0.8571428571428571
369,7.540341951535083,20,9.8085748963058,360,153.61627851829283,5,12,0.4166666666666667
650,13.28244517208077,12,5.88514493778348,80,153.61504801892806,3,8,0.375
412,8.419026785995811,6,2.94257246889174,319,153.5993058656375,5,11,0.45454545454545453
378,7.724252730840817,6,2.94257246889174,355,153.58467971425142,8,12,0.6666666666666666
427,8.725544751505367,20,9.8085748963058,303,153.5642001406009,4,11,0.36363636363636365
275,5.619496034341864,8,3.92342995852232,181,153.5597549736535,12,17,0.7058823529411765
190,3.882560896454379,12,5.88514493778348,162,153.54863972914674,15,24,0.625
615,12.567236585891806,20,9.8085748963058,112,153.5461997998839,4,8,0.5
282,5.762537751579657,16,7.84685991704464,164,153.53927365666448,5,16,0.3125
636,12.996361737605184,20,9.8085748963058,94,153.5385051784008,3,8,0.375
284,5.803406813647598,20,9.8085748963058,158,153.53152344135825,8,16,0.5
641,13.098534392775036,12,5.88514493778348,89,153.50828889810663,5,8,0.625
458,9.35901521355845,8,3.92342995852232,271,153.5032438387354,7,10,0.7
254,5.190370882628486,16,7.84685991704464,220,153.49397054422045,11,18,0.6111111111111112
495,10.115092861815356,6,2.94257246889174,237,153.48252869904957,4,9,0.4444444444444444
550,11.238992068683729,6,2.94257246889174,180,153.46212821553445,7,9,0.7777777777777778
568,11.606813627295196,8,3.92342995852232,162,153.4583229737275,6,8,0.75
282,5.762537751579657,20,9.8085748963058,163,153.45815625080178,4,16,0.25
459,9.37944974459242,20,9.8085748963058,265,153.4570191874578,7,10,0.7
538,10.993777696276084,12,5.88514493778348,193,153.43145831859624,5,9,0.5555555555555556
732,14.958076716866344,4,1.96171497926116,731,153.4236916910316,5,6,0.8333333333333334
539,11.014212227310054,12,5.88514493778348,191,153.42173079091032,6,9,0.6666666666666666
430,8.786848344607279,20,9.8085748963058,300,153.41453479582384,7,11,0.6363636363636364
557,11.382033785921521,6,2.94257246889174,174,153.41397174148744,4,9,0.4444444444444444
716,14.631124220322818,20,9.8085748963058,16,153.41158026367216,6,7,0.8571428571428571
624,12.75114736519754,8,3.92342995852232,106,153.4104264083429,5,8,0.625
336,6.86600242741406,3,1.47128623444587,58,153.3984424705165,7,14,0.5
633,12.935058144503273,20,9.8085748963058,96,153.3968208484468,5,8,0.625
563,11.504640972125344,20,9.8085748963058,166,153.39451484422477,3,8,0.375
615,12.567236585891806,16,7.84685991704464,113,153.3642852109664,4,8,0.5
440,8.991193654946983,6,2.94257246889174,291,153.3592248238189,5,10,0.5
562,11.484206441091374,20,9.8085748963058,167,153.34401043220996,3,8,0.375
366,7.479038358433172,8,3.92342995852232,365,153.33875391355807,7,12,0.5833333333333334
651,13.30287970311474,6,2.94257246889174,80,153.33642986069637,3,7,0.42857142857142855
370,7.560776482569054,8,3.92342995852232,360,153.33615766414175,5,12,0.4166666666666667
561,11.463771910057403,20,9.8085748963058,168,153.33451894140714,3,8,0.375
657,13.425486889318563,8,3.92342995852232,75,153.32992763937455,3,7,0.42857142857142855
719,14.692427813424729,6,2.94257246889174,11,153.32958558511837,6,7,0.8571428571428571
499,10.196830985951237,8,3.92342995852232,229,153.32916842593826,3,9,0.3333333333333333
632,12.914623613469303,16,7.84685991704464,100,153.32545475935675,5,8,0.625
475,9.706402241135947,16,7.84685991704464,252,153.31086136787243,8,10,0.8
661,13.507225013454445,8,3.92342995852232,70,153.30536829495054,3,7,0.42857142857142855
664,13.568528606556356,6,2.94257246889174,67,153.29317177973317,3,7,0.42857142857142855
441,9.011628185980953,12,5.88514493778348,290,153.2907647966729,4,10,0.4
704,14.385909847915173,4,1.96171497926116,26,153.28783802349966,3,7,0.42857142857142855
689,14.079391882405616,4,1.96171497926116,40,153.28739113763808,5,7,0.7142857142857143
424,8.664241158403456,6,2.94257246889174,310,153.286792319097,3,11,0.2727272727272727
551,11.259426599717699,16,7.84685991704464,176,153.28198425862908,7,9,0.7777777777777778
369,7.540341951535083,16,7.84685991704464,360,153.26136108025605,5,12,0.4166666666666667
668,13.650266730692238,6,2.94257246889174,63,153.25097596786088,3,7,0.42857142857142855
441,9.011628185980953,6,2.94257246889174,290,153.2399308860989,4,10,0.4
668,13.650266730692238,12,5.88514493778348,63,153.23172616962393,3,7,0.42857142857142855
652,13.323314234148711,8,3.92342995852232,79,153.2306262094421,3,7,0.42857142857142855
560,11.443337379023433,20,9.8085748963058,170,153.2150877757085,3,8,0.375
662,13.527659544488415,12,5.88514493778348,69,153.21097575362742,3,7,0.42857142857142855
301,6.150793841225095,20,9.8085748963058,135,153.2001109066791,11,15,0.7333333333333333
647,13.221141578978859,12,5.88514493778348,84,153.18841201272338,4,8,0.5
649,13.2620106410468,6,2.94257246889174,82,153.1877478495459,3,8,0.375
651,13.30287970311474,12,5.88514493778348,79,153.1840393478972,3,7,0.42857142857142855
619,12.648974710027687,16,7.84685991704464,114,153.1803962363526,6,8,0.75
568,11.606813627295196,12,5.88514493778348,162,153.15861293926247,6,8,0.75
194,3.9642990205902606,6,2.94257246889174,149,153.12180702349025,13,24,0.5416666666666666
514,10.503348951460794,3,1.47128623444587,216,153.11012173399715,5,9,0.5555555555555556
676,13.813742978964001,3,1.47128623444587,54,153.10777728759106,4,7,0.5714285714285714
339,6.927306020515971,12,5.88514493778348,52,153.09860707594356,9,14,0.6428571428571429
524,10.707694261800498,8,3.92342995852232,206,153.0754720399182,5,9,0.5555555555555556
722,14.75373140652664,12,5.88514493778348,8,153.06004029174943,5,7,0.7142857142857143
624,12.75114736519754,20,9.8085748963058,103,153.0565651285141,4,8,0.5
706,14.426778909983113,20,9.8085748963058,24,153.05110996195228,4,7,0.5714285714285714
640,13.078099861741066,16,7.84685991704464,89,153.04810344261293,5,8,0.625
558,11.402468316955492,16,7.84685991704464,172,153.04614673939025,4,8,0.5
634,12.955492675537243,4,1.96171497926116,97,153.04034752617076,4,8,0.5
670,13.691135792760178,16,7.84685991704464,61,153.03830950376752,4,7,0.5714285714285714
564,11.525075503159314,20,9.8085748963058,165,153.03017409650863,4,8,0.5
667,13.629832199658267,6,2.94257246889174,63,153.02587198520607,3,7,0.42857142857142855
502,10.258134579053149,6,2.94257246889174,229,152.99266117566322,4,9,0.4444444444444444
492,10.053789268713444,6,2.94257246889174,239,152.9880497283602,5,9,0.5555555555555556
657,13.425486889318563,12,5.88514493778348,75,152.97648476507018,3,7,0.42857142857142855
485,9.910747551475652,20,9.8085748963058,246,152.97058119137603,6,10,0.6
424,8.664241158403456,20,9.8085748963058,310,152.9384652198877,3,11,0.2727272727272727
702,14.345040785847232,16,7.84685991704464,27,152.9315441659309,3,7,0.42857142857142855
700,14.304171723779291,8,3.92342995852232,31,152.9287533350612,3,7,0.42857142857142855
500,10.217265516985208,6,2.94257246889174,231,152.9257782016782,4,9,0.4444444444444444
705,14.406344378949143,20,9.8085748963058,25,152.9225566142126,3,7,0.42857142857142855
674,13.77287391689606,3,1.47128623444587,56,152.91637192086358,4,7,0.5714285714285714
132,2.697358096484095,20,9.8085748963058,64,152.91541745970576,16,35,0.45714285714285713
705,14.406344378949143,4,1.96171497926116,26,152.91466183451666,4,7,0.5714285714285714
278,5.6807996274437755,16,7.84685991704464,171,152.9017441060518,6,17,0.35294117647058826
711,14.528951565152965,8,3.92342995852232,18,152.89047286544226,5,7,0.7142857142857143
664,13.568528606556356,16,7.84685991704464,67,152.8758530477871,3,7,0.42857142857142855
228,4.659073075745255,4,1.96171497926116,50,152.85205677670717,13,21,0.6190476190476191
368,7.519907420501113,6,2.94257246889174,362,152.84844229775186,5,12,0.4166666666666667
554,11.32073019281961,16,7.84685991704464,177,152.82846929982992,6,9,0.6666666666666666
454,9.277277089422569,20,9.8085748963058,283,152.82243351766056,7,10,0.7
407,8.31685413082596,20,9.8085748963058,323,152.8162423583616,6,11,0.5454545454545454
663,13.548094075522386,12,5.88514493778348,68,152.80450519440706,3,7,0.42857142857142855
345,7.049913206719793,20,9.8085748963058,38,152.80321005157066,9,14,0.6428571428571429
663,13.548094075522386,6,2.94257246889174,68,152.79271002881305,3,7,0.42857142857142855
556,11.361599254887551,6,2.94257246889174,175,152.78876778679816,4,9,0.4444444444444444
678,13.854612041031942,4,1.96171497926116,53,152.77583744589077,3,7,0.42857142857142855
659,13.466355951386504,12,5.88514493778348,71,152.77521476246244,3,7,0.42857142857142855
509,10.401176296290942,8,3.92342995852232,222,152.7735956311499,5,9,0.5555555555555556
524,10.707694261800498,16,7.84685991704464,205,152.76877051066035,5,9,0.5555555555555556
130,2.656489034416154,8,3.92342995852232,83,152.76267517478686,20,36,0.5555555555555556
455,9.297711620456539,6,2.94257246889174,276,152.75316721999536,7,10,0.7
427,8.725544751505367,6,2.94257246889174,303,152.74953193106208,4,11,0.36363636363636365
633,12.935058144503273,4,1.96171497926116,98,152.7281732227792,4,8,0.5
635,12.975927206571214,20,9.8085748963058,95,152.70451618096862,3,8,0.375
557,11.382033785921521,16,7.84685991704464,173,152.703875472283,4,9,0.4444444444444444
653,13.343748765182681,8,3.92342995852232,78,152.6936227910896,3,7,0.42857142857142855
677,13.834177509997971,4,1.96171497926116,53,152.6880001754282,4,7,0.5714285714285714
703,14.365475316881202,4,1.96171497926116,27,152.68342235777496,3,7,0.42857142857142855
413,8.439461317029782,16,7.84685991704464,317,152.6798196215577,6,11,0.5454545454545454
465,9.502056930796243,8,3.92342995852232,266,152.6727161792714,7,10,0.7
566,11.565944565227255,16,7.84685991704464,164,152.66602795414227,6,8,0.75
679,13.875046572065912,3,1.47128623444587,51,152.66271574212874,3,7,0.42857142857142855
637,13.016796268639155,4,1.96171497926116,93,152.6593164583594,4,8,0.5
659,13.466355951386504,6,2.94257246889174,72,152.64092059096558,3,7,0.42857142857142855
361,7.37686570326332,12,5.88514493778348,8,152.626712544533,6,13,0.46153846153846156
621,12.689843772095628,3,1.47128623444587,109,152.6103777104001,5,8,0.625
483,9.86987848940771,20,9.8085748963058,244,152.604818365288,8,10,0.8
691,14.120260944473557,16,7.84685991704464,37,152.6043123771407,5,7,0.7142857142857143
559,11.422902847989462,6,2.94257246889174,171,152.58691269004345,4,8,0.5
638,13.037230799673125,6,2.94257246889174,92,152.5812101429586,6,8,0.75
707,14.447213441017084,4,1.96171497926116,24,152.58022213303715,4,7,0.5714285714285714
479,9.788140365271829,8,3.92342995852232,251,152.57717752064153,6,10,0.6
567,11.586379096261226,16,7.84685991704464,162,152.5731951183737,6,8,0.75
214,4.372989641269669,20,9.8085748963058,87,152.5714792685215,9,22,0.4090909090909091
334,6.825133365346119,20,9.8085748963058,60,152.56796263465645,6,14,0.42857142857142855
368,7.519907420501113,20,9.8085748963058,360,152.5655607325979,5,12,0.4166666666666667
706,14.426778909983113,4,1.96171497926116,25,152.56138386370822,4,7,0.5714285714285714
510,10.421610827324912,8,3.92342995852232,220,152.55844015685358,6,9,0.6666666666666666
387,7.908163510146551,16,7.84685991704464,349,152.55724926870514,8,12,0.6666666666666666
702,14.345040785847232,8,3.92342995852232,27,152.55710292115623,3,7,0.42857142857142855
540,11.034646758344024,8,3.92342995852232,190,152.55525994600194,6,9,0.6666666666666666
554,11.32073019281961,6,2.94257246889174,178,152.55259598024023,6,9,0.6666666666666666
655,13.384617827250622,8,3.92342995852232,76,152.5504323587717,3,7,0.42857142857142855
511,10.442045358358882,12,5.88514493778348,220,152.5428850044856,6,9,0.6666666666666666
559,11.422902847989462,16,7.84685991704464,171,152.52679143092394,4,8,0.5
523,10.687259730766527,20,9.8085748963058,207,152.52187777464258,5,9,0.5555555555555556
335,6.845567896380089,16,7.84685991704464,63,152.52051206379846,9,14,0.6428571428571429
700,14.304171723779291,12,5.88514493778348,31,152.52030520108661,3,7,0.42857142857142855
281,5.742103220545687,12,5.88514493778348,168,152.51966860373534,4,16,0.25
519,10.605521606630646,12,5.88514493778348,211,152.50905900911172,5,9,0.5555555555555556
639,13.057665330707096,8,3.92342995852232,91,152.50499835355342,5,8,0.625
641,13.098534392775036,16,7.84685991704464,88,152.49937520815863,5,8,0.625
69,1.4099826413439587,16,7.84685991704464,39,152.49689918869808,40,67,0.5970149253731343
485,9.910747551475652,8,3.92342995852232,246,152.4943958539555,6,10,0.6
214,4.372989641269669,16,7.84685991704464,89,152.4896098541133,11,22,0.5
409,8.3577231928939,12,5.88514493778348,320,152.47716598508336,5,11,0.45454545454545453
555,11.34116472385358,3,1.47128623444587,176,152.46339876361435,4,9,0.4444444444444444
481,9.82900942733977,8,3.92342995852232,248,152.45509213393274,8,10,0.8
475,9.706402241135947,8,3.92342995852232,256,152.45456202924933,7,10,0.7
486,9.931182082509622,4,1.96171497926116,245,152.45393732838392,6,10,0.6
475,9.706402241135947,12,5.88514493778348,256,152.43800793446417,7,10,0.7
483,9.86987848940771,16,7.84685991704464,245,152.43543789940333,7,10,0.7
541,11.055081289377995,16,7.84685991704464,187,152.4350796036168,6,9,0.6666666666666666
729,14.896773123764433,12,5.88514493778348,3,152.43491907553195,5,7,0.7142857142857143
114,2.3295365378726274,12,5.88514493778348,50,152.427499359307,23,41,0.5609756097560976
565,11.545510034193285,20,9.8085748963058,164,152.41088418093642,5,8,0.625
478,9.767705834237859,12,5.88514493778348,252,152.40953026971144,6,10,0.6
729,14.896773123764433,16,7.84685991704464,4,152.39527773860624,5,7,0.7142857142857143
518,10.585087075596675,16,7.84685991704464,211,152.39182992360284,4,9,0.4444444444444444
652,13.323314234148711,6,2.94257246889174,79,152.3895766807991,3,7,0.42857142857142855
688,14.058957351371646,3,1.47128623444587,42,152.3888960219127,5,7,0.7142857142857143
281,5.742103220545687,8,3.92342995852232,168,152.38281479812673,4,16,0.25
345,7.049913206719793,16,7.84685991704464,38,152.3627510873388,9,14,0.6428571428571429
442,9.032062717014924,8,3.92342995852232,289,152.36169608839802,4,10,0.4
439,8.970759123913012,12,5.88514493778348,292,152.34094731690806,5,10,0.5
654,13.364183296216652,8,3.92342995852232,77,152.33702667212793,3,7,0.42857142857142855
704,14.385909847915173,20,9.8085748963058,27,152.33462543210118,3,7,0.42857142857142855
669,13.670701261726208,16,7.84685991704464,62,152.3328690995653,4,7,0.5714285714285714
519,10.605521606630646,8,3.92342995852232,212,152.31828012097634,5,9,0.5555555555555556
696,14.22243359964341,20,9.8085748963058,33,152.30815528224718,3,7,0.42857142857142855
619,12.648974710027687,6,2.94257246889174,112,152.28196907535843,4,8,0.5
372,7.601645544636995,4,1.96171497926116,359,152.2700485131408,6,12,0.5
408,8.33728866185993,4,1.96171497926116,322,152.2362453630825,6,11,0.5454545454545454
340,6.947740551549941,8,3.92342995852232,51,152.22824112811114,8,14,0.5714285714285714
277,5.660365096409805,6,2.94257246889174,178,152.2280074078987,8,17,0.47058823529411764
281,5.742103220545687,16,7.84685991704464,166,152.206532216038,4,16,0.25
370,7.560776482569054,16,7.84685991704464,359,152.19895232662938,5,12,0.4166666666666667
359,7.335996641195379,4,1.96171497926116,13,152.1959254310733,8,13,0.6153846153846154
439,8.970759123913012,8,3.92342995852232,292,152.1785996001398,5,10,0.5
76,1.5530243585817516,16,7.84685991704464,47,152.17549349336187,34,61,0.5573770491803278
516,10.544218013528734,4,1.96171497926116,214,152.17245992682012,4,9,0.4444444444444444
594,12.138111434178427,20,9.8085748963058,131,152.17216962365526,6,8,0.75
712,14.549386096186936,16,7.84685991704464,17,152.16892702898042,6,7,0.8571428571428571
495,10.115092861815356,20,9.8085748963058,239,152.16536533620553,4,9,0.4444444444444444
660,13.486790482420474,8,3.92342995852232,71,152.16528657849318,3,7,0.42857142857142855
261,5.3334125998662785,8,3.92342995852232,210,152.1604710580577,8,17,0.47058823529411764
498,10.176396454917267,3,1.47128623444587,232,152.14613766099595,3,9,0.3333333333333333
691,14.120260944473557,20,9.8085748963058,36,152.14540218873452,5,7,0.7142857142857143
661,13.507225013454445,6,2.94257246889174,70,152.1417718704124,3,7,0.42857142857142855
701,14.324606254813261,12,5.88514493778348,29,152.13924207738683,3,7,0.42857142857142855
640,13.078099861741066,20,9.8085748963058,88,152.1124827999741,5,8,0.625
381,7.785556323942728,6,2.94257246889174,349,152.08722020667236,10,12,0.8333333333333334
281,5.742103220545687,20,9.8085748963058,165,152.07932473789631,4,16,0.25
539,11.014212227310054,6,2.94257246889174,191,152.0638949463601,6,9,0.6666666666666666
661,13.507225013454445,12,5.88514493778348,70,152.05541502911927,3,7,0.42857142857142855
476,9.726836772169918,8,3.92342995852232,254,152.04779418834997,7,10,0.7
540,11.034646758344024,16,7.84685991704464,190,152.031276843111,6,9,0.6666666666666666
169,3.4534357447410002,8,3.92342995852232,51,152.0272067050484,14,28,0.5
641,13.098534392775036,8,3.92342995852232,89,152.021135942841,5,8,0.625
541,11.055081289377995,12,5.88514493778348,189,152.0129551707264,5,9,0.5555555555555556
333,6.804698834312148,12,5.88514493778348,65,152.01131229091826,8,14,0.5714285714285714
465,9.502056930796243,12,5.88514493778348,266,151.99556498079136,7,10,0.7
341,6.968175082583912,4,1.96171497926116,51,151.99345179730085,6,14,0.42857142857142855
696,14.22243359964341,16,7.84685991704464,33,151.98896552323419,3,7,0.42857142857142855
415,8.480330379097722,20,9.8085748963058,315,151.97992894232425,4,11,0.36363636363636365
430,8.786848344607279,8,3.92342995852232,301,151.9782926801862,7,11,0.6363636363636364
642,13.118968923809007,12,5.88514493778348,88,151.95648292389,6,8,0.75
657,13.425486889318563,6,2.94257246889174,75,151.94444115612058,3,7,0.42857142857142855
407,8.31685413082596,8,3.92342995852232,325,151.94292813694534,6,11,0.5454545454545454
564,11.525075503159314,3,1.47128623444587,166,151.9409452765184,5,8,0.625
496,10.135527392849326,4,1.96171497926116,238,151.9264751359014,3,9,0.3333333333333333
658,13.445921420352533,4,1.96171497926116,73,151.87889028349448,3,7,0.42857142857142855
671,13.711570323794149,6,2.94257246889174,60,151.86444104113565,4,7,0.5714285714285714
380,7.765121792908758,3,1.47128623444587,349,151.8334640357033,8,12,0.6666666666666666
256,5.231239944696426,20,9.8085748963058,221,151.82050197365888,9,18,0.5
652,13.323314234148711,12,5.88514493778348,78,151.81388129993314,3,7,0.42857142857142855
635,12.975927206571214,4,1.96171497926116,96,151.78368060453653,4,8,0.5
546,11.157253944547847,4,1.96171497926116,186,151.77878829532796,5,9,0.5555555555555556
283,5.782972282613628,12,5.88514493778348,161,151.77354708284847,6,16,0.375
497,10.155961923883297,3,1.47128623444587,235,151.77232294392093,3,9,0.3333333333333333
715,14.610689689288847,16,7.84685991704464,16,151.7529030357296,6,7,0.8571428571428571
442,9.032062717014924,12,5.88514493778348,289,151.74460787605443,4,10,0.4
501,10.237700048019178,4,1.96171497926116,229,151.73985300966564,3,9,0.3333333333333333
413,8.439461317029782,6,2.94257246889174,318,151.73846431592224,6,11,0.5454545454545454
256,5.231239944696426,16,7.84685991704464,221,151.72946666371877,9,18,0.5
593,12.117676903144456,12,5.88514493778348,133,151.72683086583987,5,8,0.625
415,8.480330379097722,6,2.94257246889174,316,151.71937434174023,4,11,0.36363636363636365
615,12.567236585891806,6,2.94257246889174,116,151.70931775745754,4,8,0.5
377,7.703818199806847,20,9.8085748963058,360,151.70236925071953,8,12,0.6666666666666666
566,11.565944565227255,6,2.94257246889174,164,151.69988327411727,6,8,0.75
671,13.711570323794149,20,9.8085748963058,60,151.69672851178998,4,7,0.5714285714285714
261,5.3334125998662785,12,5.88514493778348,210,151.69326541067295,8,17,0.47058823529411764
581,11.872462530736811,20,9.8085748963058,155,151.68587154485738,7,8,0.875
273,5.5786269722739235,12,5.88514493778348,186,151.68261389988118,9,17,0.5294117647058824
622,12.710278303129598,4,1.96171497926116,109,151.68247183534538,5,8,0.625
640,13.078099861741066,8,3.92342995852232,91,151.67302158448211,5,8,0.625
691,14.120260944473557,12,5.88514493778348,38,151.67284648441697,5,7,0.7142857142857143
730,14.917207654798403,6,2.94257246889174,1,151.67020998863373,5,7,0.7142857142857143
243,4.965591041254811,20,9.8085748963058,4,151.66270039447912,11,20,0.55
703,14.365475316881202,20,9.8085748963058,27,151.66206575795704,3,7,0.42857142857142855
179,3.6577810550807044,12,5.88514493778348,13,151.64607921304633,15,26,0.5769230769230769
655,13.384617827250622,6,2.94257246889174,76,151.64593376005547,3,7,0.42857142857142855
189,3.8621263654204085,16,7.84685991704464,166,151.64023722015816,18,24,0.75
508,10.380741765256971,4,1.96171497926116,222,151.63953656001763,6,9,0.6666666666666666
358,7.315562110161409,8,3.92342995852232,16,151.63434065409947,8,13,0.6153846153846154
634,12.955492675537243,20,9.8085748963058,97,151.62741347240913,3,8,0.375
503,10.278569110087119,3,1.47128623444587,228,151.62314230811097,4,9,0.4444444444444444
636,12.996361737605184,4,1.96171497926116,95,151.60531289576707,4,8,0.5
394,8.051205227384344,3,1.47128623444587,335,151.60000988654983,7,11,0.6363636363636364
704,14.385909847915173,3,1.47128623444587,26,151.5749261015624,3,7,0.42857142857142855
369,7.540341951535083,12,5.88514493778348,361,151.5618056881639,5,12,0.4166666666666667
697,14.24286813067738,20,9.8085748963058,31,151.55941085245803,3,7,0.42857142857142855
709,14.488082503085025,4,1.96171497926116,21,151.54992433422984,4,7,0.5714285714285714
246,5.026894634356722,16,7.84685991704464,236,151.51815430106274,10,18,0.5555555555555556
701,14.324606254813261,8,3.92342995852232,29,151.50495326125437,3,7,0.42857142857142855
371,7.581211013603024,12,5.88514493778348,361,151.50348972335948,4,12,0.3333333333333333
568,11.606813627295196,6,2.94257246889174,162,151.49217873377833,6,8,0.75
382,7.805990854976699,20,9.8085748963058,347,151.47943990231897,9,12,0.75
649,13.2620106410468,16,7.84685991704464,81,151.47509279117764,3,8,0.375
307,6.273401027428918,16,7.84685991704464,113,151.46664965661736,10,15,0.6666666666666666
213,4.3525551102356985,20,9.8085748963058,90,151.4652420775707,9,22,0.4090909090909091
666,13.609397668624297,20,9.8085748963058,64,151.4632397230532,3,7,0.42857142857142855
624,12.75114736519754,6,2.94257246889174,106,151.46196372803112,5,8,0.625
623,12.730712834163569,4,1.96171497926116,108,151.45969766157833,5,8,0.625
667,13.629832199658267,20,9.8085748963058,62,151.43725839028374,3,7,0.42857142857142855
306,6.252966496394947,8,3.92342995852232,118,151.4347780496708,10,15,0.6666666666666666
721,14.73329687549267,6,2.94257246889174,9,151.43249468464666,6,7,0.8571428571428571
654,13.364183296216652,6,2.94257246889174,77,151.42950966153535,3,7,0.42857142857142855
127,2.595185441314243,20,9.8085748963058,95,151.4170151440881,20,36,0.5555555555555556
722,14.75373140652664,8,3.92342995852232,8,151.39987396610442,5,7,0.7142857142857143
125,2.554316379246302,20,9.8085748963058,102,151.39912063912993,14,37,0.3783783783783784
443,9.052497248048894,8,3.92342995852232,288,151.3888871277062,4,10,0.4
653,13.343748765182681,6,2.94257246889174,78,151.3801689210207,3,7,0.42857142857142855
335,6.845567896380089,12,5.88514493778348,62,151.37174997944297,9,14,0.6428571428571429
522,10.666825199732557,20,9.8085748963058,210,151.37067958295702,5,9,0.5555555555555556
119,2.4317091930424795,12,5.88514493778348,17,151.3610445605598,22,39,0.5641025641025641
566,11.565944565227255,20,9.8085748963058,161,151.35766011887148,5,8,0.625
567,11.586379096261226,6,2.94257246889174,164,151.33986046910968,6,8,0.75
214,4.372989641269669,12,5.88514493778348,89,151.33187202550013,11,22,0.5
494,10.094658330781385,16,7.84685991704464,240,151.32493587578682,4,9,0.4444444444444444
243,4.965591041254811,16,7.84685991704464,3,151.31809570417371,11,20,0.55
582,11.892897061770782,8,3.92342995852232,150,151.30166974934136,7,8,0.875
699,14.28373719274532,12,5.88514493778348,32,151.30062133688787,3,7,0.42857142857142855
370,7.560776482569054,20,9.8085748963058,362,151.29867107992376,4,12,0.3333333333333333
435,8.88902099977713,8,3.92342995852232,295,151.29667077258222,8,10,0.8
648,13.24157611001283,16,7.84685991704464,82,151.2951263770858,3,8,0.375
274,5.599061503307894,6,2.94257246889174,183,151.28506766118474,12,17,0.7058823529411765
344,7.029478675685823,8,3.92342995852232,42,151.26689998839822,9,14,0.6428571428571429
660,13.486790482420474,12,5.88514493778348,71,151.2546852688178,3,7,0.42857142857142855
641,13.098534392775036,20,9.8085748963058,87,151.2520355405145,5,8,0.625
302,6.1712283722590655,6,2.94257246889174,129,151.24469454647615,12,15,0.8
444,9.072931779082865,8,3.92342995852232,287,151.22633434691727,4,10,0.4
568,11.606813627295196,16,7.84685991704464,161,151.21932692554566,6,8,0.75
643,13.139403454842977,12,5.88514493778348,87,151.21826883732,5,8,0.625
537,10.973343165242113,8,3.92342995852232,195,151.1992709866487,5,9,0.5555555555555556
542,11.075515820411965,12,5.88514493778348,188,151.19907136959307,5,9,0.5555555555555556
345,7.049913206719793,12,5.88514493778348,39,151.19800410464225,9,14,0.6428571428571429
370,7.560776482569054,6,2.94257246889174,360,151.18110907920226,5,12,0.4166666666666667
569,11.627248158329166,12,5.88514493778348,161,151.17943077448274,6,8,0.75
616,12.587671116925776,8,3.92342995852232,114,151.17863251442142,4,8,0.5
717,14.651558751356788,6,2.94257246889174,15,151.15630939726466,6,7,0.8571428571428571
333,6.804698834312148,16,7.84685991704464,65,151.15324490958704,8,14,0.5714285714285714
227,4.638638544711284,20,9.8085748963058,56,151.1407837832024,13,21,0.6190476190476191
729,14.896773123764433,20,9.8085748963058,5,151.1158580566181,5,7,0.7142857142857143
642,13.118968923809007,16,7.84685991704464,87,151.09370525407363,6,8,0.75
665,13.588963137590326,20,9.8085748963058,65,151.07919042405038,3,7,0.42857142857142855
703,14.365475316881202,3,1.47128623444587,27,151.04280380097043,3,7,0.42857142857142855
350,7.1520858618896455,12,5.88514493778348,30,151.0422402145288,8,14,0.5714285714285714
257,5.251674475730397,16,7.84685991704464,217,151.03360498975735,12,18,0.6666666666666666
643,13.139403454842977,8,3.92342995852232,87,151.027968705498,5,8,0.625
537,10.973343165242113,12,5.88514493778348,194,151.02724219546238,5,9,0.5555555555555556
729,14.896773123764433,8,3.92342995852232,2,151.02511458995878,5,7,0.7142857142857143
668,13.650266730692238,16,7.84685991704464,62,151.01347104939867,3,7,0.42857142857142855
604,12.342456744518131,4,1.96171497926116,129,150.99890553842408,6,8,0.75
715,14.610689689288847,12,5.88514493778348,16,150.99081645258974,6,7,0.8571428571428571
233,4.761245730915107,6,2.94257246889174,34,150.98813480413324,13,20,0.65
655,13.384617827250622,12,5.88514493778348,76,150.98616003122072,3,7,0.42857142857142855
656,13.405052358284593,8,3.92342995852232,75,150.97975691188898,4,7,0.5714285714285714
257,5.251674475730397,12,5.88514493778348,217,150.97554669002372,12,18,0.6666666666666666
712,14.549386096186936,12,5.88514493778348,17,150.97267217779287,6,7,0.8571428571428571
210,4.291251517133787,8,3.92342995852232,102,150.96636494217705,10,22,0.45454545454545453
653,13.343748765182681,12,5.88514493778348,78,150.96344976077643,3,7,0.42857142857142855
660,13.486790482420474,6,2.94257246889174,71,150.96074616037808,3,7,0.42857142857142855
494,10.094658330781385,12,5.88514493778348,240,150.95935382997962,4,9,0.4444444444444444
690,14.099826413439587,6,2.94257246889174,39,150.9530425226914,5,7,0.7142857142857143
542,11.075515820411965,20,9.8085748963058,186,150.95226366986594,5,9,0.5555555555555556
616,12.587671116925776,12,5.88514493778348,114,150.9339466582039,4,8,0.5
284,5.803406813647598,16,7.84685991704464,159,150.92686677787933,8,16,0.5
374,7.642514606704935,12,5.88514493778348,356,150.92499606541358,6,12,0.5
702,14.345040785847232,20,9.8085748963058,27,150.9045408228936,3,7,0.42857142857142855
282,5.762537751579657,8,3.92342995852232,165,150.89646535752232,6,16,0.375
551,11.259426599717699,12,5.88514493778348,179,150.88949938207898,7,9,0.7777777777777778
509,10.401176296290942,6,2.94257246889174,222,150.88789043140204,5,9,0.5555555555555556
542,11.075515820411965,16,7.84685991704464,187,150.88123644614697,5,9,0.5555555555555556
662,13.527659544488415,4,1.96171497926116,69,150.87934549271887,3,7,0.42857142857142855
715,14.610689689288847,20,9.8085748963058,17,150.86961836706564,6,7,0.8571428571428571
215,4.393424172303639,20,9.8085748963058,91,150.8690430543453,8,22,0.36363636363636365
374,7.642514606704935,16,7.84685991704464,355,150.8622191937997,6,12,0.5
333,6.804698834312148,8,3.92342995852232,64,150.86113356954593,8,14,0.5714285714285714
512,10.462479889392853,8,3.92342995852232,220,150.858876542402,5,9,0.5555555555555556
538,10.993777696276084,4,1.96171497926116,193,150.85442429693103,5,9,0.5555555555555556
483,9.86987848940771,12,5.88514493778348,246,150.83239498824247,7,10,0.7
298,6.089490248123184,16,7.84685991704464,192,150.82558295732827,6,15,0.4
371,7.581211013603024,20,9.8085748963058,357,150.8206734691466,4,12,0.3333333333333333
92,1.8799768551252782,20,9.8085748963058,71,150.81472322341304,28,50,0.56
603,12.32202221348416,12,5.88514493778348,132,150.8145774226119,5,8,0.625
416,8.500764910131693,20,9.8085748963058,312,150.7966876953299,4,11,0.36363636363636365
413,8.439461317029782,20,9.8085748963058,317,150.78487822626013,6,11,0.5454545454545454
73,1.4917207654798403,16,7.84685991704464,4,150.77697819448267,30,64,0.46875
517,10.564652544562705,4,1.96171497926116,214,150.77440062980298,4,9,0.4444444444444444
700,14.304171723779291,6,2.94257246889174,31,150.77157476663797,3,7,0.42857142857142855
246,5.026894634356722,20,9.8085748963058,233,150.76250505005308,9,18,0.5
541,11.055081289377995,8,3.92342995852232,189,150.7603084178117,5,9,0.5555555555555556
361,7.37686570326332,8,3.92342995852232,8,150.75113442993327,6,13,0.46153846153846156
567,11.586379096261226,20,9.8085748963058,161,150.7470854414579,6,8,0.75
541,11.055081289377995,20,9.8085748963058,188,150.73596417720745,5,9,0.5555555555555556
713,14.569820627220906,20,9.8085748963058,13,150.72085240471228,5,7,0.7142857142857143
257,5.251674475730397,20,9.8085748963058,217,150.68489081236567,11,18,0.6111111111111112
524,10.707694261800498,20,9.8085748963058,205,150.64577619351743,5,9,0.5555555555555556
281,5.742103220545687,6,2.94257246889174,168,150.63959988058454,4,16,0.25
650,13.28244517208077,16,7.84685991704464,80,150.62857793440452,3,8,0.375
654,13.364183296216652,12,5.88514493778348,76,150.62191101451566,3,7,0.42857142857142855
499,10.196830985951237,6,2.94257246889174,232,150.60843965829912,4,9,0.4444444444444444
539,11.014212227310054,16,7.84685991704464,191,150.60119768394682,6,9,0.6666666666666666
658,13.445921420352533,16,7.84685991704464,72,150.59181575533628,3,7,0.42857142857142855
429,8.766413813573308,6,2.94257246889174,301,150.57448578566826,7,11,0.6363636363636364
697,14.24286813067738,16,7.84685991704464,32,150.56507874026408,3,7,0.42857142857142855
519,10.605521606630646,16,7.84685991704464,210,150.55856853285377,5,9,0.5555555555555556
410,8.37815772392787,20,9.8085748963058,317,150.55560904310576,5,11,0.45454545454545453
518,10.585087075596675,20,9.8085748963058,210,150.55536395478026,4,9,0.4444444444444444
254,5.190370882628486,12,5.88514493778348,223,150.55149347557258,10,18,0.5555555555555556
708,14.467647972051054,4,1.96171497926116,23,150.54815301641116,4,7,0.5714285714285714
720,14.7128623444587,6,2.94257246889174,12,150.54583133300667,6,7,0.8571428571428571
565,11.545510034193285,4,1.96171497926116,164,150.54472015833167,5,8,0.625
678,13.854612041031942,3,1.47128623444587,53,150.53752842457993,3,7,0.42857142857142855
650,13.28244517208077,4,1.96171497926116,81,150.53442629625007,3,8,0.375
442,9.032062717014924,6,2.94257246889174,289,150.5323329084307,4,10,0.4
524,10.707694261800498,6,2.94257246889174,206,150.52402769759013,5,9,0.5555555555555556
569,11.627248158329166,16,7.84685991704464,160,150.5229202191952,6,8,0.75
513,10.482914420426823,3,1.47128623444587,218,150.51760109600957,5,9,0.5555555555555556
234,4.781680261949077,6,2.94257246889174,28,150.50648873844762,12,20,0.6
642,13.118968923809007,8,3.92342995852232,88,150.503899203997,6,8,0.75
651,13.30287970311474,4,1.96171497926116,80,150.4292798165656,3,7,0.42857142857142855
699,14.28373719274532,8,3.92342995852232,32,150.41957228596453,3,7,0.42857142857142855
229,4.679507606779225,8,3.92342995852232,40,150.4153289982192,12,21,0.5714285714285714
632,12.914623613469303,20,9.8085748963058,100,150.4051429726861,5,8,0.625
696,14.22243359964341,12,5.88514493778348,34,150.390872789852,3,7,0.42857142857142855
371,7.581211013603024,8,3.92342995852232,361,150.38290112238084,4,12,0.3333333333333333
365,7.458603827399202,16,7.84685991704464,2,150.3740786716738,7,13,0.5384615384615384
614,12.546802054857835,4,1.96171497926116,116,150.3671169570469,4,8,0.5
494,10.094658330781385,20,9.8085748963058,239,150.35276557128898,4,9,0.4444444444444444
718,14.671993282390758,4,1.96171497926116,13,150.32693955061032,6,7,0.8571428571428571
637,13.016796268639155,3,1.47128623444587,93,150.32540802586965,4,8,0.5
137,2.799530751653947,8,3.92342995852232,48,150.31276660979054,22,34,0.6470588235294118
357,7.295127579127438,16,7.84685991704464,18,150.30969619954715,8,13,0.6153846153846154
557,11.382033785921521,20,9.8085748963058,172,150.3091369800095,4,9,0.4444444444444444
697,14.24286813067738,12,5.88514493778348,34,150.30886968835605,3,7,0.42857142857142855
107,2.1864948206348345,16,7.84685991704464,87,150.30793382409567,23,43,0.5348837209302325
643,13.139403454842977,16,7.84685991704464,86,150.3063177114694,5,8,0.625
365,7.458603827399202,20,9.8085748963058,2,150.3000261084194,7,13,0.5384615384615384
648,13.24157611001283,4,1.96171497926116,83,150.2984163445403,3,8,0.375
441,9.011628185980953,4,1.96171497926116,290,150.2971876019556,4,10,0.4
443,9.052497248048894,6,2.94257246889174,288,150.2939532335593,4,10,0.4
477,9.747271303203888,12,5.88514493778348,252,150.26142278906124,6,10,0.6
518,10.585087075596675,4,1.96171497926116,212,150.2525692811583,4,9,0.4444444444444444
698,14.26330266171135,12,5.88514493778348,33,150.2389590225231,3,7,0.42857142857142855
54,1.1034646758344024,20,9.8085748963058,29,150.22670395339932,41,86,0.47674418604651164
475,9.706402241135947,6,2.94257246889174,256,150.2241149727488,7,10,0.7
569,11.627248158329166,8,3.92342995852232,161,150.2128631587343,6,8,0.75
689,14.079391882405616,3,1.47128623444587,40,150.21242375249417,5,7,0.7142857142857143
168,3.43300121370703,8,3.92342995852232,59,150.21238324810903,15,28,0.5357142857142857
465,9.502056930796243,6,2.94257246889174,266,150.20917692914338,7,10,0.7
203,4.148209799895994,12,5.88514493778348,118,150.19976291616564,13,23,0.5652173913043478
692,14.140695475507528,16,7.84685991704464,36,150.19719619359475,5,7,0.7142857142857143
670,13.691135792760178,4,1.96171497926116,61,150.19496632001125,4,7,0.5714285714285714
62,1.2669409241061658,6,2.94257246889174,49,150.18117552029764,41,74,0.5540540540540541
388,7.928598041180521,4,1.96171497926116,344,150.1809382775341,8,12,0.6666666666666666
723,14.77416593756061,20,9.8085748963058,3,150.17004646855023,5,7,0.7142857142857143
350,7.1520858618896455,16,7.84685991704464,31,150.15855343850487,8,14,0.5714285714285714
677,13.834177509997971,3,1.47128623444587,53,150.15730197361407,4,7,0.5714285714285714
554,11.32073019281961,20,9.8085748963058,176,150.13477826856172,6,9,0.6666666666666666
618,12.628540178993717,8,3.92342995852232,113,150.13368008537367,4,8,0.5
212,4.332120579201728,16,7.84685991704464,92,150.13134699900687,9,22,0.4090909090909091
701,14.324606254813261,16,7.84685991704464,29,150.1299767963324,3,7,0.42857142857142855
373,7.622080075670965,16,7.84685991704464,356,150.11688841326625,6,12,0.5
478,9.767705834237859,8,3.92342995852232,253,150.10888278718684,6,10,0.6
65,1.328244517208077,12,5.88514493778348,23,150.102747033888,41,71,0.5774647887323944
493,10.074223799747415,20,9.8085748963058,240,150.09992304937055,4,9,0.4444444444444444
521,10.646390668698587,12,5.88514493778348,212,150.09707708491743,3,9,0.3333333333333333
204,4.168644330929965,12,5.88514493778348,119,150.07396060766212,12,23,0.5217391304347826
702,14.345040785847232,6,2.94257246889174,27,150.0707288306041,3,7,0.42857142857142855
558,11.402468316955492,4,1.96171497926116,173,150.0633471185788,4,8,0.5
439,8.970759123913012,16,7.84685991704464,292,150.05573774491134,5,10,0.5
581,11.872462530736811,16,7.84685991704464,153,150.05239135586118,7,8,0.875
670,13.691135792760178,20,9.8085748963058,61,150.0506624913193,4,7,0.5714285714285714
440,8.991193654946983,16,7.84685991704464,290,150.04379057399532,5,10,0.5
545,11.136819413513876,16,7.84685991704464,190,150.02413211395896,5,9,0.5555555555555556
182,3.7190846481826156,16,7.84685991704464,6,150.02195382145032,17,26,0.6538461538461539
355,7.2542585170594975,20,9.8085748963058,20,150.01044280727663,7,13,0.5384615384615384
634,12.955492675537243,3,1.47128623444587,96,150.00120798989684,4,8,0.5
592,12.097242372110486,4,1.96171497926116,137,149.99635913897976,5,8,0.625
664,13.568528606556356,20,9.8085748963058,67,149.96610901799696,3,7,0.42857142857142855
276,5.639930565375835,3,1.47128623444587,178,149.9660771587001,10,17,0.5882352941176471
244,4.986025572288781,3,1.47128623444587,0,149.96302690208108,10,19,0.5263157894736842
485,9.910747551475652,6,2.94257246889174,246,149.9611237273063,6,10,0.6
444,9.072931779082865,6,2.94257246889174,287,149.95818722335198,4,10,0.4
439,8.970759123913012,6,2.94257246889174,292,149.95458357491074,5,10,0.5
243,4.965591041254811,12,5.88514493778348,2,149.94760433593507,11,20,0.55
409,8.3577231928939,8,3.92342995852232,321,149.93863277896872,5,11,0.45454545454545453
110,2.2477984137367457,20,9.8085748963058,71,149.9279066830493,19,42,0.4523809523809524
618,12.628540178993717,12,5.88514493778348,113,149.92173860689607,4,8,0.5
698,14.26330266171135,20,9.8085748963058,30,149.9182916491585,3,7,0.42857142857142855
454,9.277277089422569,16,7.84685991704464,280,149.9083218597831,7,10,0.7
523,10.687259730766527,4,1.96171497926116,207,149.90379590398703,5,9,0.5555555555555556
374,7.642514606704935,20,9.8085748963058,355,149.9012374708353,6,12,0.5
248,5.067763696424663,4,1.96171497926116,236,149.898938001807,9,18,0.5
700,14.304171723779291,16,7.84685991704464,31,149.89880439319822,3,7,0.42857142857142855
664,13.568528606556356,4,1.96171497926116,67,149.8883656031534,3,7,0.42857142857142855
372,7.601645544636995,20,9.8085748963058,358,149.8863296597852,6,12,0.5
651,13.30287970311474,16,7.84685991704464,79,149.88489074717927,3,7,0.42857142857142855
647,13.221141578978859,16,7.84685991704464,83,149.88470567910022,4,8,0.5
663,13.548094075522386,16,7.84685991704464,68,149.84790620762814,3,7,0.42857142857142855
540,11.034646758344024,6,2.94257246889174,190,149.84270277314442,6,9,0.6666666666666666
441,9.011628185980953,16,7.84685991704464,290,149.84265135228156,4,10,0.4
493,10.074223799747415,12,5.88514493778348,238,149.83976956977264,5,9,0.5555555555555556
124,2.5338818482123315,8,3.92342995852232,112,149.828150966261,18,37,0.4864864864864865
421,8.602937565301545,20,9.8085748963058,315,149.82470847104375,3,11,0.2727272727272727
280,5.721668689511716,16,7.84685991704464,170,149.8207666425128,5,16,0.3125
659,13.466355951386504,16,7.84685991704464,71,149.80306897270955,3,7,0.42857142857142855
371,7.581211013603024,16,7.84685991704464,361,149.8007633874734,4,12,0.3333333333333333
732,14.958076716866344,3,1.47128623444587,731,149.79015638842196,5,6,0.8333333333333334
132,2.697358096484095,16,7.84685991704464,67,149.78794732469825,17,35,0.4857142857142857
493,10.074223799747415,16,7.84685991704464,236,149.78786506910836,6,9,0.6666666666666666
519,10.605521606630646,6,2.94257246889174,212,149.78150012680652,5,9,0.5555555555555556
511,10.442045358358882,8,3.92342995852232,220,149.77719744669207,6,9,0.6666666666666666
542,11.075515820411965,8,3.92342995852232,188,149.7707871282991,5,9,0.5555555555555556
649,13.2620106410468,4,1.96171497926116,82,149.76995503006796,3,8,0.375
714,14.590255158254877,16,7.84685991704464,17,149.75230635274323,6,7,0.8571428571428571
280,5.721668689511716,12,5.88514493778348,170,149.7471863473778,5,16,0.3125
424,8.664241158403456,4,1.96171497926116,310,149.7377917092755,3,11,0.2727272727272727
711,14.528951565152965,6,2.94257246889174,18,149.7339891324492,5,7,0.7142857142857143
657,13.425486889318563,16,7.84685991704464,75,149.72916089901454,3,7,0.42857142857142855
247,5.047329165390693,20,9.8085748963058,241,149.72419707921128,7,18,0.3888888888888889
537,10.973343165242113,6,2.94257246889174,195,149.70535022393358,5,9,0.5555555555555556
61,1.2465063930721954,16,7.84685991704464,0,149.7013559083577,42,76,0.5526315789473685
695,14.201999068609439,16,7.84685991704464,37,149.69588652395714,3,7,0.42857142857142855
668,13.650266730692238,4,1.96171497926116,63,149.69499211731662,3,7,0.42857142857142855
568,11.606813627295196,20,9.8085748963058,160,149.6923105102395,6,8,0.75
278,5.6807996274437755,12,5.88514493778348,173,149.69035018537323,6,17,0.35294117647058826
526,10.748563323868439,12,5.88514493778348,204,149.68956866163495,4,9,0.4444444444444444
349,7.131651330855675,12,5.88514493778348,34,149.68053285248254,7,14,0.5
443,9.052497248048894,12,5.88514493778348,288,149.67672912739496,4,10,0.4
366,7.479038358433172,6,2.94257246889174,365,149.67123728585983,7,12,0.5833333333333334
501,10.237700048019178,3,1.47128623444587,229,149.6693967903384,3,9,0.3333333333333333
444,9.072931779082865,12,5.88514493778348,287,149.66370133078328,4,10,0.4
557,11.382033785921521,4,1.96171497926116,174,149.65968480873485,4,9,0.4444444444444444
256,5.231239944696426,12,5.88514493778348,221,149.6562644060983,9,18,0.5
642,13.118968923809007,20,9.8085748963058,86,149.6517444898154,6,8,0.75
479,9.788140365271829,6,2.94257246889174,251,149.64170925719432,6,10,0.6
414,8.459895848063752,4,1.96171497926116,316,149.63572903214262,4,11,0.36363636363636365
407,8.31685413082596,6,2.94257246889174,325,149.6253357345916,6,11,0.5454545454545454
525,10.728128792834468,16,7.84685991704464,204,149.61453935929362,5,9,0.5555555555555556
633,12.935058144503273,3,1.47128623444587,98,149.6079721230383,4,8,0.5
662,13.527659544488415,16,7.84685991704464,68,149.60769914280468,3,7,0.42857142857142855
669,13.670701261726208,4,1.96171497926116,62,149.59439025279846,4,7,0.5714285714285714
261,5.3334125998662785,6,2.94257246889174,210,149.58734696692682,8,17,0.47058823529411764
356,7.274693048093468,20,9.8085748963058,16,149.58362996282872,8,13,0.6153846153846154
492,10.053789268713444,4,1.96171497926116,239,149.5789751644778,5,9,0.5555555555555556
152,3.106048717163503,12,5.88514493778348,123,149.55566664732117,21,30,0.7
297,6.069055717089213,8,3.92342995852232,137,149.54529811434628,11,16,0.6875
659,13.466355951386504,4,1.96171497926116,71,149.53438976004801,3,7,0.42857142857142855
699,14.28373719274532,16,7.84685991704464,32,149.53128597219825,3,7,0.42857142857142855
656,13.405052358284593,12,5.88514493778348,75,149.53088051161086,4,7,0.5714285714285714
482,9.84944395837374,8,3.92342995852232,247,149.52903875055335,8,10,0.8
658,13.445921420352533,3,1.47128623444587,72,149.51944986734418,3,7,0.42857142857142855
639,13.057665330707096,6,2.94257246889174,91,149.5181215228056,5,8,0.625
663,13.548094075522386,4,1.96171497926116,68,149.51171677368336,3,7,0.42857142857142855
692,14.140695475507528,20,9.8085748963058,36,149.4880408686756,5,7,0.7142857142857143
656,13.405052358284593,6,2.94257246889174,75,149.48532742166606,4,7,0.5714285714285714
426,8.705110220471397,4,1.96171497926116,304,149.48371585121203,4,11,0.36363636363636365
357,7.295127579127438,20,9.8085748963058,18,149.47331912357942,8,13,0.6153846153846154
520,10.625956137664616,12,5.88514493778348,210,149.46780988064003,5,9,0.5555555555555556
558,11.402468316955492,20,9.8085748963058,172,149.4627090285233,4,8,0.5
559,11.422902847989462,20,9.8085748963058,170,149.4474365636862,4,8,0.5
525,10.728128792834468,12,5.88514493778348,205,149.43370912103748,5,9,0.5555555555555556
480,9.8085748963058,4,1.96171497926116,250,149.4326195976682,6,10,0.6
466,9.522491461830214,20,9.8085748963058,264,149.4259654683807,6,10,0.6
458,9.35901521355845,6,2.94257246889174,271,149.41912855667445,7,10,0.7
160,3.2695249654352665,20,9.8085748963058,86,149.40724177294615,17,29,0.5862068965517241
641,13.098534392775036,6,2.94257246889174,89,149.39539735051898,5,8,0.625
731,14.937642185832374,4,1.96171497926116,1,149.3872026365744,5,7,0.7142857142857143
360,7.35643117222935,6,2.94257246889174,12,149.38468462358,7,13,0.5384615384615384
204,4.168644330929965,20,9.8085748963058,115,149.38258063664404,14,23,0.6086956521739131
396,8.092074289452285,16,7.84685991704464,328,149.3797604436638,7,11,0.6363636363636364
207,4.229947924031876,20,9.8085748963058,109,149.37003391821,9,22,0.4090909090909091
695,14.201999068609439,20,9.8085748963058,37,149.3678249377502,3,7,0.42857142857142855
709,14.488082503085025,3,1.47128623444587,21,149.35871665276153,4,7,0.5714285714285714
332,6.784264303278178,20,9.8085748963058,69,149.35866185019333,7,14,0.5
440,8.991193654946983,4,1.96171497926116,291,149.3576119840779,5,10,0.5
291,5.946448530885391,6,2.94257246889174,152,149.35280838440704,15,16,0.9375
619,12.648974710027687,20,9.8085748963058,114,149.3504554189811,6,8,0.75
117,2.3908401309745386,8,3.92342995852232,29,149.34553232794448,24,40,0.6
551,11.259426599717699,8,3.92342995852232,180,149.3340682619594,6,9,0.6666666666666666
602,12.30158768245019,20,9.8085748963058,135,149.33123296613684,5,8,0.625
510,10.421610827324912,6,2.94257246889174,220,149.31844999222625,6,9,0.6666666666666666
698,14.26330266171135,8,3.92342995852232,33,149.31391833411,3,7,0.42857142857142855
438,8.950324592879042,12,5.88514493778348,294,149.29801694770262,5,10,0.5
340,6.947740551549941,6,2.94257246889174,51,149.29787919336283,8,14,0.5714285714285714
723,14.77416593756061,16,7.84685991704464,5,149.29611200065284,5,7,0.7142857142857143
56,1.1443337379023433,8,3.92342995852232,2,149.29514818191635,48,83,0.5783132530120482
647,13.221141578978859,4,1.96171497926116,84,149.28829256197452,4,8,0.5
695,14.201999068609439,12,5.88514493778348,37,149.28401912958296,3,7,0.42857142857142855
516,10.544218013528734,3,1.47128623444587,214,149.27695035549158,4,9,0.4444444444444444
698,14.26330266171135,16,7.84685991704464,32,149.2763627429742,3,7,0.42857142857142855
102,2.0843221654649824,16,7.84685991704464,11,149.272740885222,30,46,0.6521739130434783
652,13.323314234148711,4,1.96171497926116,79,149.27113479275047,3,7,0.42857142857142855
285,5.823841344681568,20,9.8085748963058,156,149.27099556776645,8,16,0.5
349,7.131651330855675,16,7.84685991704464,34,149.26581249023744,7,14,0.5
692,14.140695475507528,12,5.88514493778348,37,149.26567863593485,5,7,0.7142857142857143
616,12.587671116925776,6,2.94257246889174,114,149.26462547854777,4,8,0.5
204,4.168644330929965,16,7.84685991704464,119,149.22934158569407,12,23,0.5217391304347826
431,8.80728287564125,3,1.47128623444587,299,149.2195803426686,8,11,0.7272727272727273
565,11.545510034193285,3,1.47128623444587,164,149.21266557803372,5,8,0.625
710,14.508517034118995,4,1.96171497926116,20,149.21049395305437,5,7,0.7142857142857143
716,14.631124220322818,8,3.92342995852232,15,149.19174795349198,6,7,0.8571428571428571
255,5.210805413662456,20,9.8085748963058,225,149.1848556875158,10,18,0.5555555555555556
508,10.380741765256971,3,1.47128623444587,220,149.18244524488972,5,9,0.5555555555555556
705,14.406344378949143,3,1.47128623444587,26,149.17571373929343,4,7,0.5714285714285714
701,14.324606254813261,6,2.94257246889174,29,149.16776824464242,3,7,0.42857142857142855
667,13.629832199658267,4,1.96171497926116,63,149.16315442163625,3,7,0.42857142857142855
569,11.627248158329166,20,9.8085748963058,159,149.16068049206459,6,8,0.75
215,4.393424172303639,16,7.84685991704464,86,149.14839418369678,9,22,0.4090909090909091
661,13.507225013454445,16,7.84685991704464,70,149.14818221385377,3,7,0.42857142857142855
714,14.590255158254877,20,9.8085748963058,17,149.1478371972986,6,7,0.8571428571428571
495,10.115092861815356,4,1.96171497926116,237,149.13484796045876,4,9,0.4444444444444444
657,13.425486889318563,4,1.96171497926116,75,149.13296871700356,3,7,0.42857142857142855
202,4.127775268862024,8,3.92342995852232,123,149.13123324204767,14,23,0.6086956521739131
101,2.063887634431012,8,3.92342995852232,25,149.1282689917792,30,46,0.6521739130434783
215,4.393424172303639,12,5.88514493778348,86,149.11604491657246,9,22,0.4090909090909091
669,13.670701261726208,20,9.8085748963058,62,149.1121053337377,4,7,0.5714285714285714
554,11.32073019281961,4,1.96171497926116,178,149.10326052152186,6,9,0.6666666666666666
374,7.642514606704935,8,3.92342995852232,357,149.08923345421226,6,12,0.5
643,13.139403454842977,6,2.94257246889174,87,149.08811956446823,5,8,0.625
280,5.721668689511716,20,9.8085748963058,170,149.08562433226288,5,16,0.3125
275,5.619496034341864,6,2.94257246889174,181,149.08402807448584,12,17,0.7058823529411765
697,14.24286813067738,8,3.92342995852232,34,149.0820269815056,3,7,0.42857142857142855
502,10.258134579053149,4,1.96171497926116,229,149.07210192317794,4,9,0.4444444444444444
193,3.94386448955629,20,9.8085748963058,156,149.064938398405,16,24,0.6666666666666666
112,2.2886674758046865,12,5.88514493778348,62,149.0541672223652,23,41,0.5609756097560976
438,8.950324592879042,8,3.92342995852232,294,149.05162785285827,5,10,0.5
121,2.4725782551104203,12,5.88514493778348,5,149.03646243403898,22,39,0.5641025641025641
699,14.28373719274532,20,9.8085748963058,29,149.02608268793037,3,7,0.42857142857142855
474,9.685967710101977,20,9.8085748963058,256,149.02420473138247,7,10,0.7
632,12.914623613469303,4,1.96171497926116,99,149.01746314275752,5,8,0.625
476,9.726836772169918,6,2.94257246889174,253,149.01626410121204,7,10,0.7
668,13.650266730692238,20,9.8085748963058,61,149.0130643128229,3,7,0.42857142857142855
652,13.323314234148711,16,7.84685991704464,78,149.0120460393412,3,7,0.42857142857142855
526,10.748563323868439,16,7.84685991704464,204,149.01164985953173,4,9,0.4444444444444444
411,8.39859225496184,20,9.8085748963058,324,149.01098241237327,5,11,0.45454545454545453
519,10.605521606630646,20,9.8085748963058,209,148.9988678724472,5,9,0.5555555555555556
545,11.136819413513876,12,5.88514493778348,186,148.99867987641085,4,9,0.4444444444444444
521,10.646390668698587,16,7.84685991704464,214,148.99487014961093,4,9,0.4444444444444444
617,12.608105647959746,12,5.88514493778348,113,148.984400258579,4,8,0.5
367,7.4994728894671425,4,1.96171497926116,364,148.97134661965188,6,12,0.5
467,9.542925992864184,20,9.8085748963058,261,148.94739154165,6,10,0.6
246,5.026894634356722,12,5.88514493778348,238,148.9304581558497,10,18,0.5555555555555556
454,9.277277089422569,12,5.88514493778348,278,148.92817181735754,7,10,0.7
536,10.952908634208143,12,5.88514493778348,196,148.9252648737139,5,9,0.5555555555555556
430,8.786848344607279,6,2.94257246889174,301,148.91502360036483,7,11,0.6363636363636364
500,10.217265516985208,4,1.96171497926116,231,148.90994345811276,4,9,0.4444444444444444
552,11.27986113075167,20,9.8085748963058,174,148.9054105870222,5,9,0.5555555555555556
421,8.602937565301545,16,7.84685991704464,315,148.90246189463235,3,11,0.2727272727272727
373,7.622080075670965,20,9.8085748963058,355,148.89904287568496,6,12,0.5
213,4.3525551102356985,16,7.84685991704464,91,148.86668747089504,9,22,0.4090909090909091
178,3.637346524046734,16,7.84685991704464,17,148.86547463878048,15,26,0.5769230769230769
408,8.33728866185993,3,1.47128623444587,322,148.84755193830262,6,11,0.5454545454545454
693,14.161130006541498,16,7.84685991704464,35,148.82389011145884,5,7,0.7142857142857143
339,6.927306020515971,8,3.92342995852232,52,148.8155597818157,9,14,0.6428571428571429
442,9.032062717014924,16,7.84685991704464,288,148.81220457592994,4,10,0.4
661,13.507225013454445,4,1.96171497926116,70,148.80663155908144,3,7,0.42857142857142855
526,10.748563323868439,8,3.92342995852232,204,148.80054819914943,4,9,0.4444444444444444
640,13.078099861741066,6,2.94257246889174,91,148.79589905515886,5,8,0.625
655,13.384617827250622,4,1.96171497926116,76,148.79355876970885,3,7,0.42857142857142855
616,12.587671116925776,16,7.84685991704464,113,148.79275103156436,4,8,0.5
660,13.486790482420474,16,7.84685991704464,70,148.78332426982865,3,7,0.42857142857142855
521,10.646390668698587,8,3.92342995852232,209,148.7790988250556,4,9,0.4444444444444444
538,10.993777696276084,16,7.84685991704464,193,148.7646438511266,5,9,0.5555555555555556
78,1.5938934206496924,20,9.8085748963058,30,148.74596983998285,31,60,0.5166666666666667
723,14.77416593756061,12,5.88514493778348,6,148.71930425596577,5,7,0.7142857142857143
365,7.458603827399202,12,5.88514493778348,2,148.69338023693211,7,13,0.5384615384615384
707,14.447213441017084,3,1.47128623444587,24,148.69328483781584,4,7,0.5714285714285714
635,12.975927206571214,3,1.47128623444587,95,148.69285846580493,4,8,0.5
570,11.647682689363137,20,9.8085748963058,158,148.68905484161064,5,8,0.625
412,8.419026785995811,4,1.96171497926116,319,148.68823144238667,5,11,0.45454545454545453
545,11.136819413513876,8,3.92342995852232,186,148.67534552691632,4,9,0.4444444444444444
428,8.745979282539338,4,1.96171497926116,303,148.66329741396183,7,11,0.6363636363636364
696,14.22243359964341,8,3.92342995852232,35,148.64416106361642,3,7,0.42857142857142855
351,7.172520392923616,20,9.8085748963058,26,148.6414013808315,8,14,0.5714285714285714
556,11.361599254887551,4,1.96171497926116,175,148.64106028505392,4,9,0.4444444444444444
207,4.229947924031876,16,7.84685991704464,108,148.60979402758431,10,22,0.45454545454545453
654,13.364183296216652,4,1.96171497926116,77,148.59687439182255,3,7,0.42857142857142855
405,8.275985068758018,20,9.8085748963058,321,148.5960399340097,7,11,0.6363636363636364
546,11.157253944547847,3,1.47128623444587,186,148.5933391530984,5,9,0.5555555555555556
126,2.5747509102802724,12,5.88514493778348,111,148.58795286397515,21,36,0.5833333333333334
706,14.426778909983113,3,1.47128623444587,24,148.5868812166358,4,7,0.5714285714285714
541,11.055081289377995,6,2.94257246889174,189,148.5627403822483,5,9,0.5555555555555556
618,12.628540178993717,6,2.94257246889174,113,148.5535780691941,4,8,0.5
350,7.1520858618896455,8,3.92342995852232,30,148.551513241445,8,14,0.5714285714285714
520,10.625956137664616,16,7.84685991704464,209,148.54446468282114,5,9,0.5555555555555556
537,10.973343165242113,16,7.84685991704464,194,148.54124611294498,5,9,0.5555555555555556
411,8.39859225496184,12,5.88514493778348,321,148.53216837541405,6,11,0.5454545454545454
540,11.034646758344024,20,9.8085748963058,190,148.52619035747145,5,9,0.5555555555555556
617,12.608105647959746,8,3.92342995852232,114,148.5226915893076,4,8,0.5
113,2.309102006838657,20,9.8085748963058,52,148.51958467736998,24,41,0.5853658536585366
619,12.648974710027687,4,1.96171497926116,112,148.50887209242816,4,8,0.5
138,2.8199652826879174,20,9.8085748963058,40,148.496946957955,21,34,0.6176470588235294
350,7.1520858618896455,20,9.8085748963058,31,148.48190401728056,8,14,0.5714285714285714
373,7.622080075670965,12,5.88514493778348,357,148.47940249009787,6,12,0.5
435,8.88902099977713,6,2.94257246889174,295,148.47006131539365,8,10,0.8
481,9.82900942733977,6,2.94257246889174,249,148.46232835611664,8,10,0.8
631,12.894189082435332,12,5.88514493778348,101,148.46072758643277,5,8,0.625
372,7.601645544636995,3,1.47128623444587,358,148.45248288735567,6,12,0.5
395,8.071639758418314,8,3.92342995852232,334,148.441420115158,7,11,0.6363636363636364
525,10.728128792834468,20,9.8085748963058,203,148.43034658545133,5,9,0.5555555555555556
272,5.558192441239953,20,9.8085748963058,191,148.4281309175765,8,17,0.47058823529411764
646,13.200707047944888,12,5.88514493778348,87,148.39985857950043,4,8,0.5
300,6.130359310191125,20,9.8085748963058,131,148.3979362257246,11,16,0.6875
520,10.625956137664616,8,3.92342995852232,211,148.39680308520582,5,9,0.5555555555555556
250,5.108632758492604,8,3.92342995852232,229,148.3880896324097,9,18,0.5
559,11.422902847989462,4,1.96171497926116,172,148.38205788943773,4,8,0.5
722,14.75373140652664,6,2.94257246889174,8,148.38054775950002,5,7,0.7142857142857143
553,11.30029566178564,16,7.84685991704464,179,148.37345045317008,6,9,0.6666666666666666
625,12.77158189623151,20,9.8085748963058,101,148.3697655852999,4,8,0.5
623,12.730712834163569,3,1.47128623444587,107,148.36659451698114,5,8,0.625
411,8.39859225496184,16,7.84685991704464,324,148.35672925627867,5,11,0.45454545454545453
357,7.295127579127438,12,5.88514493778348,18,148.34898141608159,8,13,0.6153846153846154
341,6.968175082583912,3,1.47128623444587,50,148.33769109485416,7,14,0.5
691,14.120260944473557,8,3.92342995852232,38,148.33547370549093,5,7,0.7142857142857143
693,14.161130006541498,20,9.8085748963058,35,148.3221113758662,5,7,0.7142857142857143
594,12.138111434178427,16,7.84685991704464,132,148.3160724522286,6,8,0.75
643,13.139403454842977,20,9.8085748963058,86,148.31318119067643,5,8,0.625
714,14.590255158254877,12,5.88514493778348,17,148.3039153517374,6,7,0.8571428571428571
235,4.802114792983048,20,9.8085748963058,18,148.24320216309215,13,20,0.65
625,12.77158189623151,16,7.84685991704464,103,148.24062088045875,4,8,0.5
349,7.131651330855675,20,9.8085748963058,33,148.22040688668483,7,14,0.5
662,13.527659544488415,3,1.47128623444587,68,148.21738306145284,3,7,0.42857142857142855
486,9.931182082509622,3,1.47128623444587,244,148.21397294072506,6,10,0.6
583,11.913331592804752,4,1.96171497926116,149,148.2047151045918,8,8,1.0
552,11.27986113075167,12,5.88514493778348,178,148.191390595205,6,9,0.6666666666666666
252,5.149501820560545,4,1.96171497926116,228,148.18804273580346,10,18,0.5555555555555556
238,4.863418386084959,20,9.8085748963058,10,148.17422140332937,12,20,0.6
539,11.014212227310054,4,1.96171497926116,191,148.1497291859599,6,9,0.6666666666666666
279,5.701234158477746,20,9.8085748963058,169,148.1481446813847,6,17,0.35294117647058826
207,4.229947924031876,12,5.88514493778348,108,148.11859307698495,10,22,0.45454545454545453
95,1.9412804482271895,8,3.92342995852232,53,148.0993626378468,30,49,0.6122448979591837
371,7.581211013603024,6,2.94257246889174,361,148.0953721798586,4,12,0.3333333333333333
649,13.2620106410468,20,9.8085748963058,80,148.09292666611222,3,8,0.375
729,14.896773123764433,6,2.94257246889174,2,148.08619338450353,5,7,0.7142857142857143
197,4.025602613692172,4,1.96171497926116,138,148.081839733035,15,23,0.6521739130434783
465,9.502056930796243,16,7.84685991704464,266,148.08016697550696,7,10,0.7
550,11.238992068683729,4,1.96171497926116,180,148.07711588733306,7,9,0.7777777777777778
255,5.210805413662456,16,7.84685991704464,222,148.06110934074948,11,18,0.6111111111111112
282,5.762537751579657,6,2.94257246889174,165,148.04027763861515,6,16,0.375
644,13.159837985876948,12,5.88514493778348,86,148.03584737153187,5,8,0.625
615,12.567236585891806,4,1.96171497926116,116,148.03329842316228,4,8,0.5
277,5.660365096409805,4,1.96171497926116,178,148.0332609213611,8,17,0.47058823529411764
521,10.646390668698587,20,9.8085748963058,214,148.0227452762414,4,9,0.4444444444444444
636,12.996361737605184,3,1.47128623444587,94,148.01948933930842,4,8,0.5
700,14.304171723779291,20,9.8085748963058,28,148.01644009084788,3,7,0.42857142857142855
618,12.628540178993717,16,7.84685991704464,113,148.0130107843339,4,8,0.5
728,14.876338592730463,20,9.8085748963058,6,148.01283597968,6,7,0.8571428571428571
378,7.724252730840817,4,1.96171497926116,355,148.0112319389955,8,12,0.6666666666666666
335,6.845567896380089,8,3.92342995852232,62,148.00857577251708,9,14,0.6428571428571429
526,10.748563323868439,20,9.8085748963058,204,147.9919583930015,4,9,0.4444444444444444
144,2.94257246889174,12,5.88514493778348,12,147.98482911225355,28,33,0.8484848484848485
436,8.909455530811101,20,9.8085748963058,286,147.98049712358554,7,10,0.7
57,1.1647682689363137,20,9.8085748963058,50,147.94693123705875,42,81,0.5185185185185185
527,10.768997854902409,12,5.88514493778348,203,147.94325895970357,4,9,0.4444444444444444
333,6.804698834312148,6,2.94257246889174,64,147.9428611817246,8,14,0.5714285714285714
114,2.3295365378726274,8,3.92342995852232,50,147.930420980943,23,41,0.5609756097560976
355,7.2542585170594975,16,7.84685991704464,21,147.91303572626813,8,13,0.6153846153846154
581,11.872462530736811,12,5.88514493778348,152,147.9102022100803,7,8,0.875
728,14.876338592730463,16,7.84685991704464,5,147.89475899580614,6,7,0.8571428571428571
660,13.486790482420474,4,1.96171497926116,71,147.8774248354818,3,7,0.42857142857142855
694,14.181564537575468,16,7.84685991704464,36,147.87447794835327,4,7,0.5714285714285714
306,6.252966496394947,6,2.94257246889174,118,147.87140340727643,10,15,0.6666666666666666
653,13.343748765182681,4,1.96171497926116,78,147.8621966117347,3,7,0.42857142857142855
351,7.172520392923616,16,7.84685991704464,28,147.8603968922193,7,14,0.5
468,9.563360523898154,20,9.8085748963058,258,147.85874896284636,6,10,0.6
55,1.1238992068683729,20,9.8085748963058,17,147.83958291537976,44,84,0.5238095238095238
622,12.710278303129598,3,1.47128623444587,108,147.82737037219954,5,8,0.625
212,4.332120579201728,12,5.88514493778348,96,147.816917512538,8,22,0.36363636363636365
653,13.343748765182681,16,7.84685991704464,77,147.81495736723562,3,7,0.42857142857142855
553,11.30029566178564,20,9.8085748963058,178,147.81367218963533,6,9,0.6666666666666666
411,8.39859225496184,8,3.92342995852232,321,147.80307343490378,6,11,0.5454545454545454
536,10.952908634208143,8,3.92342995852232,195,147.8018211040026,5,9,0.5555555555555556
146,2.9834415309596807,8,3.92342995852232,3,147.7986780474723,19,32,0.59375
364,7.438169296365231,20,9.8085748963058,5,147.7973860762792,8,13,0.6153846153846154
518,10.585087075596675,3,1.47128623444587,212,147.7936500802113,4,9,0.4444444444444444
569,11.627248158329166,6,2.94257246889174,161,147.78749363148174,6,8,0.75
699,14.28373719274532,6,2.94257246889174,32,147.78703673188818,3,7,0.42857142857142855
72,1.47128623444587,12,5.88514493778348,12,147.7784479233889,30,65,0.46153846153846156
257,5.251674475730397,8,3.92342995852232,217,147.77300772924363,12,18,0.6666666666666666
625,12.77158189623151,12,5.88514493778348,103,147.74400193463086,4,8,0.5
651,13.30287970311474,3,1.47128623444587,79,147.73830107577828,3,7,0.42857142857142855
617,12.608105647959746,16,7.84685991704464,113,147.7358139375454,4,8,0.5
648,13.24157611001283,3,1.47128623444587,82,147.73445020221732,3,8,0.375
410,8.37815772392787,16,7.84685991704464,318,147.72708979687567,5,11,0.45454545454545453
417,8.521199441165663,12,5.88514493778348,315,147.72584608935432,4,11,0.36363636363636365
553,11.30029566178564,12,5.88514493778348,179,147.72081808691632,6,9,0.6666666666666666
642,13.118968923809007,6,2.94257246889174,88,147.70999301723432,6,8,0.75
499,10.196830985951237,3,1.47128623444587,229,147.70356167302847,3,9,0.3333333333333333
427,8.725544751505367,4,1.96171497926116,303,147.69476797325078,4,11,0.36363636363636365
517,10.564652544562705,3,1.47128623444587,214,147.689391553585,4,9,0.4444444444444444
459,9.37944974459242,16,7.84685991704464,267,147.67459451438427,7,10,0.7
494,10.094658330781385,8,3.92342995852232,240,147.67277748224885,4,9,0.4444444444444444
413,8.439461317029782,4,1.96171497926116,318,147.66825477455131,6,11,0.5454545454545454
522,10.666825199732557,3,1.47128623444587,210,147.66619777802867,5,9,0.5555555555555556
542,11.075515820411965,6,2.94257246889174,188,147.6634759298919,5,9,0.5555555555555556
493,10.074223799747415,8,3.92342995852232,238,147.65494896361287,5,9,0.5555555555555556
512,10.462479889392853,6,2.94257246889174,220,147.64891601208117,5,9,0.5555555555555556
649,13.2620106410468,3,1.47128623444587,81,147.6480082490979,3,8,0.375
97,1.9821495102951303,4,1.96171497926116,54,147.63554964754576,29,48,0.6041666666666666
509,10.401176296290942,4,1.96171497926116,222,147.61701306457297,5,9,0.5555555555555556
237,4.8429838550509885,20,9.8085748963058,16,147.59436831517093,12,20,0.6
382,7.805990854976699,16,7.84685991704464,347,147.59395451143595,9,12,0.75
713,14.569820627220906,16,7.84685991704464,17,147.59275016300057,7,7,1.0
552,11.27986113075167,8,3.92342995852232,178,147.58866330316457,6,9,0.6666666666666666
364,7.438169296365231,16,7.84685991704464,4,147.58296097802585,7,13,0.5384615384615384
538,10.993777696276084,3,1.47128623444587,193,147.58246563848303,5,9,0.5555555555555556
218,4.454727765405551,20,9.8085748963058,68,147.57621734287468,9,21,0.42857142857142855
648,13.24157611001283,20,9.8085748963058,82,147.57495483226492,3,8,0.375
671,13.711570323794149,4,1.96171497926116,60,147.57055069962203,4,7,0.5714285714285714
183,3.739519179216586,8,3.92342995852232,0,147.5653037827093,16,26,0.6153846153846154
631,12.894189082435332,8,3.92342995852232,100,147.56054240294165,5,8,0.625
693,14.161130006541498,12,5.88514493778348,36,147.55995605216847,5,7,0.7142857142857143
650,13.28244517208077,3,1.47128623444587,80,147.5539001611087,3,8,0.375
466,9.522491461830214,12,5.88514493778348,263,147.54647414924713,7,10,0.7
105,2.1456257585668936,16,7.84685991704464,98,147.54104405823057,26,44,0.5909090909090909
279,5.701234158477746,16,7.84685991704464,170,147.53121928008304,6,16,0.375
582,11.892897061770782,6,2.94257246889174,150,147.5282938293408,7,8,0.875
361,7.37686570326332,6,2.94257246889174,8,147.52419837884867,6,13,0.46153846153846156
404,8.255550537724048,20,9.8085748963058,325,147.52200884725553,7,11,0.6363636363636364
280,5.721668689511716,8,3.92342995852232,170,147.51450263078956,5,16,0.3125
355,7.2542585170594975,12,5.88514493778348,20,147.51281801534103,8,13,0.6153846153846154
650,13.28244517208077,20,9.8085748963058,79,147.50160784193875,3,8,0.375
465,9.502056930796243,20,9.8085748963058,267,147.50045516007958,6,10,0.6
478,9.767705834237859,6,2.94257246889174,253,147.49983458275466,6,10,0.6
406,8.296419599791989,20,9.8085748963058,326,147.49568169293102,6,11,0.5454545454545454
719,14.692427813424729,4,1.96171497926116,11,147.48087066240632,6,7,0.8571428571428571
232,4.740811199881136,20,9.8085748963058,42,147.4783462106343,13,20,0.65
466,9.522491461830214,16,7.84685991704464,263,147.47676192605167,7,10,0.7
644,13.159837985876948,8,3.92342995852232,86,147.4673262168322,5,8,0.625
536,10.952908634208143,16,7.84685991704464,196,147.4596845363733,5,9,0.5555555555555556
566,11.565944565227255,4,1.96171497926116,164,147.4568641082035,6,8,0.75
109,2.2273638827027753,20,9.8085748963058,58,147.45330526443485,22,42,0.5238095238095238
415,8.480330379097722,4,1.96171497926116,316,147.44694154947769,4,11,0.36363636363636365
131,2.6769235654501244,4,1.96171497926116,73,147.43432078702213,18,35,0.5142857142857142
624,12.75114736519754,4,1.96171497926116,106,147.42204609911585,5,8,0.625
525,10.728128792834468,8,3.92342995852232,205,147.40673109757486,5,9,0.5555555555555556
694,14.181564537575468,20,9.8085748963058,36,147.40288490766713,4,7,0.5714285714285714
332,6.784264303278178,16,7.84685991704464,66,147.39296699083638,7,14,0.5
655,13.384617827250622,16,7.84685991704464,75,147.3907092296479,3,7,0.42857142857142855
664,13.568528606556356,3,1.47128623444587,67,147.38260567726746,3,7,0.42857142857142855
69,1.4099826413439587,12,5.88514493778348,39,147.3789424929863,40,67,0.5970149253731343
410,8.37815772392787,12,5.88514493778348,323,147.36500429674575,5,11,0.45454545454545453
122,2.4930127861443907,8,3.92342995852232,0,147.31355586367198,21,38,0.5526315789473685
438,8.950324592879042,6,2.94257246889174,294,147.29667796119344,5,10,0.5
258,5.272109006764367,16,7.84685991704464,214,147.2839741886629,11,18,0.6111111111111112
527,10.768997854902409,8,3.92342995852232,204,147.28230272567578,4,9,0.4444444444444444
441,9.011628185980953,3,1.47128623444587,289,147.27818489113062,4,10,0.4
701,14.324606254813261,20,9.8085748963058,29,147.27526898570733,3,7,0.42857142857142855
369,7.540341951535083,8,3.92342995852232,362,147.27329136813012,5,12,0.4166666666666667
359,7.335996641195379,3,1.47128623444587,12,147.26862471320254,8,13,0.6153846153846154
552,11.27986113075167,16,7.84685991704464,178,147.26221415011648,6,9,0.6666666666666666
190,3.882560896454379,8,3.92342995852232,161,147.26162504501724,15,24,0.625
595,12.158545965212397,20,9.8085748963058,130,147.25276264833704,6,8,0.75
483,9.86987848940771,8,3.92342995852232,246,147.23132774188772,7,10,0.7
545,11.136819413513876,6,2.94257246889174,186,147.2236760833579,4,9,0.4444444444444444
130,2.656489034416154,6,2.94257246889174,83,147.21313232627523,20,36,0.5555555555555556
358,7.315562110161409,6,2.94257246889174,16,147.2077501188897,8,13,0.6153846153846154
443,9.052497248048894,4,1.96171497926116,288,147.19097859367804,4,10,0.4
438,8.950324592879042,16,7.84685991704464,294,147.1864539480574,5,10,0.5
659,13.466355951386504,3,1.47128623444587,71,147.16980630585883,3,7,0.42857142857142855
723,14.77416593756061,8,3.92342995852232,7,147.16684033235734,5,7,0.7142857142857143
499,10.196830985951237,4,1.96171497926116,229,147.16274902724237,3,9,0.3333333333333333
409,8.3577231928939,6,2.94257246889174,321,147.1520394052269,5,11,0.45454545454545453
654,13.364183296216652,16,7.84685991704464,76,147.14058976023756,3,7,0.42857142857142855
455,9.297711620456539,4,1.96171497926116,276,147.1305352494961,7,10,0.7
658,13.445921420352533,20,9.8085748963058,71,147.1229416848022,3,7,0.42857142857142855
521,10.646390668698587,6,2.94257246889174,209,147.11666372960195,4,9,0.4444444444444444
638,13.037230799673125,4,1.96171497926116,93,147.11480619462913,5,8,0.625
375,7.662949137738906,20,9.8085748963058,352,147.1039535348664,6,12,0.5
698,14.26330266171135,6,2.94257246889174,33,147.09320089474932,3,7,0.42857142857142855
614,12.546802054857835,3,1.47128623444587,116,147.09063850767544,4,8,0.5
344,7.029478675685823,6,2.94257246889174,42,147.0901958491874,9,14,0.6428571428571429
261,5.3334125998662785,16,7.84685991704464,210,147.07018657574372,8,17,0.47058823529411764
670,13.691135792760178,3,1.47128623444587,60,147.0597307577949,4,7,0.5714285714285714
663,13.548094075522386,20,9.8085748963058,68,147.0584100184948,3,7,0.42857142857142855
551,11.259426599717699,6,2.94257246889174,180,147.05587316528405,6,9,0.6666666666666666
616,12.587671116925776,20,9.8085748963058,111,147.0534880705626,4,8,0.5
694,14.181564537575468,12,5.88514493778348,36,147.04201782760103,4,7,0.5714285714285714
214,4.372989641269669,8,3.92342995852232,89,147.03297629735303,11,22,0.5
240,4.9042874481529,20,9.8085748963058,10,147.01443481901657,11,20,0.55
492,10.053789268713444,3,1.47128623444587,238,147.01386345399305,6,9,0.6666666666666666
223,4.556900420575403,20,9.8085748963058,62,147.0106376334753,9,21,0.42857142857142855
646,13.200707047944888,8,3.92342995852232,87,146.99564829637066,4,8,0.5
345,7.049913206719793,8,3.92342995852232,39,146.9861648618946,9,14,0.6428571428571429
184,3.7599537102505565,20,9.8085748963058,174,146.97770463576828,14,25,0.56
708,14.467647972051054,3,1.47128623444587,22,146.95303165020513,4,7,0.5714285714285714
161,3.289959496469237,20,9.8085748963058,82,146.9507156225228,17,29,0.5862068965517241
527,10.768997854902409,16,7.84685991704464,202,146.95023304589608,4,9,0.4444444444444444
713,14.569820627220906,12,5.88514493778348,17,146.94595131341396,7,7,1.0
75,1.5325898275477812,16,7.84685991704464,22,146.9345642627812,37,62,0.5967741935483871
387,7.908163510146551,12,5.88514493778348,349,146.92615010228545,8,12,0.6666666666666666
663,13.548094075522386,3,1.47128623444587,67,146.92563879389175,3,7,0.42857142857142855
568,11.606813627295196,4,1.96171497926116,162,146.92113562895682,6,8,0.75
349,7.131651330855675,8,3.92342995852232,34,146.9129430490213,7,14,0.5
656,13.405052358284593,16,7.84685991704464,74,146.88807527098507,4,7,0.5714285714285714
474,9.685967710101977,16,7.84685991704464,257,146.84276229747297,8,10,0.8
496,10.135527392849326,3,1.47128623444587,236,146.81950944282622,4,9,0.4444444444444444
695,14.201999068609439,8,3.92342995852232,37,146.805046934957,3,7,0.42857142857142855
477,9.747271303203888,8,3.92342995852232,253,146.80081946399386,6,10,0.6
120,2.45214372407645,20,9.8085748963058,10,146.80031015107198,21,39,0.5384615384615384
243,4.965591041254811,8,3.92342995852232,2,146.79672285113685,11,20,0.55
108,2.206929351668805,8,3.92342995852232,83,146.79315791526034,22,43,0.5116279069767442
646,13.200707047944888,16,7.84685991704464,87,146.7894862458286,4,8,0.5
127,2.595185441314243,16,7.84685991704464,95,146.77799193804375,22,36,0.6111111111111112
258,5.272109006764367,20,9.8085748963058,213,146.76778361583354,11,18,0.6111111111111112
484,9.890313020441681,16,7.84685991704464,245,146.7663783989556,7,10,0.7
668,13.650266730692238,3,1.47128623444587,62,146.76447435158724,3,7,0.42857142857142855
364,7.438169296365231,12,5.88514493778348,3,146.7554740416183,6,13,0.46153846153846156
697,14.24286813067738,6,2.94257246889174,34,146.73542590201905,3,7,0.42857142857142855
368,7.519907420501113,4,1.96171497926116,362,146.72391748926415,5,12,0.4166666666666667
189,3.8621263654204085,12,5.88514493778348,166,146.70872640956645,18,24,0.75
715,14.610689689288847,8,3.92342995852232,16,146.70713488305165,6,7,0.8571428571428571
443,9.052497248048894,16,7.84685991704464,287,146.70324690599344,4,10,0.4
281,5.742103220545687,4,1.96171497926116,168,146.6999400155446,4,16,0.25
652,13.323314234148711,3,1.47128623444587,78,146.69904816262968,3,7,0.42857142857142855
567,11.586379096261226,4,1.96171497926116,164,146.69894386060736,6,8,0.75
667,13.629832199658267,3,1.47128623444587,63,146.68211020857666,3,7,0.42857142857142855
228,4.659073075745255,3,1.47128623444587,48,146.67866913186728,12,21,0.5714285714285714
571,11.668117220397107,20,9.8085748963058,155,146.67148233685995,5,8,0.625
417,8.521199441165663,8,3.92342995852232,315,146.6694211281581,4,11,0.36363636363636365
712,14.549386096186936,8,3.92342995852232,17,146.66336628186042,6,7,0.8571428571428571
168,3.43300121370703,6,2.94257246889174,59,146.6561954275801,15,28,0.5357142857142857
528,10.78943238593638,12,5.88514493778348,202,146.64687604818062,4,9,0.4444444444444444
647,13.221141578978859,20,9.8085748963058,83,146.62560385754298,4,8,0.5
730,14.917207654798403,4,1.96171497926116,1,146.61876431217115,5,7,0.7142857142857143
137,2.799530751653947,6,2.94257246889174,47,146.61174292306208,21,34,0.6176470588235294
259,5.292543537798338,12,5.88514493778348,213,146.6063320979539,9,18,0.5
52,1.0625956137664616,20,9.8085748963058,42,146.59184480423252,48,89,0.5393258426966292
370,7.560776482569054,4,1.96171497926116,360,146.58906425164358,5,12,0.4166666666666667
700,14.304171723779291,4,1.96171497926116,31,146.57991392940886,3,7,0.42857142857142855
50,1.0217265516985208,16,7.84685991704464,23,146.57416505212512,54,93,0.5806451612903226
617,12.608105647959746,6,2.94257246889174,114,146.5725707892489,4,8,0.5
254,5.190370882628486,8,3.92342995852232,223,146.57250765033578,11,18,0.6111111111111112
631,12.894189082435332,16,7.84685991704464,101,146.57164329193282,5,8,0.625
96,1.96171497926116,20,9.8085748963058,58,146.56486314163493,25,48,0.5208333333333334
444,9.072931779082865,16,7.84685991704464,288,146.55387152649917,5,10,0.5
558,11.402468316955492,3,1.47128623444587,173,146.54464263735213,4,8,0.5
484,9.890313020441681,20,9.8085748963058,243,146.53515153887807,7,10,0.7
571,11.668117220397107,8,3.92342995852232,159,146.5315123036353,7,8,0.875
215,4.393424172303639,8,3.92342995852232,86,146.53047843060008,9,22,0.4090909090909091
651,13.30287970311474,20,9.8085748963058,78,146.52808237564335,3,7,0.42857142857142855
539,11.014212227310054,3,1.47128623444587,190,146.52274597829916,5,9,0.5555555555555556
273,5.5786269722739235,8,3.92342995852232,186,146.51546334760826,9,17,0.5294117647058824
702,14.345040785847232,4,1.96171497926116,27,146.51309009434848,3,7,0.42857142857142855
332,6.784264303278178,12,5.88514493778348,66,146.50545332844078,7,14,0.5
83,1.6960660758195445,20,9.8085748963058,66,146.5030460468912,26,56,0.4642857142857143
104,2.125191227532923,20,9.8085748963058,103,146.5006676593899,23,44,0.5227272727272727
592,12.097242372110486,3,1.47128623444587,136,146.49884595900457,5,8,0.625
442,9.032062717014924,4,1.96171497926116,289,146.48938057327442,4,10,0.4
204,4.168644330929965,8,3.92342995852232,119,146.47657483820984,14,23,0.6086956521739131
414,8.459895848063752,3,1.47128623444587,316,146.47037311579524,4,11,0.36363636363636365
247,5.047329165390693,16,7.84685991704464,240,146.4581777853322,8,18,0.4444444444444444
511,10.442045358358882,6,2.94257246889174,220,146.45602215593402,6,9,0.6666666666666666
417,8.521199441165663,16,7.84685991704464,315,146.42277040446393,4,11,0.36363636363636365
279,5.701234158477746,12,5.88514493778348,172,146.41724782061357,6,16,0.375
440,8.991193654946983,20,9.8085748963058,290,146.41693934231856,5,10,0.5
535,10.932474103174172,12,5.88514493778348,196,146.41467527243262,6,9,0.6666666666666666
356,7.274693048093468,16,7.84685991704464,17,146.41396527455703,9,13,0.6923076923076923
439,8.970759123913012,20,9.8085748963058,292,146.40757628608446,5,10,0.5
527,10.768997854902409,20,9.8085748963058,201,146.3986071382006,4,9,0.4444444444444444
351,7.172520392923616,12,5.88514493778348,29,146.39789637896595,7,14,0.5
258,5.272109006764367,12,5.88514493778348,214,146.39721241307387,11,18,0.6111111111111112
210,4.291251517133787,6,2.94257246889174,102,146.39104191786967,10,22,0.45454545454545453
308,6.293835558462888,20,9.8085748963058,109,146.38903491423946,9,15,0.6
223,4.556900420575403,16,7.84685991704464,61,146.3854186159395,11,21,0.5238095238095238
557,11.382033785921521,3,1.47128623444587,173,146.37932918202307,4,9,0.4444444444444444
728,14.876338592730463,12,5.88514493778348,5,146.3568531124666,6,7,0.8571428571428571
375,7.662949137738906,16,7.84685991704464,353,146.35542793812297,6,12,0.5
426,8.705110220471397,3,1.47128623444587,303,146.35489783329322,4,11,0.36363636363636365
537,10.973343165242113,4,1.96171497926116,195,146.34647412648184,5,9,0.5555555555555556
644,13.159837985876948,16,7.84685991704464,85,146.34313584413707,5,8,0.625
690,14.099826413439587,4,1.96171497926116,39,146.3321398761444,5,7,0.7142857142857143
659,13.466355951386504,20,9.8085748963058,70,146.32429626179908,3,7,0.42857142857142855
138,2.8199652826879174,16,7.84685991704464,40,146.30407711186507,21,34,0.6176470588235294
467,9.542925992864184,16,7.84685991704464,264,146.2984651736694,6,10,0.6
103,2.104756696498953,20,9.8085748963058,5,146.29686367920056,23,45,0.5111111111111111
444,9.072931779082865,4,1.96171497926116,287,146.2925936232078,4,10,0.4
467,9.542925992864184,12,5.88514493778348,264,146.28166873105596,6,10,0.6
169,3.4534357447410002,6,2.94257246889174,55,146.28141656411105,16,28,0.5714285714285714
406,8.296419599791989,16,7.84685991704464,326,146.2738247768702,6,11,0.5454545454545454
657,13.425486889318563,20,9.8085748963058,75,146.2538178716063,3,7,0.42857142857142855
520,10.625956137664616,20,9.8085748963058,210,146.24963993413226,5,9,0.5555555555555556
554,11.32073019281961,3,1.47128623444587,177,146.23821390291536,6,9,0.6666666666666666
702,14.345040785847232,3,1.47128623444587,27,146.20950715842633,3,7,0.42857142857142855
721,14.73329687549267,4,1.96171497926116,10,146.1768544289515,6,7,0.8571428571428571
528,10.78943238593638,8,3.92342995852232,203,146.1635224378383,4,9,0.4444444444444444
660,13.486790482420474,20,9.8085748963058,70,146.1524938248374,3,7,0.42857142857142855
669,13.670701261726208,3,1.47128623444587,62,146.1313153694649,4,7,0.5714285714285714
194,3.9642990205902606,4,1.96171497926116,149,146.11780740744442,13,24,0.5416666666666666
419,8.562068503233604,8,3.92342995852232,312,146.11620747594566,4,11,0.36363636363636365
655,13.384617827250622,3,1.47128623444587,75,146.11186540248534,3,7,0.42857142857142855
696,14.22243359964341,6,2.94257246889174,35,146.10273561987216,3,7,0.42857142857142855
271,5.537757910205983,20,9.8085748963058,189,146.09359826536271,9,17,0.5294117647058824
404,8.255550537724048,16,7.84685991704464,325,146.0745481734797,7,11,0.6363636363636364
526,10.748563323868439,6,2.94257246889174,205,146.07119606180956,4,9,0.4444444444444444
520,10.625956137664616,6,2.94257246889174,210,146.06857070467692,5,9,0.5555555555555556
523,10.687259730766527,3,1.47128623444587,207,146.0560256184374,5,9,0.5555555555555556
661,13.507225013454445,20,9.8085748963058,69,146.01451698432183,3,7,0.42857142857142855
60,1.226071862038225,20,9.8085748963058,6,146.00453765778892,37,78,0.47435897435897434
484,9.890313020441681,12,5.88514493778348,245,145.9930626342197,7,10,0.7
397,8.112508820486255,20,9.8085748963058,327,145.9873893535749,7,11,0.6363636363636364
76,1.5530243585817516,12,5.88514493778348,48,145.9808941118837,33,61,0.5409836065573771
381,7.785556323942728,4,1.96171497926116,348,145.97321990288324,9,12,0.75
654,13.364183296216652,3,1.47128623444587,76,145.9711774650729,3,7,0.42857142857142855
661,13.507225013454445,3,1.47128623444587,70,145.94758583758096,3,7,0.42857142857142855
500,10.217265516985208,3,1.47128623444587,230,145.9465109937149,4,9,0.4444444444444444
524,10.707694261800498,4,1.96171497926116,206,145.94175526265306,5,9,0.5555555555555556
454,9.277277089422569,8,3.92342995852232,278,145.93634320613123,7,10,0.7
502,10.258134579053149,3,1.47128623444587,229,145.89913796912424,4,9,0.4444444444444444
206,4.209513392997906,16,7.84685991704464,113,145.89746067925037,10,22,0.45454545454545453
187,3.8212573033524677,20,9.8085748963058,168,145.8929928012614,14,24,0.5833333333333334
272,5.558192441239953,16,7.84685991704464,188,145.8838039039435,8,17,0.47058823529411764
656,13.405052358284593,4,1.96171497926116,75,145.88034900081567,4,7,0.5714285714285714
255,5.210805413662456,12,5.88514493778348,221,145.87669966504558,12,18,0.6666666666666666
536,10.952908634208143,6,2.94257246889174,195,145.87069845976944,5,9,0.5555555555555556
475,9.706402241135947,4,1.96171497926116,256,145.869639375266,7,10,0.7
644,13.159837985876948,20,9.8085748963058,83,145.8626168458113,5,8,0.625
710,14.508517034118995,3,1.47128623444587,18,145.85266268700514,4,7,0.5714285714285714
106,2.166060289600864,20,9.8085748963058,93,145.83293968924218,19,43,0.4418604651162791
116,2.370405599940568,12,5.88514493778348,43,145.82471469084996,22,40,0.55
662,13.527659544488415,20,9.8085748963058,67,145.8245289430829,3,7,0.42857142857142855
647,13.221141578978859,3,1.47128623444587,83,145.82092100710727,4,8,0.5
284,5.803406813647598,12,5.88514493778348,159,145.8199927661632,8,16,0.5
298,6.089490248123184,12,5.88514493778348,192,145.81512052566714,6,15,0.4
441,9.011628185980953,20,9.8085748963058,290,145.80524158751535,4,10,0.4
482,9.84944395837374,6,2.94257246889174,248,145.80459676345617,8,10,0.8
206,4.209513392997906,12,5.88514493778348,113,145.79486902080868,10,22,0.45454545454545453
718,14.671993282390758,3,1.47128623444587,12,145.78982537337123,6,7,0.8571428571428571
731,14.937642185832374,3,1.47128623444587,0,145.7825025471905,5,7,0.7142857142857143
717,14.651558751356788,4,1.96171497926116,15,145.77215005294514,6,7,0.8571428571428571
374,7.642514606704935,6,2.94257246889174,356,145.7538310176678,6,12,0.5
388,7.928598041180521,3,1.47128623444587,343,145.7351799585747,8,12,0.6666666666666666
474,9.685967710101977,12,5.88514493778348,257,145.7325848064211,8,10,0.8
571,11.668117220397107,12,5.88514493778348,159,145.7241048161814,7,8,0.875
543,11.095950351445936,20,9.8085748963058,183,145.7220601559442,6,9,0.6666666666666666
553,11.30029566178564,8,3.92342995852232,178,145.72102866078902,6,9,0.6666666666666666
259,5.292543537798338,8,3.92342995852232,212,145.70247096336874,9,18,0.5
593,12.117676903144456,8,3.92342995852232,136,145.69995940739452,6,8,0.75
660,13.486790482420474,3,1.47128623444587,70,145.69393425582504,3,7,0.42857142857142855
94,1.920845917193219,20,9.8085748963058,70,145.691277049165,27,49,0.5510204081632653
283,5.782972282613628,8,3.92342995852232,161,145.68663942437715,6,16,0.375
125,2.554316379246302,16,7.84685991704464,101,145.68006544457785,16,37,0.43243243243243246
259,5.292543537798338,16,7.84685991704464,213,145.67224194899842,9,18,0.5
132,2.697358096484095,12,5.88514493778348,68,145.672177369836,17,35,0.4857142857142857
73,1.4917207654798403,12,5.88514493778348,1,145.66878567528477,39,64,0.609375
652,13.323314234148711,20,9.8085748963058,77,145.65868561355754,3,7,0.42857142857142855
421,8.602937565301545,12,5.88514493778348,315,145.6526192423536,3,11,0.2727272727272727
213,4.3525551102356985,12,5.88514493778348,92,145.64289759554057,9,22,0.4090909090909091
411,8.39859225496184,6,2.94257246889174,321,145.63341764358722,6,11,0.5454545454545454
427,8.725544751505367,3,1.47128623444587,303,145.63002664357236,4,11,0.36363636363636365
540,11.034646758344024,4,1.96171497926116,190,145.6229345460529,6,9,0.6666666666666666
299,6.109924779157154,20,9.8085748963058,133,145.59406516039064,11,16,0.6875
403,8.235116006690077,20,9.8085748963058,329,145.5920029974775,8,11,0.7272727272727273
274,5.599061503307894,4,1.96171497926116,183,145.59151358204826,12,17,0.7058823529411765
616,12.587671116925776,4,1.96171497926116,114,145.55405859371612,4,8,0.5
539,11.014212227310054,20,9.8085748963058,192,145.55312686412853,5,9,0.5555555555555556
440,8.991193654946983,3,1.47128623444587,290,145.53113432987803,5,10,0.5
632,12.914623613469303,3,1.47128623444587,99,145.52516379073657,5,8,0.625
552,11.27986113075167,6,2.94257246889174,179,145.5244066212238,6,9,0.6666666666666666
278,5.6807996274437755,8,3.92342995852232,174,145.52168760737382,6,17,0.35294117647058826
724,14.794600468594581,20,9.8085748963058,2,145.5149518991419,5,7,0.7142857142857143
535,10.932474103174172,16,7.84685991704464,197,145.50771967653708,6,9,0.6666666666666666
691,14.120260944473557,6,2.94257246889174,38,145.50121465554724,5,7,0.7142857142857143
618,12.628540178993717,20,9.8085748963058,112,145.49061414720677,4,8,0.5
625,12.77158189623151,8,3.92342995852232,105,145.47564948140814,5,8,0.625
362,7.3973002342972904,20,9.8085748963058,3,145.45467970957276,5,13,0.38461538461538464
556,11.361599254887551,3,1.47128623444587,174,145.43998819242134,4,9,0.4444444444444444
385,7.86729444807861,20,9.8085748963058,345,145.4252815288492,9,12,0.75
297,6.069055717089213,6,2.94257246889174,137,145.4232440750133,11,16,0.6875
439,8.970759123913012,4,1.96171497926116,292,145.4111817248857,5,10,0.5
300,6.130359310191125,16,7.84685991704464,132,145.4049540974077,11,16,0.6875
519,10.605521606630646,4,1.96171497926116,212,145.40323561679733,5,9,0.5555555555555556
464,9.481622399762273,20,9.8085748963058,270,145.3958849158732,5,10,0.5
495,10.115092861815356,3,1.47128623444587,237,145.37635942761327,4,9,0.4444444444444444
657,13.425486889318563,3,1.47128623444587,75,145.37528156272757,3,7,0.42857142857142855
445,9.093366310116835,12,5.88514493778348,285,145.35404133394533,5,10,0.5
570,11.647682689363137,16,7.84685991704464,156,145.33634562869395,6,8,0.75
375,7.662949137738906,12,5.88514493778348,354,145.3177023128912,6,12,0.5
417,8.521199441165663,20,9.8085748963058,311,145.311373731143,5,11,0.45454545454545453
720,14.7128623444587,4,1.96171497926116,12,145.3075852799918,6,7,0.8571428571428571
559,11.422902847989462,3,1.47128623444587,171,145.30599399605765,4,8,0.5
301,6.150793841225095,16,7.84685991704464,135,145.30169200838432,11,15,0.7333333333333333
442,9.032062717014924,20,9.8085748963058,288,145.29132975799706,4,10,0.4
580,11.852027999702841,20,9.8085748963058,156,145.26600460312267,7,8,0.875
615,12.567236585891806,3,1.47128623444587,115,145.2405386584982,4,8,0.5
653,13.343748765182681,3,1.47128623444587,77,145.22669024663418,3,7,0.42857142857142855
604,12.342456744518131,3,1.47128623444587,129,145.226132701095,6,8,0.75
110,2.2477984137367457,16,7.84685991704464,71,145.22544132720515,20,42,0.47619047619047616
528,10.78943238593638,16,7.84685991704464,201,145.22102696394282,4,9,0.4444444444444444
191,3.9029954274883494,20,9.8085748963058,156,145.20822461178096,15,24,0.625
193,3.94386448955629,16,7.84685991704464,154,145.19881664721152,15,24,0.625
527,10.768997854902409,6,2.94257246889174,204,145.1833347990822,4,9,0.4444444444444444
407,8.31685413082596,4,1.96171497926116,325,145.1754452293783,6,11,0.5454545454545454
272,5.558192441239953,12,5.88514493778348,187,145.13076899599253,8,17,0.47058823529411764
701,14.324606254813261,4,1.96171497926116,29,145.1225451966452,3,7,0.42857142857142855
107,2.1864948206348345,12,5.88514493778348,87,145.12100932606066,23,43,0.5348837209302325
180,3.678215586114675,20,9.8085748963058,6,145.0902411739932,15,26,0.5769230769230769
536,10.952908634208143,20,9.8085748963058,195,145.08285934816746,5,9,0.5555555555555556
113,2.309102006838657,16,7.84685991704464,52,145.07469402626006,25,41,0.6097560975609756
617,12.608105647959746,20,9.8085748963058,113,145.05630965220794,4,8,0.5
350,7.1520858618896455,6,2.94257246889174,31,145.05381777609574,8,14,0.5714285714285714
631,12.894189082435332,6,2.94257246889174,100,145.0502835238285,5,8,0.625
480,9.8085748963058,3,1.47128623444587,250,145.04517588268013,6,10,0.6
485,9.910747551475652,4,1.96171497926116,246,145.04098122447814,6,10,0.6
509,10.401176296290942,3,1.47128623444587,221,145.03855441911426,5,9,0.5555555555555556
619,12.648974710027687,3,1.47128623444587,112,145.03762882574193,4,8,0.5
246,5.026894634356722,8,3.92342995852232,238,145.0098689232229,10,18,0.5555555555555556
339,6.927306020515971,6,2.94257246889174,52,144.99610020803084,9,14,0.6428571428571429
248,5.067763696424663,3,1.47128623444587,236,144.96824837575232,9,18,0.5
237,4.8429838550509885,16,7.84685991704464,15,144.96661066253324,12,20,0.6
99,2.023018572363071,16,7.84685991704464,29,144.9605193762029,28,47,0.5957446808510638
423,8.643806627369486,20,9.8085748963058,314,144.93634535255467,3,11,0.2727272727272727
417,8.521199441165663,6,2.94257246889174,315,144.93277002561507,4,11,0.36363636363636365
410,8.37815772392787,8,3.92342995852232,323,144.92716845278423,5,11,0.45454545454545453
711,14.528951565152965,4,1.96171497926116,18,144.9214117807668,5,7,0.7142857142857143
334,6.825133365346119,16,7.84685991704464,62,144.9074530375616,8,14,0.5714285714285714
644,13.159837985876948,6,2.94257246889174,86,144.9052949752578,5,8,0.625
723,14.77416593756061,6,2.94257246889174,7,144.90049828388396,5,7,0.7142857142857143
493,10.074223799747415,6,2.94257246889174,238,144.89778302454334,5,9,0.5555555555555556
603,12.32202221348416,8,3.92342995852232,132,144.89468553089566,5,8,0.625
419,8.562068503233604,6,2.94257246889174,312,144.88666322546985,4,11,0.36363636363636365
535,10.932474103174172,8,3.92342995852232,196,144.87819786568022,6,9,0.6666666666666666
124,2.5338818482123315,6,2.94257246889174,112,144.849677105184,18,37,0.4864864864864865
692,14.140695475507528,8,3.92342995852232,38,144.84431959437967,5,7,0.7142857142857143
419,8.562068503233604,12,5.88514493778348,312,144.83025442216703,4,11,0.36363636363636365
494,10.094658330781385,6,2.94257246889174,240,144.81743452666035,4,9,0.4444444444444444
261,5.3334125998662785,4,1.96171497926116,210,144.80455069738116,8,17,0.47058823529411764
367,7.4994728894671425,3,1.47128623444587,363,144.80055289995263,6,12,0.5
535,10.932474103174172,20,9.8085748963058,194,144.79067004579773,5,9,0.5555555555555556
187,3.8212573033524677,16,7.84685991704464,169,144.78083598685296,14,24,0.5833333333333334
469,9.583795054932125,20,9.8085748963058,256,144.77663960156977,6,10,0.6
716,14.631124220322818,6,2.94257246889174,15,144.76309318630294,6,7,0.8571428571428571
541,11.055081289377995,4,1.96171497926116,190,144.75911508621152,5,9,0.5555555555555556
428,8.745979282539338,3,1.47128623444587,303,144.74327637714856,7,11,0.6363636363636364
465,9.502056930796243,4,1.96171497926116,266,144.74190852944272,7,10,0.7
386,7.88772897911258,20,9.8085748963058,346,144.74082827871538,9,12,0.75
643,13.139403454842977,4,1.96171497926116,88,144.73997816298848,5,8,0.625
395,8.071639758418314,6,2.94257246889174,334,144.73882075205637,7,11,0.6363636363636364
525,10.728128792834468,6,2.94257246889174,205,144.72878376213285,5,9,0.5555555555555556
418,8.541633972199634,8,3.92342995852232,313,144.7272484546179,4,11,0.36363636363636365
302,6.1712283722590655,4,1.96171497926116,129,144.71545086773705,12,15,0.8
641,13.098534392775036,4,1.96171497926116,89,144.71291422711764,5,8,0.625
229,4.679507606779225,6,2.94257246889174,41,144.70866581511066,12,21,0.5714285714285714
355,7.2542585170594975,8,3.92342995852232,20,144.70557427653605,8,13,0.6153846153846154
537,10.973343165242113,20,9.8085748963058,194,144.70054740373894,5,9,0.5555555555555556
365,7.458603827399202,8,3.92342995852232,1,144.67459868986663,7,13,0.5384615384615384
280,5.721668689511716,6,2.94257246889174,170,144.6737545549904,5,16,0.3125
271,5.537757910205983,16,7.84685991704464,189,144.6675714131679,9,17,0.5294117647058824
479,9.788140365271829,4,1.96171497926116,251,144.6636143771546,6,10,0.6
618,12.628540178993717,4,1.96171497926116,113,144.6550677478191,4,8,0.5
405,8.275985068758018,16,7.84685991704464,323,144.64962789104993,7,11,0.6363636363636364
335,6.845567896380089,6,2.94257246889174,62,144.60412453640876,9,14,0.6428571428571429
377,7.703818199806847,16,7.84685991704464,358,144.599138745246,8,12,0.6666666666666666
468,9.563360523898154,16,7.84685991704464,261,144.59336246694613,6,10,0.6
450,9.195538965286687,12,5.88514493778348,282,144.59231254734857,8,10,0.8
581,11.872462530736811,8,3.92342995852232,151,144.56815145136514,7,8,0.875
671,13.711570323794149,3,1.47128623444587,59,144.56266488501504,4,7,0.5714285714285714
639,13.057665330707096,4,1.96171497926116,91,144.56100025709816,5,8,0.625
724,14.794600468594581,16,7.84685991704464,4,144.54402107623162,5,7,0.7142857142857143
450,9.195538965286687,16,7.84685991704464,282,144.54228409240608,8,10,0.8
653,13.343748765182681,20,9.8085748963058,76,144.53749703379677,3,7,0.42857142857142855
724,14.794600468594581,12,5.88514493778348,6,144.5192005940697,4,7,0.5714285714285714
383,7.826425386010669,20,9.8085748963058,345,144.50526798977464,9,12,0.75
466,9.522491461830214,8,3.92342995852232,264,144.47291973934975,7,10,0.7
429,8.766413813573308,4,1.96171497926116,302,144.4272190804202,7,11,0.6363636363636364
646,13.200707047944888,6,2.94257246889174,87,144.41618180907938,4,8,0.5
695,14.201999068609439,6,2.94257246889174,37,144.40684462943494,3,7,0.42857142857142855
483,9.86987848940771,6,2.94257246889174,246,144.40045854565793,7,10,0.7
550,11.238992068683729,3,1.47128623444587,179,144.398157284727,7,9,0.7777777777777778
227,4.638638544711284,16,7.84685991704464,54,144.38724496557836,12,21,0.5714285714285714
55,1.1238992068683729,16,7.84685991704464,17,144.38535101667983,46,84,0.5476190476190477
206,4.209513392997906,20,9.8085748963058,113,144.37856783840326,10,22,0.45454545454545453
198,4.046037144726142,20,9.8085748963058,130,144.3772482303313,14,23,0.6086956521739131
566,11.565944565227255,3,1.47128623444587,164,144.37177733529938,6,8,0.75
233,4.761245730915107,4,1.96171497926116,34,144.34869000882816,13,20,0.65
420,8.582503034267575,12,5.88514493778348,309,144.29881940587518,3,11,0.2727272727272727
534,10.912039572140202,20,9.8085748963058,198,144.29498294126523,5,9,0.5555555555555556
694,14.181564537575468,8,3.92342995852232,36,144.28733851952046,4,7,0.5714285714285714
309,6.314270089496858,20,9.8085748963058,108,144.28448556615396,8,15,0.5333333333333333
373,7.622080075670965,8,3.92342995852232,357,144.27264502483783,6,12,0.5
445,9.093366310116835,16,7.84685991704464,285,144.25116553481803,5,10,0.5
285,5.823841344681568,16,7.84685991704464,156,144.229925293247,9,16,0.5625
362,7.3973002342972904,16,7.84685991704464,4,144.22140658177375,6,13,0.46153846153846156
223,4.556900420575403,12,5.88514493778348,61,144.2136337276605,11,21,0.5238095238095238
528,10.78943238593638,6,2.94257246889174,203,144.21256001111968,4,9,0.4444444444444444
212,4.332120579201728,8,3.92342995852232,96,144.2088033152509,8,22,0.36363636363636365
534,10.912039572140202,12,5.88514493778348,198,144.19625965501578,6,9,0.6666666666666666
545,11.136819413513876,4,1.96171497926116,186,144.19092361471553,4,9,0.4444444444444444
467,9.542925992864184,8,3.92342995852232,264,144.18754892378863,6,10,0.6
160,3.2695249654352665,16,7.84685991704464,87,144.17552224901604,19,29,0.6551724137931034
571,11.668117220397107,6,2.94257246889174,159,144.16734991810264,7,8,0.875
724,14.794600468594581,8,3.92342995852232,6,144.16208908616943,4,7,0.5714285714285714
354,7.233823986025527,16,7.84685991704464,23,144.16082464132703,8,14,0.5714285714285714
631,12.894189082435332,20,9.8085748963058,103,144.15865957577574,4,8,0.5
403,8.235116006690077,16,7.84685991704464,329,144.14301818553972,8,11,0.7272727272727273
182,3.7190846481826156,12,5.88514493778348,4,144.11413139762809,15,26,0.5769230769230769
543,11.095950351445936,16,7.84685991704464,186,144.1029836932092,4,9,0.4444444444444444
259,5.292543537798338,20,9.8085748963058,212,144.09137493944536,8,18,0.4444444444444444
646,13.200707047944888,20,9.8085748963058,87,144.09075440647197,4,8,0.5
404,8.255550537724048,12,5.88514493778348,325,144.03780022599537,7,11,0.6363636363636364
438,8.950324592879042,20,9.8085748963058,294,144.03442431290048,5,10,0.5
247,5.047329165390693,12,5.88514493778348,239,144.02390432000374,8,18,0.4444444444444444
477,9.747271303203888,6,2.94257246889174,253,144.02347684627372,6,10,0.6
571,11.668117220397107,16,7.84685991704464,158,144.01243359569438,6,8,0.75
349,7.131651330855675,6,2.94257246889174,34,144.01077405734367,7,14,0.5
714,14.590255158254877,8,3.92342995852232,17,144.0089276713777,7,7,1.0
364,7.438169296365231,8,3.92342995852232,3,144.00712282688136,7,13,0.5384615384615384
362,7.3973002342972904,12,5.88514493778348,6,144.0068325970026,5,13,0.38461538461538464
538,10.993777696276084,20,9.8085748963058,192,143.98776077209763,5,9,0.5555555555555556
340,6.947740551549941,4,1.96171497926116,51,143.98173569094854,8,14,0.5714285714285714
415,8.480330379097722,3,1.47128623444587,315,143.95947704088644,4,11,0.36363636363636365
449,9.175104434252717,16,7.84685991704464,282,143.95730795340614,9,10,0.9
406,8.296419599791989,12,5.88514493778348,325,143.94979994507776,6,11,0.5454545454545454
413,8.439461317029782,3,1.47128623444587,318,143.9431566081746,6,11,0.5454545454545454
458,9.35901521355845,4,1.96171497926116,271,143.93768472800338,7,10,0.7
252,5.149501820560545,3,1.47128623444587,227,143.9353241303388,10,18,0.5555555555555556
476,9.726836772169918,4,1.96171497926116,253,143.92696368181024,7,10,0.7
529,10.80986691697035,12,5.88514493778348,201,143.90400853212566,4,9,0.4444444444444444
178,3.637346524046734,12,5.88514493778348,20,143.90164004517746,17,26,0.6538461538461539
307,6.273401027428918,12,5.88514493778348,113,143.89845097428181,10,15,0.6666666666666666
83,1.6960660758195445,16,7.84685991704464,69,143.89078749636633,30,55,0.5454545454545454
443,9.052497248048894,3,1.47128623444587,287,143.88841374794313,4,10,0.4
272,5.558192441239953,8,3.92342995852232,187,143.88322337527478,8,17,0.47058823529411764
256,5.231239944696426,8,3.92342995852232,221,143.86815968231545,10,18,0.5555555555555556
418,8.541633972199634,12,5.88514493778348,312,143.85465648366088,4,11,0.36363636363636365
446,9.113800841150805,16,7.84685991704464,285,143.8516098293916,7,10,0.7
187,3.8212573033524677,12,5.88514493778348,169,143.8421958971819,14,24,0.5833333333333334
713,14.569820627220906,8,3.92342995852232,17,143.84039517046904,7,7,1.0
279,5.701234158477746,8,3.92342995852232,172,143.83890658121982,6,16,0.375
624,12.75114736519754,3,1.47128623444587,106,143.8383689420884,5,8,0.625
727,14.855904061696492,20,9.8085748963058,9,143.82071525653276,7,7,1.0
645,13.180272516910918,12,5.88514493778348,85,143.81899503009365,5,8,0.625
654,13.364183296216652,20,9.8085748963058,75,143.80720383682205,3,7,0.42857142857142855
543,11.095950351445936,12,5.88514493778348,187,143.7960764394451,4,9,0.4444444444444444
510,10.421610827324912,4,1.96171497926116,220,143.79414661280256,6,9,0.6666666666666666
448,9.154669903218746,16,7.84685991704464,283,143.79376950595537,8,10,0.8
529,10.80986691697035,8,3.92342995852232,201,143.78617994768376,4,9,0.4444444444444444
570,11.647682689363137,12,5.88514493778348,160,143.78575393951962,6,8,0.75
528,10.78943238593638,20,9.8085748963058,200,143.77390572080847,4,9,0.4444444444444444
640,13.078099861741066,4,1.96171497926116,91,143.7618922820268,5,8,0.625
412,8.419026785995811,3,1.47128623444587,319,143.74424450375204,5,11,0.45454545454545453
207,4.229947924031876,8,3.92342995852232,108,143.73819666196064,11,22,0.5
257,5.251674475730397,6,2.94257246889174,217,143.72574424343702,12,18,0.6666666666666666
447,9.134235372184776,12,5.88514493778348,284,143.7150237096532,7,10,0.7
282,5.762537751579657,4,1.96171497926116,165,143.68858934811746,6,16,0.375
445,9.093366310116835,8,3.92342995852232,285,143.6812034791498,5,10,0.5
250,5.108632758492604,6,2.94257246889174,230,143.6764842299911,9,18,0.5
277,5.660365096409805,3,1.47128623444587,178,143.6621073009046,8,17,0.47058823529411764
656,13.405052358284593,20,9.8085748963058,74,143.65720188398407,4,7,0.5714285714285714
690,14.099826413439587,3,1.47128623444587,38,143.65384385374904,5,7,0.7142857142857143
354,7.233823986025527,12,5.88514493778348,23,143.64900899498318,8,14,0.5714285714285714
602,12.30158768245019,16,7.84685991704464,135,143.63468739968962,5,8,0.625
114,2.3295365378726274,6,2.94257246889174,50,143.63083766348237,23,41,0.5609756097560976
446,9.113800841150805,20,9.8085748963058,285,143.61930381052883,5,10,0.5
583,11.913331592804752,3,1.47128623444587,148,143.6038550363206,8,8,1.0
234,4.781680261949077,4,1.96171497926116,29,143.58430828659914,12,20,0.6
332,6.784264303278178,8,3.92342995852232,66,143.58299713280036,7,14,0.5
443,9.052497248048894,20,9.8085748963058,287,143.5768776699985,4,10,0.4
655,13.384617827250622,20,9.8085748963058,75,143.57292843379236,3,7,0.42857142857142855
542,11.075515820411965,4,1.96171497926116,188,143.57070558892298,5,9,0.5555555555555556
418,8.541633972199634,6,2.94257246889174,313,143.568251812759,4,11,0.36363636363636365
161,3.289959496469237,16,7.84685991704464,84,143.5593303542934,16,29,0.5517241379310345
521,10.646390668698587,4,1.96171497926116,209,143.51552420822344,4,9,0.4444444444444444
371,7.581211013603024,4,1.96171497926116,361,143.50454781938524,4,12,0.3333333333333333
360,7.35643117222935,4,1.96171497926116,12,143.50198011659577,7,13,0.5384615384615384
281,5.742103220545687,3,1.47128623444587,168,143.5017355509412,4,16,0.25
369,7.540341951535083,6,2.94257246889174,362,143.49925148999523,5,12,0.4166666666666667
366,7.479038358433172,4,1.96171497926116,365,143.49853666844453,7,12,0.5833333333333334
699,14.28373719274532,4,1.96171497926116,33,143.4951329834081,3,7,0.42857142857142855
449,9.175104434252717,12,5.88514493778348,282,143.4818632264473,9,10,0.9
215,4.393424172303639,6,2.94257246889174,87,143.47550372901642,9,22,0.4090909090909091
129,2.6360545033821836,20,9.8085748963058,91,143.4543993102769,20,36,0.5555555555555556
450,9.195538965286687,20,9.8085748963058,281,143.45236062513132,8,10,0.8
438,8.950324592879042,4,1.96171497926116,294,143.42847239107027,5,10,0.5
451,9.215973496320657,12,5.88514493778348,280,143.42654865926556,8,10,0.8
385,7.86729444807861,16,7.84685991704464,346,143.411166498004,9,12,0.75
446,9.113800841150805,12,5.88514493778348,285,143.3990593899558,7,10,0.7
192,3.92342995852232,20,9.8085748963058,158,143.3979390705122,13,24,0.5416666666666666
729,14.896773123764433,4,1.96171497926116,2,143.38909218822968,5,7,0.7142857142857143
89,1.818673262023367,20,9.8085748963058,25,143.37463146263514,33,52,0.6346153846153846
430,8.786848344607279,4,1.96171497926116,301,143.35055745266524,7,11,0.6363636363636364
464,9.481622399762273,16,7.84685991704464,270,143.34770491855724,6,10,0.6
464,9.481622399762273,12,5.88514493778348,267,143.34662427135984,5,10,0.5
345,7.049913206719793,6,2.94257246889174,39,143.34324203748878,9,14,0.6428571428571429
258,5.272109006764367,8,3.92342995852232,214,143.34155058056592,11,18,0.6111111111111112
435,8.88902099977713,4,1.96171497926116,295,143.32514930357098,8,10,0.8
700,14.304171723779291,3,1.47128623444587,31,143.31284320445752,3,7,0.42857142857142855
451,9.215973496320657,16,7.84685991704464,280,143.31272548949462,8,10,0.8
447,9.134235372184776,16,7.84685991704464,284,143.31223064885535,7,10,0.7
222,4.536465889541432,12,5.88514493778348,66,143.28641307293483,9,21,0.42857142857142855
240,4.9042874481529,16,7.84685991704464,10,143.2836854061883,12,20,0.6
730,14.917207654798403,3,1.47128623444587,1,143.28280873104273,5,7,0.7142857142857143
693,14.161130006541498,8,3.92342995852232,37,143.27510251874332,5,7,0.7142857142857143
594,12.138111434178427,12,5.88514493778348,135,143.26436762051816,6,8,0.75
146,2.9834415309596807,6,2.94257246889174,3,143.2508504558994,19,32,0.59375
534,10.912039572140202,16,7.84685991704464,195,143.2359623643876,5,9,0.5555555555555556
698,14.26330266171135,4,1.96171497926116,33,143.233189083578,3,7,0.42857142857142855
468,9.563360523898154,12,5.88514493778348,261,143.22014852574438,6,10,0.6
362,7.3973002342972904,8,3.92342995852232,6,143.2138323080656,5,13,0.38461538461538464
442,9.032062717014924,3,1.47128623444587,288,143.2098876493336,4,10,0.4
202,4.127775268862024,6,2.94257246889174,125,143.1936559706212,15,23,0.6521739130434783
553,11.30029566178564,6,2.94257246889174,178,143.18042362134233,6,9,0.6666666666666666
444,9.072931779082865,20,9.8085748963058,288,143.17551980712042,4,10,0.4
123,2.513447317178361,20,9.8085748963058,117,143.16954500585754,19,37,0.5135135135135135
580,11.852027999702841,16,7.84685991704464,154,143.16210903444383,7,8,0.875
543,11.095950351445936,8,3.92342995852232,187,143.14748843323758,4,9,0.4444444444444444
474,9.685967710101977,8,3.92342995852232,257,143.12245281954876,8,10,0.8
273,5.5786269722739235,6,2.94257246889174,186,143.09590747856458,9,17,0.5294117647058824
138,2.8199652826879174,12,5.88514493778348,40,143.08896265962156,21,34,0.6176470588235294
420,8.582503034267575,8,3.92342995852232,309,143.08731795972918,3,11,0.2727272727272727
530,10.83030144800432,12,5.88514493778348,200,143.08185998057778,4,9,0.4444444444444444
570,11.647682689363137,8,3.92342995852232,161,143.05966709158085,6,8,0.75
449,9.175104434252717,20,9.8085748963058,282,143.0592186808037,9,10,0.9
351,7.172520392923616,8,3.92342995852232,29,143.04695214511216,7,14,0.5
537,10.973343165242113,3,1.47128623444587,194,143.04602156428405,5,9,0.5555555555555556
384,7.84685991704464,20,9.8085748963058,348,143.04290127931372,7,12,0.5833333333333334
444,9.072931779082865,3,1.47128623444587,286,143.0333080329192,4,10,0.4
454,9.277277089422569,6,2.94257246889174,278,143.0213715023307,7,10,0.7
728,14.876338592730463,8,3.92342995852232,4,143.01978961372276,6,7,0.8571428571428571
382,7.805990854976699,12,5.88514493778348,347,143.0028428647852,9,12,0.75
455,9.297711620456539,3,1.47128623444587,276,143.00107368752765,7,10,0.7
572,11.688551751431078,12,5.88514493778348,157,142.96665001437933,6,8,0.75
722,14.75373140652664,4,1.96171497926116,8,142.9662518099926,5,7,0.7142857142857143
334,6.825133365346119,12,5.88514493778348,64,142.9608673898277,9,14,0.6428571428571429
551,11.259426599717699,4,1.96171497926116,180,142.9577629011374,6,9,0.6666666666666666
299,6.109924779157154,16,7.84685991704464,133,142.9574762298405,11,16,0.6875
386,7.88772897911258,16,7.84685991704464,346,142.95578582800889,9,12,0.75
595,12.158545965212397,16,7.84685991704464,132,142.9471749483794,6,8,0.75
715,14.610689689288847,6,2.94257246889174,16,142.94692518861527,6,7,0.8571428571428571
719,14.692427813424729,3,1.47128623444587,11,142.94537257574518,6,7,0.8571428571428571
453,9.256842558388598,20,9.8085748963058,282,142.9413847506219,7,10,0.7
66,1.3486790482420474,20,9.8085748963058,3,142.93908405505834,38,71,0.5352112676056338
448,9.154669903218746,20,9.8085748963058,283,142.9208057557393,8,10,0.8
254,5.190370882628486,6,2.94257246889174,223,142.91119695829747,11,18,0.6111111111111112
452,9.236408027354628,12,5.88514493778348,278,142.91092249220483,8,10,0.8
568,11.606813627295196,3,1.47128623444587,161,142.90412660270056,6,8,0.75
420,8.582503034267575,16,7.84685991704464,309,142.89825290894953,3,11,0.2727272727272727
701,14.324606254813261,3,1.47128623444587,29,142.89717627848842,3,7,0.42857142857142855
697,14.24286813067738,4,1.96171497926116,34,142.88895866351677,3,7,0.42857142857142855
569,11.627248158329166,4,1.96171497926116,161,142.8862809807362,6,8,0.75
56,1.1443337379023433,6,2.94257246889174,2,142.88036822959478,48,83,0.5783132530120482
617,12.608105647959746,4,1.96171497926116,114,142.8738097973998,4,8,0.5
331,6.763829772244208,12,5.88514493778348,70,142.8687816564505,7,14,0.5
567,11.586379096261226,3,1.47128623444587,164,142.86332906507377,6,8,0.75
645,13.180272516910918,16,7.84685991704464,84,142.85437786614793,5,8,0.625
333,6.804698834312148,4,1.96171497926116,64,142.83660500408524,8,14,0.5714285714285714
524,10.707694261800498,3,1.47128623444587,206,142.8359434466981,5,9,0.5555555555555556
354,7.233823986025527,20,9.8085748963058,23,142.8015967640945,8,14,0.5714285714285714
375,7.662949137738906,8,3.92342995852232,355,142.7943466368105,6,12,0.5
409,8.3577231928939,4,1.96171497926116,321,142.78714035773626,5,11,0.45454545454545453
530,10.83030144800432,8,3.92342995852232,201,142.7860193418848,4,9,0.4444444444444444
368,7.519907420501113,3,1.47128623444587,361,142.78054331342037,5,12,0.4166666666666667
423,8.643806627369486,16,7.84685991704464,314,142.74727982254328,3,11,0.2727272727272727
721,14.73329687549267,3,1.47128623444587,8,142.7427336319264,5,7,0.7142857142857143
214,4.372989641269669,6,2.94257246889174,90,142.7297178889559,11,22,0.5
642,13.118968923809007,4,1.96171497926116,89,142.72486948195677,6,8,0.75
405,8.275985068758018,12,5.88514493778348,325,142.69729862728315,7,11,0.6363636363636364
197,4.025602613692172,3,1.47128623444587,138,142.69635154978343,15,23,0.6521739130434783
243,4.965591041254811,6,2.94257246889174,2,142.69312981176896,11,20,0.55
186,3.8008227723184973,12,5.88514493778348,172,142.67804380663182,15,24,0.625
544,11.116384882479906,20,9.8085748963058,190,142.6761490116978,4,9,0.4444444444444444
645,13.180272516910918,8,3.92342995852232,85,142.67091238048383,5,8,0.625
572,11.688551751431078,16,7.84685991704464,156,142.65052287757237,6,8,0.75
656,13.405052358284593,3,1.47128623444587,74,142.6431336936666,4,7,0.5714285714285714
616,12.587671116925776,3,1.47128623444587,114,142.62855411942328,4,8,0.5
346,7.070347737753764,20,9.8085748963058,35,142.62400405314395,8,14,0.5714285714285714
712,14.549386096186936,6,2.94257246889174,17,142.61729607498646,6,7,0.8571428571428571
452,9.236408027354628,16,7.84685991704464,278,142.61227881517024,8,10,0.8
596,12.178980496246368,20,9.8085748963058,129,142.6090590624524,6,8,0.75
463,9.461187868728302,12,5.88514493778348,267,142.6012530428866,5,10,0.5
87,1.7778041999554262,20,9.8085748963058,30,142.59634148498984,21,53,0.39622641509433965
529,10.80986691697035,16,7.84685991704464,200,142.59173098374677,4,9,0.4444444444444444
478,9.767705834237859,4,1.96171497926116,253,142.5472473764883,6,10,0.6
117,2.3908401309745386,6,2.94257246889174,28,142.54480264149797,24,40,0.6
512,10.462479889392853,4,1.96171497926116,220,142.52588347976382,5,9,0.5555555555555556
251,5.129067289526574,20,9.8085748963058,224,142.51650072673232,8,18,0.4444444444444444
625,12.77158189623151,6,2.94257246889174,105,142.5147696797921,5,8,0.625
131,2.6769235654501244,3,1.47128623444587,73,142.51426310479061,18,35,0.5142857142857142
711,14.528951565152965,3,1.47128623444587,18,142.51039058488556,5,7,0.7142857142857143
271,5.537757910205983,12,5.88514493778348,189,142.49823800038104,9,17,0.5294117647058824
484,9.890313020441681,8,3.92342995852232,246,142.49685747336173,7,10,0.7
201,4.1073407378280535,20,9.8085748963058,132,142.486022365202,11,23,0.4782608695652174
357,7.295127579127438,8,3.92342995852232,17,142.46532435863696,9,13,0.6923076923076923
378,7.724252730840817,3,1.47128623444587,354,142.46438726247368,8,12,0.6666666666666666
410,8.37815772392787,6,2.94257246889174,323,142.46346368741217,5,11,0.45454545454545453
121,2.4725782551104203,8,3.92342995852232,5,142.46299292498077,22,39,0.5641025641025641
259,5.292543537798338,6,2.94257246889174,212,142.4465516170821,9,18,0.5
464,9.481622399762273,8,3.92342995852232,267,142.44176777931628,5,10,0.5
78,1.5938934206496924,16,7.84685991704464,30,142.4359118032241,33,60,0.55
453,9.256842558388598,16,7.84685991704464,280,142.43026094266065,7,10,0.7
119,2.4317091930424795,8,3.92342995852232,17,142.4297603839326,23,39,0.5897435897435898
544,11.116384882479906,12,5.88514493778348,187,142.42611064279754,4,9,0.4444444444444444
724,14.794600468594581,6,2.94257246889174,6,142.41549936400702,4,7,0.5714285714285714
127,2.595185441314243,12,5.88514493778348,96,142.40923606307325,21,36,0.5833333333333334
204,4.168644330929965,6,2.94257246889174,119,142.37610801336413,14,23,0.6086956521739131
451,9.215973496320657,20,9.8085748963058,280,142.36093597921993,8,10,0.8
275,5.619496034341864,4,1.96171497926116,181,142.33909255368945,12,17,0.7058823529411765
306,6.252966496394947,4,1.96171497926116,118,142.3377253976199,10,15,0.6666666666666666
205,4.189078861963935,20,9.8085748963058,113,142.31733184730058,10,23,0.43478260869565216
445,9.093366310116835,20,9.8085748963058,287,142.31694195989806,5,10,0.5
262,5.353847130900249,12,5.88514493778348,206,142.3148067419777,8,17,0.47058823529411764
459,9.37944974459242,12,5.88514493778348,270,142.31013827650176,7,10,0.7
593,12.117676903144456,6,2.94257246889174,136,142.29280392395913,6,8,0.75
136,2.7790962206199765,20,9.8085748963058,58,142.2839637949805,18,34,0.5294117647058824
453,9.256842558388598,12,5.88514493778348,278,142.27008268176232,6,10,0.6
188,3.841691834386438,20,9.8085748963058,166,142.25537454330725,15,24,0.625
370,7.560776482569054,3,1.47128623444587,360,142.24862642777012,5,12,0.4166666666666667
638,13.037230799673125,3,1.47128623444587,92,142.24762464684662,6,8,0.75
278,5.6807996274437755,6,2.94257246889174,175,142.24156169903392,6,17,0.35294117647058826
109,2.2273638827027753,16,7.84685991704464,58,142.2405367648993,23,42,0.5476190476190477
544,11.116384882479906,16,7.84685991704464,187,142.2318171826063,4,9,0.4444444444444444
529,10.80986691697035,6,2.94257246889174,202,142.22210343232538,4,9,0.4444444444444444
356,7.274693048093468,12,5.88514493778348,17,142.20981560701776,9,13,0.6923076923076923
534,10.912039572140202,8,3.92342995852232,198,142.19933158534275,6,9,0.6666666666666666
535,10.932474103174172,6,2.94257246889174,196,142.1972491677811,6,9,0.6666666666666666
179,3.6577810550807044,8,3.92342995852232,14,142.19649334948207,15,26,0.5769230769230769
481,9.82900942733977,4,1.96171497926116,249,142.17770365376273,8,10,0.8
545,11.136819413513876,3,1.47128623444587,186,142.1611380719719,4,9,0.4444444444444444
206,4.209513392997906,8,3.92342995852232,113,142.15063751522865,11,22,0.5
536,10.952908634208143,4,1.96171497926116,195,142.10020537972002,5,9,0.5555555555555556
641,13.098534392775036,3,1.47128623444587,89,142.0819538479597,5,8,0.625
180,3.678215586114675,16,7.84685991704464,8,142.0798020813841,16,26,0.6153846153846154
475,9.706402241135947,3,1.47128623444587,256,142.07904288541914,7,10,0.7
448,9.154669903218746,12,5.88514493778348,283,142.0777703307653,8,10,0.8
572,11.688551751431078,20,9.8085748963058,155,142.07386937078837,6,8,0.75
291,5.946448530885391,4,1.96171497926116,151,142.07001097886254,15,16,0.9375
59,1.2056373310042545,20,9.8085748963058,19,142.0697222575391,40,79,0.5063291139240507
308,6.293835558462888,16,7.84685991704464,113,142.0567692156562,9,15,0.6
352,7.192954923957586,12,5.88514493778348,27,142.0496217125212,8,14,0.5714285714285714
346,7.070347737753764,16,7.84685991704464,36,142.0373302490573,8,14,0.5714285714285714
447,9.134235372184776,20,9.8085748963058,284,142.034258789141,6,10,0.6
531,10.85073597903829,8,3.92342995852232,200,142.02669095831905,5,9,0.5555555555555556
450,9.195538965286687,8,3.92342995852232,282,142.0193016560205,8,10,0.8
54,1.1034646758344024,16,7.84685991704464,29,142.01302754432052,42,86,0.4883720930232558
348,7.111216799821705,20,9.8085748963058,38,142.0015558253859,7,14,0.5
424,8.664241158403456,3,1.47128623444587,310,141.99286836358496,3,11,0.2727272727272727
531,10.85073597903829,12,5.88514493778348,198,141.99182595271137,4,9,0.4444444444444444
696,14.22243359964341,4,1.96171497926116,35,141.97147753256942,3,7,0.42857142857142855
582,11.892897061770782,4,1.96171497926116,150,141.92925670441346,7,8,0.875
407,8.31685413082596,3,1.47128623444587,325,141.9286988379477,6,11,0.5454545454545454
645,13.180272516910918,20,9.8085748963058,83,141.92775065822923,5,8,0.625
331,6.763829772244208,16,7.84685991704464,69,141.91750467068297,7,14,0.5
84,1.716500606853515,20,9.8085748963058,61,141.89716799030876,28,55,0.509090909090909
286,5.844275875715539,20,9.8085748963058,154,141.89048841977953,10,16,0.625
460,9.399884275626391,20,9.8085748963058,249,141.88676154807825,5,10,0.5
540,11.034646758344024,3,1.47128623444587,190,141.82625421136294,6,9,0.6666666666666666
411,8.39859225496184,4,1.96171497926116,321,141.817190958865,6,11,0.5454545454545454
122,2.4930127861443907,6,2.94257246889174,0,141.81512892015348,21,38,0.5526315789473685
418,8.541633972199634,16,7.84685991704464,312,141.79247313399966,4,11,0.36363636363636365
152,3.106048717163503,8,3.92342995852232,123,141.7879951531971,21,30,0.7
727,14.855904061696492,16,7.84685991704464,7,141.76925216148175,5,7,0.7142857142857143
419,8.562068503233604,16,7.84685991704464,311,141.76194549850885,4,11,0.36363636363636365
97,1.9821495102951303,3,1.47128623444587,52,141.76074708330705,27,48,0.5625
519,10.605521606630646,3,1.47128623444587,211,141.75920883676056,5,9,0.5555555555555556
463,9.461187868728302,16,7.84685991704464,267,141.75772177422087,5,10,0.5
194,3.9642990205902606,3,1.47128623444587,149,141.75475281496045,13,24,0.5416666666666666
108,2.206929351668805,6,2.94257246889174,83,141.74837643256112,22,43,0.5116279069767442
511,10.442045358358882,4,1.96171497926116,219,141.7380559151932,6,9,0.6666666666666666
186,3.8008227723184973,20,9.8085748963058,174,141.7312071560846,14,24,0.5833333333333334
261,5.3334125998662785,20,9.8085748963058,210,141.72898061239516,7,17,0.4117647058823529
218,4.454727765405551,16,7.84685991704464,74,141.72895623819855,10,21,0.47619047619047616
439,8.970759123913012,3,1.47128623444587,292,141.7287203795519,5,10,0.5
543,11.095950351445936,6,2.94257246889174,187,141.72825103454707,4,9,0.4444444444444444
618,12.628540178993717,3,1.47128623444587,113,141.72562796885265,4,8,0.5
126,2.5747509102802724,8,3.92342995852232,114,141.72189908074918,20,36,0.5555555555555556
190,3.882560896454379,6,2.94257246889174,161,141.72084288464953,15,24,0.625
96,1.96171497926116,16,7.84685991704464,60,141.71844050028062,24,48,0.5
222,4.536465889541432,8,3.92342995852232,65,141.71121446566394,8,21,0.38095238095238093
526,10.748563323868439,4,1.96171497926116,204,141.7036519487994,4,9,0.4444444444444444
452,9.236408027354628,20,9.8085748963058,278,141.70316086351704,7,10,0.7
193,3.94386448955629,12,5.88514493778348,153,141.69997187424323,15,24,0.625
552,11.27986113075167,4,1.96171497926116,179,141.68729624787792,6,9,0.6666666666666666
186,3.8008227723184973,16,7.84685991704464,172,141.67235871073922,15,24,0.625
436,8.909455530811101,16,7.84685991704464,292,141.64915231680934,8,10,0.8
282,5.762537751579657,3,1.47128623444587,165,141.62892100204536,6,16,0.375
541,11.055081289377995,3,1.47128623444587,189,141.62847949452564,5,9,0.5555555555555556
344,7.029478675685823,4,1.96171497926116,42,141.6172169054952,9,14,0.6428571428571429
727,14.855904061696492,12,5.88514493778348,5,141.59896708212563,5,7,0.7142857142857143
262,5.353847130900249,16,7.84685991704464,205,141.59825663076467,8,17,0.47058823529411764
463,9.461187868728302,8,3.92342995852232,268,141.59348004872606,5,10,0.5
467,9.542925992864184,6,2.94257246889174,264,141.58510932253927,6,10,0.6
694,14.181564537575468,6,2.94257246889174,36,141.58276508433326,4,7,0.5714285714285714
451,9.215973496320657,8,3.92342995852232,280,141.56174566279807,8,10,0.8
272,5.558192441239953,6,2.94257246889174,187,141.55824051318632,8,17,0.47058823529411764
330,6.743395241210237,12,5.88514493778348,71,141.55352060819598,7,14,0.5
532,10.871170510072261,16,7.84685991704464,198,141.53824554521455,5,9,0.5555555555555556
447,9.134235372184776,8,3.92342995852232,284,141.52997265515125,7,10,0.7
300,6.130359310191125,12,5.88514493778348,132,141.5287681941203,11,16,0.6875
417,8.521199441165663,4,1.96171497926116,315,141.5246242355866,4,11,0.36363636363636365
362,7.3973002342972904,6,2.94257246889174,7,141.50223769350964,4,13,0.3076923076923077
283,5.782972282613628,6,2.94257246889174,162,141.49375143740232,7,16,0.4375
62,1.2669409241061658,4,1.96171497926116,49,141.4754202239951,41,74,0.5540540540540541
311,6.355139151564799,20,9.8085748963058,104,141.47413962417352,9,15,0.6
544,11.116384882479906,8,3.92342995852232,187,141.45952384651684,4,9,0.4444444444444444
520,10.625956137664616,4,1.96171497926116,210,141.4581214724094,5,9,0.5555555555555556
533,10.891605041106232,16,7.84685991704464,200,141.4441566875404,5,9,0.5555555555555556
58,1.185202799970284,8,3.92342995852232,43,141.44322453957528,43,80,0.5375
361,7.37686570326332,4,1.96171497926116,8,141.44055697493584,6,13,0.46153846153846156
527,10.768997854902409,4,1.96171497926116,204,141.41069048084,4,9,0.4444444444444444
530,10.83030144800432,16,7.84685991704464,200,141.39550601109318,4,9,0.4444444444444444
185,3.780388241284527,20,9.8085748963058,172,141.3808697729202,15,25,0.6
725,14.815034999628551,20,9.8085748963058,1,141.37420564376373,4,7,0.5714285714285714
383,7.826425386010669,16,7.84685991704464,347,141.3701557076751,9,12,0.75
352,7.192954923957586,16,7.84685991704464,26,141.36637457003903,8,14,0.5714285714285714
184,3.7599537102505565,16,7.84685991704464,175,141.35950888833435,15,25,0.6
222,4.536465889541432,16,7.84685991704464,66,141.34637121739416,9,21,0.42857142857142855
403,8.235116006690077,12,5.88514493778348,329,141.3250180184748,8,11,0.7272727272727273
692,14.140695475507528,6,2.94257246889174,37,141.31253354365649,5,7,0.7142857142857143
581,11.872462530736811,6,2.94257246889174,151,141.31125227124204,7,8,0.875
529,10.80986691697035,20,9.8085748963058,199,141.3048994206669,4,9,0.4444444444444444
331,6.763829772244208,8,3.92342995852232,69,141.2902614991338,7,14,0.5
246,5.026894634356722,6,2.94257246889174,238,141.2870468956456,10,18,0.5555555555555556
717,14.651558751356788,3,1.47128623444587,14,141.27796183025342,6,7,0.8571428571428571
727,14.855904061696492,8,3.92342995852232,4,141.27549239185154,5,7,0.7142857142857143
101,2.063887634431012,6,2.94257246889174,25,141.26330789568397,30,46,0.6521739130434783
355,7.2542585170594975,6,2.94257246889174,20,141.25511379045946,8,13,0.6153846153846154
57,1.1647682689363137,16,7.84685991704464,50,141.25241446863987,43,81,0.5308641975308642
274,5.599061503307894,3,1.47128623444587,183,141.24631314702012,12,17,0.7058823529411765
643,13.139403454842977,3,1.47128623444587,87,141.24586426015088,5,8,0.625
646,13.200707047944888,4,1.96171497926116,87,141.2456218526602,4,8,0.5
533,10.891605041106232,20,9.8085748963058,199,141.2344516153214,5,9,0.5555555555555556
384,7.84685991704464,16,7.84685991704464,348,141.22201616202557,7,12,0.5833333333333334
183,3.739519179216586,6,2.94257246889174,181,141.21771955768315,17,25,0.68
626,12.79201642726548,20,9.8085748963058,100,141.19804201100865,4,8,0.5
381,7.785556323942728,3,1.47128623444587,348,141.18810676492402,9,12,0.75
232,4.740811199881136,16,7.84685991704464,41,141.18403484020715,13,20,0.65
466,9.522491461830214,6,2.94257246889174,264,141.17402680586244,7,10,0.7
224,4.577334951609373,16,7.84685991704464,58,141.16630431617514,11,21,0.5238095238095238
419,8.562068503233604,4,1.96171497926116,312,141.15950614698113,4,11,0.36363636363636365
235,4.802114792983048,16,7.84685991704464,22,141.15234465558706,14,20,0.7
453,9.256842558388598,8,3.92342995852232,278,141.1470238101502,6,10,0.6
260,5.312978068832308,20,9.8085748963058,210,141.13778018182293,8,18,0.4444444444444444
462,9.440753337694332,12,5.88514493778348,269,141.12633354847162,6,10,0.6
691,14.120260944473557,4,1.96171497926116,38,141.11366056178622,5,7,0.7142857142857143
531,10.85073597903829,16,7.84685991704464,198,141.11355167534253,4,9,0.4444444444444444
396,8.092074289452285,12,5.88514493778348,332,141.1107511325536,8,11,0.7272727272727273
468,9.563360523898154,8,3.92342995852232,262,141.10994942161918,6,10,0.6
639,13.057665330707096,3,1.47128623444587,91,141.0735155163361,5,8,0.625
445,9.093366310116835,6,2.94257246889174,285,141.071543600985,5,10,0.5
255,5.210805413662456,8,3.92342995852232,221,141.05766416809269,13,18,0.7222222222222222
572,11.688551751431078,8,3.92342995852232,158,141.04685364663376,6,8,0.75
532,10.871170510072261,20,9.8085748963058,199,141.0377741293503,5,9,0.5555555555555556
260,5.312978068832308,16,7.84685991704464,210,141.0351067839012,8,18,0.4444444444444444
203,4.148209799895994,8,3.92342995852232,121,141.01461175942873,14,23,0.6086956521739131
224,4.577334951609373,20,9.8085748963058,58,141.01145360914364,10,21,0.47619047619047616
170,3.4738702757749707,20,9.8085748963058,43,140.98389563096518,15,28,0.5357142857142857
352,7.192954923957586,8,3.92342995852232,26,140.96855604328536,8,14,0.5714285714285714
533,10.891605041106232,12,5.88514493778348,199,140.967569058166,5,9,0.5555555555555556
279,5.701234158477746,6,2.94257246889174,172,140.9609390452308,6,16,0.375
406,8.296419599791989,8,3.92342995852232,325,140.93641021667057,6,11,0.5454545454545454
397,8.112508820486255,16,7.84685991704464,328,140.92762311143068,7,11,0.6363636363636364
458,9.35901521355845,3,1.47128623444587,271,140.92132176524802,7,10,0.7
479,9.788140365271829,3,1.47128623444587,251,140.90189096219805,6,10,0.6
420,8.582503034267575,6,2.94257246889174,309,140.85310125144125,3,11,0.2727272727272727
530,10.83030144800432,6,2.94257246889174,200,140.83951895383248,4,9,0.4444444444444444
113,2.309102006838657,12,5.88514493778348,52,140.83303428150077,25,41,0.6097560975609756
386,7.88772897911258,12,5.88514493778348,346,140.80958515379618,9,12,0.75
532,10.871170510072261,12,5.88514493778348,198,140.80626095771066,5,9,0.5555555555555556
153,3.1264832481974736,20,9.8085748963058,112,140.79592717559245,19,30,0.6333333333333333
95,1.9412804482271895,6,2.94257246889174,53,140.7669344703942,30,49,0.6122448979591837
699,14.28373719274532,3,1.47128623444587,32,140.75844256276642,3,7,0.42857142857142855
402,8.214681475656107,20,9.8085748963058,333,140.74936381543654,6,11,0.5454545454545454
61,1.2465063930721954,12,5.88514493778348,0,140.74364643392457,42,76,0.5526315789473685
626,12.79201642726548,12,5.88514493778348,103,140.7297119253873,4,8,0.5
723,14.77416593756061,4,1.96171497926116,7,140.72371944759632,5,7,0.7142857142857143
79,1.6143279516836628,20,9.8085748963058,14,140.72025941517077,32,59,0.5423728813559322
186,3.8008227723184973,8,3.92342995852232,172,140.71490236521743,15,24,0.625
570,11.647682689363137,6,2.94257246889174,160,140.7083030053671,6,8,0.75
725,14.815034999628551,12,5.88514493778348,5,140.70387429609983,4,7,0.5714285714285714
365,7.458603827399202,6,2.94257246889174,1,140.69735674242537,7,13,0.5384615384615384
465,9.502056930796243,3,1.47128623444587,265,140.69413951749533,7,10,0.7
188,3.841691834386438,16,7.84685991704464,166,140.69033746420527,15,24,0.625
219,4.475162296439521,16,7.84685991704464,75,140.68476261472017,9,21,0.42857142857142855
446,9.113800841150805,8,3.92342995852232,285,140.68125047052746,7,10,0.7
213,4.3525551102356985,8,3.92342995852232,92,140.67658575634388,9,22,0.4090909090909091
200,4.086906206794083,20,9.8085748963058,127,140.65189309815116,14,23,0.6086956521739131
603,12.32202221348416,6,2.94257246889174,132,140.64094098506362,5,8,0.625
494,10.094658330781385,4,1.96171497926116,238,140.62994469608907,5,9,0.5555555555555556
436,8.909455530811101,12,5.88514493778348,294,140.62880039166097,8,10,0.8
218,4.454727765405551,12,5.88514493778348,76,140.6184980651128,10,21,0.47619047619047616
521,10.646390668698587,3,1.47128623444587,209,140.6067391577109,4,9,0.4444444444444444
227,4.638638544711284,12,5.88514493778348,51,140.59649614431666,12,21,0.5714285714285714
334,6.825133365346119,8,3.92342995852232,63,140.59036087817944,8,14,0.5714285714285714
137,2.799530751653947,4,1.96171497926116,48,140.5889441801018,22,34,0.6470588235294118
298,6.089490248123184,8,3.92342995852232,135,140.5650142062833,11,16,0.6875
358,7.315562110161409,4,1.96171497926116,16,140.5641223632418,8,13,0.6153846153846154
308,6.293835558462888,12,5.88514493778348,114,140.56321437568133,9,15,0.6
493,10.074223799747415,4,1.96171497926116,238,140.56239471869526,5,9,0.5555555555555556
332,6.784264303278178,6,2.94257246889174,66,140.55400950251314,7,14,0.5
644,13.159837985876948,4,1.96171497926116,86,140.54435172250294,5,8,0.625
542,11.075515820411965,3,1.47128623444587,188,140.5342944633674,5,9,0.5555555555555556
262,5.353847130900249,8,3.92342995852232,206,140.53321429989896,8,17,0.47058823529411764
230,4.699942137813196,20,9.8085748963058,20,140.52903867346964,10,21,0.47619047619047616
340,6.947740551549941,3,1.47128623444587,51,140.52533647683723,8,14,0.5714285714285714
330,6.743395241210237,16,7.84685991704464,71,140.52528650286234,7,14,0.5
420,8.582503034267575,20,9.8085748963058,309,140.52195894409465,3,11,0.2727272727272727
626,12.79201642726548,16,7.84685991704464,102,140.5218781338138,4,8,0.5
219,4.475162296439521,12,5.88514493778348,75,140.5054535175333,9,21,0.42857142857142855
290,5.9260139998514205,20,9.8085748963058,157,140.4999194815925,14,16,0.875
645,13.180272516910918,6,2.94257246889174,86,140.49736770726614,5,8,0.625
80,1.6347624827176332,20,9.8085748963058,6,140.4825630669452,32,58,0.5517241379310345
385,7.86729444807861,12,5.88514493778348,346,140.47517582699547,9,12,0.75
205,4.189078861963935,16,7.84685991704464,115,140.4726007588615,11,23,0.4782608695652174
462,9.440753337694332,8,3.92342995852232,269,140.4640720359986,6,10,0.6
110,2.2477984137367457,12,5.88514493778348,71,140.4445126106963,20,42,0.47619047619047616
192,3.92342995852232,16,7.84685991704464,158,140.41500363493554,13,24,0.5416666666666666
528,10.78943238593638,4,1.96171497926116,203,140.4130653495803,4,9,0.4444444444444444
373,7.622080075670965,6,2.94257246889174,357,140.40644573181953,6,12,0.5
374,7.642514606704935,4,1.96171497926116,356,140.40542185412357,6,12,0.5
695,14.201999068609439,4,1.96171497926116,37,140.40538815136284,3,7,0.42857142857142855
725,14.815034999628551,16,7.84685991704464,3,140.39599191445888,4,7,0.5714285714285714
212,4.332120579201728,6,2.94257246889174,96,140.39469894094367,8,22,0.36363636363636365
580,11.852027999702841,12,5.88514493778348,153,140.37816711498382,7,8,0.875
364,7.438169296365231,6,2.94257246889174,3,140.3724770525581,7,13,0.5384615384615384
331,6.763829772244208,20,9.8085748963058,69,140.35442462264322,7,14,0.5
310,6.334704620530829,20,9.8085748963058,104,140.33137474181072,8,15,0.5333333333333333
104,2.125191227532923,16,7.84685991704464,103,140.3240142865346,24,44,0.5454545454545454
630,12.873754551401362,8,3.92342995852232,101,140.31634262633756,5,8,0.625
302,6.1712283722590655,3,1.47128623444587,129,140.30673099434256,12,15,0.8
187,3.8212573033524677,8,3.92342995852232,169,140.2976393811123,14,24,0.5833333333333334
452,9.236408027354628,8,3.92342995852232,278,140.29483851636098,8,10,0.8
631,12.894189082435332,4,1.96171497926116,101,140.28546917886354,5,8,0.625
348,7.111216799821705,16,7.84685991704464,38,140.28207715156137,7,14,0.5
525,10.728128792834468,4,1.96171497926116,205,140.27583867589905,5,9,0.5555555555555556
476,9.726836772169918,3,1.47128623444587,253,140.26505108292886,7,10,0.7
630,12.873754551401362,12,5.88514493778348,102,140.2569134768193,5,8,0.625
191,3.9029954274883494,16,7.84685991704464,156,140.24933135048434,15,24,0.625
352,7.192954923957586,20,9.8085748963058,24,140.22228921150537,8,14,0.5714285714285714
482,9.84944395837374,4,1.96171497926116,248,140.20471371182515,8,10,0.8
437,8.929890061845072,12,5.88514493778348,294,140.19501999224337,8,10,0.8
463,9.461187868728302,20,9.8085748963058,266,140.18947303996134,5,10,0.5
241,4.92472197918687,20,9.8085748963058,3,140.1844928296177,12,20,0.6
168,3.43300121370703,4,1.96171497926116,58,140.16913455983223,15,28,0.5357142857142857
120,2.45214372407645,16,7.84685991704464,6,140.1632969388102,21,39,0.5384615384615384
387,7.908163510146551,8,3.92342995852232,345,140.14047243521858,9,12,0.75
713,14.569820627220906,6,2.94257246889174,17,140.11378755903556,7,7,1.0
210,4.291251517133787,4,1.96171497926116,102,140.08849440646162,10,22,0.45454545454545453
418,8.541633972199634,20,9.8085748963058,310,140.0850754997643,4,11,0.36363636363636365
698,14.26330266171135,3,1.47128623444587,33,140.07656511498257,3,7,0.42857142857142855
299,6.109924779157154,12,5.88514493778348,133,140.06879680645685,11,16,0.6875
70,1.430417172377929,20,9.8085748963058,36,140.02844346169456,31,66,0.4696969696969697
510,10.421610827324912,3,1.47128623444587,219,140.02801012219652,6,9,0.6666666666666666
51,1.0421610827324912,20,9.8085748963058,11,140.0261581334858,52,91,0.5714285714285714
531,10.85073597903829,6,2.94257246889174,200,140.0241879397738,5,9,0.5555555555555556
130,2.656489034416154,4,1.96171497926116,83,140.02285455585533,20,36,0.5555555555555556
123,2.513447317178361,16,7.84685991704464,118,140.0132852245162,19,37,0.5135135135135135
376,7.683383668772876,20,9.8085748963058,352,140.01241087635023,5,12,0.4166666666666667
640,13.078099861741066,3,1.47128623444587,90,140.01127293460544,5,8,0.625
530,10.83030144800432,20,9.8085748963058,199,140.0038075213254,4,9,0.4444444444444444
224,4.577334951609373,12,5.88514493778348,58,139.9501474132946,11,21,0.5238095238095238
725,14.815034999628551,8,3.92342995852232,5,139.94167076768503,4,7,0.5714285714285714
330,6.743395241210237,8,3.92342995852232,71,139.94092803365524,7,14,0.5
474,9.685967710101977,6,2.94257246889174,257,139.9374608822343,8,10,0.8
429,8.766413813573308,3,1.47128623444587,301,139.93545032406047,7,11,0.6363636363636364
693,14.161130006541498,6,2.94257246889174,37,139.9323667101053,5,7,0.7142857142857143
714,14.590255158254877,6,2.94257246889174,17,139.927200846861,7,7,1.0
418,8.541633972199634,4,1.96171497926116,313,139.92563234929744,4,11,0.36363636363636365
207,4.229947924031876,6,2.94257246889174,108,139.8972242285307,11,22,0.5
485,9.910747551475652,3,1.47128623444587,246,139.89288267322746,6,10,0.6
339,6.927306020515971,4,1.96171497926116,53,139.88226613256487,8,14,0.5714285714285714
377,7.703818199806847,12,5.88514493778348,357,139.87480241650675,8,12,0.6666666666666666
151,3.0856141861295328,20,9.8085748963058,133,139.87348065299267,21,30,0.7
258,5.272109006764367,6,2.94257246889174,214,139.87111363653253,11,18,0.6111111111111112
728,14.876338592730463,6,2.94257246889174,3,139.87047343451107,6,7,0.8571428571428571
531,10.85073597903829,20,9.8085748963058,198,139.8596172164623,4,9,0.4444444444444444
464,9.481622399762273,6,2.94257246889174,267,139.85351702995885,5,10,0.5
617,12.608105647959746,3,1.47128623444587,113,139.83687964893198,4,8,0.5
534,10.912039572140202,6,2.94257246889174,198,139.82489496343456,6,9,0.6666666666666666
223,4.556900420575403,8,3.92342995852232,61,139.80540478654154,11,21,0.5238095238095238
286,5.844275875715539,16,7.84685991704464,153,139.76923029678974,10,16,0.625
544,11.116384882479906,6,2.94257246889174,187,139.76822429694082,4,9,0.4444444444444444
161,3.289959496469237,12,5.88514493778348,85,139.75100159078852,16,29,0.5517241379310345
260,5.312978068832308,12,5.88514493778348,210,139.73993535446505,8,18,0.4444444444444444
462,9.440753337694332,16,7.84685991704464,269,139.7367778577122,6,10,0.6
169,3.4534357447410002,4,1.96171497926116,55,139.73467155798375,16,28,0.5714285714285714
421,8.602937565301545,8,3.92342995852232,315,139.72017518452716,3,11,0.2727272727272727
236,4.822549324017018,20,9.8085748963058,20,139.7050896992961,13,20,0.65
280,5.721668689511716,4,1.96171497926116,170,139.70429451645964,5,16,0.3125
729,14.896773123764433,3,1.47128623444587,2,139.70210213554216,5,7,0.7142857142857143
353,7.213389454991557,16,7.84685991704464,25,139.6902815254654,9,14,0.6428571428571429
353,7.213389454991557,12,5.88514493778348,25,139.67524883846275,9,14,0.6428571428571429
727,14.855904061696492,6,2.94257246889174,4,139.66376938316057,5,7,0.7142857142857143
481,9.82900942733977,3,1.47128623444587,246,139.63667547235852,6,10,0.6
262,5.353847130900249,20,9.8085748963058,205,139.6303184549027,8,17,0.47058823529411764
256,5.231239944696426,6,2.94257246889174,221,139.6120015628541,10,18,0.5555555555555556
375,7.662949137738906,6,2.94257246889174,356,139.6101062647674,6,12,0.5
437,8.929890061845072,16,7.84685991704464,294,139.60029084111417,8,10,0.8
720,14.7128623444587,3,1.47128623444587,12,139.56535015697472,6,7,0.8571428571428571
94,1.920845917193219,16,7.84685991704464,71,139.56528203888672,27,49,0.5510204081632653
483,9.86987848940771,4,1.96171497926116,246,139.557005089534,7,10,0.7
354,7.233823986025527,8,3.92342995852232,23,139.5450522441746,8,14,0.5714285714285714
236,4.822549324017018,16,7.84685991704464,21,139.53247480932035,13,20,0.65
132,2.697358096484095,8,3.92342995852232,69,139.5229975877884,17,35,0.4857142857142857
435,8.88902099977713,3,1.47128623444587,294,139.5169235202969,8,10,0.8
309,6.314270089496858,16,7.84685991704464,109,139.50871798839339,8,15,0.5333333333333333
484,9.890313020441681,6,2.94257246889174,246,139.4823136049569,7,10,0.7
220,4.495596827473491,12,5.88514493778348,70,139.46636527107924,8,21,0.38095238095238093
84,1.716500606853515,16,7.84685991704464,61,139.4611123272344,28,55,0.509090909090909
459,9.37944974459242,8,3.92342995852232,272,139.45509108145848,6,10,0.6
335,6.845567896380089,4,1.96171497926116,62,139.4466992304691,9,14,0.6428571428571429
237,4.8429838550509885,12,5.88514493778348,17,139.42374791547718,13,20,0.65
697,14.24286813067738,3,1.47128623444587,33,139.42042190510577,3,7,0.42857142857142855
247,5.047329165390693,8,3.92342995852232,239,139.39261102511261,8,18,0.4444444444444444
477,9.747271303203888,4,1.96171497926116,254,139.3775343135609,6,10,0.6
571,11.668117220397107,4,1.96171497926116,159,139.35222567310132,7,8,0.875
569,11.627248158329166,3,1.47128623444587,161,139.35083530587102,6,8,0.75
366,7.479038358433172,3,1.47128623444587,365,139.3429495028057,7,12,0.5833333333333334
601,12.28115315141622,20,9.8085748963058,138,139.34227085434438,5,8,0.625
395,8.071639758418314,4,1.96171497926116,334,139.3410557227634,7,11,0.6363636363636364
409,8.3577231928939,3,1.47128623444587,320,139.332591935443,5,11,0.45454545454545453
536,10.952908634208143,3,1.47128623444587,195,139.32946152503487,5,9,0.5555555555555556
469,9.583795054932125,16,7.84685991704464,258,139.31099617332774,7,10,0.7
573,11.708986282465048,20,9.8085748963058,153,139.3096120919899,6,8,0.75
330,6.743395241210237,20,9.8085748963058,71,139.3073672996458,7,14,0.5
346,7.070347737753764,12,5.88514493778348,37,139.3031779786622,8,14,0.5714285714285714
52,1.0625956137664616,16,7.84685991704464,34,139.28548920584467,55,89,0.6179775280898876
83,1.6960660758195445,12,5.88514493778348,69,139.2842318240529,31,55,0.5636363636363636
100,2.0434531033970416,20,9.8085748963058,23,139.27628493600025,27,47,0.574468085106383
449,9.175104434252717,8,3.92342995852232,282,139.27226571751947,9,10,0.9
234,4.781680261949077,3,1.47128623444587,28,139.26375524357937,12,20,0.6
463,9.461187868728302,6,2.94257246889174,268,139.25771142676888,5,10,0.5
461,9.420318806660362,20,9.8085748963058,244,139.2516081775555,5,10,0.5
478,9.767705834237859,3,1.47128623444587,252,139.20028498244994,6,10,0.6
333,6.804698834312148,3,1.47128623444587,64,139.17744374399373,8,14,0.5714285714285714
404,8.255550537724048,8,3.92342995852232,325,139.159009120852,7,11,0.6363636363636364
349,7.131651330855675,4,1.96171497926116,34,139.15334337316602,7,14,0.5
301,6.150793841225095,12,5.88514493778348,130,139.15204720995794,12,15,0.8
351,7.172520392923616,6,2.94257246889174,29,139.14248679262946,7,14,0.5
219,4.475162296439521,20,9.8085748963058,75,139.1304487908286,9,21,0.42857142857142855
595,12.158545965212397,12,5.88514493778348,134,139.12670719633937,6,8,0.75
437,8.929890061845072,8,3.92342995852232,294,139.11482992955615,8,10,0.8
527,10.768997854902409,3,1.47128623444587,203,139.0944185961264,4,9,0.4444444444444444
410,8.37815772392787,4,1.96171497926116,323,139.0828890447394,5,11,0.45454545454545453
468,9.563360523898154,6,2.94257246889174,262,139.07364296688127,6,10,0.6
450,9.195538965286687,6,2.94257246889174,282,139.07019520982308,8,10,0.8
181,3.6986501171486452,20,9.8085748963058,0,139.05331357958173,15,26,0.5769230769230769
189,3.8621263654204085,8,3.92342995852232,166,139.04598925192087,18,24,0.75
722,14.75373140652664,3,1.47128623444587,8,139.03803977456465,5,7,0.7142857142857143
436,8.909455530811101,8,3.92342995852232,295,139.03455805549774,8,10,0.8
626,12.79201642726548,8,3.92342995852232,103,139.03320507211703,4,8,0.5
297,6.069055717089213,4,1.96171497926116,137,139.01880409457615,11,16,0.6875
233,4.761245730915107,3,1.47128623444587,34,139.00234277162062,13,20,0.65
92,1.8799768551252782,16,7.84685991704464,70,138.99249701107706,28,50,0.56
642,13.118968923809007,3,1.47128623444587,88,138.98828731375144,6,8,0.75
529,10.80986691697035,4,1.96171497926116,202,138.98074933413957,4,9,0.4444444444444444
512,10.462479889392853,3,1.47128623444587,219,138.97941167444796,5,9,0.5555555555555556
552,11.27986113075167,3,1.47128623444587,178,138.9455603177499,6,9,0.6666666666666666
430,8.786848344607279,3,1.47128623444587,301,138.94441497261656,7,11,0.6363636363636364
103,2.104756696498953,16,7.84685991704464,5,138.9370523676049,24,45,0.5333333333333333
543,11.095950351445936,4,1.96171497926116,187,138.92203659288865,4,9,0.4444444444444444
218,4.454727765405551,8,3.92342995852232,77,138.90817831600842,9,21,0.42857142857142855
551,11.259426599717699,3,1.47128623444587,180,138.90762028795413,6,9,0.6666666666666666
208,4.250382455065846,20,9.8085748963058,103,138.88195797185665,10,22,0.45454545454545453
91,1.8595423240913078,20,9.8085748963058,0,138.84463242685825,22,51,0.43137254901960786
437,8.929890061845072,20,9.8085748963058,297,138.83166130676187,7,10,0.7
511,10.442045358358882,3,1.47128623444587,219,138.7908506112965,6,9,0.6666666666666666
526,10.748563323868439,3,1.47128623444587,204,138.77794751331334,4,9,0.4444444444444444
112,2.2886674758046865,8,3.92342995852232,59,138.77685935231517,24,41,0.5853658536585366
579,11.83159346866887,20,9.8085748963058,157,138.76217507047997,7,8,0.875
724,14.794600468594581,4,1.96171497926116,6,138.75859770459516,4,7,0.5714285714285714
630,12.873754551401362,16,7.84685991704464,102,138.75142067178507,5,8,0.625
363,7.417734765331261,12,5.88514493778348,4,138.73674708625782,5,13,0.38461538461538464
726,14.835469530662522,12,5.88514493778348,4,138.73674708625782,5,7,0.7142857142857143
205,4.189078861963935,12,5.88514493778348,118,138.73654719893977,10,23,0.43478260869565216
185,3.780388241284527,16,7.84685991704464,172,138.71934205818633,15,25,0.6
353,7.213389454991557,20,9.8085748963058,23,138.71310187488456,9,14,0.6428571428571429
716,14.631124220322818,4,1.96171497926116,15,138.7054137126041,6,7,0.8571428571428571
66,1.3486790482420474,16,7.84685991704464,3,138.69709463210063,38,71,0.5352112676056338
222,4.536465889541432,6,2.94257246889174,65,138.68765088115913,8,21,0.38095238095238093
451,9.215973496320657,6,2.94257246889174,280,138.68159757481598,8,10,0.8
69,1.4099826413439587,8,3.92342995852232,39,138.67736827597213,41,67,0.6119402985074627
696,14.22243359964341,3,1.47128623444587,34,138.66076747390778,3,7,0.42857142857142855
285,5.823841344681568,12,5.88514493778348,156,138.66057396077713,9,16,0.5625
376,7.683383668772876,16,7.84685991704464,352,138.6567351721628,5,12,0.4166666666666667
453,9.256842558388598,6,2.94257246889174,278,138.6559300778133,6,10,0.6
350,7.1520858618896455,4,1.96171497926116,31,138.63548097308944,8,14,0.5714285714285714
310,6.334704620530829,12,5.88514493778348,110,138.61876146671537,10,15,0.6666666666666666
371,7.581211013603024,3,1.47128623444587,361,138.61517662523678,4,12,0.3333333333333333
144,2.94257246889174,8,3.92342995852232,12,138.60907498118596,28,33,0.8484848484848485
312,6.37557368259877,20,9.8085748963058,102,138.59025214306652,8,15,0.5333333333333333
198,4.046037144726142,16,7.84685991704464,130,138.55523638683155,14,23,0.6086956521739131
596,12.178980496246368,16,7.84685991704464,131,138.53396635258014,6,8,0.75
383,7.826425386010669,12,5.88514493778348,348,138.50566632957938,9,12,0.75
533,10.891605041106232,8,3.92342995852232,198,138.50512935056707,5,9,0.5555555555555556
384,7.84685991704464,12,5.88514493778348,348,138.4999897532772,7,12,0.5833333333333334
208,4.250382455065846,16,7.84685991704464,105,138.4924369797393,11,22,0.5
454,9.277277089422569,4,1.96171497926116,278,138.467029824977,7,10,0.7
220,4.495596827473491,8,3.92342995852232,71,138.4557315337686,8,21,0.38095238095238093
175,3.5760429309448227,20,9.8085748963058,25,138.4404055683061,13,27,0.48148148148148145
306,6.252966496394947,3,1.47128623444587,117,138.40981999514244,10,15,0.6666666666666666
405,8.275985068758018,8,3.92342995852232,325,138.39725677650725,7,11,0.6363636363636364
419,8.562068503233604,20,9.8085748963058,311,138.39054700839435,4,11,0.36363636363636365
310,6.334704620530829,8,3.92342995852232,110,138.38874534948147,10,15,0.6666666666666666
438,8.950324592879042,3,1.47128623444587,294,138.38199671656136,5,10,0.5
206,4.209513392997906,6,2.94257246889174,113,138.3811619087508,11,22,0.5
208,4.250382455065846,12,5.88514493778348,106,138.35948794216756,11,22,0.5
572,11.688551751431078,6,2.94257246889174,158,138.33025338506167,6,8,0.75
625,12.77158189623151,4,1.96171497926116,106,138.29318752864378,5,8,0.625
520,10.625956137664616,3,1.47128623444587,210,138.28915212856413,5,9,0.5555555555555556
726,14.835469530662522,16,7.84685991704464,4,138.28192506835964,5,7,0.7142857142857143
363,7.417734765331261,16,7.84685991704464,4,138.28192506835964,5,13,0.38461538461538464
271,5.537757910205983,8,3.92342995852232,189,138.27232045061072,9,17,0.5294117647058824
160,3.2695249654352665,12,5.88514493778348,90,138.26879075677834,17,29,0.5862068965517241
553,11.30029566178564,4,1.96171497926116,178,138.2608666133235,6,9,0.6666666666666666
594,12.138111434178427,8,3.92342995852232,136,138.2500271618921,6,8,0.75
72,1.47128623444587,8,3.92342995852232,12,138.2379533190051,30,65,0.46153846153846156
600,12.26071862038225,20,9.8085748963058,131,138.2195928444604,6,8,0.75
352,7.192954923957586,6,2.94257246889174,26,138.20930534650407,8,14,0.5714285714285714
148,3.0243105930276215,20,9.8085748963058,135,138.19805998257695,17,31,0.5483870967741935
261,5.3334125998662785,3,1.47128623444587,210,138.17619579733685,8,17,0.47058823529411764
402,8.214681475656107,16,7.84685991704464,328,138.1726350339755,6,11,0.5454545454545454
462,9.440753337694332,20,9.8085748963058,267,138.13735764838006,6,10,0.6
630,12.873754551401362,6,2.94257246889174,101,138.13647215658338,5,8,0.625
369,7.540341951535083,4,1.96171497926116,362,138.12242726981677,5,12,0.4166666666666667
129,2.6360545033821836,16,7.84685991704464,91,138.12147989851164,20,36,0.5555555555555556
362,7.3973002342972904,4,1.96171497926116,7,138.1061379098617,4,13,0.3076923076923077
331,6.763829772244208,6,2.94257246889174,69,138.09966452518077,7,14,0.5
406,8.296419599791989,6,2.94257246889174,325,138.0907600980253,6,11,0.5454545454545454
419,8.562068503233604,3,1.47128623444587,312,138.07865830249864,4,11,0.36363636363636365
275,5.619496034341864,3,1.47128623444587,181,138.06316736209237,12,17,0.7058823529411765
462,9.440753337694332,6,2.94257246889174,269,138.05924801033999,6,10,0.6
125,2.554316379246302,12,5.88514493778348,102,138.05741334341425,15,37,0.40540540540540543
222,4.536465889541432,20,9.8085748963058,68,138.0256130394417,8,21,0.38095238095238093
357,7.295127579127438,6,2.94257246889174,17,138.01276624504027,9,13,0.6923076923076923
65,1.328244517208077,8,3.92342995852232,23,138.00445472486211,41,71,0.5774647887323944
278,5.6807996274437755,4,1.96171497926116,174,137.9968178757469,6,17,0.35294117647058826
240,4.9042874481529,12,5.88514493778348,10,137.9871200098001,12,20,0.6
532,10.871170510072261,8,3.92342995852232,198,137.97069207773401,5,9,0.5555555555555556
235,4.802114792983048,12,5.88514493778348,24,137.9605753440718,14,20,0.7
447,9.134235372184776,6,2.94257246889174,284,137.9484126066476,7,10,0.7
284,5.803406813647598,8,3.92342995852232,159,137.9058563251685,8,16,0.5
423,8.643806627369486,12,5.88514493778348,314,137.90472131825987,3,11,0.2727272727272727
363,7.417734765331261,8,3.92342995852232,5,137.8938010401372,5,13,0.38461538461538464
726,14.835469530662522,8,3.92342995852232,5,137.8938010401372,5,7,0.7142857142857143
345,7.049913206719793,4,1.96171497926116,39,137.88469738169047,9,14,0.6428571428571429
602,12.30158768245019,12,5.88514493778348,130,137.87635888441778,7,8,0.875
59,1.2056373310042545,16,7.84685991704464,21,137.84611549565736,41,79,0.5189873417721519
215,4.393424172303639,4,1.96171497926116,87,137.83414069056258,9,22,0.4090909090909091
582,11.892897061770782,3,1.47128623444587,150,137.83393543860134,7,8,0.875
334,6.825133365346119,6,2.94257246889174,63,137.83012034706675,8,14,0.5714285714285714
461,9.420318806660362,12,5.88514493778348,270,137.81701679268386,6,10,0.6
273,5.5786269722739235,4,1.96171497926116,186,137.79767543451553,9,17,0.5294117647058824
600,12.26071862038225,16,7.84685991704464,132,137.78595967188318,6,8,0.75
180,3.678215586114675,12,5.88514493778348,9,137.7755444001523,17,26,0.6538461538461539
220,4.495596827473491,16,7.84685991704464,70,137.77424887859416,8,21,0.38095238095238093
691,14.120260944473557,3,1.47128623444587,37,137.76662315636776,5,7,0.7142857142857143
528,10.78943238593638,3,1.47128623444587,202,137.69944061049455,4,9,0.4444444444444444
105,2.1456257585668936,12,5.88514493778348,98,137.6994352652847,26,44,0.5909090909090909
448,9.154669903218746,8,3.92342995852232,283,137.6980033724421,8,10,0.8
238,4.863418386084959,16,7.84685991704464,9,137.67604751988978,13,20,0.65
124,2.5338818482123315,4,1.96171497926116,112,137.6545860168131,18,37,0.4864864864864865
251,5.129067289526574,16,7.84685991704464,228,137.61359198024715,9,18,0.5
493,10.074223799747415,3,1.47128623444587,238,137.590314232215,5,9,0.5555555555555556
73,1.4917207654798403,8,3.92342995852232,1,137.5690569678909,39,64,0.609375
121,2.4725782551104203,6,2.94257246889174,5,137.5514811156135,22,39,0.5641025641025641
236,4.822549324017018,12,5.88514493778348,21,137.5436480677877,13,20,0.65
347,7.090782268787734,20,9.8085748963058,34,137.51350976182943,7,14,0.5
726,14.835469530662522,20,9.8085748963058,3,137.50740036764378,5,7,0.7142857142857143
363,7.417734765331261,20,9.8085748963058,3,137.50740036764378,5,13,0.38461538461538464
188,3.841691834386438,12,5.88514493778348,166,137.5031948937998,15,24,0.625
725,14.815034999628551,6,2.94257246889174,5,137.49916135153163,4,7,0.5714285714285714
530,10.83030144800432,4,1.96171497926116,200,137.489567426682,4,9,0.4444444444444444
260,5.312978068832308,8,3.92342995852232,211,137.48723603390354,8,18,0.4444444444444444
573,11.708986282465048,16,7.84685991704464,154,137.4639273675413,6,8,0.75
229,4.679507606779225,4,1.96171497926116,41,137.44311738671882,12,21,0.5714285714285714
138,2.8199652826879174,8,3.92342995852232,40,137.43431109374532,21,34,0.6176470588235294
461,9.420318806660362,16,7.84685991704464,269,137.4334023628826,6,10,0.6
535,10.932474103174172,4,1.96171497926116,196,137.39978502619343,6,9,0.6666666666666666
308,6.293835558462888,8,3.92342995852232,114,137.35579551260417,9,15,0.6
182,3.7190846481826156,8,3.92342995852232,4,137.3546455099479,15,26,0.5769230769230769
148,3.0243105930276215,16,7.84685991704464,136,137.34550741775118,17,31,0.5483870967741935
78,1.5938934206496924,12,5.88514493778348,30,137.34518092891577,33,60,0.55
262,5.353847130900249,6,2.94257246889174,207,137.33472769880876,8,17,0.47058823529411764
494,10.094658330781385,3,1.47128623444587,238,137.3343299220855,5,9,0.5555555555555556
184,3.7599537102505565,12,5.88514493778348,177,137.32763255956257,15,25,0.6
460,9.399884275626391,16,7.84685991704464,269,137.32654192065482,6,10,0.6
446,9.113800841150805,6,2.94257246889174,285,137.32349489548565,7,10,0.7
360,7.35643117222935,3,1.47128623444587,12,137.30775454104918,7,13,0.5384615384615384
470,9.604229585966095,20,9.8085748963058,253,137.29152866305785,7,10,0.7
600,12.26071862038225,12,5.88514493778348,132,137.28864107553625,6,8,0.75
420,8.582503034267575,3,1.47128623444587,309,137.27544922131364,3,11,0.2727272727272727
114,2.3295365378726274,4,1.96171497926116,50,137.2740277629547,23,41,0.5609756097560976
126,2.5747509102802724,6,2.94257246889174,114,137.22311496151755,20,36,0.5555555555555556
723,14.77416593756061,3,1.47128623444587,7,137.21899730543328,5,7,0.7142857142857143
348,7.111216799821705,12,5.88514493778348,36,137.20756507008124,7,14,0.5
601,12.28115315141622,16,7.84685991704464,130,137.18781357431843,7,8,0.875
420,8.582503034267575,4,1.96171497926116,309,137.1734771525049,3,11,0.2727272727272727
60,1.226071862038225,16,7.84685991704464,10,137.16684477159046,42,78,0.5384615384615384
712,14.549386096186936,4,1.96171497926116,17,137.15049122977678,6,7,0.8571428571428571
382,7.805990854976699,8,3.92342995852232,348,137.1449654910227,9,12,0.75
631,12.894189082435332,3,1.47128623444587,101,137.12732741800062,5,8,0.625
418,8.541633972199634,3,1.47128623444587,312,137.12331612447377,4,11,0.36363636363636365
459,9.37944974459242,6,2.94257246889174,272,137.11250222450738,6,10,0.6
452,9.236408027354628,6,2.94257246889174,278,137.10369203932248,8,10,0.8
339,6.927306020515971,3,1.47128623444587,52,137.07789659341498,9,14,0.6428571428571429
376,7.683383668772876,12,5.88514493778348,353,137.0729934054987,5,12,0.4166666666666667
580,11.852027999702841,8,3.92342995852232,152,137.06979079627848,7,8,0.875
272,5.558192441239953,4,1.96171497926116,187,137.0660592499176,8,17,0.47058823529411764
593,12.117676903144456,4,1.96171497926116,136,137.05477928134712,6,8,0.75
226,4.618204013677314,20,9.8085748963058,52,137.02384112338655,10,21,0.47619047619047616
715,14.610689689288847,4,1.96171497926116,16,136.99427032912357,6,7,0.8571428571428571
146,2.9834415309596807,4,1.96171497926116,3,136.98844609130498,19,32,0.59375
353,7.213389454991557,8,3.92342995852232,25,136.98040718723198,9,14,0.6428571428571429
473,9.665533179068007,12,5.88514493778348,258,136.97279362918235,8,10,0.8
386,7.88772897911258,8,3.92342995852232,345,136.965066698878,9,12,0.75
291,5.946448530885391,3,1.47128623444587,150,136.94767711297985,14,16,0.875
398,8.132943351520225,20,9.8085748963058,326,136.9326508210005,6,11,0.5454545454545454
630,12.873754551401362,20,9.8085748963058,103,136.91489318693272,5,8,0.625
694,14.181564537575468,4,1.96171497926116,36,136.90194317087025,4,7,0.5714285714285714
543,11.095950351445936,3,1.47128623444587,187,136.8795533555241,4,9,0.4444444444444444
626,12.79201642726548,6,2.94257246889174,103,136.87515828943307,4,8,0.5
361,7.37686570326332,3,1.47128623444587,8,136.8730038492047,6,13,0.46153846153846156
259,5.292543537798338,4,1.96171497926116,212,136.86817005772713,9,18,0.5
208,4.250382455065846,8,3.92342995852232,106,136.85607234055854,12,22,0.5454545454545454
241,4.92472197918687,16,7.84685991704464,5,136.85305581081292,12,20,0.6
570,11.647682689363137,4,1.96171497926116,160,136.85243733415706,6,8,0.75
436,8.909455530811101,6,2.94257246889174,295,136.83991151293262,8,10,0.8
263,5.374281661934219,16,7.84685991704464,204,136.82568024588755,7,17,0.4117647058823529
239,4.883852917118929,20,9.8085748963058,14,136.80136575683142,12,20,0.6
310,6.334704620530829,16,7.84685991704464,110,136.7963978266659,10,15,0.6666666666666666
473,9.665533179068007,8,3.92342995852232,258,136.79597153389338,8,10,0.8
243,4.965591041254811,4,1.96171497926116,2,136.79287508431233,11,20,0.55
68,1.3895481103099883,20,9.8085748963058,57,136.78867398098666,36,68,0.5294117647058824
227,4.638638544711284,8,3.92342995852232,51,136.78013038951357,12,21,0.5714285714285714
250,5.108632758492604,4,1.96171497926116,229,136.77824084407425,9,18,0.5
193,3.94386448955629,8,3.92342995852232,153,136.76530483738955,15,24,0.625
445,9.093366310116835,4,1.96171497926116,285,136.75307220800343,5,10,0.5
111,2.268232944770716,20,9.8085748963058,65,136.7416911619777,19,42,0.4523809523809524
692,14.140695475507528,4,1.96171497926116,37,136.73511007167068,5,7,0.7142857142857143
644,13.159837985876948,3,1.47128623444587,86,136.70585271280157,5,8,0.625
257,5.251674475730397,4,1.96171497926116,217,136.6954285547888,12,18,0.6666666666666666
597,12.199415027280338,20,9.8085748963058,128,136.68389711538822,6,8,0.75
330,6.743395241210237,6,2.94257246889174,71,136.67283140697774,7,14,0.5
645,13.180272516910918,4,1.96171497926116,86,136.65368762135142,5,8,0.625
263,5.374281661934219,12,5.88514493778348,204,136.63998851547768,7,17,0.4117647058823529
544,11.116384882479906,4,1.96171497926116,187,136.63445983097907,4,9,0.4444444444444444
107,2.1864948206348345,8,3.92342995852232,88,136.62545931483083,22,43,0.5116279069767442
75,1.5325898275477812,12,5.88514493778348,22,136.6254160433629,37,62,0.5967741935483871
525,10.728128792834468,3,1.47128623444587,205,136.6189600021121,5,9,0.5555555555555556
467,9.542925992864184,4,1.96171497926116,264,136.61324002999126,6,10,0.6
437,8.929890061845072,6,2.94257246889174,294,136.60538371267762,8,10,0.8
311,6.355139151564799,16,7.84685991704464,104,136.55399735466034,9,15,0.6
225,4.5977694826433435,20,9.8085748963058,56,136.5439199255139,12,21,0.5714285714285714
201,4.1073407378280535,16,7.84685991704464,132,136.51785963710304,11,23,0.4782608695652174
255,5.210805413662456,6,2.94257246889174,220,136.51754986840487,12,18,0.6666666666666666
219,4.475162296439521,8,3.92342995852232,75,136.51478497149168,9,21,0.42857142857142855
178,3.637346524046734,8,3.92342995852232,18,136.48496168133627,16,26,0.6153846153846154
469,9.583795054932125,12,5.88514493778348,260,136.4753110424031,7,10,0.7
251,5.129067289526574,12,5.88514493778348,229,136.47220088540897,9,18,0.5
460,9.399884275626391,12,5.88514493778348,270,136.4319779681675,6,10,0.6
603,12.32202221348416,4,1.96171497926116,129,136.42365473015585,6,8,0.75
187,3.8212573033524677,6,2.94257246889174,169,136.3910041907387,14,24,0.5833333333333334
64,1.3078099861741066,20,9.8085748963058,33,136.3854207996397,40,72,0.5555555555555556
473,9.665533179068007,20,9.8085748963058,259,136.37616554962884,7,10,0.7
263,5.374281661934219,20,9.8085748963058,204,136.37511579399182,7,17,0.4117647058823529
192,3.92342995852232,12,5.88514493778348,156,136.3423817834602,12,24,0.5
90,1.8391077930573374,20,9.8085748963058,11,136.3194569548202,29,52,0.5576923076923077
119,2.4317091930424795,6,2.94257246889174,17,136.31670253568302,23,39,0.5897435897435898
411,8.39859225496184,3,1.47128623444587,321,136.29155877256497,6,11,0.5454545454545454
254,5.190370882628486,4,1.96171497926116,223,136.2872125681498,11,18,0.6111111111111112
210,4.291251517133787,3,1.47128623444587,101,136.27452916574018,10,22,0.45454545454545453
246,5.026894634356722,4,1.96171497926116,239,136.27135245203914,9,18,0.5
417,8.521199441165663,3,1.47128623444587,315,136.26361421644097,4,11,0.36363636363636365
529,10.80986691697035,3,1.47128623444587,201,136.26266913342332,4,9,0.4444444444444444
724,14.794600468594581,3,1.47128623444587,6,136.24784491861732,4,7,0.5714285714285714
374,7.642514606704935,3,1.47128623444587,356,136.24252416642838,6,12,0.5
213,4.3525551102356985,6,2.94257246889174,92,136.2294128751847,9,22,0.4090909090909091
185,3.780388241284527,12,5.88514493778348,174,136.21076315170856,16,25,0.64
235,4.802114792983048,8,3.92342995852232,25,136.20624553927172,15,20,0.75
186,3.8008227723184973,6,2.94257246889174,172,136.19811738866582,15,24,0.625
601,12.28115315141622,12,5.88514493778348,130,136.19227469239436,7,8,0.875
283,5.782972282613628,4,1.96171497926116,162,136.18144403093257,7,16,0.4375
477,9.747271303203888,3,1.47128623444587,253,136.16917238984163,6,10,0.6
344,7.029478675685823,3,1.47128623444587,42,136.16185402136614,9,14,0.6428571428571429
203,4.148209799895994,6,2.94257246889174,122,136.1510792183133,14,23,0.6086956521739131
347,7.090782268787734,16,7.84685991704464,33,136.12940643155437,8,14,0.5714285714285714
218,4.454727765405551,6,2.94257246889174,77,136.11957333335997,9,21,0.42857142857142855
279,5.701234158477746,4,1.96171497926116,172,136.11427093933523,6,16,0.375
727,14.855904061696492,4,1.96171497926116,4,136.10283107113813,5,7,0.7142857142857143
402,8.214681475656107,12,5.88514493778348,328,136.10226269088503,6,11,0.5454545454545454
695,14.201999068609439,3,1.47128623444587,37,136.09698814704345,3,7,0.42857142857142855
387,7.908163510146551,6,2.94257246889174,345,136.08654348036168,9,12,0.75
179,3.6577810550807044,6,2.94257246889174,14,136.08628033049968,15,26,0.5769230769230769
76,1.5530243585817516,8,3.92342995852232,50,136.05932508069174,36,61,0.5901639344262295
335,6.845567896380089,3,1.47128623444587,61,136.0445236463583,9,14,0.6428571428571429
461,9.420318806660362,8,3.92342995852232,270,136.03863845778463,6,10,0.6
214,4.372989641269669,4,1.96171497926116,90,136.00108636908382,11,22,0.5
290,5.9260139998514205,16,7.84685991704464,155,135.9729486940396,14,16,0.875
298,6.089490248123184,6,2.94257246889174,135,135.9727007455865,11,16,0.6875
599,12.240284089348279,20,9.8085748963058,133,135.9439607726793,7,8,0.875
50,1.0217265516985208,12,5.88514493778348,23,135.94159354511388,54,93,0.5806451612903226
280,5.721668689511716,3,1.47128623444587,170,135.9201282770156,5,16,0.3125
300,6.130359310191125,8,3.92342995852232,132,135.89064989896073,11,16,0.6875
349,7.131651330855675,3,1.47128623444587,34,135.86402278999066,7,14,0.5
579,11.83159346866887,16,7.84685991704464,154,135.86008517825508,7,8,0.875
571,11.668117220397107,3,1.47128623444587,159,135.84013568296047,7,8,0.875
299,6.109924779157154,8,3.92342995852232,133,135.83639325686562,11,16,0.6875
355,7.2542585170594975,4,1.96171497926116,20,135.82462467723613,8,13,0.6153846153846154
220,4.495596827473491,6,2.94257246889174,71,135.81266662952078,8,21,0.38095238095238093
627,12.81245095829945,12,5.88514493778348,103,135.7700470244814,5,8,0.625
358,7.315562110161409,3,1.47128623444587,15,135.76721342482566,8,13,0.6153846153846154
127,2.595185441314243,8,3.92342995852232,95,135.75247164590644,23,36,0.6388888888888888
473,9.665533179068007,16,7.84685991704464,256,135.75185558961832,7,10,0.7
266,5.4355852550361305,20,9.8085748963058,201,135.7457430598012,10,17,0.5882352941176471
329,6.722960710176267,16,7.84685991704464,76,135.73778423012857,6,14,0.42857142857142855
226,4.618204013677314,16,7.84685991704464,52,135.72450230676935,11,21,0.5238095238095238
627,12.81245095829945,8,3.92342995852232,103,135.71663041319175,5,8,0.625
53,1.083030144800432,20,9.8085748963058,34,135.69120025549802,42,87,0.4827586206896552
200,4.086906206794083,16,7.84685991704464,126,135.67949454238547,14,23,0.6086956521739131
247,5.047329165390693,6,2.94257246889174,239,135.6762837247552,8,18,0.4444444444444444
483,9.86987848940771,3,1.47128623444587,245,135.67505710832674,7,10,0.7
596,12.178980496246368,12,5.88514493778348,133,135.66889350029533,6,8,0.75
449,9.175104434252717,6,2.94257246889174,282,135.66747275540655,9,10,0.9
310,6.334704620530829,6,2.94257246889174,110,135.66186919233513,10,15,0.6666666666666666
152,3.106048717163503,6,2.94257246889174,124,135.6565207221689,21,30,0.7
466,9.522491461830214,4,1.96171497926116,264,135.6431840618305,7,10,0.7
533,10.891605041106232,6,2.94257246889174,198,135.64263270587728,5,9,0.5555555555555556
220,4.495596827473491,20,9.8085748963058,70,135.63899731556583,8,21,0.38095238095238093
531,10.85073597903829,4,1.96171497926116,200,135.63629734368956,5,9,0.5555555555555556
482,9.84944395837374,3,1.47128623444587,247,135.62647539204107,8,10,0.8
693,14.161130006541498,4,1.96171497926116,37,135.6194381472462,5,7,0.7142857142857143
120,2.45214372407645,12,5.88514493778348,10,135.61863524252055,24,39,0.6153846153846154
89,1.818673262023367,16,7.84685991704464,23,135.61853357423595,34,52,0.6538461538461539
150,3.0651796550955623,20,9.8085748963058,23,135.61039479964134,19,31,0.6129032258064516
63,1.2873754551401362,20,9.8085748963058,51,135.5866179743715,39,73,0.5342465753424658
534,10.912039572140202,4,1.96171497926116,198,135.58545726559305,6,9,0.6666666666666666
130,2.656489034416154,3,1.47128623444587,82,135.5827715228977,20,36,0.5555555555555556
581,11.872462530736811,4,1.96171497926116,151,135.57154254206228,7,8,0.875
307,6.273401027428918,8,3.92342995852232,117,135.55222520609422,9,15,0.6
377,7.703818199806847,8,3.92342995852232,355,135.5503982746296,6,12,0.5
629,12.853320020367391,8,3.92342995852232,102,135.53899029621815,5,8,0.625
421,8.602937565301545,6,2.94257246889174,315,135.5352338079742,3,11,0.2727272727272727
354,7.233823986025527,6,2.94257246889174,23,135.53328214093835,8,14,0.5714285714285714
363,7.417734765331261,6,2.94257246889174,5,135.5189438827674,5,13,0.38461538461538464
726,14.835469530662522,6,2.94257246889174,5,135.5189438827674,5,7,0.7142857142857143
405,8.275985068758018,6,2.94257246889174,326,135.51033472527945,7,11,0.6363636363636364
396,8.092074289452285,8,3.92342995852232,333,135.464787477762,8,11,0.7272727272727273
385,7.86729444807861,8,3.92342995852232,347,135.45482443084362,9,12,0.75
356,7.274693048093468,8,3.92342995852232,19,135.43284988098395,10,13,0.7692307692307693
600,12.26071862038225,8,3.92342995852232,132,135.40197919926325,6,8,0.75
403,8.235116006690077,8,3.92342995852232,329,135.3803701108653,8,11,0.7272727272727273
204,4.168644330929965,4,1.96171497926116,119,135.37854719133577,14,23,0.6086956521739131
148,3.0243105930276215,12,5.88514493778348,137,135.37821465324646,18,31,0.5806451612903226
373,7.622080075670965,4,1.96171497926116,357,135.3479197493325,6,12,0.5
646,13.200707047944888,3,1.47128623444587,87,135.3309881389727,4,8,0.5
96,1.96171497926116,12,5.88514493778348,60,135.2921702586067,24,48,0.5
102,2.0843221654649824,12,5.88514493778348,3,135.2876643113806,28,46,0.6086956521739131
530,10.83030144800432,3,1.47128623444587,200,135.23053980855377,4,9,0.4444444444444444
625,12.77158189623151,3,1.47128623444587,105,135.22759791125915,5,8,0.625
404,8.255550537724048,6,2.94257246889174,325,135.20550291558962,7,11,0.6363636363636364
573,11.708986282465048,12,5.88514493778348,156,135.2003876690683,6,8,0.75
332,6.784264303278178,4,1.96171497926116,66,135.19840163344708,7,14,0.5
395,8.071639758418314,3,1.47128623444587,334,135.19112555743575,7,11,0.6363636363636364
168,3.43300121370703,3,1.47128623444587,58,135.14028716185118,15,28,0.5357142857142857
297,6.069055717089213,3,1.47128623444587,135,135.09277287582557,11,16,0.6875
463,9.461187868728302,4,1.96171497926116,268,135.07697604666578,5,10,0.5
224,4.577334951609373,8,3.92342995852232,58,135.04315516160622,11,21,0.5238095238095238
401,8.194246944622137,20,9.8085748963058,327,135.0275567074241,6,11,0.5454545454545454
599,12.240284089348279,16,7.84685991704464,133,135.01081832843687,7,8,0.875
532,10.871170510072261,6,2.94257246889174,198,134.97525262932473,5,9,0.5555555555555556
595,12.158545965212397,8,3.92342995852232,135,134.96286042786946,6,8,0.75
376,7.683383668772876,8,3.92342995852232,355,134.9489397904017,5,12,0.4166666666666667
56,1.1443337379023433,4,1.96171497926116,2,134.94279442664768,48,83,0.5783132530120482
266,5.4355852550361305,16,7.84685991704464,200,134.89783923265665,10,17,0.5882352941176471
122,2.4930127861443907,4,1.96171497926116,0,134.89450014475773,21,38,0.5526315789473685
202,4.127775268862024,4,1.96171497926116,125,134.89301918474442,15,23,0.6521739130434783
712,14.549386096186936,3,1.47128623444587,17,134.88643836383707,6,7,0.8571428571428571
329,6.722960710176267,20,9.8085748963058,76,134.86612406102333,6,14,0.42857142857142855
454,9.277277089422569,3,1.47128623444587,277,134.86603419167906,7,10,0.7
263,5.374281661934219,8,3.92342995852232,205,134.86591902905485,7,17,0.4117647058823529
574,11.729420813499019,20,9.8085748963058,152,134.86217452492193,6,8,0.75
383,7.826425386010669,8,3.92342995852232,347,134.85225474084348,9,12,0.75
460,9.399884275626391,8,3.92342995852232,271,134.83901365433013,6,10,0.6
106,2.166060289600864,16,7.84685991704464,93,134.82005001000556,21,43,0.4883720930232558
278,5.6807996274437755,3,1.47128623444587,174,134.81697625255978,6,17,0.35294117647058826
223,4.556900420575403,6,2.94257246889174,62,134.81456030386656,11,21,0.5238095238095238
464,9.481622399762273,4,1.96171497926116,267,134.80522599218386,5,10,0.5
171,3.494304806808941,20,9.8085748963058,46,134.79759458395824,11,27,0.4074074074074074
132,2.697358096484095,6,2.94257246889174,69,134.7758341971118,17,35,0.4857142857142857
578,11.8111589376349,20,9.8085748963058,154,134.7732691903881,7,8,0.875
109,2.2273638827027753,12,5.88514493778348,58,134.75286210193602,23,42,0.5476190476190477
191,3.9029954274883494,12,5.88514493778348,158,134.74728969293975,14,24,0.5833333333333334
594,12.138111434178427,6,2.94257246889174,136,134.73000136653036,6,8,0.75
728,14.876338592730463,4,1.96171497926116,3,134.71627200412982,6,7,0.8571428571428571
283,5.782972282613628,3,1.47128623444587,161,134.7140149031144,6,16,0.375
713,14.569820627220906,4,1.96171497926116,17,134.69344377193266,7,7,1.0
629,12.853320020367391,12,5.88514493778348,102,134.6851182871973,5,8,0.625
123,2.513447317178361,12,5.88514493778348,118,134.68120292487512,19,37,0.5135135135135135
473,9.665533179068007,6,2.94257246889174,258,134.68110301952913,8,10,0.8
364,7.438169296365231,4,1.96171497926116,3,134.67780552586103,7,13,0.5384615384615384
309,6.314270089496858,12,5.88514493778348,111,134.67767575986986,8,15,0.5333333333333333
329,6.722960710176267,12,5.88514493778348,76,134.65460974230527,6,14,0.42857142857142855
553,11.30029566178564,3,1.47128623444587,177,134.62567128468763,6,9,0.6666666666666666
190,3.882560896454379,4,1.96171497926116,160,134.59811425645856,14,24,0.5833333333333334
205,4.189078861963935,8,3.92342995852232,118,134.59305065135658,11,23,0.4782608695652174
468,9.563360523898154,4,1.96171497926116,262,134.59196755674165,6,10,0.6
627,12.81245095829945,20,9.8085748963058,100,134.56769729977972,4,8,0.5
375,7.662949137738906,4,1.96171497926116,356,134.56239214176128,6,12,0.5
286,5.844275875715539,12,5.88514493778348,156,134.55247726074006,11,16,0.6875
212,4.332120579201728,4,1.96171497926116,96,134.55219579655488,8,22,0.36363636363636365
225,4.5977694826433435,16,7.84685991704464,55,134.54167336711924,13,21,0.6190476190476191
602,12.30158768245019,8,3.92342995852232,129,134.51932646891692,7,8,0.875
271,5.537757910205983,6,2.94257246889174,189,134.51554546631175,9,17,0.5294117647058824
79,1.6143279516836628,16,7.84685991704464,15,134.472953855297,34,59,0.576271186440678
55,1.1238992068683729,12,5.88514493778348,17,134.47054855105569,46,84,0.5476190476190477
369,7.540341951535083,3,1.47128623444587,362,134.45202619936865,5,12,0.4166666666666667
189,3.8621263654204085,6,2.94257246889174,166,134.4494027357388,18,24,0.75
716,14.631124220322818,3,1.47128623444587,15,134.43415532083014,6,7,0.8571428571428571
627,12.81245095829945,16,7.84685991704464,102,134.41724142222554,5,8,0.625
601,12.28115315141622,8,3.92342995852232,130,134.38103683475998,7,8,0.875
365,7.458603827399202,4,1.96171497926116,1,134.37379293017875,7,13,0.5384615384615384
99,2.023018572363071,12,5.88514493778348,21,134.37094359045787,25,47,0.5319148936170213
128,2.615619972348213,20,9.8085748963058,97,134.358811233237,22,36,0.6111111111111112
161,3.289959496469237,8,3.92342995852232,86,134.3452265943732,16,29,0.5517241379310345
104,2.125191227532923,12,5.88514493778348,103,134.32389927300187,24,44,0.5454545454545454
62,1.2669409241061658,3,1.47128623444587,48,134.3081043304561,40,74,0.5405405405405406
544,11.116384882479906,3,1.47128623444587,187,134.26030604015293,4,9,0.4444444444444444
308,6.293835558462888,6,2.94257246889174,114,134.2574138433081,9,15,0.6
207,4.229947924031876,4,1.96171497926116,108,134.24515468034548,11,22,0.5
80,1.6347624827176332,16,7.84685991704464,6,134.23560584438516,33,58,0.5689655172413793
169,3.4534357447410002,3,1.47128623444587,50,134.21626546262632,14,28,0.5
362,7.3973002342972904,3,1.47128623444587,7,134.21316372284352,4,13,0.3076923076923077
345,7.049913206719793,3,1.47128623444587,38,134.1941425032504,9,14,0.6428571428571429
118,2.411274662008509,20,9.8085748963058,21,134.1939823785083,22,40,0.55
273,5.5786269722739235,3,1.47128623444587,186,134.1792800371473,9,17,0.5294117647058824
113,2.309102006838657,8,3.92342995852232,52,134.1763498646077,27,41,0.6585365853658537
84,1.716500606853515,12,5.88514493778348,61,134.16855390465784,29,55,0.5272727272727272
382,7.805990854976699,6,2.94257246889174,348,134.12224151689773,9,12,0.75
384,7.84685991704464,8,3.92342995852232,348,134.103782855071,7,12,0.5833333333333334
54,1.1034646758344024,12,5.88514493778348,29,134.10250741367165,42,86,0.4883720930232558
445,9.093366310116835,3,1.47128623444587,285,134.09457599762365,5,10,0.5
136,2.7790962206199765,16,7.84685991704464,70,134.08814185701627,19,34,0.5588235294117647
251,5.129067289526574,8,3.92342995852232,229,134.0831379472711,9,18,0.5
208,4.250382455065846,6,2.94257246889174,106,134.06390397612313,12,22,0.5454545454545454
397,8.112508820486255,12,5.88514493778348,331,134.03068290097346,7,11,0.6363636363636364
714,14.590255158254877,4,1.96171497926116,16,134.0137095027107,7,7,1.0
270,5.517323379172012,20,9.8085748963058,195,134.0133863870858,9,17,0.5294117647058824
630,12.873754551401362,4,1.96171497926116,102,134.00949317426475,5,8,0.625
350,7.1520858618896455,3,1.47128623444587,30,134.00687559656282,8,14,0.5714285714285714
484,9.890313020441681,4,1.96171497926116,246,133.98627477982643,7,10,0.7
137,2.799530751653947,3,1.47128623444587,47,133.96861126635332,21,34,0.6176470588235294
116,2.370405599940568,8,3.92342995852232,43,133.96232596028403,22,40,0.55
260,5.312978068832308,6,2.94257246889174,211,133.96176972827587,8,18,0.4444444444444444
226,4.618204013677314,12,5.88514493778348,52,133.94519996044005,11,21,0.5238095238095238
108,2.206929351668805,4,1.96171497926116,83,133.94224980113114,22,43,0.5116279069767442
474,9.685967710101977,4,1.96171497926116,257,133.93620843448105,8,10,0.8
462,9.440753337694332,4,1.96171497926116,269,133.9311027673505,6,10,0.6
453,9.256842558388598,4,1.96171497926116,278,133.91734657870217,6,10,0.6
627,12.81245095829945,6,2.94257246889174,103,133.9027816438546,5,8,0.625
450,9.195538965286687,4,1.96171497926116,282,133.89858646088877,8,10,0.8
59,1.2056373310042545,12,5.88514493778348,21,133.88025224933642,41,79,0.5189873417721519
242,4.945156510220841,20,9.8085748963058,9,133.87749464797307,13,20,0.65
535,10.932474103174172,3,1.47128623444587,195,133.85562256579095,6,9,0.6666666666666666
115,2.349971068906598,20,9.8085748963058,38,133.83325526389103,22,40,0.55
570,11.647682689363137,3,1.47128623444587,160,133.83177957960837,6,8,0.75
258,5.272109006764367,4,1.96171497926116,215,133.82173653057092,11,18,0.6111111111111112
694,14.181564537575468,3,1.47128623444587,36,133.80035515776567,4,7,0.5714285714285714
469,9.583795054932125,8,3.92342995852232,261,133.75849503036906,7,10,0.7
90,1.8391077930573374,16,7.84685991704464,12,133.7578819337377,29,52,0.5576923076923077
87,1.7778041999554262,16,7.84685991704464,30,133.75057058632814,23,53,0.4339622641509434
117,2.3908401309745386,4,1.96171497926116,29,133.73153982372486,24,40,0.6
629,12.853320020367391,6,2.94257246889174,102,133.71909825147534,5,8,0.625
279,5.701234158477746,3,1.47128623444587,171,133.6973993471419,5,16,0.3125
645,13.180272516910918,3,1.47128623444587,85,133.69505411250498,5,8,0.625
175,3.5760429309448227,16,7.84685991704464,26,133.68696150090364,14,27,0.5185185185185185
81,1.6551970137516037,20,9.8085748963058,79,133.68050321565994,33,57,0.5789473684210527
599,12.240284089348279,12,5.88514493778348,132,133.6665614387681,7,8,0.875
267,5.456019786070101,20,9.8085748963058,197,133.66469411360785,10,17,0.5882352941176471
272,5.558192441239953,3,1.47128623444587,187,133.6627524331484,8,17,0.47058823529411764
406,8.296419599791989,4,1.96171497926116,325,133.65914378439712,6,11,0.5454545454545454
580,11.852027999702841,6,2.94257246889174,152,133.61900486046554,7,8,0.875
692,14.140695475507528,3,1.47128623444587,36,133.60163169522593,5,7,0.7142857142857143
579,11.83159346866887,12,5.88514493778348,153,133.59930874694663,7,8,0.875
264,5.39471619296819,12,5.88514493778348,202,133.59245734844097,7,17,0.4117647058823529
232,4.740811199881136,12,5.88514493778348,41,133.579277562532,13,20,0.65
597,12.199415027280338,16,7.84685991704464,131,133.5721086163812,6,8,0.75
410,8.37815772392787,3,1.47128623444587,321,133.55233084747783,6,11,0.5454545454545454
288,5.88514493778348,20,9.8085748963058,154,133.54845844798746,14,16,0.875
603,12.32202221348416,3,1.47128623444587,129,133.5410757662421,6,8,0.75
256,5.231239944696426,4,1.96171497926116,221,133.51099369630302,10,18,0.5555555555555556
264,5.39471619296819,16,7.84685991704464,201,133.49342899180823,7,17,0.4117647058823529
598,12.219849558314309,20,9.8085748963058,131,133.49077633921013,7,8,0.875
725,14.815034999628551,4,1.96171497926116,6,133.4896163055272,4,7,0.5714285714285714
145,2.9630069999257103,20,9.8085748963058,135,133.45463762940656,24,32,0.75
401,8.194246944622137,16,7.84685991704464,328,133.45371531450579,6,11,0.5454545454545454
110,2.2477984137367457,8,3.92342995852232,71,133.41867023647936,21,42,0.5
600,12.26071862038225,6,2.94257246889174,132,133.40662452058075,6,8,0.75
181,3.6986501171486452,16,7.84685991704464,0,133.39318559383315,16,26,0.6153846153846154
593,12.117676903144456,3,1.47128623444587,136,133.37900302703136,6,8,0.75
461,9.420318806660362,6,2.94257246889174,270,133.36825542165874,6,10,0.6
386,7.88772897911258,6,2.94257246889174,345,133.34262294104863,9,12,0.75
376,7.683383668772876,6,2.94257246889174,355,133.33185197612644,5,12,0.4166666666666667
626,12.79201642726548,4,1.96171497926116,103,133.32240416237093,4,8,0.5
353,7.213389454991557,6,2.94257246889174,25,133.30630719192482,9,14,0.6428571428571429
346,7.070347737753764,8,3.92342995852232,37,133.3044289024397,8,14,0.5714285714285714
246,5.026894634356722,3,1.47128623444587,238,133.3028107335806,10,18,0.5555555555555556
235,4.802114792983048,6,2.94257246889174,25,133.2793612139891,15,20,0.75
398,8.132943351520225,16,7.84685991704464,328,133.2651379851699,6,11,0.5454545454545454
448,9.154669903218746,6,2.94257246889174,283,133.26156841684968,8,10,0.8
377,7.703818199806847,6,2.94257246889174,355,133.2560519742044,6,12,0.5
332,6.784264303278178,3,1.47128623444587,66,133.2552761058204,7,14,0.5
284,5.803406813647598,6,2.94257246889174,159,133.2514482692385,8,16,0.5
348,7.111216799821705,8,3.92342995852232,35,133.2167867825356,7,14,0.5
58,1.185202799970284,6,2.94257246889174,43,133.19049794228212,43,80,0.5375
574,11.729420813499019,16,7.84685991704464,153,133.1818588859289,6,8,0.75
451,9.215973496320657,4,1.96171497926116,280,133.14830786474172,8,10,0.8
222,4.536465889541432,4,1.96171497926116,65,133.12539128804647,8,21,0.38095238095238093
183,3.739519179216586,4,1.96171497926116,0,133.11726018745762,16,26,0.6153846153846154
227,4.638638544711284,6,2.94257246889174,51,133.11660528052786,12,21,0.5714285714285714
239,4.883852917118929,16,7.84685991704464,14,133.0996673217472,12,20,0.6
215,4.393424172303639,3,1.47128623444587,86,133.09494221690164,9,22,0.4090909090909091
459,9.37944974459242,4,1.96171497926116,272,133.0676999215348,6,10,0.6
352,7.192954923957586,4,1.96171497926116,26,133.05593042404809,8,14,0.5714285714285714
400,8.173812413588166,20,9.8085748963058,328,133.02907773518191,6,11,0.5454545454545454
573,11.708986282465048,8,3.92342995852232,157,132.9985735603426,6,8,0.75
572,11.688551751431078,4,1.96171497926116,158,132.99391459096285,6,8,0.75
628,12.832885489333421,12,5.88514493778348,103,132.9672752967159,5,8,0.625
118,2.411274662008509,16,7.84685991704464,21,132.93135877639045,22,40,0.55
266,5.4355852550361305,12,5.88514493778348,199,132.87568815348712,10,17,0.5882352941176471
229,4.679507606779225,3,1.47128623444587,41,132.87333549699736,12,21,0.5714285714285714
262,5.353847130900249,4,1.96171497926116,207,132.81162205920933,8,17,0.47058823529411764
236,4.822549324017018,8,3.92342995852232,21,132.80230514151404,13,20,0.65
259,5.292543537798338,3,1.47128623444587,212,132.79918375725006,9,18,0.5
727,14.855904061696492,3,1.47128623444587,3,132.79530768656093,5,7,0.7142857142857143
70,1.430417172377929,16,7.84685991704464,31,132.79337778291904,33,66,0.5
66,1.3486790482420474,12,5.88514493778348,4,132.7881152977769,39,71,0.5492957746478874
351,7.172520392923616,4,1.96171497926116,29,132.77635005495293,7,14,0.5
171,3.494304806808941,16,7.84685991704464,47,132.76549525756803,12,27,0.4444444444444444
112,2.2886674758046865,6,2.94257246889174,59,132.7500640993756,24,41,0.5853658536585366
267,5.456019786070101,16,7.84685991704464,195,132.7452590173123,9,17,0.5294117647058824
334,6.825133365346119,4,1.96171497926116,63,132.74116190385496,8,14,0.5714285714285714
219,4.475162296439521,6,2.94257246889174,75,132.73651949906235,9,21,0.42857142857142855
460,9.399884275626391,6,2.94257246889174,271,132.7163201234862,6,10,0.6
534,10.912039572140202,3,1.47128623444587,197,132.69477328363027,6,9,0.6666666666666666
629,12.853320020367391,16,7.84685991704464,103,132.67919674876006,5,8,0.625
151,3.0856141861295328,16,7.84685991704464,132,132.63603653731343,21,30,0.7
148,3.0243105930276215,8,3.92342995852232,138,132.63572632769572,17,31,0.5483870967741935
185,3.780388241284527,8,3.92342995852232,175,132.62942137804956,16,25,0.64
241,4.92472197918687,12,5.88514493778348,6,132.61773279069277,12,20,0.6
52,1.0625956137664616,12,5.88514493778348,35,132.60898890064144,55,89,0.6179775280898876
715,14.610689689288847,3,1.47128623444587,16,132.57456940734204,6,7,0.8571428571428571
331,6.763829772244208,4,1.96171497926116,69,132.56885988206122,7,14,0.5
531,10.85073597903829,3,1.47128623444587,198,132.54306741566697,4,9,0.4444444444444444
124,2.5338818482123315,3,1.47128623444587,112,132.54257506544113,18,37,0.4864864864864865
577,11.79072440660093,20,9.8085748963058,152,132.50115675768026,7,8,0.875
170,3.4738702757749707,16,7.84685991704464,46,132.45844795467826,15,27,0.5555555555555556
193,3.94386448955629,6,2.94257246889174,153,132.45177106994305,15,24,0.625
628,12.832885489333421,8,3.92342995852232,103,132.4318914027912,5,8,0.625
693,14.161130006541498,3,1.47128623444587,37,132.42964312932165,5,7,0.7142857142857143
290,5.9260139998514205,12,5.88514493778348,153,132.41280758617984,14,16,0.875
596,12.178980496246368,8,3.92342995852232,134,132.40893106207645,6,8,0.75
144,2.94257246889174,6,2.94257246889174,12,132.40510346225213,28,33,0.8484848484848485
57,1.1647682689363137,12,5.88514493778348,50,132.3723076810034,44,81,0.5432098765432098
138,2.8199652826879174,6,2.94257246889174,40,132.3606809164669,21,34,0.6176470588235294
69,1.4099826413439587,6,2.94257246889174,39,132.3459770292763,41,67,0.6119402985074627
111,2.268232944770716,16,7.84685991704464,66,132.28225096421392,21,42,0.5
470,9.604229585966095,16,7.84685991704464,257,132.24842265613654,7,10,0.7
576,11.77028987556696,20,9.8085748963058,152,132.22601377823105,7,8,0.875
287,5.864710406749509,20,9.8085748963058,153,132.22334156008822,12,16,0.75
250,5.108632758492604,3,1.47128623444587,229,132.2188463017655,9,18,0.5
575,11.749855344532989,20,9.8085748963058,152,132.20284150035974,6,8,0.75
94,1.920845917193219,12,5.88514493778348,71,132.17175825788567,27,49,0.5510204081632653
396,8.092074289452285,6,2.94257246889174,333,132.16955897081564,8,11,0.7272727272727273
301,6.150793841225095,8,3.92342995852232,130,132.16245087457693,12,15,0.8
182,3.7190846481826156,6,2.94257246889174,4,132.11238078861004,15,26,0.5769230769230769
467,9.542925992864184,3,1.47128623444587,264,132.08833296368076,6,10,0.6
188,3.841691834386438,8,3.92342995852232,167,132.08111749178346,16,24,0.6666666666666666
300,6.130359310191125,6,2.94257246889174,132,132.07260572010148,11,16,0.6875
237,4.8429838550509885,8,3.92342995852232,18,132.05315811478297,13,20,0.65
446,9.113800841150805,4,1.96171497926116,285,132.05122591862383,7,10,0.7
312,6.37557368259877,16,7.84685991704464,102,132.0503160027091,9,15,0.6
270,5.517323379172012,16,7.84685991704464,192,132.0205615168294,9,17,0.5294117647058824
436,8.909455530811101,4,1.96171497926116,295,132.01366654594958,8,10,0.8
146,2.9834415309596807,3,1.47128623444587,2,132.01003313924022,19,32,0.59375
463,9.461187868728302,3,1.47128623444587,267,131.99029893859043,5,10,0.5
264,5.39471619296819,20,9.8085748963058,200,131.96147882558884,7,17,0.4117647058823529
178,3.637346524046734,6,2.94257246889174,18,131.9541713373404,16,26,0.6153846153846154
270,5.517323379172012,12,5.88514493778348,190,131.94647248296246,10,17,0.5882352941176471
452,9.236408027354628,4,1.96171497926116,279,131.93827966311773,7,10,0.7
72,1.47128623444587,6,2.94257246889174,12,131.93171394083748,30,65,0.46153846153846156
628,12.832885489333421,16,7.84685991704464,102,131.9237849691039,5,8,0.625
447,9.134235372184776,4,1.96171497926116,284,131.91376331725533,7,10,0.7
206,4.209513392997906,4,1.96171497926116,113,131.91182493082212,11,22,0.5
466,9.522491461830214,3,1.47128623444587,264,131.84865543875873,7,10,0.7
299,6.109924779157154,6,2.94257246889174,133,131.84361788907208,11,16,0.6875
160,3.2695249654352665,8,3.92342995852232,90,131.82211497500546,17,29,0.5862068965517241
602,12.30158768245019,6,2.94257246889174,129,131.78997433802098,7,8,0.875
595,12.158545965212397,6,2.94257246889174,135,131.78934910088302,6,8,0.75
225,4.5977694826433435,12,5.88514493778348,57,131.78606191542625,12,21,0.5714285714285714
263,5.374281661934219,6,2.94257246889174,204,131.782572233436,7,17,0.4117647058823529
172,3.5147393378429115,20,9.8085748963058,37,131.7580697816026,13,27,0.48148148148148145
373,7.622080075670965,3,1.47128623444587,356,131.74016078447272,6,12,0.5
159,3.249090434401296,20,9.8085748963058,89,131.7031284198934,17,29,0.5862068965517241
242,4.945156510220841,16,7.84685991704464,5,131.69921376245966,13,20,0.65
330,6.743395241210237,4,1.96171497926116,71,131.6830317261354,7,14,0.5
95,1.9412804482271895,4,1.96171497926116,53,131.67597681449845,30,49,0.6122448979591837
437,8.929890061845072,4,1.96171497926116,295,131.6578861189187,8,10,0.8
101,2.063887634431012,4,1.96171497926116,25,131.64541042320158,30,46,0.6521739130434783
363,7.417734765331261,4,1.96171497926116,5,131.63180273171992,5,13,0.38461538461538464
726,14.835469530662522,4,1.96171497926116,5,131.63180273171992,5,7,0.7142857142857143
347,7.090782268787734,12,5.88514493778348,33,131.6289369663951,8,14,0.5714285714285714
288,5.88514493778348,16,7.84685991704464,154,131.62189059372466,14,16,0.875
574,11.729420813499019,12,5.88514493778348,155,131.621231861069,6,8,0.75
167,3.4125666826730594,20,9.8085748963058,60,131.61648420013566,12,28,0.42857142857142855
385,7.86729444807861,6,2.94257246889174,347,131.60029323951073,9,12,0.75
243,4.965591041254811,3,1.47128623444587,2,131.5817708950488,11,20,0.55
399,8.153377882554196,20,9.8085748963058,328,131.57756667721208,6,11,0.5454545454545454
257,5.251674475730397,3,1.47128623444587,216,131.55259073190837,12,18,0.6666666666666666
598,12.219849558314309,16,7.84685991704464,134,131.51302101682944,7,8,0.875
355,7.2542585170594975,3,1.47128623444587,20,131.4969343209928,8,13,0.6153846153846154
171,3.494304806808941,12,5.88514493778348,50,131.43844283409075,13,27,0.48148148148148145
214,4.372989641269669,3,1.47128623444587,89,131.42213634572022,11,22,0.5
383,7.826425386010669,6,2.94257246889174,347,131.34926346549693,9,12,0.75
468,9.563360523898154,3,1.47128623444587,261,131.3475884670286,6,10,0.6
601,12.28115315141622,6,2.94257246889174,130,131.33969321984353,7,8,0.875
578,11.8111589376349,16,7.84685991704464,154,131.33837846031807,8,8,1.0
107,2.1864948206348345,6,2.94257246889174,88,131.3283977299111,22,43,0.5116279069767442
581,11.872462530736811,3,1.47128623444587,151,131.28645099095715,7,8,0.875
184,3.7599537102505565,8,3.92342995852232,178,131.28504870975084,15,25,0.6
464,9.481622399762273,3,1.47128623444587,266,131.28492872422183,5,10,0.5
307,6.273401027428918,6,2.94257246889174,116,131.27090018109897,9,15,0.6
313,6.39600821363274,20,9.8085748963058,97,131.25559188446897,8,15,0.5333333333333333
573,11.708986282465048,6,2.94257246889174,157,131.22954762688008,6,8,0.75
403,8.235116006690077,6,2.94257246889174,329,131.22701639517993,8,11,0.7272727272727273
626,12.79201642726548,3,1.47128623444587,103,131.22112095390622,4,8,0.5
630,12.873754551401362,3,1.47128623444587,101,131.179006019427,5,8,0.625
579,11.83159346866887,8,3.92342995852232,153,131.17251558840903,7,8,0.875
264,5.39471619296819,8,3.92342995852232,202,131.16387623570097,7,17,0.4117647058823529
76,1.5530243585817516,6,2.94257246889174,50,131.1610369260976,36,61,0.5901639344262295
422,8.623372096335515,16,7.84685991704464,300,131.14977947233572,3,11,0.2727272727272727
83,1.6960660758195445,8,3.92342995852232,69,131.11531755235606,31,55,0.5636363636363636
73,1.4917207654798403,6,2.94257246889174,1,131.09265825106715,39,64,0.609375
357,7.295127579127438,4,1.96171497926116,17,131.08067857499694,9,13,0.6923076923076923
469,9.583795054932125,6,2.94257246889174,262,131.06280245480107,7,10,0.7
129,2.6360545033821836,12,5.88514493778348,87,131.05125743186142,23,36,0.6388888888888888
251,5.129067289526574,6,2.94257246889174,229,131.04411140337953,9,18,0.5
728,14.876338592730463,3,1.47128623444587,2,131.04345439281562,5,7,0.7142857142857143
364,7.438169296365231,3,1.47128623444587,2,131.04345439281562,5,13,0.38461538461538464
577,11.79072440660093,16,7.84685991704464,154,130.99602760429352,7,8,0.875
599,12.240284089348279,8,3.92342995852232,132,130.99241964854585,7,8,0.875
597,12.199415027280338,12,5.88514493778348,132,130.96769459015675,6,8,0.75
60,1.226071862038225,12,5.88514493778348,10,130.96631084569916,42,78,0.5384615384615384
356,7.274693048093468,6,2.94257246889174,19,130.9562740120615,10,13,0.7692307692307693
230,4.699942137813196,16,7.84685991704464,21,130.94912991961348,11,21,0.5238095238095238
205,4.189078861963935,6,2.94257246889174,118,130.94360017647202,11,23,0.4782608695652174
725,14.815034999628551,3,1.47128623444587,5,130.92504676765722,4,7,0.5714285714285714
240,4.9042874481529,8,3.92342995852232,10,130.9187423850994,12,20,0.6
384,7.84685991704464,6,2.94257246889174,348,130.91567269985137,7,12,0.5833333333333334
175,3.5760429309448227,12,5.88514493778348,29,130.91311320683752,14,27,0.5185185185185185
285,5.823841344681568,8,3.92342995852232,160,130.90339535611437,11,16,0.6875
220,4.495596827473491,4,1.96171497926116,71,130.88669253732246,8,21,0.38095238095238093
150,3.0651796550955623,16,7.84685991704464,22,130.87537002756764,20,31,0.6451612903225806
319,6.518615399836563,20,9.8085748963058,92,130.85042134447235,8,15,0.5333333333333333
202,4.127775268862024,3,1.47128623444587,123,130.82467209344213,14,23,0.6086956521739131
310,6.334704620530829,4,1.96171497926116,110,130.82447310888358,10,15,0.6666666666666666
462,9.440753337694332,3,1.47128623444587,269,130.8216970811862,6,10,0.6
127,2.595185441314243,6,2.94257246889174,95,130.81023501265443,23,36,0.6388888888888888
254,5.190370882628486,3,1.47128623444587,223,130.80922381656987,11,18,0.6111111111111112
533,10.891605041106232,4,1.96171497926116,198,130.80131784368186,5,9,0.5555555555555556
575,11.749855344532989,16,7.84685991704464,153,130.79614136247963,6,8,0.75
329,6.722960710176267,8,3.92342995852232,76,130.79513141606793,6,14,0.42857142857142855
289,5.90557946881745,20,9.8085748963058,153,130.77857515574985,14,16,0.875
91,1.8595423240913078,16,7.84685991704464,88,130.7721060649493,23,50,0.46
166,3.392132151639089,20,9.8085748963058,73,130.74544539406116,16,28,0.5714285714285714
317,6.477746337768622,20,9.8085748963058,89,130.73831770230683,10,15,0.6666666666666666
311,6.355139151564799,12,5.88514493778348,106,130.7357329091615,9,15,0.6
375,7.662949137738906,3,1.47128623444587,355,130.73396028512542,6,12,0.5
423,8.643806627369486,8,3.92342995852232,314,130.7313091006633,3,11,0.2727272727272727
218,4.454727765405551,4,1.96171497926116,77,130.6947189696874,9,21,0.42857142857142855
247,5.047329165390693,4,1.96171497926116,239,130.66307411165178,8,18,0.4444444444444444
153,3.1264832481974736,16,7.84685991704464,113,130.64850192038486,19,30,0.6333333333333333
136,2.7790962206199765,12,5.88514493778348,69,130.64776580239382,19,34,0.5588235294117647
576,11.77028987556696,16,7.84685991704464,153,130.63989138102258,7,8,0.875
421,8.602937565301545,4,1.96171497926116,315,130.60593467850842,3,11,0.2727272727272727
598,12.219849558314309,12,5.88514493778348,133,130.56906183799967,7,8,0.875
309,6.314270089496858,8,3.92342995852232,112,130.55902004600483,8,15,0.5333333333333333
628,12.832885489333421,20,9.8085748963058,100,130.532147337472,5,8,0.625
180,3.678215586114675,8,3.92342995852232,10,130.5296486748264,17,26,0.6538461538461539
320,6.539049930870533,20,9.8085748963058,87,130.52788238769426,9,15,0.6
713,14.569820627220906,3,1.47128623444587,17,130.52454263664197,7,7,1.0
204,4.168644330929965,3,1.47128623444587,118,130.4985747985468,14,23,0.6086956521739131
574,11.729420813499019,8,3.92342995852232,156,130.49374651034222,6,8,0.75
470,9.604229585966095,12,5.88514493778348,259,130.48955970654683,7,10,0.7
121,2.4725782551104203,4,1.96171497926116,5,130.48842148913582,22,39,0.5641025641025641
365,7.458603827399202,3,1.47128623444587,1,130.48593706902008,7,13,0.5384615384615384
65,1.328244517208077,6,2.94257246889174,23,130.47834426050738,41,71,0.5774647887323944
387,7.908163510146551,4,1.96171497926116,346,130.4686675189486,9,12,0.75
126,2.5747509102802724,4,1.96171497926116,114,130.41961497385245,20,36,0.5555555555555556
532,10.871170510072261,4,1.96171497926116,198,130.4171715387726,5,9,0.5555555555555556
207,4.229947924031876,3,1.47128623444587,108,130.41637057614378,11,22,0.5
161,3.289959496469237,6,2.94257246889174,86,130.38767536270456,16,29,0.5517241379310345
286,5.844275875715539,8,3.92342995852232,158,130.3723799983189,12,16,0.75
453,9.256842558388598,3,1.47128623444587,277,130.36302039257419,6,10,0.6
312,6.37557368259877,12,5.88514493778348,105,130.3591465085194,9,15,0.6
71,1.4508517034118995,20,9.8085748963058,26,130.35179320447372,34,65,0.5230769230769231
629,12.853320020367391,20,9.8085748963058,103,130.3491604782178,5,8,0.625
484,9.890313020441681,3,1.47128623444587,245,130.34450444087017,7,10,0.7
400,8.173812413588166,16,7.84685991704464,328,130.27670223837134,6,11,0.5454545454545454
198,4.046037144726142,12,5.88514493778348,130,130.2711040051915,14,23,0.6086956521739131
63,1.2873754551401362,16,7.84685991704464,53,130.26696056834237,40,73,0.547945205479452
224,4.577334951609373,6,2.94257246889174,58,130.22449754915078,11,21,0.5238095238095238
176,3.596477461978793,20,9.8085748963058,16,130.22439689668832,13,27,0.48148148148148145
267,5.456019786070101,12,5.88514493778348,195,130.1624902790624,9,17,0.5294117647058824
594,12.138111434178427,4,1.96171497926116,136,130.1381539917189,6,8,0.75
401,8.194246944622137,12,5.88514493778348,328,130.13020948141443,6,11,0.5454545454545454
190,3.882560896454379,3,1.47128623444587,159,130.12410421823893,14,24,0.5833333333333334
118,2.411274662008509,12,5.88514493778348,21,130.12396016874777,22,40,0.55
319,6.518615399836563,16,7.84685991704464,92,130.11523419450344,9,15,0.6
628,12.832885489333421,6,2.94257246889174,103,130.11462383055832,5,8,0.625
405,8.275985068758018,4,1.96171497926116,326,130.10430014157723,7,11,0.6363636363636364
213,4.3525551102356985,4,1.96171497926116,92,130.0785374906071,9,22,0.4090909090909091
326,6.6616571170743555,20,9.8085748963058,76,130.0730380096753,8,14,0.5714285714285714
209,4.270816986099817,20,9.8085748963058,107,130.0681384956905,12,22,0.5454545454545454
627,12.81245095829945,4,1.96171497926116,103,130.06406008721984,5,8,0.625
203,4.148209799895994,4,1.96171497926116,122,130.04422432702432,14,23,0.6086956521739131
187,3.8212573033524677,4,1.96171497926116,169,130.0417861944986,14,24,0.5833333333333334
406,8.296419599791989,3,1.47128623444587,324,130.01941624004021,6,11,0.5454545454545454
114,2.3295365378726274,3,1.47128623444587,50,130.00949543347485,23,41,0.5609756097560976
404,8.255550537724048,4,1.96171497926116,325,130.00348284071137,7,11,0.6363636363636364
449,9.175104434252717,4,1.96171497926116,282,129.99533021827534,9,10,0.9
321,6.559484461904503,20,9.8085748963058,85,129.9662391683536,10,15,0.6666666666666666
325,6.641222586040385,16,7.84685991704464,80,129.96324927606634,8,15,0.5333333333333333
376,7.683383668772876,4,1.96171497926116,355,129.95229878814322,5,12,0.4166666666666667
714,14.590255158254877,3,1.47128623444587,16,129.9383928358721,7,7,1.0
255,5.210805413662456,4,1.96171497926116,220,129.93516760016323,12,18,0.6666666666666666
473,9.665533179068007,4,1.96171497926116,258,129.91688943415022,8,10,0.8
352,7.192954923957586,3,1.47128623444587,26,129.91394134650912,8,14,0.5714285714285714
270,5.517323379172012,8,3.92342995852232,190,129.91354942638336,10,17,0.5882352941176471
629,12.853320020367391,4,1.96171497926116,102,129.90254615590365,5,8,0.625
578,11.8111589376349,12,5.88514493778348,154,129.85058966567692,8,8,1.0
226,4.618204013677314,8,3.92342995852232,52,129.80649418504836,12,21,0.5714285714285714
325,6.641222586040385,12,5.88514493778348,80,129.79251806292402,8,15,0.5333333333333333
100,2.0434531033970416,16,7.84685991704464,23,129.7919681981073,28,47,0.5957446808510638
575,11.749855344532989,12,5.88514493778348,155,129.78541889872116,6,8,0.75
192,3.92342995852232,8,3.92342995852232,157,129.76234411222484,12,24,0.5
324,6.620788055006415,16,7.84685991704464,83,129.755501084681,8,15,0.5333333333333333
67,1.3691135792760178,20,9.8085748963058,54,129.7257774866385,33,69,0.4782608695652174
85,1.7369351378874853,20,9.8085748963058,42,129.71418464415953,30,55,0.5454545454545454
148,3.0243105930276215,6,2.94257246889174,138,129.7127732852899,17,31,0.5483870967741935
474,9.685967710101977,3,1.47128623444587,256,129.70130709577705,8,10,0.8
348,7.111216799821705,6,2.94257246889174,35,129.67939822681524,7,14,0.5
122,2.4930127861443907,3,1.47128623444587,0,129.67593434883273,21,38,0.5526315789473685
239,4.883852917118929,12,5.88514493778348,14,129.66479403099422,12,20,0.6
61,1.2465063930721954,8,3.92342995852232,0,129.6608959354873,42,76,0.5526315789473685
470,9.604229585966095,8,3.92342995852232,260,129.64378864359287,8,10,0.8
266,5.4355852550361305,8,3.92342995852232,198,129.63603025148242,10,17,0.5882352941176471
399,8.153377882554196,16,7.84685991704464,328,129.63311104724602,6,11,0.5454545454545454
120,2.45214372407645,8,3.92342995852232,10,129.57198393716524,24,39,0.6153846153846154
325,6.641222586040385,20,9.8085748963058,80,129.5546846108609,8,15,0.5333333333333333
308,6.293835558462888,4,1.96171497926116,114,129.47525022258242,9,15,0.6
324,6.620788055006415,20,9.8085748963058,82,129.44302741491603,8,15,0.5333333333333333
78,1.5938934206496924,8,3.92342995852232,30,129.44245851629776,34,60,0.5666666666666667
596,12.178980496246368,6,2.94257246889174,134,129.4060024462764,6,8,0.75
93,1.9004113861592487,20,9.8085748963058,56,129.40280723743118,23,50,0.46
324,6.620788055006415,12,5.88514493778348,82,129.40124170730675,8,15,0.5333333333333333
111,2.268232944770716,12,5.88514493778348,66,129.3964797885856,21,42,0.5
108,2.206929351668805,3,1.47128623444587,83,129.38901149438033,22,43,0.5116279069767442
90,1.8391077930573374,12,5.88514493778348,12,129.35691670167222,29,52,0.5576923076923077
242,4.945156510220841,12,5.88514493778348,5,129.35542721735803,13,20,0.65
572,11.688551751431078,3,1.47128623444587,158,129.34771882953405,6,8,0.75
577,11.79072440660093,12,5.88514493778348,154,129.31657762551612,7,8,0.875
377,7.703818199806847,4,1.96171497926116,355,129.31584560558494,6,12,0.5
321,6.559484461904503,16,7.84685991704464,87,129.2995524737554,10,15,0.6666666666666666
600,12.26071862038225,4,1.96171497926116,132,129.29033263599672,6,8,0.75
271,5.537757910205983,4,1.96171497926116,189,129.25747829093672,9,17,0.5294117647058824
265,5.41515072400216,20,9.8085748963058,205,129.224211197365,9,17,0.5294117647058824
402,8.214681475656107,8,3.92342995852232,329,129.21284831172704,7,11,0.6363636363636364
459,9.37944974459242,3,1.47128623444587,272,129.20732720738002,6,10,0.6
461,9.420318806660362,4,1.96171497926116,270,129.20537790070154,6,10,0.6
152,3.106048717163503,4,1.96171497926116,125,129.18527605012295,21,30,0.7
298,6.089490248123184,4,1.96171497926116,135,129.16344582280297,11,16,0.6875
258,5.272109006764367,3,1.47128623444587,214,129.1618899770711,11,18,0.6111111111111112
262,5.353847130900249,3,1.47128623444587,206,129.14277039595387,8,17,0.47058823529411764
212,4.332120579201728,3,1.47128623444587,94,129.0896936080503,9,22,0.4090909090909091
115,2.349971068906598,16,7.84685991704464,38,129.0827409813049,22,40,0.55
346,7.070347737753764,6,2.94257246889174,37,129.0581951459084,8,14,0.5714285714285714
103,2.104756696498953,12,5.88514493778348,5,129.0431304466063,25,45,0.5555555555555556
167,3.4125666826730594,16,7.84685991704464,64,128.9926057977944,14,28,0.5
238,4.863418386084959,12,5.88514493778348,14,128.98937965143355,14,20,0.7
422,8.623372096335515,20,9.8085748963058,318,128.9380869498656,3,11,0.2727272727272727
579,11.83159346866887,6,2.94257246889174,153,128.91065939925494,7,8,0.875
166,3.392132151639089,16,7.84685991704464,71,128.89831569473603,15,28,0.5357142857142857
191,3.9029954274883494,8,3.92342995852232,158,128.88516105363044,14,24,0.5833333333333334
322,6.579918992938474,20,9.8085748963058,82,128.88074841640565,9,15,0.6
460,9.399884275626391,4,1.96171497926116,271,128.8698929099411,6,10,0.6
201,4.1073407378280535,12,5.88514493778348,132,128.8331572670852,11,23,0.4782608695652174
334,6.825133365346119,3,1.47128623444587,63,128.79168713501113,8,14,0.5714285714285714
726,14.835469530662522,3,1.47128623444587,5,128.76998981942782,5,7,0.7142857142857143
363,7.417734765331261,3,1.47128623444587,5,128.76998981942782,5,13,0.38461538461538464
354,7.233823986025527,4,1.96171497926116,23,128.76882561547424,8,14,0.5714285714285714
598,12.219849558314309,8,3.92342995852232,133,128.75637105253867,7,8,0.875
113,2.309102006838657,6,2.94257246889174,52,128.75292930136797,27,41,0.6585365853658537
188,3.841691834386438,6,2.94257246889174,167,128.7494659912399,16,24,0.6666666666666666
86,1.7573696689214557,20,9.8085748963058,49,128.74768125635873,25,54,0.46296296296296297
222,4.536465889541432,3,1.47128623444587,65,128.68997728820224,8,21,0.38095238095238093
221,4.516031358507462,12,5.88514493778348,67,128.65061121955142,7,21,0.3333333333333333
185,3.780388241284527,6,2.94257246889174,175,128.64769593639082,16,25,0.64
329,6.722960710176267,6,2.94257246889174,73,128.64400373987291,7,14,0.5
452,9.236408027354628,3,1.47128623444587,278,128.64021920311916,8,10,0.8
574,11.729420813499019,6,2.94257246889174,156,128.61232559596112,6,8,0.75
451,9.215973496320657,3,1.47128623444587,280,128.58659617499146,8,10,0.8
576,11.77028987556696,12,5.88514493778348,155,128.58134603161474,7,8,0.875
382,7.805990854976699,4,1.96171497926116,348,128.5805531834468,9,12,0.75
236,4.822549324017018,6,2.94257246889174,21,128.5727511174227,13,20,0.65
186,3.8008227723184973,4,1.96171497926116,173,128.56768552760832,15,24,0.625
70,1.430417172377929,12,5.88514493778348,31,128.5573339581268,33,66,0.5
599,12.240284089348279,6,2.94257246889174,132,128.4652535387954,7,8,0.875
321,6.559484461904503,12,5.88514493778348,88,128.46126204180183,10,15,0.6666666666666666
208,4.250382455065846,4,1.96171497926116,106,128.45621238709737,12,22,0.5454545454545454
200,4.086906206794083,12,5.88514493778348,126,128.45179435454293,14,23,0.6086956521739131
471,9.624664117000066,20,9.8085748963058,253,128.43484111823452,7,10,0.7
450,9.195538965286687,3,1.47128623444587,282,128.39218649284038,8,10,0.8
580,11.852027999702841,4,1.96171497926116,152,128.38845651292985,7,8,0.875
79,1.6143279516836628,12,5.88514493778348,17,128.38737126747566,35,59,0.5932203389830508
320,6.539049930870533,16,7.84685991704464,89,128.37349824080732,9,15,0.6
132,2.697358096484095,4,1.96171497926116,69,128.31373792993287,17,35,0.4857142857142857
331,6.763829772244208,3,1.47128623444587,69,128.31012663253526,7,14,0.5
179,3.6577810550807044,4,1.96171497926116,15,128.2777282353636,15,26,0.5769230769230769
221,4.516031358507462,16,7.84685991704464,67,128.2713579779051,7,21,0.3333333333333333
351,7.172520392923616,3,1.47128623444587,29,128.2554882087667,7,14,0.5
84,1.716500606853515,8,3.92342995852232,59,128.2141428498152,30,55,0.5454545454545454
110,2.2477984137367457,6,2.94257246889174,71,128.20256639725724,21,42,0.5
125,2.554316379246302,8,3.92342995852232,101,128.20111666234806,16,37,0.43243243243243246
128,2.615619972348213,16,7.84685991704464,97,128.19484627779337,23,36,0.6388888888888888
163,3.3308285585371777,8,3.92342995852232,79,128.16346942341613,18,28,0.6428571428571429
264,5.39471619296819,6,2.94257246889174,202,128.1536944965148,7,17,0.4117647058823529
446,9.113800841150805,3,1.47128623444587,285,128.0914145309613,7,10,0.7
260,5.312978068832308,4,1.96171497926116,211,128.0750690522376,8,18,0.4444444444444444
183,3.739519179216586,3,1.47128623444587,178,128.06846332417535,16,25,0.64
119,2.4317091930424795,4,1.96171497926116,17,128.0633380132327,23,39,0.5897435897435898
288,5.88514493778348,12,5.88514493778348,155,128.02474175038995,14,16,0.875
223,4.556900420575403,4,1.96171497926116,62,128.01065805340755,11,21,0.5238095238095238
171,3.494304806808941,8,3.92342995852232,50,127.99827395282422,13,27,0.48148148148148145
285,5.823841344681568,6,2.94257246889174,160,127.97131417890404,11,16,0.6875
436,8.909455530811101,3,1.47128623444587,294,127.9645394154344,8,10,0.8
316,6.457311806734651,20,9.8085748963058,96,127.94231345102895,10,15,0.6666666666666666
398,8.132943351520225,12,5.88514493778348,328,127.93354254628221,6,11,0.5454545454545454
189,3.8621263654204085,4,1.96171497926116,166,127.9132216647552,18,24,0.75
117,2.3908401309745386,3,1.47128623444587,29,127.90289896832334,24,40,0.6
289,5.90557946881745,16,7.84685991704464,153,127.89215940225864,15,16,0.9375
472,9.645098648034036,12,5.88514493778348,259,127.84966884984809,7,10,0.7
470,9.604229585966095,6,2.94257246889174,260,127.81717269646525,8,10,0.8
437,8.929890061845072,3,1.47128623444587,294,127.79981483937996,8,10,0.8
404,8.255550537724048,3,1.47128623444587,325,127.79813717031689,7,11,0.6363636363636364
227,4.638638544711284,4,1.96171497926116,50,127.79607173858076,12,21,0.5714285714285714
92,1.8799768551252782,12,5.88514493778348,70,127.79144020729207,28,50,0.56
322,6.579918992938474,16,7.84685991704464,84,127.73658162545603,8,15,0.5333333333333333
162,3.3103940275032073,20,9.8085748963058,63,127.72806688287992,16,29,0.5517241379310345
209,4.270816986099817,16,7.84685991704464,106,127.72260570046755,13,22,0.5909090909090909
235,4.802114792983048,4,1.96171497926116,26,127.67076336635445,15,20,0.75
319,6.518615399836563,12,5.88514493778348,92,127.61786353171149,9,15,0.6
241,4.92472197918687,8,3.92342995852232,7,127.61565898208114,13,20,0.65
328,6.702526179142296,12,5.88514493778348,75,127.59945453839424,8,14,0.5714285714285714
325,6.641222586040385,8,3.92342995852232,81,127.59854027014654,8,15,0.5333333333333333
533,10.891605041106232,3,1.47128623444587,198,127.5942370471773,5,9,0.5555555555555556
256,5.231239944696426,3,1.47128623444587,221,127.58523298371315,10,18,0.5555555555555556
301,6.150793841225095,6,2.94257246889174,130,127.58316913212256,12,15,0.8
330,6.743395241210237,3,1.47128623444587,71,127.55774111243151,7,14,0.5
397,8.112508820486255,8,3.92342995852232,332,127.54867622432947,7,11,0.6363636363636364
578,11.8111589376349,8,3.92342995852232,153,127.53922995131914,8,8,1.0
123,2.513447317178361,8,3.92342995852232,118,127.52030107251116,19,37,0.5135135135135135
323,6.600353523972444,20,9.8085748963058,87,127.50467899789503,7,15,0.4666666666666667
595,12.158545965212397,4,1.96171497926116,135,127.49230276018037,6,8,0.75
447,9.134235372184776,3,1.47128623444587,283,127.49042331664943,7,10,0.7
51,1.0421610827324912,16,7.84685991704464,11,127.48831754897643,53,91,0.5824175824175825
602,12.30158768245019,4,1.96171497926116,129,127.48817668122155,7,8,0.875
225,4.5977694826433435,8,3.92342995852232,57,127.46990372912386,13,21,0.6190476190476191
473,9.665533179068007,3,1.47128623444587,256,127.4670748206919,7,10,0.7
265,5.41515072400216,16,7.84685991704464,205,127.4640745485258,9,17,0.5294117647058824
396,8.092074289452285,4,1.96171497926116,333,127.44108025215833,8,11,0.7272727272727273
221,4.516031358507462,20,9.8085748963058,68,127.40835746703496,7,21,0.3333333333333333
59,1.2056373310042545,8,3.92342995852232,21,127.40399936554047,41,79,0.5189873417721519
290,5.9260139998514205,8,3.92342995852232,153,127.35847203261866,14,16,0.875
597,12.199415027280338,8,3.92342995852232,133,127.34584020822794,6,8,0.75
237,4.8429838550509885,6,2.94257246889174,18,127.30186442206833,13,20,0.65
231,4.720376668847166,20,9.8085748963058,34,127.2994712180179,12,20,0.6
328,6.702526179142296,16,7.84685991704464,75,127.26954448437982,8,14,0.5714285714285714
472,9.645098648034036,16,7.84685991704464,259,127.23735432053364,7,10,0.7
270,5.517323379172012,6,2.94257246889174,190,127.23455370403833,10,17,0.5882352941176471
309,6.314270089496858,6,2.94257246889174,112,127.2263045689484,8,15,0.5333333333333333
219,4.475162296439521,4,1.96171497926116,75,127.21664017643111,9,21,0.42857142857142855
532,10.871170510072261,3,1.47128623444587,198,127.20015696279582,5,9,0.5555555555555556
95,1.9412804482271895,3,1.47128623444587,53,127.19220535527373,30,49,0.6122448979591837
386,7.88772897911258,4,1.96171497926116,345,127.17520060354673,9,12,0.75
220,4.495596827473491,3,1.47128623444587,70,127.16378400391274,8,21,0.38095238095238093
221,4.516031358507462,8,3.92342995852232,67,127.11649779871271,7,21,0.3333333333333333
160,3.2695249654352665,6,2.94257246889174,90,127.10262129023052,17,29,0.5862068965517241
149,3.044745124061592,20,9.8085748963058,44,127.08040550695105,14,31,0.45161290322580644
310,6.334704620530829,3,1.47128623444587,110,127.07463785101842,10,15,0.6666666666666666
573,11.708986282465048,4,1.96171497926116,157,127.04003803707356,6,8,0.75
601,12.28115315141622,4,1.96171497926116,130,127.00677757656656,7,8,0.875
353,7.213389454991557,4,1.96171497926116,24,127.00308257723484,9,14,0.6428571428571429
575,11.749855344532989,8,3.92342995852232,155,126.97709071152546,6,8,0.75
64,1.3078099861741066,16,7.84685991704464,33,126.97597208922359,42,72,0.5833333333333334
327,6.682091648108326,12,5.88514493778348,77,126.93803296629682,8,14,0.5714285714285714
594,12.138111434178427,3,1.47128623444587,135,126.9301092787637,6,8,0.75
312,6.37557368259877,8,3.92342995852232,105,126.91642399032271,9,15,0.6
116,2.370405599940568,6,2.94257246889174,43,126.90800017934231,22,40,0.55
284,5.803406813647598,4,1.96171497926116,159,126.90542555439485,8,16,0.5
387,7.908163510146551,3,1.47128623444587,345,126.88377585810801,9,12,0.75
149,3.044745124061592,16,7.84685991704464,44,126.88091125922648,14,31,0.45161290322580644
286,5.844275875715539,6,2.94257246889174,158,126.83151380322958,12,16,0.75
577,11.79072440660093,8,3.92342995852232,154,126.82450084191227,7,8,0.875
218,4.454727765405551,3,1.47128623444587,77,126.80658489426655,9,21,0.42857142857142855
81,1.6551970137516037,16,7.84685991704464,0,126.78942428960424,34,58,0.5862068965517241
627,12.81245095829945,3,1.47128623444587,103,126.73688388863704,5,8,0.625
328,6.702526179142296,8,3.92342995852232,75,126.73362918183642,8,14,0.5714285714285714
448,9.154669903218746,4,1.96171497926116,283,126.69624222617774,8,10,0.8
322,6.579918992938474,12,5.88514493778348,85,126.683849049665,8,15,0.5333333333333333
263,5.374281661934219,4,1.96171497926116,205,126.64003065297993,7,17,0.4117647058823529
326,6.6616571170743555,16,7.84685991704464,78,126.6336177662843,9,14,0.6428571428571429
629,12.853320020367391,3,1.47128623444587,101,126.62686173979878,5,8,0.625
163,3.3308285585371777,6,2.94257246889174,79,126.60152949138329,18,28,0.6428571428571429
449,9.175104434252717,3,1.47128623444587,281,126.59566186296288,8,10,0.8
323,6.600353523972444,16,7.84685991704464,87,126.56669188670088,8,15,0.5333333333333333
96,1.96171497926116,8,3.92342995852232,60,126.5358845827753,24,48,0.5
320,6.539049930870533,12,5.88514493778348,90,126.51774215892507,9,15,0.6
82,1.675631544785574,20,9.8085748963058,68,126.51566960605452,29,56,0.5178571428571429
167,3.4125666826730594,12,5.88514493778348,64,126.50170927263294,15,28,0.5357142857142857
461,9.420318806660362,3,1.47128623444587,270,126.48558306761667,6,10,0.6
472,9.645098648034036,20,9.8085748963058,258,126.48380851153584,7,10,0.7
327,6.682091648108326,16,7.84685991704464,77,126.47866665148595,8,14,0.5714285714285714
89,1.818673262023367,12,5.88514493778348,23,126.47222458032886,34,52,0.6538461538461539
184,3.7599537102505565,6,2.94257246889174,178,126.47199773292327,15,25,0.6
265,5.41515072400216,12,5.88514493778348,201,126.46479025491581,8,17,0.47058823529411764
469,9.583795054932125,4,1.96171497926116,262,126.45110708979712,7,10,0.7
56,1.1443337379023433,3,1.47128623444587,2,126.44503210547252,48,83,0.5783132530120482
347,7.090782268787734,8,3.92342995852232,37,126.43644005730877,7,14,0.5
68,1.3895481103099883,16,7.84685991704464,56,126.4358942698961,36,68,0.5294117647058824
287,5.864710406749509,16,7.84685991704464,154,126.39890705649152,13,16,0.8125
268,5.476454317104071,20,9.8085748963058,194,126.39425956276675,10,17,0.5882352941176471
206,4.209513392997906,3,1.47128623444587,113,126.37979093139009,11,22,0.5
598,12.219849558314309,6,2.94257246889174,133,126.37259592221858,7,8,0.875
376,7.683383668772876,3,1.47128623444587,355,126.36599713183968,5,12,0.4166666666666667
324,6.620788055006415,8,3.92342995852232,82,126.33838043648032,8,15,0.5333333333333333
472,9.645098648034036,8,3.92342995852232,259,126.3149708449049,7,10,0.7
268,5.476454317104071,16,7.84685991704464,195,126.26686268945704,10,17,0.5882352941176471
175,3.5760429309448227,8,3.92342995852232,30,126.26122569077633,14,27,0.5185185185185185
460,9.399884275626391,3,1.47128623444587,270,126.24813440997296,6,10,0.6
311,6.355139151564799,8,3.92342995852232,108,126.22639451122505,9,15,0.6
266,5.4355852550361305,6,2.94257246889174,198,126.20914915483837,10,17,0.5882352941176471
271,5.537757910205983,3,1.47128623444587,189,126.19907063945601,9,17,0.5294117647058824
299,6.109924779157154,4,1.96171497926116,133,126.16107953413193,11,16,0.6875
251,5.129067289526574,4,1.96171497926116,229,126.14392319276045,9,18,0.5
423,8.643806627369486,6,2.94257246889174,314,126.14295662853013,3,11,0.2727272727272727
213,4.3525551102356985,3,1.47128623444587,92,126.13851202982305,9,22,0.4090909090909091
102,2.0843221654649824,8,3.92342995852232,3,126.13327284054884,28,46,0.6086956521739131
321,6.559484461904503,8,3.92342995852232,88,126.0964570048151,10,15,0.6666666666666666
316,6.457311806734651,16,7.84685991704464,97,126.0879955461759,10,15,0.6666666666666666
163,3.3308285585371777,12,5.88514493778348,78,126.05607680793449,18,28,0.6428571428571429
328,6.702526179142296,20,9.8085748963058,75,126.05106953290421,8,14,0.5714285714285714
230,4.699942137813196,12,5.88514493778348,38,126.04000489508526,12,20,0.6
384,7.84685991704464,4,1.96171497926116,348,126.02893010318815,7,12,0.5833333333333334
80,1.6347624827176332,12,5.88514493778348,6,126.01937617092558,33,58,0.5689655172413793
357,7.295127579127438,3,1.47128623444587,17,125.9853865846987,9,13,0.6923076923076923
383,7.826425386010669,4,1.96171497926116,347,125.9616687113628,9,12,0.75
226,4.618204013677314,6,2.94257246889174,52,125.95889096066816,12,21,0.5714285714285714
300,6.130359310191125,4,1.96171497926116,132,125.9582199274543,11,16,0.6875
101,2.063887634431012,3,1.47128623444587,22,125.95217886845829,28,46,0.6086956521739131
193,3.94386448955629,4,1.96171497926116,153,125.927833838216,15,24,0.625
402,8.214681475656107,6,2.94257246889174,329,125.873245895554,7,11,0.6363636363636364
265,5.41515072400216,8,3.92342995852232,201,125.87090022256852,8,17,0.47058823529411764
405,8.275985068758018,3,1.47128623444587,326,125.86613542193567,7,11,0.6363636363636364
326,6.6616571170743555,12,5.88514493778348,78,125.86488833773561,9,14,0.6428571428571429
284,5.803406813647598,3,1.47128623444587,159,125.8505689938999,8,16,0.5
255,5.210805413662456,3,1.47128623444587,219,125.81788589017296,12,18,0.6666666666666666
576,11.77028987556696,8,3.92342995852232,154,125.78563528316468,7,8,0.875
400,8.173812413588166,12,5.88514493778348,328,125.73969993171212,6,11,0.5454545454545454
158,3.2286559033673257,20,9.8085748963058,94,125.71700464874729,17,29,0.5862068965517241
151,3.0856141861295328,12,5.88514493778348,130,125.7109719868807,21,30,0.7
267,5.456019786070101,8,3.92342995852232,197,125.66701919251481,11,17,0.6470588235294118
308,6.293835558462888,3,1.47128623444587,113,125.64781877377692,9,15,0.6
240,4.9042874481529,6,2.94257246889174,10,125.61286339206985,12,20,0.6
205,4.189078861963935,4,1.96171497926116,118,125.61246470113025,11,23,0.4782608695652174
307,6.273401027428918,4,1.96171497926116,116,125.59553535596864,9,15,0.6
106,2.166060289600864,12,5.88514493778348,99,125.5860308044671,19,43,0.4418604651162791
269,5.496888848138042,12,5.88514493778348,193,125.58548146576742,10,17,0.5882352941176471
385,7.86729444807861,4,1.96171497926116,347,125.58357920974883,9,12,0.75
136,2.7790962206199765,8,3.92342995852232,51,125.55385981830611,16,34,0.47058823529411764
377,7.703818199806847,3,1.47128623444587,355,125.54495672342243,6,12,0.5
54,1.1034646758344024,8,3.92342995852232,29,125.47675521961929,43,86,0.5
192,3.92342995852232,6,2.94257246889174,158,125.44087739231325,13,24,0.5416666666666666
105,2.1456257585668936,8,3.92342995852232,98,125.4293312124897,27,44,0.6136363636363636
203,4.148209799895994,3,1.47128623444587,122,125.41338272051074,14,23,0.6086956521739131
109,2.2273638827027753,8,3.92342995852232,58,125.39797241695267,23,42,0.5476190476190477
628,12.832885489333421,4,1.96171497926116,103,125.37228172424219,5,8,0.625
289,5.90557946881745,12,5.88514493778348,153,125.35021705664212,15,16,0.9375
247,5.047329165390693,3,1.47128623444587,238,125.32274600624615,9,18,0.5
242,4.945156510220841,8,3.92342995852232,5,125.3188427172268,13,20,0.65
181,3.6986501171486452,12,5.88514493778348,2,125.29058934550342,15,26,0.5769230769230769
403,8.235116006690077,4,1.96171497926116,329,125.23809240872001,8,11,0.7272727272727273
129,2.6360545033821836,8,3.92342995852232,86,125.22199569426017,23,36,0.6388888888888888
399,8.153377882554196,12,5.88514493778348,328,125.21201108782306,6,11,0.5454545454545454
180,3.678215586114675,6,2.94257246889174,10,125.20735514430578,17,26,0.6538461538461539
327,6.682091648108326,8,3.92342995852232,77,125.18259436597296,8,14,0.5714285714285714
161,3.289959496469237,4,1.96171497926116,86,125.17454660400858,16,29,0.5517241379310345
138,2.8199652826879174,4,1.96171497926116,40,125.16824100429166,21,34,0.6176470588235294
574,11.729420813499019,4,1.96171497926116,156,125.16619549911505,6,8,0.75
268,5.476454317104071,12,5.88514493778348,196,125.09928239890759,10,17,0.5882352941176471
144,2.94257246889174,4,1.96171497926116,12,125.09655539606173,28,33,0.8484848484848485
104,2.125191227532923,8,3.92342995852232,103,125.09221937111947,25,44,0.5681818181818182
83,1.6960660758195445,6,2.94257246889174,66,125.0611533360475,30,56,0.5357142857142857
112,2.2886674758046865,4,1.96171497926116,58,125.03974279942427,23,41,0.5609756097560976
471,9.624664117000066,16,7.84685991704464,256,125.02581159961754,8,10,0.8
239,4.883852917118929,8,3.92342995852232,14,125.00813491624669,12,20,0.6
142,2.901703406823799,20,9.8085748963058,18,124.91934919041306,15,33,0.45454545454545453
148,3.0243105930276215,4,1.96171497926116,138,124.9043014152409,17,31,0.5483870967741935
78,1.5938934206496924,6,2.94257246889174,30,124.87524497933573,34,60,0.5666666666666667
356,7.274693048093468,4,1.96171497926116,19,124.86185543719716,10,13,0.7692307692307693
327,6.682091648108326,20,9.8085748963058,78,124.81983989416214,7,14,0.5
326,6.6616571170743555,8,3.92342995852232,79,124.81818256047504,9,14,0.6428571428571429
172,3.5147393378429115,16,7.84685991704464,37,124.8107715652309,13,27,0.48148148148148145
94,1.920845917193219,8,3.92342995852232,73,124.80061740938218,31,49,0.6326530612244898
121,2.4725782551104203,3,1.47128623444587,5,124.79329238798363,22,39,0.5641025641025641
76,1.5530243585817516,4,1.96171497926116,50,124.79161634098139,36,61,0.5901639344262295
318,6.498180868802592,20,9.8085748963058,91,124.79070625929748,8,15,0.5333333333333333
354,7.233823986025527,3,1.47128623444587,22,124.78651058224456,8,14,0.5714285714285714
269,5.496888848138042,8,3.92342995852232,193,124.78117310953888,10,17,0.5882352941176471
171,3.494304806808941,6,2.94257246889174,48,124.76524906141107,12,27,0.4444444444444444
323,6.600353523972444,12,5.88514493778348,87,124.76360102654483,8,15,0.5333333333333333
178,3.637346524046734,4,1.96171497926116,18,124.74698372084615,16,26,0.6153846153846154
382,7.805990854976699,3,1.47128623444587,347,124.73003671275305,9,12,0.75
596,12.178980496246368,4,1.96171497926116,134,124.72597493624058,6,8,0.75
145,2.9630069999257103,16,7.84685991704464,136,124.71952640660663,25,32,0.78125
139,2.8403998137218878,20,9.8085748963058,30,124.7061046455542,18,34,0.5294117647058824
66,1.3486790482420474,8,3.92342995852232,4,124.6988815182989,39,71,0.5492957746478874
600,12.26071862038225,3,1.47128623444587,132,124.68229999433063,6,8,0.75
177,3.6169119930127636,20,9.8085748963058,21,124.67685390291255,13,27,0.48148148148148145
578,11.8111589376349,6,2.94257246889174,153,124.66770515633058,8,8,1.0
325,6.641222586040385,6,2.94257246889174,81,124.66463800355909,8,15,0.5333333333333333
401,8.194246944622137,8,3.92342995852232,330,124.66096754135287,8,11,0.7272727272727273
187,3.8212573033524677,3,1.47128623444587,169,124.6359666276012,14,24,0.5833333333333334
152,3.106048717163503,3,1.47128623444587,124,124.6193067441809,21,30,0.7
579,11.83159346866887,4,1.96171497926116,153,124.61767336280529,7,8,0.875
170,3.4738702757749707,12,5.88514493778348,32,124.5847528853638,14,28,0.5
209,4.270816986099817,12,5.88514493778348,104,124.5302204104751,12,22,0.5454545454545454
329,6.722960710176267,4,1.96171497926116,73,124.51697382973762,7,14,0.5
580,11.852027999702841,3,1.47128623444587,151,124.51584794806804,7,8,0.875
133,2.7177926275180653,20,9.8085748963058,69,124.49746872009449,20,35,0.5714285714285714
163,3.3308285585371777,20,9.8085748963058,76,124.47048029671261,17,28,0.6071428571428571
348,7.111216799821705,4,1.96171497926116,36,124.45935428009348,7,14,0.5
602,12.30158768245019,3,1.47128623444587,129,124.43090378429957,7,8,0.875
72,1.47128623444587,4,1.96171497926116,12,124.41460591100463,30,65,0.46153846153846156
84,1.716500606853515,6,2.94257246889174,59,124.39777100751658,30,55,0.5454545454545454
182,3.7190846481826156,4,1.96171497926116,4,124.36273097121834,15,26,0.5769230769230769
328,6.702526179142296,6,2.94257246889174,75,124.3461378731314,8,14,0.5714285714285714
260,5.312978068832308,3,1.47128623444587,210,124.27901774719481,8,18,0.4444444444444444
159,3.249090434401296,16,7.84685991704464,91,124.2712522677474,17,29,0.5862068965517241
269,5.496888848138042,16,7.84685991704464,194,124.27093962828833,10,17,0.5882352941176471
227,4.638638544711284,3,1.47128623444587,50,124.26527614014137,12,21,0.5714285714285714
322,6.579918992938474,8,3.92342995852232,86,124.24893066246405,8,15,0.5333333333333333
118,2.411274662008509,8,3.92342995852232,21,124.24773364862004,22,40,0.55
120,2.45214372407645,6,2.94257246889174,10,124.24166790474281,24,39,0.6153846153846154
99,2.023018572363071,8,3.92342995852232,21,124.2280060210748,26,47,0.5531914893617021
191,3.9029954274883494,6,2.94257246889174,158,124.18665701185454,14,24,0.5833333333333334
163,3.3308285585371777,16,7.84685991704464,78,124.17828347317598,18,28,0.6428571428571429
573,11.708986282465048,3,1.47128623444587,156,124.15909398771875,6,8,0.75
225,4.5977694826433435,6,2.94257246889174,57,124.15061093816574,13,21,0.6190476190476191
575,11.749855344532989,6,2.94257246889174,155,124.14990474746119,6,8,0.75
316,6.457311806734651,12,5.88514493778348,98,124.09677860992853,10,15,0.6666666666666666
107,2.1864948206348345,4,1.96171497926116,88,124.0877367293159,22,43,0.5116279069767442
221,4.516031358507462,6,2.94257246889174,67,124.05845305941952,7,21,0.3333333333333333
597,12.199415027280338,6,2.94257246889174,133,124.05297208623172,6,8,0.75
223,4.556900420575403,3,1.47128623444587,59,124.00726863310703,8,21,0.38095238095238093
595,12.158545965212397,3,1.47128623444587,135,123.99861303647542,6,8,0.75
166,3.392132151639089,12,5.88514493778348,70,123.91344043541334,16,28,0.5714285714285714
63,1.2873754551401362,12,5.88514493778348,54,123.91013986375597,40,73,0.547945205479452
422,8.623372096335515,12,5.88514493778348,300,123.87826138400558,3,11,0.2727272727272727
208,4.250382455065846,3,1.47128623444587,106,123.86145227994366,12,22,0.5454545454545454
577,11.79072440660093,6,2.94257246889174,154,123.85003034142585,7,8,0.875
235,4.802114792983048,3,1.47128623444587,25,123.84131715154251,15,20,0.75
224,4.577334951609373,4,1.96171497926116,58,123.81117174680517,11,21,0.5238095238095238
599,12.240284089348279,4,1.96171497926116,132,123.79935455300114,7,8,0.875
135,2.758661689586006,20,9.8085748963058,61,123.78426669550038,18,34,0.5294117647058824
232,4.740811199881136,8,3.92342995852232,41,123.77237603285468,13,20,0.65
601,12.28115315141622,3,1.47128623444587,130,123.75201932410985,7,8,0.875
126,2.5747509102802724,3,1.47128623444587,112,123.75012799993615,21,36,0.5833333333333334
132,2.697358096484095,3,1.47128623444587,69,123.74745162423103,17,35,0.4857142857142857
346,7.070347737753764,4,1.96171497926116,37,123.7420581047989,8,14,0.5714285714285714
265,5.41515072400216,6,2.94257246889174,201,123.70714934381952,8,17,0.47058823529411764
396,8.092074289452285,3,1.47128623444587,333,123.70382954439071,8,11,0.7272727272727273
231,4.720376668847166,16,7.84685991704464,35,123.69352071095575,13,20,0.65
397,8.112508820486255,6,2.94257246889174,332,123.68986482271158,7,11,0.6363636363636364
312,6.37557368259877,6,2.94257246889174,106,123.66743815557432,9,15,0.6
472,9.645098648034036,6,2.94257246889174,259,123.66482689383226,7,10,0.7
471,9.624664117000066,12,5.88514493778348,257,123.61443118619638,8,10,0.8
241,4.92472197918687,6,2.94257246889174,7,123.60814850367647,13,20,0.65
470,9.604229585966095,4,1.96171497926116,260,123.58432643084821,8,10,0.8
71,1.4508517034118995,16,7.84685991704464,17,123.57825769158275,33,66,0.5
115,2.349971068906598,12,5.88514493778348,38,123.57069072475312,22,40,0.55
421,8.602937565301545,3,1.47128623444587,315,123.56531695622407,3,11,0.2727272727272727
285,5.823841344681568,4,1.96171497926116,160,123.55963977393823,11,16,0.6875
55,1.1238992068683729,8,3.92342995852232,17,123.55202485258363,48,84,0.5714285714285714
186,3.8008227723184973,3,1.47128623444587,172,123.54289225372767,15,24,0.625
324,6.620788055006415,6,2.94257246889174,82,123.5371429704218,8,15,0.5333333333333333
188,3.841691834386438,4,1.96171497926116,167,123.53356070132912,16,24,0.6666666666666666
347,7.090782268787734,6,2.94257246889174,37,123.46793019215245,7,14,0.5
69,1.4099826413439587,4,1.96171497926116,39,123.42527861689274,41,67,0.6119402985074627
75,1.5325898275477812,8,3.92342995852232,22,123.3852999448182,38,62,0.6129032258064516
298,6.089490248123184,3,1.47128623444587,133,123.38332186875807,11,16,0.6875
311,6.355139151564799,6,2.94257246889174,108,123.36732614127372,9,15,0.6
317,6.477746337768622,16,7.84685991704464,94,123.34637132058596,9,15,0.6
321,6.559484461904503,6,2.94257246889174,88,123.30362997421418,10,15,0.6666666666666666
123,2.513447317178361,6,2.94257246889174,117,123.25425495298992,19,37,0.5135135135135135
149,3.044745124061592,12,5.88514493778348,44,123.23547065905446,14,31,0.45161290322580644
174,3.5556083999108523,20,9.8085748963058,36,123.21784894374201,13,27,0.48148148148148145
319,6.518615399836563,8,3.92342995852232,92,123.17021694081754,9,15,0.6
60,1.226071862038225,8,3.92342995852232,10,123.160101719418,43,78,0.5512820512820513
270,5.517323379172012,4,1.96171497926116,190,123.13317497859941,10,17,0.5882352941176471
264,5.39471619296819,4,1.96171497926116,202,123.07721887377618,7,17,0.4117647058823529
318,6.498180868802592,16,7.84685991704464,93,123.06290644841528,8,15,0.5333333333333333
58,1.185202799970284,4,1.96171497926116,43,123.0437391204873,43,80,0.5375
153,3.1264832481974736,12,5.88514493778348,117,123.04098419128707,18,30,0.6
150,3.0651796550955623,12,5.88514493778348,22,122.99130726456492,20,31,0.6451612903225806
290,5.9260139998514205,6,2.94257246889174,153,122.91445662499737,14,16,0.875
127,2.595185441314243,4,1.96171497926116,96,122.90496452811287,22,36,0.6111111111111112
469,9.583795054932125,3,1.47128623444587,261,122.90314314400675,7,10,0.7
263,5.374281661934219,3,1.47128623444587,204,122.87174456029526,7,17,0.4117647058823529
70,1.430417172377929,8,3.92342995852232,31,122.8600237185525,33,66,0.5
111,2.268232944770716,8,3.92342995852232,66,122.82524193536881,22,42,0.5238095238095238
119,2.4317091930424795,3,1.47128623444587,17,122.81036272719197,23,39,0.5897435897435898
61,1.2465063930721954,6,2.94257246889174,0,122.80423804030887,42,76,0.5526315789473685
386,7.88772897911258,3,1.47128623444587,345,122.74842692745989,9,12,0.75
309,6.314270089496858,4,1.96171497926116,113,122.67875737174586,8,15,0.5333333333333333
65,1.328244517208077,4,1.96171497926116,18,122.65172156663843,42,72,0.5833333333333334
269,5.496888848138042,6,2.94257246889174,193,122.62760767737133,10,17,0.5882352941176471
167,3.4125666826730594,8,3.92342995852232,64,122.62500348578516,15,28,0.5357142857142857
326,6.6616571170743555,6,2.94257246889174,79,122.59381984478512,9,14,0.6428571428571429
320,6.539049930870533,8,3.92342995852232,91,122.58793990035419,9,15,0.6
353,7.213389454991557,3,1.47128623444587,24,122.58351615825644,9,14,0.6428571428571429
598,12.219849558314309,4,1.96171497926116,133,122.5623671302159,7,8,0.875
236,4.822549324017018,4,1.96171497926116,21,122.55342602006024,13,20,0.65
142,2.901703406823799,16,7.84685991704464,17,122.51791886789084,14,33,0.42424242424242425
179,3.6577810550807044,3,1.47128623444587,15,122.48196507196964,15,26,0.5769230769230769
73,1.4917207654798403,4,1.96171497926116,1,122.46602100291106,39,64,0.609375
82,1.675631544785574,16,7.84685991704464,72,122.45823278092008,29,56,0.5178571428571429
185,3.780388241284527,4,1.96171497926116,175,122.42995461044806,16,25,0.64
327,6.682091648108326,6,2.94257246889174,77,122.42014079973224,8,14,0.5714285714285714
471,9.624664117000066,8,3.92342995852232,259,122.41202251137882,7,10,0.7
177,3.6169119930127636,16,7.84685991704464,21,122.39815463078695,13,27,0.48148148148148145
576,11.77028987556696,6,2.94257246889174,155,122.35484004585017,7,8,0.875
173,3.535173868876882,20,9.8085748963058,38,122.34949270393717,13,27,0.48148148148148145
125,2.554316379246302,6,2.94257246889174,105,122.34871453723231,16,37,0.43243243243243246
90,1.8391077930573374,8,3.92342995852232,12,122.32331844856184,29,52,0.5576923076923077
317,6.477746337768622,12,5.88514493778348,96,122.32047114859083,9,15,0.6
79,1.6143279516836628,8,3.92342995852232,18,122.23262963507497,35,59,0.5932203389830508
251,5.129067289526574,3,1.47128623444587,229,122.21776486111192,9,18,0.5
59,1.2056373310042545,6,2.94257246889174,21,122.20749076382678,41,79,0.5189873417721519
52,1.0625956137664616,8,3.92342995852232,34,122.19964335554077,55,89,0.6179775280898876
628,12.832885489333421,3,1.47128623444587,103,122.16512043356937,5,8,0.625
189,3.8621263654204085,3,1.47128623444587,166,122.15970856614155,18,24,0.75
288,5.88514493778348,8,3.92342995852232,154,122.12808735756704,14,16,0.875
383,7.826425386010669,3,1.47128623444587,347,122.10252396289124,9,12,0.75
287,5.864710406749509,12,5.88514493778348,156,122.08815514939367,13,16,0.8125
299,6.109924779157154,3,1.47128623444587,133,122.08783019638324,11,16,0.6875
141,2.8812688757898286,16,7.84685991704464,24,122.08450942133109,9,33,0.2727272727272727
314,6.4164427446667105,20,9.8085748963058,100,122.0641604321799,11,15,0.7333333333333333
136,2.7790962206199765,6,2.94257246889174,51,122.00670417933912,16,34,0.47058823529411764
178,3.637346524046734,3,1.47128623444587,18,122.00263595449088,16,26,0.6153846153846154
268,5.476454317104071,8,3.92342995852232,195,122.00162554173109,10,17,0.5882352941176471
318,6.498180868802592,12,5.88514493778348,94,121.99122222026163,8,15,0.5333333333333333
267,5.456019786070101,6,2.94257246889174,197,121.98385311465732,11,17,0.6470588235294118
384,7.84685991704464,3,1.47128623444587,348,121.9820683329775,7,12,0.5833333333333334
301,6.150793841225095,4,1.96171497926116,130,121.966924751251,12,15,0.8
448,9.154669903218746,3,1.47128623444587,282,121.94413015269231,8,10,0.8
86,1.7573696689214557,16,7.84685991704464,43,121.93164701230049,30,54,0.5555555555555556
574,11.729420813499019,3,1.47128623444587,156,121.92522922942696,6,8,0.75
175,3.5760429309448227,6,2.94257246889174,30,121.90385924624377,14,27,0.5185185185185185
141,2.8812688757898286,12,5.88514493778348,24,121.88405029649195,9,33,0.2727272727272727
162,3.3103940275032073,16,7.84685991704464,63,121.85718235795436,16,29,0.5517241379310345
238,4.863418386084959,8,3.92342995852232,14,121.83463069396431,14,20,0.7
307,6.273401027428918,3,1.47128623444587,116,121.80624513070252,9,15,0.6
329,6.722960710176267,3,1.47128623444587,73,121.72684490684637,7,14,0.5
313,6.39600821363274,16,7.84685991704464,100,121.70037444097218,8,15,0.5333333333333333
57,1.1647682689363137,8,3.92342995852232,50,121.6910252072751,44,81,0.5432098765432098
314,6.4164427446667105,16,7.84685991704464,100,121.67211957951835,11,15,0.7333333333333333
87,1.7778041999554262,12,5.88514493778348,30,121.66566631325513,24,53,0.4528301886792453
163,3.3308285585371777,4,1.96171497926116,79,121.6287064700366,18,28,0.6428571428571429
50,1.0217265516985208,8,3.92342995852232,22,121.55688350478304,55,93,0.5913978494623656
401,8.194246944622137,6,2.94257246889174,330,121.5180685838011,8,11,0.7272727272727273
91,1.8595423240913078,12,5.88514493778348,1,121.51061521145503,24,51,0.47058823529411764
141,2.8812688757898286,20,9.8085748963058,23,121.49935889770403,9,33,0.2727272727272727
161,3.289959496469237,3,1.47128623444587,86,121.49685363136241,16,29,0.5517241379310345
230,4.699942137813196,8,3.92342995852232,38,121.46486838808036,13,20,0.65
269,5.496888848138042,20,9.8085748963058,192,121.42267886033031,10,17,0.5882352941176471
596,12.178980496246368,3,1.47128623444587,134,121.39480666006271,6,8,0.75
322,6.579918992938474,6,2.94257246889174,86,121.38128874799989,8,15,0.5333333333333333
113,2.309102006838657,4,1.96171497926116,53,121.29645039979634,26,41,0.6341463414634146
315,6.436877275700681,20,9.8085748963058,96,121.28151808133805,10,15,0.6666666666666666
385,7.86729444807861,3,1.47128623444587,347,121.22996179690617,9,12,0.75
160,3.2695249654352665,4,1.96171497926116,90,121.15729602946674,17,29,0.5862068965517241
219,4.475162296439521,3,1.47128623444587,75,121.13171459459946,9,21,0.42857142857142855
67,1.3691135792760178,16,7.84685991704464,58,121.1212412777357,38,69,0.5507246376811594
356,7.274693048093468,3,1.47128623444587,17,121.12112393743044,9,13,0.6923076923076923
110,2.2477984137367457,4,1.96171497926116,71,121.1074082195475,21,42,0.5
402,8.214681475656107,4,1.96171497926116,329,121.10599835108133,7,11,0.6363636363636364
316,6.457311806734651,8,3.92342995852232,99,121.10298671224524,10,15,0.6666666666666666
266,5.4355852550361305,4,1.96171497926116,198,121.09901407306278,10,17,0.5882352941176471
242,4.945156510220841,6,2.94257246889174,5,121.09860887931106,13,20,0.65
53,1.083030144800432,16,7.84685991704464,0,121.07027144919677,45,88,0.5113636363636364
85,1.7369351378874853,16,7.84685991704464,45,121.00222442657291,30,54,0.5555555555555556
237,4.8429838550509885,4,1.96171497926116,18,120.99118185850449,13,20,0.65
423,8.643806627369486,4,1.96171497926116,314,120.9892396159693,3,11,0.2727272727272727
198,4.046037144726142,8,3.92342995852232,134,120.9634828866226,15,23,0.6521739130434783
239,4.883852917118929,6,2.94257246889174,14,120.92203916413946,12,20,0.6
348,7.111216799821705,3,1.47128623444587,35,120.9036754395632,7,14,0.5
209,4.270816986099817,8,3.92342995852232,104,120.88241661056307,12,22,0.5454545454545454
323,6.600353523972444,8,3.92342995852232,87,120.86091582672998,8,15,0.5333333333333333
579,11.83159346866887,3,1.47128623444587,152,120.80187738851374,7,8,0.875
129,2.6360545033821836,6,2.94257246889174,86,120.7982435152367,23,36,0.6388888888888888
286,5.844275875715539,4,1.96171497926116,158,120.77348572291733,12,16,0.75
199,4.066471675760113,20,9.8085748963058,129,120.72953657722378,13,23,0.5652173913043478
289,5.90557946881745,8,3.92342995852232,154,120.67375976735903,15,16,0.9375
96,1.96171497926116,6,2.94257246889174,60,120.66082031030703,24,48,0.5
193,3.94386448955629,3,1.47128623444587,152,120.64050010453647,15,24,0.625
398,8.132943351520225,8,3.92342995852232,331,120.61523574919262,7,11,0.6363636363636364
81,1.6551970137516037,12,5.88514493778348,0,120.61310121112538,34,58,0.5862068965517241
94,1.920845917193219,6,2.94257246889174,73,120.6095047854555,31,49,0.6326530612244898
173,3.535173868876882,16,7.84685991704464,38,120.59192484314272,14,27,0.5185185185185185
346,7.070347737753764,3,1.47128623444587,36,120.49723341215349,8,14,0.5714285714285714
139,2.8403998137218878,16,7.84685991704464,30,120.47444163629848,18,34,0.5294117647058824
471,9.624664117000066,6,2.94257246889174,260,120.46202578448451,7,10,0.7
205,4.189078861963935,3,1.47128623444587,116,120.43922434746497,12,23,0.5217391304347826
182,3.7190846481826156,3,1.47128623444587,2,120.4084851107819,12,26,0.46153846153846156
174,3.5556083999108523,16,7.84685991704464,36,120.39090966714436,13,27,0.48148148148148145
300,6.130359310191125,3,1.47128623444587,132,120.36951754383593,11,16,0.6875
171,3.494304806808941,4,1.96171497926116,48,120.32536744263584,12,27,0.4444444444444444
599,12.240284089348279,3,1.47128623444587,131,120.30121839310985,7,8,0.875
144,2.94257246889174,3,1.47128623444587,12,120.2046435124144,28,33,0.8484848484848485
201,4.1073407378280535,8,3.92342995852232,128,120.18512665550567,14,23,0.6086956521739131
270,5.517323379172012,3,1.47128623444587,190,120.18454539022635,10,17,0.5882352941176471
54,1.1034646758344024,6,2.94257246889174,29,120.18062181701852,43,86,0.5
128,2.615619972348213,12,5.88514493778348,97,120.17133630083202,23,36,0.6388888888888888
470,9.604229585966095,3,1.47128623444587,260,120.16798222255325,8,10,0.8
102,2.0843221654649824,6,2.94257246889174,3,120.1667428743866,28,46,0.6086956521739131
226,4.618204013677314,4,1.96171497926116,52,120.10894266201846,12,21,0.5714285714285714
148,3.0243105930276215,3,1.47128623444587,137,120.10731555716639,18,31,0.5806451612903226
400,8.173812413588166,8,3.92342995852232,332,120.09728865635063,6,11,0.5454545454545454
328,6.702526179142296,4,1.96171497926116,75,120.05711730838058,8,14,0.5714285714285714
109,2.2273638827027753,6,2.94257246889174,58,120.00625703299164,23,42,0.5476190476190477
325,6.641222586040385,4,1.96171497926116,81,120.00242222622784,8,15,0.5333333333333333
317,6.477746337768622,8,3.92342995852232,96,119.9863027497002,9,15,0.6
184,3.7599537102505565,4,1.96171497926116,177,119.95131212934507,15,25,0.6
309,6.314270089496858,3,1.47128623444587,112,119.9428639278747,8,15,0.5333333333333333
264,5.39471619296819,3,1.47128623444587,202,119.93451653987826,7,17,0.4117647058823529
318,6.498180868802592,8,3.92342995852232,95,119.87551078444041,8,15,0.5333333333333333
575,11.749855344532989,4,1.96171497926116,155,119.86669380054329,6,8,0.75
118,2.411274662008509,6,2.94257246889174,21,119.85307623617034,22,40,0.55
104,2.125191227532923,6,2.94257246889174,103,119.72316164462895,25,44,0.5681818181818182
177,3.6169119930127636,12,5.88514493778348,21,119.69991632961134,13,27,0.48148148148148145
314,6.4164427446667105,12,5.88514493778348,101,119.66345879246595,11,15,0.7333333333333333
319,6.518615399836563,6,2.94257246889174,92,119.60369556852959,9,15,0.6
138,2.8199652826879174,3,1.47128623444587,40,119.58052622473555,21,34,0.6176470588235294
265,5.41515072400216,4,1.96171497926116,201,119.52581506764055,8,17,0.47058823529411764
143,2.9221379378577694,20,9.8085748963058,12,119.51856923066003,23,33,0.696969696969697
66,1.3486790482420474,6,2.94257246889174,5,119.50160577171071,39,71,0.5492957746478874
598,12.219849558314309,3,1.47128623444587,133,119.49317719259321,7,8,0.875
167,3.4125666826730594,6,2.94257246889174,63,119.48432891019041,14,28,0.5
578,11.8111589376349,4,1.96171497926116,154,119.47908074382536,8,8,1.0
320,6.539049930870533,6,2.94257246889174,91,119.47520695344515,9,15,0.6
133,2.7177926275180653,16,7.84685991704464,69,119.44996392030764,21,35,0.6
597,12.199415027280338,4,1.96171497926116,134,119.41405806908992,6,8,0.75
107,2.1864948206348345,3,1.47128623444587,88,119.40378150167915,22,43,0.5116279069767442
100,2.0434531033970416,12,5.88514493778348,27,119.3761741371236,28,47,0.5957446808510638
285,5.823841344681568,3,1.47128623444587,160,119.35756613059206,11,16,0.6875
72,1.47128623444587,3,1.47128623444587,12,119.34610164875401,30,65,0.46153846153846156
324,6.620788055006415,4,1.96171497926116,82,119.30793531466153,8,15,0.5333333333333333
188,3.841691834386438,3,1.47128623444587,167,119.27905180129719,16,24,0.6666666666666666
192,3.92342995852232,4,1.96171497926116,157,119.25615301937887,12,24,0.5
103,2.104756696498953,8,3.92342995852232,10,119.23918970655122,24,45,0.5333333333333333
112,2.2886674758046865,3,1.47128623444587,58,119.2241160355196,23,41,0.5609756097560976
268,5.476454317104071,6,2.94257246889174,195,119.21073310333082,10,17,0.5882352941176471
312,6.37557368259877,4,1.96171497926116,105,119.14547497820739,9,15,0.6
472,9.645098648034036,4,1.96171497926116,259,119.11031812664581,7,10,0.7
315,6.436877275700681,16,7.84685991704464,98,119.08484370748346,11,15,0.7333333333333333
221,4.516031358507462,4,1.96171497926116,67,119.03315910043887,7,21,0.3333333333333333
231,4.720376668847166,12,5.88514493778348,36,119.03058611046379,13,20,0.65
153,3.1264832481974736,8,3.92342995852232,119,119.01567964572337,17,30,0.5666666666666667
240,4.9042874481529,4,1.96171497926116,12,118.98070382673987,11,20,0.55
403,8.235116006690077,3,1.47128623444587,329,118.9676812844923,8,11,0.7272727272727273
224,4.577334951609373,3,1.47128623444587,58,118.88420286029832,11,21,0.5238095238095238
236,4.822549324017018,3,1.47128623444587,21,118.87344773703654,13,20,0.65
135,2.758661689586006,16,7.84685991704464,58,118.81848556491184,17,34,0.5
397,8.112508820486255,4,1.96171497926116,332,118.79737187480507,7,11,0.6363636363636364
70,1.430417172377929,6,2.94257246889174,30,118.75548991476526,33,66,0.5
141,2.8812688757898286,8,3.92342995852232,24,118.6871118073851,10,33,0.30303030303030304
93,1.9004113861592487,16,7.84685991704464,63,118.65472573340197,25,50,0.5
181,3.6986501171486452,8,3.92342995852232,6,118.62572236035639,12,26,0.46153846153846156
347,7.090782268787734,4,1.96171497926116,37,118.61426949729085,7,14,0.5
225,4.5977694826433435,4,1.96171497926116,57,118.55702020073103,13,21,0.6190476190476191
232,4.740811199881136,6,2.94257246889174,38,118.5406171018942,13,20,0.65
327,6.682091648108326,4,1.96171497926116,77,118.52567941270166,8,14,0.5714285714285714
176,3.596477461978793,16,7.84685991704464,14,118.51769157535733,14,27,0.5185185185185185
116,2.370405599940568,4,1.96171497926116,43,118.50346452099528,22,40,0.55
399,8.153377882554196,8,3.92342995852232,331,118.49722917650539,7,11,0.6363636363636364
577,11.79072440660093,4,1.96171497926116,154,118.45510830059821,7,8,0.875
83,1.6960660758195445,4,1.96171497926116,66,118.44108603921264,30,56,0.5357142857142857
65,1.328244517208077,3,1.47128623444587,16,118.42601933769963,40,72,0.5555555555555556
78,1.5938934206496924,4,1.96171497926116,30,118.42114096195705,34,60,0.5666666666666667
170,3.4738702757749707,8,3.92342995852232,49,118.40086800474569,15,27,0.5555555555555556
174,3.5556083999108523,12,5.88514493778348,36,118.3460638907661,13,27,0.48148148148148145
301,6.150793841225095,3,1.47128623444587,129,118.33766842999228,12,15,0.8
321,6.559484461904503,4,1.96171497926116,88,118.29119819778268,10,15,0.6666666666666666
111,2.268232944770716,6,2.94257246889174,66,118.21831774420151,22,42,0.5238095238095238
199,4.066471675760113,16,7.84685991704464,129,118.15373496525338,13,23,0.5652173913043478
269,5.496888848138042,4,1.96171497926116,193,118.14921213875954,10,17,0.5882352941176471
311,6.355139151564799,4,1.96171497926116,110,118.09273809051534,8,15,0.5333333333333333
105,2.1456257585668936,6,2.94257246889174,98,118.06824674385983,27,44,0.6136363636363636
316,6.457311806734651,6,2.94257246889174,99,118.06469305988969,10,15,0.6666666666666666
99,2.023018572363071,6,2.94257246889174,21,118.05633254963398,26,47,0.5531914893617021
158,3.2286559033673257,16,7.84685991704464,94,118.03101516136107,18,29,0.6206896551724138
127,2.595185441314243,3,1.47128623444587,93,118.00654357569749,21,36,0.5833333333333334
180,3.678215586114675,4,1.96171497926116,10,118.00392976569941,17,26,0.6538461538461539
326,6.6616571170743555,4,1.96171497926116,79,117.97339686155155,9,14,0.6428571428571429
76,1.5530243585817516,3,1.47128623444587,50,117.91564729400658,36,61,0.5901639344262295
313,6.39600821363274,12,5.88514493778348,26,117.87751732855631,9,15,0.6
64,1.3078099861741066,12,5.88514493778348,33,117.81307488202489,42,72,0.5833333333333334
230,4.699942137813196,6,2.94257246889174,38,117.78174887238433,13,20,0.65
88,1.7982387309893966,20,9.8085748963058,31,117.7411935515007,25,53,0.4716981132075472
163,3.3308285585371777,3,1.47128623444587,79,117.72214036352305,18,28,0.6428571428571429
323,6.600353523972444,6,2.94257246889174,85,117.71807048347664,8,15,0.5333333333333333
79,1.6143279516836628,6,2.94257246889174,18,117.70696122119098,35,59,0.5932203389830508
238,4.863418386084959,6,2.94257246889174,15,117.68557247533494,14,20,0.7
241,4.92472197918687,4,1.96171497926116,7,117.64160727475497,13,20,0.65
287,5.864710406749509,8,3.92342995852232,157,117.61553771429178,13,16,0.8125
73,1.4917207654798403,3,1.47128623444587,1,117.59526069349336,39,64,0.609375
200,4.086906206794083,8,3.92342995852232,126,117.59107947895329,15,23,0.6521739130434783
166,3.392132151639089,8,3.92342995852232,69,117.57124994375182,16,28,0.5714285714285714
173,3.535173868876882,12,5.88514493778348,38,117.53849528839052,14,27,0.5185185185185185
151,3.0856141861295328,8,3.92342995852232,129,117.53563128446893,21,30,0.7
266,5.4355852550361305,3,1.47128623444587,198,117.49690953085418,10,17,0.5882352941176471
159,3.249090434401296,12,5.88514493778348,94,117.48068198034201,17,29,0.5862068965517241
288,5.88514493778348,6,2.94257246889174,154,117.44092371898597,14,16,0.875
120,2.45214372407645,4,1.96171497926116,10,117.4401048802392,24,39,0.6153846153846154
90,1.8391077930573374,6,2.94257246889174,12,117.43366318401661,29,52,0.5576923076923077
185,3.780388241284527,3,1.47128623444587,175,117.42995673745158,16,25,0.64
322,6.579918992938474,4,1.96171497926116,86,117.4285406740754,8,15,0.5333333333333333
60,1.226071862038225,6,2.94257246889174,10,117.4232791267418,43,78,0.5512820512820513
145,2.9630069999257103,12,5.88514493778348,136,117.3799866959016,25,32,0.78125
142,2.901703406823799,12,5.88514493778348,17,117.36756384025472,14,33,0.42424242424242425
113,2.309102006838657,3,1.47128623444587,52,117.35827007867583,27,41,0.6585365853658537
172,3.5147393378429115,12,5.88514493778348,42,117.34818033709897,15,27,0.5555555555555556
209,4.270816986099817,6,2.94257246889174,104,117.34504890818418,12,22,0.5454545454545454
226,4.618204013677314,3,1.47128623444587,51,117.3161125277901,10,21,0.47619047619047616
402,8.214681475656107,3,1.47128623444587,329,117.29650600082086,7,11,0.6363636363636364
92,1.8799768551252782,8,3.92342995852232,68,117.29126594185686,28,50,0.56
55,1.1238992068683729,6,2.94257246889174,18,117.26508033416106,46,84,0.5476190476190477
69,1.4099826413439587,3,1.47128623444587,39,117.23258015434433,41,67,0.6119402985074627
84,1.716500606853515,4,1.96171497926116,59,117.1440020812561,30,55,0.5454545454545454
82,1.675631544785574,12,5.88514493778348,74,117.12177957287523,30,56,0.5357142857142857
400,8.173812413588166,6,2.94257246889174,332,117.06837922940187,6,11,0.5454545454545454
191,3.9029954274883494,4,1.96171497926116,158,117.05973332377023,14,24,0.5833333333333334
575,11.749855344532989,3,1.47128623444587,154,117.04907423376332,6,8,0.75
123,2.513447317178361,4,1.96171497926116,117,117.0140563967976,19,37,0.5135135135135135
237,4.8429838550509885,3,1.47128623444587,17,116.98477115965773,13,20,0.65
317,6.477746337768622,6,2.94257246889174,96,116.94278538484247,9,15,0.6
325,6.641222586040385,3,1.47128623444587,80,116.87566166078986,8,15,0.5333333333333333
267,5.456019786070101,4,1.96171497926116,197,116.86608019220193,11,17,0.6470588235294118
198,4.046037144726142,6,2.94257246889174,135,116.84056197991319,15,23,0.6521739130434783
136,2.7790962206199765,4,1.96171497926116,52,116.81553429149544,16,34,0.47058823529411764
328,6.702526179142296,3,1.47128623444587,74,116.81131617839942,8,14,0.5714285714285714
401,8.194246944622137,4,1.96171497926116,330,116.73539627000825,8,11,0.7272727272727273
171,3.494304806808941,3,1.47128623444587,48,116.7274971324541,12,27,0.4444444444444444
89,1.818673262023367,8,3.92342995852232,21,116.7192425728649,34,52,0.6538461538461539
315,6.436877275700681,12,5.88514493778348,99,116.70448614169611,11,15,0.7333333333333333
318,6.498180868802592,6,2.94257246889174,95,116.67008969532532,8,15,0.5333333333333333
576,11.77028987556696,4,1.96171497926116,155,116.65802435889552,7,8,0.875
398,8.132943351520225,6,2.94257246889174,330,116.6154892184542,7,11,0.6363636363636364
471,9.624664117000066,4,1.96171497926116,260,116.53769658387705,7,10,0.7
289,5.90557946881745,6,2.94257246889174,154,116.52274975176717,15,16,0.9375
58,1.185202799970284,3,1.47128623444587,41,116.44286030805071,42,80,0.525
597,12.199415027280338,3,1.47128623444587,133,116.4151885928834,6,8,0.75
265,5.41515072400216,3,1.47128623444587,200,116.36552950468987,8,17,0.47058823529411764
160,3.2695249654352665,3,1.47128623444587,90,116.30720407179336,17,29,0.5862068965517241
115,2.349971068906598,8,3.92342995852232,38,116.24239359239284,24,40,0.6
290,5.9260139998514205,4,1.96171497926116,152,116.230983218669,14,16,0.875
286,5.844275875715539,3,1.47128623444587,158,116.22339221337161,12,16,0.75
312,6.37557368259877,3,1.47128623444587,105,116.15729337066628,9,15,0.6
68,1.3895481103099883,12,5.88514493778348,54,116.10950578507858,35,68,0.5147058823529411
153,3.1264832481974736,6,2.94257246889174,119,116.092644471118,17,30,0.5666666666666667
324,6.620788055006415,3,1.47128623444587,81,116.04174640837385,8,15,0.5333333333333333
156,3.187786841299385,20,9.8085748963058,99,116.01981875626169,15,30,0.5
135,2.758661689586006,12,5.88514493778348,58,115.84651754200249,17,34,0.5
71,1.4508517034118995,12,5.88514493778348,22,115.80006163527014,35,65,0.5384615384615384
80,1.6347624827176332,8,3.92342995852232,6,115.78221270905578,34,58,0.5862068965517241
313,6.39600821363274,8,3.92342995852232,27,115.78193135176309,9,15,0.6
86,1.7573696689214557,12,5.88514493778348,43,115.73453558964094,30,54,0.5555555555555556
422,8.623372096335515,8,3.92342995852232,300,115.73435941738556,3,11,0.2727272727272727
57,1.1647682689363137,6,2.94257246889174,50,115.72884138549064,44,81,0.5432098765432098
201,4.1073407378280535,6,2.94257246889174,128,115.70811285230846,14,23,0.6086956521739131
141,2.8812688757898286,6,2.94257246889174,24,115.6603155397922,10,33,0.30303030303030304
472,9.645098648034036,3,1.47128623444587,259,115.61092598800354,7,10,0.7
106,2.166060289600864,8,3.92342995852232,98,115.56672713854974,19,43,0.4418604651162791
158,3.2286559033673257,12,5.88514493778348,98,115.55669637729756,19,29,0.6551724137931034
125,2.554316379246302,4,1.96171497926116,103,115.51117373270921,16,37,0.43243243243243246
149,3.044745124061592,8,3.92342995852232,44,115.49476214961545,15,31,0.4838709677419355
175,3.5760429309448227,4,1.96171497926116,30,115.44594034972289,14,27,0.5185185185185185
314,6.4164427446667105,8,3.92342995852232,102,115.41037153447665,11,15,0.7333333333333333
75,1.5325898275477812,6,2.94257246889174,22,115.40441708747134,38,62,0.6129032258064516
327,6.682091648108326,3,1.47128623444587,76,115.29085364997835,8,14,0.5714285714285714
52,1.0625956137664616,6,2.94257246889174,35,115.276299093197,55,89,0.6179775280898876
221,4.516031358507462,3,1.47128623444587,67,115.26660651055347,7,21,0.3333333333333333
184,3.7599537102505565,3,1.47128623444587,177,115.22366777009834,15,25,0.6
397,8.112508820486255,3,1.47128623444587,332,115.19600493292032,7,11,0.6363636363636364
192,3.92342995852232,3,1.47128623444587,156,115.1822644927225,12,24,0.5
110,2.2477984137367457,3,1.47128623444587,71,115.16119704735891,21,42,0.5
578,11.8111589376349,3,1.47128623444587,153,115.1078222488055,8,8,1.0
319,6.518615399836563,4,1.96171497926116,92,114.97649845656078,9,15,0.6
61,1.2465063930721954,4,1.96171497926116,0,114.90101766699645,42,76,0.5526315789473685
239,4.883852917118929,4,1.96171497926116,14,114.87655649874758,12,20,0.6
326,6.6616571170743555,3,1.47128623444587,79,114.86068707385103,9,14,0.6428571428571429
181,3.6986501171486452,6,2.94257246889174,6,114.85984896670406,12,26,0.46153846153846156
577,11.79072440660093,3,1.47128623444587,154,114.8490297748658,7,8,0.875
242,4.945156510220841,4,1.96171497926116,5,114.78511870356537,13,20,0.65
269,5.496888848138042,3,1.47128623444587,193,114.7840603614999,10,17,0.5882352941176471
167,3.4125666826730594,4,1.96171497926116,64,114.76952670345348,15,28,0.5357142857142857
162,3.3103940275032073,12,5.88514493778348,64,114.75112348102584,16,29,0.5517241379310345
399,8.153377882554196,6,2.94257246889174,331,114.72792813163305,7,11,0.6363636363636364
133,2.7177926275180653,12,5.88514493778348,67,114.72381646515542,21,35,0.6
321,6.559484461904503,3,1.47128623444587,88,114.65566737985334,10,15,0.6666666666666666
59,1.2056373310042545,4,1.96171497926116,21,114.63954527773143,41,79,0.5189873417721519
170,3.4738702757749707,6,2.94257246889174,49,114.63518457010515,15,27,0.5555555555555556
94,1.920845917193219,4,1.96171497926116,73,114.62668933952322,31,49,0.6326530612244898
311,6.355139151564799,3,1.47128623444587,107,114.61525287740093,9,15,0.6
268,5.476454317104071,4,1.96171497926116,195,114.56247164220673,10,17,0.5882352941176471
177,3.6169119930127636,8,3.92342995852232,21,114.4959517901431,13,27,0.48148148148148145
154,3.146917779231444,20,9.8085748963058,93,114.49091837602694,17,30,0.5666666666666667
347,7.090782268787734,3,1.47128623444587,37,114.4725991010538,7,14,0.5
140,2.860834344755858,20,9.8085748963058,37,114.43326198056126,9,33,0.2727272727272727
267,5.456019786070101,3,1.47128623444587,195,114.43304632708897,9,17,0.5294117647058824
103,2.104756696498953,6,2.94257246889174,10,114.33940075198153,24,45,0.5333333333333333
320,6.539049930870533,4,1.96171497926116,91,114.32136998899234,9,15,0.6
143,2.9221379378577694,16,7.84685991704464,10,114.31056047949704,24,33,0.7272727272727273
322,6.579918992938474,3,1.47128623444587,85,114.18935689678501,8,15,0.5333333333333333
91,1.8595423240913078,8,3.92342995852232,3,114.18765812970646,28,51,0.5490196078431373
174,3.5556083999108523,8,3.92342995852232,36,114.16517154299942,13,27,0.48148148148148145
51,1.0421610827324912,12,5.88514493778348,11,114.15266892343692,53,91,0.5824175824175825
129,2.6360545033821836,4,1.96171497926116,86,114.10417685148265,23,36,0.6388888888888888
139,2.8403998137218878,12,5.88514493778348,30,114.0368573906057,18,34,0.5294117647058824
199,4.066471675760113,12,5.88514493778348,132,114.02835128399026,14,23,0.6086956521739131
93,1.9004113861592487,12,5.88514493778348,81,113.92338695185899,28,49,0.5714285714285714
323,6.600353523972444,4,1.96171497926116,85,113.87496999211739,8,15,0.5333333333333333
118,2.411274662008509,4,1.96171497926116,21,113.76500337367382,22,40,0.55
78,1.5938934206496924,3,1.47128623444587,29,113.71478107014504,34,60,0.5666666666666667
240,4.9042874481529,3,1.47128623444587,10,113.70616963900993,12,20,0.6
287,5.864710406749509,6,2.94257246889174,157,113.67193318061062,13,16,0.8125
471,9.624664117000066,3,1.47128623444587,259,113.6266193335688,7,10,0.7
423,8.643806627369486,3,1.47128623444587,314,113.6036117414843,3,11,0.2727272727272727
83,1.6960660758195445,3,1.47128623444587,66,113.5951524238867,30,56,0.5357142857142857
67,1.3691135792760178,12,5.88514493778348,58,113.58322812431251,38,69,0.5507246376811594
63,1.2873754551401362,8,3.92342995852232,53,113.55669812938358,41,73,0.5616438356164384
116,2.370405599940568,3,1.47128623444587,43,113.44083149318757,22,40,0.55
241,4.92472197918687,3,1.47128623444587,7,113.35491457493944,13,20,0.65
230,4.699942137813196,4,1.96171497926116,38,113.18760755653454,13,20,0.65
180,3.678215586114675,3,1.47128623444587,9,113.1300143080454,17,26,0.6538461538461539
104,2.125191227532923,4,1.96171497926116,103,113.12329403386809,25,44,0.5681818181818182
401,8.194246944622137,3,1.47128623444587,330,113.1172637816117,8,11,0.7272727272727273
313,6.39600821363274,6,2.94257246889174,28,113.09498221248658,8,15,0.5333333333333333
136,2.7790962206199765,3,1.47128623444587,52,113.04953681366644,16,34,0.47058823529411764
159,3.249090434401296,8,3.92342995852232,95,112.9466779452157,17,29,0.5862068965517241
50,1.0217265516985208,6,2.94257246889174,22,112.93751826639566,55,93,0.5913978494623656
166,3.392132151639089,6,2.94257246889174,70,112.9315633953199,16,28,0.5714285714285714
96,1.96171497926116,4,1.96171497926116,60,112.8736023024091,24,48,0.5
176,3.596477461978793,12,5.88514493778348,12,112.86391373856748,13,27,0.48148148148148145
109,2.2273638827027753,4,1.96171497926116,58,112.81023856115553,23,42,0.5476190476190477
54,1.1034646758344024,4,1.96171497926116,29,112.80920886791588,43,86,0.5
225,4.5977694826433435,3,1.47128623444587,57,112.80144657679908,13,21,0.6190476190476191
70,1.430417172377929,4,1.96171497926116,30,112.74064377509423,33,66,0.5
315,6.436877275700681,8,3.92342995852232,101,112.73707372591785,10,15,0.6666666666666666
102,2.0843221654649824,4,1.96171497926116,3,112.71908777402261,28,46,0.6086956521739131
85,1.7369351378874853,12,5.88514493778348,46,112.69950987134946,29,54,0.5370370370370371
316,6.457311806734651,4,1.96171497926116,99,112.67029289382646,10,15,0.6666666666666666
84,1.716500606853515,3,1.47128623444587,58,112.62899164180821,30,55,0.5454545454545454
150,3.0651796550955623,8,3.92342995852232,21,112.60522061270332,20,31,0.6451612903225806
314,6.4164427446667105,6,2.94257246889174,102,112.577832737006,11,15,0.7333333333333333
576,11.77028987556696,3,1.47128623444587,155,112.55376387200853,7,8,0.875
66,1.3486790482420474,4,1.96171497926116,5,112.55369002883413,39,71,0.5492957746478874
87,1.7778041999554262,8,3.92342995852232,36,112.40597264532748,27,53,0.5094339622641509
120,2.45214372407645,3,1.47128623444587,10,112.3900083697597,24,39,0.6153846153846154
400,8.173812413588166,4,1.96171497926116,332,112.37817944461275,6,11,0.5454545454545454
165,3.3716976206051186,20,9.8085748963058,128,112.34259869614236,15,28,0.5357142857142857
231,4.720376668847166,8,3.92342995852232,37,112.32767968734112,13,20,0.65
158,3.2286559033673257,8,3.92342995852232,99,112.32621660394254,19,29,0.6551724137931034
318,6.498180868802592,4,1.96171497926116,95,112.12903707890383,8,15,0.5333333333333333
422,8.623372096335515,6,2.94257246889174,300,112.09056916880239,3,11,0.2727272727272727
77,1.573458889615722,20,9.8085748963058,7,112.0629203326168,28,61,0.45901639344262296
123,2.513447317178361,3,1.47128623444587,117,112.0366073310757,19,37,0.5135135135135135
151,3.0856141861295328,6,2.94257246889174,129,112.03361397507476,21,30,0.7
200,4.086906206794083,6,2.94257246889174,127,111.9297295451867,16,23,0.6956521739130435
209,4.270816986099817,4,1.96171497926116,103,111.92629322563873,11,22,0.5
238,4.863418386084959,4,1.96171497926116,15,111.8762577439937,14,20,0.7
232,4.740811199881136,4,1.96171497926116,38,111.82357735503452,13,20,0.65
398,8.132943351520225,4,1.96171497926116,330,111.80283064434744,7,11,0.6363636363636364
198,4.046037144726142,4,1.96171497926116,135,111.77427053651424,15,23,0.6521739130434783
82,1.675631544785574,8,3.92342995852232,74,111.7484351837686,31,56,0.5535714285714286
53,1.083030144800432,12,5.88514493778348,22,111.71627411402568,49,88,0.5568181818181818
319,6.518615399836563,3,1.47128623444587,92,111.59383852927992,9,15,0.6
172,3.5147393378429115,8,3.92342995852232,42,111.59099348291545,15,27,0.5555555555555556
81,1.6551970137516037,8,3.92342995852232,0,111.56534726783913,35,58,0.603448275862069
317,6.477746337768622,4,1.96171497926116,97,111.53817147327028,9,15,0.6
92,1.8799768551252782,6,2.94257246889174,68,111.53795787741987,28,50,0.56
79,1.6143279516836628,4,1.96171497926116,18,111.52278835384752,35,59,0.5932203389830508
173,3.535173868876882,8,3.92342995852232,38,111.51361353310038,14,27,0.5185185185185185
191,3.9029954274883494,3,1.47128623444587,158,111.51108390124406,14,24,0.5833333333333334
115,2.349971068906598,6,2.94257246889174,38,111.47704108594156,24,40,0.6
268,5.476454317104071,3,1.47128623444587,195,111.47162307862233,10,17,0.5882352941176471
125,2.554316379246302,3,1.47128623444587,103,111.45050492098943,16,37,0.43243243243243246
88,1.7982387309893966,16,7.84685991704464,26,111.42118425538722,28,53,0.5283018867924528
111,2.268232944770716,4,1.96171497926116,66,111.34896422934571,22,42,0.5238095238095238
290,5.9260139998514205,3,1.47128623444587,151,111.3436250001957,14,16,0.875
141,2.8812688757898286,4,1.96171497926116,24,111.32706708251466,10,33,0.30303030303030304
143,2.9221379378577694,12,5.88514493778348,16,111.27592196680897,27,33,0.8181818181818182
135,2.758661689586006,8,3.92342995852232,57,111.04674827029966,18,34,0.5294117647058824
167,3.4125666826730594,3,1.47128623444587,64,110.94007289413545,15,28,0.5357142857142857
320,6.539049930870533,3,1.47128623444587,91,110.83810108100342,9,15,0.6
153,3.1264832481974736,4,1.96171497926116,119,110.78196097103168,17,30,0.5666666666666667
128,2.615619972348213,8,3.92342995852232,93,110.75300173595897,20,36,0.5555555555555556
118,2.411274662008509,3,1.47128623444587,21,110.74874669886147,22,40,0.55
177,3.6169119930127636,6,2.94257246889174,21,110.74336033871516,13,27,0.48148148148148145
140,2.860834344755858,16,7.84685991704464,36,110.70194035888062,9,33,0.2727272727272727
239,4.883852917118929,3,1.47128623444587,14,110.70014404541413,12,20,0.6
104,2.125191227532923,3,1.47128623444587,103,110.62281388225016,25,44,0.5681818181818182
105,2.1456257585668936,4,1.96171497926116,101,110.54570363436933,22,44,0.5
175,3.5760429309448227,3,1.47128623444587,30,110.49819030280425,14,27,0.5185185185185185
288,5.88514493778348,4,1.96171497926116,154,110.48203878499949,14,16,0.875
323,6.600353523972444,3,1.47128623444587,84,110.40754764514578,8,15,0.5333333333333333
289,5.90557946881745,4,1.96171497926116,154,110.39547618607939,15,16,0.9375
174,3.5556083999108523,6,2.94257246889174,36,110.3593637790939,13,27,0.48148148148148145
60,1.226071862038225,4,1.96171497926116,10,110.35438852009722,43,78,0.5512820512820513
94,1.920845917193219,3,1.47128623444587,73,110.34675602668264,31,49,0.6326530612244898
106,2.166060289600864,6,2.94257246889174,98,110.30637969943427,19,43,0.4418604651162791
89,1.818673262023367,6,2.94257246889174,21,110.23248978588832,34,52,0.6538461538461539
99,2.023018572363071,4,1.96171497926116,21,110.21327251923103,26,47,0.5531914893617021
59,1.2056373310042545,3,1.47128623444587,21,110.20175928815272,41,79,0.5189873417721519
201,4.1073407378280535,4,1.96171497926116,129,110.1711102929718,13,23,0.5652173913043478
142,2.901703406823799,8,3.92342995852232,20,110.0561324585413,17,33,0.5151515151515151
80,1.6347624827176332,6,2.94257246889174,4,109.96235857197976,32,58,0.5517241379310345
90,1.8391077930573374,4,1.96171497926116,12,109.95177613968279,29,52,0.5576923076923077
165,3.3716976206051186,16,7.84685991704464,72,109.93766078809203,15,28,0.5357142857142857
155,3.1673523102654144,20,9.8085748963058,105,109.89126014574977,16,30,0.5333333333333333
399,8.153377882554196,4,1.96171497926116,330,109.83964575687534,7,11,0.6363636363636364
242,4.945156510220841,3,1.47128623444587,5,109.81983879027611,13,20,0.65
230,4.699942137813196,3,1.47128623444587,38,109.78054252179153,13,20,0.65
181,3.6986501171486452,4,1.96171497926116,6,109.74119604808332,12,26,0.46153846153846156
141,2.8812688757898286,3,1.47128623444587,24,109.74041731973901,10,33,0.30303030303030304
315,6.436877275700681,6,2.94257246889174,101,109.67999673081603,10,15,0.6666666666666666
154,3.146917779231444,16,7.84685991704464,114,109.67592361683349,18,30,0.6
86,1.7573696689214557,8,3.92342995852232,43,109.67189369309189,30,54,0.5555555555555556
318,6.498180868802592,3,1.47128623444587,94,109.58499996458053,8,15,0.5333333333333333
154,3.146917779231444,12,5.88514493778348,114,109.55609139856693,18,30,0.6
149,3.044745124061592,6,2.94257246889174,44,109.49510030966715,15,31,0.4838709677419355
158,3.2286559033673257,6,2.94257246889174,99,109.38733294326809,19,29,0.6551724137931034
176,3.596477461978793,8,3.92342995852232,10,109.38048771958923,14,27,0.5185185185185185
129,2.6360545033821836,3,1.47128623444587,86,109.37787969618046,23,36,0.6388888888888888
170,3.4738702757749707,4,1.96171497926116,49,109.3452011475189,15,27,0.5555555555555556
68,1.3895481103099883,8,3.92342995852232,0,109.211927104915,35,69,0.5072463768115942
91,1.8595423240913078,6,2.94257246889174,3,109.20096396633585,28,51,0.5490196078431373
100,2.0434531033970416,8,3.92342995852232,32,109.12288949571494,26,47,0.5531914893617021
209,4.270816986099817,3,1.47128623444587,103,108.936458113922,11,22,0.5
159,3.249090434401296,6,2.94257246889174,95,108.93129360338449,17,29,0.5862068965517241
316,6.457311806734651,3,1.47128623444587,98,108.87817673297609,10,15,0.6666666666666666
145,2.9630069999257103,8,3.92342995852232,136,108.83846888553038,25,32,0.78125
55,1.1238992068683729,4,1.96171497926116,18,108.81760101997683,46,84,0.5476190476190477
398,8.132943351520225,3,1.47128623444587,330,108.81079544271458,7,11,0.6363636363636364
133,2.7177926275180653,8,3.92342995852232,66,108.79577798301455,21,35,0.6
54,1.1034646758344024,3,1.47128623444587,29,108.66471477809031,43,86,0.5
317,6.477746337768622,3,1.47128623444587,95,108.64513473097831,9,15,0.6
61,1.2465063930721954,3,1.47128623444587,0,108.61509628506313,42,76,0.5526315789473685
134,2.7382271585520357,20,9.8085748963058,65,108.5661430300592,19,35,0.5428571428571428
231,4.720376668847166,6,2.94257246889174,38,108.54515224270772,13,20,0.65
140,2.860834344755858,12,5.88514493778348,31,108.54497045784714,10,33,0.30303030303030304
71,1.4508517034118995,8,3.92342995852232,22,108.53386019661517,36,65,0.5538461538461539
400,8.173812413588166,3,1.47128623444587,332,108.4751405328372,6,11,0.5454545454545454
109,2.2273638827027753,3,1.47128623444587,58,108.45193630285672,23,42,0.5476190476190477
87,1.7778041999554262,6,2.94257246889174,36,108.43022605980151,27,53,0.5094339622641509
57,1.1647682689363137,4,1.96171497926116,50,108.36747768794505,44,81,0.5432098765432098
155,3.1673523102654144,12,5.88514493778348,110,108.35158643108674,18,30,0.6
199,4.066471675760113,8,3.92342995852232,133,108.29204569867377,14,23,0.6086956521739131
96,1.96171497926116,3,1.47128623444587,60,108.24853179273562,24,48,0.5
135,2.758661689586006,6,2.94257246889174,57,108.1308094771631,18,34,0.5294117647058824
155,3.1673523102654144,16,7.84685991704464,110,108.01371700178083,18,30,0.6
422,8.623372096335515,3,1.47128623444587,300,108.00830001626227,3,11,0.2727272727272727
313,6.39600821363274,4,1.96171497926116,28,107.99664558090014,8,15,0.5333333333333333
154,3.146917779231444,8,3.92342995852232,114,107.98511771001768,18,30,0.6
422,8.623372096335515,4,1.96171497926116,300,107.95324424627725,3,11,0.2727272727272727
82,1.675631544785574,6,2.94257246889174,74,107.8977883873846,31,56,0.5535714285714286
70,1.430417172377929,3,1.47128623444587,30,107.8828069432396,33,66,0.5
88,1.7982387309893966,12,5.88514493778348,26,107.86664229971616,28,53,0.5283018867924528
162,3.3103940275032073,8,3.92342995852232,82,107.84915318658166,17,29,0.5862068965517241
198,4.046037144726142,3,1.47128623444587,134,107.84843014931086,15,23,0.6521739130434783
238,4.863418386084959,3,1.47128623444587,14,107.82310282149888,14,20,0.7
156,3.187786841299385,16,7.84685991704464,99,107.80811039689317,15,30,0.5
314,6.4164427446667105,4,1.96171497926116,102,107.76650618291028,11,15,0.7333333333333333
66,1.3486790482420474,3,1.47128623444587,4,107.76166567774983,39,71,0.5492957746478874
103,2.104756696498953,4,1.96171497926116,10,107.75001296371393,24,45,0.5333333333333333
157,3.2082213723333552,20,9.8085748963058,92,107.73841452510224,15,29,0.5172413793103449
287,5.864710406749509,4,1.96171497926116,156,107.71974184153098,13,16,0.8125
102,2.0843221654649824,3,1.47128623444587,3,107.7107561588548,28,46,0.6086956521739131
77,1.573458889615722,16,7.84685991704464,7,107.70370524979035,31,61,0.5081967213114754
165,3.3716976206051186,12,5.88514493778348,72,107.64001025959703,15,28,0.5357142857142857
63,1.2873754551401362,6,2.94257246889174,53,107.53852782351493,41,73,0.5616438356164384
172,3.5147393378429115,6,2.94257246889174,42,107.50632782415965,15,27,0.5555555555555556
64,1.3078099861741066,8,3.92342995852232,32,107.47850481127333,41,72,0.5694444444444444
232,4.740811199881136,3,1.47128623444587,38,107.2729008244606,13,20,0.65
52,1.0625956137664616,4,1.96171497926116,34,107.2537350811468,55,89,0.6179775280898876
79,1.6143279516836628,3,1.47128623444587,17,107.01068458801676,35,59,0.5932203389830508
173,3.535173868876882,6,2.94257246889174,38,106.931950989655,14,27,0.5185185185185185
153,3.1264832481974736,3,1.47128623444587,117,106.91556589397536,18,30,0.6
111,2.268232944770716,3,1.47128623444587,66,106.85266536015415,22,42,0.5238095238095238
399,8.153377882554196,3,1.47128623444587,330,106.77028648154894,7,11,0.6363636363636364
166,3.392132151639089,4,1.96171497926116,70,106.67400226785142,16,28,0.5714285714285714
93,1.9004113861592487,8,3.92342995852232,81,106.62139827642531,28,49,0.5714285714285714
140,2.860834344755858,8,3.92342995852232,31,106.54742514449384,10,33,0.30303030303030304
176,3.596477461978793,6,2.94257246889174,10,106.3971203797039,14,27,0.5185185185185185
105,2.1456257585668936,3,1.47128623444587,100,106.38595554338823,23,44,0.5227272727272727
155,3.1673523102654144,8,3.92342995852232,110,106.31050043766383,18,30,0.6
151,3.0856141861295328,4,1.96171497926116,129,106.25920889559231,21,30,0.7
142,2.901703406823799,6,2.94257246889174,20,106.1851104001532,17,33,0.5151515151515151
75,1.5325898275477812,4,1.96171497926116,20,106.12179868136826,35,62,0.5645161290322581
201,4.1073407378280535,3,1.47128623444587,129,106.02834060258591,13,23,0.5652173913043478
150,3.0651796550955623,6,2.94257246889174,21,106.00626937398555,20,31,0.6451612903225806
81,1.6551970137516037,6,2.94257246889174,2,105.93133860810843,36,58,0.6206896551724138
128,2.615619972348213,6,2.94257246889174,93,105.91925561568037,20,36,0.5555555555555556
143,2.9221379378577694,8,3.92342995852232,16,105.86823460007045,27,33,0.8181818181818182
115,2.349971068906598,4,1.96171497926116,38,105.83648886759272,24,40,0.6
289,5.90557946881745,3,1.47128623444587,154,105.82972079863433,15,16,0.9375
288,5.88514493778348,3,1.47128623444587,153,105.81421300778233,14,16,0.875
51,1.0421610827324912,8,3.92342995852232,17,105.80587998934294,52,91,0.5714285714285714
86,1.7573696689214557,6,2.94257246889174,43,105.69128332249342,30,54,0.5555555555555556
154,3.146917779231444,6,2.94257246889174,114,105.45381174960022,18,30,0.6
174,3.5556083999108523,4,1.96171497926116,36,105.37179873173261,13,27,0.48148148148148145
99,2.023018572363071,3,1.47128623444587,21,105.32981980037519,26,47,0.5531914893617021
60,1.226071862038225,3,1.47128623444587,10,105.23868508730882,43,78,0.5512820512820513
134,2.7382271585520357,16,7.84685991704464,65,105.21200046243987,20,35,0.5714285714285714
200,4.086906206794083,4,1.96171497926116,126,105.21033480083523,15,23,0.6521739130434783
181,3.6986501171486452,3,1.47128623444587,6,105.08888607643875,12,26,0.46153846153846156
170,3.4738702757749707,3,1.47128623444587,49,105.00726788378319,15,27,0.5555555555555556
68,1.3895481103099883,6,2.94257246889174,0,104.93254276072794,35,69,0.5072463768115942
177,3.6169119930127636,4,1.96171497926116,22,104.92262466233572,14,27,0.5185185185185185
133,2.7177926275180653,6,2.94257246889174,66,104.91400248103781,21,35,0.6
315,6.436877275700681,4,1.96171497926116,101,104.8909245680979,10,15,0.6666666666666666
139,2.8403998137218878,8,3.92342995852232,30,104.8713442443535,18,34,0.5294117647058824
55,1.1238992068683729,3,1.47128623444587,18,104.75469351633559,46,84,0.5476190476190477
162,3.3103940275032073,6,2.94257246889174,82,104.7155083465379,17,29,0.5862068965517241
313,6.39600821363274,3,1.47128623444587,103,104.6572139775007,8,15,0.5333333333333333
92,1.8799768551252782,4,1.96171497926116,68,104.65318054124633,28,50,0.56
50,1.0217265516985208,4,1.96171497926116,26,104.50639142174062,54,93,0.5806451612903226
90,1.8391077930573374,3,1.47128623444587,12,104.4879220665278,29,52,0.5576923076923077
199,4.066471675760113,6,2.94257246889174,132,104.26844606259738,14,23,0.6086956521739131
140,2.860834344755858,6,2.94257246889174,31,104.04539210217331,10,33,0.30303030303030304
100,2.0434531033970416,6,2.94257246889174,32,104.00940645548519,26,47,0.5531914893617021
314,6.4164427446667105,3,1.47128623444587,101,104.00658909269956,11,15,0.7333333333333333
145,2.9630069999257103,6,2.94257246889174,136,103.98854468245403,25,32,0.78125
159,3.249090434401296,4,1.96171497926116,95,103.87793085453421,17,29,0.5862068965517241
165,3.3716976206051186,8,3.92342995852232,72,103.79137236168548,16,28,0.5714285714285714
106,2.166060289600864,4,1.96171497926116,98,103.70600006822467,19,43,0.4418604651162791
67,1.3691135792760178,8,3.92342995852232,58,103.6076839999456,39,69,0.5652173913043478
53,1.083030144800432,8,3.92342995852232,22,103.59194441974695,49,88,0.5568181818181818
80,1.6347624827176332,4,1.96171497926116,4,103.57432620433707,32,58,0.5517241379310345
71,1.4508517034118995,6,2.94257246889174,22,103.49676960227423,36,65,0.5538461538461539
158,3.2286559033673257,4,1.96171497926116,99,103.46828287156193,19,29,0.6551724137931034
287,5.864710406749509,3,1.47128623444587,156,103.46726302787641,13,16,0.8125
155,3.1673523102654144,6,2.94257246889174,110,103.46368947908738,18,30,0.6
135,2.758661689586006,4,1.96171497926116,57,103.35100777042402,18,34,0.5294117647058824
89,1.818673262023367,4,1.96171497926116,18,103.2577332899506,32,52,0.6153846153846154
231,4.720376668847166,4,1.96171497926116,38,103.23016883975062,13,20,0.65
91,1.8595423240913078,4,1.96171497926116,2,103.1724396150531,25,51,0.49019607843137253
87,1.7778041999554262,4,1.96171497926116,36,103.08850061674086,27,53,0.5094339622641509
85,1.7369351378874853,8,3.92342995852232,46,103.04121020589798,31,54,0.5740740740740741
157,3.2082213723333552,16,7.84685991704464,100,102.77911117663085,17,29,0.5862068965517241
88,1.7982387309893966,8,3.92342995852232,26,102.65414984221557,28,53,0.5283018867924528
166,3.392132151639089,3,1.47128623444587,70,102.62815462563339,16,28,0.5714285714285714
156,3.187786841299385,12,5.88514493778348,34,102.55303078781033,17,30,0.5666666666666667
82,1.675631544785574,4,1.96171497926116,74,102.41199014229949,31,56,0.5535714285714286
172,3.5147393378429115,4,1.96171497926116,42,102.25805111053057,15,27,0.5555555555555556
151,3.0856141861295328,3,1.47128623444587,129,102.25040318599207,21,30,0.7
200,4.086906206794083,3,1.47128623444587,126,102.14627432126335,15,23,0.6521739130434783
315,6.436877275700681,3,1.47128623444587,101,102.14390353557071,10,15,0.6666666666666666
57,1.1647682689363137,3,1.47128623444587,50,102.10657540274127,44,81,0.5432098765432098
52,1.0625956137664616,3,1.47128623444587,34,101.98945807937278,55,89,0.6179775280898876
143,2.9221379378577694,6,2.94257246889174,16,101.89538375546061,27,33,0.8181818181818182
149,3.044745124061592,4,1.96171497926116,44,101.8511948260586,15,31,0.4838709677419355
103,2.104756696498953,3,1.47128623444587,10,101.83669976937553,24,45,0.5333333333333333
64,1.3078099861741066,6,2.94257246889174,32,101.72798099020184,41,72,0.5694444444444444
93,1.9004113861592487,6,2.94257246889174,81,101.69503663165526,28,49,0.5714285714285714
115,2.349971068906598,3,1.47128623444587,38,101.6372112560751,24,40,0.6
154,3.146917779231444,4,1.96171497926116,114,101.51347582671026,18,30,0.6
177,3.6169119930127636,3,1.47128623444587,21,101.18234808325657,13,27,0.48148148148148145
142,2.901703406823799,4,1.96171497926116,19,101.16540385672407,17,33,0.5151515151515151
176,3.596477461978793,4,1.96171497926116,10,101.13400737094668,14,27,0.5185185185185185
157,3.2082213723333552,12,5.88514493778348,100,101.03717908447952,17,29,0.5862068965517241
51,1.0421610827324912,6,2.94257246889174,17,100.98168183665423,52,91,0.5714285714285714
106,2.166060289600864,3,1.47128623444587,93,100.93592480822825,21,43,0.4883720930232558
75,1.5325898275477812,3,1.47128623444587,22,100.87556523939827,38,62,0.6129032258064516
139,2.8403998137218878,6,2.94257246889174,37,100.79405101322462,14,34,0.4117647058823529
63,1.2873754551401362,4,1.96171497926116,53,100.74778116546634,41,73,0.5616438356164384
89,1.818673262023367,3,1.47128623444587,18,100.55491969329375,32,52,0.6153846153846154
162,3.3103940275032073,4,1.96171497926116,82,100.52092856605015,17,29,0.5862068965517241
159,3.249090434401296,3,1.47128623444587,94,100.46462130333116,17,29,0.5862068965517241
165,3.3716976206051186,6,2.94257246889174,72,100.38690213983779,16,28,0.5714285714285714
128,2.615619972348213,4,1.96171497926116,93,100.22981384799412,20,36,0.5555555555555556
173,3.535173868876882,4,1.96171497926116,38,100.19824993885582,14,27,0.5185185185185185
174,3.5556083999108523,3,1.47128623444587,36,100.05203013793454,13,27,0.48148148148148145
231,4.720376668847166,3,1.47128623444587,38,99.87781273996504,13,20,0.65
140,2.860834344755858,4,1.96171497926116,31,99.76150102518345,10,33,0.30303030303030304
50,1.0217265516985208,3,1.47128623444587,26,99.67873563663,54,93,0.5806451612903226
158,3.2286559033673257,3,1.47128623444587,98,99.49814546738743,19,29,0.6551724137931034
86,1.7573696689214557,4,1.96171497926116,43,99.34171959291454,30,54,0.5555555555555556
135,2.758661689586006,3,1.47128623444587,57,99.33755764579354,18,34,0.5294117647058824
92,1.8799768551252782,3,1.47128623444587,67,99.29730163355273,27,50,0.54
68,1.3895481103099883,4,1.96171497926116,0,99.24282849525636,35,69,0.5072463768115942
80,1.6347624827176332,3,1.47128623444587,4,99.20603951752175,32,58,0.5517241379310345
133,2.7177926275180653,4,1.96171497926116,66,99.12248426141116,21,35,0.6
81,1.6551970137516037,4,1.96171497926116,0,99.10297146457229,35,58,0.603448275862069
82,1.675631544785574,3,1.47128623444587,74,99.0170174738773,31,56,0.5535714285714286
91,1.8595423240913078,3,1.47128623444587,1,98.9690498742532,25,51,0.49019607843137253
155,3.1673523102654144,4,1.96171497926116,110,98.96722453404877,18,30,0.6
199,4.066471675760113,4,1.96171497926116,132,98.90799176574932,14,23,0.6086956521739131
164,3.351263089571148,20,9.8085748963058,2,98.8285900557306,16,29,0.5517241379310345
77,1.573458889615722,12,5.88514493778348,37,98.81520821065449,37,60,0.6166666666666667
85,1.7369351378874853,6,2.94257246889174,49,98.78882807713262,30,54,0.5555555555555556
134,2.7382271585520357,12,5.88514493778348,63,98.73509244159541,21,35,0.6
88,1.7982387309893966,6,2.94257246889174,26,98.56975135615147,28,53,0.5283018867924528
142,2.901703406823799,3,1.47128623444587,18,98.50416187722364,16,33,0.48484848484848486
53,1.083030144800432,6,2.94257246889174,22,98.37816031298908,49,88,0.5568181818181818
145,2.9630069999257103,4,1.96171497926116,136,98.20589201589115,25,32,0.78125
154,3.146917779231444,3,1.47128623444587,114,98.09156050675249,18,30,0.6
156,3.187786841299385,8,3.92342995852232,105,97.99456019803027,15,30,0.5
150,3.0651796550955623,4,1.96171497926116,20,97.80566576586577,20,31,0.6451612903225806
172,3.5147393378429115,3,1.47128623444587,42,97.74503702507253,15,27,0.5555555555555556
67,1.3691135792760178,6,2.94257246889174,58,97.55727889581154,39,69,0.5652173913043478
87,1.7778041999554262,3,1.47128623444587,36,97.3925338454771,27,53,0.5094339622641509
162,3.3103940275032073,3,1.47128623444587,81,97.15972091383411,17,29,0.5862068965517241
128,2.615619972348213,3,1.47128623444587,93,96.72880516300837,20,36,0.5555555555555556
71,1.4508517034118995,4,1.96171497926116,22,96.65049090873758,36,65,0.5538461538461539
157,3.2082213723333552,8,3.92342995852232,100,96.6385000249811,17,29,0.5862068965517241
140,2.860834344755858,3,1.47128623444587,31,96.61405156036724,10,33,0.30303030303030304
100,2.0434531033970416,4,1.96171497926116,32,96.58857002335164,26,47,0.5531914893617021
139,2.8403998137218878,4,1.96171497926116,35,96.4299020061594,15,34,0.4411764705882353
143,2.9221379378577694,4,1.96171497926116,16,96.36011124633703,27,33,0.8181818181818182
149,3.044745124061592,3,1.47128623444587,43,96.2589766532704,15,31,0.4838709677419355
63,1.2873754551401362,3,1.47128623444587,53,96.07513381606587,41,73,0.5616438356164384
164,3.351263089571148,16,7.84685991704464,2,95.89892801244031,16,29,0.5517241379310345
93,1.9004113861592487,4,1.96171497926116,81,95.87082165644696,28,49,0.5714285714285714
173,3.535173868876882,3,1.47128623444587,38,95.69653772556052,14,27,0.5185185185185185
176,3.596477461978793,3,1.47128623444587,10,95.65190098369415,14,27,0.5185185185185185
81,1.6551970137516037,3,1.47128623444587,0,95.57620529396202,35,58,0.603448275862069
156,3.187786841299385,6,2.94257246889174,106,95.40989686867724,15,30,0.5
155,3.1673523102654144,3,1.47128623444587,110,95.38603042014925,18,30,0.6
133,2.7177926275180653,3,1.47128623444587,65,95.3135706806477,21,35,0.6
64,1.3078099861741066,4,1.96171497926116,30,95.12779928431497,40,72,0.5555555555555556
86,1.7573696689214557,3,1.47128623444587,43,95.04357480584292,30,54,0.5555555555555556
199,4.066471675760113,3,1.47128623444587,132,95.01808667687715,14,23,0.6086956521739131
68,1.3895481103099883,3,1.47128623444587,67,94.78665307054227,36,68,0.5294117647058824
165,3.3716976206051186,4,1.96171497926116,72,94.12347130418983,16,28,0.5714285714285714
145,2.9630069999257103,3,1.47128623444587,136,94.09573358938795,25,32,0.78125
51,1.0421610827324912,4,1.96171497926116,16,94.02754257308489,52,91,0.5714285714285714
85,1.7369351378874853,4,1.96171497926116,49,93.4250512740626,30,54,0.5555555555555556
150,3.0651796550955623,3,1.47128623444587,19,93.18647357970062,19,31,0.6129032258064516
157,3.2082213723333552,6,2.94257246889174,102,93.13921349048866,16,29,0.5517241379310345
88,1.7982387309893966,4,1.96171497926116,26,93.11834776909629,28,53,0.5283018867924528
139,2.8403998137218878,3,1.47128623444587,35,92.91218622953102,15,34,0.4411764705882353
71,1.4508517034118995,3,1.47128623444587,22,92.24426364990674,36,65,0.5538461538461539
134,2.7382271585520357,8,3.92342995852232,63,92.14517189863184,22,35,0.6285714285714286
100,2.0434531033970416,3,1.47128623444587,27,91.83949448937425,29,47,0.6170212765957447
77,1.573458889615722,8,3.92342995852232,37,91.6369026840154,37,60,0.6166666666666667
93,1.9004113861592487,3,1.47128623444587,61,91.58428324628986,25,50,0.5
143,2.9221379378577694,3,1.47128623444587,16,91.27545869293974,27,33,0.8181818181818182
53,1.083030144800432,4,1.96171497926116,22,91.01103045741944,49,88,0.5568181818181818
156,3.187786841299385,4,1.96171497926116,106,90.94008035344626,15,30,0.5
164,3.351263089571148,12,5.88514493778348,73,90.93334396596228,17,28,0.6071428571428571
67,1.3691135792760178,4,1.96171497926116,58,90.61979122395391,39,69,0.5652173913043478
165,3.3716976206051186,3,1.47128623444587,72,90.3244707759885,16,28,0.5714285714285714
51,1.0421610827324912,3,1.47128623444587,15,90.31318025755132,52,91,0.5714285714285714
64,1.3078099861741066,3,1.47128623444587,30,90.19096589111307,40,72,0.5555555555555556
88,1.7982387309893966,3,1.47128623444587,26,89.24421835612533,28,53,0.5283018867924528
157,3.2082213723333552,4,1.96171497926116,102,89.20920720824984,16,29,0.5517241379310345
164,3.351263089571148,8,3.92342995852232,74,89.1171004675911,17,28,0.6071428571428571
85,1.7369351378874853,3,1.47128623444587,49,88.83515554354862,30,54,0.5555555555555556
156,3.187786841299385,3,1.47128623444587,105,88.51448908436333,15,30,0.5
134,2.7382271585520357,6,2.94257246889174,61,88.46585352872394,20,35,0.5714285714285714
77,1.573458889615722,6,2.94257246889174,38,87.41260397426426,37,60,0.6166666666666667
164,3.351263089571148,6,2.94257246889174,74,87.39561321444322,17,28,0.6071428571428571
157,3.2082213723333552,3,1.47128623444587,101,86.21656021998372,16,29,0.5517241379310345
53,1.083030144800432,3,1.47128623444587,22,86.13515373272561,49,88,0.5568181818181818
67,1.3691135792760178,3,1.47128623444587,58,85.43304044974352,39,69,0.5652173913043478
164,3.351263089571148,4,1.96171497926116,74,84.38140711577276,17,28,0.6071428571428571
134,2.7382271585520357,4,1.96171497926116,61,84.11476660372767,20,35,0.5714285714285714
164,3.351263089571148,3,1.47128623444587,74,82.07569532752703,17,28,0.6071428571428571
77,1.573458889615722,4,1.96171497926116,38,81.92327199929608,37,60,0.6166666666666667
134,2.7382271585520357,3,1.47128623444587,61,81.2239323744458,20,35,0.5714285714285714
77,1.573458889615722,3,1.47128623444587,37,78.3864533845439,37,60,0.6166666666666667
