run_id,config_hash,star_id,trial,trial_seed,treatment,detector,score_name,score_definition,score,success,best_period_days,runtime_seconds,error,diagnostics
demo50_662c028d7106501c,662c028d7106501c,kic_4544745_q5,0,1304789444,arima,bls,bls_power,bls_power,0.0006968238192038003,1,14.841280426808938,0.16174720926210284,,
demo50_662c028d7106501c,662c028d7106501c,kic_4544745_q5,0,1304789444,arima,tcf,tcf_event_consistent_score,tcf_event_consistent_score,6.137091705564052,1,13.230743581193732,10.500446374993771,,
demo50_662c028d7106501c,662c028d7106501c,kic_4544745_q5,0,1304789444,arima,tps_like,tps_like_mes,tps_like_mes,69.33962337652311,1,10.196790438261814,1.3138506249524653,,
demo50_662c028d7106501c,662c028d7106501c,kic_4544745_q5,0,1304789444,arima,tps_like,tps_like_robust_veto_score,tps_like_robust_veto_score,64.98110628164181,1,14.28368039347697,1.3138506249524653,,
demo50_662c028d7106501c,662c028d7106501c,kic_4544745_q5,0,1304789444,arima,tps_like,tps_like_event_consistency_score,tps_like_event_consistency_score,58.219766578185514,1,14.28368039347697,1.3138506249524653,,
demo50_662c028d7106501c,662c028d7106501c,kic_4544745_q5,0,1304789444,gp,bls,bls_power,bls_power,0.0005267680006285184,1,2.7599199733244415,0.13002283265814185,,
demo50_662c028d7106501c,662c028d7106501c,kic_4544745_q5,0,1304789444,gp,tcf,tcf_event_consistent_score,tcf_event_consistent_score,6.294358179322335,1,5.976325441813938,10.36462533287704,,
demo50_662c028d7106501c,662c028d7106501c,kic_4544745_q5,0,1304789444,gp,tps_like,tps_like_mes,tps_like_mes,46.57754303301566,1,6.436851679463871,1.2960439575836062,,
demo50_662c028d7106501c,662c028d7106501c,kic_4544745_q5,0,1304789444,gp,tps_like,tps_like_robust_veto_score,tps_like_robust_veto_score,46.57754303301566,1,6.436851679463871,1.2960439575836062,,
demo50_662c028d7106501c,662c028d7106501c,kic_4544745_q5,0,1304789444,gp,tps_like,tps_like_event_consistency_score,tps_like_event_consistency_score,42.14670238977743,1,6.436851679463871,1.2960439575836062,,
demo50_662c028d7106501c,662c028d7106501c,kic_4544745_q5,0,1304789444,kalman,bls,bls_power,bls_power,0.0004663509202661697,1,4.893297765921974,0.1296911658719182,,
demo50_662c028d7106501c,662c028d7106501c,kic_4544745_q5,0,1304789444,kalman,tcf,tcf_event_consistent_score,tcf_event_consistent_score,6.464700604095135,1,8.618539513171058,10.760263583157212,,
demo50_662c028d7106501c,662c028d7106501c,kic_4544745_q5,0,1304789444,kalman,tps_like,tps_like_mes,tps_like_mes,35.757712538169464,1,12.097194267436862,1.27627604175359,,
demo50_662c028d7106501c,662c028d7106501c,kic_4544745_q5,0,1304789444,kalman,tps_like,tps_like_robust_veto_score,tps_like_robust_veto_score,33.01188328654709,1,12.015456468332559,1.27627604175359,,
demo50_662c028d7106501c,662c028d7106501c,kic_4544745_q5,0,1304789444,kalman,tps_like,tps_like_event_consistency_score,tps_like_event_consistency_score,29.267956797592706,1,12.015456468332559,1.27627604175359,,
demo50_662c028d7106501c,662c028d7106501c,kic_4544745_q5,0,1304789444,raw,bls,bls_power,bls_power,0.000519918394104642,1,4.300433477825942,0.12816754169762135,,
demo50_662c028d7106501c,662c028d7106501c,kic_4544745_q5,0,1304789444,raw,tcf,tcf_event_consistent_score,tcf_event_consistent_score,6.621660157918298,1,7.129376458819607,10.342572540976107,,
demo50_662c028d7106501c,662c028d7106501c,kic_4544745_q5,0,1304789444,raw,tps_like,tps_like_mes,tps_like_mes,37.14041811431365,1,10.809823931544088,1.265637000091374,,
demo50_662c028d7106501c,662c028d7106501c,kic_4544745_q5,0,1304789444,raw,tps_like,tps_like_robust_veto_score,tps_like_robust_veto_score,37.14041811431365,1,10.809823931544088,1.265637000091374,,
demo50_662c028d7106501c,662c028d7106501c,kic_4544745_q5,0,1304789444,raw,tps_like,tps_like_event_consistency_score,tps_like_event_consistency_score,27.785300775492626,1,10.809823931544088,1.265637000091374,,
demo50_662c028d7106501c,662c028d7106501c,kic_4544745_q5,1,1460801247,arima,bls,bls_power,bls_power,0.000470732075953223,1,10.691230410136713,0.1572444587945938,,
demo50_662c028d7106501c,662c028d7106501c,kic_4544745_q5,1,1460801247,arima,tcf,tcf_event_consistent_score,tcf_event_consistent_score,7.061575882285587,1,13.576192064021342,10.440333249978721,,
demo50_662c028d7106501c,662c028d7106501c,kic_4544745_q5,1,1460801247,arima,tps_like,tps_like_mes,tps_like_mes,54.05199759093945,1,1.7164937811903656,1.5373110412620008,,
demo50_662c028d7106501c,662c028d7106501c,kic_4544745_q5,1,1460801247,arima,tps_like,tps_like_robust_veto_score,tps_like_robust_veto_score,47.70829865886102,1,4.84296459692996,1.5373110412620008,,
demo50_662c028d7106501c,662c028d7106501c,kic_4544745_q5,1,1460801247,arima,tps_like,tps_like_event_consistency_score,tps_like_event_consistency_score,38.76860596639895,1,4.84296459692996,1.5373110412620008,,
demo50_662c028d7106501c,662c028d7106501c,kic_4544745_q5,1,1460801247,gp,bls,bls_power,bls_power,0.0005641167010439469,1,10.44381460486829,0.15736945811659098,,
demo50_662c028d7106501c,662c028d7106501c,kic_4544745_q5,1,1460801247,gp,tcf,tcf_event_consistent_score,tcf_event_consistent_score,6.231192643275458,1,14.449149716572192,10.4610186656937,,
demo50_662c028d7106501c,662c028d7106501c,kic_4544745_q5,1,1460801247,gp,tps_like,tps_like_mes,tps_like_mes,37.634847669027664,1,14.120204795268364,1.3178912089206278,,
demo50_662c028d7106501c,662c028d7106501c,kic_4544745_q5,1,1460801247,gp,tps_like,tps_like_robust_veto_score,tps_like_robust_veto_score,37.634847669027664,1,14.120204795268364,1.3178912089206278,,
demo50_662c028d7106501c,662c028d7106501c,kic_4544745_q5,1,1460801247,gp,tps_like,tps_like_event_consistency_score,tps_like_event_consistency_score,26.79016223531955,1,14.120204795268364,1.3178912089206278,,
demo50_662c028d7106501c,662c028d7106501c,kic_4544745_q5,1,1460801247,kalman,bls,bls_power,bls_power,0.0005197506999770144,1,11.223407802600867,0.1372213326394558,,
demo50_662c028d7106501c,662c028d7106501c,kic_4544745_q5,1,1460801247,kalman,tcf,tcf_event_consistent_score,tcf_event_consistent_score,6.42848800203836,1,9.640880293431145,10.293471083976328,,
demo50_662c028d7106501c,662c028d7106501c,kic_4544745_q5,1,1460801247,kalman,tps_like,tps_like_mes,tps_like_mes,61.60069060603466,1,9.277240198338404,1.2961140424013138,,
demo50_662c028d7106501c,662c028d7106501c,kic_4544745_q5,1,1460801247,kalman,tps_like,tps_like_robust_veto_score,tps_like_robust_veto_score,55.42531390596698,1,9.583756944979541,1.2961140424013138,,
demo50_662c028d7106501c,662c028d7106501c,kic_4544745_q5,1,1460801247,kalman,tps_like,tps_like_event_consistency_score,tps_like_event_consistency_score,47.39310656714328,1,9.583756944979541,1.2961140424013138,,
demo50_662c028d7106501c,662c028d7106501c,kic_4544745_q5,1,1460801247,raw,bls,bls_power,bls_power,0.0005336574415914415,1,1.3127709236412137,0.12850941717624664,,
demo50_662c028d7106501c,662c028d7106501c,kic_4544745_q5,1,1460801247,raw,tcf,tcf_event_consistent_score,tcf_event_consistent_score,6.780882163733915,1,14.929976658886297,10.621056333184242,,
demo50_662c028d7106501c,662c028d7106501c,kic_4544745_q5,1,1460801247,raw,tps_like,tps_like_mes,tps_like_mes,56.00042005120473,1,10.523741634679027,1.3193310829810798,,
demo50_662c028d7106501c,662c028d7106501c,kic_4544745_q5,1,1460801247,raw,tps_like,tps_like_robust_veto_score,tps_like_robust_veto_score,52.86808753709804,1,10.585044984007254,1.3193310829810798,,
demo50_662c028d7106501c,662c028d7106501c,kic_4544745_q5,1,1460801247,raw,tps_like,tps_like_event_consistency_score,tps_like_event_consistency_score,47.48571269202416,1,10.585044984007254,1.3193310829810798,,
demo50_662c028d7106501c,662c028d7106501c,kic_4544745_q5,2,1199693587,arima,bls,bls_power,bls_power,0.0008390803346029328,1,8.38979659886629,0.15378745831549168,,
demo50_662c028d7106501c,662c028d7106501c,kic_4544745_q5,2,1199693587,arima,tcf,tcf_event_consistent_score,tcf_event_consistent_score,6.508625067514194,1,11.321440480160055,10.43215608317405,,
demo50_662c028d7106501c,662c028d7106501c,kic_4544745_q5,2,1199693587,arima,tps_like,tps_like_mes,tps_like_mes,54.211287661965436,1,14.222377044148743,1.2704836251214147,,
demo50_662c028d7106501c,662c028d7106501c,kic_4544745_q5,2,1199693587,arima,tps_like,tps_like_robust_veto_score,tps_like_robust_veto_score,48.479557824435666,1,9.951577040948905,1.2704836251214147,,
demo50_662c028d7106501c,662c028d7106501c,kic_4544745_q5,2,1199693587,arima,tps_like,tps_like_event_consistency_score,tps_like_event_consistency_score,42.20082378368489,1,9.951577040948905,1.2704836251214147,,
demo50_662c028d7106501c,662c028d7106501c,kic_4544745_q5,2,1199693587,gp,bls,bls_power,bls_power,0.0005449250787225758,1,4.939979993331111,0.12810637522488832,,
demo50_662c028d7106501c,662c028d7106501c,kic_4544745_q5,2,1199693587,gp,tcf,tcf_event_consistent_score,tcf_event_consistent_score,6.419588863715392,1,8.95465155051684,10.477248416747898,,
demo50_662c028d7106501c,662c028d7106501c,kic_4544745_q5,2,1199693587,gp,tps_like,tps_like_mes,tps_like_mes,29.13045955202195,1,12.362842114525847,1.2787884580902755,,
demo50_662c028d7106501c,662c028d7106501c,kic_4544745_q5,2,1199693587,gp,tps_like,tps_like_robust_veto_score,tps_like_robust_veto_score,29.13045955202195,1,12.362842114525847,1.2787884580902755,,
demo50_662c028d7106501c,662c028d7106501c,kic_4544745_q5,2,1199693587,gp,tps_like,tps_like_event_consistency_score,tps_like_event_consistency_score,25.996987962198357,1,12.362842114525847,1.2787884580902755,,
demo50_662c028d7106501c,662c028d7106501c,kic_4544745_q5,2,1199693587,kalman,bls,bls_power,bls_power,0.0004742346649464337,1,12.483827942647551,0.13042666716501117,,
demo50_662c028d7106501c,662c028d7106501c,kic_4544745_q5,2,1199693587,kalman,tcf,tcf_event_consistent_score,tcf_event_consistent_score,6.579003246453523,1,6.3731243747915975,10.244108208920807,,
demo50_662c028d7106501c,662c028d7106501c,kic_4544745_q5,2,1199693587,kalman,tps_like,tps_like_mes,tps_like_mes,48.3048519552383,1,6.007728234166279,1.2755573326721787,,
demo50_662c028d7106501c,662c028d7106501c,kic_4544745_q5,2,1199693587,kalman,tps_like,tps_like_robust_veto_score,tps_like_robust_veto_score,48.3048519552383,1,6.007728234166279,1.2755573326721787,,
demo50_662c028d7106501c,662c028d7106501c,kic_4544745_q5,2,1199693587,kalman,tps_like,tps_like_event_consistency_score,tps_like_event_consistency_score,38.73981360823208,1,6.007728234166279,1.2755573326721787,,
demo50_662c028d7106501c,662c028d7106501c,kic_4544745_q5,2,1199693587,raw,bls,bls_power,bls_power,0.0005197727805868815,1,13.025341780593532,0.12623695796355605,,
demo50_662c028d7106501c,662c028d7106501c,kic_4544745_q5,2,1199693587,raw,tcf,tcf_event_consistent_score,tcf_event_consistent_score,7.159635486793494,1,14.901967322440814,10.402147958055139,,
demo50_662c028d7106501c,662c028d7106501c,kic_4544745_q5,2,1199693587,raw,tps_like,tps_like_mes,tps_like_mes,116.71428190973,1,12.465014363406226,1.2972655408084393,,
demo50_662c028d7106501c,662c028d7106501c,kic_4544745_q5,2,1199693587,raw,tps_like,tps_like_robust_veto_score,tps_like_robust_veto_score,116.26057083399462,1,8.582468905951828,1.2972655408084393,,
demo50_662c028d7106501c,662c028d7106501c,kic_4544745_q5,2,1199693587,raw,tps_like,tps_like_event_consistency_score,tps_like_event_consistency_score,101.03559278657757,1,8.582468905951828,1.2972655408084393,,
demo50_662c028d7106501c,662c028d7106501c,kic_4544745_q5,3,132621595,arima,bls,bls_power,bls_power,0.0004612572447494101,1,10.924641547182395,0.15157920820638537,,
demo50_662c028d7106501c,662c028d7106501c,kic_4544745_q5,3,132621595,arima,tcf,tcf_event_consistent_score,tcf_event_consistent_score,6.296117326110931,1,6.079026342114038,10.207348207943141,,
demo50_662c028d7106501c,662c028d7106501c,kic_4544745_q5,3,132621595,arima,tps_like,tps_like_mes,tps_like_mes,79.9293977537325,1,8.194214360206388,1.2894643750041723,,
demo50_662c028d7106501c,662c028d7106501c,kic_4544745_q5,3,132621595,arima,tps_like,tps_like_robust_veto_score,tps_like_robust_veto_score,68.04459185966876,1,5.966859334614128,1.2894643750041723,,
demo50_662c028d7106501c,662c028d7106501c,kic_4544745_q5,3,132621595,arima,tps_like,tps_like_event_consistency_score,tps_like_event_consistency_score,60.21744590930245,1,5.966859334614128,1.2894643750041723,,
demo50_662c028d7106501c,662c028d7106501c,kic_4544745_q5,3,132621595,gp,bls,bls_power,bls_power,0.0005841943049438851,1,5.458152717572524,0.12495558289811015,,
demo50_662c028d7106501c,662c028d7106501c,kic_4544745_q5,3,132621595,gp,tcf,tcf_event_consistent_score,tcf_event_consistent_score,7.497931136617493,1,5.112704234744915,10.349017541855574,,
demo50_662c028d7106501c,662c028d7106501c,kic_4544745_q5,3,132621595,gp,tps_like,tps_like_mes,tps_like_mes,26.94992438493741,1,7.295098570059054,1.2581162503920496,,
demo50_662c028d7106501c,662c028d7106501c,kic_4544745_q5,3,132621595,gp,tps_like,tps_like_robust_veto_score,tps_like_robust_veto_score,26.94992438493741,1,7.295098570059054,1.2581162503920496,,
demo50_662c028d7106501c,662c028d7106501c,kic_4544745_q5,3,132621595,gp,tps_like,tps_like_event_consistency_score,tps_like_event_consistency_score,23.614175983618242,1,7.295098570059054,1.2581162503920496,,
demo50_662c028d7106501c,662c028d7106501c,kic_4544745_q5,3,132621595,kalman,bls,bls_power,bls_power,0.0004955594511172506,1,3.7542514171390464,0.12872324977070093,,
demo50_662c028d7106501c,662c028d7106501c,kic_4544745_q5,3,132621595,kalman,tcf,tcf_event_consistent_score,tcf_event_consistent_score,6.519822255167075,1,10.485828609536513,10.447621165774763,,
demo50_662c028d7106501c,662c028d7106501c,kic_4544745_q5,3,132621595,kalman,tps_like,tps_like_mes,tps_like_mes,56.49733361241802,1,9.399846896994859,1.2767251250334084,,
demo50_662c028d7106501c,662c028d7106501c,kic_4544745_q5,3,132621595,kalman,tps_like,tps_like_robust_veto_score,tps_like_robust_veto_score,56.49733361241802,1,9.399846896994859,1.2767251250334084,,
demo50_662c028d7106501c,662c028d7106501c,kic_4544745_q5,3,132621595,kalman,tps_like,tps_like_event_consistency_score,tps_like_event_consistency_score,52.525003548238296,1,9.399846896994859,1.2767251250334084,,
demo50_662c028d7106501c,662c028d7106501c,kic_4544745_q5,3,132621595,raw,bls,bls_power,bls_power,0.0005607445999006424,1,14.47249083027676,0.1262475000694394,,
demo50_662c028d7106501c,662c028d7106501c,kic_4544745_q5,3,132621595,raw,tcf,tcf_event_consistent_score,tcf_event_consistent_score,6.501317619845316,1,10.18706235411804,10.228947666939348,,
demo50_662c028d7106501c,662c028d7106501c,kic_4544745_q5,3,132621595,raw,tps_like,tps_like_mes,tps_like_mes,43.97945509717409,1,1.9412727287271991,1.283215958159417,,
demo50_662c028d7106501c,662c028d7106501c,kic_4544745_q5,3,132621595,raw,tps_like,tps_like_robust_veto_score,tps_like_robust_veto_score,42.57580382412821,1,9.706363643635996,1.283215958159417,,
demo50_662c028d7106501c,662c028d7106501c,kic_4544745_q5,3,132621595,raw,tps_like,tps_like_event_consistency_score,tps_like_event_consistency_score,36.148826683084366,1,9.706363643635996,1.283215958159417,,
demo50_662c028d7106501c,662c028d7106501c,kic_4544745_q5,4,183068028,arima,bls,bls_power,bls_power,0.0004231836979677394,1,8.781927309103036,0.15307058300822973,,
demo50_662c028d7106501c,662c028d7106501c,kic_4544745_q5,4,183068028,arima,tcf,tcf_event_consistent_score,tcf_event_consistent_score,6.4279027827066795,1,13.846948982994332,10.590580916032195,,
demo50_662c028d7106501c,662c028d7106501c,kic_4544745_q5,4,183068028,arima,tps_like,tps_like_mes,tps_like_mes,58.820962296975594,1,3.7599387587979436,1.2984872912056744,,
demo50_662c028d7106501c,662c028d7106501c,kic_4544745_q5,4,183068028,arima,tps_like,tps_like_robust_veto_score,tps_like_robust_veto_score,58.820962296975594,1,3.7599387587979436,1.2984872912056744,,
demo50_662c028d7106501c,662c028d7106501c,kic_4544745_q5,4,183068028,arima,tps_like,tps_like_event_consistency_score,tps_like_event_consistency_score,44.67812196311963,1,3.7599387587979436,1.2984872912056744,,
demo50_662c028d7106501c,662c028d7106501c,kic_4544745_q5,4,183068028,gp,bls,bls_power,bls_power,0.0005086474141814853,1,10.64921640546849,0.1258009998127818,,
demo50_662c028d7106501c,662c028d7106501c,kic_4544745_q5,4,183068028,gp,tcf,tcf_event_consistent_score,tcf_event_consistent_score,6.764143256514564,1,12.950650216738914,10.393789208028466,,
demo50_662c028d7106501c,662c028d7106501c,kic_4544745_q5,4,183068028,gp,tps_like,tps_like_mes,tps_like_mes,60.257497639720114,1,10.973299529752694,1.2983026667498052,,
demo50_662c028d7106501c,662c028d7106501c,kic_4544745_q5,4,183068028,gp,tps_like,tps_like_robust_veto_score,tps_like_robust_veto_score,57.9017382496635,1,11.116340678185225,1.2983026667498052,,
demo50_662c028d7106501c,662c028d7106501c,kic_4544745_q5,4,183068028,gp,tps_like,tps_like_event_consistency_score,tps_like_event_consistency_score,52.40591793147882,1,11.116340678185225,1.2983026667498052,,
demo50_662c028d7106501c,662c028d7106501c,kic_4544745_q5,4,183068028,kalman,bls,bls_power,bls_power,0.00047620146289142104,1,12.796598866288765,0.1301629999652505,,
demo50_662c028d7106501c,662c028d7106501c,kic_4544745_q5,4,183068028,kalman,tcf,tcf_event_consistent_score,tcf_event_consistent_score,6.37379085570437,1,13.300766922307437,10.224049124866724,,
demo50_662c028d7106501c,662c028d7106501c,kic_4544745_q5,4,183068028,kalman,tps_like,tps_like_mes,tps_like_mes,37.384686241808254,1,13.486736852210015,1.2708204588852823,,
demo50_662c028d7106501c,662c028d7106501c,kic_4544745_q5,4,183068028,kalman,tps_like,tps_like_robust_veto_score,tps_like_robust_veto_score,34.88381355946113,1,14.426721541909501,1.2708204588852823,,
demo50_662c028d7106501c,662c028d7106501c,kic_4544745_q5,4,183068028,kalman,tps_like,tps_like_event_consistency_score,tps_like_event_consistency_score,27.419203663376713,1,14.426721541909501,1.2708204588852823,,
demo50_662c028d7106501c,662c028d7106501c,kic_4544745_q5,4,183068028,raw,bls,bls_power,bls_power,0.0005383981256271626,1,7.073357785928644,0.1304855002090335,,
demo50_662c028d7106501c,662c028d7106501c,kic_4544745_q5,4,183068028,raw,tcf,tcf_event_consistent_score,tcf_event_consistent_score,6.526472648703338,1,6.167722574191398,10.44451962504536,,
demo50_662c028d7106501c,662c028d7106501c,kic_4544745_q5,4,183068028,raw,tps_like,tps_like_mes,tps_like_mes,63.614610779286004,1,4.6999234484974295,1.2682320410385728,,
demo50_662c028d7106501c,662c028d7106501c,kic_4544745_q5,4,183068028,raw,tps_like,tps_like_robust_veto_score,tps_like_robust_veto_score,61.477192369826724,1,5.639908138196915,1.2682320410385728,,
demo50_662c028d7106501c,662c028d7106501c,kic_4544745_q5,4,183068028,raw,tps_like,tps_like_event_consistency_score,tps_like_event_consistency_score,53.58860192996604,1,5.639908138196915,1.2682320410385728,,
demo50_662c028d7106501c,662c028d7106501c,kic_4544745_q5,5,195364677,arima,bls,bls_power,bls_power,0.00048000948156228093,1,9.458819606535512,0.15392025001347065,,
demo50_662c028d7106501c,662c028d7106501c,kic_4544745_q5,5,195364677,arima,tcf,tcf_event_consistent_score,tcf_event_consistent_score,7.803885762394975,1,11.218739579859955,10.418646082747728,,
demo50_662c028d7106501c,662c028d7106501c,kic_4544745_q5,5,195364677,arima,tps_like,tps_like_mes,tps_like_mes,42.73041906203687,1,10.523741634679027,1.2752322498708963,,
demo50_662c028d7106501c,662c028d7106501c,kic_4544745_q5,5,195364677,arima,tps_like,tps_like_robust_veto_score,tps_like_robust_veto_score,41.35006477357189,1,13.384564603329636,1.2752322498708963,,
demo50_662c028d7106501c,662c028d7106501c,kic_4544745_q5,5,195364677,arima,tps_like,tps_like_event_consistency_score,tps_like_event_consistency_score,33.0923552409639,1,13.384564603329636,1.2752322498708963,,
demo50_662c028d7106501c,662c028d7106501c,kic_4544745_q5,5,195364677,gp,bls,bls_power,bls_power,0.0005886406809506398,1,14.089696565521841,0.12561225006356835,,
demo50_662c028d7106501c,662c028d7106501c,kic_4544745_q5,5,195364677,gp,tcf,tcf_event_consistent_score,tcf_event_consistent_score,7.1238828239562295,1,14.453817939313106,10.543324999976903,,
demo50_662c028d7106501c,662c028d7106501c,kic_4544745_q5,5,195364677,gp,tps_like,tps_like_mes,tps_like_mes,56.82081292642205,1,13.46630240243394,1.3452354166656733,,
demo50_662c028d7106501c,662c028d7106501c,kic_4544745_q5,5,195364677,gp,tps_like,tps_like_robust_veto_score,tps_like_robust_veto_score,45.038915599792276,1,14.344983742805198,1.3452354166656733,,
demo50_662c028d7106501c,662c028d7106501c,kic_4544745_q5,5,195364677,gp,tps_like,tps_like_event_consistency_score,tps_like_event_consistency_score,42.7965984666724,1,14.344983742805198,1.3452354166656733,,
demo50_662c028d7106501c,662c028d7106501c,kic_4544745_q5,5,195364677,kalman,bls,bls_power,bls_power,0.0005391858156440853,1,12.838612870956986,0.12761254189535975,,
demo50_662c028d7106501c,662c028d7106501c,kic_4544745_q5,5,195364677,kalman,tcf,tcf_event_consistent_score,tcf_event_consistent_score,6.553604807219482,1,12.931977325775259,10.319610000122339,,
demo50_662c028d7106501c,662c028d7106501c,kic_4544745_q5,5,195364677,kalman,tps_like,tps_like_mes,tps_like_mes,46.18356562141331,1,8.010304312221706,1.336939790751785,,
demo50_662c028d7106501c,662c028d7106501c,kic_4544745_q5,5,195364677,kalman,tps_like,tps_like_robust_veto_score,tps_like_robust_veto_score,42.634116853735826,1,12.812400009599514,1.336939790751785,,
demo50_662c028d7106501c,662c028d7106501c,kic_4544745_q5,5,195364677,kalman,tps_like,tps_like_event_consistency_score,tps_like_event_consistency_score,39.55892816279872,1,12.812400009599514,1.336939790751785,,
demo50_662c028d7106501c,662c028d7106501c,kic_4544745_q5,5,195364677,raw,bls,bls_power,bls_power,0.0005135570640159388,1,9.682894298099367,0.12700887490063906,,
demo50_662c028d7106501c,662c028d7106501c,kic_4544745_q5,5,195364677,raw,tcf,tcf_event_consistent_score,tcf_event_consistent_score,6.471875699291341,1,8.515838612870958,10.443922041915357,,
demo50_662c028d7106501c,662c028d7106501c,kic_4544745_q5,5,195364677,raw,tps_like,tps_like_mes,tps_like_mes,27.40495463418579,1,13.139351206016727,1.2623652080073953,,
demo50_662c028d7106501c,662c028d7106501c,kic_4544745_q5,5,195364677,raw,tps_like,tps_like_robust_veto_score,tps_like_robust_veto_score,25.683257437045395,1,14.058901445940137,1.2623652080073953,,
demo50_662c028d7106501c,662c028d7106501c,kic_4544745_q5,5,195364677,raw,tps_like,tps_like_event_consistency_score,tps_like_event_consistency_score,23.580190470711067,1,14.058901445940137,1.2623652080073953,,
demo50_662c028d7106501c,662c028d7106501c,kic_4544745_q5,6,1143800622,arima,bls,bls_power,bls_power,0.0007427161099889223,1,14.393131043681228,0.15207254188135266,,
demo50_662c028d7106501c,662c028d7106501c,kic_4544745_q5,6,1143800622,arima,tcf,tcf_event_consistent_score,tcf_event_consistent_score,5.963363025926327,1,11.475491830610205,10.22147262468934,,
demo50_662c028d7106501c,662c028d7106501c,kic_4544745_q5,6,1143800622,arima,tps_like,tps_like_mes,tps_like_mes,68.48472110157999,1,11.300250726169907,1.2855351250618696,,
demo50_662c028d7106501c,662c028d7106501c,kic_4544745_q5,6,1143800622,arima,tps_like,tps_like_robust_veto_score,tps_like_robust_veto_score,61.06622709651223,1,9.420281346770935,1.2855351250618696,,
demo50_662c028d7106501c,662c028d7106501c,kic_4544745_q5,6,1143800622,arima,tps_like,tps_like_event_consistency_score,tps_like_event_consistency_score,49.867583022521885,1,9.420281346770935,1.2855351250618696,,
demo50_662c028d7106501c,662c028d7106501c,kic_4544745_q5,6,1143800622,gp,bls,bls_power,bls_power,0.000636728903028573,1,11.396132044014673,0.12644112529233098,,
demo50_662c028d7106501c,662c028d7106501c,kic_4544745_q5,6,1143800622,gp,tcf,tcf_event_consistent_score,tcf_event_consistent_score,6.267523733718113,1,12.269089696565523,10.335635208990425,,
demo50_662c028d7106501c,662c028d7106501c,kic_4544745_q5,6,1143800622,gp,tps_like,tps_like_mes,tps_like_mes,63.510608954602674,1,10.544176084455103,1.3706984580494463,,
demo50_662c028d7106501c,662c028d7106501c,kic_4544745_q5,6,1143800622,gp,tps_like,tps_like_robust_veto_score,tps_like_robust_veto_score,63.510608954602674,1,10.544176084455103,1.3706984580494463,,
demo50_662c028d7106501c,662c028d7106501c,kic_4544745_q5,6,1143800622,gp,tps_like,tps_like_event_consistency_score,tps_like_event_consistency_score,46.82529461703999,1,10.544176084455103,1.3706984580494463,,
demo50_662c028d7106501c,662c028d7106501c,kic_4544745_q5,6,1143800622,kalman,bls,bls_power,bls_power,0.0004936684561796642,1,12.451150383461155,0.12931775022298098,,
demo50_662c028d7106501c,662c028d7106501c,kic_4544745_q5,6,1143800622,kalman,tcf,tcf_event_consistent_score,tcf_event_consistent_score,8.546537927004602,1,14.542514171390465,10.411332875024527,,
demo50_662c028d7106501c,662c028d7106501c,kic_4544745_q5,6,1143800622,kalman,tps_like,tps_like_mes,tps_like_mes,29.770376256785564,1,13.691081349970773,1.2584609999321401,,
demo50_662c028d7106501c,662c028d7106501c,kic_4544745_q5,6,1143800622,kalman,tps_like,tps_like_robust_veto_score,tps_like_robust_veto_score,29.770376256785564,1,13.691081349970773,1.2584609999321401,,
demo50_662c028d7106501c,662c028d7106501c,kic_4544745_q5,6,1143800622,kalman,tps_like,tps_like_event_consistency_score,tps_like_event_consistency_score,22.713711785190004,1,13.691081349970773,1.2584609999321401,,
demo50_662c028d7106501c,662c028d7106501c,kic_4544745_q5,6,1143800622,raw,bls,bls_power,bls_power,0.000521307460659492,1,2.9933311103701232,0.12717645894736052,,
demo50_662c028d7106501c,662c028d7106501c,kic_4544745_q5,6,1143800622,raw,tcf,tcf_event_consistent_score,tcf_event_consistent_score,7.17022918250323,1,14.654551517172392,10.527011916972697,,
demo50_662c028d7106501c,662c028d7106501c,kic_4544745_q5,6,1143800622,raw,tps_like,tps_like_mes,tps_like_mes,44.60907515998192,1,9.175067949458025,1.2831136672757566,,
demo50_662c028d7106501c,662c028d7106501c,kic_4544745_q5,6,1143800622,raw,tps_like,tps_like_robust_veto_score,tps_like_robust_veto_score,44.60907515998192,1,9.175067949458025,1.2831136672757566,,
demo50_662c028d7106501c,662c028d7106501c,kic_4544745_q5,6,1143800622,raw,tps_like,tps_like_event_consistency_score,tps_like_event_consistency_score,33.76644814970571,1,9.175067949458025,1.2831136672757566,,
demo50_662c028d7106501c,662c028d7106501c,kic_4544745_q5,7,1856580492,arima,bls,bls_power,bls_power,0.0007009901659954309,1,14.16438812937646,0.1528439591638744,,
demo50_662c028d7106501c,662c028d7106501c,kic_4544745_q5,7,1856580492,arima,tcf,tcf_event_consistent_score,tcf_event_consistent_score,6.054670483541411,1,8.54384794931644,10.41138262487948,,
demo50_662c028d7106501c,662c028d7106501c,kic_4544745_q5,7,1856580492,arima,tps_like,tps_like_mes,tps_like_mes,53.19946741092014,1,13.691081349970773,1.2901707915589213,,
demo50_662c028d7106501c,662c028d7106501c,kic_4544745_q5,7,1856580492,arima,tps_like,tps_like_robust_veto_score,tps_like_robust_veto_score,53.19946741092014,1,13.691081349970773,1.2901707915589213,,
demo50_662c028d7106501c,662c028d7106501c,kic_4544745_q5,7,1856580492,arima,tps_like,tps_like_event_consistency_score,tps_like_event_consistency_score,40.78434250622303,1,13.691081349970773,1.2901707915589213,,
demo50_662c028d7106501c,662c028d7106501c,kic_4544745_q5,7,1856580492,gp,bls,bls_power,bls_power,0.0004990192593479786,1,3.0960320106702235,0.12791708298027515,,
demo50_662c028d7106501c,662c028d7106501c,kic_4544745_q5,7,1856580492,gp,tcf,tcf_event_consistent_score,tcf_event_consistent_score,7.085673870731217,1,8.879959986662222,10.359949291683733,,
demo50_662c028d7106501c,662c028d7106501c,kic_4544745_q5,7,1856580492,gp,tps_like,tps_like_mes,tps_like_mes,50.818293158762174,1,8.950289001921192,1.287171249743551,,
demo50_662c028d7106501c,662c028d7106501c,kic_4544745_q5,7,1856580492,gp,tps_like,tps_like_robust_veto_score,tps_like_robust_veto_score,42.82673114930864,1,9.951577040948905,1.287171249743551,,
demo50_662c028d7106501c,662c028d7106501c,kic_4544745_q5,7,1856580492,gp,tps_like,tps_like_event_consistency_score,tps_like_event_consistency_score,38.41766216756303,1,9.951577040948905,1.287171249743551,,
demo50_662c028d7106501c,662c028d7106501c,kic_4544745_q5,7,1856580492,kalman,bls,bls_power,bls_power,0.0004767597868793073,1,6.555185061687229,0.12913112482056022,,
demo50_662c028d7106501c,662c028d7106501c,kic_4544745_q5,7,1856580492,kalman,tcf,tcf_event_consistent_score,tcf_event_consistent_score,6.836029597080766,1,10.551183727909304,10.436410375405103,,
demo50_662c028d7106501c,662c028d7106501c,kic_4544745_q5,7,1856580492,kalman,tps_like,tps_like_mes,tps_like_mes,34.19832484097578,1,5.2312191426754,1.2661491660401225,,
demo50_662c028d7106501c,662c028d7106501c,kic_4544745_q5,7,1856580492,kalman,tps_like,tps_like_robust_veto_score,tps_like_robust_veto_score,28.657855669728235,1,11.749808621243574,1.2661491660401225,,
demo50_662c028d7106501c,662c028d7106501c,kic_4544745_q5,7,1856580492,kalman,tps_like,tps_like_event_consistency_score,tps_like_event_consistency_score,26.402994548184797,1,11.749808621243574,1.2661491660401225,,
demo50_662c028d7106501c,662c028d7106501c,kic_4544745_q5,7,1856580492,raw,bls,bls_power,bls_power,0.0004903279014388397,1,10.929309769923309,0.1259082918986678,,
demo50_662c028d7106501c,662c028d7106501c,kic_4544745_q5,7,1856580492,raw,tcf,tcf_event_consistent_score,tcf_event_consistent_score,7.074338883984954,1,10.728576192064022,10.323839792050421,,
demo50_662c028d7106501c,662c028d7106501c,kic_4544745_q5,7,1856580492,raw,tps_like,tps_like_mes,tps_like_mes,41.965888707917934,1,8.888985652592964,1.3624220001511276,,
demo50_662c028d7106501c,662c028d7106501c,kic_4544745_q5,7,1856580492,raw,tps_like,tps_like_robust_veto_score,tps_like_robust_veto_score,40.03201423764393,1,14.304114843253046,1.3624220001511276,,
demo50_662c028d7106501c,662c028d7106501c,kic_4544745_q5,7,1856580492,raw,tps_like,tps_like_event_consistency_score,tps_like_event_consistency_score,34.772705690428346,1,14.304114843253046,1.3624220001511276,,
demo50_662c028d7106501c,662c028d7106501c,kic_4544745_q5,8,710963570,arima,bls,bls_power,bls_power,0.000738788129579058,1,10.243081027009003,0.17466383427381516,,
demo50_662c028d7106501c,662c028d7106501c,kic_4544745_q5,8,710963570,arima,tcf,tcf_event_consistent_score,tcf_event_consistent_score,6.139491003528774,1,9.87895965321774,10.378616707865149,,
demo50_662c028d7106501c,662c028d7106501c,kic_4544745_q5,8,710963570,arima,tps_like,tps_like_mes,tps_like_mes,85.9844365598735,1,11.729374171467498,1.274244582746178,,
demo50_662c028d7106501c,662c028d7106501c,kic_4544745_q5,8,710963570,arima,tps_like,tps_like_robust_veto_score,tps_like_robust_veto_score,84.33112446139998,1,10.278528237366118,1.274244582746178,,
demo50_662c028d7106501c,662c028d7106501c,kic_4544745_q5,8,710963570,arima,tps_like,tps_like_event_consistency_score,tps_like_event_consistency_score,75.21621358678868,1,10.278528237366118,1.274244582746178,,
demo50_662c028d7106501c,662c028d7106501c,kic_4544745_q5,8,710963570,gp,bls,bls_power,bls_power,0.0006199093308395914,1,1.0140046682227408,0.12374162534251809,,
demo50_662c028d7106501c,662c028d7106501c,kic_4544745_q5,8,710963570,gp,tcf,tcf_event_consistent_score,tcf_event_consistent_score,6.6027073816214905,1,10.196398799599868,10.398941332940012,,
demo50_662c028d7106501c,662c028d7106501c,kic_4544745_q5,8,710963570,gp,tps_like,tps_like_mes,tps_like_mes,74.59450196108477,1,2.1864861260401085,1.2910889997147024,,
demo50_662c028d7106501c,662c028d7106501c,kic_4544745_q5,8,710963570,gp,tps_like,tps_like_robust_veto_score,tps_like_robust_veto_score,72.95015480935459,1,14.77410718810279,1.2910889997147024,,
demo50_662c028d7106501c,662c028d7106501c,kic_4544745_q5,8,710963570,gp,tps_like,tps_like_event_consistency_score,tps_like_event_consistency_score,62.52801439183909,1,14.77410718810279,1.2910889997147024,,
demo50_662c028d7106501c,662c028d7106501c,kic_4544745_q5,8,710963570,kalman,bls,bls_power,bls_power,0.00047865831498667034,1,5.7662554184728245,0.1279854578897357,,
demo50_662c028d7106501c,662c028d7106501c,kic_4544745_q5,8,710963570,kalman,tcf,tcf_event_consistent_score,tcf_event_consistent_score,6.684062317158181,1,9.804268089363122,10.401080541778356,,
demo50_662c028d7106501c,662c028d7106501c,kic_4544745_q5,8,710963570,kalman,tps_like,tps_like_mes,tps_like_mes,58.5764418182275,1,9.215936849010177,1.2738777501508594,,
demo50_662c028d7106501c,662c028d7106501c,kic_4544745_q5,8,710963570,kalman,tps_like,tps_like_robust_veto_score,tps_like_robust_veto_score,51.255618341025716,1,14.978451685863547,1.2738777501508594,,
demo50_662c028d7106501c,662c028d7106501c,kic_4544745_q5,8,710963570,kalman,tps_like,tps_like_event_consistency_score,tps_like_event_consistency_score,45.97414353282604,1,14.978451685863547,1.2738777501508594,,
demo50_662c028d7106501c,662c028d7106501c,kic_4544745_q5,8,710963570,raw,bls,bls_power,bls_power,0.00051736584305705,1,14.309103034344783,0.12582345819100738,,
demo50_662c028d7106501c,662c028d7106501c,kic_4544745_q5,8,710963570,raw,tcf,tcf_event_consistent_score,tcf_event_consistent_score,6.749987256673055,1,11.774258086028677,10.261008250061423,,
demo50_662c028d7106501c,662c028d7106501c,kic_4544745_q5,8,710963570,raw,tps_like,tps_like_mes,tps_like_mes,47.01271675649904,1,13.425433502881788,1.2982737082056701,,
demo50_662c028d7106501c,662c028d7106501c,kic_4544745_q5,8,710963570,raw,tps_like,tps_like_robust_veto_score,tps_like_robust_veto_score,46.362849232466,1,6.702499526552856,1.2982737082056701,,
demo50_662c028d7106501c,662c028d7106501c,kic_4544745_q5,8,710963570,raw,tps_like,tps_like_event_consistency_score,tps_like_event_consistency_score,33.57920667446605,1,6.702499526552856,1.2982737082056701,,
demo50_662c028d7106501c,662c028d7106501c,kic_4544745_q5,9,562549338,arima,bls,bls_power,bls_power,0.0005012976042284412,1,8.114371457152384,0.15093187522143126,,
demo50_662c028d7106501c,662c028d7106501c,kic_4544745_q5,9,562549338,arima,tcf,tcf_event_consistent_score,tcf_event_consistent_score,6.244853123434934,1,4.300433477825942,10.43657249957323,,
demo50_662c028d7106501c,662c028d7106501c,kic_4544745_q5,9,562549338,arima,tps_like,tps_like_mes,tps_like_mes,52.02296257870836,1,4.965571295586415,1.3319755420088768,,
demo50_662c028d7106501c,662c028d7106501c,kic_4544745_q5,9,562549338,arima,tps_like,tps_like_robust_veto_score,tps_like_robust_veto_score,52.02296257870836,1,4.965571295586415,1.3319755420088768,,
demo50_662c028d7106501c,662c028d7106501c,kic_4544745_q5,9,562549338,arima,tps_like,tps_like_event_consistency_score,tps_like_event_consistency_score,45.11820419850235,1,4.965571295586415,1.3319755420088768,,
demo50_662c028d7106501c,662c028d7106501c,kic_4544745_q5,9,562549338,gp,bls,bls_power,bls_power,0.0006043768794182178,1,14.299766588862955,0.12380091706290841,,
demo50_662c028d7106501c,662c028d7106501c,kic_4544745_q5,9,562549338,gp,tcf,tcf_event_consistent_score,tcf_event_consistent_score,6.358026890828929,1,11.694898299433145,10.321891374886036,,
demo50_662c028d7106501c,662c028d7106501c,kic_4544745_q5,9,562549338,gp,tps_like,tps_like_mes,tps_like_mes,54.450939312658036,1,11.811111970571801,1.299378416966647,,
demo50_662c028d7106501c,662c028d7106501c,kic_4544745_q5,9,562549338,gp,tps_like,tps_like_robust_veto_score,tps_like_robust_veto_score,54.450939312658036,1,11.811111970571801,1.299378416966647,,
demo50_662c028d7106501c,662c028d7106501c,kic_4544745_q5,9,562549338,gp,tps_like,tps_like_event_consistency_score,tps_like_event_consistency_score,42.40480348798735,1,11.811111970571801,1.299378416966647,,
demo50_662c028d7106501c,662c028d7106501c,kic_4544745_q5,9,562549338,kalman,bls,bls_power,bls_power,0.0005153560512105539,1,7.0313437812604205,0.12741979071870446,,
demo50_662c028d7106501c,662c028d7106501c,kic_4544745_q5,9,562549338,kalman,tcf,tcf_event_consistent_score,tcf_event_consistent_score,6.486344190487298,1,5.453484494831611,10.319791542366147,,
demo50_662c028d7106501c,662c028d7106501c,kic_4544745_q5,9,562549338,kalman,tps_like,tps_like_mes,tps_like_mes,41.827911317158936,1,8.970723451697268,1.2691563330590725,,
demo50_662c028d7106501c,662c028d7106501c,kic_4544745_q5,9,562549338,kalman,tps_like,tps_like_robust_veto_score,tps_like_robust_veto_score,38.8499408824567,1,14.549328240565956,1.2691563330590725,,
demo50_662c028d7106501c,662c028d7106501c,kic_4544745_q5,9,562549338,kalman,tps_like,tps_like_event_consistency_score,tps_like_event_consistency_score,36.39539692636191,1,14.549328240565956,1.2691563330590725,,
demo50_662c028d7106501c,662c028d7106501c,kic_4544745_q5,9,562549338,raw,bls,bls_power,bls_power,0.0005403820510866219,1,13.398799599866623,0.12669862480834126,,
demo50_662c028d7106501c,662c028d7106501c,kic_4544745_q5,9,562549338,raw,tcf,tcf_event_consistent_score,tcf_event_consistent_score,6.213742188772213,1,12.348449483161055,10.320675166789442,,
demo50_662c028d7106501c,662c028d7106501c,kic_4544745_q5,9,562549338,raw,tps_like,tps_like_mes,tps_like_mes,36.325007495686606,1,3.0447330166352913,1.263314750045538,,
demo50_662c028d7106501c,662c028d7106501c,kic_4544745_q5,9,562549338,raw,tps_like,tps_like_robust_veto_score,tps_like_robust_veto_score,36.325007495686606,1,3.0447330166352913,1.263314750045538,,
demo50_662c028d7106501c,662c028d7106501c,kic_4544745_q5,9,562549338,raw,tps_like,tps_like_event_consistency_score,tps_like_event_consistency_score,30.708896468991547,1,3.0447330166352913,1.263314750045538,,
demo50_662c028d7106501c,662c028d7106501c,kic_4544745_q5,10,2142315438,arima,bls,bls_power,bls_power,0.000997098102796166,1,9.818272757585863,0.15243995795026422,,
demo50_662c028d7106501c,662c028d7106501c,kic_4544745_q5,10,2142315438,arima,tcf,tcf_event_consistent_score,tcf_event_consistent_score,6.8730479391929995,1,11.176725575191732,10.330972792115062,,
demo50_662c028d7106501c,662c028d7106501c,kic_4544745_q5,10,2142315438,arima,tps_like,tps_like_mes,tps_like_mes,42.476688380051414,1,12.015456468332559,1.2697059577330947,,
demo50_662c028d7106501c,662c028d7106501c,kic_4544745_q5,10,2142315438,arima,tps_like,tps_like_robust_veto_score,tps_like_robust_veto_score,40.60790209365138,1,12.097194267436862,1.2697059577330947,,
demo50_662c028d7106501c,662c028d7106501c,kic_4544745_q5,10,2142315438,arima,tps_like,tps_like_event_consistency_score,tps_like_event_consistency_score,34.16010223938699,1,12.097194267436862,1.2697059577330947,,
demo50_662c028d7106501c,662c028d7106501c,kic_4544745_q5,10,2142315438,gp,bls,bls_power,bls_power,0.0005851476096054424,1,10.09836612204068,0.12429750012233853,,
demo50_662c028d7106501c,662c028d7106501c,kic_4544745_q5,10,2142315438,gp,tcf,tcf_event_consistent_score,tcf_event_consistent_score,6.973055550381132,1,12.955318439479827,10.370100459083915,,
demo50_662c028d7106501c,662c028d7106501c,kic_4544745_q5,10,2142315438,gp,tps_like,tps_like_mes,tps_like_mes,43.621724810125556,1,3.53515981126111,1.2926417496055365,,
demo50_662c028d7106501c,662c028d7106501c,kic_4544745_q5,10,2142315438,gp,tps_like,tps_like_robust_veto_score,tps_like_robust_veto_score,43.621724810125556,1,3.53515981126111,1.2926417496055365,,
demo50_662c028d7106501c,662c028d7106501c,kic_4544745_q5,10,2142315438,gp,tps_like,tps_like_event_consistency_score,tps_like_event_consistency_score,35.569619489260084,1,3.53515981126111,1.2926417496055365,,
demo50_662c028d7106501c,662c028d7106501c,kic_4544745_q5,10,2142315438,kalman,bls,bls_power,bls_power,0.0005873377870863827,1,2.778592864288096,0.1284164171665907,,
demo50_662c028d7106501c,662c028d7106501c,kic_4544745_q5,10,2142315438,kalman,tcf,tcf_event_consistent_score,tcf_event_consistent_score,7.655981771427561,1,7.792264088029343,10.464329041074961,,
demo50_662c028d7106501c,662c028d7106501c,kic_4544745_q5,10,2142315438,kalman,tps_like,tps_like_mes,tps_like_mes,42.612562245879104,1,14.998886135639623,1.2532016672194004,,
demo50_662c028d7106501c,662c028d7106501c,kic_4544745_q5,10,2142315438,kalman,tps_like,tps_like_robust_veto_score,tps_like_robust_veto_score,33.5842170058197,1,4.434275601408444,1.2532016672194004,,
demo50_662c028d7106501c,662c028d7106501c,kic_4544745_q5,10,2142315438,kalman,tps_like,tps_like_event_consistency_score,tps_like_event_consistency_score,30.259246151010803,1,4.434275601408444,1.2532016672194004,,
demo50_662c028d7106501c,662c028d7106501c,kic_4544745_q5,10,2142315438,raw,bls,bls_power,bls_power,0.0005150347696788863,1,2.6385461820606873,0.12555875023826957,,
demo50_662c028d7106501c,662c028d7106501c,kic_4544745_q5,10,2142315438,raw,tcf,tcf_event_consistent_score,tcf_event_consistent_score,7.084554471951756,1,11.321440480160055,10.199831584002823,,
demo50_662c028d7106501c,662c028d7106501c,kic_4544745_q5,10,2142315438,raw,tps_like,tps_like_mes,tps_like_mes,47.58315088748119,1,9.461150246323086,1.2773541249334812,,
demo50_662c028d7106501c,662c028d7106501c,kic_4544745_q5,10,2142315438,raw,tps_like,tps_like_robust_veto_score,tps_like_robust_veto_score,47.58315088748119,1,9.461150246323086,1.2773541249334812,,
demo50_662c028d7106501c,662c028d7106501c,kic_4544745_q5,10,2142315438,raw,tps_like,tps_like_event_consistency_score,tps_like_event_consistency_score,38.067061751119084,1,9.461150246323086,1.2773541249334812,,
demo50_662c028d7106501c,662c028d7106501c,kic_4544745_q5,11,1802198414,arima,bls,bls_power,bls_power,0.0007009443427355218,1,12.759253084361454,0.14907612465322018,,
demo50_662c028d7106501c,662c028d7106501c,kic_4544745_q5,11,1802198414,arima,tcf,tcf_event_consistent_score,tcf_event_consistent_score,6.873484246491678,1,11.890963654551518,10.578494624700397,,
demo50_662c028d7106501c,662c028d7106501c,kic_4544745_q5,11,1802198414,arima,tps_like,tps_like_mes,tps_like_mes,39.95077406065066,1,3.719069859245792,1.2946174582466483,,
demo50_662c028d7106501c,662c028d7106501c,kic_4544745_q5,11,1802198414,arima,tps_like,tps_like_robust_veto_score,tps_like_robust_veto_score,37.15677338863364,1,7.315533019835129,1.2946174582466483,,
demo50_662c028d7106501c,662c028d7106501c,kic_4544745_q5,11,1802198414,arima,tps_like,tps_like_event_consistency_score,tps_like_event_consistency_score,30.881968743567374,1,7.315533019835129,1.2946174582466483,,
demo50_662c028d7106501c,662c028d7106501c,kic_4544745_q5,11,1802198414,gp,bls,bls_power,bls_power,0.0005973755209296693,1,4.202400800266756,0.12495349999517202,,
demo50_662c028d7106501c,662c028d7106501c,kic_4544745_q5,11,1802198414,gp,tcf,tcf_event_consistent_score,tcf_event_consistent_score,6.163551343957765,1,13.221407135711905,10.38062091730535,,
demo50_662c028d7106501c,662c028d7106501c,kic_4544745_q5,11,1802198414,gp,tps_like,tps_like_mes,tps_like_mes,108.95831916848643,1,9.747232543188147,1.283645875286311,,
demo50_662c028d7106501c,662c028d7106501c,kic_4544745_q5,11,1802198414,gp,tps_like,tps_like_robust_veto_score,tps_like_robust_veto_score,108.95831916848643,1,9.747232543188147,1.283645875286311,,
demo50_662c028d7106501c,662c028d7106501c,kic_4544745_q5,11,1802198414,gp,tps_like,tps_like_event_consistency_score,tps_like_event_consistency_score,94.39007104131122,1,9.747232543188147,1.283645875286311,,
demo50_662c028d7106501c,662c028d7106501c,kic_4544745_q5,11,1802198414,kalman,bls,bls_power,bls_power,0.0005488900755568316,1,3.3807935978659556,0.12882487522438169,,
demo50_662c028d7106501c,662c028d7106501c,kic_4544745_q5,11,1802198414,kalman,tcf,tcf_event_consistent_score,tcf_event_consistent_score,6.5771350277947,1,6.489829943314438,10.370878666173667,,
demo50_662c028d7106501c,662c028d7106501c,kic_4544745_q5,11,1802198414,kalman,tps_like,tps_like_mes,tps_like_mes,43.58172235696685,1,9.583756944979541,1.2985886670649052,,
demo50_662c028d7106501c,662c028d7106501c,kic_4544745_q5,11,1802198414,kalman,tps_like,tps_like_robust_veto_score,tps_like_robust_veto_score,41.95362084203153,1,6.212072731927037,1.2985886670649052,,
demo50_662c028d7106501c,662c028d7106501c,kic_4544745_q5,11,1802198414,kalman,tps_like,tps_like_event_consistency_score,tps_like_event_consistency_score,36.708487979521465,1,6.212072731927037,1.2985886670649052,,
demo50_662c028d7106501c,662c028d7106501c,kic_4544745_q5,11,1802198414,raw,bls,bls_power,bls_power,0.0006015100433900661,1,12.255085028342782,0.12651470862329006,,
demo50_662c028d7106501c,662c028d7106501c,kic_4544745_q5,11,1802198414,raw,tcf,tcf_event_consistent_score,tcf_event_consistent_score,6.1975234129598045,1,11.494164721573858,10.579291250091046,,
demo50_662c028d7106501c,662c028d7106501c,kic_4544745_q5,11,1802198414,raw,tps_like,tps_like_mes,tps_like_mes,74.62740604365213,1,14.222377044148743,1.2669709576293826,,
demo50_662c028d7106501c,662c028d7106501c,kic_4544745_q5,11,1802198414,raw,tps_like,tps_like_robust_veto_score,tps_like_robust_veto_score,74.62740604365213,1,14.222377044148743,1.2669709576293826,,
demo50_662c028d7106501c,662c028d7106501c,kic_4544745_q5,11,1802198414,raw,tps_like,tps_like_event_consistency_score,tps_like_event_consistency_score,53.157415465059415,1,14.222377044148743,1.2669709576293826,,
demo50_662c028d7106501c,662c028d7106501c,kic_4544745_q5,12,1176322001,arima,bls,bls_power,bls_power,0.0007058942825992649,1,14.108369456485496,0.15028691664338112,,
demo50_662c028d7106501c,662c028d7106501c,kic_4544745_q5,12,1176322001,arima,tcf,tcf_event_consistent_score,tcf_event_consistent_score,6.053214989601657,1,1.9523174391463822,10.510082291904837,,
demo50_662c028d7106501c,662c028d7106501c,kic_4544745_q5,12,1176322001,arima,tps_like,tps_like_mes,tps_like_mes,58.67976944127528,1,14.77410718810279,1.2970623751170933,,
demo50_662c028d7106501c,662c028d7106501c,kic_4544745_q5,12,1176322001,arima,tps_like,tps_like_robust_veto_score,tps_like_robust_veto_score,49.408680727838956,1,8.500731106847525,1.2970623751170933,,
demo50_662c028d7106501c,662c028d7106501c,kic_4544745_q5,12,1176322001,arima,tps_like,tps_like_event_consistency_score,tps_like_event_consistency_score,41.8310372057608,1,8.500731106847525,1.2970623751170933,,
demo50_662c028d7106501c,662c028d7106501c,kic_4544745_q5,12,1176322001,gp,bls,bls_power,bls_power,0.00055087021574538,1,14.635878626208738,0.12688949983567,,
demo50_662c028d7106501c,662c028d7106501c,kic_4544745_q5,12,1176322001,gp,tcf,tcf_event_consistent_score,tcf_event_consistent_score,7.074239066502591,1,5.859619873291098,10.386156458873302,,
demo50_662c028d7106501c,662c028d7106501c,kic_4544745_q5,12,1176322001,gp,tps_like,tps_like_mes,tps_like_mes,92.41529818503669,1,11.954153119004332,1.29243875015527,,
demo50_662c028d7106501c,662c028d7106501c,kic_4544745_q5,12,1176322001,gp,tps_like,tps_like_robust_veto_score,tps_like_robust_veto_score,92.41529818503669,1,11.954153119004332,1.29243875015527,,
demo50_662c028d7106501c,662c028d7106501c,kic_4544745_q5,12,1176322001,gp,tps_like,tps_like_event_consistency_score,tps_like_event_consistency_score,77.79451652967653,1,11.954153119004332,1.29243875015527,,
demo50_662c028d7106501c,662c028d7106501c,kic_4544745_q5,12,1176322001,kalman,bls,bls_power,bls_power,0.0005126040104623229,1,2.1297099033011007,0.12721075024455786,,
demo50_662c028d7106501c,662c028d7106501c,kic_4544745_q5,12,1176322001,kalman,tcf,tcf_event_consistent_score,tcf_event_consistent_score,6.483697982742639,1,9.318772924308103,10.311324999667704,,
demo50_662c028d7106501c,662c028d7106501c,kic_4544745_q5,12,1176322001,kalman,tps_like,tps_like_mes,tps_like_mes,40.88081257340815,1,12.935006708255969,1.2468092502094805,,
demo50_662c028d7106501c,662c028d7106501c,kic_4544745_q5,12,1176322001,kalman,tps_like,tps_like_robust_veto_score,tps_like_robust_veto_score,40.88081257340815,1,12.935006708255969,1.2468092502094805,,
demo50_662c028d7106501c,662c028d7106501c,kic_4544745_q5,12,1176322001,kalman,tps_like,tps_like_event_consistency_score,tps_like_event_consistency_score,32.812675014338275,1,12.935006708255969,1.2468092502094805,,
demo50_662c028d7106501c,662c028d7106501c,kic_4544745_q5,12,1176322001,raw,bls,bls_power,bls_power,0.0006256758782359641,1,12.502500833611204,0.12669224990531802,,
demo50_662c028d7106501c,662c028d7106501c,kic_4544745_q5,12,1176322001,raw,tcf,tcf_event_consistent_score,tcf_event_consistent_score,6.763236834732169,1,8.011670556852284,10.345943958032876,,
demo50_662c028d7106501c,662c028d7106501c,kic_4544745_q5,12,1176322001,raw,tps_like,tps_like_mes,tps_like_mes,51.81538495769796,1,10.768955031991936,1.2518217079341412,,
demo50_662c028d7106501c,662c028d7106501c,kic_4544745_q5,12,1176322001,raw,tps_like,tps_like_robust_veto_score,tps_like_robust_veto_score,43.520376715088645,1,10.012880390277132,1.2518217079341412,,
demo50_662c028d7106501c,662c028d7106501c,kic_4544745_q5,12,1176322001,raw,tps_like,tps_like_event_consistency_score,tps_like_event_consistency_score,40.36929959098502,1,10.012880390277132,1.2518217079341412,,
demo50_662c028d7106501c,662c028d7106501c,kic_4544745_q5,13,977731265,arima,bls,bls_power,bls_power,0.00045011666976705787,1,13.086028676225409,0.1526921670883894,,
demo50_662c028d7106501c,662c028d7106501c,kic_4544745_q5,13,977731265,arima,tcf,tcf_event_consistent_score,tcf_event_consistent_score,6.315990906090901,1,10.3784594864955,10.41056029126048,,
demo50_662c028d7106501c,662c028d7106501c,kic_4544745_q5,13,977731265,arima,tps_like,tps_like_mes,tps_like_mes,77.37659053107048,1,5.435563640436158,1.2754812920466065,,
demo50_662c028d7106501c,662c028d7106501c,kic_4544745_q5,13,977731265,arima,tps_like,tps_like_robust_veto_score,tps_like_robust_veto_score,70.57737711071519,1,5.108612444018945,1.2754812920466065,,
demo50_662c028d7106501c,662c028d7106501c,kic_4544745_q5,13,977731265,arima,tps_like,tps_like_event_consistency_score,tps_like_event_consistency_score,57.88758912016345,1,5.108612444018945,1.2754812920466065,,
demo50_662c028d7106501c,662c028d7106501c,kic_4544745_q5,13,977731265,gp,bls,bls_power,bls_power,0.0005509298101795517,1,13.51083694564855,0.14251541625708342,,
demo50_662c028d7106501c,662c028d7106501c,kic_4544745_q5,13,977731265,gp,tcf,tcf_event_consistent_score,tcf_event_consistent_score,6.574000704936001,1,13.977659219739914,10.572937374934554,,
demo50_662c028d7106501c,662c028d7106501c,kic_4544745_q5,13,977731265,gp,tps_like,tps_like_mes,tps_like_mes,46.80340032407257,1,13.486736852210015,1.2750872080214322,,
demo50_662c028d7106501c,662c028d7106501c,kic_4544745_q5,13,977731265,gp,tps_like,tps_like_robust_veto_score,tps_like_robust_veto_score,46.80340032407257,1,13.486736852210015,1.2750872080214322,,
demo50_662c028d7106501c,662c028d7106501c,kic_4544745_q5,13,977731265,gp,tps_like,tps_like_event_consistency_score,tps_like_event_consistency_score,40.9343460864743,1,13.486736852210015,1.2750872080214322,,
demo50_662c028d7106501c,662c028d7106501c,kic_4544745_q5,13,977731265,kalman,bls,bls_power,bls_power,0.0004914999047986622,1,6.060353451150384,0.12562474980950356,,
demo50_662c028d7106501c,662c028d7106501c,kic_4544745_q5,13,977731265,kalman,tcf,tcf_event_consistent_score,tcf_event_consistent_score,6.863889513747847,1,14.495831943981328,10.432013208046556,,
demo50_662c028d7106501c,662c028d7106501c,kic_4544745_q5,13,977731265,kalman,tps_like,tps_like_mes,tps_like_mes,57.65579916163311,1,10.482872735126875,1.321992749813944,,
demo50_662c028d7106501c,662c028d7106501c,kic_4544745_q5,13,977731265,kalman,tps_like,tps_like_robust_veto_score,tps_like_robust_veto_score,53.837917886715566,1,9.992445940501057,1.321992749813944,,
demo50_662c028d7106501c,662c028d7106501c,kic_4544745_q5,13,977731265,kalman,tps_like,tps_like_event_consistency_score,tps_like_event_consistency_score,50.442040099639286,1,9.992445940501057,1.321992749813944,,
demo50_662c028d7106501c,662c028d7106501c,kic_4544745_q5,13,977731265,raw,bls,bls_power,bls_power,0.0005060303200838814,1,11.825608536178727,0.12497833278030157,,
demo50_662c028d7106501c,662c028d7106501c,kic_4544745_q5,13,977731265,raw,tcf,tcf_event_consistent_score,tcf_event_consistent_score,7.144247199609833,1,13.2540846948983,10.352276749908924,,
demo50_662c028d7106501c,662c028d7106501c,kic_4544745_q5,13,977731265,raw,tps_like,tps_like_mes,tps_like_mes,47.07248605074267,1,12.730662210495211,1.257715166080743,,
demo50_662c028d7106501c,662c028d7106501c,kic_4544745_q5,13,977731265,raw,tps_like,tps_like_robust_veto_score,tps_like_robust_veto_score,43.411015766833856,1,6.661630627000704,1.257715166080743,,
demo50_662c028d7106501c,662c028d7106501c,kic_4544745_q5,13,977731265,raw,tps_like,tps_like_event_consistency_score,tps_like_event_consistency_score,38.58072774777193,1,6.661630627000704,1.257715166080743,,
demo50_662c028d7106501c,662c028d7106501c,kic_4544745_q5,14,538460009,arima,bls,bls_power,bls_power,0.0007226800284264507,1,12.46982327442481,0.15043683303520083,,
demo50_662c028d7106501c,662c028d7106501c,kic_4544745_q5,14,538460009,arima,tcf,tcf_event_consistent_score,tcf_event_consistent_score,6.353068208851635,1,9.356118706235412,10.588462084066123,,
demo50_662c028d7106501c,662c028d7106501c,kic_4544745_q5,14,538460009,arima,tps_like,tps_like_mes,tps_like_mes,53.751077565098115,1,3.5760287108132616,1.2805779580958188,,
demo50_662c028d7106501c,662c028d7106501c,kic_4544745_q5,14,538460009,arima,tps_like,tps_like_robust_veto_score,tps_like_robust_veto_score,50.28222957724852,1,10.687217232887633,1.2805779580958188,,
demo50_662c028d7106501c,662c028d7106501c,kic_4544745_q5,14,538460009,arima,tps_like,tps_like_event_consistency_score,tps_like_event_consistency_score,42.71825171867506,1,10.687217232887633,1.2805779580958188,,
demo50_662c028d7106501c,662c028d7106501c,kic_4544745_q5,14,538460009,gp,bls,bls_power,bls_power,0.0006367169152252835,1,1.130710236745582,0.12205174984410405,,
demo50_662c028d7106501c,662c028d7106501c,kic_4544745_q5,14,538460009,gp,tcf,tcf_event_consistent_score,tcf_event_consistent_score,6.211732806724362,1,6.466488829609871,10.288344958331436,,
demo50_662c028d7106501c,662c028d7106501c,kic_4544745_q5,14,538460009,gp,tps_like,tps_like_mes,tps_like_mes,116.11604916896812,1,14.28368039347697,1.2785874581895769,,
demo50_662c028d7106501c,662c028d7106501c,kic_4544745_q5,14,538460009,gp,tps_like,tps_like_robust_veto_score,tps_like_robust_veto_score,116.11604916896812,1,14.28368039347697,1.2785874581895769,,
demo50_662c028d7106501c,662c028d7106501c,kic_4544745_q5,14,538460009,gp,tps_like,tps_like_event_consistency_score,tps_like_event_consistency_score,85.11105529477051,1,14.28368039347697,1.2785874581895769,,
demo50_662c028d7106501c,662c028d7106501c,kic_4544745_q5,14,538460009,kalman,bls,bls_power,bls_power,0.0004839857498117905,1,5.206068689563188,0.12701166700571775,,
demo50_662c028d7106501c,662c028d7106501c,kic_4544745_q5,14,538460009,kalman,tcf,tcf_event_consistent_score,tcf_event_consistent_score,7.256396827473386,1,9.710903634544849,10.306119124870747,,
demo50_662c028d7106501c,662c028d7106501c,kic_4544745_q5,14,538460009,kalman,tps_like,tps_like_mes,tps_like_mes,47.074462355423734,1,6.600327277672477,1.2710669580847025,,
demo50_662c028d7106501c,662c028d7106501c,kic_4544745_q5,14,538460009,kalman,tps_like,tps_like_robust_veto_score,tps_like_robust_veto_score,47.074462355423734,1,6.600327277672477,1.2710669580847025,,
demo50_662c028d7106501c,662c028d7106501c,kic_4544745_q5,14,538460009,kalman,tps_like,tps_like_event_consistency_score,tps_like_event_consistency_score,36.98725810986365,1,6.600327277672477,1.2710669580847025,,
demo50_662c028d7106501c,662c028d7106501c,kic_4544745_q5,14,538460009,raw,bls,bls_power,bls_power,0.0005571451396305327,1,3.34811603867956,0.12581195775419474,,
demo50_662c028d7106501c,662c028d7106501c,kic_4544745_q5,14,538460009,raw,tcf,tcf_event_consistent_score,tcf_event_consistent_score,6.653589252012083,1,6.335778592864289,10.277136917226017,,
demo50_662c028d7106501c,662c028d7106501c,kic_4544745_q5,14,538460009,raw,tps_like,tps_like_mes,tps_like_mes,56.66415961268507,1,6.048597133718431,1.2564427079632878,,
demo50_662c028d7106501c,662c028d7106501c,kic_4544745_q5,14,538460009,raw,tps_like,tps_like_robust_veto_score,tps_like_robust_veto_score,52.564809873166375,1,14.38585264235735,1.2564427079632878,,
demo50_662c028d7106501c,662c028d7106501c,kic_4544745_q5,14,538460009,raw,tps_like,tps_like_event_consistency_score,tps_like_event_consistency_score,50.22239360286021,1,14.38585264235735,1.2564427079632878,,
demo50_662c028d7106501c,662c028d7106501c,kic_4544745_q5,15,318862899,arima,bls,bls_power,bls_power,0.0008644072494113071,1,13.370790263421142,0.1518151662312448,,
demo50_662c028d7106501c,662c028d7106501c,kic_4544745_q5,15,318862899,arima,tcf,tcf_event_consistent_score,tcf_event_consistent_score,6.458804526523859,1,7.53084361453818,10.284919290803373,,
demo50_662c028d7106501c,662c028d7106501c,kic_4544745_q5,15,318862899,arima,tps_like,tps_like_mes,tps_like_mes,80.31370437155962,1,12.83283445937559,1.2803847091272473,,
demo50_662c028d7106501c,662c028d7106501c,kic_4544745_q5,15,318862899,arima,tps_like,tps_like_robust_veto_score,tps_like_robust_veto_score,77.73742384794089,1,13.139351206016727,1.2803847091272473,,
demo50_662c028d7106501c,662c028d7106501c,kic_4544745_q5,15,318862899,arima,tps_like,tps_like_event_consistency_score,tps_like_event_consistency_score,66.7188071714886,1,13.139351206016727,1.2803847091272473,,
demo50_662c028d7106501c,662c028d7106501c,kic_4544745_q5,15,318862899,gp,bls,bls_power,bls_power,0.0005422081383218248,1,8.053684561520507,0.1259697498753667,,
demo50_662c028d7106501c,662c028d7106501c,kic_4544745_q5,15,318862899,gp,tcf,tcf_event_consistent_score,tcf_event_consistent_score,7.896835318199985,1,9.780926975658554,10.322920250240713,,
demo50_662c028d7106501c,662c028d7106501c,kic_4544745_q5,15,318862899,gp,tps_like,tps_like_mes,tps_like_mes,40.044202590645526,1,8.030738761997782,1.2880791248753667,,
demo50_662c028d7106501c,662c028d7106501c,kic_4544745_q5,15,318862899,gp,tps_like,tps_like_robust_veto_score,tps_like_robust_veto_score,37.553329551923746,1,11.300250726169907,1.2880791248753667,,
demo50_662c028d7106501c,662c028d7106501c,kic_4544745_q5,15,318862899,gp,tps_like,tps_like_event_consistency_score,tps_like_event_consistency_score,31.214646005526852,1,11.300250726169907,1.2880791248753667,,
demo50_662c028d7106501c,662c028d7106501c,kic_4544745_q5,15,318862899,kalman,bls,bls_power,bls_power,0.0004554593785921675,1,4.141713904634878,0.13110908307135105,,
demo50_662c028d7106501c,662c028d7106501c,kic_4544745_q5,15,318862899,kalman,tcf,tcf_event_consistent_score,tcf_event_consistent_score,6.169641635699689,1,2.797265755251751,10.441885333973914,,
demo50_662c028d7106501c,662c028d7106501c,kic_4544745_q5,15,318862899,kalman,tps_like,tps_like_mes,tps_like_mes,49.297197013041014,1,10.135487088933587,1.4661175422370434,,
demo50_662c028d7106501c,662c028d7106501c,kic_4544745_q5,15,318862899,kalman,tps_like,tps_like_robust_veto_score,tps_like_robust_veto_score,49.297197013041014,1,10.135487088933587,1.4661175422370434,,
demo50_662c028d7106501c,662c028d7106501c,kic_4544745_q5,15,318862899,kalman,tps_like,tps_like_event_consistency_score,tps_like_event_consistency_score,36.63478497270474,1,10.135487088933587,1.4661175422370434,,
demo50_662c028d7106501c,662c028d7106501c,kic_4544745_q5,15,318862899,raw,bls,bls_power,bls_power,0.0005807000792294464,1,7.843614538179394,0.1266960841603577,,
demo50_662c028d7106501c,662c028d7106501c,kic_4544745_q5,15,318862899,raw,tcf,tcf_event_consistent_score,tcf_event_consistent_score,6.471753260651006,1,3.9689896632210737,10.34042716724798,,
demo50_662c028d7106501c,662c028d7106501c,kic_4544745_q5,15,318862899,raw,tps_like,tps_like_mes,tps_like_mes,41.752713065438485,1,9.93114259117283,1.2655275003053248,,
demo50_662c028d7106501c,662c028d7106501c,kic_4544745_q5,15,318862899,raw,tps_like,tps_like_robust_veto_score,tps_like_robust_veto_score,41.752713065438485,1,9.93114259117283,1.2655275003053248,,
demo50_662c028d7106501c,662c028d7106501c,kic_4544745_q5,15,318862899,raw,tps_like,tps_like_event_consistency_score,tps_like_event_consistency_score,34.43862413901737,1,9.93114259117283,1.2655275003053248,,
demo50_662c028d7106501c,662c028d7106501c,kic_4544745_q5,16,1738942093,arima,bls,bls_power,bls_power,0.00045957031374057136,1,14.668556185395133,0.1530678328126669,,
demo50_662c028d7106501c,662c028d7106501c,kic_4544745_q5,16,1738942093,arima,tcf,tcf_event_consistent_score,tcf_event_consistent_score,6.03405395293794,1,7.4141380460153385,10.406677166000009,,
demo50_662c028d7106501c,662c028d7106501c,kic_4544745_q5,16,1738942093,arima,tps_like,tps_like_mes,tps_like_mes,85.17774090014635,1,12.362842114525847,1.299672625027597,,
demo50_662c028d7106501c,662c028d7106501c,kic_4544745_q5,16,1738942093,arima,tps_like,tps_like_robust_veto_score,tps_like_robust_veto_score,75.32671740689618,1,14.38585264235735,1.299672625027597,,
demo50_662c028d7106501c,662c028d7106501c,kic_4544745_q5,16,1738942093,arima,tps_like,tps_like_event_consistency_score,tps_like_event_consistency_score,66.3244060738211,1,14.38585264235735,1.299672625027597,,
demo50_662c028d7106501c,662c028d7106501c,kic_4544745_q5,16,1738942093,gp,bls,bls_power,bls_power,0.000573864918084455,1,8.226408802934312,0.12379350000992417,,
demo50_662c028d7106501c,662c028d7106501c,kic_4544745_q5,16,1738942093,gp,tcf,tcf_event_consistent_score,tcf_event_consistent_score,6.6051478635306315,1,4.851283761253752,10.343606499955058,,
demo50_662c028d7106501c,662c028d7106501c,kic_4544745_q5,16,1738942093,gp,tps_like,tps_like_mes,tps_like_mes,51.95590454315004,1,12.935006708255969,1.2870258330367506,,
demo50_662c028d7106501c,662c028d7106501c,kic_4544745_q5,16,1738942093,gp,tps_like,tps_like_robust_veto_score,tps_like_robust_veto_score,45.61118213765402,1,7.499443067819811,1.2870258330367506,,
demo50_662c028d7106501c,662c028d7106501c,kic_4544745_q5,16,1738942093,gp,tps_like,tps_like_event_consistency_score,tps_like_event_consistency_score,38.34201508527948,1,7.499443067819811,1.2870258330367506,,
demo50_662c028d7106501c,662c028d7106501c,kic_4544745_q5,16,1738942093,kalman,bls,bls_power,bls_power,0.0004793797295749723,1,5.33677892630877,0.12849533325061202,,
demo50_662c028d7106501c,662c028d7106501c,kic_4544745_q5,16,1738942093,kalman,tcf,tcf_event_consistent_score,tcf_event_consistent_score,7.018163088356848,1,5.168722907635879,10.168655208311975,,
demo50_662c028d7106501c,662c028d7106501c,kic_4544745_q5,16,1738942093,kalman,tps_like,tps_like_mes,tps_like_mes,32.63901038621462,1,4.659054548945278,1.2767867920920253,,
demo50_662c028d7106501c,662c028d7106501c,kic_4544745_q5,16,1738942093,kalman,tps_like,tps_like_robust_veto_score,tps_like_robust_veto_score,28.754142013668645,1,5.599039238644764,1.2767867920920253,,
demo50_662c028d7106501c,662c028d7106501c,kic_4544745_q5,16,1738942093,kalman,tps_like,tps_like_event_consistency_score,tps_like_event_consistency_score,26.244060252417796,1,5.599039238644764,1.2767867920920253,,
demo50_662c028d7106501c,662c028d7106501c,kic_4544745_q5,16,1738942093,raw,bls,bls_power,bls_power,0.0005236526385143362,1,8.38979659886629,0.12877983367070556,,
demo50_662c028d7106501c,662c028d7106501c,kic_4544745_q5,16,1738942093,raw,tcf,tcf_event_consistent_score,tcf_event_consistent_score,6.589338254646974,1,13.576192064021342,11.00146858394146,,
demo50_662c028d7106501c,662c028d7106501c,kic_4544745_q5,16,1738942093,raw,tps_like,tps_like_mes,tps_like_mes,56.52145758783078,1,10.523741634679027,1.2842074171639979,,
demo50_662c028d7106501c,662c028d7106501c,kic_4544745_q5,16,1738942093,raw,tps_like,tps_like_robust_veto_score,tps_like_robust_veto_score,56.52145758783078,1,10.523741634679027,1.2842074171639979,,
demo50_662c028d7106501c,662c028d7106501c,kic_4544745_q5,16,1738942093,raw,tps_like,tps_like_event_consistency_score,tps_like_event_consistency_score,40.491630002283884,1,10.523741634679027,1.2842074171639979,,
demo50_662c028d7106501c,662c028d7106501c,kic_4544745_q5,17,623546450,arima,bls,bls_power,bls_power,0.0007988952958463633,1,11.564188062687563,0.1494328328408301,,
demo50_662c028d7106501c,662c028d7106501c,kic_4544745_q5,17,623546450,arima,tcf,tcf_event_consistent_score,tcf_event_consistent_score,6.459557627395526,1,5.635545181727243,10.498733875341713,,
demo50_662c028d7106501c,662c028d7106501c,kic_4544745_q5,17,623546450,arima,tps_like,tps_like_mes,tps_like_mes,50.07318930655786,1,12.05632536788471,1.331376708112657,,
demo50_662c028d7106501c,662c028d7106501c,kic_4544745_q5,17,623546450,arima,tps_like,tps_like_robust_veto_score,tps_like_robust_veto_score,49.557576474984195,1,8.051173211773857,1.331376708112657,,
demo50_662c028d7106501c,662c028d7106501c,kic_4544745_q5,17,623546450,arima,tps_like,tps_like_event_consistency_score,tps_like_event_consistency_score,40.77165422066685,1,8.051173211773857,1.331376708112657,,
demo50_662c028d7106501c,662c028d7106501c,kic_4544745_q5,17,623546450,gp,bls,bls_power,bls_power,0.0006290552199084364,1,4.468489496498833,0.12656770832836628,,
demo50_662c028d7106501c,662c028d7106501c,kic_4544745_q5,17,623546450,gp,tcf,tcf_event_consistent_score,tcf_event_consistent_score,6.6859740591453924,1,13.725575191730577,10.394514750223607,,
demo50_662c028d7106501c,662c028d7106501c,kic_4544745_q5,17,623546450,gp,tps_like,tps_like_mes,tps_like_mes,42.84565580262238,1,5.190350243123248,1.372116249985993,,
demo50_662c028d7106501c,662c028d7106501c,kic_4544745_q5,17,623546450,gp,tps_like,tps_like_robust_veto_score,tps_like_robust_veto_score,42.84565580262238,1,5.190350243123248,1.372116249985993,,
demo50_662c028d7106501c,662c028d7106501c,kic_4544745_q5,17,623546450,gp,tps_like,tps_like_event_consistency_score,tps_like_event_consistency_score,36.57061072190822,1,5.190350243123248,1.372116249985993,,
demo50_662c028d7106501c,662c028d7106501c,kic_4544745_q5,17,623546450,kalman,bls,bls_power,bls_power,0.0004743634324287353,1,2.9839946648882965,0.13269791705533862,,
demo50_662c028d7106501c,662c028d7106501c,kic_4544745_q5,17,623546450,kalman,tcf,tcf_event_consistent_score,tcf_event_consistent_score,6.77253393544987,1,10.359786595531844,10.543815708253533,,
demo50_662c028d7106501c,662c028d7106501c,kic_4544745_q5,17,623546450,kalman,tps_like,tps_like_mes,tps_like_mes,35.71765017372795,1,6.5594583781203255,1.3490959168411791,,
demo50_662c028d7106501c,662c028d7106501c,kic_4544745_q5,17,623546450,kalman,tps_like,tps_like_robust_veto_score,tps_like_robust_veto_score,32.86825133255378,1,14.120204795268364,1.3490959168411791,,
demo50_662c028d7106501c,662c028d7106501c,kic_4544745_q5,17,623546450,kalman,tps_like,tps_like_event_consistency_score,tps_like_event_consistency_score,28.03449546384642,1,14.120204795268364,1.3490959168411791,,
demo50_662c028d7106501c,662c028d7106501c,kic_4544745_q5,17,623546450,raw,bls,bls_power,bls_power,0.000490512953187826,1,7.526175391797266,0.12841529212892056,,
demo50_662c028d7106501c,662c028d7106501c,kic_4544745_q5,17,623546450,raw,tcf,tcf_event_consistent_score,tcf_event_consistent_score,6.27901513246117,1,12.7405801933978,10.285707249771804,,
demo50_662c028d7106501c,662c028d7106501c,kic_4544745_q5,17,623546450,raw,tps_like,tps_like_mes,tps_like_mes,51.71727680663427,1,12.015456468332559,1.280965665820986,,
demo50_662c028d7106501c,662c028d7106501c,kic_4544745_q5,17,623546450,raw,tps_like,tps_like_robust_veto_score,tps_like_robust_veto_score,45.94079632474896,1,9.338543547666632,1.280965665820986,,
demo50_662c028d7106501c,662c028d7106501c,kic_4544745_q5,17,623546450,raw,tps_like,tps_like_event_consistency_score,tps_like_event_consistency_score,37.260583294773326,1,9.338543547666632,1.280965665820986,,
demo50_662c028d7106501c,662c028d7106501c,kic_4544745_q5,18,1612650732,arima,bls,bls_power,bls_power,0.0007501231980484748,1,14.836612204068024,0.156657500192523,,
demo50_662c028d7106501c,662c028d7106501c,kic_4544745_q5,18,1612650732,arima,tcf,tcf_event_consistent_score,tcf_event_consistent_score,6.502167790875889,1,6.657885961987329,10.376327665988356,,
demo50_662c028d7106501c,662c028d7106501c,kic_4544745_q5,18,1612650732,arima,tps_like,tps_like_mes,tps_like_mes,45.82808797904646,1,11.320685175945982,1.5018963329494,,
demo50_662c028d7106501c,662c028d7106501c,kic_4544745_q5,18,1612650732,arima,tps_like,tps_like_robust_veto_score,tps_like_robust_veto_score,44.520061433239555,1,12.465014363406226,1.5018963329494,,
demo50_662c028d7106501c,662c028d7106501c,kic_4544745_q5,18,1612650732,arima,tps_like,tps_like_event_consistency_score,tps_like_event_consistency_score,37.62084835624843,1,12.465014363406226,1.5018963329494,,
demo50_662c028d7106501c,662c028d7106501c,kic_4544745_q5,18,1612650732,gp,bls,bls_power,bls_power,0.0005572146787286294,1,6.564521507169057,0.12900287471711636,,
demo50_662c028d7106501c,662c028d7106501c,kic_4544745_q5,18,1612650732,gp,tcf,tcf_event_consistent_score,tcf_event_consistent_score,6.161078486118548,1,9.608202734244749,10.50336458394304,,
demo50_662c028d7106501c,662c028d7106501c,kic_4544745_q5,18,1612650732,gp,tps_like,tps_like_mes,tps_like_mes,122.34806535579214,1,10.298962687142193,1.2907226248644292,,
demo50_662c028d7106501c,662c028d7106501c,kic_4544745_q5,18,1612650732,gp,tps_like,tps_like_robust_veto_score,tps_like_robust_veto_score,122.30663110057226,1,13.60934355086647,1.2907226248644292,,
demo50_662c028d7106501c,662c028d7106501c,kic_4544745_q5,18,1612650732,gp,tps_like,tps_like_event_consistency_score,tps_like_event_consistency_score,99.30636575218129,1,13.60934355086647,1.2907226248644292,,
demo50_662c028d7106501c,662c028d7106501c,kic_4544745_q5,18,1612650732,kalman,bls,bls_power,bls_power,0.0005216650594047475,1,12.44648216072024,0.12785708298906684,,
demo50_662c028d7106501c,662c028d7106501c,kic_4544745_q5,18,1612650732,kalman,tcf,tcf_event_consistent_score,tcf_event_consistent_score,6.9018836106982695,1,12.264421473824608,10.384763208217919,,
demo50_662c028d7106501c,662c028d7106501c,kic_4544745_q5,18,1612650732,kalman,tps_like,tps_like_mes,tps_like_mes,50.747658040650435,1,14.978451685863547,1.283714915625751,,
demo50_662c028d7106501c,662c028d7106501c,kic_4544745_q5,18,1612650732,kalman,tps_like,tps_like_robust_veto_score,tps_like_robust_veto_score,50.57335949009322,1,12.465014363406226,1.283714915625751,,
demo50_662c028d7106501c,662c028d7106501c,kic_4544745_q5,18,1612650732,kalman,tps_like,tps_like_event_consistency_score,tps_like_event_consistency_score,43.49949082727837,1,12.465014363406226,1.283714915625751,,
demo50_662c028d7106501c,662c028d7106501c,kic_4544745_q5,18,1612650732,raw,bls,bls_power,bls_power,0.0005500875465197763,1,9.850950316772257,0.12666812492534518,,
demo50_662c028d7106501c,662c028d7106501c,kic_4544745_q5,18,1612650732,raw,tcf,tcf_event_consistent_score,tcf_event_consistent_score,7.21242758416725,1,5.448816272090697,10.314635749906301,,
demo50_662c028d7106501c,662c028d7106501c,kic_4544745_q5,18,1612650732,raw,tps_like,tps_like_mes,tps_like_mes,50.498492973341136,1,8.255517709534615,1.2646535001695156,,
demo50_662c028d7106501c,662c028d7106501c,kic_4544745_q5,18,1612650732,raw,tps_like,tps_like_robust_veto_score,tps_like_robust_veto_score,50.498492973341136,1,8.255517709534615,1.2646535001695156,,
demo50_662c028d7106501c,662c028d7106501c,kic_4544745_q5,18,1612650732,raw,tps_like,tps_like_event_consistency_score,tps_like_event_consistency_score,42.26944855073138,1,8.255517709534615,1.2646535001695156,,
demo50_662c028d7106501c,662c028d7106501c,kic_4544745_q5,19,1081843658,arima,bls,bls_power,bls_power,0.0006810577808260132,1,14.901967322440814,0.15405629202723503,,
demo50_662c028d7106501c,662c028d7106501c,kic_4544745_q5,19,1081843658,arima,tcf,tcf_event_consistent_score,tcf_event_consistent_score,6.044760017281603,1,11.349449816605537,10.422378707677126,,
demo50_662c028d7106501c,662c028d7106501c,kic_4544745_q5,19,1081843658,arima,tps_like,tps_like_mes,tps_like_mes,59.566863822059474,1,14.181508144596592,1.2967911250889301,,
demo50_662c028d7106501c,662c028d7106501c,kic_4544745_q5,19,1081843658,arima,tps_like,tps_like_robust_veto_score,tps_like_robust_veto_score,59.566863822059474,1,14.181508144596592,1.2967911250889301,,
demo50_662c028d7106501c,662c028d7106501c,kic_4544745_q5,19,1081843658,arima,tps_like,tps_like_event_consistency_score,tps_like_event_consistency_score,44.262002048889684,1,14.181508144596592,1.2967911250889301,,
demo50_662c028d7106501c,662c028d7106501c,kic_4544745_q5,19,1081843658,gp,bls,bls_power,bls_power,0.0005748117212072586,1,8.105035011670559,0.12662437465041876,,
demo50_662c028d7106501c,662c028d7106501c,kic_4544745_q5,19,1081843658,gp,tcf,tcf_event_consistent_score,tcf_event_consistent_score,7.374567480066583,1,11.960986995665223,10.502191292122006,,
demo50_662c028d7106501c,662c028d7106501c,kic_4544745_q5,19,1081843658,gp,tps_like,tps_like_mes,tps_like_mes,35.63320705858458,1,7.826394264237024,1.3127214582636952,,
demo50_662c028d7106501c,662c028d7106501c,kic_4544745_q5,19,1081843658,gp,tps_like,tps_like_robust_veto_score,tps_like_robust_veto_score,35.63320705858458,1,7.826394264237024,1.3127214582636952,,
demo50_662c028d7106501c,662c028d7106501c,kic_4544745_q5,19,1081843658,gp,tps_like,tps_like_event_consistency_score,tps_like_event_consistency_score,29.065011673323646,1,7.826394264237024,1.3127214582636952,,
demo50_662c028d7106501c,662c028d7106501c,kic_4544745_q5,19,1081843658,kalman,bls,bls_power,bls_power,0.0004894245919380945,1,12.941313771257086,0.1351677500642836,,
demo50_662c028d7106501c,662c028d7106501c,kic_4544745_q5,19,1081843658,kalman,tcf,tcf_event_consistent_score,tcf_event_consistent_score,6.4007018672735025,1,14.477159053017674,10.522583541925997,,
demo50_662c028d7106501c,662c028d7106501c,kic_4544745_q5,19,1081843658,kalman,tps_like,tps_like_mes,tps_like_mes,29.656626129857436,1,7.703787565580569,1.2688412913121283,,
demo50_662c028d7106501c,662c028d7106501c,kic_4544745_q5,19,1081843658,kalman,tps_like,tps_like_robust_veto_score,tps_like_robust_veto_score,27.290475943923514,1,13.568474651314318,1.2688412913121283,,
demo50_662c028d7106501c,662c028d7106501c,kic_4544745_q5,19,1081843658,kalman,tps_like,tps_like_event_consistency_score,tps_like_event_consistency_score,21.75788377724877,1,13.568474651314318,1.2688412913121283,,
demo50_662c028d7106501c,662c028d7106501c,kic_4544745_q5,19,1081843658,raw,bls,bls_power,bls_power,0.0005080333053349579,1,8.016338779593198,0.12775162467733026,,
demo50_662c028d7106501c,662c028d7106501c,kic_4544745_q5,19,1081843658,raw,tcf,tcf_event_consistent_score,tcf_event_consistent_score,7.186115273161727,1,9.192730910303435,10.281747833359987,,
demo50_662c028d7106501c,662c028d7106501c,kic_4544745_q5,19,1081843658,raw,tps_like,tps_like_mes,tps_like_mes,63.6203205677692,1,12.791965559823439,1.2926278747618198,,
demo50_662c028d7106501c,662c028d7106501c,kic_4544745_q5,19,1081843658,raw,tps_like,tps_like_robust_veto_score,tps_like_robust_veto_score,63.6203205677692,1,12.791965559823439,1.2926278747618198,,
demo50_662c028d7106501c,662c028d7106501c,kic_4544745_q5,19,1081843658,raw,tps_like,tps_like_event_consistency_score,tps_like_event_consistency_score,54.210143571741746,1,12.791965559823439,1.2926278747618198,,
demo50_662c028d7106501c,662c028d7106501c,kic_4544745_q5,20,510462003,arima,bls,bls_power,bls_power,0.0007344590420765599,1,13.636878959653219,0.1538405418395996,,
demo50_662c028d7106501c,662c028d7106501c,kic_4544745_q5,20,510462003,arima,tcf,tcf_event_consistent_score,tcf_event_consistent_score,6.762276353843486,1,10.719239746582195,10.17493529105559,,
demo50_662c028d7106501c,662c028d7106501c,kic_4544745_q5,20,510462003,arima,tps_like,tps_like_mes,tps_like_mes,86.45109103870034,1,5.599039238644764,1.2966724587604403,,
demo50_662c028d7106501c,662c028d7106501c,kic_4544745_q5,20,510462003,arima,tps_like,tps_like_robust_veto_score,tps_like_robust_veto_score,82.66609835318098,1,8.051173211773857,1.2966724587604403,,
demo50_662c028d7106501c,662c028d7106501c,kic_4544745_q5,20,510462003,arima,tps_like,tps_like_event_consistency_score,tps_like_event_consistency_score,76.01705137742472,1,8.051173211773857,1.2966724587604403,,
demo50_662c028d7106501c,662c028d7106501c,kic_4544745_q5,20,510462003,gp,bls,bls_power,bls_power,0.00063700543163955,1,7.306768922974325,0.1271952078677714,,
demo50_662c028d7106501c,662c028d7106501c,kic_4544745_q5,20,510462003,gp,tcf,tcf_event_consistent_score,tcf_event_consistent_score,6.17871952593306,1,10.322440813604535,10.414868833031505,,
demo50_662c028d7106501c,662c028d7106501c,kic_4544745_q5,20,510462003,gp,tps_like,tps_like_mes,tps_like_mes,52.75575782634613,1,5.312956941779703,1.3110573752783239,,
demo50_662c028d7106501c,662c028d7106501c,kic_4544745_q5,20,510462003,gp,tps_like,tps_like_robust_veto_score,tps_like_robust_veto_score,52.75575782634613,1,5.312956941779703,1.3110573752783239,,
demo50_662c028d7106501c,662c028d7106501c,kic_4544745_q5,20,510462003,gp,tps_like,tps_like_event_consistency_score,tps_like_event_consistency_score,44.0392877104047,1,5.312956941779703,1.3110573752783239,,
demo50_662c028d7106501c,662c028d7106501c,kic_4544745_q5,20,510462003,kalman,bls,bls_power,bls_power,0.0005216365423949757,1,5.262087362454151,0.1271935421973467,,
demo50_662c028d7106501c,662c028d7106501c,kic_4544745_q5,20,510462003,kalman,tcf,tcf_event_consistent_score,tcf_event_consistent_score,7.492456786522649,1,12.502500833611204,10.38384637515992,,
demo50_662c028d7106501c,662c028d7106501c,kic_4544745_q5,20,510462003,kalman,tps_like,tps_like_mes,tps_like_mes,40.977609488201686,1,10.707651682663709,1.2787496247328818,,
demo50_662c028d7106501c,662c028d7106501c,kic_4544745_q5,20,510462003,kalman,tps_like,tps_like_robust_veto_score,tps_like_robust_veto_score,38.871982623809814,1,6.457286129239947,1.2787496247328818,,
demo50_662c028d7106501c,662c028d7106501c,kic_4544745_q5,20,510462003,kalman,tps_like,tps_like_event_consistency_score,tps_like_event_consistency_score,32.79251524075848,1,6.457286129239947,1.2787496247328818,,
demo50_662c028d7106501c,662c028d7106501c,kic_4544745_q5,20,510462003,raw,bls,bls_power,bls_power,0.0005673186419293758,1,5.3974658219406475,0.12861287500709295,,
demo50_662c028d7106501c,662c028d7106501c,kic_4544745_q5,20,510462003,raw,tcf,tcf_event_consistent_score,tcf_event_consistent_score,6.23280716967401,1,13.464154718239413,10.731814499944448,,
demo50_662c028d7106501c,662c028d7106501c,kic_4544745_q5,20,510462003,raw,tps_like,tps_like_mes,tps_like_mes,33.06187049849719,1,10.85069283109624,1.2665986670181155,,
demo50_662c028d7106501c,662c028d7106501c,kic_4544745_q5,20,510462003,raw,tps_like,tps_like_robust_veto_score,tps_like_robust_veto_score,31.309765946889694,1,10.768955031991936,1.2665986670181155,,
demo50_662c028d7106501c,662c028d7106501c,kic_4544745_q5,20,510462003,raw,tps_like,tps_like_event_consistency_score,tps_like_event_consistency_score,26.08990572885652,1,10.768955031991936,1.2665986670181155,,
demo50_662c028d7106501c,662c028d7106501c,kic_4544745_q5,21,837535975,arima,bls,bls_power,bls_power,0.0007497473669564915,1,14.514504834944983,0.15384058421477675,,
demo50_662c028d7106501c,662c028d7106501c,kic_4544745_q5,21,837535975,arima,tcf,tcf_event_consistent_score,tcf_event_consistent_score,6.3667502480355385,1,8.511170390130044,10.275038999971002,,
demo50_662c028d7106501c,662c028d7106501c,kic_4544745_q5,21,837535975,arima,tps_like,tps_like_mes,tps_like_mes,58.497484184866394,1,13.793253598851152,1.2874868749640882,,
demo50_662c028d7106501c,662c028d7106501c,kic_4544745_q5,21,837535975,arima,tps_like,tps_like_robust_veto_score,tps_like_robust_veto_score,49.286293314841565,1,13.874991397955455,1.2874868749640882,,
demo50_662c028d7106501c,662c028d7106501c,kic_4544745_q5,21,837535975,arima,tps_like,tps_like_event_consistency_score,tps_like_event_consistency_score,42.201356894107306,1,13.874991397955455,1.2874868749640882,,
demo50_662c028d7106501c,662c028d7106501c,kic_4544745_q5,21,837535975,gp,bls,bls_power,bls_power,0.000526150348058612,1,5.495498499499834,0.12634487496688962,,
demo50_662c028d7106501c,662c028d7106501c,kic_4544745_q5,21,837535975,gp,tcf,tcf_event_consistent_score,tcf_event_consistent_score,6.101618812180828,1,7.801600533511171,10.276322958059609,,
demo50_662c028d7106501c,662c028d7106501c,kic_4544745_q5,21,837535975,gp,tps_like,tps_like_mes,tps_like_mes,32.60048849585039,1,14.242811493924819,1.2607745830900967,,
demo50_662c028d7106501c,662c028d7106501c,kic_4544745_q5,21,837535975,gp,tps_like,tps_like_robust_veto_score,tps_like_robust_veto_score,32.60048849585039,1,14.242811493924819,1.2607745830900967,,
demo50_662c028d7106501c,662c028d7106501c,kic_4544745_q5,21,837535975,gp,tps_like,tps_like_event_consistency_score,tps_like_event_consistency_score,26.299098990031553,1,14.242811493924819,1.2607745830900967,,
demo50_662c028d7106501c,662c028d7106501c,kic_4544745_q5,21,837535975,kalman,bls,bls_power,bls_power,0.0005292330633004737,1,6.919306435478493,0.13044025003910065,,
demo50_662c028d7106501c,662c028d7106501c,kic_4544745_q5,21,837535975,kalman,tcf,tcf_event_consistent_score,tcf_event_consistent_score,6.496202026435782,1,7.778259419806603,10.509571375325322,,
demo50_662c028d7106501c,662c028d7106501c,kic_4544745_q5,21,837535975,kalman,tps_like,tps_like_mes,tps_like_mes,27.945413897522283,1,8.888985652592964,1.2581098326481879,,
demo50_662c028d7106501c,662c028d7106501c,kic_4544745_q5,21,837535975,kalman,tps_like,tps_like_robust_veto_score,tps_like_robust_veto_score,23.795129455173978,1,14.406287092133425,1.2581098326481879,,
demo50_662c028d7106501c,662c028d7106501c,kic_4544745_q5,21,837535975,kalman,tps_like,tps_like_event_consistency_score,tps_like_event_consistency_score,21.46836338713878,1,14.406287092133425,1.2581098326481879,,
demo50_662c028d7106501c,662c028d7106501c,kic_4544745_q5,21,837535975,raw,bls,bls_power,bls_power,0.0005531324818732871,1,10.294431477159053,0.12810129206627607,,
demo50_662c028d7106501c,662c028d7106501c,kic_4544745_q5,21,837535975,raw,tcf,tcf_event_consistent_score,tcf_event_consistent_score,6.667040884193066,1,4.636545515171724,10.213333124760538,,
demo50_662c028d7106501c,662c028d7106501c,kic_4544745_q5,21,837535975,raw,tps_like,tps_like_mes,tps_like_mes,39.924494472605836,1,13.0780478566885,1.2776083340868354,,
demo50_662c028d7106501c,662c028d7106501c,kic_4544745_q5,21,837535975,raw,tps_like,tps_like_robust_veto_score,tps_like_robust_veto_score,39.924494472605836,1,13.0780478566885,1.2776083340868354,,
demo50_662c028d7106501c,662c028d7106501c,kic_4544745_q5,21,837535975,raw,tps_like,tps_like_event_consistency_score,tps_like_event_consistency_score,32.33354696151267,1,13.0780478566885,1.2776083340868354,,
demo50_662c028d7106501c,662c028d7106501c,kic_4544745_q5,22,2010734853,arima,bls,bls_power,bls_power,0.0007530621246107968,1,12.007669223074359,0.15118562523275614,,
demo50_662c028d7106501c,662c028d7106501c,kic_4544745_q5,22,2010734853,arima,tcf,tcf_event_consistent_score,tcf_event_consistent_score,6.701468644735597,1,3.4368122707569193,10.315849792212248,,
demo50_662c028d7106501c,662c028d7106501c,kic_4544745_q5,22,2010734853,arima,tps_like,tps_like_mes,tps_like_mes,112.87311898613561,1,12.873703358927742,1.2554492922499776,,
demo50_662c028d7106501c,662c028d7106501c,kic_4544745_q5,22,2010734853,arima,tps_like,tps_like_robust_veto_score,tps_like_robust_veto_score,112.87311898613561,1,12.873703358927742,1.2554492922499776,,
demo50_662c028d7106501c,662c028d7106501c,kic_4544745_q5,22,2010734853,arima,tps_like,tps_like_event_consistency_score,tps_like_event_consistency_score,97.35706310181072,1,12.873703358927742,1.2554492922499776,,
demo50_662c028d7106501c,662c028d7106501c,kic_4544745_q5,22,2010734853,gp,bls,bls_power,bls_power,0.0007028507503927697,1,10.084361453817941,0.12621254101395607,,
demo50_662c028d7106501c,662c028d7106501c,kic_4544745_q5,22,2010734853,gp,tcf,tcf_event_consistent_score,tcf_event_consistent_score,6.268164243747588,1,12.889963321107036,10.708435082808137,,
demo50_662c028d7106501c,662c028d7106501c,kic_4544745_q5,22,2010734853,gp,tps_like,tps_like_mes,tps_like_mes,26.651873543174517,1,5.047309094690718,1.2723298338241875,,
demo50_662c028d7106501c,662c028d7106501c,kic_4544745_q5,22,2010734853,gp,tps_like,tps_like_robust_veto_score,tps_like_robust_veto_score,26.651873543174517,1,5.047309094690718,1.2723298338241875,,
demo50_662c028d7106501c,662c028d7106501c,kic_4544745_q5,22,2010734853,gp,tps_like,tps_like_event_consistency_score,tps_like_event_consistency_score,22.923608397802003,1,5.047309094690718,1.2723298338241875,,
demo50_662c028d7106501c,662c028d7106501c,kic_4544745_q5,22,2010734853,kalman,bls,bls_power,bls_power,0.000500842495388446,1,2.0876958986328775,0.1289418749511242,,
demo50_662c028d7106501c,662c028d7106501c,kic_4544745_q5,22,2010734853,kalman,tcf,tcf_event_consistent_score,tcf_event_consistent_score,6.601541766055112,1,9.538179393131044,10.24967816658318,,
demo50_662c028d7106501c,662c028d7106501c,kic_4544745_q5,22,2010734853,kalman,tps_like,tps_like_mes,tps_like_mes,34.95118386797562,1,13.118916756240651,1.2489470825530589,,
demo50_662c028d7106501c,662c028d7106501c,kic_4544745_q5,22,2010734853,kalman,tps_like,tps_like_robust_veto_score,tps_like_robust_veto_score,29.967202164771663,1,6.988581823417917,1.2489470825530589,,
demo50_662c028d7106501c,662c028d7106501c,kic_4544745_q5,22,2010734853,kalman,tps_like,tps_like_event_consistency_score,tps_like_event_consistency_score,25.188786936229256,1,6.988581823417917,1.2489470825530589,,
demo50_662c028d7106501c,662c028d7106501c,kic_4544745_q5,22,2010734853,raw,bls,bls_power,bls_power,0.0004964749421315936,1,13.8702900966989,0.12883166689425707,,
demo50_662c028d7106501c,662c028d7106501c,kic_4544745_q5,22,2010734853,raw,tcf,tcf_event_consistent_score,tcf_event_consistent_score,6.402575474850815,1,3.1007002334111373,10.269761375151575,,
demo50_662c028d7106501c,662c028d7106501c,kic_4544745_q5,22,2010734853,raw,tps_like,tps_like_mes,tps_like_mes,77.11130702654188,1,10.830258381320164,1.2692032079212368,,
demo50_662c028d7106501c,662c028d7106501c,kic_4544745_q5,22,2010734853,raw,tps_like,tps_like_robust_veto_score,tps_like_robust_veto_score,69.57656308040173,1,11.851980870123953,1.2692032079212368,,
demo50_662c028d7106501c,662c028d7106501c,kic_4544745_q5,22,2010734853,raw,tps_like,tps_like_event_consistency_score,tps_like_event_consistency_score,63.36416833700844,1,11.851980870123953,1.2692032079212368,,
demo50_662c028d7106501c,662c028d7106501c,kic_4544745_q5,23,24649855,arima,bls,bls_power,bls_power,0.000926500010476515,1,10.32710903634545,0.15332758286967874,,
demo50_662c028d7106501c,662c028d7106501c,kic_4544745_q5,23,24649855,arima,tcf,tcf_event_consistent_score,tcf_event_consistent_score,6.094626355203815,1,3.6935645215071693,10.303092250134796,,
demo50_662c028d7106501c,662c028d7106501c,kic_4544745_q5,23,24649855,arima,tps_like,tps_like_mes,tps_like_mes,82.38958365608018,1,11.790677520795725,1.296707249712199,,
demo50_662c028d7106501c,662c028d7106501c,kic_4544745_q5,23,24649855,arima,tps_like,tps_like_robust_veto_score,tps_like_robust_veto_score,68.49360083430193,1,14.018032546387985,1.296707249712199,,
demo50_662c028d7106501c,662c028d7106501c,kic_4544745_q5,23,24649855,arima,tps_like,tps_like_event_consistency_score,tps_like_event_consistency_score,58.825094459160965,1,14.018032546387985,1.296707249712199,,
demo50_662c028d7106501c,662c028d7106501c,kic_4544745_q5,23,24649855,gp,bls,bls_power,bls_power,0.0005870891151825829,1,6.415138379459821,0.12449641665443778,,
demo50_662c028d7106501c,662c028d7106501c,kic_4544745_q5,23,24649855,gp,tcf,tcf_event_consistent_score,tcf_event_consistent_score,6.06554552190188,1,11.452150716905637,10.301183332689106,,
demo50_662c028d7106501c,662c028d7106501c,kic_4544745_q5,23,24649855,gp,tps_like,tps_like_mes,tps_like_mes,41.03787107537725,1,5.925990435061976,1.3512671659700572,,
demo50_662c028d7106501c,662c028d7106501c,kic_4544745_q5,23,24649855,gp,tps_like,tps_like_robust_veto_score,tps_like_robust_veto_score,39.65414955587476,1,5.987293784390204,1.3512671659700572,,
demo50_662c028d7106501c,662c028d7106501c,kic_4544745_q5,23,24649855,gp,tps_like,tps_like_event_consistency_score,tps_like_event_consistency_score,32.88676045642169,1,5.987293784390204,1.3512671659700572,,
demo50_662c028d7106501c,662c028d7106501c,kic_4544745_q5,23,24649855,kalman,bls,bls_power,bls_power,0.0005633121195658605,1,2.1530510170056685,0.12782483315095305,,
demo50_662c028d7106501c,662c028d7106501c,kic_4544745_q5,23,24649855,kalman,tcf,tcf_event_consistent_score,tcf_event_consistent_score,6.520957110370419,1,9.412137379126376,10.219437750056386,,
demo50_662c028d7106501c,662c028d7106501c,kic_4544745_q5,23,24649855,kalman,tps_like,tps_like_mes,tps_like_mes,52.15051173912454,1,10.380700486246496,1.268295332789421,,
demo50_662c028d7106501c,662c028d7106501c,kic_4544745_q5,23,24649855,kalman,tps_like,tps_like_robust_veto_score,tps_like_robust_veto_score,52.15051173912454,1,10.380700486246496,1.268295332789421,,
demo50_662c028d7106501c,662c028d7106501c,kic_4544745_q5,23,24649855,kalman,tps_like,tps_like_event_consistency_score,tps_like_event_consistency_score,41.16337893677917,1,10.380700486246496,1.268295332789421,,
demo50_662c028d7106501c,662c028d7106501c,kic_4544745_q5,23,24649855,raw,bls,bls_power,bls_power,0.000527516060892547,1,9.19739913304435,0.12692991690710187,,
demo50_662c028d7106501c,662c028d7106501c,kic_4544745_q5,23,24649855,raw,tcf,tcf_event_consistent_score,tcf_event_consistent_score,7.279516324772285,1,5.504834944981661,10.15878808312118,,
demo50_662c028d7106501c,662c028d7106501c,kic_4544745_q5,23,24649855,raw,tps_like,tps_like_mes,tps_like_mes,45.91636515297264,1,8.827682303264737,1.2625754997134209,,
demo50_662c028d7106501c,662c028d7106501c,kic_4544745_q5,23,24649855,raw,tps_like,tps_like_robust_veto_score,tps_like_robust_veto_score,45.91636515297264,1,8.827682303264737,1.2625754997134209,,
demo50_662c028d7106501c,662c028d7106501c,kic_4544745_q5,23,24649855,raw,tps_like,tps_like_event_consistency_score,tps_like_event_consistency_score,37.845837353369035,1,8.827682303264737,1.2625754997134209,,
demo50_662c028d7106501c,662c028d7106501c,kic_4544745_q5,24,896074199,arima,bls,bls_power,bls_power,0.0008918850967581741,1,11.825608536178727,0.15121816704049706,,
demo50_662c028d7106501c,662c028d7106501c,kic_4544745_q5,24,896074199,arima,tcf,tcf_event_consistent_score,tcf_event_consistent_score,6.042388968113814,1,11.358786262087364,10.322088417131454,,
demo50_662c028d7106501c,662c028d7106501c,kic_4544745_q5,24,896074199,arima,tps_like,tps_like_mes,tps_like_mes,70.43499620630142,1,5.006440195138566,1.2791043329052627,,
demo50_662c028d7106501c,662c028d7106501c,kic_4544745_q5,24,896074199,arima,tps_like,tps_like_robust_veto_score,tps_like_robust_veto_score,65.91654126020669,1,5.517301439540461,1.2791043329052627,,
demo50_662c028d7106501c,662c028d7106501c,kic_4544745_q5,24,896074199,arima,tps_like,tps_like_event_consistency_score,tps_like_event_consistency_score,48.23570310012104,1,5.517301439540461,1.2791043329052627,,
demo50_662c028d7106501c,662c028d7106501c,kic_4544745_q5,24,896074199,gp,bls,bls_power,bls_power,0.0005554141966311024,1,14.495831943981328,0.12459354195743799,,
demo50_662c028d7106501c,662c028d7106501c,kic_4544745_q5,24,896074199,gp,tcf,tcf_event_consistent_score,tcf_event_consistent_score,7.181684054249798,1,11.050683561187062,10.62038395833224,,
demo50_662c028d7106501c,662c028d7106501c,kic_4544745_q5,24,896074199,gp,tps_like,tps_like_mes,tps_like_mes,42.54724610765602,1,11.872415319900028,1.2816006252542138,,
demo50_662c028d7106501c,662c028d7106501c,kic_4544745_q5,24,896074199,gp,tps_like,tps_like_robust_veto_score,tps_like_robust_veto_score,42.54724610765602,1,11.872415319900028,1.2816006252542138,,
demo50_662c028d7106501c,662c028d7106501c,kic_4544745_q5,24,896074199,gp,tps_like,tps_like_event_consistency_score,tps_like_event_consistency_score,38.55347277328517,1,11.872415319900028,1.2816006252542138,,
demo50_662c028d7106501c,662c028d7106501c,kic_4544745_q5,24,896074199,kalman,bls,bls_power,bls_power,0.000512336817581359,1,11.134711570523509,0.12914999993517995,,
demo50_662c028d7106501c,662c028d7106501c,kic_4544745_q5,24,896074199,kalman,tcf,tcf_event_consistent_score,tcf_event_consistent_score,6.236941274854832,1,13.795598532844283,10.388069042004645,,
demo50_662c028d7106501c,662c028d7106501c,kic_4544745_q5,24,896074199,kalman,tps_like,tps_like_mes,tps_like_mes,48.979853074369146,1,11.38198852527421,1.2990443329326808,,
demo50_662c028d7106501c,662c028d7106501c,kic_4544745_q5,24,896074199,kalman,tps_like,tps_like_robust_veto_score,tps_like_robust_veto_score,42.924148357715936,1,3.7803732085740194,1.2990443329326808,,
demo50_662c028d7106501c,662c028d7106501c,kic_4544745_q5,24,896074199,kalman,tps_like,tps_like_event_consistency_score,tps_like_event_consistency_score,37.22815938067782,1,3.7803732085740194,1.2990443329326808,,
demo50_662c028d7106501c,662c028d7106501c,kic_4544745_q5,24,896074199,raw,bls,bls_power,bls_power,0.0005219222157600018,1,3.128709569856619,0.12927354173734784,,
demo50_662c028d7106501c,662c028d7106501c,kic_4544745_q5,24,896074199,raw,tcf,tcf_event_consistent_score,tcf_event_consistent_score,7.220053941660772,1,12.838612870956986,10.507252665702254,,
demo50_662c028d7106501c,662c028d7106501c,kic_4544745_q5,24,896074199,raw,tps_like,tps_like_mes,tps_like_mes,31.59809647818162,1,8.337255508638918,1.2935692919418216,,
demo50_662c028d7106501c,662c028d7106501c,kic_4544745_q5,24,896074199,raw,tps_like,tps_like_robust_veto_score,tps_like_robust_veto_score,31.59809647818162,1,8.337255508638918,1.2935692919418216,,
demo50_662c028d7106501c,662c028d7106501c,kic_4544745_q5,24,896074199,raw,tps_like,tps_like_event_consistency_score,tps_like_event_consistency_score,24.982058661270422,1,8.337255508638918,1.2935692919418216,,
demo50_662c028d7106501c,662c028d7106501c,kic_4544745_q5,25,1830992501,arima,bls,bls_power,bls_power,0.0004519186827812121,1,10.13571190396799,0.15419800020754337,,
demo50_662c028d7106501c,662c028d7106501c,kic_4544745_q5,25,1830992501,arima,tcf,tcf_event_consistent_score,tcf_event_consistent_score,6.200210161344442,1,11.209403134378126,10.318601707927883,,
demo50_662c028d7106501c,662c028d7106501c,kic_4544745_q5,25,1830992501,arima,tps_like,tps_like_mes,tps_like_mes,71.18457219210076,1,13.36413015355356,1.2853695000521839,,
demo50_662c028d7106501c,662c028d7106501c,kic_4544745_q5,25,1830992501,arima,tps_like,tps_like_robust_veto_score,tps_like_robust_veto_score,65.74066067605374,1,8.62333780550398,1.2853695000521839,,
demo50_662c028d7106501c,662c028d7106501c,kic_4544745_q5,25,1830992501,arima,tps_like,tps_like_event_consistency_score,tps_like_event_consistency_score,57.29412677526816,1,8.62333780550398,1.2853695000521839,,
demo50_662c028d7106501c,662c028d7106501c,kic_4544745_q5,25,1830992501,gp,bls,bls_power,bls_power,0.000554784461319948,1,4.281760586862288,0.12845504190772772,,
demo50_662c028d7106501c,662c028d7106501c,kic_4544745_q5,25,1830992501,gp,tcf,tcf_event_consistent_score,tcf_event_consistent_score,6.288273449380038,1,10.22440813604535,10.385185332968831,,
demo50_662c028d7106501c,662c028d7106501c,kic_4544745_q5,25,1830992501,gp,tps_like,tps_like_mes,tps_like_mes,38.945492684575036,1,5.987293784390204,1.282420916017145,,
demo50_662c028d7106501c,662c028d7106501c,kic_4544745_q5,25,1830992501,gp,tps_like,tps_like_robust_veto_score,tps_like_robust_veto_score,34.3340401554918,1,3.984717706334777,1.282420916017145,,
demo50_662c028d7106501c,662c028d7106501c,kic_4544745_q5,25,1830992501,gp,tps_like,tps_like_event_consistency_score,tps_like_event_consistency_score,30.276758174591507,1,3.984717706334777,1.282420916017145,,
demo50_662c028d7106501c,662c028d7106501c,kic_4544745_q5,25,1830992501,kalman,bls,bls_power,bls_power,0.0005457578517458577,1,14.696565521840615,0.12939587514847517,,
demo50_662c028d7106501c,662c028d7106501c,kic_4544745_q5,25,1830992501,kalman,tcf,tcf_event_consistent_score,tcf_event_consistent_score,7.260314058286921,1,11.904968322774259,10.432123790960759,,
demo50_662c028d7106501c,662c028d7106501c,kic_4544745_q5,25,1830992501,kalman,tps_like,tps_like_mes,tps_like_mes,30.32018187504497,1,10.768955031991936,1.2627087496221066,,
demo50_662c028d7106501c,662c028d7106501c,kic_4544745_q5,25,1830992501,kalman,tps_like,tps_like_robust_veto_score,tps_like_robust_veto_score,29.999099270845942,1,5.394694740884006,1.2627087496221066,,
demo50_662c028d7106501c,662c028d7106501c,kic_4544745_q5,25,1830992501,kalman,tps_like,tps_like_event_consistency_score,tps_like_event_consistency_score,24.803818043526793,1,5.394694740884006,1.2627087496221066,,
demo50_662c028d7106501c,662c028d7106501c,kic_4544745_q5,25,1830992501,raw,bls,bls_power,bls_power,0.0005483889749266391,1,5.5421807269089705,0.12969724973663688,,
demo50_662c028d7106501c,662c028d7106501c,kic_4544745_q5,25,1830992501,raw,tcf,tcf_event_consistent_score,tcf_event_consistent_score,6.278506339406655,1,12.003001000333445,10.45699895825237,,
demo50_662c028d7106501c,662c028d7106501c,kic_4544745_q5,25,1830992501,raw,tps_like,tps_like_mes,tps_like_mes,47.934149554552945,1,10.625913883559406,1.3627150002866983,,
demo50_662c028d7106501c,662c028d7106501c,kic_4544745_q5,25,1830992501,raw,tps_like,tps_like_robust_veto_score,tps_like_robust_veto_score,47.934149554552945,1,10.625913883559406,1.3627150002866983,,
demo50_662c028d7106501c,662c028d7106501c,kic_4544745_q5,25,1830992501,raw,tps_like,tps_like_event_consistency_score,tps_like_event_consistency_score,41.35824074413647,1,10.625913883559406,1.3627150002866983,,
demo50_662c028d7106501c,662c028d7106501c,kic_4544745_q5,26,657003087,arima,bls,bls_power,bls_power,0.0004374635927682096,1,8.179726575525176,0.15828658314421773,,
demo50_662c028d7106501c,662c028d7106501c,kic_4544745_q5,26,657003087,arima,tcf,tcf_event_consistent_score,tcf_event_consistent_score,6.228754237568557,1,13.26808936312104,10.281089125201106,,
demo50_662c028d7106501c,662c028d7106501c,kic_4544745_q5,26,657003087,arima,tps_like,tps_like_mes,tps_like_mes,82.9074569350659,1,9.910708141396753,1.3080600406974554,,
demo50_662c028d7106501c,662c028d7106501c,kic_4544745_q5,26,657003087,arima,tps_like,tps_like_robust_veto_score,tps_like_robust_veto_score,78.62213155978453,1,11.749808621243574,1.3080600406974554,,
demo50_662c028d7106501c,662c028d7106501c,kic_4544745_q5,26,657003087,arima,tps_like,tps_like_event_consistency_score,tps_like_event_consistency_score,68.6403145037225,1,11.749808621243574,1.3080600406974554,,
demo50_662c028d7106501c,662c028d7106501c,kic_4544745_q5,26,657003087,gp,bls,bls_power,bls_power,0.000558305391972174,1,7.246082027342448,0.1313207079656422,,
demo50_662c028d7106501c,662c028d7106501c,kic_4544745_q5,26,657003087,gp,tcf,tcf_event_consistent_score,tcf_event_consistent_score,6.4319829443728125,1,8.847282427475825,10.410013667307794,,
demo50_662c028d7106501c,662c028d7106501c,kic_4544745_q5,26,657003087,gp,tps_like,tps_like_mes,tps_like_mes,82.4598810092548,1,11.034602879080921,1.3147975411266088,,
demo50_662c028d7106501c,662c028d7106501c,kic_4544745_q5,26,657003087,gp,tps_like,tps_like_robust_veto_score,tps_like_robust_veto_score,80.03164864767987,1,13.425433502881788,1.3147975411266088,,
demo50_662c028d7106501c,662c028d7106501c,kic_4544745_q5,26,657003087,gp,tps_like,tps_like_event_consistency_score,tps_like_event_consistency_score,72.38807405611097,1,13.425433502881788,1.3147975411266088,,
demo50_662c028d7106501c,662c028d7106501c,kic_4544745_q5,26,657003087,kalman,bls,bls_power,bls_power,0.0005701848849995567,1,3.1753917972657555,0.13122770888730884,,
demo50_662c028d7106501c,662c028d7106501c,kic_4544745_q5,26,657003087,kalman,tcf,tcf_event_consistent_score,tcf_event_consistent_score,6.0197623566018414,1,11.932977659219741,10.798694499768317,,
demo50_662c028d7106501c,662c028d7106501c,kic_4544745_q5,26,657003087,kalman,tps_like,tps_like_mes,tps_like_mes,47.99352470899825,1,5.415129190660082,1.3101862911134958,,
demo50_662c028d7106501c,662c028d7106501c,kic_4544745_q5,26,657003087,kalman,tps_like,tps_like_robust_veto_score,tps_like_robust_veto_score,47.99352470899825,1,5.415129190660082,1.3101862911134958,,
demo50_662c028d7106501c,662c028d7106501c,kic_4544745_q5,26,657003087,kalman,tps_like,tps_like_event_consistency_score,tps_like_event_consistency_score,41.05919274433167,1,5.415129190660082,1.3101862911134958,,
demo50_662c028d7106501c,662c028d7106501c,kic_4544745_q5,26,657003087,raw,bls,bls_power,bls_power,0.0005407963443303788,1,8.399133044348115,0.12886375002563,,
demo50_662c028d7106501c,662c028d7106501c,kic_4544745_q5,26,657003087,raw,tcf,tcf_event_consistent_score,tcf_event_consistent_score,6.960374335516358,1,13.296098699566523,10.519117125310004,,
demo50_662c028d7106501c,662c028d7106501c,kic_4544745_q5,26,657003087,raw,tps_like,tps_like_mes,tps_like_mes,68.66130336020923,1,10.666782783111557,1.305366541724652,,
demo50_662c028d7106501c,662c028d7106501c,kic_4544745_q5,26,657003087,raw,tps_like,tps_like_robust_veto_score,tps_like_robust_veto_score,68.66130336020923,1,10.666782783111557,1.305366541724652,,
demo50_662c028d7106501c,662c028d7106501c,kic_4544745_q5,26,657003087,raw,tps_like,tps_like_event_consistency_score,tps_like_event_consistency_score,59.98174987070991,1,10.666782783111557,1.305366541724652,,
demo50_662c028d7106501c,662c028d7106501c,kic_4544745_q5,27,1349433246,arima,bls,bls_power,bls_power,0.0009855962957664643,1,12.0216738912971,0.15505308378487825,,
demo50_662c028d7106501c,662c028d7106501c,kic_4544745_q5,27,1349433246,arima,tcf,tcf_event_consistent_score,tcf_event_consistent_score,6.1702343587622765,1,14.584528176058686,10.358952500391752,,
demo50_662c028d7106501c,662c028d7106501c,kic_4544745_q5,27,1349433246,arima,tps_like,tps_like_mes,tps_like_mes,81.11634033907819,1,11.1367751279613,1.2933812090195715,,
demo50_662c028d7106501c,662c028d7106501c,kic_4544745_q5,27,1349433246,arima,tps_like,tps_like_robust_veto_score,tps_like_robust_veto_score,75.53258706361078,1,9.68592919385992,1.2933812090195715,,
demo50_662c028d7106501c,662c028d7106501c,kic_4544745_q5,27,1349433246,arima,tps_like,tps_like_event_consistency_score,tps_like_event_consistency_score,67.00031495991546,1,9.68592919385992,1.2933812090195715,,
demo50_662c028d7106501c,662c028d7106501c,kic_4544745_q5,27,1349433246,gp,bls,bls_power,bls_power,0.0005440715720513501,1,11.904968322774259,0.13076345901936293,,
demo50_662c028d7106501c,662c028d7106501c,kic_4544745_q5,27,1349433246,gp,tcf,tcf_event_consistent_score,tcf_event_consistent_score,6.724944720500359,1,9.127375791930644,10.624194333329797,,
demo50_662c028d7106501c,662c028d7106501c,kic_4544745_q5,27,1349433246,gp,tps_like,tps_like_mes,tps_like_mes,48.16262124474868,1,5.272088042227551,1.330250124912709,,
demo50_662c028d7106501c,662c028d7106501c,kic_4544745_q5,27,1349433246,gp,tps_like,tps_like_robust_veto_score,tps_like_robust_veto_score,42.40645748255034,1,5.925990435061976,1.330250124912709,,
demo50_662c028d7106501c,662c028d7106501c,kic_4544745_q5,27,1349433246,gp,tps_like,tps_like_event_consistency_score,tps_like_event_consistency_score,35.354025469442384,1,5.925990435061976,1.330250124912709,,
demo50_662c028d7106501c,662c028d7106501c,kic_4544745_q5,27,1349433246,kalman,bls,bls_power,bls_power,0.0005246184043989598,1,8.96865621873958,0.13046220783144236,,
demo50_662c028d7106501c,662c028d7106501c,kic_4544745_q5,27,1349433246,kalman,tcf,tcf_event_consistent_score,tcf_event_consistent_score,6.375270781865222,1,8.431810603534512,10.443070041015744,,
demo50_662c028d7106501c,662c028d7106501c,kic_4544745_q5,27,1349433246,kalman,tps_like,tps_like_mes,tps_like_mes,36.6441560565089,1,9.338543547666632,1.2836288339458406,,
demo50_662c028d7106501c,662c028d7106501c,kic_4544745_q5,27,1349433246,kalman,tps_like,tps_like_robust_veto_score,tps_like_robust_veto_score,33.24134431160069,1,14.018032546387985,1.2836288339458406,,
demo50_662c028d7106501c,662c028d7106501c,kic_4544745_q5,27,1349433246,kalman,tps_like,tps_like_event_consistency_score,tps_like_event_consistency_score,27.572066138092627,1,14.018032546387985,1.2836288339458406,,
demo50_662c028d7106501c,662c028d7106501c,kic_4544745_q5,27,1349433246,raw,bls,bls_power,bls_power,0.0005607878961315476,1,2.554518172724242,0.12920841621235013,,
demo50_662c028d7106501c,662c028d7106501c,kic_4544745_q5,27,1349433246,raw,tcf,tcf_event_consistent_score,tcf_event_consistent_score,7.203244316506707,1,8.982660886962321,10.246546499896795,,
demo50_662c028d7106501c,662c028d7106501c,kic_4544745_q5,27,1349433246,raw,tps_like,tps_like_mes,tps_like_mes,55.95344280100085,1,9.215936849010177,1.271384083200246,,
demo50_662c028d7106501c,662c028d7106501c,kic_4544745_q5,27,1349433246,raw,tps_like,tps_like_robust_veto_score,tps_like_robust_veto_score,50.46737491597152,1,9.093330150353722,1.271384083200246,,
demo50_662c028d7106501c,662c028d7106501c,kic_4544745_q5,27,1349433246,raw,tps_like,tps_like_event_consistency_score,tps_like_event_consistency_score,47.11400509382074,1,9.093330150353722,1.271384083200246,,
demo50_662c028d7106501c,662c028d7106501c,kic_4544745_q5,28,1998063371,arima,bls,bls_power,bls_power,0.0004318268293360525,1,14.724574858286097,0.15689829178154469,,
demo50_662c028d7106501c,662c028d7106501c,kic_4544745_q5,28,1998063371,arima,tcf,tcf_event_consistent_score,tcf_event_consistent_score,6.282765800116064,1,9.752917639213072,10.429760708007962,,
demo50_662c028d7106501c,662c028d7106501c,kic_4544745_q5,28,1998063371,arima,tps_like,tps_like_mes,tps_like_mes,55.89242141837302,1,14.38585264235735,1.2993161249905825,,
demo50_662c028d7106501c,662c028d7106501c,kic_4544745_q5,28,1998063371,arima,tps_like,tps_like_robust_veto_score,tps_like_robust_veto_score,55.87737310902312,1,12.465014363406226,1.2993161249905825,,
demo50_662c028d7106501c,662c028d7106501c,kic_4544745_q5,28,1998063371,arima,tps_like,tps_like_event_consistency_score,tps_like_event_consistency_score,43.72909182238467,1,12.465014363406226,1.2993161249905825,,
demo50_662c028d7106501c,662c028d7106501c,kic_4544745_q5,28,1998063371,gp,bls,bls_power,bls_power,0.0005640064920653114,1,4.851283761253752,0.1277735000476241,,
demo50_662c028d7106501c,662c028d7106501c,kic_4544745_q5,28,1998063371,gp,tcf,tcf_event_consistent_score,tcf_event_consistent_score,6.281638597239574,1,13.874958319439815,10.583134999964386,,
demo50_662c028d7106501c,662c028d7106501c,kic_4544745_q5,28,1998063371,gp,tps_like,tps_like_mes,tps_like_mes,84.12497813801983,1,11.361554075498134,1.3724767919629812,,
demo50_662c028d7106501c,662c028d7106501c,kic_4544745_q5,28,1998063371,gp,tps_like,tps_like_robust_veto_score,tps_like_robust_veto_score,74.8303332780214,1,10.319397136918269,1.3724767919629812,,
demo50_662c028d7106501c,662c028d7106501c,kic_4544745_q5,28,1998063371,gp,tps_like,tps_like_event_consistency_score,tps_like_event_consistency_score,68.18969038602779,1,10.319397136918269,1.3724767919629812,,
demo50_662c028d7106501c,662c028d7106501c,kic_4544745_q5,28,1998063371,kalman,bls,bls_power,bls_power,0.00046925400352610915,1,6.989329776592198,0.1349993753246963,,
demo50_662c028d7106501c,662c028d7106501c,kic_4544745_q5,28,1998063371,kalman,tcf,tcf_event_consistent_score,tcf_event_consistent_score,6.651985495337705,1,10.989996665555186,10.320363167207688,,
demo50_662c028d7106501c,662c028d7106501c,kic_4544745_q5,28,1998063371,kalman,tps_like,tps_like_mes,tps_like_mes,38.593579509510896,1,7.98986986244563,1.3064749166369438,,
demo50_662c028d7106501c,662c028d7106501c,kic_4544745_q5,28,1998063371,kalman,tps_like,tps_like_robust_veto_score,tps_like_robust_veto_score,37.08263325208493,1,8.153345460654236,1.3064749166369438,,
demo50_662c028d7106501c,662c028d7106501c,kic_4544745_q5,28,1998063371,kalman,tps_like,tps_like_event_consistency_score,tps_like_event_consistency_score,30.84122435820073,1,8.153345460654236,1.3064749166369438,,
demo50_662c028d7106501c,662c028d7106501c,kic_4544745_q5,28,1998063371,raw,bls,bls_power,bls_power,0.0005232760923102102,1,14.836612204068024,0.12613445799797773,,
demo50_662c028d7106501c,662c028d7106501c,kic_4544745_q5,28,1998063371,raw,tcf,tcf_event_consistent_score,tcf_event_consistent_score,6.613097693106414,1,13.884294764921641,10.548546665813774,,
demo50_662c028d7106501c,662c028d7106501c,kic_4544745_q5,28,1998063371,raw,tps_like,tps_like_mes,tps_like_mes,33.633076309270415,1,7.785525364684872,1.2764037079177797,,
demo50_662c028d7106501c,662c028d7106501c,kic_4544745_q5,28,1998063371,raw,tps_like,tps_like_robust_veto_score,tps_like_robust_veto_score,31.732920596591143,1,14.958017236087471,1.2764037079177797,,
demo50_662c028d7106501c,662c028d7106501c,kic_4544745_q5,28,1998063371,raw,tps_like,tps_like_event_consistency_score,tps_like_event_consistency_score,26.83387010028378,1,14.958017236087471,1.2764037079177797,,
demo50_662c028d7106501c,662c028d7106501c,kic_4544745_q5,29,146852536,arima,bls,bls_power,bls_power,0.000872785651655601,1,13.51083694564855,0.15470612468197942,,
demo50_662c028d7106501c,662c028d7106501c,kic_4544745_q5,29,146852536,arima,tcf,tcf_event_consistent_score,tcf_event_consistent_score,6.5827429374950635,1,12.152384128042682,10.404732416849583,,
demo50_662c028d7106501c,662c028d7106501c,kic_4544745_q5,29,146852536,arima,tps_like,tps_like_mes,tps_like_mes,45.64415446916814,1,12.30153876519762,1.288347541820258,,
demo50_662c028d7106501c,662c028d7106501c,kic_4544745_q5,29,146852536,arima,tps_like,tps_like_robust_veto_score,tps_like_robust_veto_score,45.64415446916814,1,12.30153876519762,1.288347541820258,,
demo50_662c028d7106501c,662c028d7106501c,kic_4544745_q5,29,146852536,arima,tps_like,tps_like_event_consistency_score,tps_like_event_consistency_score,38.93836848255063,1,12.30153876519762,1.288347541820258,,
demo50_662c028d7106501c,662c028d7106501c,kic_4544745_q5,29,146852536,gp,bls,bls_power,bls_power,0.0005573361004555316,1,1.8542847615871958,0.1270229578949511,,
demo50_662c028d7106501c,662c028d7106501c,kic_4544745_q5,29,146852536,gp,tcf,tcf_event_consistent_score,tcf_event_consistent_score,6.144975743295019,1,8.28709569856619,10.30098295910284,,
demo50_662c028d7106501c,662c028d7106501c,kic_4544745_q5,29,146852536,gp,tps_like,tps_like_mes,tps_like_mes,29.39261462592956,1,3.719069859245792,1.2902918327599764,,
demo50_662c028d7106501c,662c028d7106501c,kic_4544745_q5,29,146852536,gp,tps_like,tps_like_robust_veto_score,tps_like_robust_veto_score,29.39261462592956,1,3.719069859245792,1.2902918327599764,,
demo50_662c028d7106501c,662c028d7106501c,kic_4544745_q5,29,146852536,gp,tps_like,tps_like_event_consistency_score,tps_like_event_consistency_score,26.994200178750987,1,3.719069859245792,1.2902918327599764,,
demo50_662c028d7106501c,662c028d7106501c,kic_4544745_q5,29,146852536,kalman,bls,bls_power,bls_power,0.0004623185995594677,1,5.523507835945315,0.13082520896568894,,
demo50_662c028d7106501c,662c028d7106501c,kic_4544745_q5,29,146852536,kalman,tcf,tcf_event_consistent_score,tcf_event_consistent_score,6.567806846502365,1,11.610870290096699,10.722417082637548,,
demo50_662c028d7106501c,662c028d7106501c,kic_4544745_q5,29,146852536,kalman,tps_like,tps_like_mes,tps_like_mes,48.245064531254286,1,13.22108900512103,1.291739458218217,,
demo50_662c028d7106501c,662c028d7106501c,kic_4544745_q5,29,146852536,kalman,tps_like,tps_like_robust_veto_score,tps_like_robust_veto_score,48.245064531254286,1,13.22108900512103,1.291739458218217,,
demo50_662c028d7106501c,662c028d7106501c,kic_4544745_q5,29,146852536,kalman,tps_like,tps_like_event_consistency_score,tps_like_event_consistency_score,40.623386365366166,1,13.22108900512103,1.291739458218217,,
demo50_662c028d7106501c,662c028d7106501c,kic_4544745_q5,29,146852536,raw,bls,bls_power,bls_power,0.0005857811467288179,1,10.061020340113371,0.12765387492254376,,
demo50_662c028d7106501c,662c028d7106501c,kic_4544745_q5,29,146852536,raw,tcf,tcf_event_consistent_score,tcf_event_consistent_score,6.965770278487135,1,8.417805935311772,10.493136416655034,,
demo50_662c028d7106501c,662c028d7106501c,kic_4544745_q5,29,146852536,raw,tps_like,tps_like_mes,tps_like_mes,44.0983733151607,1,3.453422012156807,1.2909900001250207,,
demo50_662c028d7106501c,662c028d7106501c,kic_4544745_q5,29,146852536,raw,tps_like,tps_like_robust_veto_score,tps_like_robust_veto_score,44.0983733151607,1,3.453422012156807,1.2909900001250207,,
demo50_662c028d7106501c,662c028d7106501c,kic_4544745_q5,29,146852536,raw,tps_like,tps_like_event_consistency_score,tps_like_event_consistency_score,35.72087847926459,1,3.453422012156807,1.2909900001250207,,
demo50_662c028d7106501c,662c028d7106501c,kic_4544745_q5,30,1551856540,arima,bls,bls_power,bls_power,0.0007329060171418609,1,12.511837279093031,0.15194358304142952,,
demo50_662c028d7106501c,662c028d7106501c,kic_4544745_q5,30,1551856540,arima,tcf,tcf_event_consistent_score,tcf_event_consistent_score,6.1620438141937655,1,7.689563187729243,10.862224083859473,,
demo50_662c028d7106501c,662c028d7106501c,kic_4544745_q5,30,1551856540,arima,tps_like,tps_like_mes,tps_like_mes,49.46808892243634,1,12.955441158032045,1.3486319589428604,,
demo50_662c028d7106501c,662c028d7106501c,kic_4544745_q5,30,1551856540,arima,tps_like,tps_like_robust_veto_score,tps_like_robust_veto_score,49.46808892243634,1,12.955441158032045,1.3486319589428604,,
demo50_662c028d7106501c,662c028d7106501c,kic_4544745_q5,30,1551856540,arima,tps_like,tps_like_event_consistency_score,tps_like_event_consistency_score,40.989502527120884,1,12.955441158032045,1.3486319589428604,,
demo50_662c028d7106501c,662c028d7106501c,kic_4544745_q5,30,1551856540,gp,bls,bls_power,bls_power,0.000529373585734031,1,6.0696898966322115,0.13630312494933605,,
demo50_662c028d7106501c,662c028d7106501c,kic_4544745_q5,30,1551856540,gp,tcf,tcf_event_consistent_score,tcf_event_consistent_score,6.372802618802656,1,11.778926308769591,10.542943458072841,,
demo50_662c028d7106501c,662c028d7106501c,kic_4544745_q5,30,1551856540,gp,tps_like,tps_like_mes,tps_like_mes,27.634087154846064,1,9.318109097890556,1.2944427919574082,,
demo50_662c028d7106501c,662c028d7106501c,kic_4544745_q5,30,1551856540,gp,tps_like,tps_like_robust_veto_score,tps_like_robust_veto_score,27.634087154846064,1,9.318109097890556,1.2944427919574082,,
demo50_662c028d7106501c,662c028d7106501c,kic_4544745_q5,30,1551856540,gp,tps_like,tps_like_event_consistency_score,tps_like_event_consistency_score,22.244920801352915,1,9.318109097890556,1.2944427919574082,,
demo50_662c028d7106501c,662c028d7106501c,kic_4544745_q5,30,1551856540,kalman,bls,bls_power,bls_power,0.00047285415673927584,1,11.032010670223409,0.13002333417534828,,
demo50_662c028d7106501c,662c028d7106501c,kic_4544745_q5,30,1551856540,kalman,tcf,tcf_event_consistent_score,tcf_event_consistent_score,6.707289584568322,1,13.492164054684896,10.54323387471959,,
demo50_662c028d7106501c,662c028d7106501c,kic_4544745_q5,30,1551856540,kalman,tps_like,tps_like_mes,tps_like_mes,40.99660648077274,1,11.157209577737376,1.3160824999213219,,
demo50_662c028d7106501c,662c028d7106501c,kic_4544745_q5,30,1551856540,kalman,tps_like,tps_like_robust_veto_score,tps_like_robust_veto_score,39.25984779900759,1,13.098482306464575,1.3160824999213219,,
demo50_662c028d7106501c,662c028d7106501c,kic_4544745_q5,30,1551856540,kalman,tps_like,tps_like_event_consistency_score,tps_like_event_consistency_score,34.56860941508143,1,13.098482306464575,1.3160824999213219,,
demo50_662c028d7106501c,662c028d7106501c,kic_4544745_q5,30,1551856540,raw,bls,bls_power,bls_power,0.0005084303242361169,1,2.647882627542514,0.12964449962601066,,
demo50_662c028d7106501c,662c028d7106501c,kic_4544745_q5,30,1551856540,raw,tcf,tcf_event_consistent_score,tcf_event_consistent_score,6.474420200450263,1,13.674224741580527,10.624240666162223,,
demo50_662c028d7106501c,662c028d7106501c,kic_4544745_q5,30,1551856540,raw,tps_like,tps_like_mes,tps_like_mes,49.03286934968736,1,2.247789475368336,1.5347194578498602,,
demo50_662c028d7106501c,662c028d7106501c,kic_4544745_q5,30,1551856540,raw,tps_like,tps_like_robust_veto_score,tps_like_robust_veto_score,47.242070890228234,1,3.4942909117089584,1.5347194578498602,,
demo50_662c028d7106501c,662c028d7106501c,kic_4544745_q5,30,1551856540,raw,tps_like,tps_like_event_consistency_score,tps_like_event_consistency_score,40.07233311019392,1,3.4942909117089584,1.5347194578498602,,
demo50_662c028d7106501c,662c028d7106501c,kic_4544745_q5,31,1382013818,arima,bls,bls_power,bls_power,0.0004456015684467102,1,8.161053684561521,0.1555610839277506,,
demo50_662c028d7106501c,662c028d7106501c,kic_4544745_q5,31,1382013818,arima,tcf,tcf_event_consistent_score,tcf_event_consistent_score,6.258365113880381,1,9.41680560186729,11.069796584080905,,
demo50_662c028d7106501c,662c028d7106501c,kic_4544745_q5,31,1382013818,arima,tps_like,tps_like_mes,tps_like_mes,36.54536179926683,1,10.585044984007254,1.317337832879275,,
demo50_662c028d7106501c,662c028d7106501c,kic_4544745_q5,31,1382013818,arima,tps_like,tps_like_robust_veto_score,tps_like_robust_veto_score,36.54536179926683,1,10.585044984007254,1.317337832879275,,
demo50_662c028d7106501c,662c028d7106501c,kic_4544745_q5,31,1382013818,arima,tps_like,tps_like_event_consistency_score,tps_like_event_consistency_score,29.5992429183758,1,10.585044984007254,1.317337832879275,,
demo50_662c028d7106501c,662c028d7106501c,kic_4544745_q5,31,1382013818,gp,bls,bls_power,bls_power,0.000616418655746851,1,8.613871290430144,0.13044483307749033,,
demo50_662c028d7106501c,662c028d7106501c,kic_4544745_q5,31,1382013818,gp,tcf,tcf_event_consistent_score,tcf_event_consistent_score,6.908902086778966,1,7.722240746915639,10.628639707807451,,
demo50_662c028d7106501c,662c028d7106501c,kic_4544745_q5,31,1382013818,gp,tps_like,tps_like_mes,tps_like_mes,74.21161581733347,1,9.502019145875238,1.3301629167981446,,
demo50_662c028d7106501c,662c028d7106501c,kic_4544745_q5,31,1382013818,gp,tps_like,tps_like_robust_veto_score,tps_like_robust_veto_score,74.21161581733347,1,9.502019145875238,1.3301629167981446,,
demo50_662c028d7106501c,662c028d7106501c,kic_4544745_q5,31,1382013818,gp,tps_like,tps_like_event_consistency_score,tps_like_event_consistency_score,58.47698313770551,1,9.502019145875238,1.3301629167981446,,
demo50_662c028d7106501c,662c028d7106501c,kic_4544745_q5,31,1382013818,kalman,bls,bls_power,bls_power,0.000505152632375696,1,12.79193064354785,0.1337517499923706,,
demo50_662c028d7106501c,662c028d7106501c,kic_4544745_q5,31,1382013818,kalman,tcf,tcf_event_consistent_score,tcf_event_consistent_score,6.331531826434803,1,1.3081027009003001,10.552743291016668,,
demo50_662c028d7106501c,662c028d7106501c,kic_4544745_q5,31,1382013818,kalman,tps_like,tps_like_mes,tps_like_mes,40.50982331038598,1,10.809823931544088,1.30777966696769,,
demo50_662c028d7106501c,662c028d7106501c,kic_4544745_q5,31,1382013818,kalman,tps_like,tps_like_robust_veto_score,tps_like_robust_veto_score,40.46443560123677,1,4.536447850288823,1.30777966696769,,
demo50_662c028d7106501c,662c028d7106501c,kic_4544745_q5,31,1382013818,kalman,tps_like,tps_like_event_consistency_score,tps_like_event_consistency_score,33.66628354862826,1,4.536447850288823,1.30777966696769,,
demo50_662c028d7106501c,662c028d7106501c,kic_4544745_q5,31,1382013818,raw,bls,bls_power,bls_power,0.0005332369007714442,1,10.86862287429143,0.12981266621500254,,
demo50_662c028d7106501c,662c028d7106501c,kic_4544745_q5,31,1382013818,raw,tcf,tcf_event_consistent_score,tcf_event_consistent_score,6.764940144608865,1,8.478492830943647,10.47659566719085,,
demo50_662c028d7106501c,662c028d7106501c,kic_4544745_q5,31,1382013818,raw,tps_like,tps_like_mes,tps_like_mes,68.78807547764077,1,8.725510054384358,1.2868850836530328,,
demo50_662c028d7106501c,662c028d7106501c,kic_4544745_q5,31,1382013818,raw,tps_like,tps_like_robust_veto_score,tps_like_robust_veto_score,66.13976172834441,1,12.424145463854074,1.2868850836530328,,
demo50_662c028d7106501c,662c028d7106501c,kic_4544745_q5,31,1382013818,raw,tps_like,tps_like_event_consistency_score,tps_like_event_consistency_score,58.751362808939035,1,12.424145463854074,1.2868850836530328,,
demo50_662c028d7106501c,662c028d7106501c,kic_4544745_q5,32,587430696,arima,bls,bls_power,bls_power,0.0007113335753107844,1,13.002000666888964,0.15567170921713114,,
demo50_662c028d7106501c,662c028d7106501c,kic_4544745_q5,32,587430696,arima,tcf,tcf_event_consistent_score,tcf_event_consistent_score,6.5398377868093895,1,14.239079693231078,10.591572458390146,,
demo50_662c028d7106501c,662c028d7106501c,kic_4544745_q5,32,587430696,arima,tps_like,tps_like_mes,tps_like_mes,47.48286679106564,1,7.98986986244563,1.302349291741848,,
demo50_662c028d7106501c,662c028d7106501c,kic_4544745_q5,32,587430696,arima,tps_like,tps_like_robust_veto_score,tps_like_robust_veto_score,44.320308620756556,1,8.051173211773857,1.302349291741848,,
demo50_662c028d7106501c,662c028d7106501c,kic_4544745_q5,32,587430696,arima,tps_like,tps_like_event_consistency_score,tps_like_event_consistency_score,37.19088311912619,1,8.051173211773857,1.302349291741848,,
demo50_662c028d7106501c,662c028d7106501c,kic_4544745_q5,32,587430696,gp,bls,bls_power,bls_power,0.0006592497319821787,1,6.041680560186729,0.1301158331334591,,
demo50_662c028d7106501c,662c028d7106501c,kic_4544745_q5,32,587430696,gp,tcf,tcf_event_consistent_score,tcf_event_consistent_score,6.373561066356934,1,10.87795931977326,10.60274862498045,,
demo50_662c028d7106501c,662c028d7106501c,kic_4544745_q5,32,587430696,gp,tps_like,tps_like_mes,tps_like_mes,40.900449119883774,1,5.823818186181597,1.3117550830356777,,
demo50_662c028d7106501c,662c028d7106501c,kic_4544745_q5,32,587430696,gp,tps_like,tps_like_robust_veto_score,tps_like_robust_veto_score,37.525936648624715,1,5.455998090212233,1.3117550830356777,,
demo50_662c028d7106501c,662c028d7106501c,kic_4544745_q5,32,587430696,gp,tps_like,tps_like_event_consistency_score,tps_like_event_consistency_score,34.725290365664684,1,5.455998090212233,1.3117550830356777,,
demo50_662c028d7106501c,662c028d7106501c,kic_4544745_q5,32,587430696,kalman,bls,bls_power,bls_power,0.000585800615679872,1,13.92164054684895,0.13079087529331446,,
demo50_662c028d7106501c,662c028d7106501c,kic_4544745_q5,32,587430696,kalman,tcf,tcf_event_consistent_score,tcf_event_consistent_score,6.6863669297155575,1,10.579193064354786,10.621109750121832,,
demo50_662c028d7106501c,662c028d7106501c,kic_4544745_q5,32,587430696,kalman,tps_like,tps_like_mes,tps_like_mes,62.72394909672531,1,13.936294747283682,1.3087277500890195,,
demo50_662c028d7106501c,662c028d7106501c,kic_4544745_q5,32,587430696,kalman,tps_like,tps_like_robust_veto_score,tps_like_robust_veto_score,62.72394909672531,1,13.936294747283682,1.3087277500890195,,
demo50_662c028d7106501c,662c028d7106501c,kic_4544745_q5,32,587430696,kalman,tps_like,tps_like_event_consistency_score,tps_like_event_consistency_score,46.20929514193527,1,13.936294747283682,1.3087277500890195,,
demo50_662c028d7106501c,662c028d7106501c,kic_4544745_q5,32,587430696,raw,bls,bls_power,bls_power,0.0006361645794887041,1,2.3911303767922645,0.12988179130479693,,
demo50_662c028d7106501c,662c028d7106501c,kic_4544745_q5,32,587430696,raw,tcf,tcf_event_consistent_score,tcf_event_consistent_score,6.146841348220746,1,13.170056685561855,11.093618334271014,,
demo50_662c028d7106501c,662c028d7106501c,kic_4544745_q5,32,587430696,raw,tps_like,tps_like_mes,tps_like_mes,49.534713674866566,1,5.76251483685337,1.3178734579123557,,
demo50_662c028d7106501c,662c028d7106501c,kic_4544745_q5,32,587430696,raw,tps_like,tps_like_robust_veto_score,tps_like_robust_veto_score,45.295441717086405,1,4.679488998721354,1.3178734579123557,,
demo50_662c028d7106501c,662c028d7106501c,kic_4544745_q5,32,587430696,raw,tps_like,tps_like_event_consistency_score,tps_like_event_consistency_score,40.12561300197966,1,4.679488998721354,1.3178734579123557,,
demo50_662c028d7106501c,662c028d7106501c,kic_4544745_q5,33,1568790369,arima,bls,bls_power,bls_power,0.000464644310490729,1,10.201067022340782,0.15727495914325118,,
demo50_662c028d7106501c,662c028d7106501c,kic_4544745_q5,33,1568790369,arima,tcf,tcf_event_consistent_score,tcf_event_consistent_score,6.688389721507173,1,13.968322774258088,10.575661833398044,,
demo50_662c028d7106501c,662c028d7106501c,kic_4544745_q5,33,1568790369,arima,tps_like,tps_like_mes,tps_like_mes,38.03447855295487,1,5.37426029110793,1.2954220827668905,,
demo50_662c028d7106501c,662c028d7106501c,kic_4544745_q5,33,1568790369,arima,tps_like,tps_like_robust_veto_score,tps_like_robust_veto_score,36.78942664387879,1,7.131622971850447,1.2954220827668905,,
demo50_662c028d7106501c,662c028d7106501c,kic_4544745_q5,33,1568790369,arima,tps_like,tps_like_event_consistency_score,tps_like_event_consistency_score,30.53908202849952,1,7.131622971850447,1.2954220827668905,,
demo50_662c028d7106501c,662c028d7106501c,kic_4544745_q5,33,1568790369,gp,bls,bls_power,bls_power,0.0006222877747254328,1,4.337779259753251,0.12811429193243384,,
demo50_662c028d7106501c,662c028d7106501c,kic_4544745_q5,33,1568790369,gp,tcf,tcf_event_consistent_score,tcf_event_consistent_score,6.385488822422271,1,7.465488496165389,10.695407791994512,,
demo50_662c028d7106501c,662c028d7106501c,kic_4544745_q5,33,1568790369,gp,tps_like,tps_like_mes,tps_like_mes,34.831924713344556,1,14.998886135639623,1.2950106668286026,,
demo50_662c028d7106501c,662c028d7106501c,kic_4544745_q5,33,1568790369,gp,tps_like,tps_like_robust_veto_score,tps_like_robust_veto_score,34.831924713344556,1,14.998886135639623,1.2950106668286026,,
demo50_662c028d7106501c,662c028d7106501c,kic_4544745_q5,33,1568790369,gp,tps_like,tps_like_event_consistency_score,tps_like_event_consistency_score,26.932090232465583,1,14.998886135639623,1.2950106668286026,,
demo50_662c028d7106501c,662c028d7106501c,kic_4544745_q5,33,1568790369,kalman,bls,bls_power,bls_power,0.00046267313560357235,1,13.884294764921641,0.12968858378008008,,
demo50_662c028d7106501c,662c028d7106501c,kic_4544745_q5,33,1568790369,kalman,tcf,tcf_event_consistent_score,tcf_event_consistent_score,6.275471066865892,1,4.739246415471824,10.930006165988743,,
demo50_662c028d7106501c,662c028d7106501c,kic_4544745_q5,33,1568790369,kalman,tps_like,tps_like_mes,tps_like_mes,54.54690946359871,1,14.712803838774562,1.3378186668269336,,
demo50_662c028d7106501c,662c028d7106501c,kic_4544745_q5,33,1568790369,kalman,tps_like,tps_like_robust_veto_score,tps_like_robust_veto_score,47.70316801229573,1,12.83283445937559,1.3378186668269336,,
demo50_662c028d7106501c,662c028d7106501c,kic_4544745_q5,33,1568790369,kalman,tps_like,tps_like_event_consistency_score,tps_like_event_consistency_score,43.24242194750213,1,12.83283445937559,1.3378186668269336,,
demo50_662c028d7106501c,662c028d7106501c,kic_4544745_q5,33,1568790369,raw,bls,bls_power,bls_power,0.0005600592739946707,1,14.715238412804268,0.1265997919254005,,
demo50_662c028d7106501c,662c028d7106501c,kic_4544745_q5,33,1568790369,raw,tcf,tcf_event_consistent_score,tcf_event_consistent_score,6.5414388233482645,1,10.383127709236414,10.388045416679233,,
demo50_662c028d7106501c,662c028d7106501c,kic_4544745_q5,33,1568790369,raw,tps_like,tps_like_mes,tps_like_mes,33.23990561061454,1,12.321973214973696,1.2806834168732166,,
demo50_662c028d7106501c,662c028d7106501c,kic_4544745_q5,33,1568790369,raw,tps_like,tps_like_robust_veto_score,tps_like_robust_veto_score,30.343104154407452,1,8.010304312221706,1.2806834168732166,,
demo50_662c028d7106501c,662c028d7106501c,kic_4544745_q5,33,1568790369,raw,tps_like,tps_like_event_consistency_score,tps_like_event_consistency_score,28.421766106721385,1,8.010304312221706,1.2806834168732166,,
demo50_662c028d7106501c,662c028d7106501c,kic_4544745_q5,34,425315275,arima,bls,bls_power,bls_power,0.0004863895334943464,1,12.012337445815273,0.1509160827845335,,
demo50_662c028d7106501c,662c028d7106501c,kic_4544745_q5,34,425315275,arima,tcf,tcf_event_consistent_score,tcf_event_consistent_score,6.564467409101223,1,11.106702234078027,10.509356291033328,,
demo50_662c028d7106501c,662c028d7106501c,kic_4544745_q5,34,425315275,arima,tps_like,tps_like_mes,tps_like_mes,49.642247729068465,1,5.3538258413318545,1.3006483749486506,,
demo50_662c028d7106501c,662c028d7106501c,kic_4544745_q5,34,425315275,arima,tps_like,tps_like_robust_veto_score,tps_like_robust_veto_score,43.89183106068379,1,10.707651682663709,1.3006483749486506,,
demo50_662c028d7106501c,662c028d7106501c,kic_4544745_q5,34,425315275,arima,tps_like,tps_like_event_consistency_score,tps_like_event_consistency_score,36.78691286155503,1,10.707651682663709,1.3006483749486506,,
demo50_662c028d7106501c,662c028d7106501c,kic_4544745_q5,34,425315275,gp,bls,bls_power,bls_power,0.0005420324644663775,1,11.26542180726909,0.1256025000475347,,
demo50_662c028d7106501c,662c028d7106501c,kic_4544745_q5,34,425315275,gp,tcf,tcf_event_consistent_score,tcf_event_consistent_score,6.610437970712836,1,10.252417472490832,10.47212858311832,,
demo50_662c028d7106501c,662c028d7106501c,kic_4544745_q5,34,425315275,gp,tps_like,tps_like_mes,tps_like_mes,43.9091271846552,1,10.707651682663709,1.2852286249399185,,
demo50_662c028d7106501c,662c028d7106501c,kic_4544745_q5,34,425315275,gp,tps_like,tps_like_robust_veto_score,tps_like_robust_veto_score,35.1104710919911,1,13.548040201538242,1.2852286249399185,,
demo50_662c028d7106501c,662c028d7106501c,kic_4544745_q5,34,425315275,gp,tps_like,tps_like_event_consistency_score,tps_like_event_consistency_score,33.15869537707333,1,13.548040201538242,1.2852286249399185,,
demo50_662c028d7106501c,662c028d7106501c,kic_4544745_q5,34,425315275,kalman,bls,bls_power,bls_power,0.0004803864504418411,1,5.69623207735912,0.13023754209280014,,
demo50_662c028d7106501c,662c028d7106501c,kic_4544745_q5,34,425315275,kalman,tcf,tcf_event_consistent_score,tcf_event_consistent_score,7.636302704571611,1,13.366122040680228,10.70119291730225,,
demo50_662c028d7106501c,662c028d7106501c,kic_4544745_q5,34,425315275,kalman,tps_like,tps_like_mes,tps_like_mes,49.731141696159675,1,10.60547943378333,1.3346267910674214,,
demo50_662c028d7106501c,662c028d7106501c,kic_4544745_q5,34,425315275,kalman,tps_like,tps_like_robust_veto_score,tps_like_robust_veto_score,47.49751597582263,1,7.949000962893479,1.3346267910674214,,
demo50_662c028d7106501c,662c028d7106501c,kic_4544745_q5,34,425315275,kalman,tps_like,tps_like_event_consistency_score,tps_like_event_consistency_score,37.42017803251625,1,7.949000962893479,1.3346267910674214,,
demo50_662c028d7106501c,662c028d7106501c,kic_4544745_q5,34,425315275,raw,bls,bls_power,bls_power,0.0005442139587639265,1,13.440813604534846,0.12942766584455967,,
demo50_662c028d7106501c,662c028d7106501c,kic_4544745_q5,34,425315275,raw,tcf,tcf_event_consistent_score,tcf_event_consistent_score,6.676425960923241,1,13.758252750916974,10.497952249832451,,
demo50_662c028d7106501c,662c028d7106501c,kic_4544745_q5,34,425315275,raw,tps_like,tps_like_mes,tps_like_mes,56.635498432353316,1,13.46630240243394,1.2767080417834222,,
demo50_662c028d7106501c,662c028d7106501c,kic_4544745_q5,34,425315275,raw,tps_like,tps_like_robust_veto_score,tps_like_robust_veto_score,54.900091905345974,1,13.404999053105712,1.2767080417834222,,
demo50_662c028d7106501c,662c028d7106501c,kic_4544745_q5,34,425315275,raw,tps_like,tps_like_event_consistency_score,tps_like_event_consistency_score,42.2395862491135,1,13.404999053105712,1.2767080417834222,,
demo50_662c028d7106501c,662c028d7106501c,kic_4544745_q5,35,935802443,arima,bls,bls_power,bls_power,0.0008666763745663297,1,11.531510503501169,0.15244366601109505,,
demo50_662c028d7106501c,662c028d7106501c,kic_4544745_q5,35,935802443,arima,tcf,tcf_event_consistent_score,tcf_event_consistent_score,6.58364706841807,1,13.188729576525509,10.58815133292228,,
demo50_662c028d7106501c,662c028d7106501c,kic_4544745_q5,35,935802443,arima,tps_like,tps_like_mes,tps_like_mes,73.78243915999612,1,13.098482306464575,1.3107127086259425,,
demo50_662c028d7106501c,662c028d7106501c,kic_4544745_q5,35,935802443,arima,tps_like,tps_like_robust_veto_score,tps_like_robust_veto_score,73.78243915999612,1,13.098482306464575,1.3107127086259425,,
demo50_662c028d7106501c,662c028d7106501c,kic_4544745_q5,35,935802443,arima,tps_like,tps_like_event_consistency_score,tps_like_event_consistency_score,51.46388008938114,1,13.098482306464575,1.3107127086259425,,
demo50_662c028d7106501c,662c028d7106501c,kic_4544745_q5,35,935802443,gp,bls,bls_power,bls_power,0.0005855431898286696,1,5.551517172390797,0.12671120930463076,,
demo50_662c028d7106501c,662c028d7106501c,kic_4544745_q5,35,935802443,gp,tcf,tcf_event_consistent_score,tcf_event_consistent_score,7.289078997887102,1,5.560853617872625,10.339537375140935,,
demo50_662c028d7106501c,662c028d7106501c,kic_4544745_q5,35,935802443,gp,tps_like,tps_like_mes,tps_like_mes,38.04003346146872,1,9.093330150353722,1.2796010002493858,,
demo50_662c028d7106501c,662c028d7106501c,kic_4544745_q5,35,935802443,gp,tps_like,tps_like_robust_veto_score,tps_like_robust_veto_score,38.04003346146872,1,9.093330150353722,1.2796010002493858,,
demo50_662c028d7106501c,662c028d7106501c,kic_4544745_q5,35,935802443,gp,tps_like,tps_like_event_consistency_score,tps_like_event_consistency_score,29.873153435219102,1,9.093330150353722,1.2796010002493858,,
demo50_662c028d7106501c,662c028d7106501c,kic_4544745_q5,35,935802443,kalman,bls,bls_power,bls_power,0.00047007675032168173,1,3.5861953984661556,0.12952404096722603,,
demo50_662c028d7106501c,662c028d7106501c,kic_4544745_q5,35,935802443,kalman,tcf,tcf_event_consistent_score,tcf_event_consistent_score,6.624889626143732,1,9.874291430476827,10.429702624678612,,
demo50_662c028d7106501c,662c028d7106501c,kic_4544745_q5,35,935802443,kalman,tps_like,tps_like_mes,tps_like_mes,34.32582933016299,1,5.61947368842084,1.3518385831266642,,
demo50_662c028d7106501c,662c028d7106501c,kic_4544745_q5,35,935802443,kalman,tps_like,tps_like_robust_veto_score,tps_like_robust_veto_score,32.093974010572474,1,7.131622971850447,1.3518385831266642,,
demo50_662c028d7106501c,662c028d7106501c,kic_4544745_q5,35,935802443,kalman,tps_like,tps_like_event_consistency_score,tps_like_event_consistency_score,26.806388522751273,1,7.131622971850447,1.3518385831266642,,
demo50_662c028d7106501c,662c028d7106501c,kic_4544745_q5,35,935802443,raw,bls,bls_power,bls_power,0.0005306710304090117,1,10.448482827609205,0.1324994578026235,,
demo50_662c028d7106501c,662c028d7106501c,kic_4544745_q5,35,935802443,raw,tcf,tcf_event_consistent_score,tcf_event_consistent_score,6.464527968365749,1,6.755918639546516,10.627800459042192,,
demo50_662c028d7106501c,662c028d7106501c,kic_4544745_q5,35,935802443,raw,tps_like,tps_like_mes,tps_like_mes,48.90460937717923,1,8.562034456175752,1.2910415418446064,,
demo50_662c028d7106501c,662c028d7106501c,kic_4544745_q5,35,935802443,raw,tps_like,tps_like_robust_veto_score,tps_like_robust_veto_score,43.4447708083132,1,12.015456468332559,1.2910415418446064,,
demo50_662c028d7106501c,662c028d7106501c,kic_4544745_q5,35,935802443,raw,tps_like,tps_like_event_consistency_score,tps_like_event_consistency_score,37.619490785254364,1,12.015456468332559,1.2910415418446064,,
demo50_662c028d7106501c,662c028d7106501c,kic_4544745_q5,36,928261497,arima,bls,bls_power,bls_power,0.00044564223789170276,1,11.993664554851618,0.15343320928514004,,
demo50_662c028d7106501c,662c028d7106501c,kic_4544745_q5,36,928261497,arima,tcf,tcf_event_consistent_score,tcf_event_consistent_score,6.831471703258091,1,1.8542847615871958,10.607203917112201,,
demo50_662c028d7106501c,662c028d7106501c,kic_4544745_q5,36,928261497,arima,tps_like,tps_like_mes,tps_like_mes,54.80477061076943,1,10.646348333335482,1.3153413338586688,,
demo50_662c028d7106501c,662c028d7106501c,kic_4544745_q5,36,928261497,arima,tps_like,tps_like_robust_veto_score,tps_like_robust_veto_score,54.80477061076943,1,10.646348333335482,1.3153413338586688,,
demo50_662c028d7106501c,662c028d7106501c,kic_4544745_q5,36,928261497,arima,tps_like,tps_like_event_consistency_score,tps_like_event_consistency_score,41.93129749972047,1,10.646348333335482,1.3153413338586688,,
demo50_662c028d7106501c,662c028d7106501c,kic_4544745_q5,36,928261497,gp,bls,bls_power,bls_power,0.0005774569216941285,1,10.756585528509504,0.12546420795843005,,
demo50_662c028d7106501c,662c028d7106501c,kic_4544745_q5,36,928261497,gp,tcf,tcf_event_consistent_score,tcf_event_consistent_score,6.284212128506884,1,4.076358786262087,10.445244750007987,,
demo50_662c028d7106501c,662c028d7106501c,kic_4544745_q5,36,928261497,gp,tps_like,tps_like_mes,tps_like_mes,37.261817947140266,1,7.295098570059054,1.294877375010401,,
demo50_662c028d7106501c,662c028d7106501c,kic_4544745_q5,36,928261497,gp,tps_like,tps_like_robust_veto_score,tps_like_robust_veto_score,36.66351348869252,1,13.139351206016727,1.294877375010401,,
demo50_662c028d7106501c,662c028d7106501c,kic_4544745_q5,36,928261497,gp,tps_like,tps_like_event_consistency_score,tps_like_event_consistency_score,30.918343515082366,1,13.139351206016727,1.294877375010401,,
demo50_662c028d7106501c,662c028d7106501c,kic_4544745_q5,36,928261497,kalman,bls,bls_power,bls_power,0.000518206085127715,1,1.5181727242414138,0.1281929579563439,,
demo50_662c028d7106501c,662c028d7106501c,kic_4544745_q5,36,928261497,kalman,tcf,tcf_event_consistent_score,tcf_event_consistent_score,6.471278609666145,1,13.688229409803268,10.517750917002559,,
demo50_662c028d7106501c,662c028d7106501c,kic_4544745_q5,36,928261497,kalman,tps_like,tps_like_mes,tps_like_mes,38.87692758848789,1,12.30153876519762,1.461795249953866,,
demo50_662c028d7106501c,662c028d7106501c,kic_4544745_q5,36,928261497,kalman,tps_like,tps_like_robust_veto_score,tps_like_robust_veto_score,35.497714641269745,1,11.484160774154589,1.461795249953866,,
demo50_662c028d7106501c,662c028d7106501c,kic_4544745_q5,36,928261497,kalman,tps_like,tps_like_event_consistency_score,tps_like_event_consistency_score,30.02292703969263,1,11.484160774154589,1.461795249953866,,
demo50_662c028d7106501c,662c028d7106501c,kic_4544745_q5,36,928261497,raw,bls,bls_power,bls_power,0.0005192213445809228,1,3.282760920306769,0.13847249979153275,,
demo50_662c028d7106501c,662c028d7106501c,kic_4544745_q5,36,928261497,raw,tcf,tcf_event_consistent_score,tcf_event_consistent_score,6.442745196224447,1,9.706235411803934,10.67617316590622,,
demo50_662c028d7106501c,662c028d7106501c,kic_4544745_q5,36,928261497,raw,tps_like,tps_like_mes,tps_like_mes,65.14479728213347,1,8.316821058862843,1.2989652496762574,,
demo50_662c028d7106501c,662c028d7106501c,kic_4544745_q5,36,928261497,raw,tps_like,tps_like_robust_veto_score,tps_like_robust_veto_score,64.21594536283253,1,9.890273691620678,1.2989652496762574,,
demo50_662c028d7106501c,662c028d7106501c,kic_4544745_q5,36,928261497,raw,tps_like,tps_like_event_consistency_score,tps_like_event_consistency_score,60.62225348292801,1,9.890273691620678,1.2989652496762574,,
demo50_662c028d7106501c,662c028d7106501c,kic_4544745_q5,37,217509355,arima,bls,bls_power,bls_power,0.0007443770098882718,1,14.775925308436147,0.15321220783516765,,
demo50_662c028d7106501c,662c028d7106501c,kic_4544745_q5,37,217509355,arima,tcf,tcf_event_consistent_score,tcf_event_consistent_score,6.61152868245834,1,13.338112704234746,10.43061862513423,,
demo50_662c028d7106501c,662c028d7106501c,kic_4544745_q5,37,217509355,arima,tps_like,tps_like_mes,tps_like_mes,54.390078484463245,1,10.564610534231178,1.348076917231083,,
demo50_662c028d7106501c,662c028d7106501c,kic_4544745_q5,37,217509355,arima,tps_like,tps_like_robust_veto_score,tps_like_robust_veto_score,51.53014892060468,1,10.74852058221586,1.348076917231083,,
demo50_662c028d7106501c,662c028d7106501c,kic_4544745_q5,37,217509355,arima,tps_like,tps_like_event_consistency_score,tps_like_event_consistency_score,43.19039199711281,1,10.74852058221586,1.348076917231083,,
demo50_662c028d7106501c,662c028d7106501c,kic_4544745_q5,37,217509355,gp,bls,bls_power,bls_power,0.0005435333080060686,1,5.794264754918307,0.12991645792499185,,
demo50_662c028d7106501c,662c028d7106501c,kic_4544745_q5,37,217509355,gp,tcf,tcf_event_consistent_score,tcf_event_consistent_score,6.083737202229919,1,8.571857285761922,10.620878166984767,,
demo50_662c028d7106501c,662c028d7106501c,kic_4544745_q5,37,217509355,gp,tps_like,tps_like_mes,tps_like_mes,49.42720222407409,1,4.434275601408444,1.3191359168849885,,
demo50_662c028d7106501c,662c028d7106501c,kic_4544745_q5,37,217509355,gp,tps_like,tps_like_robust_veto_score,tps_like_robust_veto_score,49.42720222407409,1,4.434275601408444,1.3191359168849885,,
demo50_662c028d7106501c,662c028d7106501c,kic_4544745_q5,37,217509355,gp,tps_like,tps_like_event_consistency_score,tps_like_event_consistency_score,41.57881152145012,1,4.434275601408444,1.3191359168849885,,
demo50_662c028d7106501c,662c028d7106501c,kic_4544745_q5,37,217509355,kalman,bls,bls_power,bls_power,0.0004866120020264739,1,4.967989329776593,0.13159841671586037,,
demo50_662c028d7106501c,662c028d7106501c,kic_4544745_q5,37,217509355,kalman,tcf,tcf_event_consistent_score,tcf_event_consistent_score,6.574110911890585,1,10.537179059686563,10.52237187512219,,
demo50_662c028d7106501c,662c028d7106501c,kic_4544745_q5,37,217509355,kalman,tps_like,tps_like_mes,tps_like_mes,45.64346385108777,1,3.6782009596936405,1.3184035420417786,,
demo50_662c028d7106501c,662c028d7106501c,kic_4544745_q5,37,217509355,kalman,tps_like,tps_like_robust_veto_score,tps_like_robust_veto_score,44.94150409719235,1,8.90942010236904,1.3184035420417786,,
demo50_662c028d7106501c,662c028d7106501c,kic_4544745_q5,37,217509355,kalman,tps_like,tps_like_event_consistency_score,tps_like_event_consistency_score,36.69818862647257,1,8.90942010236904,1.3184035420417786,,
demo50_662c028d7106501c,662c028d7106501c,kic_4544745_q5,37,217509355,raw,bls,bls_power,bls_power,0.0005949406939524158,1,11.746248749583195,0.13406616728752851,,
demo50_662c028d7106501c,662c028d7106501c,kic_4544745_q5,37,217509355,raw,tcf,tcf_event_consistent_score,tcf_event_consistent_score,7.482917813640391,1,12.945981993998,10.570226084440947,,
demo50_662c028d7106501c,662c028d7106501c,kic_4544745_q5,37,217509355,raw,tps_like,tps_like_mes,tps_like_mes,40.17280557074081,1,3.0242985668592155,1.3221212080679834,,
demo50_662c028d7106501c,662c028d7106501c,kic_4544745_q5,37,217509355,raw,tps_like,tps_like_robust_veto_score,tps_like_robust_veto_score,36.55554552181148,1,3.065167466411367,1.3221212080679834,,
demo50_662c028d7106501c,662c028d7106501c,kic_4544745_q5,37,217509355,raw,tps_like,tps_like_event_consistency_score,tps_like_event_consistency_score,30.8201804722717,1,3.065167466411367,1.3221212080679834,,
demo50_662c028d7106501c,662c028d7106501c,kic_4544745_q5,38,1185744071,arima,bls,bls_power,bls_power,0.0005071669883868262,1,3.525508502834278,0.1562721668742597,,
demo50_662c028d7106501c,662c028d7106501c,kic_4544745_q5,38,1185744071,arima,tcf,tcf_event_consistent_score,tcf_event_consistent_score,6.793413238786729,1,6.573857952650884,10.589689833112061,,
demo50_662c028d7106501c,662c028d7106501c,kic_4544745_q5,38,1185744071,arima,tps_like,tps_like_mes,tps_like_mes,74.53991368112963,1,14.81497608765494,1.3251661667600274,,
demo50_662c028d7106501c,662c028d7106501c,kic_4544745_q5,38,1185744071,arima,tps_like,tps_like_robust_veto_score,tps_like_robust_veto_score,72.81427226028266,1,14.181508144596592,1.3251661667600274,,
demo50_662c028d7106501c,662c028d7106501c,kic_4544745_q5,38,1185744071,arima,tps_like,tps_like_event_consistency_score,tps_like_event_consistency_score,54.259727795012154,1,14.181508144596592,1.3251661667600274,,
demo50_662c028d7106501c,662c028d7106501c,kic_4544745_q5,38,1185744071,gp,bls,bls_power,bls_power,0.0006170994238849251,1,14.649883294431477,0.12837816635146737,,
demo50_662c028d7106501c,662c028d7106501c,kic_4544745_q5,38,1185744071,gp,tcf,tcf_event_consistent_score,tcf_event_consistent_score,6.2813352544867795,1,6.419806602200734,10.542970291804522,,
demo50_662c028d7106501c,662c028d7106501c,kic_4544745_q5,38,1185744071,gp,tps_like,tps_like_mes,tps_like_mes,52.881251744066695,1,9.97201149072498,1.3434357922524214,,
demo50_662c028d7106501c,662c028d7106501c,kic_4544745_q5,38,1185744071,gp,tps_like,tps_like_robust_veto_score,tps_like_robust_veto_score,52.881251744066695,1,9.97201149072498,1.3434357922524214,,
demo50_662c028d7106501c,662c028d7106501c,kic_4544745_q5,38,1185744071,gp,tps_like,tps_like_event_consistency_score,tps_like_event_consistency_score,46.192900065403485,1,9.97201149072498,1.3434357922524214,,
demo50_662c028d7106501c,662c028d7106501c,kic_4544745_q5,38,1185744071,kalman,bls,bls_power,bls_power,0.0005069523048137316,1,11.694898299433145,0.13087891694158316,,
demo50_662c028d7106501c,662c028d7106501c,kic_4544745_q5,38,1185744071,kalman,tcf,tcf_event_consistent_score,tcf_event_consistent_score,6.599835840383985,1,11.447482494164722,10.657790041062981,,
demo50_662c028d7106501c,662c028d7106501c,kic_4544745_q5,38,1185744071,kalman,tps_like,tps_like_mes,tps_like_mes,43.657088886013725,1,4.127758854767308,1.3329958748072386,,
demo50_662c028d7106501c,662c028d7106501c,kic_4544745_q5,38,1185744071,kalman,tps_like,tps_like_robust_veto_score,tps_like_robust_veto_score,43.657088886013725,1,4.127758854767308,1.3329958748072386,,
demo50_662c028d7106501c,662c028d7106501c,kic_4544745_q5,38,1185744071,kalman,tps_like,tps_like_event_consistency_score,tps_like_event_consistency_score,33.92839967482584,1,4.127758854767308,1.3329958748072386,,
demo50_662c028d7106501c,662c028d7106501c,kic_4544745_q5,38,1185744071,raw,bls,bls_power,bls_power,0.0005080489384271449,1,6.135045015005002,0.12854241719469428,,
demo50_662c028d7106501c,662c028d7106501c,kic_4544745_q5,38,1185744071,raw,tcf,tcf_event_consistent_score,tcf_event_consistent_score,6.935900081251347,1,13.501500500166724,10.545483333058655,,
demo50_662c028d7106501c,662c028d7106501c,kic_4544745_q5,38,1185744071,raw,tps_like,tps_like_mes,tps_like_mes,65.58253751540171,1,11.075471778633073,1.278148999903351,,
demo50_662c028d7106501c,662c028d7106501c,kic_4544745_q5,38,1185744071,raw,tps_like,tps_like_robust_veto_score,tps_like_robust_veto_score,64.50868987051466,1,12.628489961614832,1.278148999903351,,
demo50_662c028d7106501c,662c028d7106501c,kic_4544745_q5,38,1185744071,raw,tps_like,tps_like_event_consistency_score,tps_like_event_consistency_score,53.28790053615261,1,12.628489961614832,1.278148999903351,,
demo50_662c028d7106501c,662c028d7106501c,kic_4544745_q5,39,720111140,arima,bls,bls_power,bls_power,0.0007106901379436098,1,13.851617205735247,0.1563908332027495,,
demo50_662c028d7106501c,662c028d7106501c,kic_4544745_q5,39,720111140,arima,tcf,tcf_event_consistent_score,tcf_event_consistent_score,6.305715971426972,1,5.280760253417807,10.566504333168268,,
demo50_662c028d7106501c,662c028d7106501c,kic_4544745_q5,39,720111140,arima,tps_like,tps_like_mes,tps_like_mes,60.59181323675061,1,8.991157901473343,1.310364875011146,,
demo50_662c028d7106501c,662c028d7106501c,kic_4544745_q5,39,720111140,arima,tps_like,tps_like_robust_veto_score,tps_like_robust_veto_score,60.064680394662304,1,9.01159235124942,1.310364875011146,,
demo50_662c028d7106501c,662c028d7106501c,kic_4544745_q5,39,720111140,arima,tps_like,tps_like_event_consistency_score,tps_like_event_consistency_score,51.090462825567265,1,9.01159235124942,1.310364875011146,,
demo50_662c028d7106501c,662c028d7106501c,kic_4544745_q5,39,720111140,gp,bls,bls_power,bls_power,0.0006412477394722485,1,14.295098366122042,0.12618262507021427,,
demo50_662c028d7106501c,662c028d7106501c,kic_4544745_q5,39,720111140,gp,tcf,tcf_event_consistent_score,tcf_event_consistent_score,6.333762565979118,1,13.440813604534846,10.685963208787143,,
demo50_662c028d7106501c,662c028d7106501c,kic_4544745_q5,39,720111140,gp,tps_like,tps_like_mes,tps_like_mes,37.9476339743623,1,12.15849761676509,1.2780591249465942,,
demo50_662c028d7106501c,662c028d7106501c,kic_4544745_q5,39,720111140,gp,tps_like,tps_like_robust_veto_score,tps_like_robust_veto_score,33.68549764563655,1,10.74852058221586,1.2780591249465942,,
demo50_662c028d7106501c,662c028d7106501c,kic_4544745_q5,39,720111140,gp,tps_like,tps_like_event_consistency_score,tps_like_event_consistency_score,30.45142956200575,1,10.74852058221586,1.2780591249465942,,
demo50_662c028d7106501c,662c028d7106501c,kic_4544745_q5,39,720111140,kalman,bls,bls_power,bls_power,0.0005163811056311988,1,7.236745581860621,0.1330761658027768,,
demo50_662c028d7106501c,662c028d7106501c,kic_4544745_q5,39,720111140,kalman,tcf,tcf_event_consistent_score,tcf_event_consistent_score,7.20062713637316,1,8.898632877625875,10.851321292109787,,
demo50_662c028d7106501c,662c028d7106501c,kic_4544745_q5,39,720111140,kalman,tps_like,tps_like_mes,tps_like_mes,38.43124003156859,1,12.383276564301923,1.3229427090846002,,
demo50_662c028d7106501c,662c028d7106501c,kic_4544745_q5,39,720111140,kalman,tps_like,tps_like_robust_veto_score,tps_like_robust_veto_score,38.43124003156859,1,12.383276564301923,1.3229427090846002,,
demo50_662c028d7106501c,662c028d7106501c,kic_4544745_q5,39,720111140,kalman,tps_like,tps_like_event_consistency_score,tps_like_event_consistency_score,32.931261934031575,1,12.383276564301923,1.3229427090846002,,
demo50_662c028d7106501c,662c028d7106501c,kic_4544745_q5,39,720111140,raw,bls,bls_power,bls_power,0.0006553366493989766,1,13.580860286762254,0.13254725001752377,,
demo50_662c028d7106501c,662c028d7106501c,kic_4544745_q5,39,720111140,raw,tcf,tcf_event_consistent_score,tcf_event_consistent_score,6.738125163394237,1,14.019673224408137,10.491244041826576,,
demo50_662c028d7106501c,662c028d7106501c,kic_4544745_q5,39,720111140,raw,tps_like,tps_like_mes,tps_like_mes,62.415392772120384,1,10.564610534231178,1.293831333052367,,
demo50_662c028d7106501c,662c028d7106501c,kic_4544745_q5,39,720111140,raw,tps_like,tps_like_robust_veto_score,tps_like_robust_veto_score,62.415392772120384,1,10.564610534231178,1.293831333052367,,
demo50_662c028d7106501c,662c028d7106501c,kic_4544745_q5,39,720111140,raw,tps_like,tps_like_event_consistency_score,tps_like_event_consistency_score,50.53394983762865,1,10.564610534231178,1.293831333052367,,
demo50_662c028d7106501c,662c028d7106501c,kic_4544745_q5,40,1649174564,arima,bls,bls_power,bls_power,0.00044819134750813416,1,12.483827942647551,0.15665766689926386,,
demo50_662c028d7106501c,662c028d7106501c,kic_4544745_q5,40,1649174564,arima,tcf,tcf_event_consistent_score,tcf_event_consistent_score,6.6787465202786285,1,10.350450150050017,10.571212875191122,,
demo50_662c028d7106501c,662c028d7106501c,kic_4544745_q5,40,1649174564,arima,tps_like,tps_like_mes,tps_like_mes,43.92239405244215,1,11.790677520795725,1.2912093326449394,,
demo50_662c028d7106501c,662c028d7106501c,kic_4544745_q5,40,1649174564,arima,tps_like,tps_like_robust_veto_score,tps_like_robust_veto_score,43.92239405244215,1,11.790677520795725,1.2912093326449394,,
demo50_662c028d7106501c,662c028d7106501c,kic_4544745_q5,40,1649174564,arima,tps_like,tps_like_event_consistency_score,tps_like_event_consistency_score,33.94240364564469,1,11.790677520795725,1.2912093326449394,,
demo50_662c028d7106501c,662c028d7106501c,kic_4544745_q5,40,1649174564,gp,bls,bls_power,bls_power,0.0005694740209615527,1,11.228076025341782,0.12915108306333423,,
demo50_662c028d7106501c,662c028d7106501c,kic_4544745_q5,40,1649174564,gp,tcf,tcf_event_consistent_score,tcf_event_consistent_score,6.7486831604470385,1,14.276425475158387,10.566214874852449,,
demo50_662c028d7106501c,662c028d7106501c,kic_4544745_q5,40,1649174564,gp,tps_like,tps_like_mes,tps_like_mes,26.67979139156811,1,6.3755483301356435,1.2778296247124672,,
demo50_662c028d7106501c,662c028d7106501c,kic_4544745_q5,40,1649174564,gp,tps_like,tps_like_robust_veto_score,tps_like_robust_veto_score,24.767732709585545,1,4.086889955215156,1.2778296247124672,,
demo50_662c028d7106501c,662c028d7106501c,kic_4544745_q5,40,1649174564,gp,tps_like,tps_like_event_consistency_score,tps_like_event_consistency_score,21.952498736575034,1,4.086889955215156,1.2778296247124672,,
demo50_662c028d7106501c,662c028d7106501c,kic_4544745_q5,40,1649174564,kalman,bls,bls_power,bls_power,0.0004899063265852774,1,3.9876625541847286,0.1318382080644369,,
demo50_662c028d7106501c,662c028d7106501c,kic_4544745_q5,40,1649174564,kalman,tcf,tcf_event_consistent_score,tcf_event_consistent_score,6.372007806263284,1,5.621540513504502,10.644207916222513,,
demo50_662c028d7106501c,662c028d7106501c,kic_4544745_q5,40,1649174564,kalman,tps_like,tps_like_mes,tps_like_mes,34.170348223153695,1,4.0460210556630045,1.3004849157296121,,
demo50_662c028d7106501c,662c028d7106501c,kic_4544745_q5,40,1649174564,kalman,tps_like,tps_like_robust_veto_score,tps_like_robust_veto_score,28.178705685597407,1,12.015456468332559,1.3004849157296121,,
demo50_662c028d7106501c,662c028d7106501c,kic_4544745_q5,40,1649174564,kalman,tps_like,tps_like_event_consistency_score,tps_like_event_consistency_score,25.220846736426427,1,12.015456468332559,1.3004849157296121,,
demo50_662c028d7106501c,662c028d7106501c,kic_4544745_q5,40,1649174564,raw,bls,bls_power,bls_power,0.0005447475250224209,1,5.822274091363789,0.12955841608345509,,
demo50_662c028d7106501c,662c028d7106501c,kic_4544745_q5,40,1649174564,raw,tcf,tcf_event_consistent_score,tcf_event_consistent_score,6.924863177902474,1,14.393131043681228,10.55613866681233,,
demo50_662c028d7106501c,662c028d7106501c,kic_4544745_q5,40,1649174564,raw,tps_like,tps_like_mes,tps_like_mes,93.51985614438213,1,4.761226797825657,1.2864322923123837,,
demo50_662c028d7106501c,662c028d7106501c,kic_4544745_q5,40,1649174564,raw,tps_like,tps_like_robust_veto_score,tps_like_robust_veto_score,84.07745268425161,1,13.098482306464575,1.2864322923123837,,
demo50_662c028d7106501c,662c028d7106501c,kic_4544745_q5,40,1649174564,raw,tps_like,tps_like_event_consistency_score,tps_like_event_consistency_score,70.84885276863623,1,13.098482306464575,1.2864322923123837,,
demo50_662c028d7106501c,662c028d7106501c,kic_4544745_q5,41,1175421481,arima,bls,bls_power,bls_power,0.0008098496310022334,1,14.360453484494833,0.15890350006520748,,
demo50_662c028d7106501c,662c028d7106501c,kic_4544745_q5,41,1175421481,arima,tcf,tcf_event_consistent_score,tcf_event_consistent_score,6.54874647565742,1,4.72057352450817,10.976996750105172,,
demo50_662c028d7106501c,662c028d7106501c,kic_4544745_q5,41,1175421481,arima,tps_like,tps_like_mes,tps_like_mes,134.4362613358158,1,13.568474651314318,1.30340729188174,,
demo50_662c028d7106501c,662c028d7106501c,kic_4544745_q5,41,1175421481,arima,tps_like,tps_like_robust_veto_score,tps_like_robust_veto_score,134.4362613358158,1,13.568474651314318,1.30340729188174,,
demo50_662c028d7106501c,662c028d7106501c,kic_4544745_q5,41,1175421481,arima,tps_like,tps_like_event_consistency_score,tps_like_event_consistency_score,114.46317946604837,1,13.568474651314318,1.30340729188174,,
demo50_662c028d7106501c,662c028d7106501c,kic_4544745_q5,41,1175421481,gp,bls,bls_power,bls_power,0.0005886467812644414,1,9.150716905635212,0.1306096250191331,,
demo50_662c028d7106501c,662c028d7106501c,kic_4544745_q5,41,1175421481,gp,tcf,tcf_event_consistent_score,tcf_event_consistent_score,6.899839297050197,1,13.860953651217073,10.68202962493524,,
demo50_662c028d7106501c,662c028d7106501c,kic_4544745_q5,41,1175421481,gp,tps_like,tps_like_mes,tps_like_mes,28.785476113103265,1,13.0780478566885,1.2978142919018865,,
demo50_662c028d7106501c,662c028d7106501c,kic_4544745_q5,41,1175421481,gp,tps_like,tps_like_robust_veto_score,tps_like_robust_veto_score,28.785476113103265,1,13.0780478566885,1.2978142919018865,,
demo50_662c028d7106501c,662c028d7106501c,kic_4544745_q5,41,1175421481,gp,tps_like,tps_like_event_consistency_score,tps_like_event_consistency_score,23.44676906153999,1,13.0780478566885,1.2978142919018865,,
demo50_662c028d7106501c,662c028d7106501c,kic_4544745_q5,41,1175421481,kalman,bls,bls_power,bls_power,0.0004699110039488374,1,11.918972990997,0.13059450034052134,,
demo50_662c028d7106501c,662c028d7106501c,kic_4544745_q5,41,1175421481,kalman,tcf,tcf_event_consistent_score,tcf_event_consistent_score,7.063855136402842,1,9.972324108036013,10.531464000232518,,
demo50_662c028d7106501c,662c028d7106501c,kic_4544745_q5,41,1175421481,kalman,tps_like,tps_like_mes,tps_like_mes,45.962283229336485,1,11.014168429304846,1.2967726672068238,,
demo50_662c028d7106501c,662c028d7106501c,kic_4544745_q5,41,1175421481,kalman,tps_like,tps_like_robust_veto_score,tps_like_robust_veto_score,39.391018405587815,1,10.687217232887633,1.2967726672068238,,
demo50_662c028d7106501c,662c028d7106501c,kic_4544745_q5,41,1175421481,kalman,tps_like,tps_like_event_consistency_score,tps_like_event_consistency_score,32.02010230397747,1,10.687217232887633,1.2967726672068238,,
demo50_662c028d7106501c,662c028d7106501c,kic_4544745_q5,41,1175421481,raw,bls,bls_power,bls_power,0.000567004684890016,1,6.713904634878293,0.12929529091343284,,
demo50_662c028d7106501c,662c028d7106501c,kic_4544745_q5,41,1175421481,raw,tcf,tcf_event_consistent_score,tcf_event_consistent_score,6.524538905566859,1,13.431477159053019,10.740707291290164,,
demo50_662c028d7106501c,662c028d7106501c,kic_4544745_q5,41,1175421481,raw,tps_like,tps_like_mes,tps_like_mes,39.225542495490686,1,10.789389481768012,1.3007039995864034,,
demo50_662c028d7106501c,662c028d7106501c,kic_4544745_q5,41,1175421481,raw,tps_like,tps_like_robust_veto_score,tps_like_robust_veto_score,30.367787104652784,1,11.851980870123953,1.3007039995864034,,
demo50_662c028d7106501c,662c028d7106501c,kic_4544745_q5,41,1175421481,raw,tps_like,tps_like_event_consistency_score,tps_like_event_consistency_score,25.0895931840459,1,11.851980870123953,1.3007039995864034,,
demo50_662c028d7106501c,662c028d7106501c,kic_4544745_q5,42,1347960503,arima,bls,bls_power,bls_power,0.0007978888741970116,1,11.480160053351117,0.15466891694813967,,
demo50_662c028d7106501c,662c028d7106501c,kic_4544745_q5,42,1347960503,arima,tcf,tcf_event_consistent_score,tcf_event_consistent_score,6.167985183877178,1,9.906968989663222,10.923919457942247,,
demo50_662c028d7106501c,662c028d7106501c,kic_4544745_q5,42,1347960503,arima,tps_like,tps_like_mes,tps_like_mes,50.11758858972703,1,1.8391004798468202,1.4587492090649903,,
demo50_662c028d7106501c,662c028d7106501c,kic_4544745_q5,42,1347960503,arima,tps_like,tps_like_robust_veto_score,tps_like_robust_veto_score,45.38653943694266,1,3.1877741650678217,1.4587492090649903,,
demo50_662c028d7106501c,662c028d7106501c,kic_4544745_q5,42,1347960503,arima,tps_like,tps_like_event_consistency_score,tps_like_event_consistency_score,39.5980526833901,1,3.1877741650678217,1.4587492090649903,,
demo50_662c028d7106501c,662c028d7106501c,kic_4544745_q5,42,1347960503,gp,bls,bls_power,bls_power,0.0005612514781200562,1,10.742580860286763,0.1309367916546762,,
demo50_662c028d7106501c,662c028d7106501c,kic_4544745_q5,42,1347960503,gp,tcf,tcf_event_consistent_score,tcf_event_consistent_score,6.425760225136482,1,13.338112704234746,10.642357124947011,,
demo50_662c028d7106501c,662c028d7106501c,kic_4544745_q5,42,1347960503,gp,tps_like,tps_like_mes,tps_like_mes,53.597993774671124,1,12.178932066541165,1.3291252497583628,,
demo50_662c028d7106501c,662c028d7106501c,kic_4544745_q5,42,1347960503,gp,tps_like,tps_like_robust_veto_score,tps_like_robust_veto_score,50.08076362189464,1,14.91714833653532,1.3291252497583628,,
demo50_662c028d7106501c,662c028d7106501c,kic_4544745_q5,42,1347960503,gp,tps_like,tps_like_event_consistency_score,tps_like_event_consistency_score,47.91933880118843,1,14.91714833653532,1.3291252497583628,,
demo50_662c028d7106501c,662c028d7106501c,kic_4544745_q5,42,1347960503,kalman,bls,bls_power,bls_power,0.00047573252007815755,1,8.44114704901634,0.13154079159721732,,
demo50_662c028d7106501c,662c028d7106501c,kic_4544745_q5,42,1347960503,kalman,tcf,tcf_event_consistent_score,tcf_event_consistent_score,6.10729888527508,1,10.471823941313772,10.761264208704233,,
demo50_662c028d7106501c,662c028d7106501c,kic_4544745_q5,42,1347960503,kalman,tps_like,tps_like_mes,tps_like_mes,42.466840496774985,1,2.1047483269358054,1.3325867080129683,,
demo50_662c028d7106501c,662c028d7106501c,kic_4544745_q5,42,1347960503,kalman,tps_like,tps_like_robust_veto_score,tps_like_robust_veto_score,42.02670405278209,1,6.518589478568174,1.3325867080129683,,
demo50_662c028d7106501c,662c028d7106501c,kic_4544745_q5,42,1347960503,kalman,tps_like,tps_like_event_consistency_score,tps_like_event_consistency_score,33.390797398516554,1,6.518589478568174,1.3325867080129683,,
demo50_662c028d7106501c,662c028d7106501c,kic_4544745_q5,42,1347960503,raw,bls,bls_power,bls_power,0.0005439558158469985,1,8.156385461820609,0.1304552499204874,,
demo50_662c028d7106501c,662c028d7106501c,kic_4544745_q5,42,1347960503,raw,tcf,tcf_event_consistent_score,tcf_event_consistent_score,6.157204189758092,1,12.605201733911304,10.513898625038564,,
demo50_662c028d7106501c,662c028d7106501c,kic_4544745_q5,42,1347960503,raw,tps_like,tps_like_mes,tps_like_mes,36.426872883317806,1,7.335967469611205,1.2885692911222577,,
demo50_662c028d7106501c,662c028d7106501c,kic_4544745_q5,42,1347960503,raw,tps_like,tps_like_robust_veto_score,tps_like_robust_veto_score,36.426872883317806,1,7.335967469611205,1.2885692911222577,,
demo50_662c028d7106501c,662c028d7106501c,kic_4544745_q5,42,1347960503,raw,tps_like,tps_like_event_consistency_score,tps_like_event_consistency_score,27.54287401504722,1,7.335967469611205,1.2885692911222577,,
demo50_662c028d7106501c,662c028d7106501c,kic_4544745_q5,43,1407081857,arima,bls,bls_power,bls_power,0.000462593281876423,1,9.584861620540181,0.1570943333208561,,
demo50_662c028d7106501c,662c028d7106501c,kic_4544745_q5,43,1407081857,arima,tcf,tcf_event_consistent_score,tcf_event_consistent_score,6.447188585833287,1,8.576525508502835,10.583887916989625,,
demo50_662c028d7106501c,662c028d7106501c,kic_4544745_q5,43,1407081857,arima,tps_like,tps_like_mes,tps_like_mes,70.47255456253019,1,4.352537802304141,1.3038185839541256,,
demo50_662c028d7106501c,662c028d7106501c,kic_4544745_q5,43,1407081857,arima,tps_like,tps_like_robust_veto_score,tps_like_robust_veto_score,64.87273631407146,1,9.68592919385992,1.3038185839541256,,
demo50_662c028d7106501c,662c028d7106501c,kic_4544745_q5,43,1407081857,arima,tps_like,tps_like_event_consistency_score,tps_like_event_consistency_score,52.486086870677,1,9.68592919385992,1.3038185839541256,,
demo50_662c028d7106501c,662c028d7106501c,kic_4544745_q5,43,1407081857,gp,bls,bls_power,bls_power,0.0005936421138766753,1,11.498832944314772,0.13017108384519815,,
demo50_662c028d7106501c,662c028d7106501c,kic_4544745_q5,43,1407081857,gp,tcf,tcf_event_consistent_score,tcf_event_consistent_score,6.648562631594554,1,5.868956318772924,10.693766791373491,,
demo50_662c028d7106501c,662c028d7106501c,kic_4544745_q5,43,1407081857,gp,tps_like,tps_like_mes,tps_like_mes,70.1543550494113,1,13.691081349970773,1.3689012918621302,,
demo50_662c028d7106501c,662c028d7106501c,kic_4544745_q5,43,1407081857,gp,tps_like,tps_like_robust_veto_score,tps_like_robust_veto_score,65.527591527351,1,13.89542584773153,1.3689012918621302,,
demo50_662c028d7106501c,662c028d7106501c,kic_4544745_q5,43,1407081857,gp,tps_like,tps_like_event_consistency_score,tps_like_event_consistency_score,56.99862402538557,1,13.89542584773153,1.3689012918621302,,
demo50_662c028d7106501c,662c028d7106501c,kic_4544745_q5,43,1407081857,kalman,bls,bls_power,bls_power,0.0004981649334654475,1,5.2387462487495835,0.13562987511977553,,
demo50_662c028d7106501c,662c028d7106501c,kic_4544745_q5,43,1407081857,kalman,tcf,tcf_event_consistent_score,tcf_event_consistent_score,6.307361520486672,1,1.3921307102367457,10.856082084123045,,
demo50_662c028d7106501c,662c028d7106501c,kic_4544745_q5,43,1407081857,kalman,tps_like,tps_like_mes,tps_like_mes,40.92373074203434,1,10.033314840053208,1.3380191661417484,,
demo50_662c028d7106501c,662c028d7106501c,kic_4544745_q5,43,1407081857,kalman,tps_like,tps_like_robust_veto_score,tps_like_robust_veto_score,40.92373074203434,1,10.033314840053208,1.3380191661417484,,
demo50_662c028d7106501c,662c028d7106501c,kic_4544745_q5,43,1407081857,kalman,tps_like,tps_like_event_consistency_score,tps_like_event_consistency_score,32.87504180661365,1,10.033314840053208,1.3380191661417484,,
demo50_662c028d7106501c,662c028d7106501c,kic_4544745_q5,43,1407081857,raw,bls,bls_power,bls_power,0.0005874409352421816,1,5.546848949649884,0.13152862526476383,,
demo50_662c028d7106501c,662c028d7106501c,kic_4544745_q5,43,1407081857,raw,tcf,tcf_event_consistent_score,tcf_event_consistent_score,6.3490797676724675,1,8.69789929976659,10.618469458073378,,
demo50_662c028d7106501c,662c028d7106501c,kic_4544745_q5,43,1407081857,raw,tps_like,tps_like_mes,tps_like_mes,53.332867773718085,1,4.5160134005127475,1.3063329169526696,,
demo50_662c028d7106501c,662c028d7106501c,kic_4544745_q5,43,1407081857,raw,tps_like,tps_like_robust_veto_score,tps_like_robust_veto_score,53.332867773718085,1,4.5160134005127475,1.3063329169526696,,
demo50_662c028d7106501c,662c028d7106501c,kic_4544745_q5,43,1407081857,raw,tps_like,tps_like_event_consistency_score,tps_like_event_consistency_score,45.56728471506922,1,4.5160134005127475,1.3063329169526696,,
demo50_662c028d7106501c,662c028d7106501c,kic_4544745_q5,44,337312643,arima,bls,bls_power,bls_power,0.00075637112069731,1,13.636878959653219,0.15898954216390848,,
demo50_662c028d7106501c,662c028d7106501c,kic_4544745_q5,44,337312643,arima,tcf,tcf_event_consistent_score,tcf_event_consistent_score,6.569414738177002,1,9.090030010003336,10.587541125249118,,
demo50_662c028d7106501c,662c028d7106501c,kic_4544745_q5,44,337312643,arima,tps_like,tps_like_mes,tps_like_mes,109.99580552016921,1,10.135487088933587,1.3323563751764596,,
demo50_662c028d7106501c,662c028d7106501c,kic_4544745_q5,44,337312643,arima,tps_like,tps_like_robust_veto_score,tps_like_robust_veto_score,99.3299283748202,1,12.035890918108635,1.3323563751764596,,
demo50_662c028d7106501c,662c028d7106501c,kic_4544745_q5,44,337312643,arima,tps_like,tps_like_event_consistency_score,tps_like_event_consistency_score,87.4845633040991,1,12.035890918108635,1.3323563751764596,,
demo50_662c028d7106501c,662c028d7106501c,kic_4544745_q5,44,337312643,gp,bls,bls_power,bls_power,0.0006268763969164739,1,9.972324108036013,0.13246562471613288,,
demo50_662c028d7106501c,662c028d7106501c,kic_4544745_q5,44,337312643,gp,tcf,tcf_event_consistent_score,tcf_event_consistent_score,6.051796277664589,1,12.311103701233746,10.79909370932728,,
demo50_662c028d7106501c,662c028d7106501c,kic_4544745_q5,44,337312643,gp,tps_like,tps_like_mes,tps_like_mes,44.823128144668225,1,9.68592919385992,1.3252811669372022,,
demo50_662c028d7106501c,662c028d7106501c,kic_4544745_q5,44,337312643,gp,tps_like,tps_like_robust_veto_score,tps_like_robust_veto_score,43.80845603204538,1,9.93114259117283,1.3252811669372022,,
demo50_662c028d7106501c,662c028d7106501c,kic_4544745_q5,44,337312643,gp,tps_like,tps_like_event_consistency_score,tps_like_event_consistency_score,37.211429453894404,1,9.93114259117283,1.3252811669372022,,
demo50_662c028d7106501c,662c028d7106501c,kic_4544745_q5,44,337312643,kalman,bls,bls_power,bls_power,0.0004957293119289983,1,13.067355785261755,0.13279333291575313,,
demo50_662c028d7106501c,662c028d7106501c,kic_4544745_q5,44,337312643,kalman,tcf,tcf_event_consistent_score,tcf_event_consistent_score,6.320780641975528,1,12.941313771257086,10.674868791829795,,
demo50_662c028d7106501c,662c028d7106501c,kic_4544745_q5,44,337312643,kalman,tps_like,tps_like_mes,tps_like_mes,27.331742269292974,1,10.564610534231178,1.3041469999589026,,
demo50_662c028d7106501c,662c028d7106501c,kic_4544745_q5,44,337312643,kalman,tps_like,tps_like_robust_veto_score,tps_like_robust_veto_score,27.331742269292974,1,10.564610534231178,1.3041469999589026,,
demo50_662c028d7106501c,662c028d7106501c,kic_4544745_q5,44,337312643,kalman,tps_like,tps_like_event_consistency_score,tps_like_event_consistency_score,21.74229814757604,1,10.564610534231178,1.3041469999589026,,
demo50_662c028d7106501c,662c028d7106501c,kic_4544745_q5,44,337312643,raw,bls,bls_power,bls_power,0.0005510806487764576,1,2.0783594531510508,0.1321156658232212,,
demo50_662c028d7106501c,662c028d7106501c,kic_4544745_q5,44,337312643,raw,tcf,tcf_event_consistent_score,tcf_event_consistent_score,6.657175711507396,1,10.308436145381794,10.537596875336021,,
demo50_662c028d7106501c,662c028d7106501c,kic_4544745_q5,44,337312643,raw,tps_like,tps_like_mes,tps_like_mes,63.31213198535759,1,12.199366516317241,1.3009001249447465,,
demo50_662c028d7106501c,662c028d7106501c,kic_4544745_q5,44,337312643,raw,tps_like,tps_like_robust_veto_score,tps_like_robust_veto_score,60.808298221673155,1,11.402422975050285,1.3009001249447465,,
demo50_662c028d7106501c,662c028d7106501c,kic_4544745_q5,44,337312643,raw,tps_like,tps_like_event_consistency_score,tps_like_event_consistency_score,54.14798544181833,1,11.402422975050285,1.3009001249447465,,
demo50_662c028d7106501c,662c028d7106501c,kic_4544745_q5,45,888194477,arima,bls,bls_power,bls_power,0.0007918202229111756,1,12.57252417472491,0.15714037511497736,,
demo50_662c028d7106501c,662c028d7106501c,kic_4544745_q5,45,888194477,arima,tcf,tcf_event_consistent_score,tcf_event_consistent_score,6.370906718728083,1,12.99733244414805,10.561037709005177,,
demo50_662c028d7106501c,662c028d7106501c,kic_4544745_q5,45,888194477,arima,tps_like,tps_like_mes,tps_like_mes,68.50008520936504,1,8.13291101087816,1.38293695775792,,
demo50_662c028d7106501c,662c028d7106501c,kic_4544745_q5,45,888194477,arima,tps_like,tps_like_robust_veto_score,tps_like_robust_veto_score,68.50008520936504,1,8.13291101087816,1.38293695775792,,
demo50_662c028d7106501c,662c028d7106501c,kic_4544745_q5,45,888194477,arima,tps_like,tps_like_event_consistency_score,tps_like_event_consistency_score,62.04025480629318,1,8.13291101087816,1.38293695775792,,
demo50_662c028d7106501c,662c028d7106501c,kic_4544745_q5,45,888194477,gp,bls,bls_power,bls_power,0.0006101262116600577,1,8.553184394798267,0.14713725028559566,,
demo50_662c028d7106501c,662c028d7106501c,kic_4544745_q5,45,888194477,gp,tcf,tcf_event_consistent_score,tcf_event_consistent_score,6.352107854087008,1,12.3297765921974,10.865900374948978,,
demo50_662c028d7106501c,662c028d7106501c,kic_4544745_q5,45,888194477,gp,tps_like,tps_like_mes,tps_like_mes,56.793833775517264,1,10.85069283109624,1.3339924584142864,,
demo50_662c028d7106501c,662c028d7106501c,kic_4544745_q5,45,888194477,gp,tps_like,tps_like_robust_veto_score,tps_like_robust_veto_score,56.793833775517264,1,10.85069283109624,1.3339924584142864,,
demo50_662c028d7106501c,662c028d7106501c,kic_4544745_q5,45,888194477,gp,tps_like,tps_like_event_consistency_score,tps_like_event_consistency_score,48.57823747789357,1,10.85069283109624,1.3339924584142864,,
demo50_662c028d7106501c,662c028d7106501c,kic_4544745_q5,45,888194477,kalman,bls,bls_power,bls_power,0.00046963228583821393,1,8.04434811603868,0.13391058333218098,,
demo50_662c028d7106501c,662c028d7106501c,kic_4544745_q5,45,888194477,kalman,tcf,tcf_event_consistent_score,tcf_event_consistent_score,6.456929249896069,1,12.334444814938314,10.57748958421871,,
demo50_662c028d7106501c,662c028d7106501c,kic_4544745_q5,45,888194477,kalman,tps_like,tps_like_mes,tps_like_mes,32.71716190044097,1,3.6577665099175647,1.3020075419917703,,
demo50_662c028d7106501c,662c028d7106501c,kic_4544745_q5,45,888194477,kalman,tps_like,tps_like_robust_veto_score,tps_like_robust_veto_score,31.683760211680777,1,3.6782009596936405,1.3020075419917703,,
demo50_662c028d7106501c,662c028d7106501c,kic_4544745_q5,45,888194477,kalman,tps_like,tps_like_event_consistency_score,tps_like_event_consistency_score,24.4547023713379,1,3.6782009596936405,1.3020075419917703,,
demo50_662c028d7106501c,662c028d7106501c,kic_4544745_q5,45,888194477,raw,bls,bls_power,bls_power,0.0005005183409533909,1,12.82927642547516,0.1310270419344306,,
demo50_662c028d7106501c,662c028d7106501c,kic_4544745_q5,45,888194477,raw,tcf,tcf_event_consistent_score,tcf_event_consistent_score,6.135364637019215,1,8.893964654884963,10.705460457596928,,
demo50_662c028d7106501c,662c028d7106501c,kic_4544745_q5,45,888194477,raw,tps_like,tps_like_mes,tps_like_mes,63.59592367401328,1,10.891561730648391,1.477265208028257,,
demo50_662c028d7106501c,662c028d7106501c,kic_4544745_q5,45,888194477,raw,tps_like,tps_like_robust_veto_score,tps_like_robust_veto_score,63.59592367401328,1,10.891561730648391,1.477265208028257,,
demo50_662c028d7106501c,662c028d7106501c,kic_4544745_q5,45,888194477,raw,tps_like,tps_like_event_consistency_score,tps_like_event_consistency_score,46.11202919057993,1,10.891561730648391,1.477265208028257,,
demo50_662c028d7106501c,662c028d7106501c,kic_4544745_q5,46,1997541371,arima,bls,bls_power,bls_power,0.00046096194620831105,1,11.904968322774259,0.16827979171648622,,
demo50_662c028d7106501c,662c028d7106501c,kic_4544745_q5,46,1997541371,arima,tcf,tcf_event_consistent_score,tcf_event_consistent_score,6.179450153590216,1,14.873957985995332,10.7694405419752,,
demo50_662c028d7106501c,662c028d7106501c,kic_4544745_q5,46,1997541371,arima,tps_like,tps_like_mes,tps_like_mes,37.11868911033662,1,9.747232543188147,1.341760667040944,,
demo50_662c028d7106501c,662c028d7106501c,kic_4544745_q5,46,1997541371,arima,tps_like,tps_like_robust_veto_score,tps_like_robust_veto_score,37.11868911033662,1,9.747232543188147,1.341760667040944,,
demo50_662c028d7106501c,662c028d7106501c,kic_4544745_q5,46,1997541371,arima,tps_like,tps_like_event_consistency_score,tps_like_event_consistency_score,27.587055147962634,1,9.747232543188147,1.341760667040944,,
demo50_662c028d7106501c,662c028d7106501c,kic_4544745_q5,46,1997541371,gp,bls,bls_power,bls_power,0.0005817565087036719,1,1.7515838612870958,0.13227754225954413,,
demo50_662c028d7106501c,662c028d7106501c,kic_4544745_q5,46,1997541371,gp,tcf,tcf_event_consistent_score,tcf_event_consistent_score,6.400640270444405,1,2.4424808269423144,10.713779749814421,,
demo50_662c028d7106501c,662c028d7106501c,kic_4544745_q5,46,1997541371,gp,tps_like,tps_like_mes,tps_like_mes,38.95393577405454,1,8.582468905951828,1.3406849591992795,,
demo50_662c028d7106501c,662c028d7106501c,kic_4544745_q5,46,1997541371,gp,tps_like,tps_like_robust_veto_score,tps_like_robust_veto_score,38.95393577405454,1,8.582468905951828,1.3406849591992795,,
demo50_662c028d7106501c,662c028d7106501c,kic_4544745_q5,46,1997541371,gp,tps_like,tps_like_event_consistency_score,tps_like_event_consistency_score,33.923947224366806,1,8.582468905951828,1.3406849591992795,,
demo50_662c028d7106501c,662c028d7106501c,kic_4544745_q5,46,1997541371,kalman,bls,bls_power,bls_power,0.000504303288899453,1,9.771590530176725,0.13606558414176106,,
demo50_662c028d7106501c,662c028d7106501c,kic_4544745_q5,46,1997541371,kalman,tcf,tcf_event_consistent_score,tcf_event_consistent_score,7.050922125257614,1,10.448482827609205,10.938357250299305,,
demo50_662c028d7106501c,662c028d7106501c,kic_4544745_q5,46,1997541371,kalman,tps_like,tps_like_mes,tps_like_mes,55.656454213125066,1,10.973299529752694,1.3272030828520656,,
demo50_662c028d7106501c,662c028d7106501c,kic_4544745_q5,46,1997541371,kalman,tps_like,tps_like_robust_veto_score,tps_like_robust_veto_score,55.656454213125066,1,10.973299529752694,1.3272030828520656,,
demo50_662c028d7106501c,662c028d7106501c,kic_4544745_q5,46,1997541371,kalman,tps_like,tps_like_event_consistency_score,tps_like_event_consistency_score,41.06487237415963,1,10.973299529752694,1.3272030828520656,,
demo50_662c028d7106501c,662c028d7106501c,kic_4544745_q5,46,1997541371,raw,bls,bls_power,bls_power,0.0005310176361372805,1,2.769256418806269,0.13050062535330653,,
demo50_662c028d7106501c,662c028d7106501c,kic_4544745_q5,46,1997541371,raw,tcf,tcf_event_consistent_score,tcf_event_consistent_score,6.604781914514957,1,10.280426808936312,10.711253417190164,,
demo50_662c028d7106501c,662c028d7106501c,kic_4544745_q5,46,1997541371,raw,tps_like,tps_like_mes,tps_like_mes,54.65023440343619,1,13.548040201538242,1.3021793751977384,,
demo50_662c028d7106501c,662c028d7106501c,kic_4544745_q5,46,1997541371,raw,tps_like,tps_like_robust_veto_score,tps_like_robust_veto_score,50.90662604506784,1,6.722933976328932,1.3021793751977384,,
demo50_662c028d7106501c,662c028d7106501c,kic_4544745_q5,46,1997541371,raw,tps_like,tps_like_event_consistency_score,tps_like_event_consistency_score,41.845329146669826,1,6.722933976328932,1.3021793751977384,,
demo50_662c028d7106501c,662c028d7106501c,kic_4544745_q5,47,460010759,arima,bls,bls_power,bls_power,0.0004711371538325696,1,8.926642214071357,0.15893241576850414,,
demo50_662c028d7106501c,662c028d7106501c,kic_4544745_q5,47,460010759,arima,tcf,tcf_event_consistent_score,tcf_event_consistent_score,6.1842694742189215,1,8.170390130043348,10.715461249928921,,
demo50_662c028d7106501c,662c028d7106501c,kic_4544745_q5,47,460010759,arima,tps_like,tps_like_mes,tps_like_mes,78.37570751986004,1,10.033314840053208,1.3465929590165615,,
demo50_662c028d7106501c,662c028d7106501c,kic_4544745_q5,47,460010759,arima,tps_like,tps_like_robust_veto_score,tps_like_robust_veto_score,75.62770141358216,1,11.1367751279613,1.3465929590165615,,
demo50_662c028d7106501c,662c028d7106501c,kic_4544745_q5,47,460010759,arima,tps_like,tps_like_event_consistency_score,tps_like_event_consistency_score,61.87775344299398,1,11.1367751279613,1.3465929590165615,,
demo50_662c028d7106501c,662c028d7106501c,kic_4544745_q5,47,460010759,gp,bls,bls_power,bls_power,0.0006270577017613378,1,12.115038346115373,0.1312038330361247,,
demo50_662c028d7106501c,662c028d7106501c,kic_4544745_q5,47,460010759,gp,tcf,tcf_event_consistent_score,tcf_event_consistent_score,6.778993763283164,1,13.622874291430477,10.608556916937232,,
demo50_662c028d7106501c,662c028d7106501c,kic_4544745_q5,47,460010759,gp,tps_like,tps_like_mes,tps_like_mes,89.03352791516257,1,12.44457991363015,1.3521180837415159,,
demo50_662c028d7106501c,662c028d7106501c,kic_4544745_q5,47,460010759,gp,tps_like,tps_like_robust_veto_score,tps_like_robust_veto_score,89.03352791516257,1,12.44457991363015,1.3521180837415159,,
demo50_662c028d7106501c,662c028d7106501c,kic_4544745_q5,47,460010759,gp,tps_like,tps_like_event_consistency_score,tps_like_event_consistency_score,60.40876916484509,1,12.44457991363015,1.3521180837415159,,
demo50_662c028d7106501c,662c028d7106501c,kic_4544745_q5,47,460010759,kalman,bls,bls_power,bls_power,0.0004732206410280346,1,12.642547515838613,0.13527174992486835,,
demo50_662c028d7106501c,662c028d7106501c,kic_4544745_q5,47,460010759,kalman,tcf,tcf_event_consistent_score,tcf_event_consistent_score,6.796006173828707,1,10.126375458486162,10.977483207825571,,
demo50_662c028d7106501c,662c028d7106501c,kic_4544745_q5,47,460010759,kalman,tps_like,tps_like_mes,tps_like_mes,56.206765929666744,1,12.935006708255969,1.3286882918328047,,
demo50_662c028d7106501c,662c028d7106501c,kic_4544745_q5,47,460010759,kalman,tps_like,tps_like_robust_veto_score,tps_like_robust_veto_score,52.34447132933848,1,10.85069283109624,1.3286882918328047,,
demo50_662c028d7106501c,662c028d7106501c,kic_4544745_q5,47,460010759,kalman,tps_like,tps_like_event_consistency_score,tps_like_event_consistency_score,47.84152211861814,1,10.85069283109624,1.3286882918328047,,
demo50_662c028d7106501c,662c028d7106501c,kic_4544745_q5,47,460010759,raw,bls,bls_power,bls_power,0.0005691268782745151,1,13.422140713571192,0.131761834025383,,
demo50_662c028d7106501c,662c028d7106501c,kic_4544745_q5,47,460010759,raw,tcf,tcf_event_consistent_score,tcf_event_consistent_score,6.2056612348500515,1,7.460820273424475,10.599751834291965,,
demo50_662c028d7106501c,662c028d7106501c,kic_4544745_q5,47,460010759,raw,tps_like,tps_like_mes,tps_like_mes,56.43608850018176,1,7.417705268715508,1.3514584582298994,,
demo50_662c028d7106501c,662c028d7106501c,kic_4544745_q5,47,460010759,raw,tps_like,tps_like_robust_veto_score,tps_like_robust_veto_score,54.37934502724566,1,13.404999053105712,1.3514584582298994,,
demo50_662c028d7106501c,662c028d7106501c,kic_4544745_q5,47,460010759,raw,tps_like,tps_like_event_consistency_score,tps_like_event_consistency_score,46.48112272937324,1,13.404999053105712,1.3514584582298994,,
demo50_662c028d7106501c,662c028d7106501c,kic_4544745_q5,48,187597198,arima,bls,bls_power,bls_power,0.0004429036076771243,1,6.457152384128043,0.16170575004070997,,
demo50_662c028d7106501c,662c028d7106501c,kic_4544745_q5,48,187597198,arima,tcf,tcf_event_consistent_score,tcf_event_consistent_score,6.205031788146218,1,4.622540846948983,10.762268084101379,,
demo50_662c028d7106501c,662c028d7106501c,kic_4544745_q5,48,187597198,arima,tps_like,tps_like_mes,tps_like_mes,62.326484462491415,1,13.956729197059758,1.3438746249303222,,
demo50_662c028d7106501c,662c028d7106501c,kic_4544745_q5,48,187597198,arima,tps_like,tps_like_robust_veto_score,tps_like_robust_veto_score,62.326484462491415,1,13.956729197059758,1.3438746249303222,,
demo50_662c028d7106501c,662c028d7106501c,kic_4544745_q5,48,187597198,arima,tps_like,tps_like_event_consistency_score,tps_like_event_consistency_score,47.113622617097164,1,13.956729197059758,1.3438746249303222,,
demo50_662c028d7106501c,662c028d7106501c,kic_4544745_q5,48,187597198,gp,bls,bls_power,bls_power,0.0005448187170237009,1,7.012670890296766,0.13221508264541626,,
demo50_662c028d7106501c,662c028d7106501c,kic_4544745_q5,48,187597198,gp,tcf,tcf_event_consistent_score,tcf_event_consistent_score,6.837674340829088,1,9.127375791930644,10.641060915775597,,
demo50_662c028d7106501c,662c028d7106501c,kic_4544745_q5,48,187597198,gp,tps_like,tps_like_mes,tps_like_mes,53.714882122153455,1,13.302826804225333,1.3251712080091238,,
demo50_662c028d7106501c,662c028d7106501c,kic_4544745_q5,48,187597198,gp,tps_like,tps_like_robust_veto_score,tps_like_robust_veto_score,49.66002870919238,1,10.932430630200543,1.3251712080091238,,
demo50_662c028d7106501c,662c028d7106501c,kic_4544745_q5,48,187597198,gp,tps_like,tps_like_event_consistency_score,tps_like_event_consistency_score,46.886440014612226,1,10.932430630200543,1.3251712080091238,,
demo50_662c028d7106501c,662c028d7106501c,kic_4544745_q5,48,187597198,kalman,bls,bls_power,bls_power,0.0004637493685465606,1,9.89296432144048,0.1356127499602735,,
demo50_662c028d7106501c,662c028d7106501c,kic_4544745_q5,48,187597198,kalman,tcf,tcf_event_consistent_score,tcf_event_consistent_score,6.434016525858902,1,13.086028676225409,10.550283832941204,,
demo50_662c028d7106501c,662c028d7106501c,kic_4544745_q5,48,187597198,kalman,tps_like,tps_like_mes,tps_like_mes,43.81110608086965,1,6.477720579016022,1.3390353750437498,,
demo50_662c028d7106501c,662c028d7106501c,kic_4544745_q5,48,187597198,kalman,tps_like,tps_like_robust_veto_score,tps_like_robust_veto_score,43.03248194907666,1,10.99373397952877,1.3390353750437498,,
demo50_662c028d7106501c,662c028d7106501c,kic_4544745_q5,48,187597198,kalman,tps_like,tps_like_event_consistency_score,tps_like_event_consistency_score,37.72930254636845,1,10.99373397952877,1.3390353750437498,,
demo50_662c028d7106501c,662c028d7106501c,kic_4544745_q5,48,187597198,raw,bls,bls_power,bls_power,0.0004850282249760097,1,2.6432144048016006,0.13365770922973752,,
demo50_662c028d7106501c,662c028d7106501c,kic_4544745_q5,48,187597198,raw,tcf,tcf_event_consistent_score,tcf_event_consistent_score,6.174541348843688,1,14.206402134044682,10.839945833198726,,
demo50_662c028d7106501c,662c028d7106501c,kic_4544745_q5,48,187597198,raw,tps_like,tps_like_mes,tps_like_mes,53.467767502126165,1,10.830258381320164,1.3410353339277208,,
demo50_662c028d7106501c,662c028d7106501c,kic_4544745_q5,48,187597198,raw,tps_like,tps_like_robust_veto_score,tps_like_robust_veto_score,49.99452321786926,1,11.23894737684168,1.3410353339277208,,
demo50_662c028d7106501c,662c028d7106501c,kic_4544745_q5,48,187597198,raw,tps_like,tps_like_event_consistency_score,tps_like_event_consistency_score,42.55882684975678,1,11.23894737684168,1.3410353339277208,,
demo50_662c028d7106501c,662c028d7106501c,kic_4544745_q5,49,388918290,arima,bls,bls_power,bls_power,0.0007808883242770417,1,14.043014338112705,0.16309541603550315,,
demo50_662c028d7106501c,662c028d7106501c,kic_4544745_q5,49,388918290,arima,tcf,tcf_event_consistent_score,tcf_event_consistent_score,6.498753049833631,1,6.779259753251084,11.18448254140094,,
demo50_662c028d7106501c,662c028d7106501c,kic_4544745_q5,49,388918290,arima,tps_like,tps_like_mes,tps_like_mes,66.44710381856244,1,11.790677520795725,1.381947834044695,,
demo50_662c028d7106501c,662c028d7106501c,kic_4544745_q5,49,388918290,arima,tps_like,tps_like_robust_veto_score,tps_like_robust_veto_score,45.57327944803002,1,10.4624382853508,1.381947834044695,,
demo50_662c028d7106501c,662c028d7106501c,kic_4544745_q5,49,388918290,arima,tps_like,tps_like_event_consistency_score,tps_like_event_consistency_score,40.39221328609992,1,10.4624382853508,1.381947834044695,,
demo50_662c028d7106501c,662c028d7106501c,kic_4544745_q5,49,388918290,gp,bls,bls_power,bls_power,0.0006229215655777821,1,6.601867289096366,0.1353973331861198,,
demo50_662c028d7106501c,662c028d7106501c,kic_4544745_q5,49,388918290,gp,tcf,tcf_event_consistent_score,tcf_event_consistent_score,6.417115541996391,1,3.8476158719573195,10.923758750315756,,
demo50_662c028d7106501c,662c028d7106501c,kic_4544745_q5,49,388918290,gp,tps_like,tps_like_mes,tps_like_mes,32.29534894211568,1,12.076759817660786,1.5630567502230406,,
demo50_662c028d7106501c,662c028d7106501c,kic_4544745_q5,49,388918290,gp,tps_like,tps_like_robust_veto_score,tps_like_robust_veto_score,32.29534894211568,1,12.076759817660786,1.5630567502230406,,
demo50_662c028d7106501c,662c028d7106501c,kic_4544745_q5,49,388918290,gp,tps_like,tps_like_event_consistency_score,tps_like_event_consistency_score,23.935442129982476,1,12.076759817660786,1.5630567502230406,,
demo50_662c028d7106501c,662c028d7106501c,kic_4544745_q5,49,388918290,kalman,bls,bls_power,bls_power,0.0004811485640764884,1,10.0703567855952,0.16669266624376178,,
demo50_662c028d7106501c,662c028d7106501c,kic_4544745_q5,49,388918290,kalman,tcf,tcf_event_consistent_score,tcf_event_consistent_score,6.804648508665872,1,8.996665555185063,11.296516959089786,,
demo50_662c028d7106501c,662c028d7106501c,kic_4544745_q5,49,388918290,kalman,tps_like,tps_like_mes,tps_like_mes,41.093988435182794,1,10.401134936022572,1.3489396669901907,,
demo50_662c028d7106501c,662c028d7106501c,kic_4544745_q5,49,388918290,kalman,tps_like,tps_like_robust_veto_score,tps_like_robust_veto_score,41.093988435182794,1,10.401134936022572,1.3489396669901907,,
demo50_662c028d7106501c,662c028d7106501c,kic_4544745_q5,49,388918290,kalman,tps_like,tps_like_event_consistency_score,tps_like_event_consistency_score,32.993286383199596,1,10.401134936022572,1.3489396669901907,,
demo50_662c028d7106501c,662c028d7106501c,kic_4544745_q5,49,388918290,raw,bls,bls_power,bls_power,0.0005636311393416801,1,14.78059353117706,0.1354003339074552,,
demo50_662c028d7106501c,662c028d7106501c,kic_4544745_q5,49,388918290,raw,tcf,tcf_event_consistent_score,tcf_event_consistent_score,6.100236814174474,1,6.895965321773925,10.933578500058502,,
demo50_662c028d7106501c,662c028d7106501c,kic_4544745_q5,49,388918290,raw,tps_like,tps_like_mes,tps_like_mes,77.21791992472802,1,6.416417229687795,1.3801730419509113,,
demo50_662c028d7106501c,662c028d7106501c,kic_4544745_q5,49,388918290,raw,tps_like,tps_like_robust_veto_score,tps_like_robust_veto_score,74.89861043692086,1,9.808535892516375,1.3801730419509113,,
demo50_662c028d7106501c,662c028d7106501c,kic_4544745_q5,49,388918290,raw,tps_like,tps_like_event_consistency_score,tps_like_event_consistency_score,62.85749092908051,1,9.808535892516375,1.3801730419509113,,
demo50_662c028d7106501c,662c028d7106501c,kic_4544745_q5,50,945050416,arima,bls,bls_power,bls_power,0.0006824040367706474,1,11.35411803934645,0.1620613751001656,,
demo50_662c028d7106501c,662c028d7106501c,kic_4544745_q5,50,945050416,arima,tcf,tcf_event_consistent_score,tcf_event_consistent_score,7.132830601588992,1,14.799266422140715,11.168807916808873,,
demo50_662c028d7106501c,662c028d7106501c,kic_4544745_q5,50,945050416,arima,tps_like,tps_like_mes,tps_like_mes,55.935712530926054,1,11.892849769676104,1.3704478326253593,,
demo50_662c028d7106501c,662c028d7106501c,kic_4544745_q5,50,945050416,arima,tps_like,tps_like_robust_veto_score,tps_like_robust_veto_score,53.44899235402437,1,9.236371298786253,1.3704478326253593,,
demo50_662c028d7106501c,662c028d7106501c,kic_4544745_q5,50,945050416,arima,tps_like,tps_like_event_consistency_score,tps_like_event_consistency_score,44.00408121112049,1,9.236371298786253,1.3704478326253593,,
demo50_662c028d7106501c,662c028d7106501c,kic_4544745_q5,50,945050416,gp,bls,bls_power,bls_power,0.0005615343374544061,1,8.562520840280094,0.13452266715466976,,
demo50_662c028d7106501c,662c028d7106501c,kic_4544745_q5,50,945050416,gp,tcf,tcf_event_consistent_score,tcf_event_consistent_score,6.41768266239844,1,14.747915971990665,11.173833541106433,,
demo50_662c028d7106501c,662c028d7106501c,kic_4544745_q5,50,945050416,gp,tps_like,tps_like_mes,tps_like_mes,91.78188209216597,1,12.873703358927742,1.4051679577678442,,
demo50_662c028d7106501c,662c028d7106501c,kic_4544745_q5,50,945050416,gp,tps_like,tps_like_robust_veto_score,tps_like_robust_veto_score,87.37583712959548,1,10.707651682663709,1.4051679577678442,,
demo50_662c028d7106501c,662c028d7106501c,kic_4544745_q5,50,945050416,gp,tps_like,tps_like_event_consistency_score,tps_like_event_consistency_score,76.71027781170751,1,10.707651682663709,1.4051679577678442,,
demo50_662c028d7106501c,662c028d7106501c,kic_4544745_q5,50,945050416,kalman,bls,bls_power,bls_power,0.0004686082865923572,1,1.7655885295098366,0.13781345821917057,,
demo50_662c028d7106501c,662c028d7106501c,kic_4544745_q5,50,945050416,kalman,tcf,tcf_event_consistent_score,tcf_event_consistent_score,7.141195914299132,1,11.480160053351117,11.078950874973089,,
demo50_662c028d7106501c,662c028d7106501c,kic_4544745_q5,50,945050416,kalman,tps_like,tps_like_mes,tps_like_mes,31.641397110574122,1,8.66420670505613,1.354924624785781,,
demo50_662c028d7106501c,662c028d7106501c,kic_4544745_q5,50,945050416,kalman,tps_like,tps_like_robust_veto_score,tps_like_robust_veto_score,30.228495689054824,1,13.834122498403303,1.354924624785781,,
demo50_662c028d7106501c,662c028d7106501c,kic_4544745_q5,50,945050416,kalman,tps_like,tps_like_event_consistency_score,tps_like_event_consistency_score,28.764304316679716,1,13.834122498403303,1.354924624785781,,
demo50_662c028d7106501c,662c028d7106501c,kic_4544745_q5,50,945050416,raw,bls,bls_power,bls_power,0.0005341908939163645,1,1.8822940980326777,0.13538579223677516,,
demo50_662c028d7106501c,662c028d7106501c,kic_4544745_q5,50,945050416,raw,tcf,tcf_event_consistent_score,tcf_event_consistent_score,7.276251175369627,1,13.235411803934646,11.141686958726496,,
demo50_662c028d7106501c,662c028d7106501c,kic_4544745_q5,50,945050416,raw,tps_like,tps_like_mes,tps_like_mes,38.23754587936079,1,11.198078477289528,1.3653003750368953,,
demo50_662c028d7106501c,662c028d7106501c,kic_4544745_q5,50,945050416,raw,tps_like,tps_like_robust_veto_score,tps_like_robust_veto_score,33.03307710246116,1,6.29381053103134,1.3653003750368953,,
demo50_662c028d7106501c,662c028d7106501c,kic_4544745_q5,50,945050416,raw,tps_like,tps_like_event_consistency_score,tps_like_event_consistency_score,28.231503566943726,1,6.29381053103134,1.3653003750368953,,
demo50_662c028d7106501c,662c028d7106501c,kic_4544745_q5,51,731753577,arima,bls,bls_power,bls_power,0.000705483322336026,1,11.400800266755587,0.1654744166880846,,
demo50_662c028d7106501c,662c028d7106501c,kic_4544745_q5,51,731753577,arima,tcf,tcf_event_consistent_score,tcf_event_consistent_score,6.466267937409803,1,10.257085695231744,10.939034292008728,,
demo50_662c028d7106501c,662c028d7106501c,kic_4544745_q5,51,731753577,arima,tps_like,tps_like_mes,tps_like_mes,77.78944028544448,1,2.411265073576942,1.3887947076000273,,
demo50_662c028d7106501c,662c028d7106501c,kic_4544745_q5,51,731753577,arima,tps_like,tps_like_robust_veto_score,tps_like_robust_veto_score,63.56884068064745,1,6.947712923865765,1.3887947076000273,,
demo50_662c028d7106501c,662c028d7106501c,kic_4544745_q5,51,731753577,arima,tps_like,tps_like_event_consistency_score,tps_like_event_consistency_score,53.02802884722319,1,6.947712923865765,1.3887947076000273,,
demo50_662c028d7106501c,662c028d7106501c,kic_4544745_q5,51,731753577,gp,bls,bls_power,bls_power,0.0005853858026603049,1,8.427142380793597,0.13363087503239512,,
demo50_662c028d7106501c,662c028d7106501c,kic_4544745_q5,51,731753577,gp,tcf,tcf_event_consistent_score,tcf_event_consistent_score,6.177463239533532,1,12.222407469156387,10.944071999751031,,
demo50_662c028d7106501c,662c028d7106501c,kic_4544745_q5,51,731753577,gp,tps_like,tps_like_mes,tps_like_mes,55.587789406361644,1,6.988581823417917,1.3780438336543739,,
demo50_662c028d7106501c,662c028d7106501c,kic_4544745_q5,51,731753577,gp,tps_like,tps_like_robust_veto_score,tps_like_robust_veto_score,52.74134899920819,1,9.767666992964223,1.3780438336543739,,
demo50_662c028d7106501c,662c028d7106501c,kic_4544745_q5,51,731753577,gp,tps_like,tps_like_event_consistency_score,tps_like_event_consistency_score,45.625510083957984,1,9.767666992964223,1.3780438336543739,,
demo50_662c028d7106501c,662c028d7106501c,kic_4544745_q5,51,731753577,kalman,bls,bls_power,bls_power,0.0005011194577847941,1,10.87795931977326,0.1355204163119197,,
demo50_662c028d7106501c,662c028d7106501c,kic_4544745_q5,51,731753577,kalman,tcf,tcf_event_consistent_score,tcf_event_consistent_score,7.273114458509639,1,14.733911303767924,11.158366666175425,,
demo50_662c028d7106501c,662c028d7106501c,kic_4544745_q5,51,731753577,kalman,tps_like,tps_like_mes,tps_like_mes,40.04118515563689,1,14.733238288550638,1.587311333976686,,
demo50_662c028d7106501c,662c028d7106501c,kic_4544745_q5,51,731753577,kalman,tps_like,tps_like_robust_veto_score,tps_like_robust_veto_score,37.402274794880796,1,13.139351206016727,1.587311333976686,,
demo50_662c028d7106501c,662c028d7106501c,kic_4544745_q5,51,731753577,kalman,tps_like,tps_like_event_consistency_score,tps_like_event_consistency_score,31.830031886634103,1,13.139351206016727,1.587311333976686,,
demo50_662c028d7106501c,662c028d7106501c,kic_4544745_q5,51,731753577,raw,bls,bls_power,bls_power,0.0005989002036357831,1,10.154384794931644,0.13542887521907687,,
demo50_662c028d7106501c,662c028d7106501c,kic_4544745_q5,51,731753577,raw,tcf,tcf_event_consistent_score,tcf_event_consistent_score,6.492037832311162,1,10.616538846282095,10.89546745782718,,
demo50_662c028d7106501c,662c028d7106501c,kic_4544745_q5,51,731753577,raw,tps_like,tps_like_mes,tps_like_mes,33.45218337180855,1,6.784237325657159,1.3324997504241765,,
demo50_662c028d7106501c,662c028d7106501c,kic_4544745_q5,51,731753577,raw,tps_like,tps_like_robust_veto_score,tps_like_robust_veto_score,30.93451153098336,1,3.9438488067826256,1.3324997504241765,,
demo50_662c028d7106501c,662c028d7106501c,kic_4544745_q5,51,731753577,raw,tps_like,tps_like_event_consistency_score,tps_like_event_consistency_score,27.9662002979099,1,3.9438488067826256,1.3324997504241765,,
demo50_662c028d7106501c,662c028d7106501c,kic_4544745_q5,52,1072477827,arima,bls,bls_power,bls_power,0.0007202890939644563,1,14.97199066355452,0.1605116669088602,,
demo50_662c028d7106501c,662c028d7106501c,kic_4544745_q5,52,1072477827,arima,tcf,tcf_event_consistent_score,tcf_event_consistent_score,6.454081947549528,1,7.694231410470158,11.304661707952619,,
demo50_662c028d7106501c,662c028d7106501c,kic_4544745_q5,52,1072477827,arima,tps_like,tps_like_mes,tps_like_mes,54.170887522171896,1,6.130334932822734,1.4037876250222325,,
demo50_662c028d7106501c,662c028d7106501c,kic_4544745_q5,52,1072477827,arima,tps_like,tps_like_robust_veto_score,tps_like_robust_veto_score,52.46275266208197,1,6.15076938259881,1.4037876250222325,,
demo50_662c028d7106501c,662c028d7106501c,kic_4544745_q5,52,1072477827,arima,tps_like,tps_like_event_consistency_score,tps_like_event_consistency_score,40.054303976910106,1,6.15076938259881,1.4037876250222325,,
demo50_662c028d7106501c,662c028d7106501c,kic_4544745_q5,52,1072477827,gp,bls,bls_power,bls_power,0.0005939044436220055,1,8.861287095698568,0.13263816572725773,,
demo50_662c028d7106501c,662c028d7106501c,kic_4544745_q5,52,1072477827,gp,tcf,tcf_event_consistent_score,tcf_event_consistent_score,6.311565007404176,1,1.8076025341780593,10.77646908396855,,
demo50_662c028d7106501c,662c028d7106501c,kic_4544745_q5,52,1072477827,gp,tps_like,tps_like_mes,tps_like_mes,103.10674181376396,1,11.688505271915346,1.3407204174436629,,
demo50_662c028d7106501c,662c028d7106501c,kic_4544745_q5,52,1072477827,gp,tps_like,tps_like_robust_veto_score,tps_like_robust_veto_score,95.60219721310598,1,8.153345460654236,1.3407204174436629,,
demo50_662c028d7106501c,662c028d7106501c,kic_4544745_q5,52,1072477827,gp,tps_like,tps_like_event_consistency_score,tps_like_event_consistency_score,85.64884247367125,1,8.153345460654236,1.3407204174436629,,
demo50_662c028d7106501c,662c028d7106501c,kic_4544745_q5,52,1072477827,kalman,bls,bls_power,bls_power,0.0005007638490114237,1,10.723907969323108,0.13507033372297883,,
demo50_662c028d7106501c,662c028d7106501c,kic_4544745_q5,52,1072477827,kalman,tcf,tcf_event_consistent_score,tcf_event_consistent_score,6.776151242606548,1,4.916638879626543,10.73658408317715,,
demo50_662c028d7106501c,662c028d7106501c,kic_4544745_q5,52,1072477827,kalman,tps_like,tps_like_mes,tps_like_mes,55.7939095543687,1,7.152057421626523,1.3397467080503702,,
demo50_662c028d7106501c,662c028d7106501c,kic_4544745_q5,52,1072477827,kalman,tps_like,tps_like_robust_veto_score,tps_like_robust_veto_score,52.331927029119676,1,8.541600006399676,1.3397467080503702,,
demo50_662c028d7106501c,662c028d7106501c,kic_4544745_q5,52,1072477827,kalman,tps_like,tps_like_event_consistency_score,tps_like_event_consistency_score,46.69358389492627,1,8.541600006399676,1.3397467080503702,,
demo50_662c028d7106501c,662c028d7106501c,kic_4544745_q5,52,1072477827,raw,bls,bls_power,bls_power,0.0006018640222603201,1,13.683561187062356,0.13326012482866645,,
demo50_662c028d7106501c,662c028d7106501c,kic_4544745_q5,52,1072477827,raw,tcf,tcf_event_consistent_score,tcf_event_consistent_score,6.249727900330636,1,5.873624541513839,10.801520209293813,,
demo50_662c028d7106501c,662c028d7106501c,kic_4544745_q5,52,1072477827,raw,tps_like,tps_like_mes,tps_like_mes,48.08558184855569,1,12.485448813182302,1.3012806670740247,,
demo50_662c028d7106501c,662c028d7106501c,kic_4544745_q5,52,1072477827,raw,tps_like,tps_like_robust_veto_score,tps_like_robust_veto_score,48.08558184855569,1,12.485448813182302,1.3012806670740247,,
demo50_662c028d7106501c,662c028d7106501c,kic_4544745_q5,52,1072477827,raw,tps_like,tps_like_event_consistency_score,tps_like_event_consistency_score,34.973377416263375,1,12.485448813182302,1.3012806670740247,,
demo50_662c028d7106501c,662c028d7106501c,kic_4544745_q5,53,1581743279,arima,bls,bls_power,bls_power,0.0007111710680299335,1,13.062687562520841,0.1601569172926247,,
demo50_662c028d7106501c,662c028d7106501c,kic_4544745_q5,53,1581743279,arima,tcf,tcf_event_consistent_score,tcf_event_consistent_score,6.856438882263515,1,11.928309436478827,10.644560125190765,,
demo50_662c028d7106501c,662c028d7106501c,kic_4544745_q5,53,1581743279,arima,tps_like,tps_like_mes,tps_like_mes,51.89357404914802,1,5.946424884838052,1.3356344592757523,,
demo50_662c028d7106501c,662c028d7106501c,kic_4544745_q5,53,1581743279,arima,tps_like,tps_like_robust_veto_score,tps_like_robust_veto_score,47.69727231832012,1,13.46630240243394,1.3356344592757523,,
demo50_662c028d7106501c,662c028d7106501c,kic_4544745_q5,53,1581743279,arima,tps_like,tps_like_event_consistency_score,tps_like_event_consistency_score,40.77507378206052,1,13.46630240243394,1.3356344592757523,,
demo50_662c028d7106501c,662c028d7106501c,kic_4544745_q5,53,1581743279,gp,bls,bls_power,bls_power,0.0005548189678403727,1,2.8159386462154052,0.131438999902457,,
demo50_662c028d7106501c,662c028d7106501c,kic_4544745_q5,53,1581743279,gp,tcf,tcf_event_consistent_score,tcf_event_consistent_score,6.7763442006895795,1,10.009669889963321,10.803323042113334,,
demo50_662c028d7106501c,662c028d7106501c,kic_4544745_q5,53,1581743279,gp,tps_like,tps_like_mes,tps_like_mes,59.42085903533822,1,10.421569385798648,1.3504744577221572,,
demo50_662c028d7106501c,662c028d7106501c,kic_4544745_q5,53,1581743279,gp,tps_like,tps_like_robust_veto_score,tps_like_robust_veto_score,59.42085903533822,1,10.421569385798648,1.3504744577221572,,
demo50_662c028d7106501c,662c028d7106501c,kic_4544745_q5,53,1581743279,gp,tps_like,tps_like_event_consistency_score,tps_like_event_consistency_score,53.073799922343454,1,10.421569385798648,1.3504744577221572,,
demo50_662c028d7106501c,662c028d7106501c,kic_4544745_q5,53,1581743279,kalman,bls,bls_power,bls_power,0.0004558122231972899,1,14.785261753917974,0.13431641599163413,,
demo50_662c028d7106501c,662c028d7106501c,kic_4544745_q5,53,1581743279,kalman,tcf,tcf_event_consistent_score,tcf_event_consistent_score,7.275463428171559,1,10.602534178059354,10.52290845895186,,
demo50_662c028d7106501c,662c028d7106501c,kic_4544745_q5,53,1581743279,kalman,tps_like,tps_like_mes,tps_like_mes,48.993956323142996,1,7.826394264237024,1.3460741671733558,,
demo50_662c028d7106501c,662c028d7106501c,kic_4544745_q5,53,1581743279,kalman,tps_like,tps_like_robust_veto_score,tps_like_robust_veto_score,48.993956323142996,1,7.826394264237024,1.3460741671733558,,
demo50_662c028d7106501c,662c028d7106501c,kic_4544745_q5,53,1581743279,kalman,tps_like,tps_like_event_consistency_score,tps_like_event_consistency_score,38.25065510094985,1,7.826394264237024,1.3460741671733558,,
demo50_662c028d7106501c,662c028d7106501c,kic_4544745_q5,53,1581743279,raw,bls,bls_power,bls_power,0.0005137744452283941,1,6.023007669223075,0.12827733298763633,,
demo50_662c028d7106501c,662c028d7106501c,kic_4544745_q5,53,1581743279,raw,tcf,tcf_event_consistent_score,tcf_event_consistent_score,6.718789011041801,1,8.59519839946649,10.521984708029777,,
demo50_662c028d7106501c,662c028d7106501c,kic_4544745_q5,53,1581743279,raw,tps_like,tps_like_mes,tps_like_mes,59.5717031803334,1,4.556882300064899,1.301497250329703,,
demo50_662c028d7106501c,662c028d7106501c,kic_4544745_q5,53,1581743279,raw,tps_like,tps_like_robust_veto_score,tps_like_robust_veto_score,58.015730931169415,1,10.625913883559406,1.301497250329703,,
demo50_662c028d7106501c,662c028d7106501c,kic_4544745_q5,53,1581743279,raw,tps_like,tps_like_event_consistency_score,tps_like_event_consistency_score,49.45046147019944,1,10.625913883559406,1.301497250329703,,
demo50_662c028d7106501c,662c028d7106501c,kic_4544745_q5,54,1023179439,arima,bls,bls_power,bls_power,0.0009887953713277092,1,13.296098699566523,0.15729324985295534,,
demo50_662c028d7106501c,662c028d7106501c,kic_4544745_q5,54,1023179439,arima,tcf,tcf_event_consistent_score,tcf_event_consistent_score,6.520377368063298,1,6.489829943314438,10.708485207986087,,
demo50_662c028d7106501c,662c028d7106501c,kic_4544745_q5,54,1023179439,arima,tps_like,tps_like_mes,tps_like_mes,56.2319505820031,1,3.3716842130525038,1.4003815003670752,,
demo50_662c028d7106501c,662c028d7106501c,kic_4544745_q5,54,1023179439,arima,tps_like,tps_like_robust_veto_score,tps_like_robust_veto_score,51.26005921867261,1,6.702499526552856,1.4003815003670752,,
demo50_662c028d7106501c,662c028d7106501c,kic_4544745_q5,54,1023179439,arima,tps_like,tps_like_event_consistency_score,tps_like_event_consistency_score,42.735495043470365,1,6.702499526552856,1.4003815003670752,,
demo50_662c028d7106501c,662c028d7106501c,kic_4544745_q5,54,1023179439,gp,bls,bls_power,bls_power,0.0005838493371285163,1,6.536512170723575,0.14994441717863083,,
demo50_662c028d7106501c,662c028d7106501c,kic_4544745_q5,54,1023179439,gp,tcf,tcf_event_consistent_score,tcf_event_consistent_score,6.51889423855612,1,10.980660220073359,10.491343957837671,,
demo50_662c028d7106501c,662c028d7106501c,kic_4544745_q5,54,1023179439,gp,tps_like,tps_like_mes,tps_like_mes,44.73920913056549,1,12.199366516317241,1.2843505842611194,,
demo50_662c028d7106501c,662c028d7106501c,kic_4544745_q5,54,1023179439,gp,tps_like,tps_like_robust_veto_score,tps_like_robust_veto_score,43.31036707500477,1,6.109900483046658,1.2843505842611194,,
demo50_662c028d7106501c,662c028d7106501c,kic_4544745_q5,54,1023179439,gp,tps_like,tps_like_event_consistency_score,tps_like_event_consistency_score,35.96412138932181,1,6.109900483046658,1.2843505842611194,,
demo50_662c028d7106501c,662c028d7106501c,kic_4544745_q5,54,1023179439,kalman,bls,bls_power,bls_power,0.0004534351992804189,1,7.694231410470158,0.13113666558638215,,
demo50_662c028d7106501c,662c028d7106501c,kic_4544745_q5,54,1023179439,kalman,tcf,tcf_event_consistent_score,tcf_event_consistent_score,7.219721888328758,1,14.262420806935646,10.683033125009388,,
demo50_662c028d7106501c,662c028d7106501c,kic_4544745_q5,54,1023179439,kalman,tps_like,tps_like_mes,tps_like_mes,46.82697579266367,1,4.781661247601733,1.3957294998690486,,
demo50_662c028d7106501c,662c028d7106501c,kic_4544745_q5,54,1023179439,kalman,tps_like,tps_like_robust_veto_score,tps_like_robust_veto_score,45.637962601008965,1,9.583756944979541,1.3957294998690486,,
demo50_662c028d7106501c,662c028d7106501c,kic_4544745_q5,54,1023179439,kalman,tps_like,tps_like_event_consistency_score,tps_like_event_consistency_score,37.88684770141217,1,9.583756944979541,1.3957294998690486,,
demo50_662c028d7106501c,662c028d7106501c,kic_4544745_q5,54,1023179439,raw,bls,bls_power,bls_power,0.0004791775199720072,1,14.351117039013005,0.1323679997585714,,
demo50_662c028d7106501c,662c028d7106501c,kic_4544745_q5,54,1023179439,raw,tcf,tcf_event_consistent_score,tcf_event_consistent_score,7.111964397699754,1,9.496165388462822,10.867995666339993,,
demo50_662c028d7106501c,662c028d7106501c,kic_4544745_q5,54,1023179439,raw,tps_like,tps_like_mes,tps_like_mes,45.2796680270763,1,10.503307184902951,1.3006977923214436,,
demo50_662c028d7106501c,662c028d7106501c,kic_4544745_q5,54,1023179439,raw,tps_like,tps_like_robust_veto_score,tps_like_robust_veto_score,45.2796680270763,1,10.503307184902951,1.3006977923214436,,
demo50_662c028d7106501c,662c028d7106501c,kic_4544745_q5,54,1023179439,raw,tps_like,tps_like_event_consistency_score,tps_like_event_consistency_score,40.22259433326854,1,10.503307184902951,1.3006977923214436,,
demo50_662c028d7106501c,662c028d7106501c,kic_4544745_q5,55,1809974903,arima,bls,bls_power,bls_power,0.0008478526789840118,1,9.211403801267089,0.15377591690048575,,
demo50_662c028d7106501c,662c028d7106501c,kic_4544745_q5,55,1809974903,arima,tcf,tcf_event_consistent_score,tcf_event_consistent_score,6.0755966214061345,1,5.472157385795265,10.526607375126332,,
demo50_662c028d7106501c,662c028d7106501c,kic_4544745_q5,55,1809974903,arima,tps_like,tps_like_mes,tps_like_mes,56.5200265526566,1,9.869839241844602,1.296421084087342,,
demo50_662c028d7106501c,662c028d7106501c,kic_4544745_q5,55,1809974903,arima,tps_like,tps_like_robust_veto_score,tps_like_robust_veto_score,51.629735489908484,1,4.8838334964821115,1.296421084087342,,
demo50_662c028d7106501c,662c028d7106501c,kic_4544745_q5,55,1809974903,arima,tps_like,tps_like_event_consistency_score,tps_like_event_consistency_score,44.064269257724504,1,4.8838334964821115,1.296421084087342,,
demo50_662c028d7106501c,662c028d7106501c,kic_4544745_q5,55,1809974903,gp,bls,bls_power,bls_power,0.0005855289163369517,1,3.996998999666556,0.12714995816349983,,
demo50_662c028d7106501c,662c028d7106501c,kic_4544745_q5,55,1809974903,gp,tcf,tcf_event_consistent_score,tcf_event_consistent_score,6.973000808372451,1,14.225075025008337,10.5722486670129,,
demo50_662c028d7106501c,662c028d7106501c,kic_4544745_q5,55,1809974903,gp,tps_like,tps_like_mes,tps_like_mes,37.62467221954897,1,4.84296459692996,1.2918284581974149,,
demo50_662c028d7106501c,662c028d7106501c,kic_4544745_q5,55,1809974903,gp,tps_like,tps_like_robust_veto_score,tps_like_robust_veto_score,37.16429758116155,1,8.76637895393651,1.2918284581974149,,
demo50_662c028d7106501c,662c028d7106501c,kic_4544745_q5,55,1809974903,gp,tps_like,tps_like_event_consistency_score,tps_like_event_consistency_score,32.24341639203775,1,8.76637895393651,1.2918284581974149,,
demo50_662c028d7106501c,662c028d7106501c,kic_4544745_q5,55,1809974903,kalman,bls,bls_power,bls_power,0.0004811306591744848,1,13.310103367789264,0.13117570895701647,,
demo50_662c028d7106501c,662c028d7106501c,kic_4544745_q5,55,1809974903,kalman,tcf,tcf_event_consistent_score,tcf_event_consistent_score,6.479121087897706,1,10.247749249749917,10.464341707993299,,
demo50_662c028d7106501c,662c028d7106501c,kic_4544745_q5,55,1809974903,kalman,tps_like,tps_like_mes,tps_like_mes,72.07163407217415,1,13.936294747283682,1.2934304173104465,,
demo50_662c028d7106501c,662c028d7106501c,kic_4544745_q5,55,1809974903,kalman,tps_like,tps_like_robust_veto_score,tps_like_robust_veto_score,54.612040851620456,1,13.650212450418621,1.2934304173104465,,
demo50_662c028d7106501c,662c028d7106501c,kic_4544745_q5,55,1809974903,kalman,tps_like,tps_like_event_consistency_score,tps_like_event_consistency_score,43.825798396543334,1,13.650212450418621,1.2934304173104465,,
demo50_662c028d7106501c,662c028d7106501c,kic_4544745_q5,55,1809974903,raw,bls,bls_power,bls_power,0.0005629844855469326,1,12.6378792930977,0.12759920815005898,,
demo50_662c028d7106501c,662c028d7106501c,kic_4544745_q5,55,1809974903,raw,tcf,tcf_event_consistent_score,tcf_event_consistent_score,6.5819760990513885,1,13.221407135711905,10.527742584235966,,
demo50_662c028d7106501c,662c028d7106501c,kic_4544745_q5,55,1809974903,raw,tps_like,tps_like_mes,tps_like_mes,64.39948014791536,1,10.911996180424467,1.3011186672374606,,
demo50_662c028d7106501c,662c028d7106501c,kic_4544745_q5,55,1809974903,raw,tps_like,tps_like_robust_veto_score,tps_like_robust_veto_score,60.053781560769124,1,7.172491871402599,1.3011186672374606,,
demo50_662c028d7106501c,662c028d7106501c,kic_4544745_q5,55,1809974903,raw,tps_like,tps_like_event_consistency_score,tps_like_event_consistency_score,52.459969827117455,1,7.172491871402599,1.3011186672374606,,
demo50_662c028d7106501c,662c028d7106501c,kic_4544745_q5,56,1653150827,arima,bls,bls_power,bls_power,0.0010456752308456805,1,12.6378792930977,0.15374595811590552,,
demo50_662c028d7106501c,662c028d7106501c,kic_4544745_q5,56,1653150827,arima,tcf,tcf_event_consistent_score,tcf_event_consistent_score,6.722049631409726,1,9.034011337112371,10.563103875145316,,
demo50_662c028d7106501c,662c028d7106501c,kic_4544745_q5,56,1653150827,arima,tps_like,tps_like_mes,tps_like_mes,45.9552395955815,1,8.357689958414994,1.298989166971296,,
demo50_662c028d7106501c,662c028d7106501c,kic_4544745_q5,56,1653150827,arima,tps_like,tps_like_robust_veto_score,tps_like_robust_veto_score,45.9552395955815,1,8.357689958414994,1.298989166971296,,
demo50_662c028d7106501c,662c028d7106501c,kic_4544745_q5,56,1653150827,arima,tps_like,tps_like_event_consistency_score,tps_like_event_consistency_score,40.0291291315984,1,8.357689958414994,1.298989166971296,,
demo50_662c028d7106501c,662c028d7106501c,kic_4544745_q5,56,1653150827,gp,bls,bls_power,bls_power,0.0006054808795462483,1,5.061353784594865,0.12783533288165927,,
demo50_662c028d7106501c,662c028d7106501c,kic_4544745_q5,56,1653150827,gp,tcf,tcf_event_consistent_score,tcf_event_consistent_score,6.746993196985272,1,8.632544181393799,10.560299874749035,,
demo50_662c028d7106501c,662c028d7106501c,kic_4544745_q5,56,1653150827,gp,tps_like,tps_like_mes,tps_like_mes,53.00665638457742,1,11.974587568780407,1.324567916803062,,
demo50_662c028d7106501c,662c028d7106501c,kic_4544745_q5,56,1653150827,gp,tps_like,tps_like_robust_veto_score,tps_like_robust_veto_score,53.00665638457742,1,11.974587568780407,1.324567916803062,,
demo50_662c028d7106501c,662c028d7106501c,kic_4544745_q5,56,1653150827,gp,tps_like,tps_like_event_consistency_score,tps_like_event_consistency_score,41.55730567381921,1,11.974587568780407,1.324567916803062,,
demo50_662c028d7106501c,662c028d7106501c,kic_4544745_q5,56,1653150827,kalman,bls,bls_power,bls_power,0.0004883883966734737,1,14.355785261753919,0.13234425010159612,,
demo50_662c028d7106501c,662c028d7106501c,kic_4544745_q5,56,1653150827,kalman,tcf,tcf_event_consistent_score,tcf_event_consistent_score,6.567337821236654,1,6.40113371123708,10.589055291377008,,
demo50_662c028d7106501c,662c028d7106501c,kic_4544745_q5,56,1653150827,kalman,tps_like,tps_like_mes,tps_like_mes,53.656548417426485,1,6.457286129239947,1.296091416850686,,
demo50_662c028d7106501c,662c028d7106501c,kic_4544745_q5,56,1653150827,kalman,tps_like,tps_like_robust_veto_score,tps_like_robust_veto_score,53.656548417426485,1,6.457286129239947,1.296091416850686,,
demo50_662c028d7106501c,662c028d7106501c,kic_4544745_q5,56,1653150827,kalman,tps_like,tps_like_event_consistency_score,tps_like_event_consistency_score,43.413654669885105,1,6.457286129239947,1.296091416850686,,
demo50_662c028d7106501c,662c028d7106501c,kic_4544745_q5,56,1653150827,raw,bls,bls_power,bls_power,0.0005856721231449723,1,10.621207069023008,0.1286931661888957,,
demo50_662c028d7106501c,662c028d7106501c,kic_4544745_q5,56,1653150827,raw,tcf,tcf_event_consistent_score,tcf_event_consistent_score,6.677761042381459,1,5.971657219073025,10.629039750434458,,
demo50_662c028d7106501c,662c028d7106501c,kic_4544745_q5,56,1653150827,raw,tps_like,tps_like_mes,tps_like_mes,43.615091897648306,1,12.281104315421544,1.2974119586870074,,
demo50_662c028d7106501c,662c028d7106501c,kic_4544745_q5,56,1653150827,raw,tps_like,tps_like_robust_veto_score,tps_like_robust_veto_score,43.615091897648306,1,12.281104315421544,1.2974119586870074,,
demo50_662c028d7106501c,662c028d7106501c,kic_4544745_q5,56,1653150827,raw,tps_like,tps_like_event_consistency_score,tps_like_event_consistency_score,37.68043905027031,1,12.281104315421544,1.2974119586870074,,
demo50_662c028d7106501c,662c028d7106501c,kic_4544745_q5,57,269185189,arima,bls,bls_power,bls_power,0.0007581177513946667,1,8.501833944648217,0.15573245799168944,,
demo50_662c028d7106501c,662c028d7106501c,kic_4544745_q5,57,269185189,arima,tcf,tcf_event_consistent_score,tcf_event_consistent_score,6.375791385746719,1,12.745248416138713,10.398139958735555,,
demo50_662c028d7106501c,662c028d7106501c,kic_4544745_q5,57,269185189,arima,tps_like,tps_like_mes,tps_like_mes,53.68003175862893,1,9.093330150353722,1.3286343747749925,,
demo50_662c028d7106501c,662c028d7106501c,kic_4544745_q5,57,269185189,arima,tps_like,tps_like_robust_veto_score,tps_like_robust_veto_score,53.68003175862893,1,9.093330150353722,1.3286343747749925,,
demo50_662c028d7106501c,662c028d7106501c,kic_4544745_q5,57,269185189,arima,tps_like,tps_like_event_consistency_score,tps_like_event_consistency_score,47.15439184918931,1,9.093330150353722,1.3286343747749925,,
demo50_662c028d7106501c,662c028d7106501c,kic_4544745_q5,57,269185189,gp,bls,bls_power,bls_power,0.0005499088167218953,1,6.377792597532511,0.12994241574779153,,
demo50_662c028d7106501c,662c028d7106501c,kic_4544745_q5,57,269185189,gp,tcf,tcf_event_consistent_score,tcf_event_consistent_score,6.649457621663073,1,5.299433144381461,10.447018624749035,,
demo50_662c028d7106501c,662c028d7106501c,kic_4544745_q5,57,269185189,gp,tps_like,tps_like_mes,tps_like_mes,36.915198547064925,1,7.356401919387281,1.32293033413589,,
demo50_662c028d7106501c,662c028d7106501c,kic_4544745_q5,57,269185189,gp,tps_like,tps_like_robust_veto_score,tps_like_robust_veto_score,35.43531530424662,1,7.172491871402599,1.32293033413589,,
demo50_662c028d7106501c,662c028d7106501c,kic_4544745_q5,57,269185189,gp,tps_like,tps_like_event_consistency_score,tps_like_event_consistency_score,28.835348813281325,1,7.172491871402599,1.32293033413589,,
demo50_662c028d7106501c,662c028d7106501c,kic_4544745_q5,57,269185189,kalman,bls,bls_power,bls_power,0.00048306995393347554,1,11.027342447482495,0.13055587513372302,,
demo50_662c028d7106501c,662c028d7106501c,kic_4544745_q5,57,269185189,kalman,tcf,tcf_event_consistent_score,tcf_event_consistent_score,6.815083390410128,1,11.797599199733245,10.811518958769739,,
demo50_662c028d7106501c,662c028d7106501c,kic_4544745_q5,57,269185189,kalman,tps_like,tps_like_mes,tps_like_mes,54.89356759885105,1,8.950289001921192,1.2967027919366956,,
demo50_662c028d7106501c,662c028d7106501c,kic_4544745_q5,57,269185189,kalman,tps_like,tps_like_robust_veto_score,tps_like_robust_veto_score,50.47634623790925,1,6.620761727448553,1.2967027919366956,,
demo50_662c028d7106501c,662c028d7106501c,kic_4544745_q5,57,269185189,kalman,tps_like,tps_like_event_consistency_score,tps_like_event_consistency_score,43.46490593445052,1,6.620761727448553,1.2967027919366956,,
demo50_662c028d7106501c,662c028d7106501c,kic_4544745_q5,57,269185189,raw,bls,bls_power,bls_power,0.0004871482339836073,1,12.889963321107036,0.12928137509152293,,
demo50_662c028d7106501c,662c028d7106501c,kic_4544745_q5,57,269185189,raw,tcf,tcf_event_consistent_score,tcf_event_consistent_score,6.394982214966775,1,13.39413137712571,10.487783208023757,,
demo50_662c028d7106501c,662c028d7106501c,kic_4544745_q5,57,269185189,raw,tps_like,tps_like_mes,tps_like_mes,45.04814042507805,1,12.935006708255969,1.2843840839341283,,
demo50_662c028d7106501c,662c028d7106501c,kic_4544745_q5,57,269185189,raw,tps_like,tps_like_robust_veto_score,tps_like_robust_veto_score,45.04814042507805,1,12.935006708255969,1.2843840839341283,,
demo50_662c028d7106501c,662c028d7106501c,kic_4544745_q5,57,269185189,raw,tps_like,tps_like_event_consistency_score,tps_like_event_consistency_score,38.41029200940132,1,12.935006708255969,1.2843840839341283,,
demo50_662c028d7106501c,662c028d7106501c,kic_4544745_q5,58,1618333969,arima,bls,bls_power,bls_power,0.0008922390153570307,1,12.52117372457486,0.1561524998396635,,
demo50_662c028d7106501c,662c028d7106501c,kic_4544745_q5,58,1618333969,arima,tcf,tcf_event_consistent_score,tcf_event_consistent_score,6.659180571148568,1,14.53784594864955,10.56628816574812,,
demo50_662c028d7106501c,662c028d7106501c,kic_4544745_q5,58,1618333969,arima,tps_like,tps_like_mes,tps_like_mes,44.059975933352135,1,3.555594261037186,1.3089259578846395,,
demo50_662c028d7106501c,662c028d7106501c,kic_4544745_q5,58,1618333969,arima,tps_like,tps_like_robust_veto_score,tps_like_robust_veto_score,39.90274606414306,1,11.1367751279613,1.3089259578846395,,
demo50_662c028d7106501c,662c028d7106501c,kic_4544745_q5,58,1618333969,arima,tps_like,tps_like_event_consistency_score,tps_like_event_consistency_score,34.657051011011674,1,11.1367751279613,1.3089259578846395,,
demo50_662c028d7106501c,662c028d7106501c,kic_4544745_q5,58,1618333969,gp,bls,bls_power,bls_power,0.0005250033854525169,1,11.820940313437813,0.1293483329936862,,
demo50_662c028d7106501c,662c028d7106501c,kic_4544745_q5,58,1618333969,gp,tcf,tcf_event_consistent_score,tcf_event_consistent_score,6.6484674114260445,1,7.83894631543848,10.558172082994133,,
demo50_662c028d7106501c,662c028d7106501c,kic_4544745_q5,58,1618333969,gp,tps_like,tps_like_mes,tps_like_mes,54.11444829968671,1,10.21722488803789,1.3088661669753492,,
demo50_662c028d7106501c,662c028d7106501c,kic_4544745_q5,58,1618333969,gp,tps_like,tps_like_robust_veto_score,tps_like_robust_veto_score,53.94973306331747,1,8.848116753040813,1.3088661669753492,,
demo50_662c028d7106501c,662c028d7106501c,kic_4544745_q5,58,1618333969,gp,tps_like,tps_like_event_consistency_score,tps_like_event_consistency_score,46.26946665645716,1,8.848116753040813,1.3088661669753492,,
demo50_662c028d7106501c,662c028d7106501c,kic_4544745_q5,58,1618333969,kalman,bls,bls_power,bls_power,0.0005206518641472672,1,5.934311437145715,0.13206558395177126,,
demo50_662c028d7106501c,662c028d7106501c,kic_4544745_q5,58,1618333969,kalman,tcf,tcf_event_consistent_score,tcf_event_consistent_score,6.376285379859673,1,6.6112037345781935,10.92746645770967,,
demo50_662c028d7106501c,662c028d7106501c,kic_4544745_q5,58,1618333969,kalman,tps_like,tps_like_mes,tps_like_mes,67.00970121218312,1,9.82897034229245,1.318972666747868,,
demo50_662c028d7106501c,662c028d7106501c,kic_4544745_q5,58,1618333969,kalman,tps_like,tps_like_robust_veto_score,tps_like_robust_veto_score,61.616142487199184,1,12.996310057584196,1.318972666747868,,
demo50_662c028d7106501c,662c028d7106501c,kic_4544745_q5,58,1618333969,kalman,tps_like,tps_like_event_consistency_score,tps_like_event_consistency_score,55.075941603773636,1,12.996310057584196,1.318972666747868,,
demo50_662c028d7106501c,662c028d7106501c,kic_4544745_q5,58,1618333969,raw,bls,bls_power,bls_power,0.0005218939739653635,1,7.596198732910971,0.13120470894500613,,
demo50_662c028d7106501c,662c028d7106501c,kic_4544745_q5,58,1618333969,raw,tcf,tcf_event_consistent_score,tcf_event_consistent_score,6.306861341501996,1,10.961987329109704,10.896919332910329,,
demo50_662c028d7106501c,662c028d7106501c,kic_4544745_q5,58,1618333969,raw,tps_like,tps_like_mes,tps_like_mes,31.564160821837483,1,13.629778000642546,1.3134705410338938,,
demo50_662c028d7106501c,662c028d7106501c,kic_4544745_q5,58,1618333969,raw,tps_like,tps_like_robust_veto_score,tps_like_robust_veto_score,31.564160821837483,1,13.629778000642546,1.3134705410338938,,
demo50_662c028d7106501c,662c028d7106501c,kic_4544745_q5,58,1618333969,raw,tps_like,tps_like_event_consistency_score,tps_like_event_consistency_score,25.359717446205828,1,13.629778000642546,1.3134705410338938,,
demo50_662c028d7106501c,662c028d7106501c,kic_4544745_q5,59,1932378163,arima,bls,bls_power,bls_power,0.0008913135689686109,1,14.25308436145382,0.15736979199573398,,
demo50_662c028d7106501c,662c028d7106501c,kic_4544745_q5,59,1932378163,arima,tcf,tcf_event_consistent_score,tcf_event_consistent_score,6.55929750991695,1,13.851617205735247,10.606151834130287,,
demo50_662c028d7106501c,662c028d7106501c,kic_4544745_q5,59,1932378163,arima,tps_like,tps_like_mes,tps_like_mes,31.895611656073427,1,9.645060294307768,1.5046724579297006,,
demo50_662c028d7106501c,662c028d7106501c,kic_4544745_q5,59,1932378163,arima,tps_like,tps_like_robust_veto_score,tps_like_robust_veto_score,31.895611656073427,1,9.645060294307768,1.5046724579297006,,
demo50_662c028d7106501c,662c028d7106501c,kic_4544745_q5,59,1932378163,arima,tps_like,tps_like_event_consistency_score,tps_like_event_consistency_score,26.218923598816808,1,9.645060294307768,1.5046724579297006,,
demo50_662c028d7106501c,662c028d7106501c,kic_4544745_q5,59,1932378163,gp,bls,bls_power,bls_power,0.0005877279110576369,1,10.420473491163722,0.13170012505725026,,
demo50_662c028d7106501c,662c028d7106501c,kic_4544745_q5,59,1932378163,gp,tcf,tcf_event_consistent_score,tcf_event_consistent_score,6.592893991938148,1,7.7035678559519845,10.631592500023544,,
demo50_662c028d7106501c,662c028d7106501c,kic_4544745_q5,59,1932378163,gp,tps_like,tps_like_mes,tps_like_mes,59.03564464811172,1,9.256805748562329,1.3361037080176175,,
demo50_662c028d7106501c,662c028d7106501c,kic_4544745_q5,59,1932378163,gp,tps_like,tps_like_robust_veto_score,tps_like_robust_veto_score,58.63002535219447,1,4.618185649393126,1.3361037080176175,,
demo50_662c028d7106501c,662c028d7106501c,kic_4544745_q5,59,1932378163,gp,tps_like,tps_like_event_consistency_score,tps_like_event_consistency_score,44.77937072328503,1,4.618185649393126,1.3361037080176175,,
demo50_662c028d7106501c,662c028d7106501c,kic_4544745_q5,59,1932378163,kalman,bls,bls_power,bls_power,0.0004682854291017472,1,9.132044014671559,0.13232295913621783,,
demo50_662c028d7106501c,662c028d7106501c,kic_4544745_q5,59,1932378163,kalman,tcf,tcf_event_consistent_score,tcf_event_consistent_score,6.477823070266941,1,10.252417472490832,10.539255999960005,,
demo50_662c028d7106501c,662c028d7106501c,kic_4544745_q5,59,1932378163,kalman,tps_like,tps_like_mes,tps_like_mes,37.82800404682026,1,5.169915793347172,1.314603874925524,,
demo50_662c028d7106501c,662c028d7106501c,kic_4544745_q5,59,1932378163,kalman,tps_like,tps_like_robust_veto_score,tps_like_robust_veto_score,35.18142333546768,1,9.808535892516375,1.314603874925524,,
demo50_662c028d7106501c,662c028d7106501c,kic_4544745_q5,59,1932378163,kalman,tps_like,tps_like_event_consistency_score,tps_like_event_consistency_score,29.949731029671227,1,9.808535892516375,1.314603874925524,,
demo50_662c028d7106501c,662c028d7106501c,kic_4544745_q5,59,1932378163,raw,bls,bls_power,bls_power,0.0005609642929730442,1,14.332444148049351,0.12932020891457796,,
demo50_662c028d7106501c,662c028d7106501c,kic_4544745_q5,59,1932378163,raw,tcf,tcf_event_consistent_score,tcf_event_consistent_score,6.4668623261481955,1,14.542514171390465,10.890904834028333,,
demo50_662c028d7106501c,662c028d7106501c,kic_4544745_q5,59,1932378163,raw,tps_like,tps_like_mes,tps_like_mes,32.665337084022845,1,5.61947368842084,1.2933732499368489,,
demo50_662c028d7106501c,662c028d7106501c,kic_4544745_q5,59,1932378163,raw,tps_like,tps_like_robust_veto_score,tps_like_robust_veto_score,32.665337084022845,1,5.61947368842084,1.2933732499368489,,
demo50_662c028d7106501c,662c028d7106501c,kic_4544745_q5,59,1932378163,raw,tps_like,tps_like_event_consistency_score,tps_like_event_consistency_score,27.079701509189107,1,5.61947368842084,1.2933732499368489,,
demo50_662c028d7106501c,662c028d7106501c,kic_4544745_q5,60,1834627557,arima,bls,bls_power,bls_power,0.0007024829770767421,1,11.536178726242081,0.1493780412711203,,
demo50_662c028d7106501c,662c028d7106501c,kic_4544745_q5,60,1834627557,arima,tcf,tcf_event_consistent_score,tcf_event_consistent_score,6.114292054081663,1,14.09903301100367,10.643365750089288,,
demo50_662c028d7106501c,662c028d7106501c,kic_4544745_q5,60,1834627557,arima,tps_like,tps_like_mes,tps_like_mes,43.634024255255824,1,11.055037328856997,1.3072035829536617,,
demo50_662c028d7106501c,662c028d7106501c,kic_4544745_q5,60,1834627557,arima,tps_like,tps_like_robust_veto_score,tps_like_robust_veto_score,35.834694320666486,1,3.085601916187443,1.3072035829536617,,
demo50_662c028d7106501c,662c028d7106501c,kic_4544745_q5,60,1834627557,arima,tps_like,tps_like_event_consistency_score,tps_like_event_consistency_score,32.21510059583784,1,3.085601916187443,1.3072035829536617,,
demo50_662c028d7106501c,662c028d7106501c,kic_4544745_q5,60,1834627557,gp,bls,bls_power,bls_power,0.0005343385969311961,1,5.64488162720907,0.1271267500706017,,
demo50_662c028d7106501c,662c028d7106501c,kic_4544745_q5,60,1834627557,gp,tcf,tcf_event_consistent_score,tcf_event_consistent_score,6.584817951900293,1,8.861287095698568,10.595026500057429,,
demo50_662c028d7106501c,662c028d7106501c,kic_4544745_q5,60,1834627557,gp,tps_like,tps_like_mes,tps_like_mes,47.117882339780714,1,10.237659337813966,1.296578791923821,,
demo50_662c028d7106501c,662c028d7106501c,kic_4544745_q5,60,1834627557,gp,tps_like,tps_like_robust_veto_score,tps_like_robust_veto_score,38.58876853915614,1,10.135487088933587,1.296578791923821,,
demo50_662c028d7106501c,662c028d7106501c,kic_4544745_q5,60,1834627557,gp,tps_like,tps_like_event_consistency_score,tps_like_event_consistency_score,33.2792923784591,1,10.135487088933587,1.296578791923821,,
demo50_662c028d7106501c,662c028d7106501c,kic_4544745_q5,60,1834627557,kalman,bls,bls_power,bls_power,0.0005064073728706353,1,9.356118706235412,0.12917837500572205,,
demo50_662c028d7106501c,662c028d7106501c,kic_4544745_q5,60,1834627557,kalman,tcf,tcf_event_consistent_score,tcf_event_consistent_score,6.610155284081401,1,6.5831943981327115,10.603816791903228,,
demo50_662c028d7106501c,662c028d7106501c,kic_4544745_q5,60,1834627557,kalman,tps_like,tps_like_mes,tps_like_mes,28.422571354452177,1,9.747232543188147,1.2920438330620527,,
demo50_662c028d7106501c,662c028d7106501c,kic_4544745_q5,60,1834627557,kalman,tps_like,tps_like_robust_veto_score,tps_like_robust_veto_score,26.38156783507887,1,6.518589478568174,1.2920438330620527,,
demo50_662c028d7106501c,662c028d7106501c,kic_4544745_q5,60,1834627557,kalman,tps_like,tps_like_event_consistency_score,tps_like_event_consistency_score,23.70454591296769,1,6.518589478568174,1.2920438330620527,,
demo50_662c028d7106501c,662c028d7106501c,kic_4544745_q5,60,1834627557,raw,bls,bls_power,bls_power,0.0005972783618631814,1,8.072357452484162,0.12691883277148008,,
demo50_662c028d7106501c,662c028d7106501c,kic_4544745_q5,60,1834627557,raw,tcf,tcf_event_consistent_score,tcf_event_consistent_score,6.302814344833996,1,14.411803934644883,10.452825458254665,,
demo50_662c028d7106501c,662c028d7106501c,kic_4544745_q5,60,1834627557,raw,tps_like,tps_like_mes,tps_like_mes,79.68108639360088,1,10.891561730648391,1.2920762090943754,,
demo50_662c028d7106501c,662c028d7106501c,kic_4544745_q5,60,1834627557,raw,tps_like,tps_like_robust_veto_score,tps_like_robust_veto_score,79.68108639360088,1,10.891561730648391,1.2920762090943754,,
demo50_662c028d7106501c,662c028d7106501c,kic_4544745_q5,60,1834627557,raw,tps_like,tps_like_event_consistency_score,tps_like_event_consistency_score,63.49674112903391,1,10.891561730648391,1.2920762090943754,,
demo50_662c028d7106501c,662c028d7106501c,kic_4544745_q5,61,735147647,arima,bls,bls_power,bls_power,0.0007318998308109881,1,14.393131043681228,0.16408720891922712,,
demo50_662c028d7106501c,662c028d7106501c,kic_4544745_q5,61,735147647,arima,tcf,tcf_event_consistent_score,tcf_event_consistent_score,6.864282376925733,1,10.14971657219073,10.747108958195895,,
demo50_662c028d7106501c,662c028d7106501c,kic_4544745_q5,61,735147647,arima,tps_like,tps_like_mes,tps_like_mes,51.82328342822534,1,8.684641154832207,1.2931561251170933,,
demo50_662c028d7106501c,662c028d7106501c,kic_4544745_q5,61,735147647,arima,tps_like,tps_like_robust_veto_score,tps_like_robust_veto_score,50.27533997775703,1,11.811111970571801,1.2931561251170933,,
demo50_662c028d7106501c,662c028d7106501c,kic_4544745_q5,61,735147647,arima,tps_like,tps_like_event_consistency_score,tps_like_event_consistency_score,37.66474115782013,1,11.811111970571801,1.2931561251170933,,
demo50_662c028d7106501c,662c028d7106501c,kic_4544745_q5,61,735147647,gp,bls,bls_power,bls_power,0.0006358331776050252,1,3.413471157052351,0.12645958317443728,,
demo50_662c028d7106501c,662c028d7106501c,kic_4544745_q5,61,735147647,gp,tcf,tcf_event_consistent_score,tcf_event_consistent_score,6.765033828397343,1,11.209403134378126,10.56704270793125,,
demo50_662c028d7106501c,662c028d7106501c,kic_4544745_q5,61,735147647,gp,tps_like,tps_like_mes,tps_like_mes,48.19314814721154,1,7.8468287140131,1.294416332617402,,
demo50_662c028d7106501c,662c028d7106501c,kic_4544745_q5,61,735147647,gp,tps_like,tps_like_robust_veto_score,tps_like_robust_veto_score,48.19314814721154,1,7.8468287140131,1.294416332617402,,
demo50_662c028d7106501c,662c028d7106501c,kic_4544745_q5,61,735147647,gp,tps_like,tps_like_event_consistency_score,tps_like_event_consistency_score,42.08049825438395,1,7.8468287140131,1.294416332617402,,
demo50_662c028d7106501c,662c028d7106501c,kic_4544745_q5,61,735147647,kalman,bls,bls_power,bls_power,0.00047954003288129814,1,5.9249749916638885,0.1311200838536024,,
demo50_662c028d7106501c,662c028d7106501c,kic_4544745_q5,61,735147647,kalman,tcf,tcf_event_consistent_score,tcf_event_consistent_score,6.721966261929568,1,6.186395465155052,10.922668416053057,,
demo50_662c028d7106501c,662c028d7106501c,kic_4544745_q5,61,735147647,kalman,tps_like,tps_like_mes,tps_like_mes,28.41648272060692,1,14.876279436983168,1.2932670842856169,,
demo50_662c028d7106501c,662c028d7106501c,kic_4544745_q5,61,735147647,kalman,tps_like,tps_like_robust_veto_score,tps_like_robust_veto_score,28.41648272060692,1,14.876279436983168,1.2932670842856169,,
demo50_662c028d7106501c,662c028d7106501c,kic_4544745_q5,61,735147647,kalman,tps_like,tps_like_event_consistency_score,tps_like_event_consistency_score,22.215551776490422,1,14.876279436983168,1.2932670842856169,,
demo50_662c028d7106501c,662c028d7106501c,kic_4544745_q5,61,735147647,raw,bls,bls_power,bls_power,0.000498414420143579,1,11.45681893964655,0.1270307502709329,,
demo50_662c028d7106501c,662c028d7106501c,kic_4544745_q5,61,735147647,raw,tcf,tcf_event_consistent_score,tcf_event_consistent_score,6.51432824327652,1,10.331777259086364,10.541018417105079,,
demo50_662c028d7106501c,662c028d7106501c,kic_4544745_q5,61,735147647,raw,tps_like,tps_like_mes,tps_like_mes,64.12970246305855,1,4.802095697377808,1.2810734580270946,,
demo50_662c028d7106501c,662c028d7106501c,kic_4544745_q5,61,735147647,raw,tps_like,tps_like_robust_veto_score,tps_like_robust_veto_score,63.885597095891136,1,14.263245943700895,1.2810734580270946,,
demo50_662c028d7106501c,662c028d7106501c,kic_4544745_q5,61,735147647,raw,tps_like,tps_like_event_consistency_score,tps_like_event_consistency_score,58.35595343061353,1,14.263245943700895,1.2810734580270946,,
demo50_662c028d7106501c,662c028d7106501c,kic_4544745_q5,62,1395331954,arima,bls,bls_power,bls_power,0.0004622784107766534,1,9.253417805935312,0.1539368750527501,,
demo50_662c028d7106501c,662c028d7106501c,kic_4544745_q5,62,1395331954,arima,tcf,tcf_event_consistent_score,tcf_event_consistent_score,6.0573057832933,1,10.252417472490832,10.493632333353162,,
demo50_662c028d7106501c,662c028d7106501c,kic_4544745_q5,62,1395331954,arima,tps_like,tps_like_mes,tps_like_mes,45.200772497504424,1,6.600327277672477,1.2847522087395191,,
demo50_662c028d7106501c,662c028d7106501c,kic_4544745_q5,62,1395331954,arima,tps_like,tps_like_robust_veto_score,tps_like_robust_veto_score,41.35819747950235,1,7.049885172746144,1.2847522087395191,,
demo50_662c028d7106501c,662c028d7106501c,kic_4544745_q5,62,1395331954,arima,tps_like,tps_like_event_consistency_score,tps_like_event_consistency_score,36.53221201506377,1,7.049885172746144,1.2847522087395191,,
demo50_662c028d7106501c,662c028d7106501c,kic_4544745_q5,62,1395331954,gp,bls,bls_power,bls_power,0.0005587790388116774,1,12.987995998666223,0.12598320795223117,,
demo50_662c028d7106501c,662c028d7106501c,kic_4544745_q5,62,1395331954,gp,tcf,tcf_event_consistent_score,tcf_event_consistent_score,6.678505094208656,1,13.515505168389463,10.530810666736215,,
demo50_662c028d7106501c,662c028d7106501c,kic_4544745_q5,62,1395331954,gp,tps_like,tps_like_mes,tps_like_mes,32.88143181249618,1,8.807247853488661,1.278095459099859,,
demo50_662c028d7106501c,662c028d7106501c,kic_4544745_q5,62,1395331954,gp,tps_like,tps_like_robust_veto_score,tps_like_robust_veto_score,31.66273757430734,1,1.9208382789511234,1.278095459099859,,
demo50_662c028d7106501c,662c028d7106501c,kic_4544745_q5,62,1395331954,gp,tps_like,tps_like_event_consistency_score,tps_like_event_consistency_score,27.07770470791916,1,1.9208382789511234,1.278095459099859,,
demo50_662c028d7106501c,662c028d7106501c,kic_4544745_q5,62,1395331954,kalman,bls,bls_power,bls_power,0.00048130041191390337,1,6.643881293764589,0.12859895825386047,,
demo50_662c028d7106501c,662c028d7106501c,kic_4544745_q5,62,1395331954,kalman,tcf,tcf_event_consistent_score,tcf_event_consistent_score,5.976833448819821,1,2.8766255418472824,10.600371291860938,,
demo50_662c028d7106501c,662c028d7106501c,kic_4544745_q5,62,1395331954,kalman,tps_like,tps_like_mes,tps_like_mes,46.503768444077316,1,6.028162683942355,1.2957665831781924,,
demo50_662c028d7106501c,662c028d7106501c,kic_4544745_q5,62,1395331954,kalman,tps_like,tps_like_robust_veto_score,tps_like_robust_veto_score,46.503768444077316,1,6.028162683942355,1.2957665831781924,,
demo50_662c028d7106501c,662c028d7106501c,kic_4544745_q5,62,1395331954,kalman,tps_like,tps_like_event_consistency_score,tps_like_event_consistency_score,36.56963359587071,1,6.028162683942355,1.2957665831781924,,
demo50_662c028d7106501c,662c028d7106501c,kic_4544745_q5,62,1395331954,raw,bls,bls_power,bls_power,0.000523844089729452,1,7.642880960320107,0.12817545793950558,,
demo50_662c028d7106501c,662c028d7106501c,kic_4544745_q5,62,1395331954,raw,tcf,tcf_event_consistent_score,tcf_event_consistent_score,6.465157379821308,1,13.54818272757586,10.547151458915323,,
demo50_662c028d7106501c,662c028d7106501c,kic_4544745_q5,62,1395331954,raw,tps_like,tps_like_mes,tps_like_mes,44.600420372033014,1,9.399846896994859,1.2742765415459871,,
demo50_662c028d7106501c,662c028d7106501c,kic_4544745_q5,62,1395331954,raw,tps_like,tps_like_robust_veto_score,tps_like_robust_veto_score,44.600420372033014,1,9.399846896994859,1.2742765415459871,,
demo50_662c028d7106501c,662c028d7106501c,kic_4544745_q5,62,1395331954,raw,tps_like,tps_like_event_consistency_score,tps_like_event_consistency_score,36.7507722897163,1,9.399846896994859,1.2742765415459871,,
demo50_662c028d7106501c,662c028d7106501c,kic_4544745_q5,63,685012418,arima,bls,bls_power,bls_power,0.00047817577850192434,1,12.3297765921974,0.152986082714051,,
demo50_662c028d7106501c,662c028d7106501c,kic_4544745_q5,63,685012418,arima,tcf,tcf_event_consistent_score,tcf_event_consistent_score,7.552078657745688,1,13.814271423807938,10.415451583918184,,
demo50_662c028d7106501c,662c028d7106501c,kic_4544745_q5,63,685012418,arima,tps_like,tps_like_mes,tps_like_mes,49.898472295628096,1,3.0038641170831397,1.2941537909209728,,
demo50_662c028d7106501c,662c028d7106501c,kic_4544745_q5,63,685012418,arima,tps_like,tps_like_robust_veto_score,tps_like_robust_veto_score,49.38718880557483,1,9.502019145875238,1.2941537909209728,,
demo50_662c028d7106501c,662c028d7106501c,kic_4544745_q5,63,685012418,arima,tps_like,tps_like_event_consistency_score,tps_like_event_consistency_score,39.89850524091189,1,9.502019145875238,1.2941537909209728,,
demo50_662c028d7106501c,662c028d7106501c,kic_4544745_q5,63,685012418,gp,bls,bls_power,bls_power,0.0005169909157206013,1,10.023674558186062,0.12776029203087091,,
demo50_662c028d7106501c,662c028d7106501c,kic_4544745_q5,63,685012418,gp,tcf,tcf_event_consistent_score,tcf_event_consistent_score,6.976700123275401,1,12.3297765921974,10.423808417282999,,
demo50_662c028d7106501c,662c028d7106501c,kic_4544745_q5,63,685012418,gp,tps_like,tps_like_mes,tps_like_mes,24.66956509325495,1,4.413841151632369,1.2959822919219732,,
demo50_662c028d7106501c,662c028d7106501c,kic_4544745_q5,63,685012418,gp,tps_like,tps_like_robust_veto_score,tps_like_robust_veto_score,24.014101908712107,1,3.719069859245792,1.2959822919219732,,
demo50_662c028d7106501c,662c028d7106501c,kic_4544745_q5,63,685012418,gp,tps_like,tps_like_event_consistency_score,tps_like_event_consistency_score,21.13425876800452,1,3.719069859245792,1.2959822919219732,,
demo50_662c028d7106501c,662c028d7106501c,kic_4544745_q5,63,685012418,kalman,bls,bls_power,bls_power,0.00046977834676429963,1,7.521507169056353,0.1320789591409266,,
demo50_662c028d7106501c,662c028d7106501c,kic_4544745_q5,63,685012418,kalman,tcf,tcf_event_consistent_score,tcf_event_consistent_score,6.718975064131314,1,8.702567522507504,10.557129166088998,,
demo50_662c028d7106501c,662c028d7106501c,kic_4544745_q5,63,685012418,kalman,tps_like,tps_like_mes,tps_like_mes,45.18726074241159,1,14.242811493924819,1.2871564170345664,,
demo50_662c028d7106501c,662c028d7106501c,kic_4544745_q5,63,685012418,kalman,tps_like,tps_like_robust_veto_score,tps_like_robust_veto_score,45.18726074241159,1,14.242811493924819,1.2871564170345664,,
demo50_662c028d7106501c,662c028d7106501c,kic_4544745_q5,63,685012418,kalman,tps_like,tps_like_event_consistency_score,tps_like_event_consistency_score,36.586345992423865,1,14.242811493924819,1.2871564170345664,,
demo50_662c028d7106501c,662c028d7106501c,kic_4544745_q5,63,685012418,raw,bls,bls_power,bls_power,0.0004960992549974582,1,10.85461820606869,0.12874441733583808,,
demo50_662c028d7106501c,662c028d7106501c,kic_4544745_q5,63,685012418,raw,tcf,tcf_event_consistent_score,tcf_event_consistent_score,7.718936201540507,1,12.41847282427476,10.53185608284548,,
demo50_662c028d7106501c,662c028d7106501c,kic_4544745_q5,63,685012418,raw,tps_like,tps_like_mes,tps_like_mes,31.353184477116095,1,14.569762690342031,1.2833664999343455,,
demo50_662c028d7106501c,662c028d7106501c,kic_4544745_q5,63,685012418,raw,tps_like,tps_like_robust_veto_score,tps_like_robust_veto_score,31.353184477116095,1,14.569762690342031,1.2833664999343455,,
demo50_662c028d7106501c,662c028d7106501c,kic_4544745_q5,63,685012418,raw,tps_like,tps_like_event_consistency_score,tps_like_event_consistency_score,29.00808257340269,1,14.569762690342031,1.2833664999343455,,
demo50_662c028d7106501c,662c028d7106501c,kic_4544745_q5,64,320228004,arima,bls,bls_power,bls_power,0.0005000045097966696,1,14.519173057685896,0.15729558328166604,,
demo50_662c028d7106501c,662c028d7106501c,kic_4544745_q5,64,320228004,arima,tcf,tcf_event_consistent_score,tcf_event_consistent_score,6.086816095165581,1,12.717239079693233,10.873581874649972,,
demo50_662c028d7106501c,662c028d7106501c,kic_4544745_q5,64,320228004,arima,tps_like,tps_like_mes,tps_like_mes,25.468695022333808,1,10.99373397952877,1.2827828340232372,,
demo50_662c028d7106501c,662c028d7106501c,kic_4544745_q5,64,320228004,arima,tps_like,tps_like_robust_veto_score,tps_like_robust_veto_score,21.679523779596078,1,8.051173211773857,1.2827828340232372,,
demo50_662c028d7106501c,662c028d7106501c,kic_4544745_q5,64,320228004,arima,tps_like,tps_like_event_consistency_score,tps_like_event_consistency_score,17.48002844913514,1,8.051173211773857,1.2827828340232372,,
demo50_662c028d7106501c,662c028d7106501c,kic_4544745_q5,64,320228004,gp,bls,bls_power,bls_power,0.0005424369534657396,1,2.5918639546515507,0.12860079109668732,,
demo50_662c028d7106501c,662c028d7106501c,kic_4544745_q5,64,320228004,gp,tcf,tcf_event_consistent_score,tcf_event_consistent_score,6.626903222932958,1,10.168389463154385,10.569848958868533,,
demo50_662c028d7106501c,662c028d7106501c,kic_4544745_q5,64,320228004,gp,tps_like,tps_like_mes,tps_like_mes,76.65618725385437,1,12.321973214973696,1.3229828337207437,,
demo50_662c028d7106501c,662c028d7106501c,kic_4544745_q5,64,320228004,gp,tps_like,tps_like_robust_veto_score,tps_like_robust_veto_score,74.99272719960726,1,13.793253598851152,1.3229828337207437,,
demo50_662c028d7106501c,662c028d7106501c,kic_4544745_q5,64,320228004,gp,tps_like,tps_like_event_consistency_score,tps_like_event_consistency_score,69.11797839565321,1,13.793253598851152,1.3229828337207437,,
demo50_662c028d7106501c,662c028d7106501c,kic_4544745_q5,64,320228004,kalman,bls,bls_power,bls_power,0.0005186355075148318,1,14.379126375458487,0.13020987482741475,,
demo50_662c028d7106501c,662c028d7106501c,kic_4544745_q5,64,320228004,kalman,tcf,tcf_event_consistent_score,tcf_event_consistent_score,6.2701763283763166,1,6.289096365455152,10.448318582959473,,
demo50_662c028d7106501c,662c028d7106501c,kic_4544745_q5,64,320228004,kalman,tps_like,tps_like_mes,tps_like_mes,39.781837892953696,1,13.874991397955455,1.2827775832265615,,
demo50_662c028d7106501c,662c028d7106501c,kic_4544745_q5,64,320228004,kalman,tps_like,tps_like_robust_veto_score,tps_like_robust_veto_score,39.781837892953696,1,13.874991397955455,1.2827775832265615,,
demo50_662c028d7106501c,662c028d7106501c,kic_4544745_q5,64,320228004,kalman,tps_like,tps_like_event_consistency_score,tps_like_event_consistency_score,30.947542958874493,1,13.874991397955455,1.2827775832265615,,
demo50_662c028d7106501c,662c028d7106501c,kic_4544745_q5,64,320228004,raw,bls,bls_power,bls_power,0.0005525023283480732,1,10.81727242414138,0.12770899990573525,,
demo50_662c028d7106501c,662c028d7106501c,kic_4544745_q5,64,320228004,raw,tcf,tcf_event_consistent_score,tcf_event_consistent_score,6.303347975355137,1,12.003001000333445,10.490214083809406,,
demo50_662c028d7106501c,662c028d7106501c,kic_4544745_q5,64,320228004,raw,tps_like,tps_like_mes,tps_like_mes,40.95237276335074,1,3.53515981126111,1.2901834999211133,,
demo50_662c028d7106501c,662c028d7106501c,kic_4544745_q5,64,320228004,raw,tps_like,tps_like_robust_veto_score,tps_like_robust_veto_score,40.95237276335074,1,3.53515981126111,1.2901834999211133,,
demo50_662c028d7106501c,662c028d7106501c,kic_4544745_q5,64,320228004,raw,tps_like,tps_like_event_consistency_score,tps_like_event_consistency_score,34.09746146560996,1,3.53515981126111,1.2901834999211133,,
demo50_662c028d7106501c,662c028d7106501c,kic_4544745_q5,65,1508114297,arima,bls,bls_power,bls_power,0.0006802646579108971,1,14.724574858286097,0.15319008380174637,,
demo50_662c028d7106501c,662c028d7106501c,kic_4544745_q5,65,1508114297,arima,tcf,tcf_event_consistent_score,tcf_event_consistent_score,6.588070218417887,1,1.877625875291764,10.759890250395983,,
demo50_662c028d7106501c,662c028d7106501c,kic_4544745_q5,65,1508114297,arima,tps_like,tps_like_mes,tps_like_mes,78.62187748548509,1,13.180220105568878,1.306740750093013,,
demo50_662c028d7106501c,662c028d7106501c,kic_4544745_q5,65,1508114297,arima,tps_like,tps_like_robust_veto_score,tps_like_robust_veto_score,76.86679471606391,1,12.935006708255969,1.306740750093013,,
demo50_662c028d7106501c,662c028d7106501c,kic_4544745_q5,65,1508114297,arima,tps_like,tps_like_event_consistency_score,tps_like_event_consistency_score,69.37298084280233,1,12.935006708255969,1.306740750093013,,
demo50_662c028d7106501c,662c028d7106501c,kic_4544745_q5,65,1508114297,gp,bls,bls_power,bls_power,0.0005811713461211279,1,8.627875958652885,0.12607633415609598,,
demo50_662c028d7106501c,662c028d7106501c,kic_4544745_q5,65,1508114297,gp,tcf,tcf_event_consistent_score,tcf_event_consistent_score,6.4977276993466795,1,6.5831943981327115,10.555654791649431,,
demo50_662c028d7106501c,662c028d7106501c,kic_4544745_q5,65,1508114297,gp,tps_like,tps_like_mes,tps_like_mes,47.790273206793124,1,10.094618189381436,1.2852857923135161,,
demo50_662c028d7106501c,662c028d7106501c,kic_4544745_q5,65,1508114297,gp,tps_like,tps_like_robust_veto_score,tps_like_robust_veto_score,41.445325044524466,1,10.911996180424467,1.2852857923135161,,
demo50_662c028d7106501c,662c028d7106501c,kic_4544745_q5,65,1508114297,gp,tps_like,tps_like_event_consistency_score,tps_like_event_consistency_score,37.74465913249962,1,10.911996180424467,1.2852857923135161,,
demo50_662c028d7106501c,662c028d7106501c,kic_4544745_q5,65,1508114297,kalman,bls,bls_power,bls_power,0.0004618249939877858,1,14.785261753917974,0.12909429194405675,,
demo50_662c028d7106501c,662c028d7106501c,kic_4544745_q5,65,1508114297,kalman,tcf,tcf_event_consistent_score,tcf_event_consistent_score,6.226570840622396,1,8.161053684561521,10.481556457933038,,
demo50_662c028d7106501c,662c028d7106501c,kic_4544745_q5,65,1508114297,kalman,tps_like,tps_like_mes,tps_like_mes,45.086710955352764,1,10.339831586694345,1.2837907909415662,,
demo50_662c028d7106501c,662c028d7106501c,kic_4544745_q5,65,1508114297,kalman,tps_like,tps_like_robust_veto_score,tps_like_robust_veto_score,41.13730890587705,1,10.442003835574724,1.2837907909415662,,
demo50_662c028d7106501c,662c028d7106501c,kic_4544745_q5,65,1508114297,kalman,tps_like,tps_like_event_consistency_score,tps_like_event_consistency_score,34.23315950739482,1,10.442003835574724,1.2837907909415662,,
demo50_662c028d7106501c,662c028d7106501c,kic_4544745_q5,65,1508114297,raw,bls,bls_power,bls_power,0.0005298854676508084,1,4.813937979326442,0.12679795874282718,,
demo50_662c028d7106501c,662c028d7106501c,kic_4544745_q5,65,1508114297,raw,tcf,tcf_event_consistent_score,tcf_event_consistent_score,6.720475766399646,1,10.518506168722908,10.613841124810278,,
demo50_662c028d7106501c,662c028d7106501c,kic_4544745_q5,65,1508114297,raw,tps_like,tps_like_mes,tps_like_mes,30.280438324090017,1,10.319397136918269,1.2817819169722497,,
demo50_662c028d7106501c,662c028d7106501c,kic_4544745_q5,65,1508114297,raw,tps_like,tps_like_robust_veto_score,tps_like_robust_veto_score,30.280438324090017,1,10.319397136918269,1.2817819169722497,,
demo50_662c028d7106501c,662c028d7106501c,kic_4544745_q5,65,1508114297,raw,tps_like,tps_like_event_consistency_score,tps_like_event_consistency_score,26.92520190869675,1,10.319397136918269,1.2817819169722497,,
demo50_662c028d7106501c,662c028d7106501c,kic_4544745_q5,66,68753476,arima,bls,bls_power,bls_power,0.00048413578415869535,1,14.234411470490164,0.15464716730639338,,
demo50_662c028d7106501c,662c028d7106501c,kic_4544745_q5,66,68753476,arima,tcf,tcf_event_consistent_score,tcf_event_consistent_score,6.896785795213882,1,13.61353784594865,10.340035333298147,,
demo50_662c028d7106501c,662c028d7106501c,kic_4544745_q5,66,68753476,arima,tps_like,tps_like_mes,tps_like_mes,58.26644352861849,1,13.711515799746849,1.2783337500877678,,
demo50_662c028d7106501c,662c028d7106501c,kic_4544745_q5,66,68753476,arima,tps_like,tps_like_robust_veto_score,tps_like_robust_veto_score,56.96954212229337,1,9.82897034229245,1.2783337500877678,,
demo50_662c028d7106501c,662c028d7106501c,kic_4544745_q5,66,68753476,arima,tps_like,tps_like_event_consistency_score,tps_like_event_consistency_score,50.188051346867034,1,9.82897034229245,1.2783337500877678,,
demo50_662c028d7106501c,662c028d7106501c,kic_4544745_q5,66,68753476,gp,bls,bls_power,bls_power,0.0005607549115861708,1,10.18706235411804,0.12456445908173919,,
demo50_662c028d7106501c,662c028d7106501c,kic_4544745_q5,66,68753476,gp,tcf,tcf_event_consistent_score,tcf_event_consistent_score,6.61479892985264,1,11.055351783927977,10.439101917203516,,
demo50_662c028d7106501c,662c028d7106501c,kic_4544745_q5,66,68753476,gp,tps_like,tps_like_mes,tps_like_mes,70.8133537037539,1,6.028162683942355,1.3234587907791138,,
demo50_662c028d7106501c,662c028d7106501c,kic_4544745_q5,66,68753476,gp,tps_like,tps_like_robust_veto_score,tps_like_robust_veto_score,70.8133537037539,1,6.028162683942355,1.3234587907791138,,
demo50_662c028d7106501c,662c028d7106501c,kic_4544745_q5,66,68753476,gp,tps_like,tps_like_event_consistency_score,tps_like_event_consistency_score,58.541082850581354,1,6.028162683942355,1.3234587907791138,,
demo50_662c028d7106501c,662c028d7106501c,kic_4544745_q5,66,68753476,kalman,bls,bls_power,bls_power,0.0005314904079930652,1,8.254418139379794,0.13518662471324205,,
demo50_662c028d7106501c,662c028d7106501c,kic_4544745_q5,66,68753476,kalman,tcf,tcf_event_consistent_score,tcf_event_consistent_score,7.656629942510179,1,13.781593864621541,10.42668016627431,,
demo50_662c028d7106501c,662c028d7106501c,kic_4544745_q5,66,68753476,kalman,tps_like,tps_like_mes,tps_like_mes,48.96347708330056,1,10.830258381320164,1.2947469167411327,,
demo50_662c028d7106501c,662c028d7106501c,kic_4544745_q5,66,68753476,kalman,tps_like,tps_like_robust_veto_score,tps_like_robust_veto_score,48.96347708330056,1,10.830258381320164,1.2947469167411327,,
demo50_662c028d7106501c,662c028d7106501c,kic_4544745_q5,66,68753476,kalman,tps_like,tps_like_event_consistency_score,tps_like_event_consistency_score,36.11618425577707,1,10.830258381320164,1.2947469167411327,,
demo50_662c028d7106501c,662c028d7106501c,kic_4544745_q5,66,68753476,raw,bls,bls_power,bls_power,0.000557396746706045,1,8.613871290430144,0.12878466676920652,,
demo50_662c028d7106501c,662c028d7106501c,kic_4544745_q5,66,68753476,raw,tcf,tcf_event_consistent_score,tcf_event_consistent_score,6.334028674343081,1,4.370456818939647,10.795407250057906,,
demo50_662c028d7106501c,662c028d7106501c,kic_4544745_q5,66,68753476,raw,tps_like,tps_like_mes,tps_like_mes,52.81772057055599,1,7.519877517595887,1.2888342910446227,,
demo50_662c028d7106501c,662c028d7106501c,kic_4544745_q5,66,68753476,raw,tps_like,tps_like_robust_veto_score,tps_like_robust_veto_score,42.31282924750822,1,9.134199049905874,1.2888342910446227,,
demo50_662c028d7106501c,662c028d7106501c,kic_4544745_q5,66,68753476,raw,tps_like,tps_like_event_consistency_score,tps_like_event_consistency_score,37.06245787626503,1,9.134199049905874,1.2888342910446227,,
demo50_662c028d7106501c,662c028d7106501c,kic_4544745_q5,67,1437780588,arima,bls,bls_power,bls_power,0.000436576573877807,1,8.641880626875626,0.15580366598442197,,
demo50_662c028d7106501c,662c028d7106501c,kic_4544745_q5,67,1437780588,arima,tcf,tcf_event_consistent_score,tcf_event_consistent_score,7.26097957161673,1,5.420806935645215,10.385695917066187,,
demo50_662c028d7106501c,662c028d7106501c,kic_4544745_q5,67,1437780588,arima,tps_like,tps_like_mes,tps_like_mes,29.868935805149327,1,6.29381053103134,1.280100000090897,,
demo50_662c028d7106501c,662c028d7106501c,kic_4544745_q5,67,1437780588,arima,tps_like,tps_like_robust_veto_score,tps_like_robust_veto_score,26.713999787656274,1,5.966859334614128,1.280100000090897,,
demo50_662c028d7106501c,662c028d7106501c,kic_4544745_q5,67,1437780588,arima,tps_like,tps_like_event_consistency_score,tps_like_event_consistency_score,22.76576468039578,1,5.966859334614128,1.280100000090897,,
demo50_662c028d7106501c,662c028d7106501c,kic_4544745_q5,67,1437780588,gp,bls,bls_power,bls_power,0.0005246280033434725,1,7.549516505501835,0.128886166960001,,
demo50_662c028d7106501c,662c028d7106501c,kic_4544745_q5,67,1437780588,gp,tcf,tcf_event_consistent_score,tcf_event_consistent_score,6.62074456198136,1,13.65088362787596,10.550381791777909,,
demo50_662c028d7106501c,662c028d7106501c,kic_4544745_q5,67,1437780588,gp,tps_like,tps_like_mes,tps_like_mes,32.08650027051663,1,14.28368039347697,1.2897295830771327,,
demo50_662c028d7106501c,662c028d7106501c,kic_4544745_q5,67,1437780588,gp,tps_like,tps_like_robust_veto_score,tps_like_robust_veto_score,31.84488247578443,1,5.925990435061976,1.2897295830771327,,
demo50_662c028d7106501c,662c028d7106501c,kic_4544745_q5,67,1437780588,gp,tps_like,tps_like_event_consistency_score,tps_like_event_consistency_score,28.18265042280586,1,5.925990435061976,1.2897295830771327,,
demo50_662c028d7106501c,662c028d7106501c,kic_4544745_q5,67,1437780588,kalman,bls,bls_power,bls_power,0.0004881747612430178,1,1.7935978659553184,0.12979945773258805,,
demo50_662c028d7106501c,662c028d7106501c,kic_4544745_q5,67,1437780588,kalman,tcf,tcf_event_consistent_score,tcf_event_consistent_score,6.297001442351641,1,6.639213071023675,10.463271458167583,,
demo50_662c028d7106501c,662c028d7106501c,kic_4544745_q5,67,1437780588,kalman,tps_like,tps_like_mes,tps_like_mes,40.12945136985579,1,1.777797130518593,1.3154588751494884,,
demo50_662c028d7106501c,662c028d7106501c,kic_4544745_q5,67,1437780588,kalman,tps_like,tps_like_robust_veto_score,tps_like_robust_veto_score,31.581695346483894,1,9.093330150353722,1.3154588751494884,,
demo50_662c028d7106501c,662c028d7106501c,kic_4544745_q5,67,1437780588,kalman,tps_like,tps_like_event_consistency_score,tps_like_event_consistency_score,30.202372608809156,1,9.093330150353722,1.3154588751494884,,
demo50_662c028d7106501c,662c028d7106501c,kic_4544745_q5,67,1437780588,raw,bls,bls_power,bls_power,0.0005097080989793613,1,13.459486495498501,0.13069837493821979,,
demo50_662c028d7106501c,662c028d7106501c,kic_4544745_q5,67,1437780588,raw,tcf,tcf_event_consistent_score,tcf_event_consistent_score,6.755859808870918,1,13.076692230743582,10.452213457785547,,
demo50_662c028d7106501c,662c028d7106501c,kic_4544745_q5,67,1437780588,raw,tps_like,tps_like_mes,tps_like_mes,45.52042852698523,1,14.324549293029122,1.2777505000121891,,
demo50_662c028d7106501c,662c028d7106501c,kic_4544745_q5,67,1437780588,raw,tps_like,tps_like_robust_veto_score,tps_like_robust_veto_score,45.52042852698523,1,14.324549293029122,1.2777505000121891,,
demo50_662c028d7106501c,662c028d7106501c,kic_4544745_q5,67,1437780588,raw,tps_like,tps_like_event_consistency_score,tps_like_event_consistency_score,38.38654636021371,1,14.324549293029122,1.2777505000121891,,
demo50_662c028d7106501c,662c028d7106501c,kic_4544745_q5,68,187199656,arima,bls,bls_power,bls_power,0.000440198945011209,1,12.871290430143382,0.1575313750654459,,
demo50_662c028d7106501c,662c028d7106501c,kic_4544745_q5,68,187199656,arima,tcf,tcf_event_consistent_score,tcf_event_consistent_score,6.5032016640486505,1,13.59953317772591,10.444131708238274,,
demo50_662c028d7106501c,662c028d7106501c,kic_4544745_q5,68,187199656,arima,tps_like,tps_like_mes,tps_like_mes,49.21079512226089,1,12.996310057584196,1.3103100839070976,,
demo50_662c028d7106501c,662c028d7106501c,kic_4544745_q5,68,187199656,arima,tps_like,tps_like_robust_veto_score,tps_like_robust_veto_score,49.21079512226089,1,12.996310057584196,1.3103100839070976,,
demo50_662c028d7106501c,662c028d7106501c,kic_4544745_q5,68,187199656,arima,tps_like,tps_like_event_consistency_score,tps_like_event_consistency_score,37.87585728922023,1,12.996310057584196,1.3103100839070976,,
demo50_662c028d7106501c,662c028d7106501c,kic_4544745_q5,68,187199656,gp,bls,bls_power,bls_power,0.0005742492208945925,1,5.565521840613538,0.12635466735810041,,
demo50_662c028d7106501c,662c028d7106501c,kic_4544745_q5,68,187199656,gp,tcf,tcf_event_consistent_score,tcf_event_consistent_score,6.2995804090314556,1,4.071690563521174,10.56844308366999,,
demo50_662c028d7106501c,662c028d7106501c,kic_4544745_q5,68,187199656,gp,tps_like,tps_like_mes,tps_like_mes,37.7761539504517,1,14.876279436983168,1.3167542079463601,,
demo50_662c028d7106501c,662c028d7106501c,kic_4544745_q5,68,187199656,gp,tps_like,tps_like_robust_veto_score,tps_like_robust_veto_score,37.7761539504517,1,14.876279436983168,1.3167542079463601,,
demo50_662c028d7106501c,662c028d7106501c,kic_4544745_q5,68,187199656,gp,tps_like,tps_like_event_consistency_score,tps_like_event_consistency_score,28.188114326295157,1,14.876279436983168,1.3167542079463601,,
demo50_662c028d7106501c,662c028d7106501c,kic_4544745_q5,68,187199656,kalman,bls,bls_power,bls_power,0.0004806895346389824,1,3.222074024674892,0.13163449987769127,,
demo50_662c028d7106501c,662c028d7106501c,kic_4544745_q5,68,187199656,kalman,tcf,tcf_event_consistent_score,tcf_event_consistent_score,6.188765358802682,1,14.16438812937646,10.49229483306408,,
demo50_662c028d7106501c,662c028d7106501c,kic_4544745_q5,68,187199656,kalman,tps_like,tps_like_mes,tps_like_mes,27.574493906073958,1,8.418993307743222,1.2825848329812288,,
demo50_662c028d7106501c,662c028d7106501c,kic_4544745_q5,68,187199656,kalman,tps_like,tps_like_robust_veto_score,tps_like_robust_veto_score,27.574493906073958,1,8.418993307743222,1.2825848329812288,,
demo50_662c028d7106501c,662c028d7106501c,kic_4544745_q5,68,187199656,kalman,tps_like,tps_like_event_consistency_score,tps_like_event_consistency_score,20.196146465076225,1,8.418993307743222,1.2825848329812288,,
demo50_662c028d7106501c,662c028d7106501c,kic_4544745_q5,68,187199656,raw,bls,bls_power,bls_power,0.0005095528699938041,1,10.81727242414138,0.1294690417125821,,
demo50_662c028d7106501c,662c028d7106501c,kic_4544745_q5,68,187199656,raw,tcf,tcf_event_consistent_score,tcf_event_consistent_score,7.144981492180408,1,6.009003001000334,10.534843957982957,,
demo50_662c028d7106501c,662c028d7106501c,kic_4544745_q5,68,187199656,raw,tps_like,tps_like_mes,tps_like_mes,39.680378943864234,1,14.038466996164061,1.2980507500469685,,
demo50_662c028d7106501c,662c028d7106501c,kic_4544745_q5,68,187199656,raw,tps_like,tps_like_robust_veto_score,tps_like_robust_veto_score,36.25688870814651,1,9.256805748562329,1.2980507500469685,,
demo50_662c028d7106501c,662c028d7106501c,kic_4544745_q5,68,187199656,raw,tps_like,tps_like_event_consistency_score,tps_like_event_consistency_score,30.154584495968475,1,9.256805748562329,1.2980507500469685,,
demo50_662c028d7106501c,662c028d7106501c,kic_4544745_q5,69,57585300,arima,bls,bls_power,bls_power,0.00041673259155441196,1,13.800266755585197,0.15899333264678717,,
demo50_662c028d7106501c,662c028d7106501c,kic_4544745_q5,69,57585300,arima,tcf,tcf_event_consistent_score,tcf_event_consistent_score,6.207490328582096,1,4.2910970323441155,10.445240792352706,,
demo50_662c028d7106501c,662c028d7106501c,kic_4544745_q5,69,57585300,arima,tps_like,tps_like_mes,tps_like_mes,68.42435463621129,1,6.68206507677678,1.326201334130019,,
demo50_662c028d7106501c,662c028d7106501c,kic_4544745_q5,69,57585300,arima,tps_like,tps_like_robust_veto_score,tps_like_robust_veto_score,68.42435463621129,1,6.68206507677678,1.326201334130019,,
demo50_662c028d7106501c,662c028d7106501c,kic_4544745_q5,69,57585300,arima,tps_like,tps_like_event_consistency_score,tps_like_event_consistency_score,60.67834534828862,1,6.68206507677678,1.326201334130019,,
demo50_662c028d7106501c,662c028d7106501c,kic_4544745_q5,69,57585300,gp,bls,bls_power,bls_power,0.0006044796572770818,1,10.457819273091031,0.12861395813524723,,
demo50_662c028d7106501c,662c028d7106501c,kic_4544745_q5,69,57585300,gp,tcf,tcf_event_consistent_score,tcf_event_consistent_score,6.946744569770303,1,10.490496832277426,10.889061708003283,,
demo50_662c028d7106501c,662c028d7106501c,kic_4544745_q5,69,57585300,gp,tps_like,tps_like_mes,tps_like_mes,28.92466640922809,1,10.503307184902951,1.2885095411911607,,
demo50_662c028d7106501c,662c028d7106501c,kic_4544745_q5,69,57585300,gp,tps_like,tps_like_robust_veto_score,tps_like_robust_veto_score,28.92466640922809,1,10.503307184902951,1.2885095411911607,,
demo50_662c028d7106501c,662c028d7106501c,kic_4544745_q5,69,57585300,gp,tps_like,tps_like_event_consistency_score,tps_like_event_consistency_score,26.68003342513351,1,10.503307184902951,1.2885095411911607,,
demo50_662c028d7106501c,662c028d7106501c,kic_4544745_q5,69,57585300,kalman,bls,bls_power,bls_power,0.00044195502867091287,1,13.184061353784596,0.13154674973338842,,
demo50_662c028d7106501c,662c028d7106501c,kic_4544745_q5,69,57585300,kalman,tcf,tcf_event_consistent_score,tcf_event_consistent_score,6.538960843529708,1,8.277759253084362,10.648891875054687,,
demo50_662c028d7106501c,662c028d7106501c,kic_4544745_q5,69,57585300,kalman,tps_like,tps_like_mes,tps_like_mes,43.48954161654832,1,12.342407664749771,1.2842437499202788,,
demo50_662c028d7106501c,662c028d7106501c,kic_4544745_q5,69,57585300,kalman,tps_like,tps_like_robust_veto_score,tps_like_robust_veto_score,40.70706617095305,1,12.260669865645468,1.2842437499202788,,
demo50_662c028d7106501c,662c028d7106501c,kic_4544745_q5,69,57585300,kalman,tps_like,tps_like_event_consistency_score,tps_like_event_consistency_score,33.95947072622085,1,12.260669865645468,1.2842437499202788,,
demo50_662c028d7106501c,662c028d7106501c,kic_4544745_q5,69,57585300,raw,bls,bls_power,bls_power,0.0005496506240319184,1,12.77792597532511,0.12754854187369347,,
demo50_662c028d7106501c,662c028d7106501c,kic_4544745_q5,69,57585300,raw,tcf,tcf_event_consistent_score,tcf_event_consistent_score,6.412331564957561,1,1.0793597865955318,10.551279250066727,,
demo50_662c028d7106501c,662c028d7106501c,kic_4544745_q5,69,57585300,raw,tps_like,tps_like_mes,tps_like_mes,32.12578939589986,1,13.139351206016727,1.5155286248773336,,
demo50_662c028d7106501c,662c028d7106501c,kic_4544745_q5,69,57585300,raw,tps_like,tps_like_robust_veto_score,tps_like_robust_veto_score,32.12578939589986,1,13.139351206016727,1.5155286248773336,,
demo50_662c028d7106501c,662c028d7106501c,kic_4544745_q5,69,57585300,raw,tps_like,tps_like_event_consistency_score,tps_like_event_consistency_score,27.699805543711637,1,13.139351206016727,1.5155286248773336,,
demo50_662c028d7106501c,662c028d7106501c,kic_4544745_q5,70,1390931502,arima,bls,bls_power,bls_power,0.000883684422862989,1,9.692230743581195,0.17128358269110322,,
demo50_662c028d7106501c,662c028d7106501c,kic_4544745_q5,70,1390931502,arima,tcf,tcf_event_consistent_score,tcf_event_consistent_score,6.317497969484267,1,10.32710903634545,10.740847125183791,,
demo50_662c028d7106501c,662c028d7106501c,kic_4544745_q5,70,1390931502,arima,tps_like,tps_like_mes,tps_like_mes,78.76733333335787,1,2.4725684229051694,1.3194141248241067,,
demo50_662c028d7106501c,662c028d7106501c,kic_4544745_q5,70,1390931502,arima,tps_like,tps_like_robust_veto_score,tps_like_robust_veto_score,71.36682152704701,1,2.329527274472639,1.3194141248241067,,
demo50_662c028d7106501c,662c028d7106501c,kic_4544745_q5,70,1390931502,arima,tps_like,tps_like_event_consistency_score,tps_like_event_consistency_score,60.7061168191554,1,2.329527274472639,1.3194141248241067,,
demo50_662c028d7106501c,662c028d7106501c,kic_4544745_q5,70,1390931502,gp,bls,bls_power,bls_power,0.0005410842310058327,1,9.939646548849618,0.12694020802155137,,
demo50_662c028d7106501c,662c028d7106501c,kic_4544745_q5,70,1390931502,gp,tcf,tcf_event_consistent_score,tcf_event_consistent_score,5.825361958092753,1,6.181727242414138,10.537420167122036,,
demo50_662c028d7106501c,662c028d7106501c,kic_4544745_q5,70,1390931502,gp,tps_like,tps_like_mes,tps_like_mes,41.18336755555369,1,12.424145463854074,1.3080953750759363,,
demo50_662c028d7106501c,662c028d7106501c,kic_4544745_q5,70,1390931502,gp,tps_like,tps_like_robust_veto_score,tps_like_robust_veto_score,32.89620720934968,1,8.418993307743222,1.3080953750759363,,
demo50_662c028d7106501c,662c028d7106501c,kic_4544745_q5,70,1390931502,gp,tps_like,tps_like_event_consistency_score,tps_like_event_consistency_score,29.305385131819595,1,8.418993307743222,1.3080953750759363,,
demo50_662c028d7106501c,662c028d7106501c,kic_4544745_q5,70,1390931502,kalman,bls,bls_power,bls_power,0.0004783490110602673,1,3.9596532177392465,0.13112470787018538,,
demo50_662c028d7106501c,662c028d7106501c,kic_4544745_q5,70,1390931502,kalman,tcf,tcf_event_consistent_score,tcf_event_consistent_score,5.852970294827797,1,13.272757585861955,10.421340624801815,,
demo50_662c028d7106501c,662c028d7106501c,kic_4544745_q5,70,1390931502,kalman,tps_like,tps_like_mes,tps_like_mes,47.10829005964912,1,8.929854552145116,1.2962293750606477,,
demo50_662c028d7106501c,662c028d7106501c,kic_4544745_q5,70,1390931502,kalman,tps_like,tps_like_robust_veto_score,tps_like_robust_veto_score,45.317498850208054,1,13.282392354449257,1.2962293750606477,,
demo50_662c028d7106501c,662c028d7106501c,kic_4544745_q5,70,1390931502,kalman,tps_like,tps_like_event_consistency_score,tps_like_event_consistency_score,40.688027563897656,1,13.282392354449257,1.2962293750606477,,
demo50_662c028d7106501c,662c028d7106501c,kic_4544745_q5,70,1390931502,raw,bls,bls_power,bls_power,0.0005422376306612965,1,8.193731243747916,0.12868529185652733,,
demo50_662c028d7106501c,662c028d7106501c,kic_4544745_q5,70,1390931502,raw,tcf,tcf_event_consistent_score,tcf_event_consistent_score,6.503214269422109,1,7.740913637879293,10.548207625281066,,
demo50_662c028d7106501c,662c028d7106501c,kic_4544745_q5,70,1390931502,raw,tps_like,tps_like_mes,tps_like_mes,64.3659194622645,1,10.871127280872315,1.281659625004977,,
demo50_662c028d7106501c,662c028d7106501c,kic_4544745_q5,70,1390931502,raw,tps_like,tps_like_robust_veto_score,tps_like_robust_veto_score,64.3659194622645,1,10.871127280872315,1.281659625004977,,
demo50_662c028d7106501c,662c028d7106501c,kic_4544745_q5,70,1390931502,raw,tps_like,tps_like_event_consistency_score,tps_like_event_consistency_score,48.50688431401767,1,10.871127280872315,1.281659625004977,,
demo50_662c028d7106501c,662c028d7106501c,kic_4544745_q5,71,2126302851,arima,bls,bls_power,bls_power,0.0007078344860560645,1,14.09903301100367,0.15540795912966132,,
demo50_662c028d7106501c,662c028d7106501c,kic_4544745_q5,71,2126302851,arima,tcf,tcf_event_consistent_score,tcf_event_consistent_score,6.206296251462217,1,5.79893297765922,10.410502083133906,,
demo50_662c028d7106501c,662c028d7106501c,kic_4544745_q5,71,2126302851,arima,tps_like,tps_like_mes,tps_like_mes,80.38791476897552,1,6.804671775433235,1.3497986253350973,,
demo50_662c028d7106501c,662c028d7106501c,kic_4544745_q5,71,2126302851,arima,tps_like,tps_like_robust_veto_score,tps_like_robust_veto_score,76.68756172817982,1,2.0230105278315023,1.3497986253350973,,
demo50_662c028d7106501c,662c028d7106501c,kic_4544745_q5,71,2126302851,arima,tps_like,tps_like_event_consistency_score,tps_like_event_consistency_score,66.10517089445847,1,2.0230105278315023,1.3497986253350973,,
demo50_662c028d7106501c,662c028d7106501c,kic_4544745_q5,71,2126302851,gp,bls,bls_power,bls_power,0.000605644356623372,1,6.993997999333112,0.12767229182645679,,
demo50_662c028d7106501c,662c028d7106501c,kic_4544745_q5,71,2126302851,gp,tcf,tcf_event_consistent_score,tcf_event_consistent_score,6.670616027124645,1,8.571857285761922,10.517775957938284,,
demo50_662c028d7106501c,662c028d7106501c,kic_4544745_q5,71,2126302851,gp,tps_like,tps_like_mes,tps_like_mes,26.60773171292879,1,13.36413015355356,1.3061882080510259,,
demo50_662c028d7106501c,662c028d7106501c,kic_4544745_q5,71,2126302851,gp,tps_like,tps_like_robust_veto_score,tps_like_robust_veto_score,26.60773171292879,1,13.36413015355356,1.3061882080510259,,
demo50_662c028d7106501c,662c028d7106501c,kic_4544745_q5,71,2126302851,gp,tps_like,tps_like_event_consistency_score,tps_like_event_consistency_score,21.742739203045502,1,13.36413015355356,1.3061882080510259,,
demo50_662c028d7106501c,662c028d7106501c,kic_4544745_q5,71,2126302851,kalman,bls,bls_power,bls_power,0.0004985452328576421,1,5.168722907635879,0.13273566588759422,,
demo50_662c028d7106501c,662c028d7106501c,kic_4544745_q5,71,2126302851,kalman,tcf,tcf_event_consistent_score,tcf_event_consistent_score,6.305836174942594,1,13.70223407802601,10.726663625333458,,
demo50_662c028d7106501c,662c028d7106501c,kic_4544745_q5,71,2126302851,kalman,tps_like,tps_like_mes,tps_like_mes,30.21161278970064,1,13.956729197059758,1.2921469998545945,,
demo50_662c028d7106501c,662c028d7106501c,kic_4544745_q5,71,2126302851,kalman,tps_like,tps_like_robust_veto_score,tps_like_robust_veto_score,25.48445926614457,1,6.273376081255265,1.2921469998545945,,
demo50_662c028d7106501c,662c028d7106501c,kic_4544745_q5,71,2126302851,kalman,tps_like,tps_like_event_consistency_score,tps_like_event_consistency_score,22.729354312922347,1,6.273376081255265,1.2921469998545945,,
demo50_662c028d7106501c,662c028d7106501c,kic_4544745_q5,71,2126302851,raw,bls,bls_power,bls_power,0.000594017450877714,1,14.603201067022342,0.12877604085952044,,
demo50_662c028d7106501c,662c028d7106501c,kic_4544745_q5,71,2126302851,raw,tcf,tcf_event_consistent_score,tcf_event_consistent_score,6.556813265103873,1,7.722240746915639,10.39443829189986,,
demo50_662c028d7106501c,662c028d7106501c,kic_4544745_q5,71,2126302851,raw,tps_like,tps_like_mes,tps_like_mes,78.69675257828072,1,10.21722488803789,1.278924208600074,,
demo50_662c028d7106501c,662c028d7106501c,kic_4544745_q5,71,2126302851,raw,tps_like,tps_like_robust_veto_score,tps_like_robust_veto_score,78.69675257828072,1,10.21722488803789,1.278924208600074,,
demo50_662c028d7106501c,662c028d7106501c,kic_4544745_q5,71,2126302851,raw,tps_like,tps_like_event_consistency_score,tps_like_event_consistency_score,65.29357738803304,1,10.21722488803789,1.278924208600074,,
demo50_662c028d7106501c,662c028d7106501c,kic_4544745_q5,72,867047821,arima,bls,bls_power,bls_power,0.0009966003080224503,1,11.760253417805936,0.15555070899426937,,
demo50_662c028d7106501c,662c028d7106501c,kic_4544745_q5,72,867047821,arima,tcf,tcf_event_consistent_score,tcf_event_consistent_score,6.928746608728962,1,11.638879626542181,10.485487000085413,,
demo50_662c028d7106501c,662c028d7106501c,kic_4544745_q5,72,867047821,arima,tps_like,tps_like_mes,tps_like_mes,46.37318805778511,1,5.517301439540461,1.2958105830475688,,
demo50_662c028d7106501c,662c028d7106501c,kic_4544745_q5,72,867047821,arima,tps_like,tps_like_robust_veto_score,tps_like_robust_veto_score,40.51011125888002,1,14.712803838774562,1.2958105830475688,,
demo50_662c028d7106501c,662c028d7106501c,kic_4544745_q5,72,867047821,arima,tps_like,tps_like_event_consistency_score,tps_like_event_consistency_score,35.5286222023769,1,14.712803838774562,1.2958105830475688,,
demo50_662c028d7106501c,662c028d7106501c,kic_4544745_q5,72,867047821,gp,bls,bls_power,bls_power,0.0006262525420354187,1,14.981327109036346,0.12852995796129107,,
demo50_662c028d7106501c,662c028d7106501c,kic_4544745_q5,72,867047821,gp,tcf,tcf_event_consistent_score,tcf_event_consistent_score,7.204495773370449,1,6.681227075691898,10.40005279192701,,
demo50_662c028d7106501c,662c028d7106501c,kic_4544745_q5,72,867047821,gp,tps_like,tps_like_mes,tps_like_mes,40.09473994809835,1,5.987293784390204,1.3343787090852857,,
demo50_662c028d7106501c,662c028d7106501c,kic_4544745_q5,72,867047821,gp,tps_like,tps_like_robust_veto_score,tps_like_robust_veto_score,37.7793726763037,1,5.599039238644764,1.3343787090852857,,
demo50_662c028d7106501c,662c028d7106501c,kic_4544745_q5,72,867047821,gp,tps_like,tps_like_event_consistency_score,tps_like_event_consistency_score,33.59658658156232,1,5.599039238644764,1.3343787090852857,,
demo50_662c028d7106501c,662c028d7106501c,kic_4544745_q5,72,867047821,kalman,bls,bls_power,bls_power,0.0004929010422989501,1,3.9129709903301104,0.13534658262506127,,
demo50_662c028d7106501c,662c028d7106501c,kic_4544745_q5,72,867047821,kalman,tcf,tcf_event_consistent_score,tcf_event_consistent_score,6.648403005688705,1,7.2040680226742255,10.74801529198885,,
demo50_662c028d7106501c,662c028d7106501c,kic_4544745_q5,72,867047821,kalman,tps_like,tps_like_mes,tps_like_mes,51.257290569334565,1,10.707651682663709,1.3370153331197798,,
demo50_662c028d7106501c,662c028d7106501c,kic_4544745_q5,72,867047821,kalman,tps_like,tps_like_robust_veto_score,tps_like_robust_veto_score,47.03139414604089,1,9.175067949458025,1.3370153331197798,,
demo50_662c028d7106501c,662c028d7106501c,kic_4544745_q5,72,867047821,kalman,tps_like,tps_like_event_consistency_score,tps_like_event_consistency_score,38.114302374004815,1,9.175067949458025,1.3370153331197798,,
demo50_662c028d7106501c,662c028d7106501c,kic_4544745_q5,72,867047821,raw,bls,bls_power,bls_power,0.0005300191571287119,1,5.64488162720907,0.13145012501627207,,
demo50_662c028d7106501c,662c028d7106501c,kic_4544745_q5,72,867047821,raw,tcf,tcf_event_consistent_score,tcf_event_consistent_score,7.390315301419715,1,10.439146382127376,10.573375457897782,,
demo50_662c028d7106501c,662c028d7106501c,kic_4544745_q5,72,867047821,raw,tps_like,tps_like_mes,tps_like_mes,52.03336057156572,1,9.808535892516375,1.2960039577446878,,
demo50_662c028d7106501c,662c028d7106501c,kic_4544745_q5,72,867047821,raw,tps_like,tps_like_robust_veto_score,tps_like_robust_veto_score,39.40547933372148,1,14.651500489446335,1.2960039577446878,,
demo50_662c028d7106501c,662c028d7106501c,kic_4544745_q5,72,867047821,raw,tps_like,tps_like_event_consistency_score,tps_like_event_consistency_score,34.11449171037073,1,14.651500489446335,1.2960039577446878,,
demo50_662c028d7106501c,662c028d7106501c,kic_4544745_q5,73,1688912054,arima,bls,bls_power,bls_power,0.0007643045692493938,1,13.809603201067024,0.15650191716849804,,
demo50_662c028d7106501c,662c028d7106501c,kic_4544745_q5,73,1688912054,arima,tcf,tcf_event_consistent_score,tcf_event_consistent_score,6.873396451452939,1,9.22540846948983,10.524978875182569,,
demo50_662c028d7106501c,662c028d7106501c,kic_4544745_q5,73,1688912054,arima,tps_like,tps_like_mes,tps_like_mes,44.047388004526496,1,9.318109097890556,1.3119907910004258,,
demo50_662c028d7106501c,662c028d7106501c,kic_4544745_q5,73,1688912054,arima,tps_like,tps_like_robust_veto_score,tps_like_robust_veto_score,39.10636357159599,1,9.175067949458025,1.3119907910004258,,
demo50_662c028d7106501c,662c028d7106501c,kic_4544745_q5,73,1688912054,arima,tps_like,tps_like_event_consistency_score,tps_like_event_consistency_score,33.1241470199929,1,9.175067949458025,1.3119907910004258,,
demo50_662c028d7106501c,662c028d7106501c,kic_4544745_q5,73,1688912054,gp,bls,bls_power,bls_power,0.0005920464631337436,1,12.213071023674559,0.1276329169049859,,
demo50_662c028d7106501c,662c028d7106501c,kic_4544745_q5,73,1688912054,gp,tcf,tcf_event_consistent_score,tcf_event_consistent_score,6.253479578981061,1,8.758586195398467,10.624301124829799,,
demo50_662c028d7106501c,662c028d7106501c,kic_4544745_q5,73,1688912054,gp,tps_like,tps_like_mes,tps_like_mes,54.58062755077251,1,12.914572258479893,1.4916197080165148,,
demo50_662c028d7106501c,662c028d7106501c,kic_4544745_q5,73,1688912054,gp,tps_like,tps_like_robust_veto_score,tps_like_robust_veto_score,53.514972276421794,1,12.771531110047363,1.4916197080165148,,
demo50_662c028d7106501c,662c028d7106501c,kic_4544745_q5,73,1688912054,gp,tps_like,tps_like_event_consistency_score,tps_like_event_consistency_score,50.67130217271293,1,12.771531110047363,1.4916197080165148,,
demo50_662c028d7106501c,662c028d7106501c,kic_4544745_q5,73,1688912054,kalman,bls,bls_power,bls_power,0.00048474812260527236,1,4.739246415471824,0.13868429232388735,,
demo50_662c028d7106501c,662c028d7106501c,kic_4544745_q5,73,1688912054,kalman,tcf,tcf_event_consistent_score,tcf_event_consistent_score,6.775517858620578,1,5.803601200400133,10.49024120811373,,
demo50_662c028d7106501c,662c028d7106501c,kic_4544745_q5,73,1688912054,kalman,tps_like,tps_like_mes,tps_like_mes,33.5533283083712,1,12.281104315421544,1.291880417149514,,
demo50_662c028d7106501c,662c028d7106501c,kic_4544745_q5,73,1688912054,kalman,tps_like,tps_like_robust_veto_score,tps_like_robust_veto_score,33.5533283083712,1,12.281104315421544,1.291880417149514,,
demo50_662c028d7106501c,662c028d7106501c,kic_4544745_q5,73,1688912054,kalman,tps_like,tps_like_event_consistency_score,tps_like_event_consistency_score,28.295461968742366,1,12.281104315421544,1.291880417149514,,
demo50_662c028d7106501c,662c028d7106501c,kic_4544745_q5,73,1688912054,raw,bls,bls_power,bls_power,0.0005833539577914524,1,10.80326775591864,0.12849012482911348,,
demo50_662c028d7106501c,662c028d7106501c,kic_4544745_q5,73,1688912054,raw,tcf,tcf_event_consistent_score,tcf_event_consistent_score,6.449842569732653,1,13.361453817939314,10.252804374787956,,
demo50_662c028d7106501c,662c028d7106501c,kic_4544745_q5,73,1688912054,raw,tps_like,tps_like_mes,tps_like_mes,76.95125405114327,1,10.646348333335482,1.2931735827587545,,
demo50_662c028d7106501c,662c028d7106501c,kic_4544745_q5,73,1688912054,raw,tps_like,tps_like_robust_veto_score,tps_like_robust_veto_score,75.09685703096767,1,13.874991397955455,1.2931735827587545,,
demo50_662c028d7106501c,662c028d7106501c,kic_4544745_q5,73,1688912054,raw,tps_like,tps_like_event_consistency_score,tps_like_event_consistency_score,65.92782775934948,1,13.874991397955455,1.2931735827587545,,
demo50_662c028d7106501c,662c028d7106501c,kic_4544745_q5,74,1996341858,arima,bls,bls_power,bls_power,0.000713170257469228,1,12.58652884294765,0.1574943750165403,,
demo50_662c028d7106501c,662c028d7106501c,kic_4544745_q5,74,1996341858,arima,tcf,tcf_event_consistent_score,tcf_event_consistent_score,6.303438375708585,1,13.473491163721242,10.7784643326886,,
demo50_662c028d7106501c,662c028d7106501c,kic_4544745_q5,74,1996341858,arima,tps_like,tps_like_mes,tps_like_mes,69.53944472973815,1,14.77410718810279,1.318134916946292,,
demo50_662c028d7106501c,662c028d7106501c,kic_4544745_q5,74,1996341858,arima,tps_like,tps_like_robust_veto_score,tps_like_robust_veto_score,69.53944472973815,1,14.77410718810279,1.318134916946292,,
demo50_662c028d7106501c,662c028d7106501c,kic_4544745_q5,74,1996341858,arima,tps_like,tps_like_event_consistency_score,tps_like_event_consistency_score,47.51958391487227,1,14.77410718810279,1.318134916946292,,
demo50_662c028d7106501c,662c028d7106501c,kic_4544745_q5,74,1996341858,gp,bls,bls_power,bls_power,0.0005627918014043706,1,3.618872957652551,0.1276403754018247,,
demo50_662c028d7106501c,662c028d7106501c,kic_4544745_q5,74,1996341858,gp,tcf,tcf_event_consistent_score,tcf_event_consistent_score,6.868759869761769,1,13.795598532844283,10.479775582905859,,
demo50_662c028d7106501c,662c028d7106501c,kic_4544745_q5,74,1996341858,gp,tps_like,tps_like_mes,tps_like_mes,34.736312180501606,1,14.978451685863547,1.3087237500585616,,
demo50_662c028d7106501c,662c028d7106501c,kic_4544745_q5,74,1996341858,gp,tps_like,tps_like_robust_veto_score,tps_like_robust_veto_score,34.736312180501606,1,14.978451685863547,1.3087237500585616,,
demo50_662c028d7106501c,662c028d7106501c,kic_4544745_q5,74,1996341858,gp,tps_like,tps_like_event_consistency_score,tps_like_event_consistency_score,23.2471544374972,1,14.978451685863547,1.3087237500585616,,
demo50_662c028d7106501c,662c028d7106501c,kic_4544745_q5,74,1996341858,kalman,bls,bls_power,bls_power,0.0005458470893838669,1,13.375458486162055,0.13204129226505756,,
demo50_662c028d7106501c,662c028d7106501c,kic_4544745_q5,74,1996341858,kalman,tcf,tcf_event_consistent_score,tcf_event_consistent_score,6.211412202885518,1,7.507502500833612,10.46325600007549,,
demo50_662c028d7106501c,662c028d7106501c,kic_4544745_q5,74,1996341858,kalman,tps_like,tps_like_mes,tps_like_mes,24.297626778117614,1,10.033314840053208,1.2795733329840004,,
demo50_662c028d7106501c,662c028d7106501c,kic_4544745_q5,74,1996341858,kalman,tps_like,tps_like_robust_veto_score,tps_like_robust_veto_score,24.297626778117614,1,10.033314840053208,1.2795733329840004,,
demo50_662c028d7106501c,662c028d7106501c,kic_4544745_q5,74,1996341858,kalman,tps_like,tps_like_event_consistency_score,tps_like_event_consistency_score,19.662327194702343,1,10.033314840053208,1.2795733329840004,,
demo50_662c028d7106501c,662c028d7106501c,kic_4544745_q5,74,1996341858,raw,bls,bls_power,bls_power,0.0005427118567172728,1,3.940980326775592,0.12956566689535975,,
demo50_662c028d7106501c,662c028d7106501c,kic_4544745_q5,74,1996341858,raw,tcf,tcf_event_consistent_score,tcf_event_consistent_score,6.615460583708275,1,1.9896632210736913,10.378503375221044,,
demo50_662c028d7106501c,662c028d7106501c,kic_4544745_q5,74,1996341858,raw,tps_like,tps_like_mes,tps_like_mes,37.26379461217423,1,5.3538258413318545,1.2980957920663059,,
demo50_662c028d7106501c,662c028d7106501c,kic_4544745_q5,74,1996341858,raw,tps_like,tps_like_robust_veto_score,tps_like_robust_veto_score,37.26379461217423,1,5.3538258413318545,1.2980957920663059,,
demo50_662c028d7106501c,662c028d7106501c,kic_4544745_q5,74,1996341858,raw,tps_like,tps_like_event_consistency_score,tps_like_event_consistency_score,29.635003555125312,1,5.3538258413318545,1.2980957920663059,,
demo50_662c028d7106501c,662c028d7106501c,kic_4544745_q5,75,1924647079,arima,bls,bls_power,bls_power,0.0004518972851661233,1,13.207402467489164,0.1568193333223462,,
demo50_662c028d7106501c,662c028d7106501c,kic_4544745_q5,75,1924647079,arima,tcf,tcf_event_consistent_score,tcf_event_consistent_score,7.110556488400567,1,8.203067689229744,10.42496266728267,,
demo50_662c028d7106501c,662c028d7106501c,kic_4544745_q5,75,1924647079,arima,tps_like,tps_like_mes,tps_like_mes,44.171858294134815,1,10.646348333335482,1.2826530416496098,,
demo50_662c028d7106501c,662c028d7106501c,kic_4544745_q5,75,1924647079,arima,tps_like,tps_like_robust_veto_score,tps_like_robust_veto_score,34.41883856554794,1,4.863399046706036,1.2826530416496098,,
demo50_662c028d7106501c,662c028d7106501c,kic_4544745_q5,75,1924647079,arima,tps_like,tps_like_event_consistency_score,tps_like_event_consistency_score,27.379485561983067,1,4.863399046706036,1.2826530416496098,,
demo50_662c028d7106501c,662c028d7106501c,kic_4544745_q5,75,1924647079,gp,bls,bls_power,bls_power,0.0005456070992343863,1,10.54651550516839,0.12881450029090047,,
demo50_662c028d7106501c,662c028d7106501c,kic_4544745_q5,75,1924647079,gp,tcf,tcf_event_consistent_score,tcf_event_consistent_score,6.019903077474596,1,4.2630876958986335,10.492301959078759,,
demo50_662c028d7106501c,662c028d7106501c,kic_4544745_q5,75,1924647079,gp,tps_like,tps_like_mes,tps_like_mes,47.17309122846924,1,1.4508459341013804,1.3310365420766175,,
demo50_662c028d7106501c,662c028d7106501c,kic_4544745_q5,75,1924647079,gp,tps_like,tps_like_robust_veto_score,tps_like_robust_veto_score,41.92101423809678,1,2.8199540690984577,1.3310365420766175,,
demo50_662c028d7106501c,662c028d7106501c,kic_4544745_q5,75,1924647079,gp,tps_like,tps_like_event_consistency_score,tps_like_event_consistency_score,34.31588223069823,1,2.8199540690984577,1.3310365420766175,,
demo50_662c028d7106501c,662c028d7106501c,kic_4544745_q5,75,1924647079,kalman,bls,bls_power,bls_power,0.0004810115732815119,1,1.4248082694231412,0.13060191692784429,,
demo50_662c028d7106501c,662c028d7106501c,kic_4544745_q5,75,1924647079,kalman,tcf,tcf_event_consistent_score,tcf_event_consistent_score,6.5988494192963785,1,8.711903967989329,10.418906125240028,,
demo50_662c028d7106501c,662c028d7106501c,kic_4544745_q5,75,1924647079,kalman,tps_like,tps_like_mes,tps_like_mes,45.42138842590923,1,8.092042111326009,1.281219583004713,,
demo50_662c028d7106501c,662c028d7106501c,kic_4544745_q5,75,1924647079,kalman,tps_like,tps_like_robust_veto_score,tps_like_robust_veto_score,39.87156241546524,1,14.222377044148743,1.281219583004713,,
demo50_662c028d7106501c,662c028d7106501c,kic_4544745_q5,75,1924647079,kalman,tps_like,tps_like_event_consistency_score,tps_like_event_consistency_score,34.518608930148076,1,14.222377044148743,1.281219583004713,,
demo50_662c028d7106501c,662c028d7106501c,kic_4544745_q5,75,1924647079,raw,bls,bls_power,bls_power,0.0005891712863894962,1,10.103034344781594,0.1276005837135017,,
demo50_662c028d7106501c,662c028d7106501c,kic_4544745_q5,75,1924647079,raw,tcf,tcf_event_consistent_score,tcf_event_consistent_score,6.99114899770832,1,13.011337112370791,10.247717500198632,,
demo50_662c028d7106501c,662c028d7106501c,kic_4544745_q5,75,1924647079,raw,tps_like,tps_like_mes,tps_like_mes,35.64894088923122,1,6.53902392834425,1.2766987499780953,,
demo50_662c028d7106501c,662c028d7106501c,kic_4544745_q5,75,1924647079,raw,tps_like,tps_like_robust_veto_score,tps_like_robust_veto_score,35.64894088923122,1,6.53902392834425,1.2766987499780953,,
demo50_662c028d7106501c,662c028d7106501c,kic_4544745_q5,75,1924647079,raw,tps_like,tps_like_event_consistency_score,tps_like_event_consistency_score,31.75549252998973,1,6.53902392834425,1.2766987499780953,,
demo50_662c028d7106501c,662c028d7106501c,kic_4544745_q5,76,840589305,arima,bls,bls_power,bls_power,0.00047047622398036924,1,14.962654218072691,0.16075562499463558,,
demo50_662c028d7106501c,662c028d7106501c,kic_4544745_q5,76,840589305,arima,tcf,tcf_event_consistent_score,tcf_event_consistent_score,6.334134761164045,1,8.613871290430144,10.515426791738719,,
demo50_662c028d7106501c,662c028d7106501c,kic_4544745_q5,76,840589305,arima,tps_like,tps_like_mes,tps_like_mes,54.88423168721724,1,4.332103352528065,1.441179791931063,,
demo50_662c028d7106501c,662c028d7106501c,kic_4544745_q5,76,840589305,arima,tps_like,tps_like_robust_veto_score,tps_like_robust_veto_score,51.05077302149741,1,10.809823931544088,1.441179791931063,,
demo50_662c028d7106501c,662c028d7106501c,kic_4544745_q5,76,840589305,arima,tps_like,tps_like_event_consistency_score,tps_like_event_consistency_score,45.86959546712304,1,10.809823931544088,1.441179791931063,,
demo50_662c028d7106501c,662c028d7106501c,kic_4544745_q5,76,840589305,gp,bls,bls_power,bls_power,0.0006066749808268396,1,9.794931643881295,0.13181499997153878,,
demo50_662c028d7106501c,662c028d7106501c,kic_4544745_q5,76,840589305,gp,tcf,tcf_event_consistent_score,tcf_event_consistent_score,7.01201947788554,1,12.441813937979328,10.456465207971632,,
demo50_662c028d7106501c,662c028d7106501c,kic_4544745_q5,76,840589305,gp,tps_like,tps_like_mes,tps_like_mes,39.108133759584426,1,12.58762106206268,1.2901208749972284,,
demo50_662c028d7106501c,662c028d7106501c,kic_4544745_q5,76,840589305,gp,tps_like,tps_like_robust_veto_score,tps_like_robust_veto_score,36.069891448144226,1,7.192926321178675,1.2901208749972284,,
demo50_662c028d7106501c,662c028d7106501c,kic_4544745_q5,76,840589305,gp,tps_like,tps_like_event_consistency_score,tps_like_event_consistency_score,29.64961697163911,1,7.192926321178675,1.2901208749972284,,
demo50_662c028d7106501c,662c028d7106501c,kic_4544745_q5,76,840589305,kalman,bls,bls_power,bls_power,0.00046526493782225384,1,1.8962987662554185,0.12977254204452038,,
demo50_662c028d7106501c,662c028d7106501c,kic_4544745_q5,76,840589305,kalman,tcf,tcf_event_consistent_score,tcf_event_consistent_score,6.309512940092516,1,8.277759253084362,10.837702707853168,,
demo50_662c028d7106501c,662c028d7106501c,kic_4544745_q5,76,840589305,kalman,tps_like,tps_like_mes,tps_like_mes,51.714308462169036,1,6.334679430583492,1.2920501250773668,,
demo50_662c028d7106501c,662c028d7106501c,kic_4544745_q5,76,840589305,kalman,tps_like,tps_like_robust_veto_score,tps_like_robust_veto_score,43.54802425305252,1,7.785525364684872,1.2920501250773668,,
demo50_662c028d7106501c,662c028d7106501c,kic_4544745_q5,76,840589305,kalman,tps_like,tps_like_event_consistency_score,tps_like_event_consistency_score,36.169323493079766,1,7.785525364684872,1.2920501250773668,,
demo50_662c028d7106501c,662c028d7106501c,kic_4544745_q5,76,840589305,raw,bls,bls_power,bls_power,0.0005276170438914174,1,13.31943981327109,0.12908799992874265,,
demo50_662c028d7106501c,662c028d7106501c,kic_4544745_q5,76,840589305,raw,tcf,tcf_event_consistent_score,tcf_event_consistent_score,6.396461732052607,1,14.103701233744582,10.744808124843985,,
demo50_662c028d7106501c,662c028d7106501c,kic_4544745_q5,76,840589305,raw,tps_like,tps_like_mes,tps_like_mes,43.81315919503611,1,5.823818186181597,1.3328295000828803,,
demo50_662c028d7106501c,662c028d7106501c,kic_4544745_q5,76,840589305,raw,tps_like,tps_like_robust_veto_score,tps_like_robust_veto_score,43.48053633919039,1,12.791965559823439,1.3328295000828803,,
demo50_662c028d7106501c,662c028d7106501c,kic_4544745_q5,76,840589305,raw,tps_like,tps_like_event_consistency_score,tps_like_event_consistency_score,37.53407905217132,1,12.791965559823439,1.3328295000828803,,
demo50_662c028d7106501c,662c028d7106501c,kic_4544745_q5,77,1731697555,arima,bls,bls_power,bls_power,0.00043410388563015545,1,9.939646548849618,0.1565875830128789,,
demo50_662c028d7106501c,662c028d7106501c,kic_4544745_q5,77,1731697555,arima,tcf,tcf_event_consistent_score,tcf_event_consistent_score,6.072447209492328,1,4.958652884294765,10.3135473751463,,
demo50_662c028d7106501c,662c028d7106501c,kic_4544745_q5,77,1731697555,arima,tps_like,tps_like_mes,tps_like_mes,35.63877212693784,1,11.831546420347877,1.2955899168737233,,
demo50_662c028d7106501c,662c028d7106501c,kic_4544745_q5,77,1731697555,arima,tps_like,tps_like_robust_veto_score,tps_like_robust_veto_score,27.179565686554795,1,14.406287092133425,1.2955899168737233,,
demo50_662c028d7106501c,662c028d7106501c,kic_4544745_q5,77,1731697555,arima,tps_like,tps_like_event_consistency_score,tps_like_event_consistency_score,23.86533824724068,1,14.406287092133425,1.2955899168737233,,
demo50_662c028d7106501c,662c028d7106501c,kic_4544745_q5,77,1731697555,gp,bls,bls_power,bls_power,0.0005244201489634102,1,10.639879959986663,0.12943291710689664,,
demo50_662c028d7106501c,662c028d7106501c,kic_4544745_q5,77,1731697555,gp,tcf,tcf_event_consistent_score,tcf_event_consistent_score,6.967924737122052,1,6.144381460486829,10.359319875016809,,
demo50_662c028d7106501c,662c028d7106501c,kic_4544745_q5,77,1731697555,gp,tps_like,tps_like_mes,tps_like_mes,63.4175656945271,1,9.706363643635996,1.2895847503095865,,
demo50_662c028d7106501c,662c028d7106501c,kic_4544745_q5,77,1731697555,gp,tps_like,tps_like_robust_veto_score,tps_like_robust_veto_score,58.58127753375684,1,12.117628717212938,1.2895847503095865,,
demo50_662c028d7106501c,662c028d7106501c,kic_4544745_q5,77,1731697555,gp,tps_like,tps_like_event_consistency_score,tps_like_event_consistency_score,50.81224918848195,1,12.117628717212938,1.2895847503095865,,
demo50_662c028d7106501c,662c028d7106501c,kic_4544745_q5,77,1731697555,kalman,bls,bls_power,bls_power,0.0004894331787418988,1,10.34111370456819,0.1319685410708189,,
demo50_662c028d7106501c,662c028d7106501c,kic_4544745_q5,77,1731697555,kalman,tcf,tcf_event_consistent_score,tcf_event_consistent_score,6.5685624514356,1,13.235411803934646,10.439706875011325,,
demo50_662c028d7106501c,662c028d7106501c,kic_4544745_q5,77,1731697555,kalman,tps_like,tps_like_mes,tps_like_mes,26.184880933341354,1,7.3972708189394325,1.2857313342392445,,
demo50_662c028d7106501c,662c028d7106501c,kic_4544745_q5,77,1731697555,kalman,tps_like,tps_like_robust_veto_score,tps_like_robust_veto_score,23.006802476331995,1,14.14063924504444,1.2857313342392445,,
demo50_662c028d7106501c,662c028d7106501c,kic_4544745_q5,77,1731697555,kalman,tps_like,tps_like_event_consistency_score,tps_like_event_consistency_score,21.875817520411218,1,14.14063924504444,1.2857313342392445,,
demo50_662c028d7106501c,662c028d7106501c,kic_4544745_q5,77,1731697555,raw,bls,bls_power,bls_power,0.0005341080445216287,1,5.425475158386129,0.12942933291196823,,
demo50_662c028d7106501c,662c028d7106501c,kic_4544745_q5,77,1731697555,raw,tcf,tcf_event_consistent_score,tcf_event_consistent_score,7.093199386487332,1,10.9946648882961,10.436807374935597,,
demo50_662c028d7106501c,662c028d7106501c,kic_4544745_q5,77,1731697555,raw,tps_like,tps_like_mes,tps_like_mes,58.29588686903905,1,10.380700486246496,1.2815171666443348,,
demo50_662c028d7106501c,662c028d7106501c,kic_4544745_q5,77,1731697555,raw,tps_like,tps_like_robust_veto_score,tps_like_robust_veto_score,49.837561885568626,1,6.416417229687795,1.2815171666443348,,
demo50_662c028d7106501c,662c028d7106501c,kic_4544745_q5,77,1731697555,raw,tps_like,tps_like_event_consistency_score,tps_like_event_consistency_score,39.36539487936419,1,6.416417229687795,1.2815171666443348,,
demo50_662c028d7106501c,662c028d7106501c,kic_4544745_q5,78,1315851906,arima,bls,bls_power,bls_power,0.0004828323168101519,1,5.859619873291098,0.15524775022640824,,
demo50_662c028d7106501c,662c028d7106501c,kic_4544745_q5,78,1315851906,arima,tcf,tcf_event_consistent_score,tcf_event_consistent_score,6.459584240898531,1,9.136712237412471,10.28602125030011,,
demo50_662c028d7106501c,662c028d7106501c,kic_4544745_q5,78,1315851906,arima,tps_like,tps_like_mes,tps_like_mes,69.39429562320063,1,6.089466033270583,1.2907014996744692,,
demo50_662c028d7106501c,662c028d7106501c,kic_4544745_q5,78,1315851906,arima,tps_like,tps_like_robust_veto_score,tps_like_robust_veto_score,59.13051373551804,1,14.549328240565956,1.2907014996744692,,
demo50_662c028d7106501c,662c028d7106501c,kic_4544745_q5,78,1315851906,arima,tps_like,tps_like_event_consistency_score,tps_like_event_consistency_score,55.27533573036261,1,14.549328240565956,1.2907014996744692,,
demo50_662c028d7106501c,662c028d7106501c,kic_4544745_q5,78,1315851906,gp,bls,bls_power,bls_power,0.0005817661036468881,1,13.375458486162055,0.12774970894679427,,
demo50_662c028d7106501c,662c028d7106501c,kic_4544745_q5,78,1315851906,gp,tcf,tcf_event_consistent_score,tcf_event_consistent_score,6.091306128990122,1,13.982327442480829,10.46808083401993,,
demo50_662c028d7106501c,662c028d7106501c,kic_4544745_q5,78,1315851906,gp,tps_like,tps_like_mes,tps_like_mes,59.77175184623565,1,2.5747406717855483,1.3102359999902546,,
demo50_662c028d7106501c,662c028d7106501c,kic_4544745_q5,78,1315851906,gp,tps_like,tps_like_robust_veto_score,tps_like_robust_veto_score,56.64629166580649,1,5.149481343571097,1.3102359999902546,,
demo50_662c028d7106501c,662c028d7106501c,kic_4544745_q5,78,1315851906,gp,tps_like,tps_like_event_consistency_score,tps_like_event_consistency_score,49.50502467400565,1,5.149481343571097,1.3102359999902546,,
demo50_662c028d7106501c,662c028d7106501c,kic_4544745_q5,78,1315851906,kalman,bls,bls_power,bls_power,0.0005094328207064864,1,2.8252750916972325,0.1294162911362946,,
demo50_662c028d7106501c,662c028d7106501c,kic_4544745_q5,78,1315851906,kalman,tcf,tcf_event_consistent_score,tcf_event_consistent_score,6.959962195571644,1,14.066355451817273,10.472838832996786,,
demo50_662c028d7106501c,662c028d7106501c,kic_4544745_q5,78,1315851906,kalman,tps_like,tps_like_mes,tps_like_mes,30.740505395337923,1,2.2069205758161843,1.3544950410723686,,
demo50_662c028d7106501c,662c028d7106501c,kic_4544745_q5,78,1315851906,kalman,tps_like,tps_like_robust_veto_score,tps_like_robust_veto_score,29.92998537125272,1,9.399846896994859,1.3544950410723686,,
demo50_662c028d7106501c,662c028d7106501c,kic_4544745_q5,78,1315851906,kalman,tps_like,tps_like_event_consistency_score,tps_like_event_consistency_score,26.060472649311517,1,9.399846896994859,1.3544950410723686,,
demo50_662c028d7106501c,662c028d7106501c,kic_4544745_q5,78,1315851906,raw,bls,bls_power,bls_power,0.0005108814250691738,1,14.234411470490164,0.12771966587752104,,
demo50_662c028d7106501c,662c028d7106501c,kic_4544745_q5,78,1315851906,raw,tcf,tcf_event_consistent_score,tcf_event_consistent_score,6.213860337290171,1,10.028342780926977,10.429613125044852,,
demo50_662c028d7106501c,662c028d7106501c,kic_4544745_q5,78,1315851906,raw,tps_like,tps_like_mes,tps_like_mes,93.25241696682636,1,11.647636372363195,1.271167832892388,,
demo50_662c028d7106501c,662c028d7106501c,kic_4544745_q5,78,1315851906,raw,tps_like,tps_like_robust_veto_score,tps_like_robust_veto_score,89.52512949945553,1,7.826394264237024,1.271167832892388,,
demo50_662c028d7106501c,662c028d7106501c,kic_4544745_q5,78,1315851906,raw,tps_like,tps_like_event_consistency_score,tps_like_event_consistency_score,74.05441050752368,1,7.826394264237024,1.271167832892388,,
demo50_662c028d7106501c,662c028d7106501c,kic_4544745_q5,79,1357779498,arima,bls,bls_power,bls_power,0.0004602961356013037,1,8.655885295098367,0.15423708269372582,,
demo50_662c028d7106501c,662c028d7106501c,kic_4544745_q5,79,1357779498,arima,tcf,tcf_event_consistent_score,tcf_event_consistent_score,6.526295584056592,1,9.00600200066689,10.419749249704182,,
demo50_662c028d7106501c,662c028d7106501c,kic_4544745_q5,79,1357779498,arima,tps_like,tps_like_mes,tps_like_mes,41.09086857950737,1,9.992445940501057,1.3227717080153525,,
demo50_662c028d7106501c,662c028d7106501c,kic_4544745_q5,79,1357779498,arima,tps_like,tps_like_robust_veto_score,tps_like_robust_veto_score,41.09086857950737,1,9.992445940501057,1.3227717080153525,,
demo50_662c028d7106501c,662c028d7106501c,kic_4544745_q5,79,1357779498,arima,tps_like,tps_like_event_consistency_score,tps_like_event_consistency_score,32.799743603413994,1,9.992445940501057,1.3227717080153525,,
demo50_662c028d7106501c,662c028d7106501c,kic_4544745_q5,79,1357779498,gp,bls,bls_power,bls_power,0.0005306419824192319,1,4.641213737912638,0.13310700003057718,,
demo50_662c028d7106501c,662c028d7106501c,kic_4544745_q5,79,1357779498,gp,tcf,tcf_event_consistent_score,tcf_event_consistent_score,6.190768734382204,1,9.855618539513172,10.78543550008908,,
demo50_662c028d7106501c,662c028d7106501c,kic_4544745_q5,79,1357779498,gp,tps_like,tps_like_mes,tps_like_mes,57.42029513714268,1,10.053749289829284,1.333070042077452,,
demo50_662c028d7106501c,662c028d7106501c,kic_4544745_q5,79,1357779498,gp,tps_like,tps_like_robust_veto_score,tps_like_robust_veto_score,49.83694465676804,1,14.079335895716213,1.333070042077452,,
demo50_662c028d7106501c,662c028d7106501c,kic_4544745_q5,79,1357779498,gp,tps_like,tps_like_event_consistency_score,tps_like_event_consistency_score,39.54032395438845,1,14.079335895716213,1.333070042077452,,
demo50_662c028d7106501c,662c028d7106501c,kic_4544745_q5,79,1357779498,kalman,bls,bls_power,bls_power,0.0004882840982566973,1,3.334111370456819,0.129033416043967,,
demo50_662c028d7106501c,662c028d7106501c,kic_4544745_q5,79,1357779498,kalman,tcf,tcf_event_consistent_score,tcf_event_consistent_score,6.369157875526085,1,13.440813604534846,10.539351750165224,,
demo50_662c028d7106501c,662c028d7106501c,kic_4544745_q5,79,1357779498,kalman,tps_like,tps_like_mes,tps_like_mes,33.14455698903967,1,9.522453595651314,1.3044591662473977,,
demo50_662c028d7106501c,662c028d7106501c,kic_4544745_q5,79,1357779498,kalman,tps_like,tps_like_robust_veto_score,tps_like_robust_veto_score,33.14455698903967,1,9.522453595651314,1.3044591662473977,,
demo50_662c028d7106501c,662c028d7106501c,kic_4544745_q5,79,1357779498,kalman,tps_like,tps_like_event_consistency_score,tps_like_event_consistency_score,26.301072041850947,1,9.522453595651314,1.3044591662473977,,
demo50_662c028d7106501c,662c028d7106501c,kic_4544745_q5,79,1357779498,raw,bls,bls_power,bls_power,0.0005300633146458652,1,3.875625208402801,0.12612029211595654,,
demo50_662c028d7106501c,662c028d7106501c,kic_4544745_q5,79,1357779498,raw,tcf,tcf_event_consistent_score,tcf_event_consistent_score,6.276596925772739,1,12.031010336778927,10.561227041762322,,
demo50_662c028d7106501c,662c028d7106501c,kic_4544745_q5,79,1357779498,raw,tps_like,tps_like_mes,tps_like_mes,28.84005381882093,1,9.44071579654701,1.2801914582960308,,
demo50_662c028d7106501c,662c028d7106501c,kic_4544745_q5,79,1357779498,raw,tps_like,tps_like_robust_veto_score,tps_like_robust_veto_score,28.84005381882093,1,9.44071579654701,1.2801914582960308,,
demo50_662c028d7106501c,662c028d7106501c,kic_4544745_q5,79,1357779498,raw,tps_like,tps_like_event_consistency_score,tps_like_event_consistency_score,24.017934563297516,1,9.44071579654701,1.2801914582960308,,
demo50_662c028d7106501c,662c028d7106501c,kic_4544745_q5,80,1625515117,arima,bls,bls_power,bls_power,0.0009901665275023318,1,11.806935645215072,0.15391162503510714,,
demo50_662c028d7106501c,662c028d7106501c,kic_4544745_q5,80,1625515117,arima,tcf,tcf_event_consistent_score,tcf_event_consistent_score,7.307389986397759,1,9.40280093364455,10.395197166129947,,
demo50_662c028d7106501c,662c028d7106501c,kic_4544745_q5,80,1625515117,arima,tps_like,tps_like_mes,tps_like_mes,38.237367090681964,1,13.404999053105712,1.2866191663779318,,
demo50_662c028d7106501c,662c028d7106501c,kic_4544745_q5,80,1625515117,arima,tps_like,tps_like_robust_veto_score,tps_like_robust_veto_score,36.07560607245087,1,11.014168429304846,1.2866191663779318,,
demo50_662c028d7106501c,662c028d7106501c,kic_4544745_q5,80,1625515117,arima,tps_like,tps_like_event_consistency_score,tps_like_event_consistency_score,31.18076707605044,1,11.014168429304846,1.2866191663779318,,
demo50_662c028d7106501c,662c028d7106501c,kic_4544745_q5,80,1625515117,gp,bls,bls_power,bls_power,0.0005896930036308135,1,10.9946648882961,0.12726837489753962,,
demo50_662c028d7106501c,662c028d7106501c,kic_4544745_q5,80,1625515117,gp,tcf,tcf_event_consistent_score,tcf_event_consistent_score,6.629480977986993,1,13.986995665221741,10.354793000034988,,
demo50_662c028d7106501c,662c028d7106501c,kic_4544745_q5,80,1625515117,gp,tps_like,tps_like_mes,tps_like_mes,81.53658129101957,1,11.77024307101965,1.299056749790907,,
demo50_662c028d7106501c,662c028d7106501c,kic_4544745_q5,80,1625515117,gp,tps_like,tps_like_robust_veto_score,tps_like_robust_veto_score,76.47088376812992,1,3.6782009596936405,1.299056749790907,,
demo50_662c028d7106501c,662c028d7106501c,kic_4544745_q5,80,1625515117,gp,tps_like,tps_like_event_consistency_score,tps_like_event_consistency_score,65.62546505769619,1,3.6782009596936405,1.299056749790907,,
demo50_662c028d7106501c,662c028d7106501c,kic_4544745_q5,80,1625515117,kalman,bls,bls_power,bls_power,0.0005140048103407106,1,3.324774924974992,0.12833762494847178,,
demo50_662c028d7106501c,662c028d7106501c,kic_4544745_q5,80,1625515117,kalman,tcf,tcf_event_consistent_score,tcf_event_consistent_score,6.43899680183196,1,8.781927309103036,10.509932250250131,,
demo50_662c028d7106501c,662c028d7106501c,kic_4544745_q5,80,1625515117,kalman,tps_like,tps_like_mes,tps_like_mes,56.28964725579359,1,6.232507181703113,1.300889499951154,,
demo50_662c028d7106501c,662c028d7106501c,kic_4544745_q5,80,1625515117,kalman,tps_like,tps_like_robust_veto_score,tps_like_robust_veto_score,48.55290277861237,1,4.127758854767308,1.300889499951154,,
demo50_662c028d7106501c,662c028d7106501c,kic_4544745_q5,80,1625515117,kalman,tps_like,tps_like_event_consistency_score,tps_like_event_consistency_score,42.66945138295273,1,4.127758854767308,1.300889499951154,,
demo50_662c028d7106501c,662c028d7106501c,kic_4544745_q5,80,1625515117,raw,bls,bls_power,bls_power,0.0005439524548068472,1,7.358119373124375,0.1274842917919159,,
demo50_662c028d7106501c,662c028d7106501c,kic_4544745_q5,80,1625515117,raw,tcf,tcf_event_consistent_score,tcf_event_consistent_score,7.651142437453151,1,12.287762587529178,10.361427624709904,,
demo50_662c028d7106501c,662c028d7106501c,kic_4544745_q5,80,1625515117,raw,tps_like,tps_like_mes,tps_like_mes,40.42117249366344,1,7.662918666028418,1.2793848747387528,,
demo50_662c028d7106501c,662c028d7106501c,kic_4544745_q5,80,1625515117,raw,tps_like,tps_like_robust_veto_score,tps_like_robust_veto_score,34.945230712383115,1,7.805959814460948,1.2793848747387528,,
demo50_662c028d7106501c,662c028d7106501c,kic_4544745_q5,80,1625515117,raw,tps_like,tps_like_event_consistency_score,tps_like_event_consistency_score,31.173452958015577,1,7.805959814460948,1.2793848747387528,,
demo50_662c028d7106501c,662c028d7106501c,kic_4544745_q5,81,2121439822,arima,bls,bls_power,bls_power,0.000701670978012861,1,14.822607535845282,0.15363662503659725,,
demo50_662c028d7106501c,662c028d7106501c,kic_4544745_q5,81,2121439822,arima,tcf,tcf_event_consistent_score,tcf_event_consistent_score,6.890095919756067,1,7.208736245415139,10.491081583313644,,
demo50_662c028d7106501c,662c028d7106501c,kic_4544745_q5,81,2121439822,arima,tps_like,tps_like_mes,tps_like_mes,72.49361206794633,1,14.937582786311395,1.2844638749957085,,
demo50_662c028d7106501c,662c028d7106501c,kic_4544745_q5,81,2121439822,arima,tps_like,tps_like_robust_veto_score,tps_like_robust_veto_score,64.51767680033026,1,9.358977997442707,1.2844638749957085,,
demo50_662c028d7106501c,662c028d7106501c,kic_4544745_q5,81,2121439822,arima,tps_like,tps_like_event_consistency_score,tps_like_event_consistency_score,54.62411288442926,1,9.358977997442707,1.2844638749957085,,
demo50_662c028d7106501c,662c028d7106501c,kic_4544745_q5,81,2121439822,gp,bls,bls_power,bls_power,0.0005202318048159388,1,1.2754251417139046,0.12795495800673962,,
demo50_662c028d7106501c,662c028d7106501c,kic_4544745_q5,81,2121439822,gp,tcf,tcf_event_consistent_score,tcf_event_consistent_score,6.3314079225487125,1,4.930643547849284,10.312060917261988,,
demo50_662c028d7106501c,662c028d7106501c,kic_4544745_q5,81,2121439822,gp,tps_like,tps_like_mes,tps_like_mes,44.22867060041407,1,13.118916756240651,1.2917913752608001,,
demo50_662c028d7106501c,662c028d7106501c,kic_4544745_q5,81,2121439822,gp,tps_like,tps_like_robust_veto_score,tps_like_robust_veto_score,44.22867060041407,1,13.118916756240651,1.2917913752608001,,
demo50_662c028d7106501c,662c028d7106501c,kic_4544745_q5,81,2121439822,gp,tps_like,tps_like_event_consistency_score,tps_like_event_consistency_score,37.270234047556855,1,13.118916756240651,1.2917913752608001,,
demo50_662c028d7106501c,662c028d7106501c,kic_4544745_q5,81,2121439822,kalman,bls,bls_power,bls_power,0.00044839465541085066,1,4.930643547849284,0.13052512519061565,,
demo50_662c028d7106501c,662c028d7106501c,kic_4544745_q5,81,2121439822,kalman,tcf,tcf_event_consistent_score,tcf_event_consistent_score,6.452350472168322,1,14.262420806935646,10.47976641682908,,
demo50_662c028d7106501c,662c028d7106501c,kic_4544745_q5,81,2121439822,kalman,tps_like,tps_like_mes,tps_like_mes,52.9438663486802,1,10.564610534231178,1.305730499792844,,
demo50_662c028d7106501c,662c028d7106501c,kic_4544745_q5,81,2121439822,kalman,tps_like,tps_like_robust_veto_score,tps_like_robust_veto_score,50.626482896497414,1,10.523741634679027,1.305730499792844,,
demo50_662c028d7106501c,662c028d7106501c,kic_4544745_q5,81,2121439822,kalman,tps_like,tps_like_event_consistency_score,tps_like_event_consistency_score,42.25782785285424,1,10.523741634679027,1.305730499792844,,
demo50_662c028d7106501c,662c028d7106501c,kic_4544745_q5,81,2121439822,raw,bls,bls_power,bls_power,0.00045918370477526446,1,8.912637545848618,0.1288121249526739,,
demo50_662c028d7106501c,662c028d7106501c,kic_4544745_q5,81,2121439822,raw,tcf,tcf_event_consistent_score,tcf_event_consistent_score,6.558831161608027,1,13.907635878626209,10.783775457646698,,
demo50_662c028d7106501c,662c028d7106501c,kic_4544745_q5,81,2121439822,raw,tps_like,tps_like_mes,tps_like_mes,59.0624624581661,1,13.89542584773153,1.2849266659468412,,
demo50_662c028d7106501c,662c028d7106501c,kic_4544745_q5,81,2121439822,raw,tps_like,tps_like_robust_veto_score,tps_like_robust_veto_score,59.0624624581661,1,13.89542584773153,1.2849266659468412,,
demo50_662c028d7106501c,662c028d7106501c,kic_4544745_q5,81,2121439822,raw,tps_like,tps_like_event_consistency_score,tps_like_event_consistency_score,44.10971726089567,1,13.89542584773153,1.2849266659468412,,
demo50_662c028d7106501c,662c028d7106501c,kic_4544745_q5,82,1617018342,arima,bls,bls_power,bls_power,0.0004579285281850444,1,10.770590196732245,0.15877233305945992,,
demo50_662c028d7106501c,662c028d7106501c,kic_4544745_q5,82,1617018342,arima,tcf,tcf_event_consistent_score,tcf_event_consistent_score,6.136622911917135,1,8.69789929976659,10.340894042048603,,
demo50_662c028d7106501c,662c028d7106501c,kic_4544745_q5,82,1617018342,arima,tps_like,tps_like_mes,tps_like_mes,36.59375065418752,1,4.168627754319459,1.280782957561314,,
demo50_662c028d7106501c,662c028d7106501c,kic_4544745_q5,82,1617018342,arima,tps_like,tps_like_robust_veto_score,tps_like_robust_veto_score,35.62648392498582,1,9.256805748562329,1.280782957561314,,
demo50_662c028d7106501c,662c028d7106501c,kic_4544745_q5,82,1617018342,arima,tps_like,tps_like_event_consistency_score,tps_like_event_consistency_score,30.782670852487755,1,9.256805748562329,1.280782957561314,,
demo50_662c028d7106501c,662c028d7106501c,kic_4544745_q5,82,1617018342,gp,bls,bls_power,bls_power,0.0005824486023685617,1,3.6375458486162056,0.13081962522119284,,
demo50_662c028d7106501c,662c028d7106501c,kic_4544745_q5,82,1617018342,gp,tcf,tcf_event_consistent_score,tcf_event_consistent_score,6.202342524448656,1,4.034344781593864,10.351479374803603,,
demo50_662c028d7106501c,662c028d7106501c,kic_4544745_q5,82,1617018342,gp,tps_like,tps_like_mes,tps_like_mes,39.19864504501813,1,10.155921538709663,1.2882637502625585,,
demo50_662c028d7106501c,662c028d7106501c,kic_4544745_q5,82,1617018342,gp,tps_like,tps_like_robust_veto_score,tps_like_robust_veto_score,39.19864504501813,1,10.155921538709663,1.2882637502625585,,
demo50_662c028d7106501c,662c028d7106501c,kic_4544745_q5,82,1617018342,gp,tps_like,tps_like_event_consistency_score,tps_like_event_consistency_score,28.380101407570372,1,10.155921538709663,1.2882637502625585,,
demo50_662c028d7106501c,662c028d7106501c,kic_4544745_q5,82,1617018342,kalman,bls,bls_power,bls_power,0.00047095539875879455,1,13.128042680893632,0.13248516572639346,,
demo50_662c028d7106501c,662c028d7106501c,kic_4544745_q5,82,1617018342,kalman,tcf,tcf_event_consistent_score,tcf_event_consistent_score,6.355720804624583,1,13.044014671557187,10.601942083798349,,
demo50_662c028d7106501c,662c028d7106501c,kic_4544745_q5,82,1617018342,kalman,tps_like,tps_like_mes,tps_like_mes,49.27621555630864,1,13.118916756240651,1.2572380830533803,,
demo50_662c028d7106501c,662c028d7106501c,kic_4544745_q5,82,1617018342,kalman,tps_like,tps_like_robust_veto_score,tps_like_robust_veto_score,49.27621555630864,1,13.118916756240651,1.2572380830533803,,
demo50_662c028d7106501c,662c028d7106501c,kic_4544745_q5,82,1617018342,kalman,tps_like,tps_like_event_consistency_score,tps_like_event_consistency_score,44.70736382086598,1,13.118916756240651,1.2572380830533803,,
demo50_662c028d7106501c,662c028d7106501c,kic_4544745_q5,82,1617018342,raw,bls,bls_power,bls_power,0.00046689442798411503,1,4.543181060353451,0.1297676251269877,,
demo50_662c028d7106501c,662c028d7106501c,kic_4544745_q5,82,1617018342,raw,tcf,tcf_event_consistent_score,tcf_event_consistent_score,6.910851079644912,1,2.540513504501501,10.467899166978896,,
demo50_662c028d7106501c,662c028d7106501c,kic_4544745_q5,82,1617018342,raw,tps_like,tps_like_mes,tps_like_mes,75.52341118547528,1,14.365418192581274,1.256402499973774,,
demo50_662c028d7106501c,662c028d7106501c,kic_4544745_q5,82,1617018342,raw,tps_like,tps_like_robust_veto_score,tps_like_robust_veto_score,71.22950680591849,1,6.212072731927037,1.256402499973774,,
demo50_662c028d7106501c,662c028d7106501c,kic_4544745_q5,82,1617018342,raw,tps_like,tps_like_event_consistency_score,tps_like_event_consistency_score,63.04478886340582,1,6.212072731927037,1.256402499973774,,
demo50_662c028d7106501c,662c028d7106501c,kic_4544745_q5,83,2007546402,arima,bls,bls_power,bls_power,0.0007075886882409678,1,13.282094031343782,0.15549024986103177,,
demo50_662c028d7106501c,662c028d7106501c,kic_4544745_q5,83,2007546402,arima,tcf,tcf_event_consistent_score,tcf_event_consistent_score,6.419276102110108,1,10.961987329109704,10.425090708304197,,
demo50_662c028d7106501c,662c028d7106501c,kic_4544745_q5,83,2007546402,arima,tps_like,tps_like_mes,tps_like_mes,89.87554229849907,1,12.05632536788471,1.2918579997494817,,
demo50_662c028d7106501c,662c028d7106501c,kic_4544745_q5,83,2007546402,arima,tps_like,tps_like_robust_veto_score,tps_like_robust_veto_score,82.51459110885254,1,12.955441158032045,1.2918579997494817,,
demo50_662c028d7106501c,662c028d7106501c,kic_4544745_q5,83,2007546402,arima,tps_like,tps_like_event_consistency_score,tps_like_event_consistency_score,71.90032288415529,1,12.955441158032045,1.2918579997494817,,
demo50_662c028d7106501c,662c028d7106501c,kic_4544745_q5,83,2007546402,gp,bls,bls_power,bls_power,0.0005799006996516095,1,4.6318772924308105,0.12560220900923014,,
demo50_662c028d7106501c,662c028d7106501c,kic_4544745_q5,83,2007546402,gp,tcf,tcf_event_consistent_score,tcf_event_consistent_score,6.562375561095064,1,10.593197732577526,10.416814458090812,,
demo50_662c028d7106501c,662c028d7106501c,kic_4544745_q5,83,2007546402,gp,tps_like,tps_like_mes,tps_like_mes,44.94133766546903,1,4.924702396034263,1.2835674579255283,,
demo50_662c028d7106501c,662c028d7106501c,kic_4544745_q5,83,2007546402,gp,tps_like,tps_like_robust_veto_score,tps_like_robust_veto_score,41.96170403102351,1,6.028162683942355,1.2835674579255283,,
demo50_662c028d7106501c,662c028d7106501c,kic_4544745_q5,83,2007546402,gp,tps_like,tps_like_event_consistency_score,tps_like_event_consistency_score,36.19259708751867,1,6.028162683942355,1.2835674579255283,,
demo50_662c028d7106501c,662c028d7106501c,kic_4544745_q5,83,2007546402,kalman,bls,bls_power,bls_power,0.0004901956589808254,1,14.11303767922641,0.13010762492194772,,
demo50_662c028d7106501c,662c028d7106501c,kic_4544745_q5,83,2007546402,kalman,tcf,tcf_event_consistent_score,tcf_event_consistent_score,6.320552833122475,1,10.793931310436813,10.414120082743466,,
demo50_662c028d7106501c,662c028d7106501c,kic_4544745_q5,83,2007546402,kalman,tps_like,tps_like_mes,tps_like_mes,24.359933354792624,1,14.263245943700895,1.2632487500086427,,
demo50_662c028d7106501c,662c028d7106501c,kic_4544745_q5,83,2007546402,kalman,tps_like,tps_like_robust_veto_score,tps_like_robust_veto_score,24.359933354792624,1,14.263245943700895,1.2632487500086427,,
demo50_662c028d7106501c,662c028d7106501c,kic_4544745_q5,83,2007546402,kalman,tps_like,tps_like_event_consistency_score,tps_like_event_consistency_score,19.02950631315012,1,14.263245943700895,1.2632487500086427,,
demo50_662c028d7106501c,662c028d7106501c,kic_4544745_q5,83,2007546402,raw,bls,bls_power,bls_power,0.0004917770289859888,1,12.978659553184396,0.12692304188385606,,
demo50_662c028d7106501c,662c028d7106501c,kic_4544745_q5,83,2007546402,raw,tcf,tcf_event_consistent_score,tcf_event_consistent_score,7.155120747780507,1,14.551850616872292,10.473082167096436,,
demo50_662c028d7106501c,662c028d7106501c,kic_4544745_q5,83,2007546402,raw,tps_like,tps_like_mes,tps_like_mes,80.47407155343352,1,10.339831586694345,1.272434125188738,,
demo50_662c028d7106501c,662c028d7106501c,kic_4544745_q5,83,2007546402,raw,tps_like,tps_like_robust_veto_score,tps_like_robust_veto_score,80.47407155343352,1,10.339831586694345,1.272434125188738,,
demo50_662c028d7106501c,662c028d7106501c,kic_4544745_q5,83,2007546402,raw,tps_like,tps_like_event_consistency_score,tps_like_event_consistency_score,68.12009538479643,1,10.339831586694345,1.272434125188738,,
demo50_662c028d7106501c,662c028d7106501c,kic_4544745_q5,84,1735308182,arima,bls,bls_power,bls_power,0.0005305039541222691,1,12.656552184061354,0.1543988329358399,,
demo50_662c028d7106501c,662c028d7106501c,kic_4544745_q5,84,1735308182,arima,tcf,tcf_event_consistent_score,tcf_event_consistent_score,6.210504433010541,1,7.983661220406803,10.491065457928926,,
demo50_662c028d7106501c,662c028d7106501c,kic_4544745_q5,84,1735308182,arima,tps_like,tps_like_mes,tps_like_mes,69.42833003974226,1,10.258093787590042,1.2439452921971679,,
demo50_662c028d7106501c,662c028d7106501c,kic_4544745_q5,84,1735308182,arima,tps_like,tps_like_robust_veto_score,tps_like_robust_veto_score,60.36632912779767,1,13.098482306464575,1.2439452921971679,,
demo50_662c028d7106501c,662c028d7106501c,kic_4544745_q5,84,1735308182,arima,tps_like,tps_like_event_consistency_score,tps_like_event_consistency_score,55.712087978228595,1,13.098482306464575,1.2439452921971679,,
demo50_662c028d7106501c,662c028d7106501c,kic_4544745_q5,84,1735308182,gp,bls,bls_power,bls_power,0.0006606947167452481,1,4.2910970323441155,0.12537600006908178,,
demo50_662c028d7106501c,662c028d7106501c,kic_4544745_q5,84,1735308182,gp,tcf,tcf_event_consistent_score,tcf_event_consistent_score,6.401176390135288,1,7.059353117705903,10.434234915766865,,
demo50_662c028d7106501c,662c028d7106501c,kic_4544745_q5,84,1735308182,gp,tps_like,tps_like_mes,tps_like_mes,53.72997152146956,1,5.190350243123248,1.3003085409291089,,
demo50_662c028d7106501c,662c028d7106501c,kic_4544745_q5,84,1735308182,gp,tps_like,tps_like_robust_veto_score,tps_like_robust_veto_score,48.44430060127258,1,12.914572258479893,1.3003085409291089,,
demo50_662c028d7106501c,662c028d7106501c,kic_4544745_q5,84,1735308182,gp,tps_like,tps_like_event_consistency_score,tps_like_event_consistency_score,43.33728221389516,1,12.914572258479893,1.3003085409291089,,
demo50_662c028d7106501c,662c028d7106501c,kic_4544745_q5,84,1735308182,kalman,bls,bls_power,bls_power,0.0005594626688029238,1,12.231743914638214,0.12920337496325374,,
demo50_662c028d7106501c,662c028d7106501c,kic_4544745_q5,84,1735308182,kalman,tcf,tcf_event_consistent_score,tcf_event_consistent_score,6.078178658332208,1,12.99733244414805,10.447954208124429,,
demo50_662c028d7106501c,662c028d7106501c,kic_4544745_q5,84,1735308182,kalman,tps_like,tps_like_mes,tps_like_mes,49.37185968257516,1,12.15849761676509,1.2901244997046888,,
demo50_662c028d7106501c,662c028d7106501c,kic_4544745_q5,84,1735308182,kalman,tps_like,tps_like_robust_veto_score,tps_like_robust_veto_score,42.67493410592969,1,3.351249763276428,1.2901244997046888,,
demo50_662c028d7106501c,662c028d7106501c,kic_4544745_q5,84,1735308182,kalman,tps_like,tps_like_event_consistency_score,tps_like_event_consistency_score,36.77238141677569,1,3.351249763276428,1.2901244997046888,,
demo50_662c028d7106501c,662c028d7106501c,kic_4544745_q5,84,1735308182,raw,bls,bls_power,bls_power,0.0005708561063012419,1,11.508169389796599,0.1276025827974081,,
demo50_662c028d7106501c,662c028d7106501c,kic_4544745_q5,84,1735308182,raw,tcf,tcf_event_consistent_score,tcf_event_consistent_score,7.935484679474111,1,13.22607535845282,10.469262667000294,,
demo50_662c028d7106501c,662c028d7106501c,kic_4544745_q5,84,1735308182,raw,tps_like,tps_like_mes,tps_like_mes,83.8396620522786,1,7.724222015356645,1.2887873752042651,,
demo50_662c028d7106501c,662c028d7106501c,kic_4544745_q5,84,1735308182,raw,tps_like,tps_like_robust_veto_score,tps_like_robust_veto_score,75.97305494342166,1,10.278528237366118,1.2887873752042651,,
demo50_662c028d7106501c,662c028d7106501c,kic_4544745_q5,84,1735308182,raw,tps_like,tps_like_event_consistency_score,tps_like_event_consistency_score,63.007429141226744,1,10.278528237366118,1.2887873752042651,,
demo50_662c028d7106501c,662c028d7106501c,kic_4544745_q5,85,569156672,arima,bls,bls_power,bls_power,0.0009545406143788198,1,9.230076692230744,0.15531216701492667,,
demo50_662c028d7106501c,662c028d7106501c,kic_4544745_q5,85,569156672,arima,tcf,tcf_event_consistent_score,tcf_event_consistent_score,6.690080417226861,1,9.430810270090031,10.528367791790515,,
demo50_662c028d7106501c,662c028d7106501c,kic_4544745_q5,85,569156672,arima,tps_like,tps_like_mes,tps_like_mes,64.67979754961462,1,5.578604788868688,1.3786412910558283,,
demo50_662c028d7106501c,662c028d7106501c,kic_4544745_q5,85,569156672,arima,tps_like,tps_like_robust_veto_score,tps_like_robust_veto_score,60.756367030644704,1,4.659054548945278,1.3786412910558283,,
demo50_662c028d7106501c,662c028d7106501c,kic_4544745_q5,85,569156672,arima,tps_like,tps_like_event_consistency_score,tps_like_event_consistency_score,50.739417470265735,1,4.659054548945278,1.3786412910558283,,
demo50_662c028d7106501c,662c028d7106501c,kic_4544745_q5,85,569156672,gp,bls,bls_power,bls_power,0.0006165305070102893,1,5.705568522840947,0.13236266700550914,,
demo50_662c028d7106501c,662c028d7106501c,kic_4544745_q5,85,569156672,gp,tcf,tcf_event_consistent_score,tcf_event_consistent_score,6.30985619996867,1,12.283094364788264,10.535893749911338,,
demo50_662c028d7106501c,662c028d7106501c,kic_4544745_q5,85,569156672,gp,tps_like,tps_like_mes,tps_like_mes,34.427751009153226,1,11.545464123482816,1.2707548746839166,,
demo50_662c028d7106501c,662c028d7106501c,kic_4544745_q5,85,569156672,gp,tps_like,tps_like_robust_veto_score,tps_like_robust_veto_score,33.67971347828495,1,10.094618189381436,1.2707548746839166,,
demo50_662c028d7106501c,662c028d7106501c,kic_4544745_q5,85,569156672,gp,tps_like,tps_like_event_consistency_score,tps_like_event_consistency_score,28.750284133687448,1,10.094618189381436,1.2707548746839166,,
demo50_662c028d7106501c,662c028d7106501c,kic_4544745_q5,85,569156672,kalman,bls,bls_power,bls_power,0.0005176210725231598,1,10.2757585861954,0.12649079179391265,,
demo50_662c028d7106501c,662c028d7106501c,kic_4544745_q5,85,569156672,kalman,tcf,tcf_event_consistent_score,tcf_event_consistent_score,7.01787773350189,1,4.328442814271424,10.357379958964884,,
demo50_662c028d7106501c,662c028d7106501c,kic_4544745_q5,85,569156672,kalman,tps_like,tps_like_mes,tps_like_mes,58.43079024855784,1,10.523741634679027,1.2646149173378944,,
demo50_662c028d7106501c,662c028d7106501c,kic_4544745_q5,85,569156672,kalman,tps_like,tps_like_robust_veto_score,tps_like_robust_veto_score,57.47524476818577,1,10.646348333335482,1.2646149173378944,,
demo50_662c028d7106501c,662c028d7106501c,kic_4544745_q5,85,569156672,kalman,tps_like,tps_like_event_consistency_score,tps_like_event_consistency_score,48.55789304514192,1,10.646348333335482,1.2646149173378944,,
demo50_662c028d7106501c,662c028d7106501c,kic_4544745_q5,85,569156672,raw,bls,bls_power,bls_power,0.0005859694151434965,1,6.242414138046016,0.12518279114738107,,
demo50_662c028d7106501c,662c028d7106501c,kic_4544745_q5,85,569156672,raw,tcf,tcf_event_consistent_score,tcf_event_consistent_score,6.527992110362635,1,5.378792930976993,10.438943749759346,,
demo50_662c028d7106501c,662c028d7106501c,kic_4544745_q5,85,569156672,raw,tps_like,tps_like_mes,tps_like_mes,98.19281144080237,1,13.711515799746849,1.2435737089253962,,
demo50_662c028d7106501c,662c028d7106501c,kic_4544745_q5,85,569156672,raw,tps_like,tps_like_robust_veto_score,tps_like_robust_veto_score,98.19281144080237,1,13.711515799746849,1.2435737089253962,,
demo50_662c028d7106501c,662c028d7106501c,kic_4544745_q5,85,569156672,raw,tps_like,tps_like_event_consistency_score,tps_like_event_consistency_score,75.28177008589836,1,13.711515799746849,1.2435737089253962,,
demo50_662c028d7106501c,662c028d7106501c,kic_4544745_q5,86,1901915446,arima,bls,bls_power,bls_power,0.00044850867344889314,1,9.855618539513172,0.15059737488627434,,
demo50_662c028d7106501c,662c028d7106501c,kic_4544745_q5,86,1901915446,arima,tcf,tcf_event_consistent_score,tcf_event_consistent_score,6.609984942485599,1,13.683561187062356,10.53382895886898,,
demo50_662c028d7106501c,662c028d7106501c,kic_4544745_q5,86,1901915446,arima,tps_like,tps_like_mes,tps_like_mes,92.40909175192209,1,6.661630627000704,1.3021928747184575,,
demo50_662c028d7106501c,662c028d7106501c,kic_4544745_q5,86,1901915446,arima,tps_like,tps_like_robust_veto_score,tps_like_robust_veto_score,92.40909175192209,1,6.661630627000704,1.3021928747184575,,
demo50_662c028d7106501c,662c028d7106501c,kic_4544745_q5,86,1901915446,arima,tps_like,tps_like_event_consistency_score,tps_like_event_consistency_score,80.24267403818396,1,6.661630627000704,1.3021928747184575,,
demo50_662c028d7106501c,662c028d7106501c,kic_4544745_q5,86,1901915446,gp,bls,bls_power,bls_power,0.0005777406275554015,1,6.074358119373125,0.12394195795059204,,
demo50_662c028d7106501c,662c028d7106501c,kic_4544745_q5,86,1901915446,gp,tcf,tcf_event_consistent_score,tcf_event_consistent_score,6.359261818587173,1,10.04701567189063,10.470752208027989,,
demo50_662c028d7106501c,662c028d7106501c,kic_4544745_q5,86,1901915446,gp,tps_like,tps_like_mes,tps_like_mes,82.17181481669655,1,10.135487088933587,1.280479250010103,,
demo50_662c028d7106501c,662c028d7106501c,kic_4544745_q5,86,1901915446,gp,tps_like,tps_like_robust_veto_score,tps_like_robust_veto_score,79.38540002300019,1,13.302826804225333,1.280479250010103,,
demo50_662c028d7106501c,662c028d7106501c,kic_4544745_q5,86,1901915446,gp,tps_like,tps_like_event_consistency_score,tps_like_event_consistency_score,74.93651648325744,1,13.302826804225333,1.280479250010103,,
demo50_662c028d7106501c,662c028d7106501c,kic_4544745_q5,86,1901915446,kalman,bls,bls_power,bls_power,0.0005019756137395601,1,12.6378792930977,0.12751454208046198,,
demo50_662c028d7106501c,662c028d7106501c,kic_4544745_q5,86,1901915446,kalman,tcf,tcf_event_consistent_score,tcf_event_consistent_score,6.527948063520492,1,10.093697899299768,10.566961583681405,,
demo50_662c028d7106501c,662c028d7106501c,kic_4544745_q5,86,1901915446,kalman,tps_like,tps_like_mes,tps_like_mes,57.58458352040004,1,9.583756944979541,1.3835792080499232,,
demo50_662c028d7106501c,662c028d7106501c,kic_4544745_q5,86,1901915446,kalman,tps_like,tps_like_robust_veto_score,tps_like_robust_veto_score,57.58458352040004,1,9.583756944979541,1.3835792080499232,,
demo50_662c028d7106501c,662c028d7106501c,kic_4544745_q5,86,1901915446,kalman,tps_like,tps_like_event_consistency_score,tps_like_event_consistency_score,42.508342929723405,1,9.583756944979541,1.3835792080499232,,
demo50_662c028d7106501c,662c028d7106501c,kic_4544745_q5,86,1901915446,raw,bls,bls_power,bls_power,0.0004765334539704665,1,12.917972657552518,0.12615774990990758,,
demo50_662c028d7106501c,662c028d7106501c,kic_4544745_q5,86,1901915446,raw,tcf,tcf_event_consistent_score,tcf_event_consistent_score,6.515113977082898,1,6.522507502500834,10.348642125260085,,
demo50_662c028d7106501c,662c028d7106501c,kic_4544745_q5,86,1901915446,raw,tps_like,tps_like_mes,tps_like_mes,42.0218937038784,1,13.486736852210015,1.2644005827605724,,
demo50_662c028d7106501c,662c028d7106501c,kic_4544745_q5,86,1901915446,raw,tps_like,tps_like_robust_veto_score,tps_like_robust_veto_score,36.475612571985494,1,10.380700486246496,1.2644005827605724,,
demo50_662c028d7106501c,662c028d7106501c,kic_4544745_q5,86,1901915446,raw,tps_like,tps_like_event_consistency_score,tps_like_event_consistency_score,32.68798489325462,1,10.380700486246496,1.2644005827605724,,
demo50_662c028d7106501c,662c028d7106501c,kic_4544745_q5,87,1282348740,arima,bls,bls_power,bls_power,0.0005221938988890826,1,13.874958319439815,0.15299608279019594,,
demo50_662c028d7106501c,662c028d7106501c,kic_4544745_q5,87,1282348740,arima,tcf,tcf_event_consistent_score,tcf_event_consistent_score,6.197049348914682,1,13.118706235411805,10.32925104117021,,
demo50_662c028d7106501c,662c028d7106501c,kic_4544745_q5,87,1282348740,arima,tps_like,tps_like_mes,tps_like_mes,49.33004025858424,1,8.848116753040813,1.2652400420047343,,
demo50_662c028d7106501c,662c028d7106501c,kic_4544745_q5,87,1282348740,arima,tps_like,tps_like_robust_veto_score,tps_like_robust_veto_score,49.33004025858424,1,8.848116753040813,1.2652400420047343,,
demo50_662c028d7106501c,662c028d7106501c,kic_4544745_q5,87,1282348740,arima,tps_like,tps_like_event_consistency_score,tps_like_event_consistency_score,34.57701411759642,1,8.848116753040813,1.2652400420047343,,
demo50_662c028d7106501c,662c028d7106501c,kic_4544745_q5,87,1282348740,gp,bls,bls_power,bls_power,0.0005777027329037966,1,12.838612870956986,0.1256378754042089,,
demo50_662c028d7106501c,662c028d7106501c,kic_4544745_q5,87,1282348740,gp,tcf,tcf_event_consistent_score,tcf_event_consistent_score,6.513202925603955,1,13.31943981327109,10.433157499879599,,
demo50_662c028d7106501c,662c028d7106501c,kic_4544745_q5,87,1282348740,gp,tps_like,tps_like_mes,tps_like_mes,34.69946751486993,1,13.098482306464575,1.251347417011857,,
demo50_662c028d7106501c,662c028d7106501c,kic_4544745_q5,87,1282348740,gp,tps_like,tps_like_robust_veto_score,tps_like_robust_veto_score,32.26585068580017,1,14.120204795268364,1.251347417011857,,
demo50_662c028d7106501c,662c028d7106501c,kic_4544745_q5,87,1282348740,gp,tps_like,tps_like_event_consistency_score,tps_like_event_consistency_score,27.591370348460874,1,14.120204795268364,1.251347417011857,,
demo50_662c028d7106501c,662c028d7106501c,kic_4544745_q5,87,1282348740,kalman,bls,bls_power,bls_power,0.0004737227148502936,1,13.529509836612204,0.12804770795628428,,
demo50_662c028d7106501c,662c028d7106501c,kic_4544745_q5,87,1282348740,kalman,tcf,tcf_event_consistent_score,tcf_event_consistent_score,6.869103518025247,1,10.107702567522509,10.315623667091131,,
demo50_662c028d7106501c,662c028d7106501c,kic_4544745_q5,87,1282348740,kalman,tps_like,tps_like_mes,tps_like_mes,46.14142761789644,1,8.13291101087816,1.267467750236392,,
demo50_662c028d7106501c,662c028d7106501c,kic_4544745_q5,87,1282348740,kalman,tps_like,tps_like_robust_veto_score,tps_like_robust_veto_score,45.503794712443074,1,4.638620099169202,1.267467750236392,,
demo50_662c028d7106501c,662c028d7106501c,kic_4544745_q5,87,1282348740,kalman,tps_like,tps_like_event_consistency_score,tps_like_event_consistency_score,38.48483219403573,1,4.638620099169202,1.267467750236392,,
demo50_662c028d7106501c,662c028d7106501c,kic_4544745_q5,87,1282348740,raw,bls,bls_power,bls_power,0.0005679745891327373,1,12.404468156052019,0.1254024999216199,,
demo50_662c028d7106501c,662c028d7106501c,kic_4544745_q5,87,1282348740,raw,tcf,tcf_event_consistent_score,tcf_event_consistent_score,6.712305301162687,1,13.879626542180729,10.352118500042707,,
demo50_662c028d7106501c,662c028d7106501c,kic_4544745_q5,87,1282348740,raw,tps_like,tps_like_mes,tps_like_mes,77.50302493451657,1,7.7650909149087965,1.2593162916600704,,
demo50_662c028d7106501c,662c028d7106501c,kic_4544745_q5,87,1282348740,raw,tps_like,tps_like_robust_veto_score,tps_like_robust_veto_score,77.50302493451657,1,7.7650909149087965,1.2593162916600704,,
demo50_662c028d7106501c,662c028d7106501c,kic_4544745_q5,87,1282348740,raw,tps_like,tps_like_event_consistency_score,tps_like_event_consistency_score,61.274722326808046,1,7.7650909149087965,1.2593162916600704,,
demo50_662c028d7106501c,662c028d7106501c,kic_4544745_q5,88,977354510,arima,bls,bls_power,bls_power,0.00047058170754395406,1,2.624541513837946,0.1530981669202447,,
demo50_662c028d7106501c,662c028d7106501c,kic_4544745_q5,88,977354510,arima,tcf,tcf_event_consistent_score,tcf_event_consistent_score,7.3287734743117,1,12.614538179393133,10.303531208075583,,
demo50_662c028d7106501c,662c028d7106501c,kic_4544745_q5,88,977354510,arima,tps_like,tps_like_mes,tps_like_mes,61.37285650078006,1,7.703787565580569,1.2994252080097795,,
demo50_662c028d7106501c,662c028d7106501c,kic_4544745_q5,88,977354510,arima,tps_like,tps_like_robust_veto_score,tps_like_robust_veto_score,57.68382695215466,1,3.8621110076783225,1.2994252080097795,,
demo50_662c028d7106501c,662c028d7106501c,kic_4544745_q5,88,977354510,arima,tps_like,tps_like_event_consistency_score,tps_like_event_consistency_score,48.70856166278093,1,3.8621110076783225,1.2994252080097795,,
demo50_662c028d7106501c,662c028d7106501c,kic_4544745_q5,88,977354510,gp,bls,bls_power,bls_power,0.0005385900777447973,1,3.9689896632210737,0.1262522079050541,,
demo50_662c028d7106501c,662c028d7106501c,kic_4544745_q5,88,977354510,gp,tcf,tcf_event_consistent_score,tcf_event_consistent_score,6.407439901563375,1,13.468822940980328,10.262753291986883,,
demo50_662c028d7106501c,662c028d7106501c,kic_4544745_q5,88,977354510,gp,tps_like,tps_like_mes,tps_like_mes,48.28629750867907,1,11.851980870123953,1.2808860833756626,,
demo50_662c028d7106501c,662c028d7106501c,kic_4544745_q5,88,977354510,gp,tps_like,tps_like_robust_veto_score,tps_like_robust_veto_score,48.28629750867907,1,11.851980870123953,1.2808860833756626,,
demo50_662c028d7106501c,662c028d7106501c,kic_4544745_q5,88,977354510,gp,tps_like,tps_like_event_consistency_score,tps_like_event_consistency_score,40.33020898222799,1,11.851980870123953,1.2808860833756626,,
demo50_662c028d7106501c,662c028d7106501c,kic_4544745_q5,88,977354510,kalman,bls,bls_power,bls_power,0.00044214318531856907,1,14.831943981327111,0.12993262521922588,,
demo50_662c028d7106501c,662c028d7106501c,kic_4544745_q5,88,977354510,kalman,tcf,tcf_event_consistent_score,tcf_event_consistent_score,6.647247825948545,1,10.742580860286763,10.45506720803678,,
demo50_662c028d7106501c,662c028d7106501c,kic_4544745_q5,88,977354510,kalman,tps_like,tps_like_mes,tps_like_mes,51.41410887401069,1,10.544176084455103,1.2853722497820854,,
demo50_662c028d7106501c,662c028d7106501c,kic_4544745_q5,88,977354510,kalman,tps_like,tps_like_robust_veto_score,tps_like_robust_veto_score,51.41410887401069,1,10.544176084455103,1.2853722497820854,,
demo50_662c028d7106501c,662c028d7106501c,kic_4544745_q5,88,977354510,kalman,tps_like,tps_like_event_consistency_score,tps_like_event_consistency_score,39.81254823516488,1,10.544176084455103,1.2853722497820854,,
demo50_662c028d7106501c,662c028d7106501c,kic_4544745_q5,88,977354510,raw,bls,bls_power,bls_power,0.0005121100866886329,1,9.710903634544849,0.1263249167241156,,
demo50_662c028d7106501c,662c028d7106501c,kic_4544745_q5,88,977354510,raw,tcf,tcf_event_consistent_score,tcf_event_consistent_score,6.718031508199402,1,14.173724574858287,10.580468458123505,,
demo50_662c028d7106501c,662c028d7106501c,kic_4544745_q5,88,977354510,raw,tps_like,tps_like_mes,tps_like_mes,39.28215733720951,1,7.192926321178675,1.3070808327756822,,
demo50_662c028d7106501c,662c028d7106501c,kic_4544745_q5,88,977354510,raw,tps_like,tps_like_robust_veto_score,tps_like_robust_veto_score,39.28215733720951,1,7.192926321178675,1.3070808327756822,,
demo50_662c028d7106501c,662c028d7106501c,kic_4544745_q5,88,977354510,raw,tps_like,tps_like_event_consistency_score,tps_like_event_consistency_score,29.91026271743456,1,7.192926321178675,1.3070808327756822,,
demo50_662c028d7106501c,662c028d7106501c,kic_4544745_q5,89,1958169968,arima,bls,bls_power,bls_power,0.0009569903658770664,1,14.0756918972991,0.15159441716969013,,
demo50_662c028d7106501c,662c028d7106501c,kic_4544745_q5,89,1958169968,arima,tcf,tcf_event_consistent_score,tcf_event_consistent_score,6.919518579891126,1,10.280426808936312,10.360605666879565,,
demo50_662c028d7106501c,662c028d7106501c,kic_4544745_q5,89,1958169968,arima,tps_like,tps_like_mes,tps_like_mes,59.932179731951955,1,14.91714833653532,1.2876531672663987,,
demo50_662c028d7106501c,662c028d7106501c,kic_4544745_q5,89,1958169968,arima,tps_like,tps_like_robust_veto_score,tps_like_robust_veto_score,36.29605932509359,1,4.781661247601733,1.2876531672663987,,
demo50_662c028d7106501c,662c028d7106501c,kic_4544745_q5,89,1958169968,arima,tps_like,tps_like_event_consistency_score,tps_like_event_consistency_score,30.17025549106187,1,4.781661247601733,1.2876531672663987,,
demo50_662c028d7106501c,662c028d7106501c,kic_4544745_q5,89,1958169968,gp,bls,bls_power,bls_power,0.0005232726919901564,1,2.148382794264755,0.12857645796611905,,
demo50_662c028d7106501c,662c028d7106501c,kic_4544745_q5,89,1958169968,gp,tcf,tcf_event_consistent_score,tcf_event_consistent_score,6.884610087141133,1,12.413804601533846,10.303407290950418,,
demo50_662c028d7106501c,662c028d7106501c,kic_4544745_q5,89,1958169968,gp,tps_like,tps_like_mes,tps_like_mes,52.767172987334696,1,13.36413015355356,1.282232124824077,,
demo50_662c028d7106501c,662c028d7106501c,kic_4544745_q5,89,1958169968,gp,tps_like,tps_like_robust_veto_score,tps_like_robust_veto_score,52.767172987334696,1,13.36413015355356,1.282232124824077,,
demo50_662c028d7106501c,662c028d7106501c,kic_4544745_q5,89,1958169968,gp,tps_like,tps_like_event_consistency_score,tps_like_event_consistency_score,44.09153381538607,1,13.36413015355356,1.282232124824077,,
demo50_662c028d7106501c,662c028d7106501c,kic_4544745_q5,89,1958169968,kalman,bls,bls_power,bls_power,0.0004889246675845292,1,14.659219739913306,0.12856958294287324,,
demo50_662c028d7106501c,662c028d7106501c,kic_4544745_q5,89,1958169968,kalman,tcf,tcf_event_consistent_score,tcf_event_consistent_score,6.353384135384485,1,10.397132377459155,10.347618790809065,,
demo50_662c028d7106501c,662c028d7106501c,kic_4544745_q5,89,1958169968,kalman,tps_like,tps_like_mes,tps_like_mes,53.12704723406767,1,12.178932066541165,1.2955266670323908,,
demo50_662c028d7106501c,662c028d7106501c,kic_4544745_q5,89,1958169968,kalman,tps_like,tps_like_robust_veto_score,tps_like_robust_veto_score,39.9710564712467,1,9.072895700577646,1.2955266670323908,,
demo50_662c028d7106501c,662c028d7106501c,kic_4544745_q5,89,1958169968,kalman,tps_like,tps_like_event_consistency_score,tps_like_event_consistency_score,36.1888897546799,1,9.072895700577646,1.2955266670323908,,
demo50_662c028d7106501c,662c028d7106501c,kic_4544745_q5,89,1958169968,raw,bls,bls_power,bls_power,0.0005838682529010552,1,13.053351117039014,0.126629208214581,,
demo50_662c028d7106501c,662c028d7106501c,kic_4544745_q5,89,1958169968,raw,tcf,tcf_event_consistent_score,tcf_event_consistent_score,6.898905701629886,1,11.8162720906969,10.461195208132267,,
demo50_662c028d7106501c,662c028d7106501c,kic_4544745_q5,89,1958169968,raw,tps_like,tps_like_mes,tps_like_mes,46.25786666251286,1,6.5594583781203255,1.2705810000188649,,
demo50_662c028d7106501c,662c028d7106501c,kic_4544745_q5,89,1958169968,raw,tps_like,tps_like_robust_veto_score,tps_like_robust_veto_score,43.21781431332947,1,7.8672631637891755,1.2705810000188649,,
demo50_662c028d7106501c,662c028d7106501c,kic_4544745_q5,89,1958169968,raw,tps_like,tps_like_event_consistency_score,tps_like_event_consistency_score,36.59475626049385,1,7.8672631637891755,1.2705810000188649,,
demo50_662c028d7106501c,662c028d7106501c,kic_4544745_q5,90,1818011141,arima,bls,bls_power,bls_power,0.0004456513933271127,1,14.257752584194733,0.15499125001952052,,
demo50_662c028d7106501c,662c028d7106501c,kic_4544745_q5,90,1818011141,arima,tcf,tcf_event_consistent_score,tcf_event_consistent_score,6.423391137766693,1,4.202400800266756,10.45885808300227,,
demo50_662c028d7106501c,662c028d7106501c,kic_4544745_q5,90,1818011141,arima,tps_like,tps_like_mes,tps_like_mes,41.05298388256372,1,8.643772255280055,1.3237574170343578,,
demo50_662c028d7106501c,662c028d7106501c,kic_4544745_q5,90,1818011141,arima,tps_like,tps_like_robust_veto_score,tps_like_robust_veto_score,34.692288675472255,1,10.871127280872315,1.3237574170343578,,
demo50_662c028d7106501c,662c028d7106501c,kic_4544745_q5,90,1818011141,arima,tps_like,tps_like_event_consistency_score,tps_like_event_consistency_score,30.415598031495957,1,10.871127280872315,1.3237574170343578,,
demo50_662c028d7106501c,662c028d7106501c,kic_4544745_q5,90,1818011141,gp,bls,bls_power,bls_power,0.0005828738767035665,1,12.763921307102368,0.13186662504449487,,
demo50_662c028d7106501c,662c028d7106501c,kic_4544745_q5,90,1818011141,gp,tcf,tcf_event_consistent_score,tcf_event_consistent_score,6.086102069855335,1,12.49783261087029,10.517234541010112,,
demo50_662c028d7106501c,662c028d7106501c,kic_4544745_q5,90,1818011141,gp,tps_like,tps_like_mes,tps_like_mes,87.35140564308563,1,9.992445940501057,1.3162847091443837,,
demo50_662c028d7106501c,662c028d7106501c,kic_4544745_q5,90,1818011141,gp,tps_like,tps_like_robust_veto_score,tps_like_robust_veto_score,86.25454305825497,1,10.115052639157511,1.3162847091443837,,
demo50_662c028d7106501c,662c028d7106501c,kic_4544745_q5,90,1818011141,gp,tps_like,tps_like_event_consistency_score,tps_like_event_consistency_score,70.96906053356261,1,10.115052639157511,1.3162847091443837,,
demo50_662c028d7106501c,662c028d7106501c,kic_4544745_q5,90,1818011141,kalman,bls,bls_power,bls_power,0.0005101916197390147,1,10.196398799599868,0.12915454199537635,,
demo50_662c028d7106501c,662c028d7106501c,kic_4544745_q5,90,1818011141,kalman,tcf,tcf_event_consistent_score,tcf_event_consistent_score,7.257017278857601,1,11.606202067355786,10.335721667390317,,
demo50_662c028d7106501c,662c028d7106501c,kic_4544745_q5,90,1818011141,kalman,tps_like,tps_like_mes,tps_like_mes,36.41550049809602,1,8.848116753040813,1.2877763328142464,,
demo50_662c028d7106501c,662c028d7106501c,kic_4544745_q5,90,1818011141,kalman,tps_like,tps_like_robust_veto_score,tps_like_robust_veto_score,30.232872480926765,1,14.81497608765494,1.2877763328142464,,
demo50_662c028d7106501c,662c028d7106501c,kic_4544745_q5,90,1818011141,kalman,tps_like,tps_like_event_consistency_score,tps_like_event_consistency_score,26.877385173291305,1,14.81497608765494,1.2877763328142464,,
demo50_662c028d7106501c,662c028d7106501c,kic_4544745_q5,90,1818011141,raw,bls,bls_power,bls_power,0.0005269286999936834,1,3.55351783927976,0.12633758317679167,,
demo50_662c028d7106501c,662c028d7106501c,kic_4544745_q5,90,1818011141,raw,tcf,tcf_event_consistent_score,tcf_event_consistent_score,6.283985146189384,1,6.405801933977993,10.464322000276297,,
demo50_662c028d7106501c,662c028d7106501c,kic_4544745_q5,90,1818011141,raw,tps_like,tps_like_mes,tps_like_mes,42.2211104125524,1,14.365418192581274,1.2614892916753888,,
demo50_662c028d7106501c,662c028d7106501c,kic_4544745_q5,90,1818011141,raw,tps_like,tps_like_robust_veto_score,tps_like_robust_veto_score,42.2211104125524,1,14.365418192581274,1.2614892916753888,,
demo50_662c028d7106501c,662c028d7106501c,kic_4544745_q5,90,1818011141,raw,tps_like,tps_like_event_consistency_score,tps_like_event_consistency_score,36.445235023728024,1,14.365418192581274,1.2614892916753888,,
demo50_662c028d7106501c,662c028d7106501c,kic_4544745_q5,91,66607432,arima,bls,bls_power,bls_power,0.00043998194450473396,1,13.697565855285095,0.15166295785456896,,
demo50_662c028d7106501c,662c028d7106501c,kic_4544745_q5,91,66607432,arima,tcf,tcf_event_consistent_score,tcf_event_consistent_score,6.349307121188361,1,9.874291430476827,10.566289416048676,,
demo50_662c028d7106501c,662c028d7106501c,kic_4544745_q5,91,66607432,arima,tps_like,tps_like_mes,tps_like_mes,48.67262934255966,1,6.15076938259881,1.5162750422023237,,
demo50_662c028d7106501c,662c028d7106501c,kic_4544745_q5,91,66607432,arima,tps_like,tps_like_robust_veto_score,tps_like_robust_veto_score,40.59913223572456,1,6.518589478568174,1.5162750422023237,,
demo50_662c028d7106501c,662c028d7106501c,kic_4544745_q5,91,66607432,arima,tps_like,tps_like_event_consistency_score,tps_like_event_consistency_score,33.61147146868505,1,6.518589478568174,1.5162750422023237,,
demo50_662c028d7106501c,662c028d7106501c,kic_4544745_q5,91,66607432,gp,bls,bls_power,bls_power,0.0005397759097595916,1,8.618539513171058,0.13723304215818644,,
demo50_662c028d7106501c,662c028d7106501c,kic_4544745_q5,91,66607432,gp,tcf,tcf_event_consistent_score,tcf_event_consistent_score,6.062409470689959,1,10.387795931977326,10.4882802083157,,
demo50_662c028d7106501c,662c028d7106501c,kic_4544745_q5,91,66607432,gp,tps_like,tps_like_mes,tps_like_mes,27.436692583087165,1,14.201942594372667,1.2622507498599589,,
demo50_662c028d7106501c,662c028d7106501c,kic_4544745_q5,91,66607432,gp,tps_like,tps_like_robust_veto_score,tps_like_robust_veto_score,24.12261861217686,1,9.68592919385992,1.2622507498599589,,
demo50_662c028d7106501c,662c028d7106501c,kic_4544745_q5,91,66607432,gp,tps_like,tps_like_event_consistency_score,tps_like_event_consistency_score,20.706621454808342,1,9.68592919385992,1.2622507498599589,,
demo50_662c028d7106501c,662c028d7106501c,kic_4544745_q5,91,66607432,kalman,bls,bls_power,bls_power,0.00046488426707663077,1,2.1810603534511506,0.1302317501977086,,
demo50_662c028d7106501c,662c028d7106501c,kic_4544745_q5,91,66607432,kalman,tcf,tcf_event_consistent_score,tcf_event_consistent_score,6.628999847428612,1,8.422474158052685,10.478306666947901,,
demo50_662c028d7106501c,662c028d7106501c,kic_4544745_q5,91,66607432,kalman,tps_like,tps_like_mes,tps_like_mes,35.02610226893034,1,6.9272784740896896,1.2685190830379725,,
demo50_662c028d7106501c,662c028d7106501c,kic_4544745_q5,91,66607432,kalman,tps_like,tps_like_robust_veto_score,tps_like_robust_veto_score,35.02610226893034,1,6.9272784740896896,1.2685190830379725,,
demo50_662c028d7106501c,662c028d7106501c,kic_4544745_q5,91,66607432,kalman,tps_like,tps_like_event_consistency_score,tps_like_event_consistency_score,30.69480554458638,1,6.9272784740896896,1.2685190830379725,,
demo50_662c028d7106501c,662c028d7106501c,kic_4544745_q5,91,66607432,raw,bls,bls_power,bls_power,0.0005241359788539757,1,13.916972324108038,0.12804108392447233,,
demo50_662c028d7106501c,662c028d7106501c,kic_4544745_q5,91,66607432,raw,tcf,tcf_event_consistent_score,tcf_event_consistent_score,5.905740768678251,1,10.140380126708903,10.342720875050873,,
demo50_662c028d7106501c,662c028d7106501c,kic_4544745_q5,91,66607432,raw,tps_like,tps_like_mes,tps_like_mes,40.073558241415,1,9.05246125080157,1.2982510412111878,,
demo50_662c028d7106501c,662c028d7106501c,kic_4544745_q5,91,66607432,raw,tps_like,tps_like_robust_veto_score,tps_like_robust_veto_score,35.57528535005607,1,4.5160134005127475,1.2982510412111878,,
demo50_662c028d7106501c,662c028d7106501c,kic_4544745_q5,91,66607432,raw,tps_like,tps_like_event_consistency_score,tps_like_event_consistency_score,30.078059417485722,1,4.5160134005127475,1.2982510412111878,,
demo50_662c028d7106501c,662c028d7106501c,kic_4544745_q5,92,800803144,arima,bls,bls_power,bls_power,0.0007882087858006768,1,14.20173391130377,0.16066270787268877,,
demo50_662c028d7106501c,662c028d7106501c,kic_4544745_q5,92,800803144,arima,tcf,tcf_event_consistent_score,tcf_event_consistent_score,6.858522695862082,1,6.72324108036012,10.746891167014837,,
demo50_662c028d7106501c,662c028d7106501c,kic_4544745_q5,92,800803144,arima,tps_like,tps_like_mes,tps_like_mes,62.650655723091575,1,9.82897034229245,1.316457916982472,,
demo50_662c028d7106501c,662c028d7106501c,kic_4544745_q5,92,800803144,arima,tps_like,tps_like_robust_veto_score,tps_like_robust_veto_score,52.35803990537409,1,12.30153876519762,1.316457916982472,,
demo50_662c028d7106501c,662c028d7106501c,kic_4544745_q5,92,800803144,arima,tps_like,tps_like_event_consistency_score,tps_like_event_consistency_score,43.218296739814804,1,12.30153876519762,1.316457916982472,,
demo50_662c028d7106501c,662c028d7106501c,kic_4544745_q5,92,800803144,gp,bls,bls_power,bls_power,0.0005934705589197249,1,9.370123374458153,0.12901020795106888,,
demo50_662c028d7106501c,662c028d7106501c,kic_4544745_q5,92,800803144,gp,tcf,tcf_event_consistent_score,tcf_event_consistent_score,6.127619498395477,1,10.719239746582195,10.56023275014013,,
demo50_662c028d7106501c,662c028d7106501c,kic_4544745_q5,92,800803144,gp,tps_like,tps_like_mes,tps_like_mes,43.16102268905488,1,6.028162683942355,1.2955595422536135,,
demo50_662c028d7106501c,662c028d7106501c,kic_4544745_q5,92,800803144,gp,tps_like,tps_like_robust_veto_score,tps_like_robust_veto_score,32.919343355478475,1,12.58762106206268,1.2955595422536135,,
demo50_662c028d7106501c,662c028d7106501c,kic_4544745_q5,92,800803144,gp,tps_like,tps_like_event_consistency_score,tps_like_event_consistency_score,31.772479729916284,1,12.58762106206268,1.2955595422536135,,
demo50_662c028d7106501c,662c028d7106501c,kic_4544745_q5,92,800803144,kalman,bls,bls_power,bls_power,0.00046638843858011004,1,8.235745248416139,0.1312222913838923,,
demo50_662c028d7106501c,662c028d7106501c,kic_4544745_q5,92,800803144,kalman,tcf,tcf_event_consistent_score,tcf_event_consistent_score,6.829774070042181,1,13.352117372457487,10.688588625285774,,
demo50_662c028d7106501c,662c028d7106501c,kic_4544745_q5,92,800803144,kalman,tps_like,tps_like_mes,tps_like_mes,36.77080140961752,1,6.15076938259881,1.2935040830634534,,
demo50_662c028d7106501c,662c028d7106501c,kic_4544745_q5,92,800803144,kalman,tps_like,tps_like_robust_veto_score,tps_like_robust_veto_score,36.349612011469745,1,5.2312191426754,1.2935040830634534,,
demo50_662c028d7106501c,662c028d7106501c,kic_4544745_q5,92,800803144,kalman,tps_like,tps_like_event_consistency_score,tps_like_event_consistency_score,28.779912542845793,1,5.2312191426754,1.2935040830634534,,
demo50_662c028d7106501c,662c028d7106501c,kic_4544745_q5,92,800803144,raw,bls,bls_power,bls_power,0.0005023397833741307,1,4.048349449816605,0.12946362467482686,,
demo50_662c028d7106501c,662c028d7106501c,kic_4544745_q5,92,800803144,raw,tcf,tcf_event_consistent_score,tcf_event_consistent_score,6.9090739304925854,1,13.683561187062356,10.451205874793231,,
demo50_662c028d7106501c,662c028d7106501c,kic_4544745_q5,92,800803144,raw,tps_like,tps_like_mes,tps_like_mes,46.22349153072226,1,12.383276564301923,1.2872507092542946,,
demo50_662c028d7106501c,662c028d7106501c,kic_4544745_q5,92,800803144,raw,tps_like,tps_like_robust_veto_score,tps_like_robust_veto_score,46.22349153072226,1,12.383276564301923,1.2872507092542946,,
demo50_662c028d7106501c,662c028d7106501c,kic_4544745_q5,92,800803144,raw,tps_like,tps_like_event_consistency_score,tps_like_event_consistency_score,38.120026356159656,1,12.383276564301923,1.2872507092542946,,
demo50_662c028d7106501c,662c028d7106501c,kic_4544745_q5,93,100330775,arima,bls,bls_power,bls_power,0.0007050935354473483,1,12.413804601533846,0.1576729998923838,,
demo50_662c028d7106501c,662c028d7106501c,kic_4544745_q5,93,100330775,arima,tcf,tcf_event_consistent_score,tcf_event_consistent_score,6.340233944038233,1,8.226408802934312,10.418682166840881,,
demo50_662c028d7106501c,662c028d7106501c,kic_4544745_q5,93,100330775,arima,tps_like,tps_like_mes,tps_like_mes,95.79301030378855,1,4.98600574536249,1.296572667080909,,
demo50_662c028d7106501c,662c028d7106501c,kic_4544745_q5,93,100330775,arima,tps_like,tps_like_robust_veto_score,tps_like_robust_veto_score,90.480000730937,1,10.135487088933587,1.296572667080909,,
demo50_662c028d7106501c,662c028d7106501c,kic_4544745_q5,93,100330775,arima,tps_like,tps_like_event_consistency_score,tps_like_event_consistency_score,76.9160555135507,1,10.135487088933587,1.296572667080909,,
demo50_662c028d7106501c,662c028d7106501c,kic_4544745_q5,93,100330775,gp,bls,bls_power,bls_power,0.0005650671155923274,1,14.803934644881629,0.12722504185512662,,
demo50_662c028d7106501c,662c028d7106501c,kic_4544745_q5,93,100330775,gp,tcf,tcf_event_consistent_score,tcf_event_consistent_score,6.664584543222182,1,9.920973657885963,10.440209041815251,,
demo50_662c028d7106501c,662c028d7106501c,kic_4544745_q5,93,100330775,gp,tps_like,tps_like_mes,tps_like_mes,32.6862537122326,1,10.768955031991936,1.2962828753516078,,
demo50_662c028d7106501c,662c028d7106501c,kic_4544745_q5,93,100330775,gp,tps_like,tps_like_robust_veto_score,tps_like_robust_veto_score,32.6862537122326,1,10.768955031991936,1.2962828753516078,,
demo50_662c028d7106501c,662c028d7106501c,kic_4544745_q5,93,100330775,gp,tps_like,tps_like_event_consistency_score,tps_like_event_consistency_score,25.995568586805117,1,10.768955031991936,1.2962828753516078,,
demo50_662c028d7106501c,662c028d7106501c,kic_4544745_q5,93,100330775,kalman,bls,bls_power,bls_power,0.0005013698013241874,1,1.942980993664555,0.13101237500086427,,
demo50_662c028d7106501c,662c028d7106501c,kic_4544745_q5,93,100330775,kalman,tcf,tcf_event_consistent_score,tcf_event_consistent_score,7.73568738878154,1,14.556518839613206,10.400134874973446,,
demo50_662c028d7106501c,662c028d7106501c,kic_4544745_q5,93,100330775,kalman,tps_like,tps_like_mes,tps_like_mes,49.70034438207966,1,13.282392354449257,1.299632541835308,,
demo50_662c028d7106501c,662c028d7106501c,kic_4544745_q5,93,100330775,kalman,tps_like,tps_like_robust_veto_score,tps_like_robust_veto_score,49.70034438207966,1,13.282392354449257,1.299632541835308,,
demo50_662c028d7106501c,662c028d7106501c,kic_4544745_q5,93,100330775,kalman,tps_like,tps_like_event_consistency_score,tps_like_event_consistency_score,41.607668800036144,1,13.282392354449257,1.299632541835308,,
demo50_662c028d7106501c,662c028d7106501c,kic_4544745_q5,93,100330775,raw,bls,bls_power,bls_power,0.0005051172410289427,1,13.310103367789264,0.13013699976727366,,
demo50_662c028d7106501c,662c028d7106501c,kic_4544745_q5,93,100330775,raw,tcf,tcf_event_consistent_score,tcf_event_consistent_score,6.479790182281193,1,10.397132377459155,10.36855608318001,,
demo50_662c028d7106501c,662c028d7106501c,kic_4544745_q5,93,100330775,raw,tps_like,tps_like_mes,tps_like_mes,54.352288987507265,1,8.398558857967146,1.276982500217855,,
demo50_662c028d7106501c,662c028d7106501c,kic_4544745_q5,93,100330775,raw,tps_like,tps_like_robust_veto_score,tps_like_robust_veto_score,47.83671261987992,1,9.093330150353722,1.276982500217855,,
demo50_662c028d7106501c,662c028d7106501c,kic_4544745_q5,93,100330775,raw,tps_like,tps_like_event_consistency_score,tps_like_event_consistency_score,44.207753587239104,1,9.093330150353722,1.276982500217855,,
demo50_662c028d7106501c,662c028d7106501c,kic_4544745_q5,94,600237455,arima,bls,bls_power,bls_power,0.0007943284050210299,1,12.815271757252418,0.15831679198890924,,
demo50_662c028d7106501c,662c028d7106501c,kic_4544745_q5,94,600237455,arima,tcf,tcf_event_consistent_score,tcf_event_consistent_score,6.3886172903933325,1,11.293431143714573,10.412414875347167,,
demo50_662c028d7106501c,662c028d7106501c,kic_4544745_q5,94,600237455,arima,tps_like,tps_like_mes,tps_like_mes,35.474715426330235,1,10.952865079976618,1.2758954167366028,,
demo50_662c028d7106501c,662c028d7106501c,kic_4544745_q5,94,600237455,arima,tps_like,tps_like_robust_veto_score,tps_like_robust_veto_score,30.937428055531043,1,11.1367751279613,1.2758954167366028,,
demo50_662c028d7106501c,662c028d7106501c,kic_4544745_q5,94,600237455,arima,tps_like,tps_like_event_consistency_score,tps_like_event_consistency_score,25.47124610024962,1,11.1367751279613,1.2758954167366028,,
demo50_662c028d7106501c,662c028d7106501c,kic_4544745_q5,94,600237455,gp,bls,bls_power,bls_power,0.0006021571922179684,1,7.694231410470158,0.12855929089710116,,
demo50_662c028d7106501c,662c028d7106501c,kic_4544745_q5,94,600237455,gp,tcf,tcf_event_consistent_score,tcf_event_consistent_score,6.990448998748192,1,4.664554851617206,10.39875187491998,,
demo50_662c028d7106501c,662c028d7106501c,kic_4544745_q5,94,600237455,gp,tps_like,tps_like_mes,tps_like_mes,25.929183670411263,1,7.8468287140131,1.2771566663868725,,
demo50_662c028d7106501c,662c028d7106501c,kic_4544745_q5,94,600237455,gp,tps_like,tps_like_robust_veto_score,tps_like_robust_veto_score,25.929183670411263,1,7.8468287140131,1.2771566663868725,,
demo50_662c028d7106501c,662c028d7106501c,kic_4544745_q5,94,600237455,gp,tps_like,tps_like_event_consistency_score,tps_like_event_consistency_score,21.925948129687665,1,7.8468287140131,1.2771566663868725,,
demo50_662c028d7106501c,662c028d7106501c,kic_4544745_q5,94,600237455,kalman,bls,bls_power,bls_power,0.0004578029580312239,1,9.72490830276759,0.1320372922345996,,
demo50_662c028d7106501c,662c028d7106501c,kic_4544745_q5,94,600237455,kalman,tcf,tcf_event_consistent_score,tcf_event_consistent_score,7.083130621626425,1,13.828276092030677,10.475467707961798,,
demo50_662c028d7106501c,662c028d7106501c,kic_4544745_q5,94,600237455,kalman,tps_like,tps_like_mes,tps_like_mes,56.92665656490071,1,7.8672631637891755,1.299980957992375,,
demo50_662c028d7106501c,662c028d7106501c,kic_4544745_q5,94,600237455,kalman,tps_like,tps_like_robust_veto_score,tps_like_robust_veto_score,56.42495383480476,1,2.411265073576942,1.299980957992375,,
demo50_662c028d7106501c,662c028d7106501c,kic_4544745_q5,94,600237455,kalman,tps_like,tps_like_event_consistency_score,tps_like_event_consistency_score,49.82422230742658,1,2.411265073576942,1.299980957992375,,
demo50_662c028d7106501c,662c028d7106501c,kic_4544745_q5,94,600237455,raw,bls,bls_power,bls_power,0.0004923981739911462,1,5.999666555518506,0.1289087920449674,,
demo50_662c028d7106501c,662c028d7106501c,kic_4544745_q5,94,600237455,raw,tcf,tcf_event_consistent_score,tcf_event_consistent_score,6.956197024096695,1,11.965655218406136,10.594683167058975,,
demo50_662c028d7106501c,662c028d7106501c,kic_4544745_q5,94,600237455,raw,tps_like,tps_like_mes,tps_like_mes,88.3424470811369,1,11.075471778633073,1.4338162918575108,,
demo50_662c028d7106501c,662c028d7106501c,kic_4544745_q5,94,600237455,raw,tps_like,tps_like_robust_veto_score,tps_like_robust_veto_score,88.3424470811369,1,11.075471778633073,1.4338162918575108,,
demo50_662c028d7106501c,662c028d7106501c,kic_4544745_q5,94,600237455,raw,tps_like,tps_like_event_consistency_score,tps_like_event_consistency_score,83.95796936839598,1,11.075471778633073,1.4338162918575108,,
demo50_662c028d7106501c,662c028d7106501c,kic_4544745_q5,95,1882639403,arima,bls,bls_power,bls_power,0.00044086355196888287,1,14.5891963987996,0.17083341581746936,,
demo50_662c028d7106501c,662c028d7106501c,kic_4544745_q5,95,1882639403,arima,tcf,tcf_event_consistent_score,tcf_event_consistent_score,6.405886085488748,1,1.504168056018673,10.563233125023544,,
demo50_662c028d7106501c,662c028d7106501c,kic_4544745_q5,95,1882639403,arima,tps_like,tps_like_mes,tps_like_mes,68.68761503300354,1,7.969435412669554,1.2942750416696072,,
demo50_662c028d7106501c,662c028d7106501c,kic_4544745_q5,95,1882639403,arima,tps_like,tps_like_robust_veto_score,tps_like_robust_veto_score,59.391738398137505,1,9.05246125080157,1.2942750416696072,,
demo50_662c028d7106501c,662c028d7106501c,kic_4544745_q5,95,1882639403,arima,tps_like,tps_like_event_consistency_score,tps_like_event_consistency_score,55.51159992000509,1,9.05246125080157,1.2942750416696072,,
demo50_662c028d7106501c,662c028d7106501c,kic_4544745_q5,95,1882639403,gp,bls,bls_power,bls_power,0.0005978429643694713,1,10.448482827609205,0.12791849998757243,,
demo50_662c028d7106501c,662c028d7106501c,kic_4544745_q5,95,1882639403,gp,tcf,tcf_event_consistent_score,tcf_event_consistent_score,7.752572536627361,1,14.98599533177726,10.724931207951158,,
demo50_662c028d7106501c,662c028d7106501c,kic_4544745_q5,95,1882639403,gp,tps_like,tps_like_mes,tps_like_mes,43.981891611969765,1,5.2312191426754,1.293344832956791,,
demo50_662c028d7106501c,662c028d7106501c,kic_4544745_q5,95,1882639403,gp,tps_like,tps_like_robust_veto_score,tps_like_robust_veto_score,43.981891611969765,1,5.2312191426754,1.293344832956791,,
demo50_662c028d7106501c,662c028d7106501c,kic_4544745_q5,95,1882639403,gp,tps_like,tps_like_event_consistency_score,tps_like_event_consistency_score,32.52916797333975,1,5.2312191426754,1.293344832956791,,
demo50_662c028d7106501c,662c028d7106501c,kic_4544745_q5,95,1882639403,kalman,bls,bls_power,bls_power,0.00046970743760490157,1,5.178059353117706,0.12921933317556977,,
demo50_662c028d7106501c,662c028d7106501c,kic_4544745_q5,95,1882639403,kalman,tcf,tcf_event_consistent_score,tcf_event_consistent_score,6.275182500750065,1,11.326108702900967,10.344389750156552,,
demo50_662c028d7106501c,662c028d7106501c,kic_4544745_q5,95,1882639403,kalman,tps_like,tps_like_mes,tps_like_mes,36.418373383931815,1,8.562034456175752,1.2651604996062815,,
demo50_662c028d7106501c,662c028d7106501c,kic_4544745_q5,95,1882639403,kalman,tps_like,tps_like_robust_veto_score,tps_like_robust_veto_score,32.74833484603345,1,6.109900483046658,1.2651604996062815,,
demo50_662c028d7106501c,662c028d7106501c,kic_4544745_q5,95,1882639403,kalman,tps_like,tps_like_event_consistency_score,tps_like_event_consistency_score,28.133354501511352,1,6.109900483046658,1.2651604996062815,,
demo50_662c028d7106501c,662c028d7106501c,kic_4544745_q5,95,1882639403,raw,bls,bls_power,bls_power,0.0005618593351839398,1,4.827942647549183,0.12773187505081296,,
demo50_662c028d7106501c,662c028d7106501c,kic_4544745_q5,95,1882639403,raw,tcf,tcf_event_consistent_score,tcf_event_consistent_score,6.2877480413197215,1,6.769923307769257,10.374221957754344,,
demo50_662c028d7106501c,662c028d7106501c,kic_4544745_q5,95,1882639403,raw,tps_like,tps_like_mes,tps_like_mes,52.935381411474346,1,5.006440195138566,1.2759060002863407,,
demo50_662c028d7106501c,662c028d7106501c,kic_4544745_q5,95,1882639403,raw,tps_like,tps_like_robust_veto_score,tps_like_robust_veto_score,52.935381411474346,1,5.006440195138566,1.2759060002863407,,
demo50_662c028d7106501c,662c028d7106501c,kic_4544745_q5,95,1882639403,raw,tps_like,tps_like_event_consistency_score,tps_like_event_consistency_score,42.768542190757074,1,5.006440195138566,1.2759060002863407,,
demo50_662c028d7106501c,662c028d7106501c,kic_4544745_q5,96,1238938985,arima,bls,bls_power,bls_power,0.0008346575467527306,1,10.504501500500167,0.15612537460401654,,
demo50_662c028d7106501c,662c028d7106501c,kic_4544745_q5,96,1238938985,arima,tcf,tcf_event_consistent_score,tcf_event_consistent_score,6.757041867171448,1,11.022674224741582,10.520882375072688,,
demo50_662c028d7106501c,662c028d7106501c,kic_4544745_q5,96,1238938985,arima,tps_like,tps_like_mes,tps_like_mes,82.28578645928654,1,9.236371298786253,1.2953269584104419,,
demo50_662c028d7106501c,662c028d7106501c,kic_4544745_q5,96,1238938985,arima,tps_like,tps_like_robust_veto_score,tps_like_robust_veto_score,78.15678307456771,1,4.618185649393126,1.2953269584104419,,
demo50_662c028d7106501c,662c028d7106501c,kic_4544745_q5,96,1238938985,arima,tps_like,tps_like_event_consistency_score,tps_like_event_consistency_score,66.68357471481904,1,4.618185649393126,1.2953269584104419,,
demo50_662c028d7106501c,662c028d7106501c,kic_4544745_q5,96,1238938985,gp,bls,bls_power,bls_power,0.0005685975767347759,1,3.6655551850616876,0.1274978332221508,,
demo50_662c028d7106501c,662c028d7106501c,kic_4544745_q5,96,1238938985,gp,tcf,tcf_event_consistent_score,tcf_event_consistent_score,7.186657855701195,1,5.005335111703902,10.729243291076273,,
demo50_662c028d7106501c,662c028d7106501c,kic_4544745_q5,96,1238938985,gp,tps_like,tps_like_mes,tps_like_mes,34.65676701315151,1,12.465014363406226,1.28575479099527,,
demo50_662c028d7106501c,662c028d7106501c,kic_4544745_q5,96,1238938985,gp,tps_like,tps_like_robust_veto_score,tps_like_robust_veto_score,33.18512121070276,1,8.296386609086767,1.28575479099527,,
demo50_662c028d7106501c,662c028d7106501c,kic_4544745_q5,96,1238938985,gp,tps_like,tps_like_event_consistency_score,tps_like_event_consistency_score,28.2776008682604,1,8.296386609086767,1.28575479099527,,
demo50_662c028d7106501c,662c028d7106501c,kic_4544745_q5,96,1238938985,kalman,bls,bls_power,bls_power,0.0004932228456110486,1,3.8056018672890968,0.130621500313282,,
demo50_662c028d7106501c,662c028d7106501c,kic_4544745_q5,96,1238938985,kalman,tcf,tcf_event_consistent_score,tcf_event_consistent_score,6.786431921126473,1,13.884294764921641,10.455096375197172,,
demo50_662c028d7106501c,662c028d7106501c,kic_4544745_q5,96,1238938985,kalman,tps_like,tps_like_mes,tps_like_mes,63.2003631224114,1,7.98986986244563,1.2994406251236796,,
demo50_662c028d7106501c,662c028d7106501c,kic_4544745_q5,96,1238938985,kalman,tps_like,tps_like_robust_veto_score,tps_like_robust_veto_score,59.79122926768235,1,5.803383736405522,1.2994406251236796,,
demo50_662c028d7106501c,662c028d7106501c,kic_4544745_q5,96,1238938985,kalman,tps_like,tps_like_event_consistency_score,tps_like_event_consistency_score,51.069090202108995,1,5.803383736405522,1.2994406251236796,,
demo50_662c028d7106501c,662c028d7106501c,kic_4544745_q5,96,1238938985,raw,bls,bls_power,bls_power,0.0005417890724780651,1,4.389129709903301,0.1294400836341083,,
demo50_662c028d7106501c,662c028d7106501c,kic_4544745_q5,96,1238938985,raw,tcf,tcf_event_consistent_score,tcf_event_consistent_score,6.735009369605801,1,10.425141713904635,10.567399458028376,,
demo50_662c028d7106501c,662c028d7106501c,kic_4544745_q5,96,1238938985,raw,tps_like,tps_like_mes,tps_like_mes,64.84984248507202,1,6.069031583494507,1.4612305839546025,,
demo50_662c028d7106501c,662c028d7106501c,kic_4544745_q5,96,1238938985,raw,tps_like,tps_like_robust_veto_score,tps_like_robust_veto_score,64.84984248507202,1,6.069031583494507,1.4612305839546025,,
demo50_662c028d7106501c,662c028d7106501c,kic_4544745_q5,96,1238938985,raw,tps_like,tps_like_event_consistency_score,tps_like_event_consistency_score,54.782854996292286,1,6.069031583494507,1.4612305839546025,,
demo50_662c028d7106501c,662c028d7106501c,kic_4544745_q5,97,1607112590,arima,bls,bls_power,bls_power,0.0004442718353826594,1,10.81727242414138,0.1617000000551343,,
demo50_662c028d7106501c,662c028d7106501c,kic_4544745_q5,97,1607112590,arima,tcf,tcf_event_consistent_score,tcf_event_consistent_score,7.356827256357439,1,6.415138379459821,10.506853083148599,,
demo50_662c028d7106501c,662c028d7106501c,kic_4544745_q5,97,1607112590,arima,tps_like,tps_like_mes,tps_like_mes,51.649267582790785,1,3.5147253614850342,1.304935541935265,,
demo50_662c028d7106501c,662c028d7106501c,kic_4544745_q5,97,1607112590,arima,tps_like,tps_like_robust_veto_score,tps_like_robust_veto_score,48.94598313771074,1,12.485448813182302,1.304935541935265,,
demo50_662c028d7106501c,662c028d7106501c,kic_4544745_q5,97,1607112590,arima,tps_like,tps_like_event_consistency_score,tps_like_event_consistency_score,45.025251320476684,1,12.485448813182302,1.304935541935265,,
demo50_662c028d7106501c,662c028d7106501c,kic_4544745_q5,97,1607112590,gp,bls,bls_power,bls_power,0.0005681987373301551,1,12.245748582860955,0.12834316724911332,,
demo50_662c028d7106501c,662c028d7106501c,kic_4544745_q5,97,1607112590,gp,tcf,tcf_event_consistent_score,tcf_event_consistent_score,5.950722826683269,1,13.095365121707237,10.478418957907706,,
demo50_662c028d7106501c,662c028d7106501c,kic_4544745_q5,97,1607112590,gp,tps_like,tps_like_mes,tps_like_mes,68.3586087175374,1,12.240235415869392,1.3049611249007285,,
demo50_662c028d7106501c,662c028d7106501c,kic_4544745_q5,97,1607112590,gp,tps_like,tps_like_robust_veto_score,tps_like_robust_veto_score,65.50683241853147,1,10.482872735126875,1.3049611249007285,,
demo50_662c028d7106501c,662c028d7106501c,kic_4544745_q5,97,1607112590,gp,tps_like,tps_like_event_consistency_score,tps_like_event_consistency_score,56.3916615864916,1,10.482872735126875,1.3049611249007285,,
demo50_662c028d7106501c,662c028d7106501c,kic_4544745_q5,97,1607112590,kalman,bls,bls_power,bls_power,0.0004893747800532693,1,11.186062020673559,0.1327174580655992,,
demo50_662c028d7106501c,662c028d7106501c,kic_4544745_q5,97,1607112590,kalman,tcf,tcf_event_consistent_score,tcf_event_consistent_score,6.968552130602412,1,11.531510503501169,10.830212541855872,,
demo50_662c028d7106501c,662c028d7106501c,kic_4544745_q5,97,1607112590,kalman,tps_like,tps_like_mes,tps_like_mes,34.837056684674465,1,3.0447330166352913,1.320369957946241,,
demo50_662c028d7106501c,662c028d7106501c,kic_4544745_q5,97,1607112590,kalman,tps_like,tps_like_robust_veto_score,tps_like_robust_veto_score,29.32500732040743,1,7.07031962252222,1.320369957946241,,
demo50_662c028d7106501c,662c028d7106501c,kic_4544745_q5,97,1607112590,kalman,tps_like,tps_like_event_consistency_score,tps_like_event_consistency_score,23.81226568619446,1,7.07031962252222,1.320369957946241,,
demo50_662c028d7106501c,662c028d7106501c,kic_4544745_q5,97,1607112590,raw,bls,bls_power,bls_power,0.0005008005051950583,1,5.047349116372124,0.1316348328255117,,
demo50_662c028d7106501c,662c028d7106501c,kic_4544745_q5,97,1607112590,raw,tcf,tcf_event_consistent_score,tcf_event_consistent_score,7.0556845521858085,1,11.783594531510504,10.528674916829914,,
demo50_662c028d7106501c,662c028d7106501c,kic_4544745_q5,97,1607112590,raw,tps_like,tps_like_mes,tps_like_mes,61.349094634395065,1,12.505883262958378,1.2831278750672936,,
demo50_662c028d7106501c,662c028d7106501c,kic_4544745_q5,97,1607112590,raw,tps_like,tps_like_robust_veto_score,tps_like_robust_veto_score,61.349094634395065,1,12.505883262958378,1.2831278750672936,,
demo50_662c028d7106501c,662c028d7106501c,kic_4544745_q5,97,1607112590,raw,tps_like,tps_like_event_consistency_score,tps_like_event_consistency_score,54.06593027692656,1,12.505883262958378,1.2831278750672936,,
demo50_662c028d7106501c,662c028d7106501c,kic_4544745_q5,98,54865819,arima,bls,bls_power,bls_power,0.00046586213137718506,1,9.41680560186729,0.1558805420063436,,
demo50_662c028d7106501c,662c028d7106501c,kic_4544745_q5,98,54865819,arima,tcf,tcf_event_consistent_score,tcf_event_consistent_score,6.886439510809528,1,7.101367122374125,10.335931583773345,,
demo50_662c028d7106501c,662c028d7106501c,kic_4544745_q5,98,54865819,arima,tps_like,tps_like_mes,tps_like_mes,95.34285133081968,1,1.573452632757835,1.3261544578708708,,
demo50_662c028d7106501c,662c028d7106501c,kic_4544745_q5,98,54865819,arima,tps_like,tps_like_robust_veto_score,tps_like_robust_veto_score,86.56358728717785,1,14.978451685863547,1.3261544578708708,,
demo50_662c028d7106501c,662c028d7106501c,kic_4544745_q5,98,54865819,arima,tps_like,tps_like_event_consistency_score,tps_like_event_consistency_score,79.24863171437009,1,14.978451685863547,1.3261544578708708,,
demo50_662c028d7106501c,662c028d7106501c,kic_4544745_q5,98,54865819,gp,bls,bls_power,bls_power,0.000608865084784779,1,12.605201733911304,0.1285137077793479,,
demo50_662c028d7106501c,662c028d7106501c,kic_4544745_q5,98,54865819,gp,tcf,tcf_event_consistent_score,tcf_event_consistent_score,15.369204506928924,1,13.772257419139715,10.40503654209897,,
demo50_662c028d7106501c,662c028d7106501c,kic_4544745_q5,98,54865819,gp,tps_like,tps_like_mes,tps_like_mes,27.012312876502648,1,10.789389481768012,1.2746500000357628,,
demo50_662c028d7106501c,662c028d7106501c,kic_4544745_q5,98,54865819,gp,tps_like,tps_like_robust_veto_score,tps_like_robust_veto_score,27.012312876502648,1,10.789389481768012,1.2746500000357628,,
demo50_662c028d7106501c,662c028d7106501c,kic_4544745_q5,98,54865819,gp,tps_like,tps_like_event_consistency_score,tps_like_event_consistency_score,22.318554828589388,1,10.789389481768012,1.2746500000357628,,
demo50_662c028d7106501c,662c028d7106501c,kic_4544745_q5,98,54865819,kalman,bls,bls_power,bls_power,0.00044954890649660404,1,4.538512837612538,0.13158254185691476,,
demo50_662c028d7106501c,662c028d7106501c,kic_4544745_q5,98,54865819,kalman,tcf,tcf_event_consistent_score,tcf_event_consistent_score,7.305948093119938,1,4.650550183394465,10.381710207555443,,
demo50_662c028d7106501c,662c028d7106501c,kic_4544745_q5,98,54865819,kalman,tps_like,tps_like_mes,tps_like_mes,53.45844617857716,1,9.256805748562329,1.3067901660688221,,
demo50_662c028d7106501c,662c028d7106501c,kic_4544745_q5,98,54865819,kalman,tps_like,tps_like_robust_veto_score,tps_like_robust_veto_score,51.672812364914854,1,4.965571295586415,1.3067901660688221,,
demo50_662c028d7106501c,662c028d7106501c,kic_4544745_q5,98,54865819,kalman,tps_like,tps_like_event_consistency_score,tps_like_event_consistency_score,42.64571018365287,1,4.965571295586415,1.3067901660688221,,
demo50_662c028d7106501c,662c028d7106501c,kic_4544745_q5,98,54865819,raw,bls,bls_power,bls_power,0.0005263125871192894,1,14.929976658886297,0.13487758301198483,,
demo50_662c028d7106501c,662c028d7106501c,kic_4544745_q5,98,54865819,raw,tcf,tcf_event_consistent_score,tcf_event_consistent_score,6.461314254909916,1,13.22607535845282,10.663547874893993,,
demo50_662c028d7106501c,662c028d7106501c,kic_4544745_q5,98,54865819,raw,tps_like,tps_like_mes,tps_like_mes,55.06506753488645,1,7.274664120282978,1.2950952919200063,,
demo50_662c028d7106501c,662c028d7106501c,kic_4544745_q5,98,54865819,raw,tps_like,tps_like_robust_veto_score,tps_like_robust_veto_score,55.06506753488645,1,7.274664120282978,1.2950952919200063,,
demo50_662c028d7106501c,662c028d7106501c,kic_4544745_q5,98,54865819,raw,tps_like,tps_like_event_consistency_score,tps_like_event_consistency_score,41.72138711936298,1,7.274664120282978,1.2950952919200063,,
demo50_662c028d7106501c,662c028d7106501c,kic_4544745_q5,99,691966760,arima,bls,bls_power,bls_power,0.0005634919061908833,1,11.886295431810604,0.15864399960264564,,
demo50_662c028d7106501c,662c028d7106501c,kic_4544745_q5,99,691966760,arima,tcf,tcf_event_consistent_score,tcf_event_consistent_score,6.296352474692507,1,6.443147715905302,10.448469792027026,,
demo50_662c028d7106501c,662c028d7106501c,kic_4544745_q5,99,691966760,arima,tps_like,tps_like_mes,tps_like_mes,85.02778612020138,1,6.600327277672477,1.3198197083547711,,
demo50_662c028d7106501c,662c028d7106501c,kic_4544745_q5,99,691966760,arima,tps_like,tps_like_robust_veto_score,tps_like_robust_veto_score,75.97787604858516,1,6.007728234166279,1.3198197083547711,,
demo50_662c028d7106501c,662c028d7106501c,kic_4544745_q5,99,691966760,arima,tps_like,tps_like_event_consistency_score,tps_like_event_consistency_score,68.00788024538224,1,6.007728234166279,1.3198197083547711,,
demo50_662c028d7106501c,662c028d7106501c,kic_4544745_q5,99,691966760,gp,bls,bls_power,bls_power,0.0005875661116194301,1,4.137045681893965,0.12902799993753433,,
demo50_662c028d7106501c,662c028d7106501c,kic_4544745_q5,99,691966760,gp,tcf,tcf_event_consistent_score,tcf_event_consistent_score,6.429417770428994,1,2.465821940646882,10.391749124974012,,
demo50_662c028d7106501c,662c028d7106501c,kic_4544745_q5,99,691966760,gp,tps_like,tps_like_mes,tps_like_mes,46.55458163658139,1,11.23894737684168,1.3629604582674801,,
demo50_662c028d7106501c,662c028d7106501c,kic_4544745_q5,99,691966760,gp,tps_like,tps_like_robust_veto_score,tps_like_robust_veto_score,46.55458163658139,1,11.23894737684168,1.3629604582674801,,
demo50_662c028d7106501c,662c028d7106501c,kic_4544745_q5,99,691966760,gp,tps_like,tps_like_event_consistency_score,tps_like_event_consistency_score,42.313993938190755,1,11.23894737684168,1.3629604582674801,,
demo50_662c028d7106501c,662c028d7106501c,kic_4544745_q5,99,691966760,kalman,bls,bls_power,bls_power,0.0004640477454865557,1,2.9699899966655554,0.14879191666841507,,
demo50_662c028d7106501c,662c028d7106501c,kic_4544745_q5,99,691966760,kalman,tcf,tcf_event_consistent_score,tcf_event_consistent_score,6.224304118761284,1,8.674558186062022,10.822869000025094,,
demo50_662c028d7106501c,662c028d7106501c,kic_4544745_q5,99,691966760,kalman,tps_like,tps_like_mes,tps_like_mes,35.16821406808374,1,8.296386609086767,1.305093334056437,,
demo50_662c028d7106501c,662c028d7106501c,kic_4544745_q5,99,691966760,kalman,tps_like,tps_like_robust_veto_score,tps_like_robust_veto_score,35.16821406808374,1,8.296386609086767,1.305093334056437,,
demo50_662c028d7106501c,662c028d7106501c,kic_4544745_q5,99,691966760,kalman,tps_like,tps_like_event_consistency_score,tps_like_event_consistency_score,30.514352720534262,1,8.296386609086767,1.305093334056437,,
demo50_662c028d7106501c,662c028d7106501c,kic_4544745_q5,99,691966760,raw,bls,bls_power,bls_power,0.0005236624779528244,1,13.006668889629877,0.1313312090933323,,
demo50_662c028d7106501c,662c028d7106501c,kic_4544745_q5,99,691966760,raw,tcf,tcf_event_consistent_score,tcf_event_consistent_score,7.227460402392156,1,14.864621540513506,10.504005250055343,,
demo50_662c028d7106501c,662c028d7106501c,kic_4544745_q5,99,691966760,raw,tps_like,tps_like_mes,tps_like_mes,94.5799501954144,1,12.240235415869392,1.2891946658492088,,
demo50_662c028d7106501c,662c028d7106501c,kic_4544745_q5,99,691966760,raw,tps_like,tps_like_robust_veto_score,tps_like_robust_veto_score,94.5799501954144,1,12.240235415869392,1.2891946658492088,,
demo50_662c028d7106501c,662c028d7106501c,kic_4544745_q5,99,691966760,raw,tps_like,tps_like_event_consistency_score,tps_like_event_consistency_score,74.92695707565366,1,12.240235415869392,1.2891946658492088,,
