period_cadences,period_days,duration_cadences,duration_hours,epoch_phase_cadence,mes,observed_event_count,expected_event_count,observability_fraction
406,8.296294540559757,20,9.808427043026313,21,123.21022647357763,7,12,0.5833333333333334
405,8.275860317553452,20,9.808427043026313,24,123.00734195078171,7,12,0.5833333333333334
407,8.316728763566061,20,9.808427043026313,17,119.55048936978692,7,12,0.5833333333333334
408,8.337162986572366,20,9.808427043026313,13,119.30336580930789,6,12,0.5
404,8.255426094547147,20,9.808427043026313,27,116.83685359089425,8,12,0.6666666666666666
389,7.948912749452575,20,9.808427043026313,105,116.63446672932325,3,12,0.25
394,8.051083864484099,20,9.808427043026313,85,115.33043788995637,4,12,0.3333333333333333
397,8.112386533503013,20,9.808427043026313,57,114.53504320261652,4,12,0.3333333333333333
393,8.030649641477794,20,9.808427043026313,89,114.44012487680942,4,12,0.3333333333333333
398,8.132820756509318,20,9.808427043026313,53,114.40655518015446,4,12,0.3333333333333333
409,8.357597209578671,20,9.808427043026313,9,113.56554971720513,8,12,0.6666666666666666
395,8.071518087490404,20,9.808427043026313,81,113.3429112312552,5,12,0.4166666666666667
405,8.275860317553452,16,7.8467416344210505,25,113.32321179338048,7,12,0.5833333333333334
399,8.153254979515623,20,9.808427043026313,49,113.08537088188326,4,12,0.3333333333333333
389,7.948912749452575,16,7.8467416344210505,105,112.7559414796618,3,12,0.25
203,4.148147270279878,20,9.808427043026313,21,112.6779304941555,14,23,0.6086956521739131
396,8.091952310496708,20,9.808427043026313,77,112.64308430839338,5,12,0.4166666666666667
390,7.9693469724588795,20,9.808427043026313,101,112.6232081966412,3,12,0.25
406,8.296294540559757,16,7.8467416344210505,21,112.49867234553012,7,12,0.5833333333333334
204,4.168581493286183,20,9.808427043026313,13,112.37437123247014,13,23,0.5652173913043478
395,8.071518087490404,16,7.8467416344210505,82,112.26561886336155,4,12,0.3333333333333333
394,8.051083864484099,16,7.8467416344210505,87,111.62281220456453,4,12,0.3333333333333333
391,7.989781195465184,20,9.808427043026313,95,111.46904018024804,4,12,0.3333333333333333
393,8.030649641477794,16,7.8467416344210505,91,111.07555975589412,4,12,0.3333333333333333
388,7.92847852644627,16,7.8467416344210505,112,110.96582035408777,3,12,0.25
400,8.173689202521928,20,9.808427043026313,43,110.93043610448076,4,12,0.3333333333333333
390,7.9693469724588795,16,7.8467416344210505,103,110.57203430290845,3,12,0.25
202,4.1277130472735735,20,9.808427043026313,24,110.24825663449664,14,23,0.6086956521739131
410,8.378031432584976,20,9.808427043026313,5,109.9137822801121,7,12,0.5833333333333334
392,8.010215418471489,20,9.808427043026313,93,109.0092958307194,5,12,0.4166666666666667
403,8.234991871540842,20,9.808427043026313,27,108.9381024525885,8,12,0.6666666666666666
411,8.39846565559128,20,9.808427043026313,0,108.84241083675099,7,12,0.5833333333333334
391,7.989781195465184,16,7.8467416344210505,98,108.75834172525491,3,12,0.25
396,8.091952310496708,16,7.8467416344210505,76,108.01218601925332,5,12,0.4166666666666667
201,4.107278824267269,20,9.808427043026313,26,107.76426025798408,13,23,0.5652173913043478
407,8.316728763566061,16,7.8467416344210505,16,107.43303563112953,7,12,0.5833333333333334
395,8.071518087490404,12,5.885056225815788,84,107.37509411380891,4,12,0.3333333333333333
389,7.948912749452575,12,5.885056225815788,105,107.30675487281766,3,12,0.25
404,8.255426094547147,16,7.8467416344210505,27,107.20086702381488,8,12,0.6666666666666666
388,7.92847852644627,12,5.885056225815788,110,107.04309969774178,3,12,0.25
390,7.9693469724588795,12,5.885056225815788,103,106.91048517080091,3,12,0.25
401,8.194123425528232,20,9.808427043026313,34,106.61682820569972,5,12,0.4166666666666667
398,8.132820756509318,16,7.8467416344210505,53,106.51546982299018,4,12,0.3333333333333333
392,8.010215418471489,16,7.8467416344210505,93,106.48054497159359,5,12,0.4166666666666667
408,8.337162986572366,16,7.8467416344210505,13,106.35265791891119,7,12,0.5833333333333334
394,8.051083864484099,12,5.885056225815788,87,106.34813469942922,4,12,0.3333333333333333
412,8.418899878597585,20,9.808427043026313,405,106.3196629121723,7,11,0.6363636363636364
200,4.086844601260964,20,9.808427043026313,38,106.20607941640264,10,23,0.43478260869565216
402,8.214557648534537,20,9.808427043026313,27,106.13646175052995,8,12,0.6666666666666666
393,8.030649641477794,12,5.885056225815788,91,105.8407976374842,4,12,0.3333333333333333
397,8.112386533503013,16,7.8467416344210505,57,105.52290855587044,4,12,0.3333333333333333
196,4.0051077092357446,20,9.808427043026313,93,105.14961120106321,14,24,0.5833333333333334
391,7.989781195465184,12,5.885056225815788,98,104.83874609754496,3,12,0.25
399,8.153254979515623,16,7.8467416344210505,49,104.6048780432206,4,12,0.3333333333333333
492,10.053637719101971,16,7.8467416344210505,187,104.27107730690281,5,10,0.5
491,10.033203496095666,16,7.8467416344210505,191,104.19856735473778,5,10,0.5
197,4.025541932242049,20,9.808427043026313,83,104.1513789122897,13,24,0.5416666666666666
490,10.012769273089361,20,9.808427043026313,191,103.45352493139569,4,10,0.4
492,10.053637719101971,20,9.808427043026313,185,103.29356028680091,6,10,0.6
405,8.275860317553452,12,5.885056225815788,22,103.23207605254905,7,12,0.5833333333333334
191,3.9029365942042205,20,9.808427043026313,127,102.99808305989927,11,24,0.4583333333333333
490,10.012769273089361,16,7.8467416344210505,192,102.98638983364332,5,10,0.5
125,2.5542778757881024,20,9.808427043026313,20,102.98467239016512,19,37,0.5135135135135135
489,9.992335050083057,16,7.8467416344210505,197,102.96222321663451,5,10,0.5
409,8.357597209578671,16,7.8467416344210505,9,102.89951609336819,9,12,0.75
400,8.173689202521928,16,7.8467416344210505,43,102.75012540941353,4,12,0.3333333333333333
369,7.540228289326478,16,7.8467416344210505,187,102.67139978786896,9,13,0.6923076923076923
387,7.908044303439965,20,9.808427043026313,97,102.52822342627024,6,12,0.5
392,8.010215418471489,12,5.885056225815788,95,102.33839962783615,4,12,0.3333333333333333
734,14.998719686627737,20,9.808427043026313,192,102.25666059880724,3,7,0.42857142857142855
413,8.43933410160389,20,9.808427043026313,397,102.12472856683014,6,11,0.5454545454545454
203,4.148147270279878,16,7.8467416344210505,21,102.11152165672813,14,23,0.6086956521739131
396,8.091952310496708,12,5.885056225815788,75,102.1033893141503,5,12,0.4166666666666667
733,14.978285463621432,20,9.808427043026313,195,102.1031833248484,3,7,0.42857142857142855
369,7.540228289326478,20,9.808427043026313,185,101.87155452962985,10,13,0.7692307692307693
190,3.8825023711979156,20,9.808427043026313,139,101.79801932826017,14,24,0.5833333333333334
192,3.9233708172105253,20,9.808427043026313,109,101.77394527825265,12,24,0.5
388,7.92847852644627,8,3.9233708172105253,112,101.75022180367279,3,12,0.25
390,7.9693469724588795,8,3.9233708172105253,103,101.69275924142552,3,12,0.25
368,7.519794066320173,20,9.808427043026313,188,101.64661608473082,9,13,0.6923076923076923
324,6.620688254042761,20,9.808427043026313,25,101.60669117701367,6,15,0.4
489,9.992335050083057,20,9.808427043026313,194,101.40190048643261,4,10,0.4
325,6.641122477049066,20,9.808427043026313,20,101.36432174248105,6,15,0.4
205,4.189015716292488,20,9.808427043026313,9,101.19070206858665,14,23,0.6086956521739131
410,8.378031432584976,16,7.8467416344210505,5,101.18084259007456,8,12,0.6666666666666666
195,3.9846734862294397,20,9.808427043026313,101,101.17851628968268,10,24,0.4166666666666667
123,2.5134094297754928,20,9.808427043026313,62,101.14760552695293,22,38,0.5789473684210527
491,10.033203496095666,20,9.808427043026313,188,101.13318080753014,5,10,0.5
389,7.948912749452575,8,3.9233708172105253,108,101.13262532921718,4,12,0.3333333333333333
406,8.296294540559757,12,5.885056225815788,21,101.12211993639552,7,12,0.5833333333333334
386,7.88761008043366,20,9.808427043026313,101,101.04769162598146,6,12,0.5
388,7.92847852644627,20,9.808427043026313,91,100.81290141318243,7,12,0.5833333333333334
488,9.971900827076752,16,7.8467416344210505,200,100.74940731466359,6,10,0.6
591,12.076625796726148,20,9.808427043026313,462,100.68709921363084,4,8,0.5
733,14.978285463621432,16,7.8467416344210505,197,100.67742567397154,3,7,0.42857142857142855
732,14.957851240615128,20,9.808427043026313,197,100.67242624564905,3,7,0.42857142857142855
395,8.071518087490404,8,3.9233708172105253,84,100.56731202646816,4,12,0.3333333333333333
196,4.0051077092357446,16,7.8467416344210505,93,100.53033112475003,14,24,0.5833333333333334
411,8.39846565559128,16,7.8467416344210505,409,100.43754085146831,8,11,0.7272727272727273
368,7.519794066320173,16,7.8467416344210505,192,100.24588460491539,10,13,0.7692307692307693
199,4.066410378254659,20,9.808427043026313,51,100.16733878726046,11,24,0.4583333333333333
590,12.056191573719843,20,9.808427043026313,465,100.1520040678281,4,8,0.5
488,9.971900827076752,20,9.808427043026313,197,100.10005759019589,4,10,0.4
197,4.025541932242049,16,7.8467416344210505,84,100.09304971310651,13,24,0.5416666666666666
394,8.051083864484099,8,3.9233708172105253,88,100.07166492231629,4,12,0.3333333333333333
401,8.194123425528232,16,7.8467416344210505,34,100.02600615398931,5,12,0.4166666666666667
143,2.922093889901589,16,7.8467416344210505,91,99.92139556313738,6,32,0.1875
201,4.107278824267269,16,7.8467416344210505,27,99.72641807171792,13,23,0.5652173913043478
391,7.989781195465184,8,3.9233708172105253,98,99.69059739388517,3,12,0.25
403,8.234991871540842,16,7.8467416344210505,27,99.54654589856295,8,12,0.6666666666666666
385,7.867175857427355,20,9.808427043026313,105,99.47622220958783,7,12,0.5833333333333334
326,6.661556700055371,20,9.808427043026313,15,99.43903077087965,7,15,0.4666666666666667
198,4.045976155248354,20,9.808427043026313,62,99.3562542776932,11,24,0.4583333333333333
732,14.957851240615128,16,7.8467416344210505,199,99.20839950378104,3,7,0.42857142857142855
731,14.937417017608823,20,9.808427043026313,199,99.10809177597022,3,7,0.42857142857142855
204,4.168581493286183,16,7.8467416344210505,13,99.07765737995165,14,23,0.6086956521739131
573,11.708809782612661,20,9.808427043026313,515,99.0292518089053,3,8,0.375
371,7.581096735339088,20,9.808427043026313,161,99.0137652066161,8,13,0.6153846153846154
373,7.6219651813516975,20,9.808427043026313,168,98.98024538821373,8,12,0.6666666666666666
397,8.112386533503013,12,5.885056225815788,70,98.97324447137689,5,12,0.4166666666666667
487,9.951466604070447,16,7.8467416344210505,203,98.94985592492431,7,10,0.7
195,3.9846734862294397,16,7.8467416344210505,103,98.88994087674625,10,24,0.4166666666666667
202,4.1277130472735735,16,7.8467416344210505,24,98.81824521867217,14,23,0.6086956521739131
206,4.209449939298793,20,9.808427043026313,198,98.76453707678044,14,22,0.6363636363636364
412,8.418899878597585,16,7.8467416344210505,405,98.7597641710211,8,11,0.7272727272727273
489,9.992335050083057,12,5.885056225815788,197,98.75218149043154,5,10,0.5
572,11.688375559606357,20,9.808427043026313,517,98.67170792726348,3,8,0.375
490,10.012769273089361,12,5.885056225815788,192,98.58891146976259,5,10,0.5
491,10.033203496095666,12,5.885056225815788,191,98.54390158545402,5,10,0.5
486,9.931032381064142,20,9.808427043026313,203,98.4378054411687,3,10,0.3
492,10.053637719101971,12,5.885056225815788,187,98.42972971753511,5,10,0.5
402,8.214557648534537,16,7.8467416344210505,27,98.3575538548705,8,12,0.6666666666666666
589,12.035757350713538,20,9.808427043026313,467,98.22014289961763,4,8,0.5
380,7.765004742395831,20,9.808427043026313,139,98.16943661346136,8,12,0.6666666666666666
734,14.998719686627737,16,7.8467416344210505,192,98.1607124141224,3,7,0.42857142857142855
404,8.255426094547147,12,5.885056225815788,27,97.99890956105433,8,12,0.6666666666666666
123,2.5134094297754928,16,7.8467416344210505,64,97.92368358138042,21,38,0.5526315789473685
487,9.951466604070447,20,9.808427043026313,200,97.85904166725904,4,10,0.4
593,12.117494242738758,20,9.808427043026313,459,97.83405488688074,5,8,0.625
592,12.097060019732453,20,9.808427043026313,461,97.80906062613457,5,8,0.625
379,7.7445705193895265,20,9.808427043026313,145,97.80678613472821,10,12,0.8333333333333334
162,3.3103441270213807,20,9.808427043026313,24,97.78243955606342,13,29,0.4482758620689655
398,8.132820756509318,12,5.885056225815788,53,97.76538154646431,4,12,0.3333333333333333
571,11.667941336600052,16,7.8467416344210505,522,97.6881499507545,3,8,0.375
393,8.030649641477794,8,3.9233708172105253,90,97.68509291894144,4,12,0.3333333333333333
571,11.667941336600052,20,9.808427043026313,519,97.68419124294302,3,8,0.375
572,11.688375559606357,16,7.8467416344210505,520,97.61174402796749,3,8,0.375
370,7.560662512332783,20,9.808427043026313,166,97.56384501392047,8,13,0.6153846153846154
480,9.808427043026313,20,9.808427043026313,205,97.54201025080707,5,10,0.5
388,7.92847852644627,6,2.942528112907894,111,97.4809748360498,3,12,0.25
384,7.8467416344210505,20,9.808427043026313,109,97.39423002348363,7,12,0.5833333333333334
372,7.601530958345393,20,9.808427043026313,169,97.32414073581123,8,13,0.6153846153846154
286,5.844187779803178,16,7.8467416344210505,234,97.2244955409258,4,16,0.25
594,12.137928465745063,20,9.808427043026313,456,97.21021180855907,6,8,0.75
381,7.785438965402136,20,9.808427043026313,133,97.13656060832675,8,12,0.6666666666666666
387,7.908044303439965,16,7.8467416344210505,116,97.11783146995364,6,12,0.5
194,3.964239263223135,20,9.808427043026313,91,97.09285512239043,13,24,0.5416666666666666
479,9.787992820020008,20,9.808427043026313,208,97.09169738574312,5,10,0.5
390,7.9693469724588795,6,2.942528112907894,103,97.05929529892668,3,12,0.25
485,9.910598158057837,16,7.8467416344210505,209,97.00702241735355,6,10,0.6
570,11.647507113593747,20,9.808427043026313,521,97.00353182578142,4,8,0.5
374,7.642399404358002,20,9.808427043026313,165,96.90113958720347,8,12,0.6666666666666666
389,7.948912749452575,6,2.942528112907894,105,96.88572189325049,3,12,0.25
731,14.937417017608823,16,7.8467416344210505,200,96.86945882331263,3,7,0.42857142857142855
732,14.957851240615128,12,5.885056225815788,200,96.80723300130214,3,7,0.42857142857142855
733,14.978285463621432,12,5.885056225815788,197,96.77787163229527,3,7,0.42857142857142855
730,14.916982794602518,20,9.808427043026313,201,96.7444335984166,3,7,0.42857142857142855
488,9.971900827076752,12,5.885056225815788,200,96.67104253222797,6,10,0.6
399,8.153254979515623,12,5.885056225815788,45,96.63133423530387,4,12,0.3333333333333333
493,10.074071942108276,20,9.808427043026313,177,96.5845798333145,5,10,0.5
494,10.09450616511458,20,9.808427043026313,168,96.56585529763441,4,10,0.4
477,9.747124374007399,20,9.808427043026313,230,96.5542423644455,7,10,0.7
194,3.964239263223135,16,7.8467416344210505,110,96.54978081542677,10,24,0.4166666666666667
375,7.662833627364307,20,9.808427043026313,161,96.53236851981761,8,12,0.6666666666666666
407,8.316728763566061,12,5.885056225815788,16,96.35770116555162,7,12,0.5833333333333334
570,11.647507113593747,16,7.8467416344210505,524,96.24769733100095,3,8,0.375
495,10.114940388120885,20,9.808427043026313,159,96.21639444220786,5,10,0.5
193,3.94380504021683,20,9.808427043026313,101,96.20849643664845,11,24,0.4583333333333333
485,9.910598158057837,20,9.808427043026313,206,96.16030776977647,4,10,0.4
486,9.931032381064142,16,7.8467416344210505,206,96.15981713669915,7,10,0.7
476,9.726690151001094,20,9.808427043026313,233,96.12562705950448,7,10,0.7
382,7.805873188408441,20,9.808427043026313,127,96.04703318845192,6,12,0.5
200,4.086844601260964,16,7.8467416344210505,40,95.99315671546066,11,23,0.4782608695652174
588,12.015323127707234,20,9.808427043026313,469,95.89952758213374,4,8,0.5
369,7.540228289326478,12,5.885056225815788,187,95.87464065663414,9,13,0.6923076923076923
573,11.708809782612661,16,7.8467416344210505,516,95.82686945963853,3,8,0.375
378,7.724136296383222,20,9.808427043026313,149,95.8199834853969,9,12,0.75
586,11.974454681694624,16,7.8467416344210505,492,95.77107495753171,3,8,0.375
413,8.43933410160389,16,7.8467416344210505,397,95.7081564886327,6,11,0.5454545454545454
376,7.683267850370612,20,9.808427043026313,157,95.4163177672672,9,12,0.75
586,11.974454681694624,20,9.808427043026313,489,95.40160204388785,3,8,0.375
731,14.937417017608823,12,5.885056225815788,202,95.34046926563315,3,7,0.42857142857142855
367,7.499359843313869,20,9.808427043026313,192,95.32885125749344,9,13,0.6923076923076923
392,8.010215418471489,8,3.9233708172105253,96,95.3001566730079,4,12,0.3333333333333333
395,8.071518087490404,6,2.942528112907894,84,95.28970033656476,4,12,0.3333333333333333
408,8.337162986572366,12,5.885056225815788,13,95.22380965965348,7,12,0.5833333333333334
574,11.729244005618966,20,9.808427043026313,497,95.1391280154376,5,8,0.625
587,11.994888904700929,20,9.808427043026313,486,95.08260974556407,4,8,0.5
391,7.989781195465184,6,2.942528112907894,98,95.08195369846507,3,12,0.25
484,9.890163935051532,16,7.8467416344210505,212,95.04628725537704,5,10,0.5
478,9.767558597013704,20,9.808427043026313,225,94.9670279724809,7,10,0.7
591,12.076625796726148,16,7.8467416344210505,462,94.87540437099803,4,8,0.5
437,8.929755453755206,16,7.8467416344210505,353,94.7397263804563,3,10,0.3
394,8.051083864484099,6,2.942528112907894,88,94.7299200968165,4,12,0.3333333333333333
484,9.890163935051532,20,9.808427043026313,209,94.66866974319545,4,10,0.4
246,5.0268188595509855,20,9.808427043026313,185,94.61589830272327,12,19,0.631578947368421
493,10.074071942108276,16,7.8467416344210505,178,94.57602866241815,6,10,0.6
368,7.519794066320173,12,5.885056225815788,192,94.5387934770899,10,13,0.7692307692307693
475,9.706255927994789,20,9.808427043026313,236,94.52592963450245,7,10,0.7
377,7.703702073376917,20,9.808427043026313,153,94.52042830567413,9,12,0.75
569,11.627072890587442,16,7.8467416344210505,526,94.50832415688328,4,8,0.5
520,10.625795963278506,16,7.8467416344210505,104,94.39641194241088,4,9,0.4444444444444444
144,2.942528112907894,20,9.808427043026313,77,94.34763967979963,5,32,0.15625
324,6.620688254042761,16,7.8467416344210505,25,94.3367853197431,6,15,0.4
400,8.173689202521928,12,5.885056225815788,41,94.32747642523644,4,12,0.3333333333333333
196,4.0051077092357446,12,5.885056225815788,95,94.30238834544726,13,24,0.5416666666666666
487,9.951466604070447,12,5.885056225815788,203,94.29059895888165,7,10,0.7
143,2.922093889901589,12,5.885056225815788,91,94.17411129187579,6,32,0.1875
386,7.88761008043366,16,7.8467416344210505,101,94.15558844595904,6,12,0.5
483,9.869729712045228,20,9.808427043026313,212,94.14227993016344,4,10,0.4
245,5.006384636544681,20,9.808427043026313,191,94.11971148511634,9,19,0.47368421052631576
575,11.749678228625271,20,9.808427043026313,495,94.03383516350642,4,8,0.5
587,11.994888904700929,16,7.8467416344210505,490,93.89715773970926,6,8,0.75
409,8.357597209578671,12,5.885056225815788,21,93.88346027321357,9,12,0.75
571,11.667941336600052,12,5.885056225815788,522,93.8613118905679,3,8,0.375
435,8.888887007742596,20,9.808427043026313,340,93.85674185601376,5,10,0.5
585,11.95402045868832,20,9.808427043026313,491,93.847164027944,3,8,0.375
483,9.869729712045228,16,7.8467416344210505,215,93.82618099091079,5,10,0.5
198,4.045976155248354,16,7.8467416344210505,79,93.78533625129768,12,24,0.5
434,8.868452784736292,20,9.808427043026313,343,93.784786895901,5,10,0.5
585,11.95402045868832,16,7.8467416344210505,494,93.78223832042673,3,8,0.375
576,11.770112451631576,20,9.808427043026313,493,93.75281543534808,4,8,0.5
433,8.848018561729987,20,9.808427043026313,346,93.73778715105345,5,10,0.5
367,7.499359843313869,16,7.8467416344210505,196,93.73527172746381,10,13,0.7692307692307693
734,14.998719686627737,12,5.885056225815788,192,93.69694686249031,3,7,0.42857142857142855
189,3.862068148191611,20,9.808427043026313,149,93.67489901177439,15,24,0.625
477,9.747124374007399,16,7.8467416344210505,233,93.6255557603272,7,10,0.7
293,5.987227340847312,20,9.808427043026313,196,93.61986186338623,4,16,0.25
191,3.9029365942042205,16,7.8467416344210505,127,93.60687323732652,12,24,0.5
192,3.9233708172105253,16,7.8467416344210505,109,93.59400361905264,12,24,0.5
482,9.849295489038923,20,9.808427043026313,215,93.58828258397256,5,10,0.5
374,7.642399404358002,16,7.8467416344210505,167,93.54515316210889,8,12,0.6666666666666666
375,7.662833627364307,16,7.8467416344210505,164,93.53272915689469,9,12,0.75
293,5.987227340847312,16,7.8467416344210505,199,93.43479690416146,4,16,0.25
414,8.459768324610195,20,9.808427043026313,395,93.39223466664137,4,11,0.36363636363636365
572,11.688375559606357,12,5.885056225815788,520,93.38682043165024,3,8,0.375
590,12.056191573719843,16,7.8467416344210505,465,93.37123282046299,4,8,0.5
124,2.5338436527817976,20,9.808427043026313,45,93.35946353344885,21,38,0.5526315789473685
436,8.909321230748901,20,9.808427043026313,337,93.32492837730759,5,10,0.5
489,9.992335050083057,8,3.9233708172105253,197,93.31238445339565,5,10,0.5
396,8.091952310496708,8,3.9233708172105253,78,93.3003976322775,5,12,0.4166666666666667
730,14.916982794602518,12,5.885056225815788,204,93.27757144573198,3,7,0.42857142857142855
371,7.581096735339088,16,7.8467416344210505,180,93.26117313886698,9,13,0.6923076923076923
379,7.7445705193895265,16,7.8467416344210505,145,93.25451896668467,10,12,0.8333333333333334
437,8.929755453755206,20,9.808427043026313,350,93.24396240266745,3,10,0.3
287,5.864622002809483,20,9.808427043026313,222,93.23721039769397,4,16,0.25
246,5.0268188595509855,16,7.8467416344210505,187,93.19244876811987,11,19,0.5789473684210527
519,10.605361740272201,16,7.8467416344210505,107,93.18415572139011,4,9,0.4444444444444444
438,8.95018967676151,20,9.808427043026313,347,93.1701626719599,3,10,0.3
370,7.560662512332783,16,7.8467416344210505,184,93.1524466690087,9,13,0.6923076923076923
495,10.114940388120885,16,7.8467416344210505,160,93.12461621796429,5,10,0.5
594,12.137928465745063,16,7.8467416344210505,457,93.10980309631547,6,8,0.75
190,3.8825023711979156,16,7.8467416344210505,139,93.10471359414558,15,24,0.625
432,8.827584338723682,20,9.808427043026313,349,93.08424896890656,5,10,0.5
481,9.828861266032618,20,9.808427043026313,218,93.04772294705177,5,10,0.5
430,8.786715892711072,20,9.808427043026313,366,93.03400181948894,3,10,0.3
383,7.826307411414746,20,9.808427043026313,113,93.03316351315726,8,12,0.6666666666666666
730,14.916982794602518,16,7.8467416344210505,201,93.02085794639974,3,7,0.42857142857142855
490,10.012769273089361,8,3.9233708172105253,192,93.00928292018594,5,10,0.5
244,4.985950413538376,20,9.808427043026313,197,93.00662451650365,8,19,0.42105263157894735
411,8.39846565559128,12,5.885056225815788,407,93.0045025398473,7,11,0.6363636363636364
476,9.726690151001094,16,7.8467416344210505,234,92.9642613090468,7,10,0.7
286,5.844187779803178,12,5.885056225815788,234,92.88983420943671,4,16,0.25
588,12.015323127707234,16,7.8467416344210505,488,92.87595217402264,6,8,0.75
482,9.849295489038923,16,7.8467416344210505,218,92.8512718034118,5,10,0.5
385,7.867175857427355,16,7.8467416344210505,105,92.84458207587984,7,12,0.5833333333333334
195,3.9846734862294397,12,5.885056225815788,104,92.81435190229564,12,24,0.5
542,11.075348869417212,20,9.808427043026313,19,92.76343779709715,4,9,0.4444444444444444
260,5.312897981639253,16,7.8467416344210505,104,92.72437552556339,7,18,0.3888888888888889
543,11.095783092423517,20,9.808427043026313,16,92.71357364162316,5,9,0.5555555555555556
125,2.5542778757881024,16,7.8467416344210505,18,92.70992677580666,19,37,0.5135135135135135
589,12.035757350713538,16,7.8467416344210505,486,92.70286955351308,6,8,0.75
270,5.517240211702301,20,9.808427043026313,21,92.65365697194441,9,18,0.5
569,11.627072890587442,20,9.808427043026313,523,92.63839803131556,4,8,0.5
541,11.054914646410907,20,9.808427043026313,21,92.5873356878083,4,9,0.4444444444444444
145,2.9629623359141988,20,9.808427043026313,65,92.57426165414994,3,32,0.09375
485,9.910598158057837,12,5.885056225815788,209,92.561368862084,6,10,0.6
378,7.724136296383222,16,7.8467416344210505,150,92.55535225149747,9,12,0.75
570,11.647507113593747,12,5.885056225815788,524,92.52421187641632,3,8,0.375
593,12.117494242738758,16,7.8467416344210505,459,92.4913762979169,5,8,0.625
410,8.378031432584976,12,5.885056225815788,2,92.49052738464708,7,12,0.5833333333333334
373,7.6219651813516975,16,7.8467416344210505,168,92.48474081238552,8,12,0.6666666666666666
438,8.95018967676151,16,7.8467416344210505,350,92.41329206883549,4,10,0.4
405,8.275860317553452,8,3.9233708172105253,23,92.41149748019023,7,12,0.5833333333333334
197,4.025541932242049,12,5.885056225815788,84,92.40671813322669,13,24,0.5416666666666666
325,6.641122477049066,16,7.8467416344210505,20,92.38981267283444,6,15,0.4
244,4.985950413538376,16,7.8467416344210505,200,92.38828237652423,10,19,0.5263157894736842
586,11.974454681694624,12,5.885056225815788,492,92.32283902547032,3,8,0.375
389,7.948912749452575,4,1.9616854086052626,105,92.26446978242008,3,12,0.25
401,8.194123425528232,12,5.885056225815788,34,92.26183298751683,5,12,0.4166666666666667
295,6.028095786859922,20,9.808427043026313,170,92.24657602990575,10,16,0.625
733,14.978285463621432,8,3.9233708172105253,197,92.23036836132528,3,7,0.42857142857142855
377,7.703702073376917,16,7.8467416344210505,156,92.21245515904194,9,12,0.75
481,9.828861266032618,16,7.8467416344210505,221,92.0883502347883,5,10,0.5
439,8.970623899767816,20,9.808427043026313,344,92.07128897074064,3,10,0.3
592,12.097060019732453,16,7.8467416344210505,461,92.06818538948357,5,8,0.625
486,9.931032381064142,12,5.885056225815788,206,92.04178385898415,7,10,0.7
390,7.9693469724588795,4,1.9616854086052626,101,92.01195977879571,3,12,0.25
393,8.030649641477794,6,2.942528112907894,92,92.0065260180273,3,12,0.25
147,3.0038307819268084,20,9.808427043026313,27,91.99796538459063,18,32,0.5625
388,7.92847852644627,4,1.9616854086052626,111,91.99416300689204,3,12,0.25
673,13.752232083243143,20,9.808427043026313,21,91.9755317203454,4,7,0.5714285714285714
491,10.033203496095666,8,3.9233708172105253,191,91.94286291712388,5,10,0.5
732,14.957851240615128,8,3.9233708172105253,200,91.91885281157538,3,7,0.42857142857142855
518,10.584927517265896,20,9.808427043026313,107,91.8413445035062,4,9,0.4444444444444444
431,8.807150115717377,20,9.808427043026313,362,91.77600112548501,3,10,0.3
144,2.942528112907894,16,7.8467416344210505,78,91.73193451973007,5,32,0.15625
288,5.885056225815788,16,7.8467416344210505,224,91.72628268764375,3,16,0.1875
327,6.681990923061676,20,9.808427043026313,8,91.72076626909421,6,15,0.4
494,10.09450616511458,16,7.8467416344210505,163,91.71137761424313,5,10,0.5
584,11.933586235682014,16,7.8467416344210505,496,91.7105624480464,3,8,0.375
372,7.601530958345393,16,7.8467416344210505,174,91.63847918624018,9,12,0.75
288,5.885056225815788,20,9.808427043026313,221,91.60578372962445,3,16,0.1875
437,8.929755453755206,12,5.885056225815788,353,91.59755586640941,3,10,0.3
440,8.99105812277412,20,9.808427043026313,325,91.52314751043458,5,10,0.5
584,11.933586235682014,20,9.808427043026313,493,91.42744822831261,3,8,0.375
294,6.007661563853617,20,9.808427043026313,191,91.42122877515646,8,16,0.5
287,5.864622002809483,16,7.8467416344210505,229,91.34180343154557,3,16,0.1875
384,7.8467416344210505,16,7.8467416344210505,108,91.32442165354836,7,12,0.5833333333333334
496,10.13537461112719,20,9.808427043026313,156,91.28653560147428,3,10,0.3
520,10.625795963278506,12,5.885056225815788,104,91.27397347971943,4,9,0.4444444444444444
439,8.970623899767816,16,7.8467416344210505,347,91.2457381410439,3,10,0.3
376,7.683267850370612,16,7.8467416344210505,160,91.23354463219215,9,12,0.75
492,10.053637719101971,8,3.9233708172105253,187,91.21371444233024,5,10,0.5
484,9.890163935051532,12,5.885056225815788,212,91.17740316487749,5,10,0.5
615,12.567047148877464,20,9.808427043026313,431,91.17490376086971,4,7,0.5714285714285714
163,3.3307783500276855,20,9.808427043026313,15,91.113244422857,13,29,0.4482758620689655
381,7.785438965402136,16,7.8467416344210505,133,91.1035530361409,8,12,0.6666666666666666
577,11.79054667463788,20,9.808427043026313,488,91.06778674245416,4,8,0.5
544,11.116217315429822,20,9.808427043026313,13,91.00387854648461,5,9,0.5555555555555556
397,8.112386533503013,8,3.9233708172105253,67,90.97869165004985,4,12,0.3333333333333333
518,10.584927517265896,16,7.8467416344210505,110,90.89890541631813,4,9,0.4444444444444444
480,9.808427043026313,16,7.8467416344210505,224,90.88496337419157,5,10,0.5
199,4.066410378254659,16,7.8467416344210505,51,90.86827932921582,11,24,0.4583333333333333
366,7.478925620307564,16,7.8467416344210505,200,90.80608373980061,8,13,0.6153846153846154
614,12.546612925871159,16,7.8467416344210505,436,90.7937034798086,4,7,0.5714285714285714
488,9.971900827076752,8,3.9233708172105253,200,90.73109256419622,6,10,0.6
412,8.418899878597585,12,5.885056225815788,405,90.72298094840858,8,11,0.7272727272727273
259,5.292463758632948,20,9.808427043026313,107,90.71347087453158,7,18,0.3888888888888889
613,12.526178702864854,20,9.808427043026313,435,90.71064118741357,5,7,0.7142857142857143
245,5.006384636544681,16,7.8467416344210505,192,90.68452868208784,11,19,0.5789473684210527
292,5.966793117841007,20,9.808427043026313,201,90.68254049679713,4,16,0.25
614,12.546612925871159,20,9.808427043026313,433,90.67965362592346,5,7,0.7142857142857143
425,8.684544777679548,20,9.808427043026313,386,90.65999948646787,5,10,0.5
612,12.50574447985855,20,9.808427043026313,437,90.64577182623691,5,7,0.7142857142857143
380,7.765004742395831,16,7.8467416344210505,139,90.64356527916159,9,12,0.75
289,5.905490448822093,20,9.808427043026313,215,90.63817543745797,3,16,0.1875
573,11.708809782612661,12,5.885056225815788,516,90.55800834151295,3,8,0.375
674,13.772666306249448,20,9.808427043026313,18,90.52978637642136,4,7,0.5714285714285714
672,13.731797860236838,20,9.808427043026313,21,90.50925727286455,4,7,0.5714285714285714
403,8.234991871540842,12,5.885056225815788,44,90.4988944623457,5,12,0.4166666666666667
497,10.155808834133495,20,9.808427043026313,154,90.46188278282739,4,10,0.4
585,11.95402045868832,12,5.885056225815788,494,90.42423349349052,3,8,0.375
290,5.9259246718283975,20,9.808427043026313,211,90.42238758215858,3,16,0.1875
602,12.301402249795501,20,9.808427043026313,457,90.41877116593504,5,7,0.7142857142857143
243,4.965516190532071,20,9.808427043026313,203,90.40713808359688,7,19,0.3684210526315789
289,5.905490448822093,16,7.8467416344210505,219,90.37124894212785,3,16,0.1875
478,9.767558597013704,16,7.8467416344210505,225,90.36265907614627,7,10,0.7
269,5.496805988695996,20,9.808427043026313,27,90.3564262239764,10,18,0.5555555555555556
568,11.606638667581137,16,7.8467416344210505,528,90.31291372853514,4,8,0.5
472,9.644953258975875,20,9.808427043026313,229,90.28960294822488,4,10,0.4
517,10.564493294259591,16,7.8467416344210505,113,90.28130087311372,4,9,0.4444444444444444
391,7.989781195465184,4,1.9616854086052626,96,90.26772506359907,3,12,0.25
729,14.896548571596213,12,5.885056225815788,205,90.24845050736306,3,7,0.42857142857142855
509,10.401019510209153,20,9.808427043026313,21,90.21227696027472,5,10,0.5
616,12.587481371883769,20,9.808427043026313,429,90.1880818614906,4,7,0.5714285714285714
498,10.1762430571398,20,9.808427043026313,151,90.18284846608508,4,10,0.4
613,12.526178702864854,16,7.8467416344210505,438,90.16503705751373,5,7,0.7142857142857143
296,6.0485300098662265,20,9.808427043026313,164,90.1521254539886,11,16,0.6875
295,6.028095786859922,16,7.8467416344210505,189,90.14770113786483,9,16,0.5625
600,12.260533803782891,20,9.808427043026313,461,90.11975491114424,5,7,0.7142857142857143
731,14.937417017608823,8,3.9233708172105253,202,90.11233658257589,3,7,0.42857142857142855
126,2.574712098794407,20,9.808427043026313,20,90.0857468255308,21,37,0.5675675675675675
612,12.50574447985855,16,7.8467416344210505,440,90.05875069883957,5,7,0.7142857142857143
290,5.9259246718283975,16,7.8467416344210505,214,90.03492481804848,3,16,0.1875
392,8.010215418471489,6,2.942528112907894,95,90.02135893541295,4,12,0.3333333333333333
601,12.280968026789196,20,9.808427043026313,459,90.01010675603125,5,7,0.7142857142857143
441,9.011492345780425,20,9.808427043026313,322,90.00018544932317,6,10,0.6
205,4.189015716292488,16,7.8467416344210505,9,89.95024433072876,14,23,0.6086956521739131
402,8.214557648534537,12,5.885056225815788,50,89.9241376746707,5,12,0.4166666666666667
615,12.567047148877464,16,7.8467416344210505,434,89.91508571516701,4,7,0.5714285714285714
540,11.034480423404602,20,9.808427043026313,21,89.90132482624108,4,9,0.4444444444444444
387,7.908044303439965,12,5.885056225815788,116,89.8907587340793,6,12,0.5
569,11.627072890587442,12,5.885056225815788,526,89.86907593708153,4,8,0.5
603,12.321836472801806,20,9.808427043026313,455,89.8478119556725,5,7,0.7142857142857143
366,7.478925620307564,20,9.808427043026313,197,89.83456325737356,9,13,0.6923076923076923
599,12.240099580776587,20,9.808427043026313,463,89.83313651321062,5,7,0.7142857142857143
203,4.148147270279878,12,5.885056225815788,19,89.81394365418892,14,23,0.6086956521739131
519,10.605361740272201,12,5.885056225815788,107,89.80196973249,4,9,0.4444444444444444
483,9.869729712045228,12,5.885056225815788,215,89.79451483923228,5,10,0.5
297,6.068964232872531,20,9.808427043026313,159,89.76420390132546,12,16,0.75
292,5.966793117841007,16,7.8467416344210505,204,89.74430181598811,5,16,0.3125
291,5.946358894834702,16,7.8467416344210505,209,89.73099950743779,3,16,0.1875
475,9.706255927994789,16,7.8467416344210505,239,89.70987548149304,8,10,0.8
611,12.485310256852244,20,9.808427043026313,439,89.67029847109328,5,7,0.7142857142857143
367,7.499359843313869,12,5.885056225815788,196,89.63279576696883,10,13,0.7692307692307693
591,12.076625796726148,12,5.885056225815788,462,89.61351672004947,4,8,0.5
426,8.704979000685853,20,9.808427043026313,382,89.59563801695532,5,10,0.5
479,9.787992820020008,16,7.8467416344210505,227,89.5803621219093,6,10,0.6
293,5.987227340847312,12,5.885056225815788,199,89.56708461559052,4,16,0.25
194,3.964239263223135,12,5.885056225815788,112,89.53923745609625,9,24,0.375
291,5.946358894834702,20,9.808427043026313,206,89.49214243374543,3,16,0.1875
611,12.485310256852244,16,7.8467416344210505,442,89.4761289339822,5,7,0.7142857142857143
406,8.296294540559757,8,3.9233708172105253,20,89.46199079376721,7,12,0.5833333333333334
583,11.91315201267571,16,7.8467416344210505,498,89.44205748083793,3,8,0.375
493,10.074071942108276,12,5.885056225815788,178,89.39613236064737,6,10,0.6
595,12.158362688751367,20,9.808427043026313,449,89.36714886751778,5,8,0.625
389,7.948912749452575,3,1.471264056453947,105,89.31410027926196,3,12,0.25
489,9.992335050083057,6,2.942528112907894,197,89.28352389282422,5,10,0.5
189,3.862068148191611,16,7.8467416344210505,150,89.27322382696522,15,24,0.625
259,5.292463758632948,16,7.8467416344210505,110,89.24267861958465,7,18,0.3888888888888889
390,7.9693469724588795,3,1.471264056453947,100,89.20176378626633,3,12,0.25
732,14.957851240615128,6,2.942528112907894,200,89.14473459612884,3,7,0.42857142857142855
430,8.786715892711072,16,7.8467416344210505,366,89.10761565102868,3,10,0.3
247,5.04725308255729,20,9.808427043026313,163,89.10207828391925,11,19,0.5789473684210527
598,12.219665357770282,20,9.808427043026313,465,89.09330574452756,5,7,0.7142857142857143
206,4.209449939298793,16,7.8467416344210505,198,89.06389402503667,16,22,0.7272727272727273
145,2.9629623359141988,16,7.8467416344210505,69,89.02836925095986,4,32,0.125
323,6.600254031036457,20,9.808427043026313,27,89.02578261324211,8,15,0.5333333333333333
499,10.196677280146105,20,9.808427043026313,148,89.01531261251228,4,9,0.4444444444444444
201,4.107278824267269,12,5.885056225815788,27,88.99572498675364,13,23,0.5652173913043478
415,8.4802025476165,20,9.808427043026313,391,88.9847581110936,4,11,0.36363636363636365
326,6.661556700055371,16,7.8467416344210505,15,88.98324482395475,7,15,0.4666666666666667
482,9.849295489038923,12,5.885056225815788,218,88.9294425173101,5,10,0.5
617,12.607915594890073,20,9.808427043026313,427,88.90799619445211,4,7,0.5714285714285714
574,11.729244005618966,16,7.8467416344210505,509,88.85374084448672,3,8,0.375
399,8.153254979515623,8,3.9233708172105253,45,88.85316439231788,5,12,0.4166666666666667
604,12.34227069580811,20,9.808427043026313,453,88.83060681402313,5,7,0.7142857142857143
473,9.66538748198218,20,9.808427043026313,224,88.82101073295895,4,10,0.4
162,3.3103441270213807,16,7.8467416344210505,24,88.81747734828525,13,29,0.4482758620689655
438,8.95018967676151,12,5.885056225815788,350,88.79438601578664,4,10,0.4
490,10.012769273089361,6,2.942528112907894,192,88.79163024817318,5,10,0.5
733,14.978285463621432,6,2.942528112907894,197,88.7871044560293,3,7,0.42857142857142855
510,10.421453733215458,20,9.808427043026313,21,88.78435225403032,4,10,0.4
398,8.132820756509318,8,3.9233708172105253,50,88.77727231585429,4,12,0.3333333333333333
571,11.667941336600052,8,3.9233708172105253,522,88.76253283263776,3,8,0.375
495,10.114940388120885,12,5.885056225815788,160,88.71432072204823,5,10,0.5
587,11.994888904700929,12,5.885056225815788,490,88.70029539954957,6,8,0.75
597,12.199231134763977,20,9.808427043026313,467,88.59879175271853,5,7,0.7142857142857143
679,13.874837421280972,20,9.808427043026313,16,88.59459888838954,3,7,0.42857142857142855
518,10.584927517265896,12,5.885056225815788,110,88.58061206531492,4,9,0.4444444444444444
588,12.015323127707234,12,5.885056225815788,488,88.55577302135138,6,8,0.75
596,12.178796911757672,20,9.808427043026313,452,88.54557423988504,5,8,0.625
471,9.62451903596957,20,9.808427043026313,232,88.53987431432685,4,10,0.4
610,12.46487603384594,16,7.8467416344210505,444,88.52600410946579,5,7,0.7142857142857143
627,12.812257824953122,20,9.808427043026313,407,88.51635593045519,5,7,0.7142857142857143
610,12.46487603384594,20,9.808427043026313,441,88.51486729929866,5,7,0.7142857142857143
287,5.864622002809483,12,5.885056225815788,229,88.49095778764824,3,16,0.1875
288,5.885056225815788,12,5.885056225815788,224,88.48714845774062,3,16,0.1875
616,12.587481371883769,16,7.8467416344210505,432,88.46501288348365,4,7,0.5714285714285714
583,11.91315201267571,20,9.808427043026313,479,88.44632037090366,3,8,0.375
396,8.091952310496708,6,2.942528112907894,78,88.43478159259091,5,12,0.4166666666666667
730,14.916982794602518,8,3.9233708172105253,204,88.42076799943158,3,7,0.42857142857142855
477,9.747124374007399,12,5.885056225815788,233,88.40680765655786,7,10,0.7
474,9.685821704988484,20,9.808427043026313,238,88.4015678514065,7,10,0.7
675,13.793100529255753,20,9.808427043026313,21,88.35459327086767,4,7,0.5714285714285714
590,12.056191573719843,12,5.885056225815788,484,88.32580601443911,6,8,0.75
586,11.974454681694624,8,3.9233708172105253,492,88.31864492044275,3,8,0.375
671,13.711363637230534,20,9.808427043026313,21,88.29765113646413,5,7,0.7142857142857143
329,6.7228593690742855,20,9.808427043026313,323,88.27927726809838,8,14,0.5714285714285714
294,6.007661563853617,16,7.8467416344210505,194,88.27254530618781,9,16,0.5625
386,7.88761008043366,12,5.885056225815788,101,88.2639360497055,6,12,0.5
494,10.09450616511458,12,5.885056225815788,163,88.23649674247356,5,10,0.5
388,7.92847852644627,3,1.471264056453947,110,88.22857791353297,3,12,0.25
589,12.035757350713538,12,5.885056225815788,486,88.18378892288369,6,8,0.75
584,11.933586235682014,12,5.885056225815788,496,88.1645452141313,3,8,0.375
626,12.791823601946817,16,7.8467416344210505,412,88.16097730148137,5,7,0.7142857142857143
568,11.606638667581137,20,9.808427043026313,525,88.15994615232898,4,8,0.5
582,11.892717789669405,20,9.808427043026313,481,88.14663420914336,3,8,0.375
427,8.725413223692158,20,9.808427043026313,378,88.14003273003304,5,10,0.5
439,8.970623899767816,12,5.885056225815788,347,88.13923132718251,3,10,0.3
318,6.4980829160049325,20,9.808427043026313,71,88.0945401411954,9,15,0.6
734,14.998719686627737,8,3.9233708172105253,192,88.08287400982684,3,7,0.42857142857142855
626,12.791823601946817,20,9.808427043026313,409,88.08142501344285,5,7,0.7142857142857143
601,12.280968026789196,16,7.8467416344210505,461,88.04544600986551,5,7,0.7142857142857143
328,6.702425146067981,20,9.808427043026313,326,88.03162982250937,6,14,0.42857142857142855
148,3.0242650049331132,20,9.808427043026313,14,88.02729856261276,21,32,0.65625
618,12.628349817896378,20,9.808427043026313,425,88.02667545211035,4,7,0.5714285714285714
491,10.033203496095666,6,2.942528112907894,191,87.9917716727191,5,10,0.5
260,5.312897981639253,12,5.885056225815788,104,87.99012039472419,7,18,0.3888888888888889
436,8.909321230748901,16,7.8467416344210505,351,87.97749013573117,3,10,0.3
476,9.726690151001094,12,5.885056225815788,234,87.9651735423845,7,10,0.7
474,9.685821704988484,16,7.8467416344210505,242,87.94785631431652,8,10,0.8
193,3.94380504021683,16,7.8467416344210505,101,87.93807124832342,11,24,0.4583333333333333
146,2.9833965589205036,20,9.808427043026313,55,87.92089195576166,7,32,0.21875
431,8.807150115717377,16,7.8467416344210505,362,87.88192260197566,3,10,0.3
413,8.43933410160389,12,5.885056225815788,397,87.87115226502466,6,11,0.5454545454545454
600,12.260533803782891,16,7.8467416344210505,464,87.86914002505969,5,7,0.7142857142857143
625,12.771389378940512,16,7.8467416344210505,414,87.85395832947418,5,7,0.7142857142857143
434,8.868452784736292,16,7.8467416344210505,343,87.84738709899888,5,10,0.5
628,12.832692047959426,20,9.808427043026313,405,87.81791667077684,5,7,0.7142857142857143
435,8.888887007742596,16,7.8467416344210505,340,87.81531600913081,5,10,0.5
609,12.444441810839635,20,9.808427043026313,443,87.80429703304976,5,7,0.7142857142857143
414,8.459768324610195,16,7.8467416344210505,397,87.78976910567887,6,11,0.5454545454545454
680,13.895271644287277,20,9.808427043026313,11,87.75503727701123,3,7,0.42857142857142855
442,9.03192656878673,20,9.808427043026313,318,87.72204993166115,6,10,0.6
581,11.8722835666631,20,9.808427043026313,483,87.70018413575062,3,8,0.375
289,5.905490448822093,12,5.885056225815788,219,87.68754018487144,3,16,0.1875
572,11.688375559606357,8,3.9233708172105253,520,87.68299307596551,3,8,0.375
374,7.642399404358002,12,5.885056225815788,167,87.66677248179306,8,12,0.6666666666666666
500,10.21711150315241,20,9.808427043026313,143,87.66246237280956,4,9,0.4444444444444444
570,11.647507113593747,8,3.9233708172105253,524,87.66049357414683,3,8,0.375
599,12.240099580776587,16,7.8467416344210505,466,87.64535559921741,5,7,0.7142857142857143
432,8.827584338723682,16,7.8467416344210505,349,87.5911983547926,5,10,0.5
243,4.965516190532071,16,7.8467416344210505,206,87.5841726343924,11,19,0.5789473684210527
290,5.9259246718283975,12,5.885056225815788,214,87.58145005154724,3,16,0.1875
593,12.117494242738758,12,5.885056225815788,459,87.57546451124371,5,8,0.625
369,7.540228289326478,8,3.9233708172105253,187,87.56437147844139,9,13,0.6923076923076923
481,9.828861266032618,12,5.885056225815788,221,87.5370572861632,5,10,0.5
382,7.805873188408441,16,7.8467416344210505,127,87.52958115605662,7,12,0.5833333333333334
270,5.517240211702301,16,7.8467416344210505,21,87.48397453182095,9,18,0.5
594,12.137928465745063,12,5.885056225815788,457,87.46933807230947,6,8,0.75
508,10.380585287202848,20,9.808427043026313,21,87.46218562033359,7,10,0.7
617,12.607915594890073,16,7.8467416344210505,430,87.45663621875006,4,7,0.5714285714285714
395,8.071518087490404,4,1.9616854086052626,84,87.44406958286817,4,12,0.3333333333333333
575,11.749678228625271,16,7.8467416344210505,495,87.44118976347261,4,8,0.5
371,7.581096735339088,12,5.885056225815788,180,87.43591507929035,9,13,0.6923076923076923
404,8.255426094547147,8,3.9233708172105253,27,87.3896862461509,8,12,0.6666666666666666
286,5.844187779803178,8,3.9233708172105253,234,87.35670681668557,4,16,0.25
608,12.42400758783333,20,9.808427043026313,445,87.32296514825993,5,7,0.7142857142857143
678,13.854403198274667,20,9.808427043026313,22,87.2608702823241,3,7,0.42857142857142855
492,10.053637719101971,6,2.942528112907894,187,87.23912234568108,5,10,0.5
609,12.444441810839635,16,7.8467416344210505,446,87.23734254036322,5,7,0.7142857142857143
622,12.710086709921598,20,9.808427043026313,401,87.23554740857143,4,7,0.5714285714285714
539,11.014046200398298,20,9.808427043026313,24,87.22089762778141,5,9,0.5555555555555556
200,4.086844601260964,12,5.885056225815788,38,87.2134319506023,11,23,0.4782608695652174
470,9.604084812963265,20,9.808427043026313,235,87.19985286378505,4,10,0.4
313,6.395911800973408,20,9.808427043026313,96,87.17271083674146,9,15,0.6
677,13.833968975268363,20,9.808427043026313,21,87.10563575560006,4,7,0.5714285714285714
618,12.628349817896378,16,7.8467416344210505,428,87.09469278124568,4,7,0.5714285714285714
729,14.896548571596213,8,3.9233708172105253,206,87.08645378502196,3,7,0.42857142857142855
391,7.989781195465184,3,1.471264056453947,96,87.08437790264762,3,12,0.25
623,12.730520932927902,20,9.808427043026313,399,87.07264163178358,4,7,0.5714285714285714
429,8.766281669704767,20,9.808427043026313,358,87.07070046526945,6,10,0.6
433,8.848018561729987,16,7.8467416344210505,346,87.06336701343879,5,10,0.5
676,13.813534752262058,20,9.808427043026313,21,87.0288866379602,4,7,0.5714285714285714
122,2.492975206769188,16,7.8467416344210505,78,87.02700701270821,21,38,0.5526315789473685
627,12.812257824953122,16,7.8467416344210505,410,87.00458079541137,5,7,0.7142857142857143
449,9.174966129830864,20,9.808427043026313,314,86.99459940568461,5,10,0.5
291,5.946358894834702,12,5.885056225815788,209,86.99270416235635,3,16,0.1875
379,7.7445705193895265,12,5.885056225815788,145,86.97887018147863,10,12,0.8333333333333334
578,11.810980897644185,20,9.808427043026313,481,86.96235452438904,4,8,0.5
619,12.648784040902683,20,9.808427043026313,423,86.93822371719124,4,7,0.5714285714285714
580,11.851849343656795,20,9.808427043026313,485,86.89287339496306,3,8,0.375
144,2.942528112907894,12,5.885056225815788,78,86.88673980860534,5,32,0.15625
576,11.770112451631576,16,7.8467416344210505,493,86.8803448337641,4,8,0.5
511,10.441887956221763,20,9.808427043026313,14,86.87148634853817,4,10,0.4
602,12.301402249795501,16,7.8467416344210505,457,86.86712729392937,5,7,0.7142857142857143
621,12.689652486915293,20,9.808427043026313,403,86.84104791760569,4,7,0.5714285714285714
370,7.560662512332783,12,5.885056225815788,184,86.83249055797926,9,13,0.6923076923076923
286,5.844187779803178,20,9.808427043026313,231,86.82656846162388,6,16,0.375
426,8.704979000685853,16,7.8467416344210505,386,86.81791486366485,4,10,0.4
368,7.519794066320173,8,3.9233708172105253,192,86.80860874029827,10,13,0.7692307692307693
670,13.690929414224229,20,9.808427043026313,25,86.80585042104443,4,7,0.5714285714285714
447,9.134097683818254,16,7.8467416344210505,323,86.80335977841307,4,10,0.4
440,8.99105812277412,16,7.8467416344210505,344,86.7891161736506,4,10,0.4
567,11.586204444574832,20,9.808427043026313,527,86.77470536745533,4,8,0.5
143,2.922093889901589,8,3.9233708172105253,91,86.77380500297197,6,32,0.1875
568,11.606638667581137,12,5.885056225815788,528,86.76071879429594,4,8,0.5
598,12.219665357770282,16,7.8467416344210505,468,86.73924079608122,5,7,0.7142857142857143
146,2.9833965589205036,16,7.8467416344210505,58,86.72269905605917,8,32,0.25
244,4.985950413538376,12,5.885056225815788,200,86.71909894170038,11,19,0.5789473684210527
448,9.154531906824559,20,9.808427043026313,317,86.69280603093563,5,10,0.5
592,12.097060019732453,12,5.885056225815788,461,86.68087323387276,5,8,0.625
313,6.395911800973408,16,7.8467416344210505,99,86.61339224939015,9,15,0.6
619,12.648784040902683,16,7.8467416344210505,426,86.58553091563147,4,7,0.5714285714285714
480,9.808427043026313,12,5.885056225815788,224,86.5722175041452,6,10,0.6
625,12.771389378940512,20,9.808427043026313,411,86.56385757841971,5,7,0.7142857142857143
629,12.853126270965731,20,9.808427043026313,403,86.55544291650597,5,7,0.7142857142857143
202,4.1277130472735735,12,5.885056225815788,24,86.55209282896801,14,23,0.6086956521739131
503,10.278414172171324,20,9.808427043026313,22,86.54247093126979,5,10,0.5
521,10.64623018628481,16,7.8467416344210505,101,86.54148009120257,4,9,0.4444444444444444
445,9.093229237805645,20,9.808427043026313,326,86.54108697204916,4,10,0.4
541,11.054914646410907,16,7.8467416344210505,21,86.53155537933227,4,9,0.4444444444444444
597,12.199231134763977,16,7.8467416344210505,470,86.5268013279355,5,7,0.7142857142857143
624,12.750955155934207,16,7.8467416344210505,416,86.51326563052334,5,7,0.7142857142857143
496,10.13537461112719,16,7.8467416344210505,151,86.51236971049363,5,10,0.5
122,2.492975206769188,20,9.808427043026313,75,86.47851695818642,19,38,0.5
620,12.669218263908988,20,9.808427043026313,421,86.45216006552549,4,7,0.5714285714285714
504,10.298848395177629,20,9.808427043026313,21,86.45185353679605,5,10,0.5
123,2.5134094297754928,12,5.885056225815788,64,86.44761936956205,21,38,0.5526315789473685
488,9.971900827076752,6,2.942528112907894,200,86.40387649146912,6,10,0.6
425,8.684544777679548,16,7.8467416344210505,389,86.40381165145384,5,10,0.5
375,7.662833627364307,12,5.885056225815788,164,86.3736911966168,9,12,0.75
487,9.951466604070447,8,3.9233708172105253,200,86.36154881610595,4,10,0.4
595,12.158362688751367,16,7.8467416344210505,450,86.35727806087765,6,8,0.75
397,8.112386533503013,6,2.942528112907894,67,86.35348165071308,4,12,0.3333333333333333
249,5.0881215285699,20,9.808427043026313,151,86.34333744738692,8,19,0.42105263157894735
485,9.910598158057837,8,3.9233708172105253,208,86.33206671413775,5,10,0.5
445,9.093229237805645,16,7.8467416344210505,329,86.3066638423101,5,10,0.5
204,4.168581493286183,12,5.885056225815788,13,86.27299267671518,14,23,0.6086956521739131
567,11.586204444574832,16,7.8467416344210505,530,86.27158221114185,4,8,0.5
383,7.826307411414746,16,7.8467416344210505,121,86.25200032833004,6,12,0.5
428,8.745847446698463,20,9.808427043026313,374,86.23984175896904,4,10,0.4
450,9.195400352837169,20,9.808427043026313,310,86.23648765432407,6,10,0.6
469,9.58365058995696,20,9.808427043026313,238,86.20339654015969,4,10,0.4
579,11.83141512065049,20,9.808427043026313,487,86.18988448420767,3,8,0.375
366,7.478925620307564,12,5.885056225815788,200,86.15942977064002,9,13,0.6923076923076923
608,12.42400758783333,16,7.8467416344210505,448,86.14864389387786,5,7,0.7142857142857143
624,12.750955155934207,20,9.808427043026313,397,86.14765229324607,4,7,0.5714285714285714
583,11.91315201267571,12,5.885056225815788,498,86.14180079843837,3,8,0.375
190,3.8825023711979156,12,5.885056225815788,139,86.13523167814293,16,24,0.6666666666666666
585,11.95402045868832,8,3.9233708172105253,494,86.12616770550176,3,8,0.375
449,9.174966129830864,16,7.8467416344210505,317,86.10001840060264,7,10,0.7
620,12.669218263908988,16,7.8467416344210505,424,86.09686496008968,4,7,0.5714285714285714
324,6.620688254042761,12,5.885056225815788,24,86.07271785458039,6,15,0.4
446,9.11366346081195,20,9.808427043026313,323,86.0534093123773,4,10,0.4
612,12.50574447985855,12,5.885056225815788,440,86.03605477112994,5,7,0.7142857142857143
607,12.403573364827025,20,9.808427043026313,447,86.03484328248409,6,7,0.8571428571428571
297,6.068964232872531,16,7.8467416344210505,160,86.03122349259294,12,16,0.75
596,12.178796911757672,16,7.8467416344210505,472,86.01483634446507,5,7,0.7142857142857143
731,14.937417017608823,6,2.942528112907894,202,86.00553349887292,3,7,0.42857142857142855
443,9.052360791793035,20,9.808427043026313,314,85.99224338524012,6,10,0.6
545,11.136651538436126,20,9.808427043026313,10,85.97004293118479,6,9,0.6666666666666666
605,12.362704918814416,20,9.808427043026313,449,85.96758650580885,5,7,0.7142857142857143
400,8.173689202521928,8,3.9233708172105253,38,85.93801618311288,5,12,0.4166666666666667
681,13.915705867293582,20,9.808427043026313,9,85.89684735909427,3,7,0.42857142857142855
192,3.9233708172105253,12,5.885056225815788,109,85.89681509636053,12,24,0.5
385,7.867175857427355,12,5.885056225815788,104,85.87727496113295,7,12,0.5833333333333334
446,9.11366346081195,16,7.8467416344210505,326,85.87089684968603,4,10,0.4
437,8.929755453755206,8,3.9233708172105253,353,85.8640475955407,4,10,0.4
378,7.724136296383222,12,5.885056225815788,151,85.85981278721428,10,12,0.8333333333333334
405,8.275860317553452,6,2.942528112907894,23,85.85148413608529,7,12,0.5833333333333334
145,2.9629623359141988,12,5.885056225815788,69,85.78554738097218,4,32,0.125
191,3.9029365942042205,12,5.885056225815788,127,85.7692756647903,12,24,0.5
484,9.890163935051532,8,3.9233708172105253,212,85.74990429007482,5,10,0.5
394,8.051083864484099,4,1.9616854086052626,88,85.73869273312643,4,12,0.3333333333333333
450,9.195400352837169,16,7.8467416344210505,314,85.72740769480015,7,10,0.7
542,11.075348869417212,16,7.8467416344210505,19,85.71622422750112,4,9,0.4444444444444444
523,10.68709863229742,20,9.808427043026313,92,85.6815468694988,5,9,0.5555555555555556
486,9.931032381064142,8,3.9233708172105253,206,85.66448614406421,7,10,0.7
614,12.546612925871159,12,5.885056225815788,436,85.66079098759317,4,7,0.5714285714285714
606,12.38313914182072,20,9.808427043026313,449,85.64747461285772,6,7,0.8571428571428571
441,9.011492345780425,16,7.8467416344210505,341,85.63092101544015,5,10,0.5
451,9.215834575843473,20,9.808427043026313,308,85.6255670907366,7,10,0.7
582,11.892717789669405,16,7.8467416344210505,495,85.61010891933695,3,8,0.375
377,7.703702073376917,12,5.885056225815788,156,85.5507969885319,9,12,0.75
447,9.134097683818254,20,9.808427043026313,320,85.54843228502642,5,10,0.5
372,7.601530958345393,12,5.885056225815788,169,85.5311391370439,8,13,0.6153846153846154
358,7.315451836257125,16,7.8467416344210505,231,85.52666789055438,8,13,0.6153846153846154
479,9.787992820020008,12,5.885056225815788,227,85.5153995423835,6,10,0.6
260,5.312897981639253,20,9.808427043026313,101,85.49285525657226,8,18,0.4444444444444444
607,12.403573364827025,16,7.8467416344210505,450,85.45577209086818,5,7,0.7142857142857143
524,10.707532855303725,20,9.808427043026313,89,85.42101336542534,5,9,0.5555555555555556
384,7.8467416344210505,12,5.885056225815788,109,85.41852925998933,7,12,0.5833333333333334
314,6.416346023979713,20,9.808427043026313,91,85.40162223311427,9,15,0.6
380,7.765004742395831,12,5.885056225815788,139,85.37917405042926,10,12,0.8333333333333334
613,12.526178702864854,12,5.885056225815788,438,85.37321817702707,5,7,0.7142857142857143
424,8.664110554673243,16,7.8467416344210505,392,85.31988725150151,5,11,0.45454545454545453
628,12.832692047959426,16,7.8467416344210505,408,85.31218010208777,5,7,0.7142857142857143
458,9.358874136887607,16,7.8467416344210505,290,85.26483054271517,6,10,0.6
715,14.610469449507946,16,7.8467416344210505,233,85.23472505439467,3,7,0.42857142857142855
409,8.357597209578671,8,3.9233708172105253,6,85.23007644004596,6,12,0.5
271,5.537674434708606,20,9.808427043026313,19,85.21528153120317,8,18,0.4444444444444444
517,10.564493294259591,12,5.885056225815788,113,85.19178656173213,4,9,0.4444444444444444
459,9.379308359893912,16,7.8467416344210505,287,85.18671426900683,6,10,0.6
444,9.07279501479934,20,9.808427043026313,310,85.17150801924942,6,10,0.6
292,5.966793117841007,12,5.885056225815788,204,85.16803851633401,5,16,0.3125
630,12.873560493972036,20,9.808427043026313,385,85.15612071823735,3,7,0.42857142857142855
621,12.689652486915293,16,7.8467416344210505,422,85.13568013275855,4,7,0.5714285714285714
716,14.63090367251425,20,9.808427043026313,229,85.13169409234493,3,7,0.42857142857142855
571,11.667941336600052,6,2.942528112907894,522,85.13138831295363,3,8,0.375
622,12.710086709921598,16,7.8467416344210505,420,85.13074522967236,4,7,0.5714285714285714
611,12.485310256852244,12,5.885056225815788,442,85.11940611840119,5,7,0.7142857142857143
373,7.6219651813516975,12,5.885056225815788,168,85.11491964800675,8,12,0.6666666666666666
407,8.316728763566061,8,3.9233708172105253,15,85.04101965408312,7,12,0.5833333333333334
522,10.666664409291116,20,9.808427043026313,95,85.01980437134063,5,9,0.5555555555555556
540,11.034480423404602,16,7.8467416344210505,21,84.96886809161607,4,9,0.4444444444444444
259,5.292463758632948,12,5.885056225815788,110,84.96052903787509,7,18,0.3888888888888889
452,9.236268798849778,20,9.808427043026313,305,84.95949220588514,7,10,0.7
427,8.725413223692158,16,7.8467416344210505,383,84.95282894777122,3,10,0.3
393,8.030649641477794,4,1.9616854086052626,92,84.93482715403869,3,12,0.25
505,10.319282618183934,20,9.808427043026313,21,84.88995516650651,6,10,0.6
198,4.045976155248354,12,5.885056225815788,79,84.87614920126882,12,24,0.5
453,9.256703021856083,20,9.808427043026313,302,84.85568206225665,6,10,0.6
523,10.68709863229742,16,7.8467416344210505,95,84.85363178989238,5,9,0.5555555555555556
478,9.767558597013704,12,5.885056225815788,230,84.8401295903417,6,10,0.6
246,5.0268188595509855,12,5.885056225815788,187,84.7962545185311,11,19,0.5789473684210527
436,8.909321230748901,12,5.885056225815788,351,84.79392202644095,3,10,0.3
436,8.909321230748901,8,3.9233708172105253,354,84.77734380250821,3,10,0.3
365,7.458491397301259,16,7.8467416344210505,204,84.77654941176175,8,13,0.6153846153846154
615,12.567047148877464,12,5.885056225815788,434,84.76917855143883,4,7,0.5714285714285714
415,8.4802025476165,16,7.8467416344210505,394,84.76244322143428,5,11,0.45454545454545453
522,10.666664409291116,16,7.8467416344210505,98,84.74118310273926,5,9,0.5555555555555556
498,10.1762430571398,16,7.8467416344210505,151,84.73976889489342,4,10,0.4
631,12.89399471697834,20,9.808427043026313,383,84.72071019710712,3,7,0.42857142857142855
586,11.974454681694624,6,2.942528112907894,492,84.67944081646915,3,8,0.375
293,5.987227340847312,8,3.9233708172105253,199,84.67760995883506,4,16,0.25
734,14.998719686627737,6,2.942528112907894,192,84.67419119912759,3,7,0.42857142857142855
577,11.79054667463788,16,7.8467416344210505,488,84.67275829054252,4,8,0.5
497,10.155808834133495,16,7.8467416344210505,154,84.67259079913282,4,10,0.4
507,10.360151064196543,20,9.808427043026313,21,84.66222338890702,7,10,0.7
296,6.0485300098662265,16,7.8467416344210505,164,84.64831865512208,11,16,0.6875
520,10.625795963278506,8,3.9233708172105253,104,84.62508645991595,4,9,0.4444444444444444
267,5.455937542683387,16,7.8467416344210505,62,84.61339251711811,10,18,0.5555555555555556
669,13.670495191217924,20,9.808427043026313,27,84.60078801640093,4,7,0.5714285714285714
472,9.644953258975875,16,7.8467416344210505,229,84.58814548573355,4,10,0.4
474,9.685821704988484,12,5.885056225815788,242,84.57331669084769,8,10,0.8
317,6.477648692998628,20,9.808427043026313,76,84.56597449612133,10,15,0.6666666666666666
475,9.706255927994789,12,5.885056225815788,239,84.54330003401411,8,10,0.8
411,8.39846565559128,8,3.9233708172105253,407,84.52282311569714,7,11,0.6363636363636364
566,11.565770221568528,16,7.8467416344210505,532,84.5079039315812,4,8,0.5
603,12.321836472801806,16,7.8467416344210505,458,84.48988843181924,6,7,0.8571428571428571
448,9.154531906824559,16,7.8467416344210505,320,84.46652900423277,6,10,0.6
730,14.916982794602518,6,2.942528112907894,204,84.45783714410356,3,7,0.42857142857142855
327,6.681990923061676,16,7.8467416344210505,8,84.4398755254588,6,15,0.4
525,10.72796707831003,20,9.808427043026313,86,84.39658464894482,5,9,0.5555555555555556
499,10.196677280146105,16,7.8467416344210505,147,84.38605080927651,4,9,0.4444444444444444
428,8.745847446698463,16,7.8467416344210505,380,84.35196169044282,3,10,0.3
573,11.708809782612661,8,3.9233708172105253,516,84.34206083593318,3,8,0.375
289,5.905490448822093,8,3.9233708172105253,219,84.3403651299582,3,16,0.1875
606,12.38313914182072,16,7.8467416344210505,452,84.33870100548864,6,7,0.8571428571428571
524,10.707532855303725,16,7.8467416344210505,92,84.33119428285417,5,9,0.5555555555555556
196,4.0051077092357446,8,3.9233708172105253,95,84.29973949501012,13,24,0.5416666666666666
247,5.04725308255729,16,7.8467416344210505,163,84.23486483591567,11,19,0.5789473684210527
623,12.730520932927902,16,7.8467416344210505,418,84.22256350591985,5,7,0.7142857142857143
572,11.688375559606357,6,2.942528112907894,520,84.22175969649393,3,8,0.375
655,13.384416069129657,20,9.808427043026313,332,84.19934654248382,3,7,0.42857142857142855
574,11.729244005618966,12,5.885056225815788,509,84.19559438197219,3,8,0.375
267,5.455937542683387,20,9.808427043026313,59,84.19034020090193,8,18,0.4444444444444444
430,8.786715892711072,12,5.885056225815788,366,84.17184186116869,3,10,0.3
286,5.844187779803178,6,2.942528112907894,234,84.14664985702188,4,16,0.25
124,2.5338436527817976,16,7.8467416344210505,52,84.13230609191193,23,37,0.6216216216216216
272,5.558108657714911,20,9.808427043026313,13,84.12614821465615,8,17,0.47058823529411764
715,14.610469449507946,20,9.808427043026313,231,84.12142845116647,3,7,0.42857142857142855
716,14.63090367251425,16,7.8467416344210505,230,84.11331648879829,3,7,0.42857142857142855
538,10.993611977391993,20,9.808427043026313,27,84.08705300934439,5,9,0.5555555555555556
285,5.8237535567968735,20,9.808427043026313,236,84.07422724122515,7,16,0.4375
416,8.500636770622805,20,9.808427043026313,388,84.05717952608087,5,11,0.45454545454545453
399,8.153254979515623,6,2.942528112907894,47,84.04656783525088,4,12,0.3333333333333333
295,6.028095786859922,12,5.885056225815788,189,84.04329570701132,9,16,0.5625
473,9.66538748198218,16,7.8467416344210505,224,84.03912601423283,4,10,0.4
454,9.277137244862388,20,9.808427043026313,299,83.98725173289283,6,10,0.6
408,8.337162986572366,8,3.9233708172105253,27,83.9862912114286,9,12,0.75
184,3.7598970331600867,16,7.8467416344210505,8,83.96910414651637,15,26,0.5769230769230769
496,10.13537461112719,12,5.885056225815788,151,83.96818468380367,5,10,0.5
381,7.785438965402136,12,5.885056225815788,132,83.93564208226152,8,12,0.6666666666666666
410,8.378031432584976,8,3.9233708172105253,2,83.91361084296693,7,12,0.5833333333333334
457,9.338439913881302,16,7.8467416344210505,293,83.90068529324557,6,10,0.6
398,8.132820756509318,6,2.942528112907894,50,83.88948032409128,4,12,0.3333333333333333
570,11.647507113593747,6,2.942528112907894,524,83.88259728509057,3,8,0.375
483,9.869729712045228,8,3.9233708172105253,215,83.87935311269416,5,10,0.5
610,12.46487603384594,12,5.885056225815788,444,83.86843951452258,5,7,0.7142857142857143
521,10.64623018628481,20,9.808427043026313,98,83.84280120104873,5,9,0.5555555555555556
250,5.108555751576205,20,9.808427043026313,143,83.82748335125082,7,18,0.3888888888888889
525,10.72796707831003,16,7.8467416344210505,89,83.82466923363455,6,9,0.6666666666666666
495,10.114940388120885,8,3.9233708172105253,158,83.78276182993244,5,10,0.5
207,4.229884162305098,20,9.808427043026313,189,83.78227428880098,10,22,0.45454545454545453
320,6.538951362017542,20,9.808427043026313,45,83.7577749261379,8,15,0.5333333333333333
584,11.933586235682014,8,3.9233708172105253,496,83.7573163032661,3,8,0.375
337,6.886333153124724,20,9.808427043026313,20,83.75251648303203,7,14,0.5
629,12.853126270965731,16,7.8467416344210505,406,83.74900849475064,5,7,0.7142857142857143
515,10.523624848246982,20,9.808427043026313,494,83.69649318712231,3,9,0.3333333333333333
519,10.605361740272201,8,3.9233708172105253,107,83.6758533638316,4,9,0.4444444444444444
543,11.095783092423517,16,7.8467416344210505,16,83.66532957082754,5,9,0.5555555555555556
605,12.362704918814416,16,7.8467416344210505,454,83.65603844909565,6,7,0.8571428571428571
601,12.280968026789196,12,5.885056225815788,461,83.64525407171523,5,7,0.7142857142857143
195,3.9846734862294397,8,3.9233708172105253,103,83.62103790257005,10,24,0.4166666666666667
439,8.970623899767816,8,3.9233708172105253,347,83.61299070315377,3,10,0.3
732,14.957851240615128,4,1.9616854086052626,200,83.60719990385357,3,7,0.42857142857142855
288,5.885056225815788,8,3.9233708172105253,224,83.59986133100506,3,16,0.1875
616,12.587481371883769,12,5.885056225815788,432,83.5827000427461,4,7,0.5714285714285714
569,11.627072890587442,8,3.9233708172105253,526,83.56725612298729,4,8,0.5
317,6.477648692998628,16,7.8467416344210505,78,83.53167286248585,10,15,0.6666666666666666
294,6.007661563853617,12,5.885056225815788,194,83.52535557066406,9,16,0.5625
440,8.99105812277412,12,5.885056225815788,344,83.52272869014882,4,10,0.4
520,10.625795963278506,20,9.808427043026313,101,83.51276442719835,5,9,0.5555555555555556
729,14.896548571596213,6,2.942528112907894,206,83.4812729734792,3,7,0.42857142857142855
460,9.399742582900217,16,7.8467416344210505,284,83.47620816967873,6,10,0.6
591,12.076625796726148,8,3.9233708172105253,462,83.47072189430288,4,8,0.5
458,9.358874136887607,20,9.808427043026313,287,83.43361211987063,6,10,0.6
632,12.914428939984646,20,9.808427043026313,381,83.41624501286587,3,7,0.42857142857142855
245,5.006384636544681,12,5.885056225815788,192,83.40269048000013,11,19,0.5789473684210527
290,5.9259246718283975,8,3.9233708172105253,214,83.39101619882689,3,16,0.1875
518,10.584927517265896,8,3.9233708172105253,110,83.3904042701995,4,9,0.4444444444444444
494,10.09450616511458,8,3.9233708172105253,163,83.38040522348871,5,10,0.5
329,6.7228593690742855,16,7.8467416344210505,323,83.36887412231737,8,14,0.5714285714285714
376,7.683267850370612,12,5.885056225815788,160,83.34997308847423,9,12,0.75
489,9.992335050083057,4,1.9616854086052626,197,83.34484236666906,5,10,0.5
526,10.748401301316335,20,9.808427043026313,83,83.32061485010414,6,9,0.6666666666666666
455,9.297571467868693,16,7.8467416344210505,299,83.30849588946515,7,10,0.7
325,6.641122477049066,12,5.885056225815788,20,83.29307470930327,6,15,0.4
248,5.067687305563595,20,9.808427043026313,158,83.26786926174987,10,19,0.5263157894736842
487,9.951466604070447,6,2.942528112907894,200,83.26298377727815,4,10,0.4
126,2.574712098794407,16,7.8467416344210505,21,83.24377460104186,22,37,0.5945945945945946
501,10.237545726158714,20,9.808427043026313,158,83.20107183302231,6,9,0.6666666666666666
406,8.296294540559757,6,2.942528112907894,21,83.18463776613818,7,12,0.5833333333333334
521,10.64623018628481,12,5.885056225815788,101,83.1585789054677,4,9,0.4444444444444444
625,12.771389378940512,12,5.885056225815788,414,83.1261847857103,5,7,0.7142857142857143
451,9.215834575843473,16,7.8467416344210505,310,83.05128518388605,7,10,0.7
733,14.978285463621432,4,1.9616854086052626,197,83.05048824789743,3,7,0.42857142857142855
490,10.012769273089361,4,1.9616854086052626,192,83.04098136422002,5,10,0.5
466,9.522347920938046,20,9.808427043026313,246,83.03962362561508,4,10,0.4
714,14.59003522650164,16,7.8467416344210505,234,83.03613018651662,3,7,0.42857142857142855
287,5.864622002809483,8,3.9233708172105253,229,83.03226141155461,3,16,0.1875
500,10.21711150315241,16,7.8467416344210505,143,83.01779143348422,4,9,0.4444444444444444
585,11.95402045868832,6,2.942528112907894,494,83.00724454950867,3,8,0.375
600,12.260533803782891,12,5.885056225815788,464,83.0047262980528,5,7,0.7142857142857143
604,12.34227069580811,16,7.8467416344210505,456,82.99668817273984,6,7,0.8571428571428571
412,8.418899878597585,8,3.9233708172105253,402,82.96667750720495,7,11,0.6363636363636364
438,8.95018967676151,8,3.9233708172105253,350,82.9536132828003,4,10,0.4
656,13.404850292135961,20,9.808427043026313,329,82.91650500076094,3,7,0.42857142857142855
426,8.704979000685853,12,5.885056225815788,386,82.91514585110788,4,10,0.4
403,8.234991871540842,8,3.9233708172105253,44,82.9057367318457,5,12,0.4166666666666667
609,12.444441810839635,12,5.885056225815788,446,82.85490479438378,5,7,0.7142857142857143
401,8.194123425528232,8,3.9233708172105253,58,82.85272157224139,6,12,0.5
197,4.025541932242049,8,3.9233708172105253,83,82.82520475244587,13,24,0.5416666666666666
526,10.748401301316335,16,7.8467416344210505,86,82.8165805236281,6,9,0.6666666666666666
514,10.503190625240677,20,9.808427043026313,500,82.8133225732108,3,9,0.3333333333333333
567,11.586204444574832,12,5.885056225815788,530,82.79052480501342,4,8,0.5
626,12.791823601946817,12,5.885056225815788,412,82.7889322991847,5,7,0.7142857142857143
183,3.739462810153782,20,9.808427043026313,14,82.76519958857878,16,26,0.6153846153846154
568,11.606638667581137,8,3.9233708172105253,528,82.75299121079244,4,8,0.5
160,3.269475681008771,20,9.808427043026313,45,82.71987838870287,14,29,0.4827586206896552
456,9.318005690874998,20,9.808427043026313,293,82.70978990621846,7,10,0.7
617,12.607915594890073,12,5.885056225815788,430,82.66825136172993,4,7,0.5714285714285714
431,8.807150115717377,12,5.885056225815788,362,82.66678434365292,3,10,0.3
328,6.702425146067981,16,7.8467416344210505,326,82.66576556617356,6,14,0.42857142857142855
291,5.946358894834702,8,3.9233708172105253,209,82.65664235518186,3,16,0.1875
392,8.010215418471489,4,1.9616854086052626,96,82.63976055323944,4,12,0.3333333333333333
183,3.739462810153782,16,7.8467416344210505,17,82.61791707568091,15,26,0.5769230769230769
194,3.964239263223135,8,3.9233708172105253,112,82.61085374261397,9,24,0.375
714,14.59003522650164,20,9.808427043026313,233,82.60268042091941,3,7,0.42857142857142855
467,9.54278214394435,20,9.808427043026313,238,82.59315356312611,3,10,0.3
456,9.318005690874998,16,7.8467416344210505,296,82.56245202100403,6,10,0.6
597,12.199231134763977,12,5.885056225815788,470,82.55237264827636,5,7,0.7142857142857143
395,8.071518087490404,3,1.471264056453947,84,82.5504846372883,4,12,0.3333333333333333
459,9.379308359893912,20,9.808427043026313,284,82.52894162434252,6,10,0.6
402,8.214557648534537,8,3.9233708172105253,50,82.52462168838352,5,12,0.4166666666666667
502,10.25797994916502,20,9.808427043026313,27,82.52242237681972,5,10,0.5
414,8.459768324610195,12,5.885056225815788,398,82.47804782433363,6,11,0.5454545454545454
482,9.849295489038923,8,3.9233708172105253,218,82.46750406329738,5,10,0.5
599,12.240099580776587,12,5.885056225815788,466,82.45179592519665,5,7,0.7142857142857143
517,10.564493294259591,20,9.808427043026313,110,82.44518984333104,5,9,0.5555555555555556
583,11.91315201267571,8,3.9233708172105253,498,82.432116854877,3,8,0.375
527,10.76883552432264,16,7.8467416344210505,83,82.41386551321092,6,9,0.6666666666666666
369,7.540228289326478,6,2.942528112907894,187,82.41369588849537,9,13,0.6923076923076923
318,6.4980829160049325,16,7.8467416344210505,71,82.40899414912295,10,15,0.6666666666666666
589,12.035757350713538,8,3.9233708172105253,486,82.40869556245818,6,8,0.75
184,3.7598970331600867,20,9.808427043026313,5,82.40376838551843,14,26,0.5384615384615384
143,2.922093889901589,6,2.942528112907894,91,82.39228751965196,6,32,0.1875
527,10.76883552432264,20,9.808427043026313,80,82.38263989141026,6,9,0.6666666666666666
432,8.827584338723682,12,5.885056225815788,348,82.33697331889314,5,10,0.5
582,11.892717789669405,12,5.885056225815788,495,82.33028480672262,3,8,0.375
528,10.789269747328945,16,7.8467416344210505,80,82.31398172720917,6,9,0.6666666666666666
493,10.074071942108276,8,3.9233708172105253,178,82.31199273790506,6,10,0.6
519,10.605361740272201,20,9.808427043026313,104,82.31112819128349,6,9,0.6666666666666666
312,6.375477577967104,16,7.8467416344210505,104,82.30744244951978,10,15,0.6666666666666666
501,10.237545726158714,16,7.8467416344210505,161,82.3050044351581,6,9,0.6666666666666666
147,3.0038307819268084,16,7.8467416344210505,27,82.2907001593175,18,32,0.5625
544,11.116217315429822,16,7.8467416344210505,13,82.27753944345001,5,9,0.5555555555555556
367,7.499359843313869,8,3.9233708172105253,196,82.22217432501493,10,13,0.7692307692307693
365,7.458491397301259,20,9.808427043026313,201,82.20488394852609,9,13,0.6923076923076923
188,3.841633925185306,20,9.808427043026313,157,82.19428021647381,16,24,0.6666666666666666
598,12.219665357770282,12,5.885056225815788,468,82.18267048018974,5,7,0.7142857142857143
446,9.11366346081195,12,5.885056225815788,326,82.15717138779065,4,10,0.4
636,12.996165832009865,20,9.808427043026313,389,82.15198865953303,4,7,0.5714285714285714
530,10.830138193341554,16,7.8467416344210505,74,82.14864986824941,6,9,0.6666666666666666
455,9.297571467868693,20,9.808427043026313,296,82.13426757345968,7,10,0.7
643,13.139205393053999,20,9.808427043026313,359,82.12525210569008,3,7,0.42857142857142855
645,13.180073839066608,20,9.808427043026313,355,82.12305805502835,3,7,0.42857142857142855
454,9.277137244862388,16,7.8467416344210505,302,82.10708093033362,6,10,0.6
590,12.056191573719843,8,3.9233708172105253,463,82.10608745809309,4,8,0.5
513,10.482756402234372,20,9.808427043026313,501,82.06419468381078,4,9,0.4444444444444444
644,13.159639616060304,20,9.808427043026313,357,82.06129533219814,3,7,0.42857142857142855
506,10.339716841190238,20,9.808427043026313,21,82.04976319947042,6,10,0.6
539,11.014046200398298,16,7.8467416344210505,25,82.03961746424251,4,9,0.4444444444444444
312,6.375477577967104,20,9.808427043026313,101,82.02777920855948,9,15,0.6
445,9.093229237805645,12,5.885056225815788,329,81.98181156531474,5,10,0.5
715,14.610469449507946,12,5.885056225815788,233,81.98112280905866,3,7,0.42857142857142855
516,10.544059071253287,20,9.808427043026313,113,81.95402994227686,5,9,0.5555555555555556
491,10.033203496095666,4,1.9616854086052626,191,81.94521589111521,5,10,0.5
457,9.338439913881302,20,9.808427043026313,290,81.93771843231126,6,10,0.6
529,10.80970397033525,16,7.8467416344210505,77,81.93139145851501,6,9,0.6666666666666666
425,8.684544777679548,12,5.885056225815788,389,81.92921328016904,5,10,0.5
633,12.93486316299095,20,9.808427043026313,379,81.92537644232627,3,7,0.42857142857142855
485,9.910598158057837,6,2.942528112907894,209,81.92281432843346,6,10,0.6
668,13.65006096821162,20,9.808427043026313,27,81.91680122677738,5,7,0.7142857142857143
588,12.015323127707234,8,3.9233708172105253,488,81.9091213906807,6,8,0.75
435,8.888887007742596,12,5.885056225815788,340,81.89013620981835,5,10,0.5
442,9.03192656878673,16,7.8467416344210505,338,81.88187140377649,6,10,0.6
461,9.420176805906522,16,7.8467416344210505,281,81.88106099608966,5,10,0.5
441,9.011492345780425,12,5.885056225815788,341,81.8756797679516,5,10,0.5
427,8.725413223692158,12,5.885056225815788,383,81.86774066223204,3,10,0.3
447,9.134097683818254,12,5.885056225815788,323,81.86726258550392,4,10,0.4
428,8.745847446698463,12,5.885056225815788,380,81.82329472740942,3,10,0.3
530,10.830138193341554,20,9.808427043026313,71,81.81402550163138,6,9,0.6666666666666666
654,13.363981846123352,20,9.808427043026313,329,81.79467715485747,3,7,0.42857142857142855
465,9.501913697931741,20,9.808427043026313,250,81.7856624213726,6,10,0.6
266,5.435503319677082,16,7.8467416344210505,68,81.75790853901549,11,18,0.6111111111111112
266,5.435503319677082,20,9.808427043026313,65,81.748747056555,11,18,0.6111111111111112
314,6.416346023979713,16,7.8467416344210505,92,81.74652294668404,9,15,0.6
468,9.563216366950655,20,9.808427043026313,238,81.74179494636097,4,10,0.4
330,6.74329359208059,20,9.808427043026313,317,81.73780433147691,7,14,0.5
618,12.628349817896378,12,5.885056225815788,428,81.72758124580142,4,7,0.5714285714285714
587,11.994888904700929,8,3.9233708172105253,490,81.72642042714193,6,8,0.75
481,9.828861266032618,8,3.9233708172105253,221,81.72468919881011,6,10,0.6
189,3.862068148191611,12,5.885056225815788,151,81.70649435436776,16,24,0.6666666666666666
515,10.523624848246982,16,7.8467416344210505,119,81.70120296059028,5,9,0.5555555555555556
393,8.030649641477794,3,1.471264056453947,92,81.6903467170352,3,12,0.25
368,7.519794066320173,6,2.942528112907894,192,81.68133504598627,10,13,0.7692307692307693
516,10.544059071253287,16,7.8467416344210505,116,81.67958487392522,5,9,0.5555555555555556
484,9.890163935051532,6,2.942528112907894,212,81.67624328952824,5,10,0.5
624,12.750955155934207,12,5.885056225815788,416,81.65345095745268,5,7,0.7142857142857143
289,5.905490448822093,6,2.942528112907894,219,81.60377870913835,3,16,0.1875
627,12.812257824953122,12,5.885056225815788,410,81.57921788347733,5,7,0.7142857142857143
444,9.07279501479934,16,7.8467416344210505,332,81.54668974329307,6,10,0.6
646,13.200508062072913,20,9.808427043026313,353,81.54619012569353,3,7,0.42857142857142855
459,9.379308359893912,12,5.885056225815788,287,81.53599281448929,6,10,0.6
433,8.848018561729987,12,5.885056225815788,343,81.53139003319633,5,10,0.5
319,6.518517139011237,20,9.808427043026313,61,81.51792173150257,9,15,0.6
630,12.873560493972036,16,7.8467416344210505,402,81.47009361989247,5,7,0.7142857142857143
110,2.24776453069353,20,9.808427043026313,97,81.45853942692769,22,42,0.5238095238095238
450,9.195400352837169,12,5.885056225815788,314,81.45433822953856,7,10,0.7
647,13.220942285079218,20,9.808427043026313,351,81.4444710426616,3,7,0.42857142857142855
443,9.052360791793035,16,7.8467416344210505,335,81.4423198240673,6,10,0.6
471,9.62451903596957,16,7.8467416344210505,232,81.44205354610135,4,10,0.4
531,10.850572416347859,20,9.808427043026313,68,81.44023987755118,6,9,0.6666666666666666
458,9.358874136887607,12,5.885056225815788,290,81.43407619369047,6,10,0.6
452,9.236268798849778,16,7.8467416344210505,308,81.42544457517126,6,10,0.6
449,9.174966129830864,12,5.885056225815788,317,81.4097346370325,7,10,0.7
477,9.747124374007399,8,3.9233708172105253,233,81.39748337325578,7,10,0.7
270,5.517240211702301,12,5.885056225815788,22,81.37937276039911,9,18,0.5
387,7.908044303439965,8,3.9233708172105253,116,81.35919702871543,6,12,0.5
713,14.569601003495336,16,7.8467416344210505,238,81.35551998447166,4,7,0.5714285714285714
595,12.158362688751367,12,5.885056225815788,450,81.34806914711282,6,8,0.75
637,13.01660005501617,20,9.808427043026313,386,81.33608182478405,4,7,0.5714285714285714
492,10.053637719101971,4,1.9616854086052626,187,81.33455523423524,5,10,0.5
199,4.066410378254659,12,5.885056225815788,57,81.3208974604653,11,23,0.4782608695652174
146,2.9833965589205036,12,5.885056225815788,58,81.31005046224064,9,32,0.28125
608,12.42400758783333,12,5.885056225815788,448,81.30719119758433,5,7,0.7142857142857143
635,12.97573160900356,20,9.808427043026313,391,81.3028698190299,4,7,0.5714285714285714
436,8.909321230748901,6,2.942528112907894,354,81.28840625666625,3,10,0.3
193,3.94380504021683,12,5.885056225815788,101,81.28518889584186,11,24,0.4583333333333333
579,11.83141512065049,16,7.8467416344210505,498,81.28166525458903,3,8,0.375
578,11.810980897644185,16,7.8467416344210505,481,81.2811100843919,5,8,0.625
602,12.301402249795501,12,5.885056225815788,457,81.27500472011755,5,7,0.7142857142857143
315,6.436780246986018,20,9.808427043026313,69,81.27391584316734,6,15,0.4
437,8.929755453755206,6,2.942528112907894,353,81.26394633830782,4,10,0.4
495,10.114940388120885,6,2.942528112907894,158,81.25366869088293,5,10,0.5
619,12.648784040902683,12,5.885056225815788,426,81.2358669248294,4,7,0.5714285714285714
717,14.651337895520555,20,9.808427043026313,225,81.21505831274013,3,7,0.42857142857142855
434,8.868452784736292,12,5.885056225815788,343,81.20755742833796,5,10,0.5
394,8.051083864484099,3,1.471264056453947,88,81.19449891700211,4,12,0.3333333333333333
125,2.5542778757881024,12,5.885056225815788,18,81.19427054345111,19,37,0.5135135135135135
159,3.2490414580024662,20,9.808427043026313,71,81.18901365146165,16,29,0.5517241379310345
655,13.384416069129657,16,7.8467416344210505,332,81.18768730685383,3,7,0.42857142857142855
528,10.789269747328945,20,9.808427043026313,77,81.18528751292898,6,9,0.6666666666666666
261,5.333332204645558,20,9.808427043026313,90,81.1723505945068,10,18,0.5555555555555556
580,11.851849343656795,16,7.8467416344210505,496,81.16268933311113,3,8,0.375
285,5.8237535567968735,16,7.8467416344210505,239,81.14890756141271,7,16,0.4375
489,9.992335050083057,3,1.471264056453947,197,81.13790771205709,5,10,0.5
575,11.749678228625271,12,5.885056225815788,495,81.11246055443821,4,8,0.5
129,2.6360147678133217,20,9.808427043026313,97,81.10193172603277,18,36,0.5
502,10.25797994916502,16,7.8467416344210505,158,81.09601401566003,6,9,0.6666666666666666
529,10.80970397033525,20,9.808427043026313,74,81.06099443188712,6,9,0.6666666666666666
460,9.399742582900217,20,9.808427043026313,281,81.05599602478648,6,10,0.6
382,7.805873188408441,12,5.885056225815788,127,81.01852242936023,7,12,0.5833333333333334
206,4.209449939298793,12,5.885056225815788,198,81.00354536908392,16,22,0.7272727272727273
243,4.965516190532071,12,5.885056225815788,206,80.99824486438816,11,19,0.5789473684210527
657,13.425284515142266,20,9.808427043026313,326,80.96662266085762,3,7,0.42857142857142855
692,14.140482320362935,20,9.808427043026313,657,80.9564364411058,3,6,0.5
409,8.357597209578671,6,2.942528112907894,6,80.95063434370634,6,12,0.5
464,9.481479474925436,20,9.808427043026313,253,80.94100753368953,6,10,0.6
509,10.401019510209153,16,7.8467416344210505,21,80.92496651398228,5,10,0.5
522,10.666664409291116,12,5.885056225815788,98,80.89356240644433,5,9,0.5555555555555556
429,8.766281669704767,16,7.8467416344210505,374,80.86556193674585,3,10,0.3
634,12.955297385997255,20,9.808427043026313,377,80.84561849329226,3,7,0.42857142857142855
338,6.906767376131029,20,9.808427043026313,21,80.83753106930064,7,14,0.5
732,14.957851240615128,3,1.471264056453947,200,80.83143985165928,3,7,0.42857142857142855
581,11.8722835666631,16,7.8467416344210505,483,80.8100238731186,3,8,0.375
400,8.173689202521928,6,2.942528112907894,39,80.79119616855611,5,12,0.4166666666666667
102,2.0842907466430916,20,9.808427043026313,24,80.75780676399594,26,46,0.5652173913043478
417,8.52107099362911,20,9.808427043026313,390,80.75381030199063,6,11,0.5454545454545454
642,13.118771170047694,20,9.808427043026313,361,80.71098587697472,4,7,0.5714285714285714
713,14.569601003495336,20,9.808427043026313,235,80.70719224190427,3,7,0.42857142857142855
424,8.664110554673243,12,5.885056225815788,392,80.70516431436144,5,11,0.45454545454545453
293,5.987227340847312,6,2.942528112907894,199,80.69981272876205,4,16,0.25
584,11.933586235682014,6,2.942528112907894,496,80.68776202906896,3,8,0.375
596,12.178796911757672,12,5.885056225815788,472,80.64867567240806,5,7,0.7142857142857143
453,9.256703021856083,16,7.8467416344210505,305,80.64708613649246,6,10,0.6
573,11.708809782612661,6,2.942528112907894,516,80.62704371924569,3,8,0.375
517,10.564493294259591,8,3.9233708172105253,112,80.61837330631289,4,9,0.4444444444444444
164,3.3512125730339903,20,9.808427043026313,1,80.59770441996987,15,29,0.5172413793103449
486,9.931032381064142,6,2.942528112907894,204,80.59202983334025,5,10,0.5
269,5.496805988695996,16,7.8467416344210505,27,80.55861241149236,11,18,0.6111111111111112
463,9.461045251919131,20,9.808427043026313,256,80.542979606431,6,10,0.6
268,5.4763717656896915,20,9.808427043026313,53,80.5081123798554,7,18,0.3888888888888889
263,5.374200650658167,16,7.8467416344210505,86,80.5066321706551,11,18,0.6111111111111112
593,12.117494242738758,8,3.9233708172105253,459,80.50261973745836,5,8,0.625
672,13.731797860236838,16,7.8467416344210505,21,80.4996223361481,5,7,0.7142857142857143
313,6.395911800973408,12,5.885056225815788,99,80.49530326618746,9,15,0.6
734,14.998719686627737,4,1.9616854086052626,192,80.47367274068324,3,7,0.42857142857142855
480,9.808427043026313,8,3.9233708172105253,224,80.45454507542826,6,10,0.6
396,8.091952310496708,4,1.9616854086052626,78,80.43702154797718,5,12,0.4166666666666667
188,3.841633925185306,16,7.8467416344210505,160,80.41195015116145,16,24,0.6666666666666666
288,5.885056225815788,6,2.942528112907894,224,80.40018146766127,3,16,0.1875
531,10.850572416347859,16,7.8467416344210505,71,80.3932472517025,6,9,0.6666666666666666
693,14.16091654336924,20,9.808427043026313,654,80.39109937617256,3,6,0.5
144,2.942528112907894,8,3.9233708172105253,80,80.38932922958844,4,32,0.125
268,5.4763717656896915,16,7.8467416344210505,55,80.37040944927479,8,18,0.4444444444444444
122,2.492975206769188,12,5.885056225815788,78,80.36516778622813,22,38,0.5789473684210527
460,9.399742582900217,12,5.885056225815788,284,80.36053213446962,6,10,0.6
404,8.255426094547147,6,2.942528112907894,27,80.35493947649101,8,12,0.6666666666666666
541,11.054914646410907,12,5.885056225815788,21,80.32759051958088,4,9,0.4444444444444444
374,7.642399404358002,8,3.9233708172105253,167,80.29141510471347,8,12,0.6666666666666666
638,13.037034278022475,20,9.808427043026313,383,80.28757575982802,4,7,0.5714285714285714
620,12.669218263908988,12,5.885056225815788,424,80.2841936028486,4,7,0.5714285714285714
184,3.7598970331600867,12,5.885056225815788,8,80.28235287045872,15,26,0.5769230769230769
622,12.710086709921598,12,5.885056225815788,420,80.27851367955978,4,7,0.5714285714285714
691,14.12004809735663,20,9.808427043026313,661,80.23521712019846,3,6,0.5
323,6.600254031036457,16,7.8467416344210505,27,80.21643997294825,9,15,0.6
263,5.374200650658167,20,9.808427043026313,83,80.21582478125997,11,18,0.6111111111111112
439,8.970623899767816,6,2.942528112907894,347,80.18607933312985,3,10,0.3
307,6.2733064629355795,16,7.8467416344210505,129,80.17307451894867,8,15,0.5333333333333333
673,13.752232083243143,16,7.8467416344210505,21,80.1685872914971,5,7,0.7142857142857143
435,8.888887007742596,8,3.9233708172105253,354,80.16026826971999,3,10,0.3
205,4.189015716292488,12,5.885056225815788,2,80.15416598204281,15,23,0.6521739130434783
415,8.4802025476165,12,5.885056225815788,394,80.13055855877518,5,11,0.45454545454545453
512,10.462322179228067,20,9.808427043026313,506,80.12533090761593,5,9,0.5555555555555556
496,10.13537461112719,8,3.9233708172105253,151,80.11396618220385,5,10,0.5
469,9.58365058995696,16,7.8467416344210505,256,80.11306570879681,7,10,0.7
462,9.440611028912826,16,7.8467416344210505,278,80.09955775534361,5,10,0.5
633,12.93486316299095,16,7.8467416344210505,398,80.08400126983305,6,7,0.8571428571428571
576,11.770112451631576,12,5.885056225815788,493,80.06589266356652,4,8,0.5
656,13.404850292135961,16,7.8467416344210505,329,80.05484346367427,3,7,0.42857142857142855
679,13.874837421280972,16,7.8467416344210505,16,80.04032762778495,3,7,0.42857142857142855
653,13.343547623117047,20,9.808427043026313,330,80.0348692165318,3,7,0.42857142857142855
422,8.623242108660634,20,9.808427043026313,379,80.01176995272601,8,11,0.7272727272727273
366,7.478925620307564,8,3.9233708172105253,200,79.98449743939531,9,13,0.6923076923076923
488,9.971900827076752,4,1.9616854086052626,200,79.96382009241852,6,10,0.6
520,10.625795963278506,6,2.942528112907894,104,79.94776769868318,4,9,0.4444444444444444
586,11.974454681694624,4,1.9616854086052626,492,79.94742403703404,3,8,0.375
494,10.09450616511458,6,2.942528112907894,163,79.94725752525547,5,10,0.5
370,7.560662512332783,8,3.9233708172105253,184,79.9236468914489,9,13,0.6923076923076923
365,7.458491397301259,12,5.885056225815788,204,79.92198246454943,9,13,0.6923076923076923
249,5.0881215285699,16,7.8467416344210505,151,79.92070839069534,8,19,0.42105263157894735
510,10.421453733215458,16,7.8467416344210505,14,79.9169707830102,5,10,0.5
262,5.353766427651863,20,9.808427043026313,89,79.90705666004253,10,18,0.5555555555555556
523,10.68709863229742,12,5.885056225815788,95,79.88046589451379,5,9,0.5555555555555556
634,12.955297385997255,16,7.8467416344210505,395,79.85027176040218,5,7,0.7142857142857143
290,5.9259246718283975,6,2.942528112907894,214,79.83034660652345,3,16,0.1875
607,12.403573364827025,12,5.885056225815788,450,79.82788795806087,5,7,0.7142857142857143
641,13.098336947041389,20,9.808427043026313,363,79.82202852734964,4,7,0.5714285714285714
416,8.500636770622805,16,7.8467416344210505,391,79.81528474531316,6,11,0.5454545454545454
731,14.937417017608823,4,1.9616854086052626,202,79.76341914780579,3,7,0.42857142857142855
640,13.077902724035084,20,9.808427043026313,365,79.76061915695341,4,7,0.5714285714285714
716,14.63090367251425,12,5.885056225815788,230,79.75390712923259,3,7,0.42857142857142855
571,11.667941336600052,4,1.9616854086052626,522,79.7430083399494,3,8,0.375
628,12.832692047959426,12,5.885056225815788,407,79.70958572109085,5,7,0.7142857142857143
592,12.097060019732453,8,3.9233708172105253,461,79.6982742318841,5,8,0.625
568,11.606638667581137,6,2.942528112907894,528,79.69297298877899,4,8,0.5
714,14.59003522650164,12,5.885056225815788,236,79.67563482098015,4,7,0.5714285714285714
733,14.978285463621432,3,1.471264056453947,197,79.61423961711488,3,7,0.42857142857142855
569,11.627072890587442,6,2.942528112907894,526,79.58474585376135,4,8,0.5
411,8.39846565559128,6,2.942528112907894,407,79.5652469560142,7,11,0.6363636363636364
674,13.772666306249448,16,7.8467416344210505,21,79.53131983352117,4,7,0.5714285714285714
311,6.355043354960799,20,9.808427043026313,106,79.5240860726742,9,15,0.6
487,9.951466604070447,4,1.9616854086052626,200,79.51653025871965,4,10,0.4
621,12.689652486915293,12,5.885056225815788,422,79.51623419882368,4,7,0.5714285714285714
265,5.415069096670777,16,7.8467416344210505,74,79.50108979457298,11,18,0.6111111111111112
386,7.88761008043366,8,3.9233708172105253,101,79.4981464584715,6,12,0.5
499,10.196677280146105,12,5.885056225815788,147,79.49205197260754,4,9,0.4444444444444444
448,9.154531906824559,12,5.885056225815788,320,79.48182156910919,6,10,0.6
267,5.455937542683387,12,5.885056225815788,62,79.47149011560694,10,18,0.5555555555555556
623,12.730520932927902,12,5.885056225815788,418,79.45893165604714,5,7,0.7142857142857143
476,9.726690151001094,8,3.9233708172105253,234,79.45520155201972,7,10,0.7
519,10.605361740272201,6,2.942528112907894,107,79.43932746758593,4,9,0.4444444444444444
457,9.338439913881302,12,5.885056225815788,293,79.42442189112796,6,10,0.6
632,12.914428939984646,16,7.8467416344210505,400,79.41736575503735,6,7,0.8571428571428571
594,12.137928465745063,8,3.9233708172105253,456,79.41661778030786,6,8,0.75
470,9.604084812963265,16,7.8467416344210505,234,79.40341481591196,4,10,0.4
490,10.012769273089361,3,1.471264056453947,192,79.39862533042195,5,10,0.5
468,9.563216366950655,16,7.8467416344210505,260,79.38230049496062,7,10,0.7
483,9.869729712045228,6,2.942528112907894,215,79.37489907784165,5,10,0.5
264,5.394634873664472,16,7.8467416344210505,80,79.37006761557224,10,18,0.5555555555555556
397,8.112386533503013,4,1.9616854086052626,67,79.33877590230449,4,12,0.3333333333333333
292,5.966793117841007,8,3.9233708172105253,204,79.33306742373088,5,16,0.3125
371,7.581096735339088,8,3.9233708172105253,178,79.32421745428047,9,13,0.6923076923076923
383,7.826307411414746,12,5.885056225815788,121,79.31876798757807,6,12,0.5
161,3.289909904015076,20,9.808427043026313,35,79.31080276093371,12,29,0.41379310344827586
631,12.89399471697834,16,7.8467416344210505,402,79.30557287542153,6,7,0.8571428571428571
336,6.865898930118419,20,9.808427043026313,27,79.29695857922606,7,14,0.5
712,14.549166780489031,16,7.8467416344210505,240,79.28481398308327,4,7,0.5714285714285714
546,11.157085761442431,20,9.808427043026313,2,79.26264300457633,4,9,0.4444444444444444
265,5.415069096670777,20,9.808427043026313,71,79.25767231040959,10,18,0.5555555555555556
260,5.312897981639253,8,3.9233708172105253,104,79.23767759775937,7,18,0.3888888888888889
148,3.0242650049331132,16,7.8467416344210505,14,79.2348182837129,21,32,0.65625
264,5.394634873664472,20,9.808427043026313,77,79.23221770032855,10,18,0.5555555555555556
473,9.66538748198218,12,5.885056225815788,224,79.20231107373617,4,10,0.4
322,6.579819808030152,20,9.808427043026313,35,79.16785700058432,6,15,0.4
566,11.565770221568528,12,5.885056225815788,532,79.14999049095962,4,8,0.5
421,8.602807885654329,20,9.808427043026313,381,79.13054710254912,8,11,0.7272727272727273
339,6.927201599137334,20,9.808427043026313,22,79.11887698350007,6,14,0.42857142857142855
591,12.076625796726148,6,2.942528112907894,462,79.10393263174605,4,8,0.5
572,11.688375559606357,4,1.9616854086052626,520,79.09643301049411,3,8,0.375
163,3.3307783500276855,16,7.8467416344210505,15,79.08129152306275,14,29,0.4827586206896552
306,6.252872239929275,20,9.808427043026313,131,79.08107261756419,9,15,0.6
291,5.946358894834702,6,2.942528112907894,209,79.07854404337107,3,16,0.1875
518,10.584927517265896,6,2.942528112907894,110,79.07556998678858,4,9,0.4444444444444444
658,13.445718738148571,20,9.808427043026313,323,79.07095243027135,3,7,0.42857142857142855
296,6.0485300098662265,12,5.885056225815788,164,79.07042385224764,11,16,0.6875
639,13.05746850102878,20,9.808427043026313,380,79.07025547459628,4,7,0.5714285714285714
583,11.91315201267571,6,2.942528112907894,498,79.0617975435014,3,8,0.375
410,8.378031432584976,6,2.942528112907894,2,79.05997358402348,7,12,0.5833333333333334
287,5.864622002809483,6,2.942528112907894,229,79.04782124677462,3,16,0.1875
678,13.854403198274667,16,7.8467416344210505,22,79.04460287741341,3,7,0.42857142857142855
524,10.707532855303725,12,5.885056225815788,92,79.04099946624386,5,9,0.5555555555555556
603,12.321836472801806,12,5.885056225815788,453,79.03657910111123,5,7,0.7142857142857143
532,10.871006639354164,20,9.808427043026313,65,79.0282107031586,6,9,0.6666666666666666
179,3.6577259181285626,16,7.8467416344210505,52,79.00627675924592,14,26,0.5384615384615384
675,13.793100529255753,16,7.8467416344210505,21,79.0041099852446,4,7,0.5714285714285714
549,11.218388430461346,20,9.808427043026313,539,78.98708860709134,3,8,0.375
472,9.644953258975875,12,5.885056225815788,228,78.98464740010924,4,10,0.4
680,13.895271644287277,16,7.8467416344210505,13,78.97065920894494,3,7,0.42857142857142855
500,10.21711150315241,12,5.885056225815788,143,78.96679660432385,4,9,0.4444444444444444
316,6.457214469992323,16,7.8467416344210505,84,78.96433854557169,11,15,0.7333333333333333
503,10.278414172171324,16,7.8467416344210505,155,78.94823957346932,6,9,0.6666666666666666
548,11.19795420745504,20,9.808427043026313,541,78.94817177731235,3,8,0.375
162,3.3103441270213807,12,5.885056225815788,24,78.94809511410743,13,29,0.4482758620689655
648,13.241376508085523,20,9.808427043026313,347,78.9371491510621,3,7,0.42857142857142855
438,8.95018967676151,6,2.942528112907894,350,78.91993771924096,4,10,0.4
297,6.068964232872531,12,5.885056225815788,160,78.91438199772836,12,16,0.75
694,14.181350766375544,20,9.808427043026313,652,78.90273631669142,3,6,0.5
358,7.315451836257125,12,5.885056225815788,231,78.88432709529452,8,13,0.6153846153846154
540,11.034480423404602,12,5.885056225815788,22,78.86333178510473,4,9,0.4444444444444444
577,11.79054667463788,12,5.885056225815788,488,78.83622905453495,4,8,0.5
479,9.787992820020008,8,3.9233708172105253,227,78.83019313726709,6,10,0.6
491,10.033203496095666,3,1.471264056453947,191,78.78999783250615,5,10,0.5
547,11.177519984448736,20,9.808427043026313,541,78.77910302956474,3,8,0.375
475,9.706255927994789,8,3.9233708172105253,239,78.7771812795847,8,10,0.8
612,12.50574447985855,8,3.9233708172105253,440,78.77359925522977,5,7,0.7142857142857143
713,14.569601003495336,12,5.885056225815788,238,78.74314351402931,4,7,0.5714285714285714
497,10.155808834133495,12,5.885056225815788,150,78.73254248442503,3,10,0.3
611,12.485310256852244,8,3.9233708172105253,442,78.72381869940091,5,7,0.7142857142857143
498,10.1762430571398,12,5.885056225815788,150,78.6877557449455,4,10,0.4
380,7.765004742395831,8,3.9233708172105253,136,78.67922656271459,9,12,0.75
407,8.316728763566061,6,2.942528112907894,15,78.67893853076158,7,12,0.5833333333333334
478,9.767558597013704,8,3.9233708172105253,230,78.66664701328554,6,10,0.6
570,11.647507113593747,4,1.9616854086052626,524,78.66622373310278,3,8,0.375
262,5.353766427651863,16,7.8467416344210505,91,78.64587725763901,9,18,0.5
306,6.252872239929275,16,7.8467416344210505,134,78.62862287460584,9,15,0.6
635,12.97573160900356,16,7.8467416344210505,392,78.60278117845512,5,7,0.7142857142857143
440,8.99105812277412,8,3.9233708172105253,344,78.59575683672033,4,10,0.4
392,8.010215418471489,3,1.471264056453947,96,78.58257600854645,4,12,0.3333333333333333
327,6.681990923061676,12,5.885056225815788,8,78.58020422908842,6,15,0.4
412,8.418899878597585,6,2.942528112907894,402,78.57551678830784,7,11,0.6363636363636364
378,7.724136296383222,8,3.9233708172105253,151,78.55449387479787,10,12,0.8333333333333334
330,6.74329359208059,16,7.8467416344210505,317,78.54546661500946,7,14,0.5
286,5.844187779803178,4,1.9616854086052626,234,78.5122082271282,4,16,0.25
420,8.582373662648024,20,9.808427043026313,401,78.49666964656558,10,11,0.9090909090909091
657,13.425284515142266,16,7.8467416344210505,326,78.49486081179553,3,7,0.42857142857142855
250,5.108555751576205,16,7.8467416344210505,143,78.49002052680949,7,18,0.3888888888888889
574,11.729244005618966,8,3.9233708172105253,509,78.4822162580787,3,8,0.375
405,8.275860317553452,4,1.9616854086052626,22,78.46051276726749,7,12,0.5833333333333334
326,6.661556700055371,12,5.885056225815788,15,78.4417524559688,7,15,0.4666666666666667
399,8.153254979515623,4,1.9616854086052626,47,78.43757440093307,4,12,0.3333333333333333
550,11.23882265346765,20,9.808427043026313,541,78.41916300930156,4,8,0.5
461,9.420176805906522,20,9.808427043026313,278,78.38540548672133,6,10,0.6
403,8.234991871540842,6,2.942528112907894,44,78.37097593164535,5,12,0.4166666666666667
372,7.601530958345393,8,3.9233708172105253,169,78.35303834888188,8,13,0.6153846153846154
655,13.384416069129657,12,5.885056225815788,332,78.3435578673771,3,7,0.42857142857142855
654,13.363981846123352,16,7.8467416344210505,329,78.3260251548309,3,7,0.42857142857142855
671,13.711363637230534,16,7.8467416344210505,21,78.31580324658165,5,7,0.7142857142857143
629,12.853126270965731,12,5.885056225815788,405,78.27543902822431,5,7,0.7142857142857143
196,4.0051077092357446,6,2.942528112907894,95,78.27333442622069,13,24,0.5416666666666666
461,9.420176805906522,12,5.885056225815788,281,78.26318808555516,5,10,0.5
467,9.54278214394435,16,7.8467416344210505,263,78.26136313071586,7,10,0.7
185,3.7803312561663915,20,9.808427043026313,166,78.25450234713828,14,25,0.56
367,7.499359843313869,6,2.942528112907894,196,78.2377337980284,10,13,0.7692307692307693
419,8.56193943964172,20,9.808427043026313,404,78.21821238417546,10,11,0.9090909090909091
379,7.7445705193895265,8,3.9233708172105253,145,78.20765280206204,10,12,0.8333333333333334
456,9.318005690874998,12,5.885056225815788,296,78.19262657975625,6,10,0.6
462,9.440611028912826,20,9.808427043026313,259,78.18122067837936,6,10,0.6
493,10.074071942108276,6,2.942528112907894,178,78.17793387493887,6,10,0.6
613,12.526178702864854,8,3.9233708172105253,438,78.15181033265861,5,7,0.7142857142857143
182,3.719028587147477,20,9.808427043026313,23,78.14920455009985,15,26,0.5769230769230769
504,10.298848395177629,16,7.8467416344210505,21,78.14156807114102,5,10,0.5
329,6.7228593690742855,12,5.885056225815788,323,78.13512804336753,8,14,0.5714285714285714
590,12.056191573719843,6,2.942528112907894,463,78.12861255594807,4,8,0.5
532,10.871006639354164,16,7.8467416344210505,68,78.12793975417325,6,9,0.6666666666666666
482,9.849295489038923,6,2.942528112907894,218,78.12260925390535,5,10,0.5
508,10.380585287202848,16,7.8467416344210505,21,78.07751912274631,7,10,0.7
667,13.629626745205314,20,9.808427043026313,27,78.0644903525131,5,7,0.7142857142857143
428,8.745847446698463,8,3.9233708172105253,380,78.06182790116081,3,10,0.3
259,5.292463758632948,8,3.9233708172105253,110,78.05980520068364,7,18,0.3888888888888889
408,8.337162986572366,6,2.942528112907894,9,78.05900166671377,7,12,0.5833333333333334
271,5.537674434708606,16,7.8467416344210505,19,78.03089243519068,8,18,0.4444444444444444
429,8.766281669704767,12,5.885056225815788,374,78.02328951146083,3,10,0.3
517,10.564493294259591,6,2.942528112907894,113,78.01799573043212,4,9,0.4444444444444444
537,10.973177754385688,20,9.808427043026313,27,78.01672587584952,6,9,0.6666666666666666
385,7.867175857427355,8,3.9233708172105253,105,78.00978743111611,7,12,0.5833333333333334
717,14.651337895520555,16,7.8467416344210505,225,77.99901837407829,3,7,0.42857142857142855
534,10.911875085366773,16,7.8467416344210505,62,77.99282223366879,4,9,0.4444444444444444
521,10.64623018628481,8,3.9233708172105253,101,77.9829011076598,4,9,0.4444444444444444
305,6.23243801692297,20,9.808427043026313,136,77.97855450233685,10,15,0.6666666666666666
247,5.04725308255729,12,5.885056225815788,163,77.97552489534137,11,19,0.5789473684210527
580,11.851849343656795,12,5.885056225815788,496,77.96622467609859,3,8,0.375
528,10.789269747328945,12,5.885056225815788,80,77.95044426556154,6,9,0.6666666666666666
364,7.438057174294954,16,7.8467416344210505,208,77.93929916247127,7,13,0.5384615384615384
579,11.83141512065049,12,5.885056225815788,498,77.93374693629521,3,8,0.375
734,14.998719686627737,3,1.471264056453947,192,77.92821909083666,3,7,0.42857142857142855
248,5.067687305563595,16,7.8467416344210505,151,77.91705647515853,10,19,0.5263157894736842
529,10.80970397033525,12,5.885056225815788,77,77.91366995894815,6,9,0.6666666666666666
610,12.46487603384594,8,3.9233708172105253,444,77.89841975242751,5,7,0.7142857142857143
244,4.985950413538376,8,3.9233708172105253,200,77.88401829679353,11,19,0.5789473684210527
203,4.148147270279878,8,3.9233708172105253,17,77.88394327364968,14,23,0.6086956521739131
418,8.541505216635414,20,9.808427043026313,385,77.88372919213438,6,11,0.5454545454545454
435,8.888887007742596,6,2.942528112907894,354,77.87744583657351,3,10,0.3
511,10.441887956221763,16,7.8467416344210505,10,77.87664322742312,5,10,0.5
652,13.323113400110742,20,9.808427043026313,331,77.84816677623286,3,7,0.42857142857142855
423,8.643676331666938,20,9.808427043026313,376,77.84555106333318,8,11,0.7272727272727273
466,9.522347920938046,16,7.8467416344210505,266,77.82685335883824,7,10,0.7
604,12.34227069580811,12,5.885056225815788,449,77.8188279274789,5,7,0.7142857142857143
307,6.2733064629355795,20,9.808427043026313,126,77.81663855601374,9,15,0.6
690,14.099613874350325,20,9.808427043026313,665,77.80641582304578,3,6,0.5
606,12.38313914182072,12,5.885056225815788,452,77.79458390165563,6,7,0.8571428571428571
251,5.12898997458251,20,9.808427043026313,155,77.79146252556443,11,18,0.6111111111111112
496,10.13537461112719,6,2.942528112907894,151,77.78203685015893,5,10,0.5
328,6.702425146067981,12,5.885056225815788,1,77.76842896061603,8,15,0.5333333333333333
616,12.587481371883769,8,3.9233708172105253,432,77.7607787717298,4,7,0.5714285714285714
614,12.546612925871159,8,3.9233708172105253,436,77.72837468054291,4,7,0.5714285714285714
695,14.20178498938185,20,9.808427043026313,650,77.72640845434243,3,6,0.5
424,8.664110554673243,20,9.808427043026313,373,77.72429699486186,8,11,0.7272727272727273
492,10.053637719101971,3,1.471264056453947,187,77.71920382047266,5,10,0.5
417,8.52107099362911,16,7.8467416344210505,389,77.70760688219343,6,11,0.5454545454545454
676,13.813534752262058,16,7.8467416344210505,21,77.69642753012697,4,7,0.5714285714285714
730,14.916982794602518,4,1.9616854086052626,204,77.68607303041644,3,7,0.42857142857142855
430,8.786715892711072,8,3.9233708172105253,366,77.67567577351475,3,10,0.3
525,10.72796707831003,12,5.885056225815788,89,77.67474435132246,6,9,0.6666666666666666
316,6.457214469992323,20,9.808427043026313,81,77.6666778088216,11,15,0.7333333333333333
636,12.996165832009865,16,7.8467416344210505,389,77.64285002159153,5,7,0.7142857142857143
201,4.107278824267269,8,3.9233708172105253,27,77.62841135402428,13,23,0.5652173913043478
589,12.035757350713538,6,2.942528112907894,486,77.62096924662872,6,8,0.75
195,3.9846734862294397,6,2.942528112907894,103,77.58551769180929,10,24,0.4166666666666667
454,9.277137244862388,12,5.885056225815788,302,77.58236243809192,6,10,0.6
588,12.015323127707234,6,2.942528112907894,488,77.58113415160739,6,8,0.75
331,6.763727815086895,20,9.808427043026313,311,77.58078440552146,7,14,0.5
340,6.9476358221436385,20,9.808427043026313,12,77.57899944145746,6,14,0.42857142857142855
317,6.477648692998628,12,5.885056225815788,78,77.56574443563278,10,15,0.6666666666666666
451,9.215834575843473,12,5.885056225815788,311,77.56076238752436,7,10,0.7
194,3.964239263223135,6,2.942528112907894,112,77.5592683620114,9,24,0.375
677,13.833968975268363,16,7.8467416344210505,21,77.54825835229572,4,7,0.5714285714285714
398,8.132820756509318,4,1.9616854086052626,50,77.54486060941,4,12,0.3333333333333333
615,12.567047148877464,8,3.9233708172105253,434,77.54097716527524,4,7,0.5714285714285714
474,9.685821704988484,8,3.9233708172105253,242,77.52711384887137,8,10,0.8
712,14.549166780489031,20,9.808427043026313,237,77.51132370732196,4,7,0.5714285714285714
413,8.43933410160389,8,3.9233708172105253,397,77.49801895100576,7,11,0.6363636363636364
463,9.461045251919131,16,7.8467416344210505,274,77.45916580492164,5,10,0.5
567,11.586204444574832,8,3.9233708172105253,530,77.44221580464907,4,8,0.5
530,10.830138193341554,12,5.885056225815788,74,77.4419920598353,6,9,0.6666666666666666
535,10.932309308373078,16,7.8467416344210505,59,77.42585208520556,4,9,0.4444444444444444
545,11.136651538436126,16,7.8467416344210505,10,77.42002414172175,6,9,0.6666666666666666
729,14.896548571596213,4,1.9616854086052626,206,77.41175786392387,3,7,0.42857142857142855
585,11.95402045868832,4,1.9616854086052626,494,77.41085006661385,3,8,0.375
446,9.11366346081195,8,3.9233708172105253,326,77.38010468264761,5,10,0.5
285,5.8237535567968735,12,5.885056225815788,239,77.36605238332916,7,16,0.4375
681,13.915705867293582,16,7.8467416344210505,11,77.35673971485136,3,7,0.42857142857142855
145,2.9629623359141988,8,3.9233708172105253,65,77.34218126617706,4,32,0.125
427,8.725413223692158,8,3.9233708172105253,382,77.3303724508196,3,10,0.3
402,8.214557648534537,6,2.942528112907894,50,77.32864589453155,5,12,0.4166666666666667
600,12.260533803782891,8,3.9233708172105253,464,77.31637666804444,5,7,0.7142857142857143
542,11.075348869417212,12,5.885056225815788,19,77.29192128702694,4,9,0.4444444444444444
443,9.052360791793035,12,5.885056225815788,335,77.28867082338887,6,10,0.6
582,11.892717789669405,8,3.9233708172105253,495,77.26520755469704,3,8,0.375
501,10.237545726158714,12,5.885056225815788,161,77.26133390725045,6,9,0.6666666666666666
298,6.089398455878836,20,9.808427043026313,171,77.26095911981592,10,15,0.6666666666666666
442,9.03192656878673,12,5.885056225815788,338,77.24509017070716,6,10,0.6
455,9.297571467868693,12,5.885056225815788,299,77.19361195207318,7,10,0.7
534,10.911875085366773,20,9.808427043026313,59,77.17802101274819,5,9,0.5555555555555556
586,11.974454681694624,3,1.471264056453947,492,77.16847462652939,3,8,0.375
659,13.466152961154876,20,9.808427043026313,320,77.14255729959169,3,7,0.42857142857142855
481,9.828861266032618,6,2.942528112907894,221,77.13248861661928,6,10,0.6
656,13.404850292135961,12,5.885056225815788,329,77.12745744011332,3,7,0.42857142857142855
715,14.610469449507946,8,3.9233708172105253,233,77.10530350877096,3,7,0.42857142857142855
308,6.293740685941884,20,9.808427043026313,121,77.1028684080614,8,15,0.5333333333333333
127,2.595146321800712,20,9.808427043026313,121,77.09854241909818,20,36,0.5555555555555556
109,2.2273303076872253,20,9.808427043026313,8,77.08571804845208,22,43,0.5116279069767442
321,6.559385585023847,20,9.808427043026313,40,77.06243082593666,7,15,0.4666666666666667
258,5.272029535626643,16,7.8467416344210505,116,77.05366370886368,8,18,0.4444444444444444
571,11.667941336600052,3,1.471264056453947,522,77.03975712914527,3,8,0.375
512,10.462322179228067,16,7.8467416344210505,128,77.02784635820578,5,9,0.5555555555555556
110,2.24776453069353,16,7.8467416344210505,97,77.02389147712805,22,42,0.5238095238095238
200,4.086844601260964,8,3.9233708172105253,38,77.0136022916975,11,23,0.4782608695652174
268,5.4763717656896915,12,5.885056225815788,55,77.00199999631123,8,18,0.4444444444444444
587,11.994888904700929,6,2.942528112907894,490,76.95183343514411,6,8,0.75
375,7.662833627364307,8,3.9233708172105253,164,76.94526933334105,9,12,0.75
421,8.602807885654329,16,7.8467416344210505,401,76.9225229646038,10,11,0.9090909090909091
683,13.956574313306191,20,9.808427043026313,674,76.9131943344269,3,6,0.5
384,7.8467416344210505,8,3.9233708172105253,108,76.90479084630016,7,12,0.5833333333333334
487,9.951466604070447,3,1.471264056453947,200,76.87865470286029,4,10,0.4
444,9.07279501479934,12,5.885056225815788,332,76.86265838496284,6,10,0.6
495,10.114940388120885,4,1.9616854086052626,159,76.85557763001724,5,10,0.5
324,6.620688254042761,8,3.9233708172105253,24,76.85278770522021,7,15,0.4666666666666667
658,13.445718738148571,16,7.8467416344210505,323,76.80002796911049,3,7,0.42857142857142855
488,9.971900827076752,3,1.471264056453947,200,76.77450276418101,6,10,0.6
653,13.343547623117047,16,7.8467416344210505,330,76.77330258501387,3,7,0.42857142857142855
183,3.739462810153782,12,5.885056225815788,17,76.76445992763675,16,26,0.6153846153846154
465,9.501913697931741,16,7.8467416344210505,269,76.74547172919343,7,10,0.7
477,9.747124374007399,6,2.942528112907894,233,76.73888247647125,7,10,0.7
526,10.748401301316335,12,5.885056225815788,86,76.73264524588241,6,9,0.6666666666666666
605,12.362704918814416,12,5.885056225815788,454,76.7318911885328,6,7,0.8571428571428571
187,3.821199702179001,20,9.808427043026313,165,76.72296131204034,14,24,0.5833333333333334
197,4.025541932242049,6,2.942528112907894,84,76.71778337705388,13,24,0.5416666666666666
182,3.719028587147477,16,7.8467416344210505,26,76.67796483205599,14,26,0.5384615384615384
513,10.482756402234372,16,7.8467416344210505,125,76.67668497216046,5,9,0.5555555555555556
129,2.6360147678133217,16,7.8467416344210505,97,76.66745707304973,18,36,0.5
419,8.56193943964172,16,7.8467416344210505,407,76.66543193774766,10,11,0.9090909090909091
432,8.827584338723682,8,3.9233708172105253,348,76.62639615247673,5,10,0.5
431,8.807150115717377,8,3.9233708172105253,362,76.61594643484611,3,10,0.3
515,10.523624848246982,12,5.885056225815788,119,76.60550666366711,5,9,0.5555555555555556
289,5.905490448822093,4,1.9616854086052626,219,76.6037916809337,3,16,0.1875
682,13.936140090299887,20,9.808427043026313,677,76.59681593022161,3,6,0.5
551,11.259256876473955,20,9.808427043026313,539,76.59615518654806,4,8,0.5
445,9.093229237805645,8,3.9233708172105253,329,76.59128419200657,5,10,0.5
190,3.8825023711979156,8,3.9233708172105253,139,76.57081601837169,16,24,0.6666666666666666
670,13.690929414224229,16,7.8467416344210505,23,76.52709253744348,5,7,0.7142857142857143
711,14.528732557482726,16,7.8467416344210505,242,76.52519258837458,5,7,0.7142857142857143
426,8.704979000685853,8,3.9233708172105253,386,76.52365056495125,5,10,0.5
124,2.5338436527817976,12,5.885056225815788,52,76.49931215719783,23,37,0.6216216216216216
433,8.848018561729987,8,3.9233708172105253,345,76.48841274404818,5,10,0.5
144,2.942528112907894,6,2.942528112907894,80,76.47053463167609,4,32,0.125
401,8.194123425528232,6,2.942528112907894,58,76.45653847887948,6,12,0.5
311,6.355043354960799,16,7.8467416344210505,109,76.43301580126735,9,15,0.6
143,2.922093889901589,20,9.808427043026313,88,76.4218362653489,9,32,0.28125
305,6.23243801692297,16,7.8467416344210505,139,76.42059216429698,9,15,0.6
539,11.014046200398298,12,5.885056225815788,27,76.39795226052361,4,9,0.4444444444444444
617,12.607915594890073,8,3.9233708172105253,430,76.37466349434784,4,7,0.5714285714285714
657,13.425284515142266,12,5.885056225815788,326,76.37216741611626,3,7,0.42857142857142855
731,14.937417017608823,3,1.471264056453947,202,76.36299572129171,3,7,0.42857142857142855
284,5.803319333790569,16,7.8467416344210505,244,76.34606803433995,8,16,0.5
598,12.219665357770282,8,3.9233708172105253,468,76.33216386711194,5,7,0.7142857142857143
638,13.037034278022475,16,7.8467416344210505,383,76.33083386346023,4,7,0.5714285714285714
366,7.478925620307564,6,2.942528112907894,200,76.30090224088072,9,13,0.6923076923076923
625,12.771389378940512,8,3.9233708172105253,414,76.29420749582837,5,7,0.7142857142857143
609,12.444441810839635,8,3.9233708172105253,446,76.28955447197846,5,7,0.7142857142857143
295,6.028095786859922,8,3.9233708172105253,189,76.27802636911527,9,16,0.5625
464,9.481479474925436,16,7.8467416344210505,269,76.27696658801037,5,10,0.5
364,7.438057174294954,20,9.808427043026313,205,76.27540713967916,7,13,0.5384615384615384
601,12.280968026789196,8,3.9233708172105253,461,76.27507548364413,5,7,0.7142857142857143
648,13.241376508085523,8,3.9233708172105253,348,76.27399959718245,3,7,0.42857142857142855
425,8.684544777679548,8,3.9233708172105253,389,76.27034384205585,5,10,0.5
191,3.9029365942042205,8,3.9233708172105253,123,76.23678743270592,13,24,0.5416666666666666
527,10.76883552432264,12,5.885056225815788,83,76.22376035508204,6,9,0.6666666666666666
204,4.168581493286183,8,3.9233708172105253,32,76.21114455893019,14,23,0.6086956521739131
420,8.582373662648024,16,7.8467416344210505,404,76.21070629437833,10,11,0.9090909090909091
310,6.334609131954494,16,7.8467416344210505,114,76.1833270889677,9,15,0.6
649,13.261810731091828,8,3.9233708172105253,344,76.1686360366846,3,7,0.42857142857142855
207,4.229884162305098,16,7.8467416344210505,192,76.16253864129065,11,22,0.5
312,6.375477577967104,12,5.885056225815788,104,76.1500002551536,10,15,0.6666666666666666
646,13.200508062072913,16,7.8467416344210505,353,76.13114972394284,3,7,0.42857142857142855
373,7.6219651813516975,8,3.9233708172105253,168,76.1299510340027,8,12,0.6666666666666666
572,11.688375559606357,3,1.471264056453947,520,76.09898624537715,3,8,0.375
593,12.117494242738758,6,2.942528112907894,459,76.09550193547668,5,8,0.625
533,10.891440862360469,20,9.808427043026313,62,76.09042186760705,6,9,0.6666666666666666
712,14.549166780489031,12,5.885056225815788,240,76.085212171014,4,7,0.5714285714285714
459,9.379308359893912,8,3.9233708172105253,287,76.07249458045189,6,10,0.6
647,13.220942285079218,16,7.8467416344210505,351,76.06701326178276,3,7,0.42857142857142855
294,6.007661563853617,8,3.9233708172105253,194,76.0631150115017,9,16,0.5625
696,14.222219212388154,20,9.808427043026313,647,76.05162395245114,3,6,0.5
462,9.440611028912826,12,5.885056225815788,278,76.049556390518,5,10,0.5
416,8.500636770622805,12,5.885056225815788,391,76.04211246958393,6,11,0.5454545454545454
684,13.977008536312496,20,9.808427043026313,669,76.03806539737823,3,6,0.5
304,6.212003793916665,20,9.808427043026313,141,76.01711146839503,10,15,0.6666666666666666
387,7.908044303439965,6,2.942528112907894,97,76.01306579214543,6,12,0.5
599,12.240099580776587,8,3.9233708172105253,466,75.97131951681524,5,7,0.7142857142857143
548,11.19795420745504,16,7.8467416344210505,541,75.95408041102294,3,8,0.375
651,13.302679177104437,20,9.808427043026313,332,75.9329301550137,3,7,0.42857142857142855
514,10.503190625240677,16,7.8467416344210505,497,75.92814615981159,4,9,0.4444444444444444
293,5.987227340847312,4,1.9616854086052626,199,75.92305822220713,4,16,0.25
299,6.109832678885141,20,9.808427043026313,150,75.91846770109973,11,15,0.7333333333333333
637,13.01660005501617,16,7.8467416344210505,386,75.91187597366611,5,7,0.7142857142857143
436,8.909321230748901,4,1.9616854086052626,354,75.90110057662758,3,10,0.3
563,11.504467552549613,16,7.8467416344210505,538,75.89289141462244,5,8,0.625
549,11.218388430461346,16,7.8467416344210505,539,75.87683250954659,3,8,0.375
502,10.25797994916502,12,5.885056225815788,158,75.8753786283801,6,9,0.6666666666666666
469,9.58365058995696,12,5.885056225815788,256,75.84074448785293,7,10,0.7
480,9.808427043026313,6,2.942528112907894,224,75.81298409819077,6,10,0.6
503,10.278414172171324,12,5.885056225815788,155,75.81214596362047,6,9,0.6666666666666666
396,8.091952310496708,3,1.471264056453947,77,75.79798194056953,5,12,0.4166666666666667
252,5.149424197588814,20,9.808427043026313,131,75.79585728776081,10,18,0.5555555555555556
626,12.791823601946817,8,3.9233708172105253,412,75.79321613164525,5,7,0.7142857142857143
331,6.763727815086895,16,7.8467416344210505,311,75.78627026124654,7,14,0.5
318,6.4980829160049325,12,5.885056225815788,71,75.77822952478058,10,15,0.6666666666666666
597,12.199231134763977,8,3.9233708172105253,470,75.76554001644544,5,7,0.7142857142857143
320,6.538951362017542,16,7.8467416344210505,45,75.75474521018775,8,15,0.5333333333333333
578,11.810980897644185,12,5.885056225815788,499,75.74469273400541,3,8,0.375
288,5.885056225815788,4,1.9616854086052626,224,75.73298988827005,3,16,0.1875
418,8.541505216635414,16,7.8467416344210505,410,75.72692183162114,10,11,0.9090909090909091
630,12.873560493972036,12,5.885056225815788,404,75.7153001896763,6,7,0.8571428571428571
645,13.180073839066608,16,7.8467416344210505,355,75.71497475721374,3,7,0.42857142857142855
272,5.558108657714911,16,7.8467416344210505,13,75.71367109933469,8,17,0.47058823529411764
308,6.293740685941884,16,7.8467416344210505,124,75.70222172776272,8,15,0.5333333333333333
585,11.95402045868832,3,1.471264056453947,494,75.67713477876796,3,8,0.375
533,10.891440862360469,16,7.8467416344210505,65,75.66831012171168,6,9,0.6666666666666666
592,12.097060019732453,6,2.942528112907894,456,75.65818364033132,4,8,0.5
447,9.134097683818254,8,3.9233708172105253,323,75.6461850957411,4,10,0.4
261,5.333332204645558,16,7.8467416344210505,98,75.61769570676431,8,18,0.4444444444444444
357,7.29501761325082,16,7.8467416344210505,236,75.6115110619357,9,13,0.6923076923076923
359,7.33588605926343,16,7.8467416344210505,228,75.60828265342235,7,13,0.5384615384615384
570,11.647507113593747,3,1.471264056453947,524,75.60788407308343,3,8,0.375
422,8.623242108660634,16,7.8467416344210505,395,75.60336899237849,9,11,0.8181818181818182
531,10.850572416347859,12,5.885056225815788,71,75.59776754451728,6,9,0.6666666666666666
644,13.159639616060304,16,7.8467416344210505,357,75.59052464226826,4,7,0.5714285714285714
406,8.296294540559757,4,1.9616854086052626,20,75.57494248147486,7,12,0.5833333333333334
441,9.011492345780425,8,3.9233708172105253,341,75.57137129061887,5,10,0.5
538,10.993611977391993,16,7.8467416344210505,27,75.55540802089381,6,9,0.6666666666666666
516,10.544059071253287,12,5.885056225815788,116,75.55445381807449,5,9,0.5555555555555556
147,3.0038307819268084,12,5.885056225815788,47,75.53923643503848,16,32,0.5
292,5.966793117841007,6,2.942528112907894,204,75.53800926109857,5,16,0.3125
669,13.670495191217924,16,7.8467416344210505,23,75.53771506676145,5,7,0.7142857142857143
573,11.708809782612661,4,1.9616854086052626,516,75.51810041014562,3,8,0.375
192,3.9233708172105253,8,3.9233708172105253,109,75.51351131532147,12,24,0.5
397,8.112386533503013,3,1.471264056453947,67,75.49214762042267,4,12,0.3333333333333333
187,3.821199702179001,16,7.8467416344210505,167,75.49133701747787,14,24,0.5833333333333334
143,2.922093889901589,4,1.9616854086052626,91,75.46526467438481,6,32,0.1875
409,8.357597209578671,4,1.9616854086052626,5,75.46465082954181,6,12,0.5
494,10.09450616511458,4,1.9616854086052626,163,75.4637192914921,5,10,0.5
434,8.868452784736292,8,3.9233708172105253,340,75.45930609434919,5,10,0.5
497,10.155808834133495,8,3.9233708172105253,150,75.43984163611283,3,10,0.3
547,11.177519984448736,16,7.8467416344210505,541,75.42093106817768,3,8,0.375
381,7.785438965402136,8,3.9233708172105253,129,75.42010599190326,8,12,0.6666666666666666
374,7.642399404358002,6,2.942528112907894,167,75.4072299859929,8,12,0.6666666666666666
164,3.3512125730339903,16,7.8467416344210505,1,75.40547854419953,15,29,0.5172413793103449
655,13.384416069129657,8,3.9233708172105253,331,75.39793634361367,3,7,0.42857142857142855
643,13.139205393053999,16,7.8467416344210505,359,75.39720506251795,4,7,0.5714285714285714
522,10.666664409291116,8,3.9233708172105253,98,75.39075797691034,5,9,0.5555555555555556
202,4.1277130472735735,8,3.9233708172105253,24,75.37739897489686,14,23,0.6086956521739131
266,5.435503319677082,12,5.885056225815788,68,75.37444565065167,11,18,0.6111111111111112
315,6.436780246986018,16,7.8467416344210505,69,75.37050027735735,7,15,0.4666666666666667
383,7.826307411414746,8,3.9233708172105253,126,75.35353928300363,7,12,0.5833333333333334
535,10.932309308373078,20,9.808427043026313,56,75.34895923683267,4,9,0.4444444444444444
485,9.910598158057837,4,1.9616854086052626,208,75.31096938407302,5,10,0.5
449,9.174966129830864,8,3.9233708172105253,317,75.2765924949066,7,10,0.7
102,2.0842907466430916,16,7.8467416344210505,25,75.23490372411332,25,46,0.5434782608695652
659,13.466152961154876,16,7.8467416344210505,320,75.22817418233441,3,7,0.42857142857142855
359,7.33588605926343,20,9.808427043026313,225,75.22453532659902,7,13,0.5384615384615384
584,11.933586235682014,4,1.9616854086052626,496,75.21560128394083,3,8,0.375
634,12.955297385997255,12,5.885056225815788,395,75.18867777290654,5,7,0.7142857142857143
126,2.574712098794407,12,5.885056225815788,22,75.18561198413448,22,37,0.5945945945945946
729,14.896548571596213,3,1.471264056453947,206,75.17150686787201,3,7,0.42857142857142855
429,8.766281669704767,8,3.9233708172105253,374,75.15658408350221,3,10,0.3
475,9.706255927994789,6,2.942528112907894,239,75.1512362077623,8,10,0.8
639,13.05746850102878,16,7.8467416344210505,380,75.14561281597483,4,7,0.5714285714285714
484,9.890163935051532,4,1.9616854086052626,212,75.12661078594331,5,10,0.5
564,11.524901775555918,16,7.8467416344210505,536,75.12423779417054,5,8,0.625
440,8.99105812277412,6,2.942528112907894,344,75.11860058767655,4,10,0.4
546,11.157085761442431,16,7.8467416344210505,2,75.10854931385758,4,9,0.4444444444444444
452,9.236268798849778,12,5.885056225815788,308,75.10643616483988,6,10,0.6
660,13.48658718416118,20,9.808427043026313,317,75.0950530912365,3,7,0.42857142857142855
652,13.323113400110742,16,7.8467416344210505,331,75.09466966950743,3,7,0.42857142857142855
581,11.8722835666631,12,5.885056225815788,480,75.07630047119882,3,8,0.375
450,9.195400352837169,8,3.9233708172105253,314,75.05477492213508,7,10,0.7
369,7.540228289326478,4,1.9616854086052626,187,75.02287692465613,9,13,0.6923076923076923
251,5.12898997458251,16,7.8467416344210505,158,75.00918302643466,11,18,0.6111111111111112
414,8.459768324610195,8,3.9233708172105253,398,74.96834353734394,7,11,0.6363636363636364
159,3.2490414580024662,16,7.8467416344210505,71,74.9483637993877,17,29,0.5862068965517241
468,9.563216366950655,12,5.885056225815788,260,74.9278810848325,7,10,0.7
714,14.59003522650164,8,3.9233708172105253,234,74.92392849746093,3,7,0.42857142857142855
128,2.615580544807017,20,9.808427043026313,109,74.88905862413833,22,36,0.6111111111111112
730,14.916982794602518,3,1.471264056453947,204,74.87634256273986,3,7,0.42857142857142855
654,13.363981846123352,12,5.885056225815788,329,74.83609481784791,3,7,0.42857142857142855
658,13.445718738148571,12,5.885056225815788,323,74.83583523996079,3,7,0.42857142857142855
654,13.363981846123352,8,3.9233708172105253,332,74.82611207804025,3,7,0.42857142857142855
370,7.560662512332783,6,2.942528112907894,184,74.8237676894127,9,13,0.6923076923076923
534,10.911875085366773,12,5.885056225815788,62,74.81901269198413,4,9,0.4444444444444444
428,8.745847446698463,6,2.942528112907894,380,74.81481752918275,3,10,0.3
290,5.9259246718283975,4,1.9616854086052626,211,74.80750855457491,3,16,0.1875
439,8.970623899767816,4,1.9616854086052626,347,74.79464414195725,3,10,0.3
608,12.42400758783333,8,3.9233708172105253,448,74.78238185916668,5,7,0.7142857142857143
574,11.729244005618966,6,2.942528112907894,509,74.77515614898901,3,8,0.375
594,12.137928465745063,6,2.942528112907894,455,74.76895388631662,6,8,0.75
568,11.606638667581137,4,1.9616854086052626,528,74.76296741635646,4,8,0.5
633,12.93486316299095,12,5.885056225815788,398,74.76215184903837,6,7,0.8571428571428571
521,10.64623018628481,6,2.942528112907894,101,74.75356371538113,4,9,0.4444444444444444
458,9.358874136887607,8,3.9233708172105253,290,74.75108719473553,6,10,0.6
319,6.518517139011237,16,7.8467416344210505,61,74.73602508848548,10,15,0.6666666666666666
330,6.74329359208059,12,5.885056225815788,317,74.72332457006698,7,14,0.5
716,14.63090367251425,8,3.9233708172105253,230,74.72091961566416,3,7,0.42857142857142855
264,5.394634873664472,12,5.885056225815788,80,74.71386120097665,10,18,0.5555555555555556
564,11.524901775555918,20,9.808427043026313,533,74.70365191309159,5,8,0.625
108,2.2068960846809205,20,9.808427043026313,21,74.70309017548865,21,43,0.4883720930232558
303,6.19156957091036,20,9.808427043026313,146,74.67541204929344,11,15,0.7333333333333333
668,13.65006096821162,16,7.8467416344210505,27,74.66823847501573,5,7,0.7142857142857143
471,9.62451903596957,12,5.885056225815788,232,74.65533761302281,4,10,0.4
343,7.008938491162553,20,9.808427043026313,322,74.65169653719373,4,13,0.3076923076923077
536,10.952743531379383,16,7.8467416344210505,55,74.64964513112737,4,9,0.4444444444444444
631,12.89399471697834,12,5.885056225815788,402,74.63934567434082,6,7,0.8571428571428571
635,12.97573160900356,12,5.885056225815788,392,74.63896172286687,5,7,0.7142857142857143
624,12.750955155934207,8,3.9233708172105253,416,74.63567316884325,5,7,0.7142857142857143
550,11.23882265346765,16,7.8467416344210505,541,74.6349726658975,4,8,0.5
642,13.118771170047694,16,7.8467416344210505,361,74.63241501627485,4,7,0.5714285714285714
562,11.484033329543308,16,7.8467416344210505,540,74.62729939569454,5,8,0.625
314,6.416346023979713,12,5.885056225815788,92,74.6216663602088,9,15,0.6
198,4.045976155248354,8,3.9233708172105253,80,74.59902107574183,13,23,0.5652173913043478
424,8.664110554673243,8,3.9233708172105253,392,74.59417244452747,5,11,0.45454545454545453
415,8.4802025476165,8,3.9233708172105253,394,74.58153716526785,5,11,0.45454545454545453
325,6.641122477049066,8,3.9233708172105253,20,74.57103811505583,6,15,0.4
618,12.628349817896378,8,3.9233708172105253,428,74.56151167035561,4,7,0.5714285714285714
270,5.517240211702301,8,3.9233708172105253,22,74.52598072551532,9,18,0.5
376,7.683267850370612,8,3.9233708172105253,160,74.51685972314154,9,12,0.75
368,7.519794066320173,4,1.9616854086052626,192,74.51095458702602,10,13,0.7692307692307693
371,7.581096735339088,6,2.942528112907894,177,74.50967933099713,9,13,0.6923076923076923
595,12.158362688751367,8,3.9233708172105253,450,74.49715233034908,6,8,0.75
377,7.703702073376917,8,3.9233708172105253,156,74.49563129221254,10,12,0.8333333333333334
640,13.077902724035084,16,7.8467416344210505,377,74.4846666795434,4,7,0.5714285714285714
453,9.256703021856083,12,5.885056225815788,305,74.48405927672977,6,10,0.6
486,9.931032381064142,4,1.9616854086052626,204,74.4643256308028,5,10,0.5
184,3.7598970331600867,8,3.9233708172105253,8,74.45897340935515,15,26,0.5769230769230769
713,14.569601003495336,8,3.9233708172105253,238,74.45411981094932,4,7,0.5714285714285714
380,7.765004742395831,6,2.942528112907894,136,74.45154787022396,9,12,0.75
358,7.315451836257125,20,9.808427043026313,229,74.43237599360936,8,13,0.6153846153846154
302,6.171135347904055,20,9.808427043026313,151,74.43223066489146,10,15,0.6666666666666666
246,5.0268188595509855,8,3.9233708172105253,187,74.42853606545113,11,19,0.5789473684210527
632,12.914428939984646,12,5.885056225815788,400,74.42089635695909,6,7,0.8571428571428571
307,6.2733064629355795,12,5.885056225815788,129,74.41909737101744,8,15,0.5333333333333333
286,5.844187779803178,3,1.471264056453947,234,74.40928745871213,4,16,0.25
304,6.212003793916665,16,7.8467416344210505,144,74.40500424295186,10,15,0.6666666666666666
473,9.66538748198218,8,3.9233708172105253,223,74.39965833225044,4,10,0.4
602,12.301402249795501,8,3.9233708172105253,457,74.39205340784339,5,7,0.7142857142857143
245,5.006384636544681,8,3.9233708172105253,191,74.3837175947235,10,19,0.5263157894736842
664,13.5683240761864,20,9.808427043026313,47,74.35918377046421,3,7,0.42857142857142855
663,13.547889853180095,20,9.808427043026313,53,74.35844180190789,3,7,0.42857142857142855
437,8.929755453755206,4,1.9616854086052626,351,74.3511959922721,3,10,0.3
576,11.770112451631576,8,3.9233708172105253,489,74.34174193228858,4,8,0.5
567,11.586204444574832,6,2.942528112907894,530,74.3003592777492,4,8,0.5
648,13.241376508085523,16,7.8467416344210505,347,74.29648595398746,3,7,0.42857142857142855
505,10.319282618183934,16,7.8467416344210505,17,74.2923419013922,5,10,0.5
309,6.314174908948189,20,9.808427043026313,116,74.27963110776611,8,15,0.5333333333333333
306,6.252872239929275,12,5.885056225815788,134,74.27645816817076,9,15,0.6
566,11.565770221568528,20,9.808427043026313,529,74.26356914109401,5,8,0.625
342,6.988504268156248,20,9.808427043026313,329,74.24723374734744,5,13,0.38461538461538464
263,5.374200650658167,12,5.885056225815788,86,74.20418178752264,11,18,0.6111111111111112
160,3.269475681008771,16,7.8467416344210505,45,74.18504527613192,14,29,0.4827586206896552
565,11.545335998562223,20,9.808427043026313,531,74.16069817245034,5,8,0.625
520,10.625795963278506,4,1.9616854086052626,104,74.15297404416013,4,9,0.4444444444444444
715,14.610469449507946,6,2.942528112907894,233,74.14582638425748,3,7,0.42857142857142855
656,13.404850292135961,8,3.9233708172105253,329,74.14045523483911,4,7,0.5714285714285714
685,13.997442759318801,20,9.808427043026313,664,74.13485924185731,3,6,0.5
185,3.7803312561663915,16,7.8467416344210505,184,74.13014412654438,13,25,0.52
284,5.803319333790569,20,9.808427043026313,241,74.11298292793975,8,16,0.5
543,11.095783092423517,12,5.885056225815788,16,74.10711804335531,5,9,0.5555555555555556
400,8.173689202521928,4,1.9616854086052626,40,74.1038914575601,5,12,0.4166666666666667
242,4.945081967525766,16,7.8467416344210505,212,74.10327954079227,11,19,0.5789473684210527
466,9.522347920938046,12,5.885056225815788,266,74.10158239738946,7,10,0.7
427,8.725413223692158,6,2.942528112907894,383,74.08082412608505,4,10,0.4
552,11.27969109948026,20,9.808427043026313,537,74.06828459800464,4,8,0.5
385,7.867175857427355,6,2.942528112907894,105,74.04317364935811,7,12,0.5833333333333334
460,9.399742582900217,8,3.9233708172105253,284,74.02136199656091,6,10,0.6
582,11.892717789669405,6,2.942528112907894,495,74.01496289284154,3,8,0.375
611,12.485310256852244,6,2.942528112907894,442,74.0111483969602,5,7,0.7142857142857143
446,9.11366346081195,6,2.942528112907894,325,73.99139544088234,4,10,0.4
535,10.932309308373078,12,5.885056225815788,59,73.98251866070724,4,9,0.4444444444444444
208,4.250318385311402,20,9.808427043026313,186,73.98058094848543,10,22,0.45454545454545453
565,11.545335998562223,16,7.8467416344210505,534,73.96794893232673,5,8,0.625
478,9.767558597013704,6,2.942528112907894,230,73.96409231975078,6,10,0.6
653,13.343547623117047,8,3.9233708172105253,333,73.95987792090781,3,7,0.42857142857142855
289,5.905490448822093,3,1.471264056453947,219,73.95486958654845,3,16,0.1875
298,6.089398455878836,16,7.8467416344210505,174,73.94845651695961,9,15,0.6
612,12.50574447985855,6,2.942528112907894,440,73.94301441977771,5,7,0.7142857142857143
260,5.312897981639253,6,2.942528112907894,104,73.9319860023898,7,18,0.3888888888888889
622,12.710086709921598,8,3.9233708172105253,420,73.91922384142836,4,7,0.5714285714285714
665,13.588758299192705,20,9.808427043026313,42,73.91210205796582,3,7,0.42857142857142855
536,10.952743531379383,20,9.808427043026313,27,73.90063746867008,6,9,0.6666666666666666
666,13.60919252219901,20,9.808427043026313,39,73.89627518339142,3,7,0.42857142857142855
583,11.91315201267571,4,1.9616854086052626,498,73.89482862090019,3,8,0.375
717,14.651337895520555,12,5.885056225815788,225,73.89030328174664,3,7,0.42857142857142855
575,11.749678228625271,8,3.9233708172105253,494,73.88874870439238,4,8,0.5
310,6.334609131954494,20,9.808427043026313,95,73.88329652674463,8,15,0.5333333333333333
569,11.627072890587442,4,1.9616854086052626,526,73.84179674803919,4,8,0.5
641,13.098336947041389,16,7.8467416344210505,363,73.80407756375779,4,7,0.5714285714285714
463,9.461045251919131,12,5.885056225815788,275,73.79218455292204,6,10,0.6
379,7.7445705193895265,6,2.942528112907894,145,73.78848804761556,10,12,0.8333333333333334
82,1.6756062865169952,20,9.808427043026313,1,73.78722204760483,29,57,0.5087719298245614
405,8.275860317553452,3,1.471264056453947,22,73.72929515714968,7,12,0.5833333333333334
500,10.21711150315241,8,3.9233708172105253,143,73.70593953358222,5,9,0.5555555555555556
465,9.501913697931741,12,5.885056225815788,269,73.69789960184976,7,10,0.7
430,8.786715892711072,6,2.942528112907894,366,73.67920961949567,3,10,0.3
649,13.261810731091828,20,9.808427043026313,341,73.67712776415236,3,7,0.42857142857142855
596,12.178796911757672,8,3.9233708172105253,472,73.667900178043,5,7,0.7142857142857143
523,10.68709863229742,8,3.9233708172105253,95,73.65507960709782,5,9,0.5555555555555556
123,2.5134094297754928,8,3.9233708172105253,64,73.65137511006691,21,38,0.5526315789473685
627,12.812257824953122,8,3.9233708172105253,410,73.65118531208789,5,7,0.7142857142857143
496,10.13537461112719,4,1.9616854086052626,151,73.64838569974793,5,10,0.5
649,13.261810731091828,6,2.942528112907894,344,73.63303542869464,3,7,0.42857142857142855
363,7.417622951288649,16,7.8467416344210505,212,73.60420116160314,7,13,0.5384615384615384
288,5.885056225815788,3,1.471264056453947,224,73.59020509476967,3,16,0.1875
579,11.83141512065049,8,3.9233708172105253,498,73.58559398174009,3,8,0.375
303,6.19156957091036,16,7.8467416344210505,149,73.5848428837215,11,15,0.7333333333333333
479,9.787992820020008,6,2.942528112907894,227,73.58187681454653,6,10,0.6
399,8.153254979515623,3,1.471264056453947,47,73.55398790846152,4,12,0.3333333333333333
563,11.504467552549613,20,9.808427043026313,535,73.54116246013423,5,8,0.625
697,14.242653435394459,20,9.808427043026313,644,73.53472244095235,3,6,0.5
476,9.726690151001094,6,2.942528112907894,234,73.5230550777081,7,10,0.7
499,10.196677280146105,8,3.9233708172105253,147,73.5128451811145,4,9,0.4444444444444444
378,7.724136296383222,6,2.942528112907894,151,73.50459848559414,10,12,0.8333333333333334
577,11.79054667463788,8,3.9233708172105253,488,73.50240455045206,4,8,0.5
386,7.88761008043366,6,2.942528112907894,100,73.4266290825088,6,12,0.5
188,3.841633925185306,12,5.885056225815788,160,73.39911949314116,16,24,0.6666666666666666
146,2.9833965589205036,8,3.9233708172105253,58,73.39886315095228,9,32,0.28125
433,8.848018561729987,6,2.942528112907894,344,73.38762709817165,5,10,0.5
653,13.343547623117047,12,5.885056225815788,330,73.37721800179769,3,7,0.42857142857142855
544,11.116217315429822,12,5.885056225815788,13,73.36904095019756,5,9,0.5555555555555556
255,5.210726866607729,20,9.808427043026313,115,73.3478081109742,12,18,0.6666666666666666
615,12.567047148877464,6,2.942528112907894,434,73.34347440943115,4,7,0.5714285714285714
470,9.604084812963265,12,5.885056225815788,254,73.3279149518667,8,10,0.8
495,10.114940388120885,3,1.471264056453947,159,73.32445194307769,5,10,0.5
711,14.528732557482726,12,5.885056225815788,242,73.32015377039691,5,7,0.7142857142857143
248,5.067687305563595,12,5.885056225815788,151,73.31555708559573,10,19,0.5263157894736842
382,7.805873188408441,8,3.9233708172105253,130,73.31105153048586,7,12,0.5833333333333334
165,3.371646796040295,20,9.808427043026313,152,73.29950380350823,14,28,0.5
537,10.973177754385688,16,7.8467416344210505,27,73.29674316679424,6,9,0.6666666666666666
265,5.415069096670777,12,5.885056225815788,74,73.27471802699635,11,18,0.6111111111111112
410,8.378031432584976,4,1.9616854086052626,1,73.26270308356875,7,12,0.5833333333333334
662,13.52745563017379,20,9.808427043026313,56,73.26101597242481,3,7,0.42857142857142855
457,9.338439913881302,8,3.9233708172105253,293,73.25519937367102,6,10,0.6
493,10.074071942108276,4,1.9616854086052626,178,73.22501261416332,6,10,0.6
610,12.46487603384594,6,2.942528112907894,444,73.22308443350471,5,7,0.7142857142857143
507,10.360151064196543,16,7.8467416344210505,21,73.21151839992402,7,10,0.7
532,10.871006639354164,12,5.885056225815788,68,73.20648485254294,6,9,0.6666666666666666
145,2.9629623359141988,6,2.942528112907894,65,73.20378761220941,4,32,0.125
199,4.066410378254659,8,3.9233708172105253,59,73.16249721806257,11,23,0.4782608695652174
287,5.864622002809483,4,1.9616854086052626,229,73.14670629410207,3,16,0.1875
259,5.292463758632948,6,2.942528112907894,110,73.1454119806937,7,18,0.3888888888888889
467,9.54278214394435,12,5.885056225815788,243,73.12035606626516,5,10,0.5
291,5.946358894834702,4,1.9616854086052626,209,73.11381212043615,3,16,0.1875
372,7.601530958345393,6,2.942528112907894,169,73.08171775226452,8,13,0.6153846153846154
613,12.526178702864854,6,2.942528112907894,438,73.07741846376646,5,7,0.7142857142857143
616,12.587481371883769,6,2.942528112907894,432,73.07604584903956,4,7,0.5714285714285714
269,5.496805988695996,12,5.885056225815788,27,73.06420515166552,11,18,0.6111111111111112
411,8.39846565559128,4,1.9616854086052626,407,73.06338672702036,7,11,0.6363636363636364
518,10.584927517265896,4,1.9616854086052626,110,73.06284439502953,4,9,0.4444444444444444
511,10.441887956221763,12,5.885056225815788,131,73.06049804778407,5,9,0.5555555555555556
497,10.155808834133495,6,2.942528112907894,150,73.02931025251262,3,10,0.3
431,8.807150115717377,6,2.942528112907894,362,73.02904202941178,3,10,0.3
655,13.384416069129657,6,2.942528112907894,331,73.01570909568568,3,7,0.42857142857142855
650,13.282244954098132,8,3.9233708172105253,339,73.00068112671488,3,7,0.42857142857142855
300,6.130266901891446,20,9.808427043026313,140,73.00040058297239,11,15,0.7333333333333333
250,5.108555751576205,12,5.885056225815788,143,72.98378293509657,7,18,0.3888888888888889
614,12.546612925871159,6,2.942528112907894,436,72.97046693006074,4,7,0.5714285714285714
603,12.321836472801806,8,3.9233708172105253,453,72.9701688643897,5,7,0.7142857142857143
651,13.302679177104437,16,7.8467416344210505,332,72.93102725405578,3,7,0.42857142857142855
660,13.48658718416118,16,7.8467416344210505,317,72.90835867357002,3,7,0.42857142857142855
417,8.52107099362911,12,5.885056225815788,389,72.90376317569726,6,11,0.5454545454545454
461,9.420176805906522,8,3.9233708172105253,281,72.9005363853787,5,10,0.5
657,13.425284515142266,8,3.9233708172105253,326,72.89618164484442,4,7,0.5714285714285714
648,13.241376508085523,6,2.942528112907894,348,72.89403111886635,3,7,0.42857142857142855
591,12.076625796726148,4,1.9616854086052626,462,72.8896923713322,4,8,0.5
652,13.323113400110742,8,3.9233708172105253,334,72.8771032297867,3,7,0.42857142857142855
623,12.730520932927902,8,3.9233708172105253,418,72.86587386664233,5,7,0.7142857142857143
254,5.190292643601424,20,9.808427043026313,121,72.85711110239266,10,18,0.5555555555555556
506,10.339716841190238,16,7.8467416344210505,21,72.84156608350673,6,10,0.6
563,11.504467552549613,12,5.885056225815788,538,72.82871734272473,5,8,0.625
249,5.0881215285699,12,5.885056225815788,150,72.8278585081302,8,19,0.42105263157894735
421,8.602807885654329,12,5.885056225815788,401,72.80447535939338,10,11,0.9090909090909091
619,12.648784040902683,8,3.9233708172105253,426,72.78656763266129,4,7,0.5714285714285714
429,8.766281669704767,6,2.942528112907894,374,72.78236962102932,3,10,0.3
360,7.356320282269735,16,7.8467416344210505,224,72.77780320876568,7,13,0.5384615384615384
284,5.803319333790569,12,5.885056225815788,244,72.76731026262256,8,16,0.5
328,6.702425146067981,8,3.9233708172105253,1,72.75713257418677,9,15,0.6
548,11.19795420745504,12,5.885056225815788,541,72.7138825767262,3,8,0.375
504,10.298848395177629,12,5.885056225815788,150,72.68588673915896,6,9,0.6666666666666666
519,10.605361740272201,4,1.9616854086052626,107,72.68428042302283,4,9,0.4444444444444444
659,13.466152961154876,12,5.885056225815788,320,72.67434841422856,3,7,0.42857142857142855
331,6.763727815086895,12,5.885056225815788,311,72.65497715561249,7,14,0.5
621,12.689652486915293,8,3.9233708172105253,422,72.63210391449743,4,7,0.5714285714285714
584,11.933586235682014,3,1.471264056453947,496,72.61583901797263,3,8,0.375
316,6.457214469992323,12,5.885056225815788,84,72.60837613038294,11,15,0.7333333333333333
432,8.827584338723682,6,2.942528112907894,348,72.60253054097173,5,10,0.5
566,11.565770221568528,8,3.9233708172105253,532,72.59741271682509,4,8,0.5
93,1.9003827395863482,20,9.808427043026313,57,72.59301788170471,24,50,0.48
541,11.054914646410907,8,3.9233708172105253,21,72.56882329056268,4,9,0.4444444444444444
313,6.395911800973408,8,3.9233708172105253,99,72.5678761656488,9,15,0.6
398,8.132820756509318,3,1.471264056453947,51,72.56161482750771,4,12,0.3333333333333333
607,12.403573364827025,8,3.9233708172105253,450,72.55210358284944,5,7,0.7142857142857143
293,5.987227340847312,3,1.471264056453947,199,72.53495552174553,4,16,0.25
189,3.862068148191611,8,3.9233708172105253,151,72.52392904501521,16,24,0.6666666666666666
383,7.826307411414746,6,2.942528112907894,126,72.51799680129052,7,12,0.5833333333333334
301,6.150701124897751,20,9.808427043026313,156,72.47550118331675,11,15,0.7333333333333333
242,4.945081967525766,20,9.808427043026313,209,72.47451300887955,10,19,0.5263157894736842
244,4.985950413538376,6,2.942528112907894,200,72.4722570192119,11,19,0.5789473684210527
327,6.681990923061676,8,3.9233708172105253,8,72.4496168587656,6,15,0.4
344,7.029372714168858,20,9.808427043026313,316,72.44731398266482,4,13,0.3076923076923077
524,10.707532855303725,8,3.9233708172105253,92,72.43478152402031,5,9,0.5555555555555556
636,12.996165832009865,12,5.885056225815788,389,72.41749242478207,5,7,0.7142857142857143
654,13.363981846123352,6,2.942528112907894,332,72.41128163712544,3,7,0.42857142857142855
580,11.851849343656795,8,3.9233708172105253,496,72.40321121043065,3,8,0.375
604,12.34227069580811,8,3.9233708172105253,449,72.39887592401426,5,7,0.7142857142857143
483,9.869729712045228,4,1.9616854086052626,214,72.38571526992847,5,10,0.5
598,12.219665357770282,6,2.942528112907894,468,72.38070842106134,5,7,0.7142857142857143
436,8.909321230748901,3,1.471264056453947,353,72.37465906908865,3,10,0.3
337,6.886333153124724,16,7.8467416344210505,21,72.37426837645748,7,14,0.5
661,13.507021407167485,20,9.808427043026313,314,72.3642581709159,3,7,0.42857142857142855
322,6.579819808030152,16,7.8467416344210505,35,72.3611773312241,7,15,0.4666666666666667
413,8.43933410160389,6,2.942528112907894,397,72.35552584531672,7,11,0.6363636363636364
309,6.314174908948189,16,7.8467416344210505,119,72.35029605095389,9,15,0.6
438,8.95018967676151,4,1.9616854086052626,350,72.34914560594049,4,10,0.4
448,9.154531906824559,8,3.9233708172105253,320,72.34495959221793,6,10,0.6
404,8.255426094547147,4,1.9616854086052626,26,72.33334778975077,8,12,0.6666666666666666
512,10.462322179228067,12,5.885056225815788,128,72.31419728955146,5,9,0.5555555555555556
513,10.482756402234372,12,5.885056225815788,125,72.31115879435245,5,9,0.5555555555555556
472,9.644953258975875,8,3.9233708172105253,227,72.30142790449493,4,10,0.4
484,9.890163935051532,3,1.471264056453947,212,72.30053507722234,5,10,0.5
573,11.708809782612661,3,1.471264056453947,515,72.27016386716083,3,8,0.375
474,9.685821704988484,6,2.942528112907894,242,72.26519995878037,8,10,0.8
498,10.1762430571398,8,3.9233708172105253,150,72.26293128384657,4,10,0.4
568,11.606638667581137,3,1.471264056453947,528,72.25953456819508,4,8,0.5
712,14.549166780489031,8,3.9233708172105253,240,72.24941206656759,4,7,0.5714285714285714
620,12.669218263908988,8,3.9233708172105253,424,72.24321255325516,4,7,0.5714285714285714
710,14.508298334476422,16,7.8467416344210505,244,72.24049582670638,5,7,0.7142857142857143
435,8.888887007742596,4,1.9616854086052626,354,72.2352221120129,3,10,0.3
445,9.093229237805645,6,2.942528112907894,329,72.23272548291415,5,10,0.5
323,6.600254031036457,12,5.885056225815788,27,72.2296941107286,9,15,0.6
600,12.260533803782891,6,2.942528112907894,464,72.22845166655557,5,7,0.7142857142857143
412,8.418899878597585,4,1.9616854086052626,402,72.22068915560627,7,11,0.6363636363636364
253,5.169858420595119,20,9.808427043026313,127,72.19909002891146,9,18,0.5
375,7.662833627364307,6,2.942528112907894,160,72.19204773305182,9,12,0.75
464,9.481479474925436,12,5.885056225815788,270,72.18533118547819,6,10,0.6
367,7.499359843313869,4,1.9616854086052626,196,72.17986914807078,10,13,0.7692307692307693
590,12.056191573719843,4,1.9616854086052626,465,72.17496741943346,4,8,0.5
617,12.607915594890073,6,2.942528112907894,430,72.15807864942929,4,7,0.5714285714285714
718,14.67177211852686,20,9.808427043026313,219,72.12498327668555,3,7,0.42857142857142855
384,7.8467416344210505,6,2.942528112907894,108,72.12280596171863,7,12,0.5833333333333334
494,10.09450616511458,3,1.471264056453947,163,72.12009279035199,5,10,0.5
694,14.181350766375544,16,7.8467416344210505,649,72.11896701583396,3,6,0.5
551,11.259256876473955,16,7.8467416344210505,540,72.10155877959433,4,8,0.5
305,6.23243801692297,12,5.885056225815788,139,72.07807426973717,9,15,0.6
583,11.91315201267571,3,1.471264056453947,498,72.06669535060705,3,8,0.375
285,5.8237535567968735,8,3.9233708172105253,239,72.05381514083832,7,16,0.4375
357,7.29501761325082,20,9.808427043026313,233,72.0379416548058,8,13,0.6153846153846154
459,9.379308359893912,6,2.942528112907894,287,72.03284746402963,6,10,0.6
262,5.353766427651863,12,5.885056225815788,91,72.01326869646465,9,18,0.5
540,11.034480423404602,8,3.9233708172105253,22,71.9923037953802,4,9,0.4444444444444444
290,5.9259246718283975,3,1.471264056453947,211,71.96770898771969,3,16,0.1875
609,12.444441810839635,6,2.942528112907894,446,71.95976753542352,5,7,0.7142857142857143
693,14.16091654336924,16,7.8467416344210505,653,71.95014103106925,3,6,0.5
311,6.355043354960799,12,5.885056225815788,109,71.9479399366274,9,15,0.6
562,11.484033329543308,12,5.885056225815788,540,71.93349262307866,5,8,0.625
529,10.80970397033525,8,3.9233708172105253,77,71.91117424890925,6,9,0.6666666666666666
564,11.524901775555918,12,5.885056225815788,536,71.89519931910372,5,8,0.625
365,7.458491397301259,8,3.9233708172105253,204,71.8907959254912,9,13,0.6923076923076923
447,9.134097683818254,6,2.942528112907894,323,71.87393849042319,4,10,0.4
91,1.8595142935737385,20,9.808427043026313,22,71.8528306501282,30,51,0.5882352941176471
186,3.8007654791726964,20,9.808427043026313,173,71.84518500523276,15,24,0.625
257,5.2515953126203385,20,9.808427043026313,100,71.83681524878106,12,18,0.6666666666666666
549,11.218388430461346,12,5.885056225815788,539,71.83212717700361,3,8,0.375
425,8.684544777679548,6,2.942528112907894,389,71.81366704677518,5,10,0.5
443,9.052360791793035,8,3.9233708172105253,335,71.80194857351123,6,10,0.6
302,6.171135347904055,16,7.8467416344210505,154,71.79804574552995,11,15,0.7333333333333333
308,6.293740685941884,12,5.885056225815788,124,71.79007752817964,8,15,0.5333333333333333
329,6.7228593690742855,8,3.9233708172105253,323,71.7728468021857,8,14,0.5714285714285714
442,9.03192656878673,8,3.9233708172105253,338,71.76714176911717,6,10,0.6
241,4.924647744519461,16,7.8467416344210505,218,71.76055866749975,11,19,0.5789473684210527
364,7.438057174294954,12,5.885056225815788,208,71.76031438862475,7,13,0.5384615384615384
656,13.404850292135961,6,2.942528112907894,329,71.74850068015125,4,7,0.5714285714285714
426,8.704979000685853,6,2.942528112907894,386,71.72838524860389,5,10,0.5
324,6.620688254042761,6,2.942528112907894,24,71.72411024003891,7,15,0.4666666666666667
434,8.868452784736292,6,2.942528112907894,341,71.72209156046176,5,10,0.5
283,5.782885110784264,16,7.8467416344210505,249,71.70096820842956,10,16,0.625
356,7.274583390244516,16,7.8467416344210505,240,71.6787420400889,9,13,0.6923076923076923
122,2.492975206769188,8,3.9233708172105253,78,71.67586691697191,23,38,0.6052631578947368
625,12.771389378940512,6,2.942528112907894,414,71.62919122565509,5,7,0.7142857142857143
439,8.970623899767816,3,1.471264056453947,347,71.62906904664477,3,10,0.3
363,7.417622951288649,20,9.808427043026313,209,71.62646371667417,7,13,0.5384615384615384
653,13.343547623117047,6,2.942528112907894,333,71.60699377244535,3,7,0.42857142857142855
252,5.149424197588814,16,7.8467416344210505,149,71.60216608360119,12,18,0.6666666666666666
510,10.421453733215458,12,5.885056225815788,134,71.58669279914231,5,9,0.5555555555555556
190,3.8825023711979156,6,2.942528112907894,144,71.58534967473815,16,24,0.6666666666666666
638,13.037034278022475,12,5.885056225815788,383,71.58399512302643,4,7,0.5714285714285714
658,13.445718738148571,8,3.9233708172105253,323,71.55558460235372,3,7,0.42857142857142855
729,14.896548571596213,20,9.808427043026313,187,71.55127925585839,3,7,0.42857142857142855
423,8.643676331666938,16,7.8467416344210505,394,71.53918958279675,8,11,0.7272727272727273
267,5.455937542683387,8,3.9233708172105253,62,71.53673430689555,10,18,0.5555555555555556
553,11.300125322486565,20,9.808427043026313,536,71.53251272600123,4,8,0.5
536,10.952743531379383,12,5.885056225815788,55,71.53186280428844,4,9,0.4444444444444444
547,11.177519984448736,12,5.885056225815788,541,71.52317659404741,3,8,0.375
381,7.785438965402136,6,2.942528112907894,128,71.51796481265629,8,12,0.6666666666666666
533,10.891440862360469,12,5.885056225815788,65,71.49417234574373,6,9,0.6666666666666666
161,3.289909904015076,16,7.8467416344210505,27,71.48996330565866,16,29,0.5517241379310345
485,9.910598158057837,3,1.471264056453947,208,71.47852664407307,5,10,0.5
419,8.56193943964172,12,5.885056225815788,407,71.4744478491629,10,11,0.9090909090909091
482,9.849295489038923,4,1.9616854086052626,218,71.47171135398453,5,10,0.5
714,14.59003522650164,6,2.942528112907894,234,71.46585101236926,3,7,0.42857142857142855
576,11.770112451631576,6,2.942528112907894,490,71.46357652927607,4,8,0.5
486,9.931032381064142,3,1.471264056453947,201,71.46183672165276,3,10,0.3
456,9.318005690874998,8,3.9233708172105253,296,71.42281113774266,6,10,0.6
243,4.965516190532071,8,3.9233708172105253,206,71.40768614189004,12,19,0.631578947368421
646,13.200508062072913,12,5.885056225815788,353,71.37182419517092,3,7,0.42857142857142855
601,12.280968026789196,6,2.942528112907894,461,71.3709642722149,5,7,0.7142857142857143
191,3.9029365942042205,6,2.942528112907894,132,71.36924247341254,14,24,0.5833333333333334
652,13.323113400110742,12,5.885056225815788,331,71.362084793372,3,7,0.42857142857142855
409,8.357597209578671,3,1.471264056453947,5,71.35346902109076,6,12,0.5
539,11.014046200398298,8,3.9233708172105253,26,71.35001909404096,4,9,0.4444444444444444
205,4.189015716292488,8,3.9233708172105253,24,71.31315420155997,13,23,0.5652173913043478
420,8.582373662648024,12,5.885056225815788,404,71.3113348002723,10,11,0.9090909090909091
588,12.015323127707234,4,1.9616854086052626,488,71.31089506973241,6,8,0.75
193,3.94380504021683,8,3.9233708172105253,101,71.29830589264516,11,24,0.4583333333333333
203,4.148147270279878,6,2.942528112907894,17,71.2930689632219,14,23,0.6086956521739131
647,13.220942285079218,12,5.885056225815788,350,71.28100526099526,4,7,0.5714285714285714
357,7.29501761325082,12,5.885056225815788,236,71.26334530728269,9,13,0.6923076923076923
599,12.240099580776587,6,2.942528112907894,466,71.25848918642576,5,7,0.7142857142857143
517,10.564493294259591,4,1.9616854086052626,113,71.23743612943396,4,9,0.4444444444444444
373,7.6219651813516975,6,2.942528112907894,168,71.23194611410439,8,12,0.6666666666666666
651,13.302679177104437,8,3.9233708172105253,335,71.22835830225432,3,7,0.42857142857142855
562,11.484033329543308,20,9.808427043026313,537,71.21719400596884,5,8,0.625
218,4.454660615374451,20,9.808427043026313,117,71.21440765320892,12,21,0.5714285714285714
716,14.63090367251425,6,2.942528112907894,230,71.17070365663187,3,7,0.42857142857142855
294,6.007661563853617,6,2.942528112907894,194,71.15067781906544,9,16,0.5625
361,7.37675450527604,16,7.8467416344210505,220,71.13985480620855,7,13,0.5384615384615384
626,12.791823601946817,6,2.942528112907894,412,71.13131429376695,5,7,0.7142857142857143
103,2.1047249696493964,16,7.8467416344210505,16,71.1163534169237,23,45,0.5111111111111111
291,5.946358894834702,3,1.471264056453947,209,71.1089164567757,3,16,0.1875
268,5.4763717656896915,8,3.9233708172105253,55,71.10716811225625,8,18,0.4444444444444444
592,12.097060019732453,4,1.9616854086052626,456,71.10264083333327,4,8,0.5
403,8.234991871540842,4,1.9616854086052626,44,71.09613349942721,5,12,0.4166666666666667
698,14.263087658400764,20,9.808427043026313,641,71.09551529223292,3,6,0.5
207,4.229884162305098,12,5.885056225815788,192,71.08058884370575,11,22,0.5
103,2.1047249696493964,20,9.808427043026313,13,71.07421768773703,22,45,0.4888888888888889
261,5.333332204645558,12,5.885056225815788,98,71.07416966963056,8,18,0.4444444444444444
522,10.666664409291116,6,2.942528112907894,98,71.07067521873408,5,9,0.5555555555555556
546,11.157085761442431,12,5.885056225815788,2,71.06974930311614,4,9,0.4444444444444444
639,13.05746850102878,12,5.885056225815788,380,71.06282784266658,4,7,0.5714285714285714
589,12.035757350713538,4,1.9616854086052626,486,71.05506550342135,6,8,0.75
473,9.66538748198218,6,2.942528112907894,223,71.04673643519149,4,10,0.4
241,4.924647744519461,20,9.808427043026313,215,71.04145860746017,10,19,0.5263157894736842
219,4.475094838380755,20,9.808427043026313,102,71.03436120571442,9,21,0.42857142857142855
569,11.627072890587442,3,1.471264056453947,526,71.02842724634375,4,8,0.5
187,3.821199702179001,12,5.885056225815788,167,71.02417231015134,14,24,0.5833333333333334
444,9.07279501479934,8,3.9233708172105253,332,71.01676647762982,6,10,0.6
362,7.3971887282823445,16,7.8467416344210505,216,70.99725851607141,7,13,0.5384615384615384
692,14.140482320362935,16,7.8467416344210505,657,70.995712386282,3,6,0.5
437,8.929755453755206,3,1.471264056453947,353,70.98224257685655,4,10,0.4
628,12.832692047959426,8,3.9233708172105253,406,70.97288623687552,5,7,0.7142857142857143
422,8.623242108660634,12,5.885056225815788,395,70.96421482426592,9,11,0.8181818181818182
520,10.625795963278506,3,1.471264056453947,104,70.95707713696606,4,9,0.4444444444444444
201,4.107278824267269,6,2.942528112907894,27,70.94701608066558,13,23,0.5652173913043478
528,10.789269747328945,8,3.9233708172105253,80,70.93361658492074,6,9,0.6666666666666666
441,9.011492345780425,6,2.942528112907894,341,70.89137304722152,5,10,0.5
695,14.20178498938185,16,7.8467416344210505,648,70.87398257847182,3,6,0.5
648,13.241376508085523,12,5.885056225815788,347,70.86977172360763,3,7,0.42857142857142855
200,4.086844601260964,6,2.942528112907894,39,70.84470085241885,11,23,0.4782608695652174
382,7.805873188408441,6,2.942528112907894,132,70.83459848801307,9,12,0.75
462,9.440611028912826,8,3.9233708172105253,278,70.83225421262966,5,10,0.5
144,2.942528112907894,4,1.9616854086052626,80,70.83076658392963,4,32,0.125
287,5.864622002809483,3,1.471264056453947,229,70.8249015599248,3,16,0.1875
501,10.237545726158714,8,3.9233708172105253,161,70.81409175662895,6,9,0.6666666666666666
179,3.6577259181285626,12,5.885056225815788,52,70.81281830834868,14,26,0.5384615384615384
408,8.337162986572366,4,1.9616854086052626,10,70.79793598916835,7,12,0.5833333333333334
369,7.540228289326478,3,1.471264056453947,187,70.78900539693488,9,13,0.6923076923076923
407,8.316728763566061,4,1.9616854086052626,16,70.78308654074486,7,12,0.5833333333333334
143,2.922093889901589,3,1.471264056453947,91,70.76369308070898,6,32,0.1875
295,6.028095786859922,6,2.942528112907894,189,70.76316799296582,9,16,0.5625
204,4.168581493286183,6,2.942528112907894,32,70.73987099392575,14,23,0.6086956521739131
321,6.559385585023847,16,7.8467416344210505,33,70.7388361178996,8,15,0.5333333333333333
496,10.13537461112719,3,1.471264056453947,151,70.73487614770693,5,10,0.5
414,8.459768324610195,6,2.942528112907894,398,70.70015657298327,7,11,0.6363636363636364
640,13.077902724035084,12,5.885056225815788,377,70.69166251580255,4,7,0.5714285714285714
210,4.291186831324012,20,9.808427043026313,191,70.68086741034573,14,22,0.6363636363636364
418,8.541505216635414,12,5.885056225815788,409,70.62275637450475,10,11,0.9090909090909091
545,11.136651538436126,12,5.885056225815788,4,70.60576234225869,4,9,0.4444444444444444
402,8.214557648534537,4,1.9616854086052626,50,70.57396543576833,5,12,0.4166666666666667
728,14.876114348589908,20,9.808427043026313,189,70.56965992393029,3,7,0.42857142857142855
360,7.356320282269735,20,9.808427043026313,221,70.56657837316489,7,13,0.5384615384615384
608,12.42400758783333,6,2.942528112907894,448,70.55478098236959,5,7,0.7142857142857143
657,13.425284515142266,6,2.942528112907894,326,70.5494302484661,4,7,0.5714285714285714
530,10.830138193341554,8,3.9233708172105253,74,70.51400399936654,6,9,0.6666666666666666
649,13.261810731091828,16,7.8467416344210505,341,70.49927159517334,3,7,0.42857142857142855
711,14.528732557482726,20,9.808427043026313,239,70.49102499493165,5,7,0.7142857142857143
415,8.4802025476165,6,2.942528112907894,394,70.47977029687252,5,11,0.45454545454545453
660,13.48658718416118,12,5.885056225815788,317,70.47613090187107,3,7,0.42857142857142855
713,14.569601003495336,6,2.942528112907894,238,70.47084852187167,4,7,0.5714285714285714
449,9.174966129830864,6,2.942528112907894,317,70.4353318020216,7,10,0.7
481,9.828861266032618,4,1.9616854086052626,221,70.43129208391508,6,10,0.6
578,11.810980897644185,8,3.9233708172105253,499,70.40426750052272,3,8,0.375
661,13.507021407167485,16,7.8467416344210505,314,70.4020824458387,3,7,0.42857142857142855
523,10.68709863229742,6,2.942528112907894,95,70.380667889258,5,9,0.5555555555555556
595,12.158362688751367,6,2.942528112907894,449,70.37401091397308,5,8,0.625
206,4.209449939298793,8,3.9233708172105253,200,70.36740034177456,14,22,0.6363636363636364
258,5.272029535626643,12,5.885056225815788,116,70.35244573817901,8,18,0.4444444444444444
645,13.180073839066608,12,5.885056225815788,355,70.33667956560208,3,7,0.42857142857142855
296,6.0485300098662265,8,3.9233708172105253,163,70.33376723215792,11,16,0.6875
299,6.109832678885141,16,7.8467416344210505,147,70.30501564104094,11,16,0.6875
587,11.994888904700929,4,1.9616854086052626,489,70.29972491059934,5,8,0.625
358,7.315451836257125,8,3.9233708172105253,231,70.29971614315052,8,13,0.6153846153846154
538,10.993611977391993,12,5.885056225815788,27,70.2974872488564,6,9,0.6666666666666666
297,6.068964232872531,8,3.9233708172105253,159,70.2921074518626,12,16,0.75
129,2.6360147678133217,12,5.885056225815788,97,70.28869991003124,18,36,0.5
552,11.27969109948026,16,7.8467416344210505,538,70.28415807535374,4,8,0.5
338,6.906767376131029,16,7.8467416344210505,21,70.27983858958682,7,14,0.5
127,2.595146321800712,16,7.8467416344210505,121,70.2727762012686,20,36,0.5555555555555556
509,10.401019510209153,12,5.885056225815788,137,70.26803104861486,5,9,0.5555555555555556
497,10.155808834133495,4,1.9616854086052626,150,70.26665087328317,3,10,0.3
690,14.099613874350325,16,7.8467416344210505,665,70.25662850878835,3,6,0.5
579,11.83141512065049,6,2.942528112907894,498,70.2550634969691,3,8,0.375
637,13.01660005501617,12,5.885056225815788,386,70.2457076346997,5,7,0.7142857142857143
81,1.6551720635106904,20,9.808427043026313,25,70.23845383042568,28,57,0.49122807017543857
184,3.7598970331600867,6,2.942528112907894,8,70.23023790797109,15,26,0.5769230769230769
93,1.9003827395863482,16,7.8467416344210505,58,70.21932745909555,24,50,0.48
368,7.519794066320173,3,1.471264056453947,192,70.21512461782416,10,13,0.7692307692307693
125,2.5542778757881024,8,3.9233708172105253,20,70.20992130338615,20,37,0.5405405405405406
519,10.605361740272201,3,1.471264056453947,107,70.19351957735995,4,9,0.4444444444444444
247,5.04725308255729,8,3.9233708172105253,163,70.193068271378,11,19,0.5789473684210527
493,10.074071942108276,3,1.471264056453947,178,70.18208904496143,6,10,0.6
194,3.964239263223135,4,1.9616854086052626,112,70.17258173267982,9,24,0.375
148,3.0242650049331132,12,5.885056225815788,16,70.15347200654962,21,32,0.65625
274,5.59897710372752,16,7.8467416344210505,20,70.14636084677815,12,17,0.7058823529411765
416,8.500636770622805,8,3.9233708172105253,391,70.12794551461415,6,11,0.5454545454545454
602,12.301402249795501,6,2.942528112907894,457,70.11969657587402,5,7,0.7142857142857143
406,8.296294540559757,3,1.471264056453947,19,70.11108835543658,7,12,0.5833333333333334
662,13.52745563017379,16,7.8467416344210505,311,70.10837167437779,3,7,0.42857142857142855
622,12.710086709921598,6,2.942528112907894,420,70.09822759969322,4,7,0.5714285714285714
273,5.578542880721216,20,9.808427043026313,23,70.08887361314429,12,17,0.7058823529411765
387,7.908044303439965,4,1.9616854086052626,97,70.08733810351039,6,12,0.5
575,11.749678228625271,6,2.942528112907894,494,70.08656423233812,4,8,0.5
593,12.117494242738758,4,1.9616854086052626,459,70.06465762979037,5,8,0.625
554,11.32055954549287,20,9.808427043026313,537,70.05024450366115,4,8,0.5
500,10.21711150315241,6,2.942528112907894,143,70.04955747685361,5,9,0.5555555555555556
618,12.628349817896378,6,2.942528112907894,428,70.04789339847633,4,7,0.5714285714285714
186,3.8007654791726964,16,7.8467416344210505,175,70.01266445474374,15,24,0.625
505,10.319282618183934,12,5.885056225815788,145,70.00636838381325,6,9,0.6666666666666666
428,8.745847446698463,4,1.9616854086052626,380,69.99858840384033,3,10,0.3
169,3.4533836880655144,20,9.808427043026313,23,69.9949943348455,14,28,0.5
458,9.358874136887607,6,2.942528112907894,290,69.97319319434789,6,10,0.6
499,10.196677280146105,6,2.942528112907894,147,69.96568650803353,4,9,0.4444444444444444
534,10.911875085366773,8,3.9233708172105253,62,69.95914497406842,4,9,0.4444444444444444
643,13.139205393053999,12,5.885056225815788,359,69.9542819781304,4,7,0.5714285714285714
270,5.517240211702301,6,2.942528112907894,21,69.92569721466971,9,18,0.5
424,8.664110554673243,6,2.942528112907894,392,69.9113955771622,5,11,0.45454545454545453
565,11.545335998562223,12,5.885056225815788,534,69.9047452160838,5,8,0.625
597,12.199231134763977,6,2.942528112907894,470,69.88104735593669,5,7,0.7142857142857143
561,11.463599106537004,16,7.8467416344210505,541,69.84661910219342,5,8,0.625
577,11.79054667463788,6,2.942528112907894,488,69.83063802823476,4,8,0.5
630,12.873560493972036,8,3.9233708172105253,404,69.81850430104298,6,7,0.8571428571428571
454,9.277137244862388,8,3.9233708172105253,302,69.81452605080553,6,10,0.6
446,9.11366346081195,4,1.9616854086052626,325,69.80429435859232,4,10,0.4
185,3.7803312561663915,12,5.885056225815788,184,69.790890345398,13,25,0.52
650,13.282244954098132,6,2.942528112907894,339,69.7742456076428,3,7,0.42857142857142855
652,13.323113400110742,6,2.942528112907894,334,69.77262504955941,3,7,0.42857142857142855
435,8.888887007742596,3,1.471264056453947,354,69.7652390781965,3,10,0.3
644,13.159639616060304,12,5.885056225815788,355,69.75348884384721,4,7,0.5714285714285714
274,5.59897710372752,20,9.808427043026313,17,69.74587816674737,13,17,0.7647058823529411
603,12.321836472801806,6,2.942528112907894,453,69.74556605386347,5,7,0.7142857142857143
164,3.3512125730339903,12,5.885056225815788,1,69.74429255993543,15,29,0.5172413793103449
451,9.215834575843473,8,3.9233708172105253,309,69.71067163868656,7,10,0.7
531,10.850572416347859,8,3.9233708172105253,71,69.71018969010204,6,9,0.6666666666666666
301,6.150701124897751,16,7.8467416344210505,159,69.69156599785151,12,15,0.8
400,8.173689202521928,3,1.471264056453947,40,69.68514298086494,5,12,0.4166666666666667
339,6.927201599137334,16,7.8467416344210505,21,69.6800231304049,7,14,0.5
514,10.503190625240677,12,5.885056225815788,122,69.67902469460225,6,9,0.6666666666666666
440,8.99105812277412,4,1.9616854086052626,344,69.67826008491726,4,10,0.4
655,13.384416069129657,4,1.9616854086052626,331,69.67375998411907,3,7,0.42857142857142855
691,14.12004809735663,16,7.8467416344210505,661,69.6724777838089,3,6,0.5
624,12.750955155934207,6,2.942528112907894,416,69.65963335595961,5,7,0.7142857142857143
667,13.629626745205314,16,7.8467416344210505,27,69.65021805221288,5,7,0.7142857142857143
515,10.523624848246982,8,3.9233708172105253,119,69.6446839098048,5,9,0.5555555555555556
518,10.584927517265896,3,1.471264056453947,110,69.62565310854754,4,9,0.4444444444444444
362,7.3971887282823445,20,9.808427043026313,213,69.6240114803823,7,13,0.5384615384615384
525,10.72796707831003,8,3.9233708172105253,89,69.61019728758747,6,9,0.6666666666666666
110,2.24776453069353,12,5.885056225815788,97,69.59914285329735,22,42,0.5238095238095238
581,11.8722835666631,8,3.9233708172105253,477,69.58730508637187,3,8,0.375
170,3.4738179110718193,20,9.808427043026313,21,69.5869017031227,12,28,0.42857142857142855
580,11.851849343656795,6,2.942528112907894,496,69.583858512627,3,8,0.375
196,4.0051077092357446,4,1.9616854086052626,95,69.57141568323563,13,24,0.5416666666666666
158,3.2286072349961614,20,9.808427043026313,80,69.57091737237084,16,29,0.5517241379310345
469,9.58365058995696,8,3.9233708172105253,256,69.55957102948629,7,10,0.7
245,5.006384636544681,6,2.942528112907894,191,69.5554710042169,10,19,0.5263157894736842
192,3.9233708172105253,6,2.942528112907894,109,69.55330909093497,12,24,0.5
271,5.537674434708606,12,5.885056225815788,18,69.54156813912887,8,18,0.4444444444444444
606,12.38313914182072,8,3.9233708172105253,452,69.52555451129625,6,7,0.8571428571428571
460,9.399742582900217,6,2.942528112907894,284,69.49807996581423,6,10,0.6
450,9.195400352837169,6,2.942528112907894,313,69.4968584429571,7,10,0.7
300,6.130266901891446,16,7.8467416344210505,164,69.49463019471592,11,15,0.7333333333333333
502,10.25797994916502,8,3.9233708172105253,158,69.49324137051407,6,9,0.6666666666666666
366,7.478925620307564,4,1.9616854086052626,200,69.47755262652024,9,13,0.6923076923076923
503,10.278414172171324,8,3.9233708172105253,155,69.46261445782534,6,9,0.6666666666666666
328,6.702425146067981,6,2.942528112907894,1,69.45840774915033,9,15,0.6
208,4.250318385311402,16,7.8467416344210505,0,69.45189168022299,13,23,0.5652173913043478
330,6.74329359208059,8,3.9233708172105253,317,69.45036759513972,7,14,0.5
104,2.125159192655701,16,7.8467416344210505,0,69.447979118056,24,45,0.5333333333333333
258,5.272029535626643,20,9.808427043026313,96,69.44780568234054,10,18,0.5555555555555556
658,13.445718738148571,6,2.942528112907894,323,69.44377142844482,3,7,0.42857142857142855
647,13.220942285079218,8,3.9233708172105253,354,69.44222970321471,3,7,0.42857142857142855
275,5.619411326733825,20,9.808427043026313,266,69.4407151287888,9,16,0.5625
699,14.283521881407069,20,9.808427043026313,638,69.43801825568157,3,6,0.5
710,14.508298334476422,12,5.885056225815788,244,69.43107267273989,5,7,0.7142857142857143
659,13.466152961154876,8,3.9233708172105253,320,69.42487348499772,3,7,0.42857142857142855
535,10.932309308373078,8,3.9233708172105253,59,69.4050571263616,4,9,0.4444444444444444
715,14.610469449507946,4,1.9616854086052626,233,69.40098121431343,3,7,0.42857142857142855
179,3.6577259181285626,20,9.808427043026313,50,69.38797319534989,14,26,0.5384615384615384
727,14.855680125583604,20,9.808427043026313,191,69.37253684388133,3,7,0.42857142857142855
550,11.23882265346765,12,5.885056225815788,539,69.33338562598668,4,8,0.5
317,6.477648692998628,8,3.9233708172105253,78,69.33078630524523,10,15,0.6666666666666666
712,14.549166780489031,6,2.942528112907894,240,69.32197966011137,4,7,0.5714285714285714
567,11.586204444574832,4,1.9616854086052626,530,69.3178105117906,4,8,0.5
672,13.731797860236838,12,5.885056225815788,21,69.27511808794247,5,7,0.7142857142857143
374,7.642399404358002,4,1.9616854086052626,167,69.27244053715845,8,12,0.6666666666666666
455,9.297571467868693,8,3.9233708172105253,299,69.25145172131083,7,10,0.7
686,14.017876982325106,20,9.808427043026313,659,69.22957872004184,3,6,0.5
594,12.137928465745063,4,1.9616854086052626,454,69.22940940378123,5,8,0.625
641,13.098336947041389,12,5.885056225815788,374,69.20687113076939,4,7,0.5714285714285714
429,8.766281669704767,4,1.9616854086052626,374,69.18946383867146,3,10,0.3
684,13.977008536312496,16,7.8467416344210505,669,69.1853574121339,3,6,0.5
165,3.371646796040295,16,7.8467416344210505,152,69.18397202847991,14,28,0.5
411,8.39846565559128,3,1.471264056453947,407,69.15815268139346,7,11,0.6363636363636364
246,5.0268188595509855,6,2.942528112907894,187,69.14738711030881,11,19,0.5789473684210527
325,6.641122477049066,6,2.942528112907894,20,69.14566520076198,6,15,0.4
631,12.89399471697834,8,3.9233708172105253,402,69.13981862470841,6,7,0.8571428571428571
651,13.302679177104437,12,5.885056225815788,332,69.11268710288037,3,7,0.42857142857142855
292,5.966793117841007,4,1.9616854086052626,204,69.10921401256971,5,16,0.3125
310,6.334609131954494,12,5.885056225815788,114,69.10078390248621,9,15,0.6
696,14.222219212388154,16,7.8467416344210505,645,69.1000136395508,3,6,0.5
561,11.463599106537004,20,9.808427043026313,539,69.08544929783676,5,8,0.625
315,6.436780246986018,12,5.885056225815788,68,69.06471919470826,7,15,0.4666666666666667
591,12.076625796726148,3,1.471264056453947,460,69.04511581971742,4,8,0.5
468,9.563216366950655,8,3.9233708172105253,260,69.0216846029471,7,10,0.7
480,9.808427043026313,4,1.9616854086052626,224,69.01085106837414,6,10,0.6
666,13.60919252219901,16,7.8467416344210505,37,69.00617772137385,3,7,0.42857142857142855
521,10.64623018628481,4,1.9616854086052626,101,68.99694755242585,4,9,0.4444444444444444
367,7.499359843313869,3,1.471264056453947,196,68.97955392037369,10,13,0.7692307692307693
195,3.9846734862294397,4,1.9616854086052626,103,68.96265508823785,10,24,0.4166666666666667
371,7.581096735339088,4,1.9616854086052626,177,68.91928504707464,9,13,0.6923076923076923
158,3.2286072349961614,16,7.8467416344210505,84,68.91887707027742,18,29,0.6206896551724138
183,3.739462810153782,8,3.9233708172105253,17,68.91887113877372,16,26,0.6153846153846154
466,9.522347920938046,8,3.9233708172105253,266,68.91264573946316,7,10,0.7
182,3.719028587147477,12,5.885056225815788,26,68.89613128526214,14,26,0.5384615384615384
348,7.111109606194077,20,9.808427043026313,299,68.88497122987395,5,13,0.38461538461538464
463,9.461045251919131,8,3.9233708172105253,274,68.88453358599246,5,10,0.5
401,8.194123425528232,4,1.9616854086052626,58,68.8800483932386,6,12,0.5
718,14.67177211852686,16,7.8467416344210505,219,68.87268158156469,3,7,0.42857142857142855
574,11.729244005618966,4,1.9616854086052626,506,68.86390417791792,3,8,0.375
605,12.362704918814416,8,3.9233708172105253,453,68.86384788798586,6,7,0.8571428571428571
498,10.1762430571398,6,2.942528112907894,149,68.85533990474369,4,10,0.4
477,9.747124374007399,4,1.9616854086052626,232,68.84917123476822,7,10,0.7
483,9.869729712045228,3,1.471264056453947,215,68.84763991416666,5,10,0.5
582,11.892717789669405,4,1.9616854086052626,495,68.84627061381471,3,8,0.375
336,6.865898930118419,16,7.8467416344210505,27,68.83580444298333,7,14,0.5
663,13.547889853180095,16,7.8467416344210505,308,68.82326872868094,4,7,0.5714285714285714
202,4.1277130472735735,6,2.942528112907894,24,68.81581707169927,14,23,0.6086956521739131
649,13.261810731091828,4,1.9616854086052626,344,68.81549738377122,3,7,0.42857142857142855
242,4.945081967525766,12,5.885056225815788,212,68.80600924336098,11,19,0.5789473684210527
563,11.504467552549613,8,3.9233708172105253,538,68.7989732115622,5,8,0.625
410,8.378031432584976,3,1.471264056453947,0,68.7896786298839,7,12,0.5833333333333334
326,6.661556700055371,8,3.9233708172105253,12,68.77644667663024,6,15,0.4
92,1.8799485165800434,20,9.808427043026313,5,68.77388880971642,26,51,0.5098039215686274
359,7.33588605926343,12,5.885056225815788,228,68.76839970345063,7,13,0.5384615384615384
376,7.683267850370612,6,2.942528112907894,160,68.76646518047266,9,12,0.75
717,14.651337895520555,8,3.9233708172105253,225,68.72126085800582,3,7,0.42857142857142855
428,8.745847446698463,3,1.471264056453947,380,68.7156570685303,3,10,0.3
685,13.997442759318801,16,7.8467416344210505,664,68.6952392016341,3,6,0.5
566,11.565770221568528,6,2.942528112907894,532,68.69418555621627,4,8,0.5
596,12.178796911757672,6,2.942528112907894,472,68.67854472626854,5,7,0.7142857142857143
347,7.090675383187772,20,9.808427043026313,306,68.65850084146082,5,13,0.38461538461538464
361,7.37675450527604,20,9.808427043026313,217,68.6573917317689,7,13,0.5384615384615384
128,2.615580544807017,16,7.8467416344210505,108,68.65143015775213,24,36,0.6666666666666666
377,7.703702073376917,6,2.942528112907894,156,68.64347190964241,10,12,0.8333333333333334
312,6.375477577967104,8,3.9233708172105253,104,68.63962605459486,10,15,0.6666666666666666
438,8.95018967676151,3,1.471264056453947,350,68.62464485021992,4,10,0.4
461,9.420176805906522,6,2.942528112907894,280,68.61480042072216,5,10,0.5
457,9.338439913881302,6,2.942528112907894,293,68.59656754162852,6,10,0.6
508,10.380585287202848,12,5.885056225815788,140,68.59077153349982,5,9,0.5555555555555556
106,2.166027638668311,20,9.808427043026313,71,68.5431322099438,26,44,0.5909090909090909
304,6.212003793916665,12,5.885056225815788,144,68.54223212420872,10,15,0.6666666666666666
590,12.056191573719843,3,1.471264056453947,464,68.5368084018804,4,8,0.5
537,10.973177754385688,12,5.885056225815788,53,68.53653625850633,5,9,0.5555555555555556
634,12.955297385997255,8,3.9233708172105253,395,68.52049246372698,5,7,0.7142857142857143
222,4.53639750739967,20,9.808427043026313,77,68.51895454589076,11,21,0.5238095238095238
370,7.560662512332783,4,1.9616854086052626,184,68.5044156639471,9,13,0.6923076923076923
629,12.853126270965731,8,3.9233708172105253,400,68.49853126838127,5,7,0.7142857142857143
209,4.270752608317707,20,9.808427043026313,198,68.49593462702593,14,22,0.6363636363636364
542,11.075348869417212,8,3.9233708172105253,18,68.49565137451654,4,9,0.4444444444444444
592,12.097060019732453,3,1.471264056453947,456,68.49031329408676,4,8,0.5
642,13.118771170047694,12,5.885056225815788,360,68.4678770173559,4,7,0.5714285714285714
683,13.956574313306191,16,7.8467416344210505,673,68.46157981477776,3,6,0.5
472,9.644953258975875,6,2.942528112907894,226,68.45378074132218,4,10,0.4
340,6.9476358221436385,16,7.8467416344210505,13,68.42624760351872,6,14,0.42857142857142855
465,9.501913697931741,8,3.9233708172105253,269,68.41621050147711,7,10,0.7
144,2.942528112907894,3,1.471264056453947,80,68.40296214999216,4,32,0.125
627,12.812257824953122,6,2.942528112907894,410,68.40191653704522,5,7,0.7142857142857143
327,6.681990923061676,6,2.942528112907894,8,68.39544583570681,6,15,0.4
589,12.035757350713538,3,1.471264056453947,486,68.39381302085411,6,8,0.75
319,6.518517139011237,12,5.885056225815788,61,68.39036283083577,10,15,0.6666666666666666
553,11.300125322486565,16,7.8467416344210505,535,68.38822505091618,4,8,0.5
700,14.303956104413373,20,9.808427043026313,635,68.38664220508888,3,6,0.5
251,5.12898997458251,12,5.885056225815788,158,68.37996029658346,11,18,0.6111111111111112
527,10.76883552432264,8,3.9233708172105253,83,68.3651571631318,6,9,0.6666666666666666
412,8.418899878597585,3,1.471264056453947,402,68.34593740435464,7,11,0.6363636363636364
199,4.066410378254659,6,2.942528112907894,59,68.34474445626826,11,23,0.4782608695652174
654,13.363981846123352,4,1.9616854086052626,332,68.33876310156342,3,7,0.42857142857142855
555,11.340993768499175,20,9.808427043026313,532,68.32832093543442,4,8,0.5
539,11.014046200398298,6,2.942528112907894,26,68.30219525578006,4,9,0.4444444444444444
588,12.015323127707234,3,1.471264056453947,488,68.28962273601555,6,8,0.75
379,7.7445705193895265,4,1.9616854086052626,145,68.27972277533841,10,12,0.8333333333333334
320,6.538951362017542,12,5.885056225815788,43,68.2698731683135,8,15,0.5333333333333333
650,13.282244954098132,20,9.808427043026313,348,68.26730349541441,3,7,0.42857142857142855
209,4.270752608317707,16,7.8467416344210505,201,68.25373594095217,14,22,0.6363636363636364
623,12.730520932927902,6,2.942528112907894,418,68.250979520281,5,7,0.7142857142857143
549,11.218388430461346,8,3.9233708172105253,539,68.23978313018436,3,8,0.375
240,4.904213521513157,16,7.8467416344210505,224,68.20362949444716,10,19,0.5263157894736842
256,5.231161089614034,20,9.808427043026313,106,68.19410740648053,13,18,0.7222222222222222
385,7.867175857427355,4,1.9616854086052626,105,68.18988720969153,7,12,0.5833333333333334
711,14.528732557482726,8,3.9233708172105253,242,68.18821809683178,5,7,0.7142857142857143
635,12.97573160900356,8,3.9233708172105253,392,68.16437067026428,5,7,0.7142857142857143
210,4.291186831324012,16,7.8467416344210505,192,68.16135857654905,14,22,0.6363636363636364
356,7.274583390244516,20,9.808427043026313,237,68.14825822514798,8,13,0.6153846153846154
427,8.725413223692158,4,1.9616854086052626,383,68.14069979910184,4,10,0.4
661,13.507021407167485,12,5.885056225815788,314,68.12256961256071,3,7,0.42857142857142855
471,9.62451903596957,8,3.9233708172105253,231,68.12246705026021,4,10,0.4
506,10.339716841190238,12,5.885056225815788,146,68.09072653958472,5,9,0.5555555555555556
562,11.484033329543308,8,3.9233708172105253,540,68.08290904741213,5,8,0.625
726,14.835245902577299,20,9.808427043026313,193,68.07100151790384,3,7,0.42857142857142855
467,9.54278214394435,8,3.9233708172105253,241,68.06326066024198,4,10,0.4
162,3.3103441270213807,8,3.9233708172105253,24,68.05874124325165,14,29,0.4827586206896552
517,10.564493294259591,3,1.471264056453947,113,68.05808968660939,4,9,0.4444444444444444
198,4.045976155248354,6,2.942528112907894,80,68.04473142643984,13,23,0.5652173913043478
567,11.586204444574832,3,1.471264056453947,530,68.01851675597962,4,8,0.5
516,10.544059071253287,8,3.9233708172105253,116,68.01666157571857,5,9,0.5555555555555556
540,11.034480423404602,6,2.942528112907894,21,68.01604278292301,4,9,0.4444444444444444
548,11.19795420745504,8,3.9233708172105253,541,68.00680677893038,3,8,0.375
648,13.241376508085523,4,1.9616854086052626,348,68.00396506600576,3,7,0.42857142857142855
241,4.924647744519461,12,5.885056225815788,218,68.00097554065177,11,19,0.5789473684210527
621,12.689652486915293,6,2.942528112907894,422,67.976384330514,4,7,0.5714285714285714
329,6.7228593690742855,6,2.942528112907894,323,67.97052240136718,8,14,0.5714285714285714
475,9.706255927994789,4,1.9616854086052626,239,67.9471946888771,8,10,0.8
524,10.707532855303725,6,2.942528112907894,92,67.9276954365879,5,9,0.5555555555555556
673,13.752232083243143,12,5.885056225815788,21,67.92392410371447,5,7,0.7142857142857143
607,12.403573364827025,6,2.942528112907894,450,67.91887454581317,5,7,0.7142857142857143
433,8.848018561729987,4,1.9616854086052626,344,67.91482832996375,5,10,0.5
678,13.854403198274667,12,5.885056225815788,22,67.89622414788627,3,7,0.42857142857142855
430,8.786715892711072,4,1.9616854086052626,366,67.8932827190526,3,10,0.3
109,2.2273303076872253,16,7.8467416344210505,8,67.89314876625987,22,43,0.5116279069767442
260,5.312897981639253,4,1.9616854086052626,104,67.88343848169002,7,18,0.3888888888888889
197,4.025541932242049,4,1.9616854086052626,83,67.88023426438855,13,24,0.5416666666666666
662,13.52745563017379,12,5.885056225815788,311,67.85951540307403,3,7,0.42857142857142855
682,13.936140090299887,16,7.8467416344210505,674,67.85025767091633,3,6,0.5
482,9.849295489038923,3,1.471264056453947,218,67.8499499147304,5,10,0.5
248,5.067687305563595,8,3.9233708172105253,151,67.84825667043772,11,19,0.5789473684210527
380,7.765004742395831,4,1.9616854086052626,136,67.84644233569007,9,12,0.75
453,9.256703021856083,8,3.9233708172105253,305,67.840632938494,6,10,0.6
497,10.155808834133495,3,1.471264056453947,150,67.81815674581466,3,10,0.3
318,6.4980829160049325,8,3.9233708172105253,71,67.81762977394264,10,15,0.6666666666666666
619,12.648784040902683,6,2.942528112907894,426,67.80396213490475,4,7,0.5714285714285714
448,9.154531906824559,6,2.942528112907894,320,67.7928199674004,6,10,0.6
541,11.054914646410907,6,2.942528112907894,21,67.775728996953,4,9,0.4444444444444444
612,12.50574447985855,4,1.9616854086052626,440,67.75662233386178,5,7,0.7142857142857143
442,9.03192656878673,6,2.942528112907894,338,67.74287638922077,6,10,0.6
298,6.089398455878836,12,5.885056225815788,174,67.7398363008829,9,15,0.6
560,11.443164883530699,20,9.808427043026313,525,67.73858615571986,5,8,0.625
501,10.237545726158714,6,2.942528112907894,139,67.73583766256263,6,9,0.6666666666666666
275,5.619411326733825,16,7.8467416344210505,14,67.73042844128375,13,17,0.7647058823529411
331,6.763727815086895,8,3.9233708172105253,311,67.72261845677679,7,14,0.5
124,2.5338436527817976,8,3.9233708172105253,27,67.67326130710386,21,38,0.5526315789473685
285,5.8237535567968735,6,2.942528112907894,239,67.67273884518941,7,16,0.4375
382,7.805873188408441,4,1.9616854086052626,132,67.64460201637023,9,12,0.75
633,12.93486316299095,8,3.9233708172105253,398,67.64413084141614,6,7,0.8571428571428571
284,5.803319333790569,8,3.9233708172105253,244,67.62635333271493,9,16,0.5625
507,10.360151064196543,12,5.885056225815788,143,67.61483022461769,5,9,0.5555555555555556
346,7.070241160181467,20,9.808427043026313,312,67.60004764015201,5,13,0.38461538461538464
649,13.261810731091828,12,5.885056225815788,341,67.59370318780996,3,7,0.42857142857142855
720,14.71264056453947,20,9.808427043026313,205,67.58814220659103,4,7,0.5714285714285714
146,2.9833965589205036,6,2.942528112907894,58,67.55918260299039,9,32,0.28125
221,4.515963284393365,20,9.808427043026313,87,67.55699350689049,11,21,0.5238095238095238
402,8.214557648534537,3,1.471264056453947,50,67.54220615335592,5,12,0.4166666666666667
313,6.395911800973408,6,2.942528112907894,99,67.54074695565637,9,15,0.6
651,13.302679177104437,6,2.942528112907894,335,67.52257256123063,3,7,0.42857142857142855
656,13.404850292135961,4,1.9616854086052626,329,67.48711488202159,4,7,0.5714285714285714
149,3.044699227939418,20,9.808427043026313,22,67.48320264910349,18,31,0.5806451612903226
564,11.524901775555918,8,3.9233708172105253,536,67.46716725299045,5,8,0.625
526,10.748401301316335,8,3.9233708172105253,86,67.45014942638426,6,9,0.6666666666666666
431,8.807150115717377,4,1.9616854086052626,362,67.44815338215639,3,10,0.3
665,13.588758299192705,16,7.8467416344210505,42,67.44348626536029,3,7,0.42857142857142855
306,6.252872239929275,8,3.9233708172105253,134,67.43939037131312,9,15,0.6
657,13.425284515142266,4,1.9616854086052626,325,67.4277336041798,3,7,0.42857142857142855
341,6.968070045149943,20,9.808427043026313,339,67.42594461001461,6,13,0.46153846153846156
559,11.422730660524394,20,9.808427043026313,527,67.40376382540374,5,8,0.625
108,2.2068960846809205,16,7.8467416344210505,21,67.38800578973087,22,43,0.5116279069767442
675,13.793100529255753,12,5.885056225815788,21,67.38739705040875,4,7,0.5714285714285714
551,11.259256876473955,12,5.885056225815788,540,67.38552150178865,4,8,0.5
386,7.88761008043366,4,1.9616854086052626,101,67.37793101110786,6,12,0.5
252,5.149424197588814,12,5.885056225815788,150,67.37686133154241,12,18,0.6666666666666666
697,14.242653435394459,16,7.8467416344210505,642,67.3718406713674,3,6,0.5
363,7.417622951288649,12,5.885056225815788,212,67.32694266252028,7,13,0.5384615384615384
360,7.356320282269735,12,5.885056225815788,224,67.32456533772661,7,13,0.5384615384615384
220,4.49552906138706,20,9.808427043026313,97,67.31764198029279,11,21,0.5238095238095238
709,14.487864111470117,16,7.8467416344210505,246,67.30059780394402,6,7,0.8571428571428571
352,7.192846498219296,20,9.808427043026313,297,67.29754766260457,6,13,0.46153846153846156
343,7.008938491162553,16,7.8467416344210505,321,67.28939422776524,4,13,0.3076923076923077
456,9.318005690874998,6,2.942528112907894,296,67.28880276410428,6,10,0.6
423,8.643676331666938,12,5.885056225815788,395,67.28495863825731,7,11,0.6363636363636364
147,3.0038307819268084,8,3.9233708172105253,47,67.28398223064313,16,32,0.5
253,5.169858420595119,16,7.8467416344210505,125,67.27542254843311,10,18,0.5555555555555556
561,11.463599106537004,12,5.885056225815788,541,67.2542110181021,5,8,0.625
714,14.59003522650164,4,1.9616854086052626,234,67.24984884779394,3,7,0.42857142857142855
404,8.255426094547147,3,1.471264056453947,25,67.2485197504196,8,12,0.6666666666666666
462,9.440611028912826,6,2.942528112907894,278,67.24011186049832,5,10,0.5
660,13.48658718416118,8,3.9233708172105253,317,67.21789945492766,3,7,0.42857142857142855
163,3.3307783500276855,12,5.885056225815788,15,67.21693153957311,14,29,0.4827586206896552
272,5.558108657714911,12,5.885056225815788,12,67.21190027629642,8,17,0.47058823529411764
614,12.546612925871159,4,1.9616854086052626,436,67.19352001578808,4,7,0.5714285714285714
266,5.435503319677082,8,3.9233708172105253,68,67.18162262967344,11,18,0.6111111111111112
421,8.602807885654329,8,3.9233708172105253,401,67.15880587597661,10,11,0.9090909090909091
92,1.8799485165800434,16,7.8467416344210505,8,67.15618623355154,27,51,0.5294117647058824
452,9.236268798849778,8,3.9233708172105253,308,67.15262687909053,6,10,0.6
615,12.567047148877464,4,1.9616854086052626,434,67.13634032643344,4,7,0.5714285714285714
504,10.298848395177629,8,3.9233708172105253,150,67.13104190855258,6,9,0.6666666666666666
303,6.19156957091036,12,5.885056225815788,149,67.11019944773723,11,15,0.7333333333333333
264,5.394634873664472,8,3.9233708172105253,80,67.10831327346148,10,18,0.5555555555555556
429,8.766281669704767,3,1.471264056453947,374,67.08225553977445,3,10,0.3
432,8.827584338723682,4,1.9616854086052626,348,67.07620445300611,5,10,0.5
679,13.874837421280972,12,5.885056225815788,18,67.06901496559895,3,7,0.42857142857142855
383,7.826307411414746,4,1.9616854086052626,126,67.0486876229551,7,12,0.5833333333333334
616,12.587481371883769,4,1.9616854086052626,432,67.04471938821999,4,7,0.5714285714285714
729,14.896548571596213,16,7.8467416344210505,187,67.04139149399613,3,7,0.42857142857142855
632,12.914428939984646,8,3.9233708172105253,400,67.03914225901924,6,7,0.8571428571428571
674,13.772666306249448,12,5.885056225815788,14,67.03750122883386,4,7,0.5714285714285714
578,11.810980897644185,6,2.942528112907894,499,67.03073474959413,3,8,0.375
536,10.952743531379383,8,3.9233708172105253,55,67.02971002233542,4,9,0.4444444444444444
659,13.466152961154876,6,2.942528112907894,320,67.02585915401274,3,7,0.42857142857142855
558,11.402296437518089,20,9.808427043026313,529,67.02140656798602,5,8,0.625
668,13.65006096821162,12,5.885056225815788,27,67.01905856892688,5,7,0.7142857142857143
604,12.34227069580811,6,2.942528112907894,449,67.0096703109557,5,7,0.7142857142857143
724,14.794377456564689,20,9.808427043026313,206,67.00562421733962,3,7,0.42857142857142855
372,7.601530958345393,4,1.9616854086052626,173,67.0014657865373,9,12,0.75
362,7.3971887282823445,12,5.885056225815788,216,66.98180300194626,7,13,0.5384615384615384
671,13.711363637230534,12,5.885056225815788,23,66.9816471577239,5,7,0.7142857142857143
440,8.99105812277412,3,1.471264056453947,344,66.95095672474855,4,10,0.4
587,11.994888904700929,3,1.471264056453947,486,66.93162756103818,4,8,0.5
532,10.871006639354164,8,3.9233708172105253,68,66.92931131619999,6,9,0.6666666666666666
444,9.07279501479934,6,2.942528112907894,332,66.92402993625981,6,10,0.6
403,8.234991871540842,3,1.471264056453947,44,66.91226393751748,5,12,0.4166666666666667
145,2.9629623359141988,4,1.9616854086052626,65,66.90559175184633,4,32,0.125
620,12.669218263908988,6,2.942528112907894,424,66.90382126055398,4,7,0.5714285714285714
443,9.052360791793035,6,2.942528112907894,334,66.89724638023115,6,10,0.6
476,9.726690151001094,4,1.9616854086052626,232,66.88313657868078,7,10,0.7
514,10.503190625240677,8,3.9233708172105253,122,66.88101158798679,6,9,0.6666666666666666
470,9.604084812963265,8,3.9233708172105253,232,66.84425345275359,4,10,0.4
447,9.134097683818254,4,1.9616854086052626,323,66.84418024663289,4,10,0.4
417,8.52107099362911,8,3.9233708172105253,389,66.82944643439993,6,11,0.5454545454545454
240,4.904213521513157,20,9.808427043026313,221,66.82202794349523,11,19,0.5789473684210527
613,12.526178702864854,4,1.9616854086052626,437,66.80513337564297,5,7,0.7142857142857143
191,3.9029365942042205,4,1.9616854086052626,132,66.79503195217218,14,24,0.5833333333333334
576,11.770112451631576,4,1.9616854086052626,489,66.79125220952919,4,8,0.5
314,6.416346023979713,8,3.9233708172105253,88,66.78915768267503,9,15,0.6
628,12.832692047959426,6,2.942528112907894,403,66.78746923499969,5,7,0.7142857142857143
609,12.444441810839635,4,1.9616854086052626,446,66.77362662483961,5,7,0.7142857142857143
268,5.4763717656896915,6,2.942528112907894,55,66.77194920058993,8,18,0.4444444444444444
529,10.80970397033525,6,2.942528112907894,77,66.77122673423862,6,9,0.6666666666666666
416,8.500636770622805,6,2.942528112907894,391,66.75222551394965,6,11,0.5454545454545454
473,9.66538748198218,4,1.9616854086052626,222,66.71994007769244,4,10,0.4
217,4.434226392368146,20,9.808427043026313,123,66.71829413244394,11,21,0.5238095238095238
581,11.8722835666631,6,2.942528112907894,477,66.71466885470069,3,8,0.375
351,7.1724122752129915,20,9.808427043026313,300,66.70907238055969,6,13,0.46153846153846156
530,10.830138193341554,6,2.942528112907894,74,66.70779318198831,6,9,0.6666666666666666
159,3.2490414580024662,12,5.885056225815788,71,66.70617345570855,17,29,0.5862068965517241
302,6.171135347904055,12,5.885056225815788,154,66.70146525665253,11,15,0.7333333333333333
611,12.485310256852244,4,1.9616854086052626,442,66.69791336479506,5,7,0.7142857142857143
556,11.36142799150548,20,9.808427043026313,533,66.69708726693027,5,8,0.625
408,8.337162986572366,3,1.471264056453947,8,66.6949140627266,6,12,0.5
219,4.475094838380755,16,7.8467416344210505,107,66.65991787031793,13,21,0.6190476190476191
255,5.210726866607729,16,7.8467416344210505,114,66.65607579534247,12,18,0.6666666666666666
322,6.579819808030152,12,5.885056225815788,27,66.64840194965402,9,15,0.6
189,3.862068148191611,6,2.942528112907894,151,66.64204541084189,16,24,0.6666666666666666
211,4.311621054330317,20,9.808427043026313,168,66.62354516043499,11,22,0.5
512,10.462322179228067,8,3.9233708172105253,128,66.62088205948686,5,9,0.5555555555555556
716,14.63090367251425,4,1.9616854086052626,230,66.61365484873124,3,7,0.42857142857142855
725,14.814811679570994,20,9.808427043026313,203,66.60760272176776,3,7,0.42857142857142855
481,9.828861266032618,3,1.471264056453947,221,66.59772190517467,6,10,0.6
598,12.219665357770282,4,1.9616854086052626,468,66.57971706732262,5,7,0.7142857142857143
528,10.789269747328945,6,2.942528112907894,80,66.55089161045494,6,9,0.6666666666666666
653,13.343547623117047,4,1.9616854086052626,333,66.5369801324613,3,7,0.42857142857142855
479,9.787992820020008,4,1.9616854086052626,225,66.52758836845801,6,10,0.6
617,12.607915594890073,4,1.9616854086052626,430,66.49874532065374,4,7,0.5714285714285714
273,5.578542880721216,16,7.8467416344210505,26,66.49281766963132,12,17,0.7058823529411765
375,7.662833627364307,4,1.9616854086052626,160,66.49117178923458,9,12,0.75
593,12.117494242738758,3,1.471264056453947,458,66.48259816186967,5,8,0.625
535,10.932309308373078,6,2.942528112907894,59,66.46594243972996,4,9,0.4444444444444444
557,11.381862214511784,20,9.808427043026313,531,66.46381883624112,5,8,0.625
123,2.5134094297754928,6,2.942528112907894,64,66.44085177544468,21,38,0.5526315789473685
511,10.441887956221763,8,3.9233708172105253,131,66.43897846520416,5,9,0.5555555555555556
676,13.813534752262058,12,5.885056225815788,21,66.43732886727689,4,7,0.5714285714285714
478,9.767558597013704,4,1.9616854086052626,230,66.42647208313834,6,10,0.6
305,6.23243801692297,8,3.9233708172105253,139,66.41138290261563,9,15,0.6
701,14.324390327419678,20,9.808427043026313,632,66.36755525457976,3,6,0.5
554,11.32055954549287,16,7.8467416344210505,537,66.36696417523068,4,8,0.5
254,5.190292643601424,16,7.8467416344210505,121,66.35972628665117,10,18,0.5555555555555556
677,13.833968975268363,12,5.885056225815788,21,66.35604284602694,4,7,0.5714285714285714
105,2.145593415662006,20,9.808427043026313,86,66.34444838148261,29,44,0.6590909090909091
655,13.384416069129657,3,1.471264056453947,331,66.33409247273309,3,7,0.42857142857142855
446,9.11366346081195,3,1.471264056453947,324,66.32155326024407,4,10,0.4
610,12.46487603384594,4,1.9616854086052626,444,66.28128456482004,5,7,0.7142857142857143
259,5.292463758632948,4,1.9616854086052626,110,66.2792238189298,7,18,0.3888888888888889
664,13.5683240761864,16,7.8467416344210505,46,66.2635381995821,3,7,0.42857142857142855
464,9.481479474925436,8,3.9233708172105253,270,66.25508722933999,6,10,0.6
715,14.610469449507946,3,1.471264056453947,233,66.24674086138427,3,7,0.42857142857142855
355,7.254149167238211,16,7.8467416344210505,244,66.23821859771117,9,13,0.6923076923076923
510,10.421453733215458,8,3.9233708172105253,134,66.23722057051764,5,9,0.5555555555555556
710,14.508298334476422,20,9.808427043026313,241,66.2301463558877,5,7,0.7142857142857143
309,6.314174908948189,12,5.885056225815788,119,66.17924709843041,9,15,0.6
122,2.492975206769188,6,2.942528112907894,78,66.17660477966193,23,38,0.6052631578947368
534,10.911875085366773,6,2.942528112907894,62,66.16503804154408,4,9,0.4444444444444444
574,11.729244005618966,3,1.471264056453947,505,66.1563673324143,3,8,0.375
161,3.289909904015076,12,5.885056225815788,27,66.14804801156556,16,29,0.5517241379310345
647,13.220942285079218,6,2.942528112907894,354,66.14277179340431,3,7,0.42857142857142855
680,13.895271644287277,12,5.885056225815788,14,66.13295742972657,3,7,0.42857142857142855
563,11.504467552549613,6,2.942528112907894,538,66.13012529396708,5,8,0.625
413,8.43933410160389,4,1.9616854086052626,402,66.1207350284172,7,11,0.6363636363636364
552,11.27969109948026,12,5.885056225815788,538,66.11385228109019,4,8,0.5
82,1.6756062865169952,16,7.8467416344210505,1,66.08932208552311,30,57,0.5263157894736842
719,14.692206341533165,20,9.808427043026313,213,66.03687588459047,3,7,0.42857142857142855
723,14.773943233558384,20,9.808427043026313,208,66.03105658461516,3,7,0.42857142857142855
250,5.108555751576205,8,3.9233708172105253,143,66.02681274360621,8,18,0.4444444444444444
582,11.892717789669405,3,1.471264056453947,495,66.02671470982284,3,8,0.375
546,11.157085761442431,8,3.9233708172105253,2,66.02547500565058,4,9,0.4444444444444444
717,14.651337895520555,6,2.942528112907894,225,66.0047587571873,3,7,0.42857142857142855
638,13.037034278022475,8,3.9233708172105253,383,65.99732945445443,4,7,0.5714285714285714
663,13.547889853180095,12,5.885056225815788,308,65.992160848765,4,7,0.5714285714285714
157,3.2081730119898566,20,9.808427043026313,91,65.98559371841479,16,29,0.5517241379310345
513,10.482756402234372,8,3.9233708172105253,125,65.9802911875653,5,9,0.5555555555555556
374,7.642399404358002,3,1.471264056453947,165,65.93744128631111,8,12,0.6666666666666666
381,7.785438965402136,4,1.9616854086052626,129,65.93629945806624,8,12,0.6666666666666666
205,4.189015716292488,6,2.942528112907894,24,65.91969834604984,13,23,0.5652173913043478
308,6.293740685941884,8,3.9233708172105253,124,65.9135466546646,8,15,0.5333333333333333
543,11.095783092423517,8,3.9233708172105253,12,65.91341004924821,4,9,0.4444444444444444
407,8.316728763566061,3,1.471264056453947,36,65.91144207285684,7,12,0.5833333333333334
502,10.25797994916502,6,2.942528112907894,133,65.89935655209963,6,9,0.6666666666666666
344,7.029372714168858,16,7.8467416344210505,316,65.8840504619396,4,13,0.3076923076923077
639,13.05746850102878,8,3.9233708172105253,380,65.87300520745046,4,7,0.5714285714285714
378,7.724136296383222,4,1.9616854086052626,151,65.8633030466954,10,12,0.8333333333333334
249,5.0881215285699,8,3.9233708172105253,150,65.85683815930649,9,19,0.47368421052631576
102,2.0842907466430916,12,5.885056225815788,25,65.84843850563576,25,46,0.5434782608695652
499,10.196677280146105,4,1.9616854086052626,148,65.80662382678166,4,9,0.4444444444444444
134,2.7381858828448458,20,9.808427043026313,26,65.79534509114795,22,35,0.6285714285714286
267,5.455937542683387,6,2.942528112907894,62,65.79372622825501,10,18,0.5555555555555556
469,9.58365058995696,6,2.942528112907894,256,65.79250700829036,7,10,0.7
243,4.965516190532071,6,2.942528112907894,202,65.78216379497208,6,19,0.3157894736842105
698,14.263087658400764,16,7.8467416344210505,640,65.78059936575004,3,6,0.5
560,11.443164883530699,16,7.8467416344210505,544,65.77921214243139,6,8,0.75
194,3.964239263223135,3,1.471264056453947,112,65.77388284954647,9,24,0.375
160,3.269475681008771,12,5.885056225815788,44,65.77095293509505,14,29,0.4827586206896552
373,7.6219651813516975,4,1.9616854086052626,168,65.76420703883247,8,12,0.6666666666666666
728,14.876114348589908,16,7.8467416344210505,189,65.74931535645838,3,7,0.42857142857142855
356,7.274583390244516,12,5.885056225815788,240,65.7471670389167,9,13,0.6923076923076923
384,7.8467416344210505,4,1.9616854086052626,109,65.7455028151337,7,12,0.5833333333333334
186,3.8007654791726964,12,5.885056225815788,176,65.7370516244422,15,24,0.625
521,10.64623018628481,3,1.471264056453947,101,65.73664583083576,4,9,0.4444444444444444
645,13.180073839066608,8,3.9233708172105253,355,65.73600478502492,3,7,0.42857142857142855
434,8.868452784736292,4,1.9616854086052626,340,65.73422970795406,5,10,0.5
365,7.458491397301259,6,2.942528112907894,204,65.70998762371649,9,13,0.6923076923076923
361,7.37675450527604,12,5.885056225815788,220,65.6695210125391,7,13,0.5384615384615384
467,9.54278214394435,6,2.942528112907894,241,65.66659059439148,4,10,0.4
240,4.904213521513157,12,5.885056225815788,224,65.65535266675407,11,19,0.5789473684210527
269,5.496805988695996,8,3.9233708172105253,27,65.63592917012618,11,18,0.6111111111111112
636,12.996165832009865,8,3.9233708172105253,389,65.63106067028366,5,7,0.7142857142857143
208,4.250318385311402,12,5.885056225815788,0,65.61484395718949,13,23,0.5652173913043478
658,13.445718738148571,4,1.9616854086052626,323,65.5920594618761,3,7,0.42857142857142855
292,5.966793117841007,3,1.471264056453947,204,65.59165745304217,5,16,0.3125
420,8.582373662648024,8,3.9233708172105253,404,65.58834840513285,10,11,0.9090909090909091
89,1.818645847561129,16,7.8467416344210505,62,65.56269290578615,29,52,0.5576923076923077
538,10.993611977391993,8,3.9233708172105253,27,65.55795918144031,6,9,0.6666666666666666
580,11.851849343656795,4,1.9616854086052626,496,65.53032717531592,3,8,0.375
531,10.850572416347859,6,2.942528112907894,71,65.5294117588078,6,9,0.6666666666666666
274,5.59897710372752,12,5.885056225815788,20,65.52876405408976,12,17,0.7058823529411765
545,11.136651538436126,8,3.9233708172105253,5,65.50503836976243,4,9,0.4444444444444444
579,11.83141512065049,4,1.9616854086052626,498,65.48764738888465,3,8,0.375
594,12.137928465745063,3,1.471264056453947,454,65.4734052526593,5,8,0.625
366,7.478925620307564,3,1.471264056453947,200,65.45077508873823,9,13,0.6923076923076923
445,9.093229237805645,4,1.9616854086052626,329,65.43938233638903,5,10,0.5
463,9.461045251919131,6,2.942528112907894,274,65.43654089847237,5,10,0.5
188,3.841633925185306,8,3.9233708172105253,160,65.3968799868198,16,24,0.6666666666666666
710,14.508298334476422,8,3.9233708172105253,244,65.38902843998557,5,7,0.7142857142857143
533,10.891440862360469,8,3.9233708172105253,65,65.36465939610213,6,9,0.6666666666666666
414,8.459768324610195,4,1.9616854086052626,399,65.35232361215625,7,11,0.6363636363636364
247,5.04725308255729,6,2.942528112907894,163,65.33173484982164,11,19,0.5789473684210527
670,13.690929414224229,12,5.885056225815788,22,65.32731930837747,5,7,0.7142857142857143
500,10.21711150315241,4,1.9616854086052626,143,65.30824936240114,5,9,0.5555555555555556
562,11.484033329543308,6,2.942528112907894,540,65.30557638773637,5,8,0.625
256,5.231161089614034,16,7.8467416344210505,103,65.28661630380712,13,18,0.7222222222222222
257,5.2515953126203385,16,7.8467416344210505,100,65.27225917874149,12,18,0.6666666666666666
547,11.177519984448736,8,3.9233708172105253,0,65.26655268330946,4,9,0.4444444444444444
311,6.355043354960799,8,3.9233708172105253,109,65.2654372017347,9,15,0.6
614,12.546612925871159,3,1.471264056453947,436,65.25276484939134,4,7,0.5714285714285714
387,7.908044303439965,3,1.471264056453947,97,65.24617153894361,6,12,0.5
657,13.425284515142266,3,1.471264056453947,325,65.23416539335634,3,7,0.42857142857142855
425,8.684544777679548,4,1.9616854086052626,389,65.23388008012029,5,10,0.5
669,13.670495191217924,12,5.885056225815788,27,65.23093131325005,5,7,0.7142857142857143
451,9.215834575843473,6,2.942528112907894,308,65.22996382080133,7,10,0.7
615,12.567047148877464,3,1.471264056453947,434,65.22585492081527,4,7,0.5714285714285714
330,6.74329359208059,6,2.942528112907894,317,65.21644634203689,7,14,0.5
233,4.761173960469023,20,9.808427043026313,187,65.20560657273954,9,20,0.45
565,11.545335998562223,8,3.9233708172105253,534,65.20554380956347,5,8,0.625
631,12.89399471697834,6,2.942528112907894,401,65.19360806090212,6,7,0.8571428571428571
187,3.821199702179001,8,3.9233708172105253,167,65.19353154443583,15,24,0.625
218,4.454660615374451,16,7.8467416344210505,115,65.189904170776,11,21,0.5238095238095238
608,12.42400758783333,4,1.9616854086052626,448,65.1753465599365,5,7,0.7142857142857143
714,14.59003522650164,3,1.471264056453947,234,65.16861391598972,3,7,0.42857142857142855
454,9.277137244862388,6,2.942528112907894,302,65.15482323536402,6,10,0.6
193,3.94380504021683,6,2.942528112907894,101,65.1304063482371,11,24,0.4583333333333333
263,5.374200650658167,8,3.9233708172105253,86,65.12567857380893,11,18,0.6111111111111112
459,9.379308359893912,4,1.9616854086052626,287,65.11821362130681,6,10,0.6
323,6.600254031036457,8,3.9233708172105253,27,65.10555010534078,9,15,0.6
474,9.685821704988484,4,1.9616854086052626,242,65.08778563823365,8,10,0.8
718,14.67177211852686,12,5.885056225815788,219,65.08528460630106,3,7,0.42857142857142855
261,5.333332204645558,8,3.9233708172105253,98,65.07742200292508,8,18,0.4444444444444444
599,12.240099580776587,4,1.9616854086052626,466,65.07657073984477,5,7,0.7142857142857143
466,9.522347920938046,6,2.942528112907894,266,65.06537919162284,7,10,0.7
358,7.315451836257125,6,2.942528112907894,231,65.0553733497786,8,13,0.6153846153846154
283,5.782885110784264,20,9.808427043026313,246,65.04459321282567,9,16,0.5625
353,7.213280721225601,20,9.808427043026313,288,65.04232778865612,7,13,0.5384615384615384
93,1.9003827395863482,12,5.885056225815788,58,65.03625216266778,24,50,0.48
296,6.0485300098662265,6,2.942528112907894,163,65.01529573518701,11,16,0.6875
427,8.725413223692158,3,1.471264056453947,383,64.99066189487097,4,10,0.4
379,7.7445705193895265,3,1.471264056453947,145,64.97528779979666,10,12,0.8333333333333334
555,11.340993768499175,16,7.8467416344210505,532,64.97393471177807,4,8,0.5
480,9.808427043026313,3,1.471264056453947,224,64.94799165266691,6,10,0.6
577,11.79054667463788,4,1.9616854086052626,488,64.9422341334658,4,8,0.5
468,9.563216366950655,6,2.942528112907894,234,64.9418709303651,3,10,0.3
544,11.116217315429822,8,3.9233708172105253,10,64.93914943493374,5,9,0.5555555555555556
371,7.581096735339088,3,1.471264056453947,176,64.93875721842062,9,13,0.6923076923076923
326,6.661556700055371,6,2.942528112907894,11,64.93074504045218,6,15,0.4
625,12.771389378940512,4,1.9616854086052626,414,64.92886196440277,5,7,0.7142857142857143
307,6.2733064629355795,8,3.9233708172105253,129,64.9247944793354,8,15,0.5333333333333333
324,6.620688254042761,4,1.9616854086052626,24,64.91326607508192,7,15,0.4666666666666667
713,14.569601003495336,4,1.9616854086052626,238,64.91116311299572,4,7,0.5714285714285714
654,13.363981846123352,3,1.471264056453947,332,64.90380271349908,3,7,0.42857142857142855
630,12.873560493972036,6,2.942528112907894,404,64.89125646079574,6,7,0.8571428571428571
525,10.72796707831003,6,2.942528112907894,89,64.8813728718179,6,9,0.6666666666666666
522,10.666664409291116,4,1.9616854086052626,98,64.87770535776004,5,9,0.5555555555555556
299,6.109832678885141,12,5.885056225815788,169,64.8704290428599,10,15,0.6666666666666666
477,9.747124374007399,3,1.471264056453947,231,64.85983504397758,7,10,0.7
370,7.560662512332783,3,1.471264056453947,184,64.85807896928043,9,13,0.6923076923076923
239,4.883779298506852,16,7.8467416344210505,230,64.84695703848575,11,19,0.5789473684210527
626,12.791823601946817,4,1.9616854086052626,412,64.83267738366187,5,7,0.7142857142857143
415,8.4802025476165,4,1.9616854086052626,394,64.82549195687794,5,11,0.45454545454545453
382,7.805873188408441,3,1.471264056453947,132,64.80857712675517,9,12,0.75
553,11.300125322486565,12,5.885056225815788,537,64.78609170350411,4,8,0.5
612,12.50574447985855,3,1.471264056453947,440,64.7797908175778,5,7,0.7142857142857143
455,9.297571467868693,6,2.942528112907894,299,64.76052961957205,7,10,0.7
722,14.75350901055208,12,5.885056225815788,212,64.7600185315404,3,7,0.42857142857142855
297,6.068964232872531,6,2.942528112907894,159,64.7433601367966,12,16,0.75
401,8.194123425528232,3,1.471264056453947,58,64.73504216143701,6,12,0.5
103,2.1047249696493964,12,5.885056225815788,16,64.72850721144746,23,45,0.5111111111111111
595,12.158362688751367,4,1.9616854086052626,450,64.72641884884457,6,8,0.75
426,8.704979000685853,4,1.9616854086052626,386,64.725658376096,5,10,0.5
126,2.574712098794407,8,3.9233708172105253,24,64.7253811544778,24,37,0.6486486486486487
503,10.278414172171324,6,2.942528112907894,155,64.72333504708693,6,9,0.6666666666666666
294,6.007661563853617,4,1.9616854086052626,194,64.71277419592838,9,16,0.5625
248,5.067687305563595,6,2.942528112907894,151,64.71173381834352,11,19,0.5789473684210527
629,12.853126270965731,6,2.942528112907894,401,64.70404195285704,5,7,0.7142857142857143
656,13.404850292135961,3,1.471264056453947,329,64.64221492741225,4,7,0.5714285714285714
600,12.260533803782891,4,1.9616854086052626,464,64.64182760704496,5,7,0.7142857142857143
196,4.0051077092357446,3,1.471264056453947,95,64.62941957748386,13,24,0.5416666666666666
190,3.8825023711979156,4,1.9616854086052626,144,64.61836427036292,16,24,0.6666666666666666
575,11.749678228625271,4,1.9616854086052626,494,64.60733898354147,4,8,0.5
650,13.282244954098132,16,7.8467416344210505,348,64.58478042444561,3,7,0.42857142857142855
185,3.7803312561663915,8,3.9233708172105253,184,64.58136963805076,13,25,0.52
711,14.528732557482726,6,2.942528112907894,242,64.56927484448936,5,7,0.7142857142857143
549,11.218388430461346,6,2.942528112907894,539,64.56854681359742,3,8,0.375
616,12.587481371883769,3,1.471264056453947,432,64.5624247615151,4,7,0.5714285714285714
515,10.523624848246982,6,2.942528112907894,119,64.54767345304185,5,9,0.5555555555555556
721,14.733074787545775,20,9.808427043026313,201,64.54689779474975,4,7,0.5714285714285714
265,5.415069096670777,8,3.9233708172105253,74,64.52633305459614,11,18,0.6111111111111112
283,5.782885110784264,12,5.885056225815788,249,64.50648048838174,10,16,0.625
603,12.321836472801806,4,1.9616854086052626,453,64.50503015540744,5,7,0.7142857142857143
650,13.282244954098132,4,1.9616854086052626,339,64.50083712895538,3,7,0.42857142857142855
699,14.283521881407069,16,7.8467416344210505,638,64.49542810882724,3,6,0.5
106,2.166027638668311,16,7.8467416344210505,71,64.49259773331758,27,44,0.6136363636363636
617,12.607915594890073,3,1.471264056453947,430,64.48270773093188,4,7,0.5714285714285714
321,6.559385585023847,12,5.885056225815788,39,64.48265159943074,7,15,0.4666666666666667
687,14.03831120533141,20,9.808427043026313,675,64.46053550106926,3,6,0.5
260,5.312897981639253,3,1.471264056453947,104,64.45994213972807,7,18,0.3888888888888889
564,11.524901775555918,6,2.942528112907894,536,64.44621276885005,5,8,0.625
418,8.541505216635414,8,3.9233708172105253,388,64.43664617757463,6,11,0.5454545454545454
183,3.739462810153782,6,2.942528112907894,17,64.4340553862766,16,26,0.6153846153846154
640,13.077902724035084,8,3.9233708172105253,377,64.43338364583907,4,7,0.5714285714285714
646,13.200508062072913,8,3.9233708172105253,351,64.43106336875931,4,7,0.5714285714285714
225,4.597700176418584,20,9.808427043026313,27,64.43083651050642,10,21,0.47619047619047616
178,3.637291695122258,16,7.8467416344210505,62,64.40944177131536,15,26,0.5769230769230769
262,5.353766427651863,8,3.9233708172105253,92,64.39952487704605,9,18,0.5
498,10.1762430571398,4,1.9616854086052626,148,64.38806322287036,4,10,0.4
708,14.467429888463812,16,7.8467416344210505,248,64.38151996699014,6,7,0.8571428571428571
610,12.46487603384594,3,1.471264056453947,444,64.37762085616896,5,7,0.7142857142857143
688,14.058745428337716,20,9.808427043026313,672,64.37478020087391,3,6,0.5
727,14.855680125583604,16,7.8467416344210505,191,64.37163275621396,3,7,0.42857142857142855
245,5.006384636544681,4,1.9616854086052626,191,64.366147515957,10,19,0.5263157894736842
333,6.804596261099505,20,9.808427043026313,48,64.36148586801991,5,14,0.35714285714285715
184,3.7598970331600867,4,1.9616854086052626,8,64.35843934274403,15,26,0.5769230769230769
649,13.261810731091828,3,1.471264056453947,343,64.35617188954335,3,7,0.42857142857142855
602,12.301402249795501,4,1.9616854086052626,457,64.33663959320378,5,7,0.7142857142857143
686,14.017876982325106,16,7.8467416344210505,659,64.31525983530238,3,6,0.5
244,4.985950413538376,4,1.9616854086052626,200,64.30866452217617,11,19,0.5789473684210527
652,13.323113400110742,4,1.9616854086052626,334,64.30772781738955,3,7,0.42857142857142855
180,3.6781601411348674,20,9.808427043026313,41,64.30564434312518,15,26,0.5769230769230769
724,14.794377456564689,16,7.8467416344210505,206,64.28572924331942,3,7,0.42857142857142855
622,12.710086709921598,4,1.9616854086052626,420,64.28317327891031,4,7,0.5714285714285714
548,11.19795420745504,6,2.942528112907894,541,64.26633375521122,3,8,0.375
221,4.515963284393365,16,7.8467416344210505,87,64.25620695170038,12,21,0.5714285714285714
215,4.393357946355536,20,9.808427043026313,135,64.2454422409143,13,21,0.6190476190476191
447,9.134097683818254,3,1.471264056453947,323,64.23802056985097,4,10,0.4
357,7.29501761325082,8,3.9233708172105253,236,64.23717177522636,9,13,0.6923076923076923
658,13.445718738148571,3,1.471264056453947,323,64.23676662987533,3,7,0.42857142857142855
181,3.6985943641411723,20,9.808427043026313,26,64.22614026557336,17,26,0.6538461538461539
505,10.319282618183934,8,3.9233708172105253,145,64.22215338492339,6,9,0.6666666666666666
145,2.9629623359141988,3,1.471264056453947,65,64.21696585705158,4,32,0.125
705,14.406127219444897,16,7.8467416344210505,254,64.20001218259041,7,7,1.0
609,12.444441810839635,3,1.471264056453947,446,64.19934954276223,5,7,0.7142857142857143
471,9.62451903596957,6,2.942528112907894,232,64.19595807072037,4,10,0.4
220,4.49552906138706,16,7.8467416344210505,97,64.19194749539685,11,21,0.5238095238095238
125,2.5542778757881024,6,2.942528112907894,20,64.18768978570863,20,37,0.5405405405405406
317,6.477648692998628,6,2.942528112907894,78,64.15528994274453,10,15,0.6666666666666666
559,11.422730660524394,16,7.8467416344210505,527,64.15362854239469,5,8,0.625
618,12.628349817896378,4,1.9616854086052626,428,64.1515256903701,4,7,0.5714285714285714
383,7.826307411414746,3,1.471264056453947,126,64.14565225775496,7,12,0.5833333333333334
709,14.487864111470117,12,5.885056225815788,246,64.1435699807859,6,7,0.8571428571428571
92,1.8799485165800434,12,5.885056225815788,8,64.12693198245887,27,51,0.5294117647058824
509,10.401019510209153,8,3.9233708172105253,137,64.12212868992104,5,9,0.5555555555555556
634,12.955297385997255,6,2.942528112907894,395,64.11344695989906,5,7,0.7142857142857143
661,13.507021407167485,8,3.9233708172105253,314,64.10788933485904,3,7,0.42857142857142855
378,7.724136296383222,3,1.471264056453947,152,64.0784119324722,11,12,0.9166666666666666
527,10.76883552432264,6,2.942528112907894,83,64.07210277248188,6,9,0.6666666666666666
465,9.501913697931741,6,2.942528112907894,269,64.07087642107291,7,10,0.7
536,10.952743531379383,6,2.942528112907894,55,64.05499266125656,4,9,0.4444444444444444
441,9.011492345780425,4,1.9616854086052626,341,64.05113642699898,5,10,0.5
566,11.565770221568528,4,1.9616854086052626,532,64.02686638597588,4,8,0.5
282,5.762450887777959,16,7.8467416344210505,254,64.01794668160242,10,16,0.625
276,5.63984554974013,20,9.808427043026313,262,63.99369687688358,10,16,0.625
561,11.463599106537004,8,3.9233708172105253,541,63.98195003240779,5,8,0.625
275,5.619411326733825,12,5.885056225815788,14,63.962205365125605,13,17,0.7647058823529411
712,14.549166780489031,4,1.9616854086052626,240,63.96013510804984,4,7,0.5714285714285714
282,5.762450887777959,20,9.808427043026313,251,63.95649975294401,10,16,0.625
550,11.23882265346765,8,3.9233708172105253,541,63.95639135922814,4,8,0.5
475,9.706255927994789,3,1.471264056453947,239,63.955127051870925,8,10,0.8
385,7.867175857427355,3,1.471264056453947,105,63.94275293388089,7,12,0.5833333333333334
601,12.280968026789196,4,1.9616854086052626,461,63.94184311050001,5,7,0.7142857142857143
200,4.086844601260964,4,1.9616854086052626,40,63.93130657833016,11,23,0.4782608695652174
318,6.4980829160049325,6,2.942528112907894,71,63.92178705140145,10,15,0.6666666666666666
431,8.807150115717377,3,1.471264056453947,361,63.91352436747891,3,10,0.3
207,4.229884162305098,8,3.9233708172105253,193,63.89878975416873,12,22,0.5454545454545454
104,2.125159192655701,12,5.885056225815788,0,63.88915225789172,24,45,0.5333333333333333
142,2.9016596668952843,16,7.8467416344210505,102,63.882693046792895,14,32,0.4375
430,8.786715892711072,3,1.471264056453947,366,63.86317218316997,3,10,0.3
331,6.763727815086895,6,2.942528112907894,311,63.8606582966918,7,14,0.5
526,10.748401301316335,6,2.942528112907894,82,63.856850518754705,6,9,0.6666666666666666
542,11.075348869417212,6,2.942528112907894,18,63.84408110010754,4,9,0.4444444444444444
514,10.503190625240677,6,2.942528112907894,122,63.842494376036484,6,9,0.6666666666666666
720,14.71264056453947,8,3.9233708172105253,218,63.83915619204265,3,7,0.42857142857142855
206,4.209449939298793,6,2.942528112907894,198,63.8257177982568,16,22,0.7272727272727273
606,12.38313914182072,6,2.942528112907894,452,63.82551369247751,6,7,0.8571428571428571
660,13.48658718416118,6,2.942528112907894,317,63.818619553015864,3,7,0.42857142857142855
689,14.07917965134402,20,9.808427043026313,669,63.81397847342473,4,6,0.6666666666666666
301,6.150701124897751,12,5.885056225815788,159,63.77335594151873,12,15,0.8
424,8.664110554673243,4,1.9616854086052626,392,63.764996275953905,5,11,0.45454545454545453
81,1.6551720635106904,16,7.8467416344210505,25,63.76279358634107,30,57,0.5263157894736842
421,8.602807885654329,6,2.942528112907894,401,63.73932631025874,10,11,0.9090909090909091
605,12.362704918814416,6,2.942528112907894,452,63.735808618146486,6,7,0.8571428571428571
203,4.148147270279878,4,1.9616854086052626,18,63.71919156798101,14,23,0.6086956521739131
158,3.2286072349961614,12,5.885056225815788,84,63.71522753922602,18,29,0.6206896551724138
270,5.517240211702301,4,1.9616854086052626,22,63.703256223008594,9,18,0.5
342,6.988504268156248,16,7.8467416344210505,328,63.701138807694775,5,13,0.38461538461538464
624,12.750955155934207,4,1.9616854086052626,416,63.69661204887098,5,7,0.7142857142857143
209,4.270752608317707,12,5.885056225815788,201,63.69303523130768,14,22,0.6363636363636364
422,8.623242108660634,8,3.9233708172105253,395,63.69052385901396,9,11,0.8181818181818182
554,11.32055954549287,12,5.885056225815788,535,63.665770610792606,4,8,0.5
195,3.9846734862294397,3,1.471264056453947,104,63.642447685771,12,24,0.5
523,10.68709863229742,4,1.9616854086052626,95,63.63081118967968,5,9,0.5555555555555556
716,14.63090367251425,3,1.471264056453947,229,63.62185811728679,3,7,0.42857142857142855
284,5.803319333790569,6,2.942528112907894,244,63.6105660525311,9,16,0.5625
281,5.742016664771654,16,7.8467416344210505,259,63.59478256253541,10,16,0.625
662,13.52745563017379,8,3.9233708172105253,311,63.59064261770998,3,7,0.42857142857142855
91,1.8595142935737385,16,7.8467416344210505,22,63.58758332584753,31,51,0.6078431372549019
380,7.765004742395831,3,1.471264056453947,135,63.585304383968264,9,12,0.75
611,12.485310256852244,3,1.471264056453947,442,63.58411402106627,5,7,0.7142857142857143
316,6.457214469992323,8,3.9233708172105253,84,63.581421804276694,11,15,0.7333333333333333
702,14.344824550425983,20,9.808427043026313,629,63.55501615614025,3,6,0.5
164,3.3512125730339903,8,3.9233708172105253,1,63.55304738062589,16,29,0.5517241379310345
643,13.139205393053999,8,3.9233708172105253,357,63.533548494898206,4,7,0.5714285714285714
375,7.662833627364307,3,1.471264056453947,159,63.495721622489114,8,12,0.6666666666666666
180,3.6781601411348674,16,7.8467416344210505,44,63.48715408850085,16,26,0.6153846153846154
386,7.88761008043366,3,1.471264056453947,100,63.47803319964399,6,12,0.5
165,3.371646796040295,12,5.885056225815788,152,63.46300531238336,14,28,0.5
253,5.169858420595119,12,5.885056225815788,140,63.44719291592852,11,18,0.6111111111111112
325,6.641122477049066,4,1.9616854086052626,19,63.439259411393564,6,15,0.4
433,8.848018561729987,3,1.471264056453947,356,63.42651617741495,3,10,0.3
641,13.098336947041389,8,3.9233708172105253,374,63.42575772431619,4,7,0.5714285714285714
537,10.973177754385688,8,3.9233708172105253,53,63.425576497189425,5,9,0.5555555555555556
332,6.7841620380932,20,9.808427043026313,55,63.42420936915083,6,14,0.42857142857142855
472,9.644953258975875,4,1.9616854086052626,225,63.42194336709844,4,10,0.4
345,7.049806937175163,20,9.808427043026313,320,63.41027980856265,5,13,0.38461538461538464
637,13.01660005501617,8,3.9233708172105253,386,63.39665299187617,5,7,0.7142857142857143
450,9.195400352837169,4,1.9616854086052626,311,63.36344046306818,7,10,0.7
681,13.915705867293582,12,5.885056225815788,11,63.363129474041685,3,7,0.42857142857142855
704,14.385692996438593,16,7.8467416344210505,256,63.36005928281768,7,7,1.0
105,2.145593415662006,16,7.8467416344210505,89,63.35749091086584,31,44,0.7045454545454546
191,3.9029365942042205,3,1.471264056453947,132,63.35555046560337,14,24,0.5833333333333334
723,14.773943233558384,16,7.8467416344210505,208,63.34635120093759,3,7,0.42857142857142855
211,4.311621054330317,16,7.8467416344210505,184,63.34518396281673,16,22,0.7272727272727273
648,13.241376508085523,3,1.471264056453947,348,63.3220650766229,3,7,0.42857142857142855
558,11.402296437518089,16,7.8467416344210505,529,63.30882483503547,5,8,0.625
508,10.380585287202848,8,3.9233708172105253,140,63.28088838721458,5,9,0.5555555555555556
726,14.835245902577299,16,7.8467416344210505,193,63.26874267382539,3,7,0.42857142857142855
129,2.6360147678133217,8,3.9233708172105253,97,63.2560000486766,18,36,0.5
653,13.343547623117047,3,1.471264056453947,333,63.249217069216584,3,7,0.42857142857142855
539,11.014046200398298,4,1.9616854086052626,25,63.235202682457945,4,9,0.4444444444444444
576,11.770112451631576,3,1.471264056453947,489,63.230756366641764,4,8,0.5
449,9.174966129830864,4,1.9616854086052626,317,63.21009233616868,7,10,0.7
124,2.5338436527817976,6,2.942528112907894,27,63.172451440248246,21,38,0.5526315789473685
501,10.237545726158714,4,1.9616854086052626,138,63.17214227037892,6,9,0.6666666666666666
300,6.130266901891446,12,5.885056225815788,164,63.16900194260443,11,15,0.7333333333333333
280,5.721582441765349,20,9.808427043026313,245,63.16097092531295,10,16,0.625
473,9.66538748198218,3,1.471264056453947,221,63.15925935027331,4,10,0.4
580,11.851849343656795,3,1.471264056453947,496,63.14948061456693,3,8,0.375
453,9.256703021856083,6,2.942528112907894,305,63.14259567289331,6,10,0.6
504,10.298848395177629,6,2.942528112907894,152,63.14221801236893,5,9,0.5555555555555556
328,6.702425146067981,4,1.9616854086052626,1,63.139586435047505,9,15,0.6
373,7.6219651813516975,3,1.471264056453947,168,63.1290721544512,8,12,0.6666666666666666
723,14.773943233558384,12,5.885056225815788,209,63.127226691564786,3,7,0.42857142857142855
597,12.199231134763977,4,1.9616854086052626,470,63.1020108089349,5,7,0.7142857142857143
306,6.252872239929275,6,2.942528112907894,134,63.08010267994881,9,15,0.6
722,14.75350901055208,20,9.808427043026313,209,63.07835070560212,3,7,0.42857142857142855
613,12.526178702864854,3,1.471264056453947,438,63.0748501043016,5,7,0.7142857142857143
709,14.487864111470117,20,9.808427043026313,243,63.03750769504833,6,7,0.8571428571428571
470,9.604084812963265,6,2.942528112907894,231,63.03504884856229,4,10,0.4
633,12.93486316299095,6,2.942528112907894,398,63.029116786800465,6,7,0.8571428571428571
460,9.399742582900217,4,1.9616854086052626,284,63.01048220516328,6,10,0.6
419,8.56193943964172,8,3.9233708172105253,407,63.00986193925674,10,11,0.9090909090909091
372,7.601530958345393,3,1.471264056453947,172,63.00883382911618,9,12,0.75
259,5.292463758632948,3,1.471264056453947,110,63.006342317222895,7,18,0.3888888888888889
644,13.159639616060304,8,3.9233708172105253,355,62.99337895409682,4,7,0.5714285714285714
532,10.871006639354164,6,2.942528112907894,68,62.98091508294831,6,9,0.6666666666666666
510,10.421453733215458,6,2.942528112907894,134,62.95045989981167,5,9,0.5555555555555556
295,6.028095786859922,4,1.9616854086052626,189,62.93981342723961,9,16,0.5625
135,2.7586201058511506,20,9.808427043026313,17,62.92248994151161,21,35,0.6
560,11.443164883530699,12,5.885056225815788,544,62.89519410091539,6,8,0.75
540,11.034480423404602,4,1.9616854086052626,22,62.88829273011794,4,9,0.4444444444444444
458,9.358874136887607,4,1.9616854086052626,290,62.88590644603286,6,10,0.6
627,12.812257824953122,4,1.9616854086052626,407,62.86530568454835,5,7,0.7142857142857143
204,4.168581493286183,4,1.9616854086052626,30,62.85812767780737,13,23,0.5652173913043478
312,6.375477577967104,6,2.942528112907894,104,62.844266681894595,10,15,0.6666666666666666
201,4.107278824267269,4,1.9616854086052626,27,62.823886387250006,13,23,0.5652173913043478
423,8.643676331666938,8,3.9233708172105253,395,62.82156103043729,7,11,0.6363636363636364
566,11.565770221568528,3,1.471264056453947,532,62.81323304504967,4,8,0.5
598,12.219665357770282,3,1.471264056453947,468,62.81004100507175,5,7,0.7142857142857143
417,8.52107099362911,6,2.942528112907894,389,62.80935140675135,6,11,0.5454545454545454
364,7.438057174294954,8,3.9233708172105253,208,62.80864369905659,8,13,0.6153846153846154
635,12.97573160900356,6,2.942528112907894,392,62.80698918685681,5,7,0.7142857142857143
645,13.180073839066608,6,2.942528112907894,355,62.79742320662823,3,7,0.42857142857142855
516,10.544059071253287,6,2.942528112907894,116,62.782917840972814,5,9,0.5555555555555556
128,2.615580544807017,12,5.885056225815788,109,62.782226040681266,23,36,0.6388888888888888
579,11.83141512065049,3,1.471264056453947,498,62.777930332229474,3,8,0.375
720,14.71264056453947,16,7.8467416344210505,205,62.77042249549075,4,7,0.5714285714285714
507,10.360151064196543,8,3.9233708172105253,143,62.76778511213604,5,9,0.5555555555555556
555,11.340993768499175,12,5.885056225815788,532,62.754251174057295,4,8,0.5
499,10.196677280146105,3,1.471264056453947,147,62.74350429821762,4,9,0.4444444444444444
659,13.466152961154876,4,1.9616854086052626,320,62.74190576568787,3,7,0.42857142857142855
327,6.681990923061676,4,1.9616854086052626,8,62.72325215269858,6,15,0.4
459,9.379308359893912,3,1.471264056453947,287,62.71948435654663,6,10,0.6
632,12.914428939984646,6,2.942528112907894,379,62.71175521085831,3,7,0.42857142857142855
695,14.20178498938185,12,5.885056225815788,646,62.7071973670329,3,6,0.5
700,14.303956104413373,16,7.8467416344210505,635,62.70350675517,3,6,0.5
515,10.523624848246982,4,1.9616854086052626,119,62.69197124921107,5,9,0.5555555555555556
556,11.36142799150548,16,7.8467416344210505,533,62.677448458750824,5,8,0.625
524,10.707532855303725,4,1.9616854086052626,92,62.662515103723706,5,9,0.5555555555555556
130,2.6564489908196265,20,9.808427043026313,79,62.65736897516796,18,36,0.5
707,14.446995665457507,16,7.8467416344210505,250,62.65139216748713,6,7,0.8571428571428571
273,5.578542880721216,12,5.885056225815788,1,62.64733709049049,8,17,0.47058823529411764
127,2.595146321800712,12,5.885056225815788,121,62.64512579529811,20,36,0.5555555555555556
599,12.240099580776587,3,1.471264056453947,466,62.640846867209056,5,7,0.7142857142857143
319,6.518517139011237,8,3.9233708172105253,64,62.63761168824137,8,15,0.5333333333333333
581,11.8722835666631,4,1.9616854086052626,477,62.62439476099212,3,8,0.375
476,9.726690151001094,3,1.471264056453947,232,62.59412957950474,7,10,0.7
565,11.545335998562223,6,2.942528112907894,534,62.58559126235212,5,8,0.625
621,12.689652486915293,4,1.9616854086052626,422,62.58454691746614,4,7,0.5714285714285714
725,14.814811679570994,16,7.8467416344210505,203,62.57899797141279,3,7,0.42857142857142855
600,12.260533803782891,3,1.471264056453947,464,62.57792742424614,5,7,0.7142857142857143
578,11.810980897644185,4,1.9616854086052626,499,62.56474389890647,3,8,0.375
219,4.475094838380755,12,5.885056225815788,107,62.547137634476705,13,21,0.6190476190476191
500,10.21711150315241,3,1.471264056453947,142,62.53120594540298,5,9,0.5555555555555556
315,6.436780246986018,8,3.9233708172105253,66,62.529755544780905,6,15,0.4
479,9.787992820020008,3,1.471264056453947,224,62.52198807541227,6,10,0.6
452,9.236268798849778,6,2.942528112907894,308,62.51037497231551,6,10,0.6
638,13.037034278022475,6,2.942528112907894,383,62.486522989942394,4,7,0.5714285714285714
264,5.394634873664472,6,2.942528112907894,80,62.46582516585929,10,18,0.5555555555555556
713,14.569601003495336,3,1.471264056453947,238,62.4434464448175,4,7,0.5714285714285714
557,11.381862214511784,16,7.8467416344210505,531,62.43733452324196,5,8,0.625
538,10.993611977391993,6,2.942528112907894,27,62.43658902351462,6,9,0.6666666666666666
461,9.420176805906522,4,1.9616854086052626,281,62.43222383658269,5,10,0.5
217,4.434226392368146,16,7.8467416344210505,126,62.42017463999632,12,21,0.5714285714285714
696,14.222219212388154,12,5.885056225815788,643,62.415904160999474,3,6,0.5
464,9.481479474925436,6,2.942528112907894,270,62.40648643870757,6,10,0.6
625,12.771389378940512,3,1.471264056453947,414,62.404551629285265,5,7,0.7142857142857143
376,7.683267850370612,4,1.9616854086052626,136,62.377096744832485,6,12,0.5
551,11.259256876473955,8,3.9233708172105253,540,62.37262605432122,4,8,0.5
413,8.43933410160389,3,1.471264056453947,402,62.367961944039884,7,11,0.6363636363636364
642,13.118771170047694,8,3.9233708172105253,371,62.36299246485153,4,7,0.5714285714285714
445,9.093229237805645,3,1.471264056453947,329,62.36183090559602,5,10,0.5
651,13.302679177104437,4,1.9616854086052626,335,62.34851128421438,3,7,0.42857142857142855
381,7.785438965402136,3,1.471264056453947,129,62.34260936593182,8,12,0.6666666666666666
416,8.500636770622805,4,1.9616854086052626,392,62.3361118968794,6,11,0.5454545454545454
352,7.192846498219296,16,7.8467416344210505,294,62.334406322784325,7,13,0.5384615384615384
706,14.426561442451202,16,7.8467416344210505,252,62.317601678333645,6,7,0.8571428571428571
250,5.108555751576205,6,2.942528112907894,143,62.28803931125291,8,18,0.4444444444444444
104,2.125159192655701,20,9.808427043026313,101,62.28197763160133,25,44,0.5681818181818182
502,10.25797994916502,4,1.9616854086052626,133,62.26605451700631,6,9,0.6666666666666666
432,8.827584338723682,3,1.471264056453947,348,62.24738722255334,5,10,0.5
596,12.178796911757672,4,1.9616854086052626,472,62.24194933842071,5,7,0.7142857142857143
277,5.660279772746435,20,9.808427043026313,260,62.22367435551817,9,16,0.5625
192,3.9233708172105253,4,1.9616854086052626,109,62.223054869351934,12,24,0.5
232,4.740739737462718,20,9.808427043026313,198,62.212535489823104,10,20,0.5
512,10.462322179228067,6,2.942528112907894,128,62.19745384997082,5,9,0.5555555555555556
210,4.291186831324012,12,5.885056225815788,194,62.188631239609734,16,22,0.7272727272727273
710,14.508298334476422,6,2.942528112907894,244,62.16710274808685,5,7,0.7142857142857143
269,5.496805988695996,6,2.942528112907894,27,62.1215612251604,11,18,0.6111111111111112
359,7.33588605926343,8,3.9233708172105253,228,62.117466637103426,7,13,0.5384615384615384
513,10.482756402234372,6,2.942528112907894,125,62.108133528087265,5,9,0.5555555555555556
329,6.7228593690742855,4,1.9616854086052626,323,62.10289440072465,8,14,0.5714285714285714
622,12.710086709921598,3,1.471264056453947,420,62.102173685797226,4,7,0.5714285714285714
258,5.272029535626643,8,3.9233708172105253,116,62.080019239803946,8,18,0.4444444444444444
246,5.0268188595509855,4,1.9616854086052626,187,62.076120620766694,11,19,0.5789473684210527
511,10.441887956221763,6,2.942528112907894,129,62.073543025527805,5,9,0.5555555555555556
425,8.684544777679548,3,1.471264056453947,389,62.072381168032464,5,10,0.5
607,12.403573364827025,4,1.9616854086052626,450,62.05746877939829,5,7,0.7142857142857143
420,8.582373662648024,6,2.942528112907894,404,62.049848533312556,10,11,0.9090909090909091
522,10.666664409291116,3,1.471264056453947,98,62.045673618169424,5,9,0.5555555555555556
608,12.42400758783333,3,1.471264056453947,448,62.0450784022438,5,7,0.7142857142857143
90,1.8390800705674337,20,9.808427043026313,41,62.02981327488307,27,52,0.5192307692307693
541,11.054914646410907,4,1.9616854086052626,21,62.02894484117799,4,9,0.4444444444444444
142,2.9016596668952843,20,9.808427043026313,98,61.97943179882857,15,32,0.46875
563,11.504467552549613,4,1.9616854086052626,538,61.97362457123001,5,8,0.625
197,4.025541932242049,3,1.471264056453947,84,61.97204205386072,13,24,0.5416666666666666
314,6.416346023979713,6,2.942528112907894,87,61.968467026250224,9,15,0.6
636,12.996165832009865,6,2.942528112907894,389,61.94328003580249,5,7,0.7142857142857143
506,10.339716841190238,8,3.9233708172105253,140,61.94049572230557,6,9,0.6666666666666666
546,11.157085761442431,6,2.942528112907894,2,61.91984894299948,4,9,0.4444444444444444
242,4.945081967525766,8,3.9233708172105253,212,61.90921809593273,12,19,0.631578947368421
249,5.0881215285699,6,2.942528112907894,149,61.90473710123843,9,19,0.47368421052631576
694,14.181350766375544,12,5.885056225815788,649,61.9011852788228,3,6,0.5
652,13.323113400110742,3,1.471264056453947,334,61.86873138752158,3,7,0.42857142857142855
462,9.440611028912826,4,1.9616854086052626,278,61.85402193143546,5,10,0.5
384,7.8467416344210505,3,1.471264056453947,121,61.844438403092816,7,12,0.5833333333333334
547,11.177519984448736,6,2.942528112907894,0,61.830856706800475,4,9,0.4444444444444444
552,11.27969109948026,8,3.9233708172105253,539,61.82160202876054,4,8,0.5
721,14.733074787545775,8,3.9233708172105253,215,61.8077368419448,3,7,0.42857142857142855
360,7.356320282269735,8,3.9233708172105253,224,61.8047744980857,7,13,0.5384615384615384
147,3.0038307819268084,6,2.942528112907894,47,61.80448406018677,16,32,0.5
457,9.338439913881302,4,1.9616854086052626,293,61.801121161864785,6,10,0.6
712,14.549166780489031,3,1.471264056453947,240,61.7903702345204,4,7,0.5714285714285714
244,4.985950413538376,3,1.471264056453947,200,61.779776101585576,11,19,0.5789473684210527
320,6.538951362017542,8,3.9233708172105253,42,61.757122593707855,8,15,0.5333333333333333
308,6.293740685941884,6,2.942528112907894,124,61.74775337152524,8,15,0.5333333333333333
618,12.628349817896378,3,1.471264056453947,428,61.74461410954812,4,7,0.5714285714285714
624,12.750955155934207,3,1.471264056453947,416,61.72442632344293,5,7,0.7142857142857143
442,9.03192656878673,4,1.9616854086052626,338,61.6973422078249,6,10,0.6
243,4.965516190532071,4,1.9616854086052626,202,61.68257392535249,6,19,0.3157894736842105
212,4.332055277336622,20,9.808427043026313,160,61.665657106679944,11,22,0.5
703,14.365258773432288,16,7.8467416344210505,258,61.65261467659513,7,7,1.0
554,11.32055954549287,8,3.9233708172105253,535,61.630328630914136,4,8,0.5
239,4.883779298506852,12,5.885056225815788,230,61.61974722368831,11,19,0.5789473684210527
426,8.704979000685853,3,1.471264056453947,383,61.61701813530059,4,10,0.4
478,9.767558597013704,3,1.471264056453947,230,61.61106173863576,6,10,0.6
110,2.24776453069353,8,3.9233708172105253,97,61.591878204852165,22,42,0.5238095238095238
561,11.463599106537004,6,2.942528112907894,541,61.567688049079585,5,8,0.625
663,13.547889853180095,8,3.9233708172105253,308,61.566849418870724,4,7,0.5714285714285714
595,12.158362688751367,3,1.471264056453947,450,61.56682832828713,6,8,0.75
646,13.200508062072913,6,2.942528112907894,351,61.56377183231595,4,7,0.5714285714285714
628,12.832692047959426,4,1.9616854086052626,403,61.554460417696745,5,7,0.7142857142857143
529,10.80970397033525,4,1.9616854086052626,77,61.55193459989115,6,9,0.6666666666666666
305,6.23243801692297,6,2.942528112907894,139,61.51501011179884,9,15,0.6
434,8.868452784736292,3,1.471264056453947,338,61.50974122636214,5,10,0.5
418,8.541505216635414,6,2.942528112907894,387,61.50692196690619,6,11,0.5454545454545454
241,4.924647744519461,8,3.9233708172105253,218,61.49266223685279,11,19,0.5789473684210527
545,11.136651538436126,6,2.942528112907894,7,61.47949191023452,4,9,0.4444444444444444
335,6.845464707112114,20,9.808427043026313,42,61.43771392817194,6,14,0.42857142857142855
728,14.876114348589908,12,5.885056225815788,189,61.42543675639951,3,7,0.42857142857142855
664,13.5683240761864,12,5.885056225815788,305,61.40609643179548,4,7,0.5714285714285714
121,2.472540983762883,20,9.808427043026313,88,61.40132787982792,22,38,0.5789473684210527
162,3.3103441270213807,6,2.942528112907894,24,61.38945738484409,14,29,0.4827586206896552
562,11.484033329543308,4,1.9616854086052626,540,61.389125675307156,5,8,0.625
553,11.300125322486565,8,3.9233708172105253,538,61.380368518394505,4,8,0.5
279,5.7011482187590445,20,9.808427043026313,250,61.358539644521926,10,16,0.625
623,12.730520932927902,4,1.9616854086052626,418,61.356917805881494,5,7,0.7142857142857143
515,10.523624848246982,3,1.471264056453947,119,61.330211579492065,5,9,0.5555555555555556
619,12.648784040902683,4,1.9616854086052626,426,61.32963780164298,4,7,0.5714285714285714
156,3.187738788983552,20,9.808427043026313,78,61.30645833018855,12,30,0.4
271,5.537674434708606,8,3.9233708172105253,17,61.296242460587564,8,18,0.4444444444444444
626,12.791823601946817,3,1.471264056453947,412,61.28503509268903,5,7,0.7142857142857143
543,11.095783092423517,6,2.942528112907894,12,61.28270030364512,4,9,0.4444444444444444
294,6.007661563853617,3,1.471264056453947,194,61.28034371496835,9,16,0.5625
278,5.68071399575274,20,9.808427043026313,270,61.27429631124248,11,16,0.6875
414,8.459768324610195,3,1.471264056453947,399,61.25923421438517,7,11,0.6363636363636364
276,5.63984554974013,16,7.8467416344210505,8,61.2325495213593,11,17,0.6470588235294118
377,7.703702073376917,4,1.9616854086052626,156,61.2161407272402,10,12,0.8333333333333334
323,6.600254031036457,6,2.942528112907894,27,61.21047796947552,9,15,0.6
304,6.212003793916665,8,3.9233708172105253,144,61.18706529393375,10,15,0.6666666666666666
719,14.692206341533165,16,7.8467416344210505,213,61.18415217100379,3,7,0.42857142857142855
456,9.318005690874998,4,1.9616854086052626,296,61.18342061219532,6,10,0.6
281,5.742016664771654,20,9.808427043026313,256,61.17980496012744,10,16,0.625
282,5.762450887777959,12,5.885056225815788,254,61.171477614365514,10,16,0.625
661,13.507021407167485,6,2.942528112907894,314,61.14657726467049,3,7,0.42857142857142855
157,3.2081730119898566,16,7.8467416344210505,91,61.14573140774706,17,29,0.5862068965517241
498,10.1762430571398,3,1.471264056453947,150,61.13516103249295,4,10,0.4
216,4.413792169361841,20,9.808427043026313,132,61.126414453576785,12,21,0.5714285714285714
602,12.301402249795501,3,1.471264056453947,457,61.10272312232627,5,7,0.7142857142857143
266,5.435503319677082,6,2.942528112907894,68,61.10133997578826,11,18,0.6111111111111112
665,13.588758299192705,12,5.885056225815788,302,61.100090265792595,3,7,0.42857142857142855
252,5.149424197588814,8,3.9233708172105253,150,61.09852633866884,12,18,0.6666666666666666
313,6.395911800973408,4,1.9616854086052626,98,61.097424463830606,9,15,0.6
444,9.07279501479934,4,1.9616854086052626,310,61.0969903110541,6,10,0.6
705,14.406127219444897,12,5.885056225815788,254,61.0956109477271,7,7,1.0
533,10.891440862360469,6,2.942528112907894,65,61.0705029955233,6,9,0.6666666666666666
467,9.54278214394435,4,1.9616854086052626,240,61.05923012476453,4,10,0.4
311,6.355043354960799,6,2.942528112907894,109,61.045936866135655,9,15,0.6
535,10.932309308373078,4,1.9616854086052626,59,61.034201582409395,4,9,0.4444444444444444
603,12.321836472801806,3,1.471264056453947,453,61.02373675530677,5,7,0.7142857142857143
708,14.467429888463812,20,9.808427043026313,245,61.023328877588725,6,7,0.8571428571428571
179,3.6577259181285626,8,3.9233708172105253,52,61.02295945975508,14,26,0.5384615384615384
415,8.4802025476165,3,1.471264056453947,394,61.01470537593887,5,11,0.45454545454545453
448,9.154531906824559,4,1.9616854086052626,320,61.01425682541076,6,10,0.6
534,10.911875085366773,4,1.9616854086052626,62,61.013506234723785,4,9,0.4444444444444444
721,14.733074787545775,12,5.885056225815788,213,61.01202074888595,3,7,0.42857142857142855
240,4.904213521513157,8,3.9233708172105253,224,61.01028820524375,11,19,0.5789473684210527
703,14.365258773432288,20,9.808427043026313,626,61.001600157803814,3,6,0.5
441,9.011492345780425,3,1.471264056453947,341,60.97560947702789,5,10,0.5
474,9.685821704988484,3,1.471264056453947,242,60.969803554732195,8,10,0.8
659,13.466152961154876,3,1.471264056453947,320,60.96570083791602,3,7,0.42857142857142855
577,11.79054667463788,3,1.471264056453947,487,60.96222733415362,4,8,0.5
351,7.1724122752129915,16,7.8467416344210505,302,60.960979080661424,6,13,0.46153846153846156
724,14.794377456564689,12,5.885056225815788,206,60.89915478947806,3,7,0.42857142857142855
256,5.231161089614034,12,5.885056225815788,106,60.85634818158004,13,18,0.7222222222222222
505,10.319282618183934,6,2.942528112907894,149,60.85633029495474,5,9,0.5555555555555556
559,11.422730660524394,12,5.885056225815788,546,60.85279733909733,6,8,0.75
362,7.3971887282823445,8,3.9233708172105253,216,60.84197231852064,7,13,0.5384615384615384
523,10.68709863229742,3,1.471264056453947,95,60.833263086740175,5,9,0.5555555555555556
150,3.065133450945723,16,7.8467416344210505,14,60.813022155282624,21,31,0.6774193548387096
693,14.16091654336924,12,5.885056225815788,653,60.80322868431743,3,6,0.5
187,3.821199702179001,6,2.942528112907894,167,60.79115425911406,15,24,0.625
647,13.220942285079218,4,1.9616854086052626,354,60.79065164510971,3,7,0.42857142857142855
185,3.7803312561663915,6,2.942528112907894,183,60.778249131567044,13,25,0.52
528,10.789269747328945,4,1.9616854086052626,80,60.755463858570714,6,9,0.6666666666666666
443,9.052360791793035,4,1.9616854086052626,335,60.75422433377929,6,10,0.6
148,3.0242650049331132,8,3.9233708172105253,14,60.74441177317343,21,32,0.65625
235,4.8020424064816325,16,7.8467416344210505,19,60.7257345173783,15,20,0.75
202,4.1277130472735735,4,1.9616854086052626,24,60.70037147585142,14,23,0.6086956521739131
190,3.8825023711979156,3,1.471264056453947,144,60.69146139212371,16,24,0.6666666666666666
121,2.472540983762883,16,7.8467416344210505,91,60.68109544822969,24,38,0.631578947368421
215,4.393357946355536,16,7.8467416344210505,135,60.67371998127259,13,21,0.6190476190476191
334,6.82503048410581,20,9.808427043026313,41,60.65615646318201,5,14,0.35714285714285715
704,14.385692996438593,20,9.808427043026313,644,60.65057805896785,5,6,0.8333333333333334
245,5.006384636544681,3,1.471264056453947,191,60.64739086310214,10,19,0.5263157894736842
539,11.014046200398298,3,1.471264056453947,27,60.64537792003907,4,9,0.4444444444444444
281,5.742016664771654,12,5.885056225815788,259,60.642971248032566,10,16,0.625
684,13.977008536312496,12,5.885056225815788,668,60.642108973454214,3,6,0.5
450,9.195400352837169,3,1.471264056453947,311,60.62407836113878,7,10,0.7
717,14.651337895520555,4,1.9616854086052626,225,60.60739687788446,3,7,0.42857142857142855
662,13.52745563017379,6,2.942528112907894,311,60.60501549111877,3,7,0.42857142857142855
719,14.692206341533165,8,3.9233708172105253,219,60.59589638703157,3,7,0.42857142857142855
620,12.669218263908988,4,1.9616854086052626,424,60.582342158273136,4,7,0.5714285714285714
639,13.05746850102878,6,2.942528112907894,380,60.56856345704033,4,7,0.5714285714285714
651,13.302679177104437,3,1.471264056453947,335,60.567248214968124,3,7,0.42857142857142855
550,11.23882265346765,6,2.942528112907894,540,60.56658427021594,4,8,0.5
704,14.385692996438593,12,5.885056225815788,256,60.55097786347116,7,7,1.0
184,3.7598970331600867,3,1.471264056453947,8,60.549343844365914,15,26,0.5769230769230769
468,9.563216366950655,4,1.9616854086052626,234,60.54522718581189,3,10,0.3
285,5.8237535567968735,4,1.9616854086052626,239,60.54345448760575,7,16,0.4375
650,13.282244954098132,12,5.885056225815788,348,60.527660149763705,3,7,0.42857142857142855
621,12.689652486915293,3,1.471264056453947,422,60.520251829071064,4,7,0.5714285714285714
251,5.12898997458251,8,3.9233708172105253,134,60.513025324594274,9,18,0.5
555,11.340993768499175,8,3.9233708172105253,532,60.51060383619641,4,8,0.5
697,14.242653435394459,12,5.885056225815788,642,60.49019789291484,3,6,0.5
261,5.333332204645558,6,2.942528112907894,98,60.4660449516755,8,18,0.4444444444444444
643,13.139205393053999,6,2.942528112907894,357,60.45706813387456,4,7,0.5714285714285714
350,7.151978052206687,20,9.808427043026313,315,60.453577978550435,5,13,0.38461538461538464
89,1.818645847561129,12,5.885056225815788,62,60.4502730574391,29,52,0.5576923076923077
424,8.664110554673243,3,1.471264056453947,392,60.44910910525658,5,11,0.45454545454545453
720,14.71264056453947,6,2.942528112907894,218,60.438115546929076,3,7,0.42857142857142855
722,14.75350901055208,8,3.9233708172105253,212,60.42254113564437,3,7,0.42857142857142855
666,13.60919252219901,12,5.885056225815788,38,60.415909816869195,3,7,0.42857142857142855
149,3.044699227939418,16,7.8467416344210505,25,60.40604194035246,17,31,0.5483870967741935
199,4.066410378254659,4,1.9616854086052626,58,60.39572415559046,11,23,0.4782608695652174
108,2.2068960846809205,12,5.885056225815788,22,60.393426265124845,22,43,0.5116279069767442
575,11.749678228625271,3,1.471264056453947,494,60.373944244268465,4,8,0.5
701,14.324390327419678,16,7.8467416344210505,632,60.37168517381804,3,6,0.5
705,14.406127219444897,20,9.808427043026313,641,60.344611421393445,5,6,0.8333333333333334
556,11.36142799150548,12,5.885056225815788,552,60.342260087267036,5,8,0.625
578,11.810980897644185,3,1.471264056453947,499,60.32670291799528,3,8,0.375
355,7.254149167238211,12,5.885056225815788,244,60.32158854532193,9,13,0.6923076923076923
597,12.199231134763977,3,1.471264056453947,470,60.318013186968905,5,7,0.7142857142857143
530,10.830138193341554,4,1.9616854086052626,74,60.31750881204767,6,9,0.6666666666666666
170,3.4738179110718193,16,7.8467416344210505,21,60.30699192290863,13,28,0.4642857142857143
330,6.74329359208059,4,1.9616854086052626,317,60.29356196547586,7,14,0.5
142,2.9016596668952843,12,5.885056225815788,102,60.279770813894245,14,32,0.4375
721,14.733074787545775,16,7.8467416344210505,201,60.27963263783792,4,7,0.5714285714285714
601,12.280968026789196,3,1.471264056453947,461,60.27615242694325,5,7,0.7142857142857143
298,6.089398455878836,8,3.9233708172105253,174,60.276064995614554,9,15,0.6
295,6.028095786859922,3,1.471264056453947,189,60.2562958147426,9,16,0.5625
650,13.282244954098132,3,1.471264056453947,338,60.18266278584362,3,7,0.42857142857142855
326,6.661556700055371,4,1.9616854086052626,11,60.18100294103843,6,15,0.4
727,14.855680125583604,12,5.885056225815788,191,60.17857289852478,3,7,0.42857142857142855
353,7.213280721225601,16,7.8467416344210505,286,60.175025282939444,7,13,0.5384615384615384
508,10.380585287202848,6,2.942528112907894,140,60.17326415225125,5,9,0.5555555555555556
93,1.9003827395863482,8,3.9233708172105253,58,60.157137675169345,25,50,0.5
363,7.417622951288649,8,3.9233708172105253,212,60.15649291785472,8,13,0.6153846153846154
222,4.53639750739967,16,7.8467416344210505,77,60.13966035985424,12,21,0.5714285714285714
329,6.7228593690742855,3,1.471264056453947,323,60.12468032644496,8,14,0.5714285714285714
422,8.623242108660634,6,2.942528112907894,395,60.119082812492806,9,11,0.8181818181818182
150,3.065133450945723,20,9.808427043026313,11,60.101704146061174,21,31,0.6774193548387096
667,13.629626745205314,12,5.885056225815788,32,60.101227082364545,4,7,0.5714285714285714
357,7.29501761325082,6,2.942528112907894,236,60.0907217887659,9,13,0.6923076923076923
207,4.229884162305098,6,2.942528112907894,192,60.0888083151335,12,22,0.5454545454545454
509,10.401019510209153,6,2.942528112907894,137,60.071890240541194,5,9,0.5555555555555556
322,6.579819808030152,8,3.9233708172105253,27,60.04511178365129,9,15,0.6
563,11.504467552549613,3,1.471264056453947,538,60.04241425875659,5,8,0.625
454,9.277137244862388,4,1.9616854086052626,302,60.038864958361955,6,10,0.6
722,14.75350901055208,16,7.8467416344210505,209,60.036594404779954,3,7,0.42857142857142855
221,4.515963284393365,12,5.885056225815788,87,60.007551658005625,12,21,0.5714285714285714
449,9.174966129830864,3,1.471264056453947,317,59.991093550387724,7,10,0.7
604,12.34227069580811,4,1.9616854086052626,453,59.97655912453006,6,7,0.8571428571428571
707,14.446995665457507,20,9.808427043026313,247,59.941823723109934,6,7,0.8571428571428571
201,4.107278824267269,3,1.471264056453947,27,59.931934425926435,13,23,0.5652173913043478
544,11.116217315429822,6,2.942528112907894,10,59.918307130992496,5,9,0.5555555555555556
354,7.233714944231906,16,7.8467416344210505,248,59.90850329223349,10,13,0.7692307692307693
307,6.2733064629355795,6,2.942528112907894,129,59.87831622423086,8,15,0.5333333333333333
90,1.8390800705674337,16,7.8467416344210505,44,59.83303894323618,29,51,0.5686274509803921
549,11.218388430461346,4,1.9616854086052626,541,59.81268993735552,4,8,0.5
247,5.04725308255729,4,1.9616854086052626,163,59.812152550195336,11,19,0.5789473684210527
640,13.077902724035084,6,2.942528112907894,377,59.80572932566339,4,7,0.5714285714285714
178,3.637291695122258,12,5.885056225815788,62,59.80326738411044,15,26,0.5769230769230769
529,10.80970397033525,3,1.471264056453947,77,59.798260617546354,6,9,0.6666666666666666
324,6.620688254042761,3,1.471264056453947,24,59.7975667535669,7,15,0.4666666666666667
460,9.399742582900217,3,1.471264056453947,284,59.79371351698087,6,10,0.6
327,6.681990923061676,3,1.471264056453947,8,59.78530757500258,6,15,0.4
280,5.721582441765349,16,7.8467416344210505,244,59.76276819725037,11,16,0.6875
231,4.720305514456413,20,9.808427043026313,211,59.7483901047056,10,20,0.5
213,4.3524895003429265,20,9.808427043026313,167,59.734109994546415,12,21,0.5714285714285714
188,3.841633925185306,6,2.942528112907894,160,59.733474175134184,16,24,0.6666666666666666
524,10.707532855303725,3,1.471264056453947,92,59.731863016197906,5,9,0.5555555555555556
448,9.154531906824559,3,1.471264056453947,320,59.70764303340977,6,10,0.6
419,8.56193943964172,6,2.942528112907894,402,59.697303182457794,10,11,0.9090909090909091
268,5.4763717656896915,4,1.9616854086052626,56,59.696518275871924,9,18,0.5
551,11.259256876473955,6,2.942528112907894,541,59.69399683999126,4,8,0.5
361,7.37675450527604,8,3.9233708172105253,220,59.69307911283071,7,13,0.5384615384615384
631,12.89399471697834,4,1.9616854086052626,401,59.686320150691415,6,7,0.8571428571428571
262,5.353766427651863,6,2.942528112907894,92,59.681217666232286,9,18,0.5
274,5.59897710372752,8,3.9233708172105253,20,59.675145924227024,13,17,0.7647058823529411
423,8.643676331666938,6,2.942528112907894,395,59.67132990958894,7,11,0.6363636363636364
685,13.997442759318801,12,5.885056225815788,664,59.658404885719456,3,6,0.5
198,4.045976155248354,4,1.9616854086052626,80,59.65327674846297,13,23,0.5652173913043478
564,11.524901775555918,4,1.9616854086052626,536,59.648600814060494,5,8,0.625
637,13.01660005501617,6,2.942528112907894,386,59.64175298659269,5,7,0.7142857142857143
233,4.761173960469023,16,7.8467416344210505,186,59.63570416973055,9,20,0.45
558,11.402296437518089,12,5.885056225815788,528,59.624688098547736,5,8,0.625
220,4.49552906138706,12,5.885056225815788,97,59.62252739550861,11,21,0.5238095238095238
683,13.956574313306191,12,5.885056225815788,672,59.61945837225727,3,6,0.5
254,5.190292643601424,12,5.885056225815788,121,59.617373086726175,10,18,0.5555555555555556
690,14.099613874350325,12,5.885056225815788,665,59.61313117236381,3,6,0.5
237,4.842910852494242,16,7.8467416344210505,5,59.613069929204734,13,20,0.65
554,11.32055954549287,6,2.942528112907894,534,59.61036394407198,4,8,0.5
469,9.58365058995696,4,1.9616854086052626,256,59.6066264633598,7,10,0.7
660,13.48658718416118,4,1.9616854086052626,317,59.59483488997803,3,7,0.42857142857142855
463,9.461045251919131,4,1.9616854086052626,274,59.58369680218185,5,10,0.5
472,9.644953258975875,3,1.471264056453947,225,59.572071654347255,4,10,0.4
349,7.131543829200382,20,9.808427043026313,292,59.55773708383939,6,13,0.46153846153846156
238,4.863345075500547,16,7.8467416344210505,236,59.5421457119041,13,19,0.6842105263157895
234,4.781608183475328,16,7.8467416344210505,26,59.51481054852031,14,20,0.7
302,6.171135347904055,8,3.9233708172105253,154,59.49556616859125,11,15,0.7333333333333333
627,12.812257824953122,3,1.471264056453947,407,59.46717498343321,5,7,0.7142857142857143
255,5.210726866607729,12,5.885056225815788,114,59.44684611849649,12,18,0.6666666666666666
135,2.7586201058511506,16,7.8467416344210505,20,59.43357151205621,19,35,0.5428571428571428
471,9.62451903596957,4,1.9616854086052626,231,59.426083427481544,4,10,0.4
132,2.697317436832236,20,9.808427043026313,62,59.42594423037218,14,35,0.4
238,4.863345075500547,20,9.808427043026313,233,59.40669039274997,12,19,0.631578947368421
263,5.374200650658167,6,2.942528112907894,85,59.40146742956888,11,18,0.6111111111111112
200,4.086844601260964,3,1.471264056453947,40,59.396891748670676,11,23,0.4782608695652174
507,10.360151064196543,6,2.942528112907894,143,59.38198986586768,5,9,0.5555555555555556
540,11.034480423404602,3,1.471264056453947,23,59.365549410024045,4,9,0.4444444444444444
211,4.311621054330317,12,5.885056225815788,184,59.36375773787699,16,22,0.7272727272727273
182,3.719028587147477,8,3.9233708172105253,26,59.346374830338824,15,26,0.5769230769230769
562,11.484033329543308,3,1.471264056453947,540,59.3453248762859,5,8,0.625
272,5.558108657714911,8,3.9233708172105253,10,59.331110894098686,8,17,0.47058823529411764
725,14.814811679570994,12,5.885056225815788,203,59.31549543306436,3,7,0.42857142857142855
560,11.443164883530699,8,3.9233708172105253,544,59.3144787127856,6,8,0.75
501,10.237545726158714,3,1.471264056453947,139,59.31261908552724,6,9,0.6666666666666666
623,12.730520932927902,3,1.471264056453947,416,59.30609810380974,4,7,0.5714285714285714
506,10.339716841190238,6,2.942528112907894,124,59.303355715527026,6,9,0.6666666666666666
537,10.973177754385688,6,2.942528112907894,53,59.29383632938494,5,9,0.5555555555555556
605,12.362704918814416,4,1.9616854086052626,451,59.289764787296335,6,7,0.8571428571428571
457,9.338439913881302,3,1.471264056453947,293,59.27653590096872,6,10,0.6
226,4.618134399424889,20,9.808427043026313,20,59.25409725373964,10,21,0.47619047619047616
708,14.467429888463812,12,5.885056225815788,248,59.23775337085917,6,7,0.8571428571428571
205,4.189015716292488,4,1.9616854086052626,2,59.23741080989061,15,23,0.6521739130434783
466,9.522347920938046,4,1.9616854086052626,266,59.22730449861834,7,10,0.7
310,6.334609131954494,8,3.9233708172105253,114,59.22064237190302,9,15,0.6
328,6.702425146067981,3,1.471264056453947,1,59.218505795960276,9,15,0.6
470,9.604084812963265,4,1.9616854086052626,230,59.212298433513936,4,10,0.4
641,13.098336947041389,6,2.942528112907894,374,59.21149970901188,4,7,0.5714285714285714
706,14.426561442451202,20,9.808427043026313,249,59.20360109467717,6,7,0.8571428571428571
111,2.268198753699835,20,9.808427043026313,77,59.196750543820094,20,42,0.47619047619047616
553,11.300125322486565,6,2.942528112907894,537,59.18840385095807,4,8,0.5
718,14.67177211852686,8,3.9233708172105253,219,59.18515711333849,4,7,0.5714285714285714
525,10.72796707831003,4,1.9616854086052626,84,59.18191751801342,5,9,0.5555555555555556
376,7.683267850370612,3,1.471264056453947,160,59.17322327447141,9,12,0.75
552,11.27969109948026,6,2.942528112907894,539,59.165157895331774,4,8,0.5
607,12.403573364827025,3,1.471264056453947,450,59.148799520861814,5,7,0.7142857142857143
642,13.118771170047694,6,2.942528112907894,371,59.13184073202651,4,7,0.5714285714285714
276,5.63984554974013,12,5.885056225815788,8,59.1294581382309,11,17,0.6470588235294118
461,9.420176805906522,3,1.471264056453947,281,59.11671532417211,5,10,0.5
581,11.8722835666631,3,1.471264056453947,477,59.106004866983916,3,8,0.375
193,3.94380504021683,4,1.9616854086052626,101,59.09577336938818,11,24,0.4583333333333333
243,4.965516190532071,3,1.471264056453947,202,59.08887331344613,6,19,0.3157894736842105
706,14.426561442451202,12,5.885056225815788,252,59.08803708506088,6,7,0.8571428571428571
89,1.818645847561129,20,9.808427043026313,59,59.075971930692795,25,52,0.4807692307692308
265,5.415069096670777,6,2.942528112907894,74,59.05797426467143,11,18,0.6111111111111112
596,12.178796911757672,3,1.471264056453947,472,59.051233073782925,5,7,0.7142857142857143
278,5.68071399575274,16,7.8467416344210505,272,59.04693541948027,12,16,0.75
542,11.075348869417212,4,1.9616854086052626,19,59.03016734701766,4,9,0.4444444444444444
526,10.748401301316335,4,1.9616854086052626,83,59.016593404091694,6,9,0.6666666666666666
248,5.067687305563595,4,1.9616854086052626,151,59.015058538538014,11,19,0.5789473684210527
126,2.574712098794407,6,2.942528112907894,24,59.005073288682524,24,37,0.6486486486486487
416,8.500636770622805,3,1.471264056453947,392,59.00502057879342,6,11,0.5454545454545454
629,12.853126270965731,4,1.9616854086052626,401,58.99460757167746,5,7,0.7142857142857143
548,11.19795420745504,4,1.9616854086052626,541,58.99436420759533,3,8,0.375
531,10.850572416347859,4,1.9616854086052626,71,58.96333816406191,6,9,0.6666666666666666
356,7.274583390244516,8,3.9233708172105253,240,58.95948701868941,9,13,0.6923076923076923
315,6.436780246986018,6,2.942528112907894,66,58.95896866364685,6,15,0.4
270,5.517240211702301,3,1.471264056453947,22,58.941866481990225,9,18,0.5
296,6.0485300098662265,4,1.9616854086052626,160,58.938233013863474,10,16,0.625
726,14.835245902577299,12,5.885056225815788,193,58.93419249381956,3,7,0.42857142857142855
458,9.358874136887607,3,1.471264056453947,290,58.920323229259125,6,10,0.6
619,12.648784040902683,3,1.471264056453947,426,58.9087912166793,4,7,0.5714285714285714
536,10.952743531379383,4,1.9616854086052626,55,58.9001421251962,4,9,0.4444444444444444
171,3.494252134078124,20,9.808427043026313,156,58.88700788106474,14,27,0.5185185185185185
325,6.641122477049066,3,1.471264056453947,17,58.88150717715571,6,15,0.4
355,7.254149167238211,20,9.808427043026313,241,58.878989705573034,9,13,0.6923076923076923
181,3.6985943641411723,16,7.8467416344210505,26,58.839233767724224,17,26,0.6538461538461539
451,9.215834575843473,4,1.9616854086052626,309,58.833784032468785,7,10,0.7
702,14.344824550425983,16,7.8467416344210505,260,58.832845892611246,7,7,1.0
688,14.058745428337716,16,7.8467416344210505,672,58.814023825941725,3,6,0.5
169,3.4533836880655144,16,7.8467416344210505,22,58.7984301296123,14,28,0.5
118,2.4112383147439687,16,7.8467416344210505,12,58.77405908795121,27,40,0.675
421,8.602807885654329,4,1.9616854086052626,401,58.77345276658421,10,11,0.9090909090909091
208,4.250318385311402,8,3.9233708172105253,0,58.77246254779766,13,23,0.5652173913043478
164,3.3512125730339903,6,2.942528112907894,1,58.76799830680413,16,29,0.5517241379310345
109,2.2273303076872253,12,5.885056225815788,8,58.76430379150014,22,43,0.5116279069767442
620,12.669218263908988,3,1.471264056453947,424,58.76377751731449,4,7,0.5714285714285714
337,6.886333153124724,12,5.885056225815788,21,58.76376794765962,7,14,0.5
557,11.381862214511784,12,5.885056225815788,530,58.75917783709109,5,8,0.625
442,9.03192656878673,3,1.471264056453947,338,58.75809692066719,6,10,0.6
218,4.454660615374451,12,5.885056225815788,115,58.74617745622979,11,21,0.5238095238095238
644,13.159639616060304,6,2.942528112907894,356,58.74399997511214,4,7,0.5714285714285714
528,10.789269747328945,3,1.471264056453947,80,58.73547262577605,6,9,0.6666666666666666
711,14.528732557482726,4,1.9616854086052626,242,58.73448606269273,5,7,0.7142857142857143
277,5.660279772746435,16,7.8467416344210505,1,58.721960902025145,11,17,0.6470588235294118
354,7.233714944231906,20,9.808427043026313,272,58.716226991002344,8,13,0.6153846153846154
717,14.651337895520555,3,1.471264056453947,225,58.711150932893766,3,7,0.42857142857142855
504,10.298848395177629,4,1.9616854086052626,152,58.700638985422366,5,9,0.5555555555555556
630,12.873560493972036,4,1.9616854086052626,404,58.700357204116735,6,7,0.8571428571428571
204,4.168581493286183,3,1.471264056453947,30,58.694226039935955,13,23,0.5652173913043478
318,6.4980829160049325,4,1.9616854086052626,71,58.6810177916983,10,15,0.6666666666666666
555,11.340993768499175,6,2.942528112907894,532,58.661856985978304,4,8,0.5
632,12.914428939984646,4,1.9616854086052626,378,58.65729200585028,3,7,0.42857142857142855
161,3.289909904015076,8,3.9233708172105253,27,58.639259414668736,16,29,0.5517241379310345
134,2.7381858828448458,16,7.8467416344210505,26,58.634379820555,23,35,0.6571428571428571
443,9.052360791793035,3,1.471264056453947,335,58.6310253390807,6,10,0.6
516,10.544059071253287,4,1.9616854086052626,114,58.623309031536564,5,9,0.5555555555555556
541,11.054914646410907,3,1.471264056453947,21,58.61844114738607,4,9,0.4444444444444444
189,3.862068148191611,4,1.9616854086052626,151,58.60959073713266,16,24,0.6666666666666666
146,2.9833965589205036,4,1.9616854086052626,58,58.59882862125747,9,32,0.28125
534,10.911875085366773,3,1.471264056453947,62,58.55558352987754,4,9,0.4444444444444444
339,6.927201599137334,12,5.885056225815788,21,58.530399567531326,7,14,0.5
303,6.19156957091036,8,3.9233708172105253,147,58.52716986293356,11,15,0.7333333333333333
721,14.733074787545775,6,2.942528112907894,215,58.516527100880275,3,7,0.42857142857142855
723,14.773943233558384,8,3.9233708172105253,209,58.4910660962886,3,7,0.42857142857142855
101,2.0638565236367867,20,9.808427043026313,44,58.48650072678718,29,46,0.6304347826086957
462,9.440611028912826,3,1.471264056453947,278,58.43741958641044,5,10,0.5
186,3.8007654791726964,8,3.9233708172105253,151,58.4354838900434,14,25,0.56
319,6.518517139011237,6,2.942528112907894,64,58.41681754826003,8,15,0.5333333333333333
628,12.832692047959426,3,1.471264056453947,403,58.40939179749187,5,7,0.7142857142857143
275,5.619411326733825,8,3.9233708172105253,14,58.39451984749455,14,17,0.8235294117647058
682,13.936140090299887,12,5.885056225815788,672,58.390958476682954,3,6,0.5
159,3.2490414580024662,8,3.9233708172105253,71,58.37115537943165,17,29,0.5862068965517241
634,12.955297385997255,4,1.9616854086052626,395,58.36308889119565,5,7,0.7142857142857143
246,5.0268188595509855,3,1.471264056453947,187,58.3587763702765,11,19,0.5789473684210527
698,14.263087658400764,12,5.885056225815788,640,58.35483043032313,3,6,0.5
203,4.148147270279878,3,1.471264056453947,17,58.35328380358024,14,23,0.6086956521739131
129,2.6360147678133217,6,2.942528112907894,97,58.332920685497726,18,36,0.5
510,10.421453733215458,4,1.9616854086052626,134,58.33125162516931,5,9,0.5555555555555556
691,14.12004809735663,12,5.885056225815788,662,58.32336846686736,3,6,0.5
503,10.278414172171324,4,1.9616854086052626,155,58.322063966501105,6,9,0.6666666666666666
703,14.365258773432288,12,5.885056225815788,258,58.303789442057074,7,7,1.0
514,10.503190625240677,4,1.9616854086052626,122,58.29640060540668,6,9,0.6666666666666666
547,11.177519984448736,4,1.9616854086052626,0,58.290846342123956,4,9,0.4444444444444444
530,10.830138193341554,3,1.471264056453947,74,58.27842551177357,6,9,0.6666666666666666
206,4.209449939298793,4,1.9616854086052626,197,58.26630749308004,16,22,0.7272727272727273
331,6.763727815086895,4,1.9616854086052626,311,58.258058443849855,7,14,0.5
468,9.563216366950655,3,1.471264056453947,234,58.24864180260116,3,10,0.3
106,2.166027638668311,12,5.885056225815788,71,58.24062944190022,27,44,0.6136363636363636
377,7.703702073376917,3,1.471264056453947,156,58.237952454627695,10,12,0.8333333333333334
332,6.7841620380932,16,7.8467416344210505,305,58.23306410017875,7,14,0.5
645,13.180073839066608,4,1.9616854086052626,355,58.230778398107596,3,7,0.42857142857142855
123,2.5134094297754928,4,1.9616854086052626,64,58.182279280060456,21,38,0.5526315789473685
297,6.068964232872531,4,1.9616854086052626,157,58.18007344892017,12,16,0.75
253,5.169858420595119,8,3.9233708172105253,140,58.17946992682643,11,18,0.6111111111111112
502,10.25797994916502,3,1.471264056453947,132,58.16682734319398,6,9,0.6666666666666666
565,11.545335998562223,4,1.9616854086052626,534,58.16077703305228,5,8,0.625
687,14.03831120533141,16,7.8467416344210505,675,58.1014041814805,3,6,0.5
309,6.314174908948189,8,3.9233708172105253,119,58.098246189064,9,15,0.6
535,10.932309308373078,3,1.471264056453947,59,58.07749856911106,4,9,0.4444444444444444
130,2.6564489908196265,16,7.8467416344210505,79,58.06631825887727,18,36,0.5
359,7.33588605926343,6,2.942528112907894,228,58.06212811742059,7,13,0.5384615384615384
223,4.556831730405975,20,9.808427043026313,21,58.056869915907384,15,21,0.7142857142857143
178,3.637291695122258,20,9.808427043026313,59,58.051941756761316,14,26,0.5384615384615384
692,14.140482320362935,12,5.885056225815788,657,58.04063349188655,3,6,0.5
82,1.6756062865169952,12,5.885056225815788,1,58.03091195232542,30,57,0.5263157894736842
364,7.438057174294954,6,2.942528112907894,208,58.01134558493036,8,13,0.6153846153846154
299,6.109832678885141,8,3.9233708172105253,169,58.00821043807092,10,15,0.6666666666666666
92,1.8799485165800434,8,3.9233708172105253,8,58.00649581461905,27,51,0.5294117647058824
709,14.487864111470117,8,3.9233708172105253,246,58.00626237966001,6,7,0.8571428571428571
418,8.541505216635414,4,1.9616854086052626,388,57.998354760757216,6,11,0.5454545454545454
707,14.446995665457507,12,5.885056225815788,250,57.99678233115397,6,7,0.8571428571428571
224,4.5772659534122795,20,9.808427043026313,21,57.98921450977193,11,21,0.5238095238095238
155,3.167304565977247,16,7.8467416344210505,114,57.96806967522137,16,30,0.5333333333333333
257,5.2515953126203385,12,5.885056225815788,100,57.95162692596349,12,18,0.6666666666666666
538,10.993611977391993,4,1.9616854086052626,27,57.93687358566633,6,9,0.6666666666666666
239,4.883779298506852,20,9.808427043026313,225,57.9339857171424,13,19,0.6842105263157895
225,4.597700176418584,16,7.8467416344210505,21,57.91777456439919,12,21,0.5714285714285714
606,12.38313914182072,4,1.9616854086052626,450,57.887048677443246,6,7,0.8571428571428571
250,5.108555751576205,4,1.9616854086052626,143,57.88599426523762,8,18,0.4444444444444444
720,14.71264056453947,12,5.885056225815788,205,57.86845206348103,4,7,0.5714285714285714
527,10.76883552432264,4,1.9616854086052626,82,57.849444263393906,6,9,0.6666666666666666
241,4.924647744519461,6,2.942528112907894,218,57.83227377349167,11,19,0.5789473684210527
320,6.538951362017542,6,2.942528112907894,43,57.8205636025027,8,15,0.5333333333333333
122,2.492975206769188,4,1.9616854086052626,78,57.80572307118527,23,38,0.6052631578947368
633,12.93486316299095,4,1.9616854086052626,376,57.78830217328035,3,7,0.42857142857142855
338,6.906767376131029,12,5.885056225815788,21,57.769928909292084,7,14,0.5
660,13.48658718416118,3,1.471264056453947,317,57.74317328081639,3,7,0.42857142857142855
564,11.524901775555918,3,1.471264056453947,536,57.70719304864924,5,8,0.625
232,4.740739737462718,16,7.8467416344210505,200,57.68584205400755,9,20,0.45
316,6.457214469992323,6,2.942528112907894,84,57.60201666743496,11,15,0.7333333333333333
454,9.277137244862388,3,1.471264056453947,302,57.593115378324036,6,10,0.6
511,10.441887956221763,4,1.9616854086052626,129,57.572623413510925,5,9,0.5555555555555556
156,3.187738788983552,16,7.8467416344210505,104,57.55637289620099,16,30,0.5333333333333333
237,4.842910852494242,12,5.885056225815788,5,57.54610087422385,13,20,0.65
668,13.65006096821162,8,3.9233708172105253,27,57.522590299023406,5,7,0.7142857142857143
341,6.968070045149943,16,7.8467416344210505,2,57.52112447708936,6,14,0.42857142857142855
365,7.458491397301259,4,1.9616854086052626,204,57.498580554297874,9,13,0.6923076923076923
663,13.547889853180095,6,2.942528112907894,308,57.460874951519024,4,7,0.5714285714285714
464,9.481479474925436,4,1.9616854086052626,269,57.44370390442184,5,10,0.5
216,4.413792169361841,16,7.8467416344210505,126,57.438029356177154,13,21,0.6190476190476191
240,4.904213521513157,6,2.942528112907894,224,57.42772544829313,11,19,0.5789473684210527
330,6.74329359208059,3,1.471264056453947,317,57.42197085060197,7,14,0.5
444,9.07279501479934,3,1.471264056453947,332,57.42180518944368,6,10,0.6
561,11.463599106537004,4,1.9616854086052626,541,57.407202721570265,5,8,0.625
686,14.017876982325106,12,5.885056225815788,659,57.392039208887546,3,6,0.5
455,9.297571467868693,4,1.9616854086052626,299,57.37695803181909,7,10,0.7
283,5.782885110784264,8,3.9233708172105253,249,57.376563591009166,10,16,0.625
230,4.699871291450108,20,9.808427043026313,227,57.36928916941178,9,20,0.45
719,14.692206341533165,6,2.942528112907894,219,57.36631834583298,3,7,0.42857142857142855
417,8.52107099362911,4,1.9616854086052626,390,57.36537842064828,6,11,0.5454545454545454
420,8.582373662648024,4,1.9616854086052626,404,57.35111430136323,10,11,0.9090909090909091
80,1.6347378405043855,20,9.808427043026313,54,57.33825682581521,29,58,0.5
267,5.455937542683387,4,1.9616854086052626,62,57.31832927242392,10,18,0.5555555555555556
559,11.422730660524394,8,3.9233708172105253,546,57.31190963200866,6,8,0.75
183,3.739462810153782,4,1.9616854086052626,17,57.30204170139378,16,26,0.6153846153846154
235,4.8020424064816325,20,9.808427043026313,16,57.28529217235588,14,20,0.7
242,4.945081967525766,6,2.942528112907894,212,57.27226672804024,12,19,0.631578947368421
133,2.717751659838541,20,9.808427043026313,44,57.26921236859923,17,35,0.4857142857142857
689,14.07917965134402,16,7.8467416344210505,669,57.24955204907743,4,6,0.6666666666666666
251,5.12898997458251,6,2.942528112907894,134,57.23985666455384,9,18,0.5
79,1.6143036174980807,16,7.8467416344210505,5,57.23845867303406,32,59,0.5423728813559322
672,13.731797860236838,8,3.9233708172105253,21,57.233056008758545,5,7,0.7142857142857143
543,11.095783092423517,4,1.9616854086052626,12,57.22677316860171,4,9,0.4444444444444444
321,6.559385585023847,8,3.9233708172105253,37,57.225343683660746,7,15,0.4666666666666667
352,7.192846498219296,12,5.885056225815788,256,57.22328028969074,10,13,0.7692307692307693
180,3.6781601411348674,12,5.885056225815788,44,57.1690601610357,16,26,0.6153846153846154
358,7.315451836257125,4,1.9616854086052626,231,57.158395275839496,8,13,0.6153846153846154
722,14.75350901055208,6,2.942528112907894,212,57.143293361368954,3,7,0.42857142857142855
284,5.803319333790569,4,1.9616854086052626,244,57.14105263554304,9,16,0.5625
549,11.218388430461346,3,1.471264056453947,539,57.135063381022256,3,8,0.375
247,5.04725308255729,3,1.471264056453947,157,57.132069458558576,9,19,0.47368421052631576
465,9.501913697931741,4,1.9616854086052626,269,57.1279157352269,7,10,0.7
636,12.996165832009865,4,1.9616854086052626,389,57.11576592803559,5,7,0.7142857142857143
217,4.434226392368146,12,5.885056225815788,123,57.0932102391617,11,21,0.5238095238095238
467,9.54278214394435,3,1.471264056453947,240,57.08728574574831,4,10,0.4
219,4.475094838380755,8,3.9233708172105253,107,57.06762567881403,14,21,0.6666666666666666
456,9.318005690874998,3,1.471264056453947,296,57.049200784438895,6,10,0.6
724,14.794377456564689,8,3.9233708172105253,206,57.041762318572665,3,7,0.42857142857142855
125,2.5542778757881024,4,1.9616854086052626,20,57.027230210875054,20,37,0.5405405405405406
192,3.9233708172105253,3,1.471264056453947,109,57.025408471824896,12,24,0.5
514,10.503190625240677,3,1.471264056453947,122,57.00587526569105,6,9,0.6666666666666666
452,9.236268798849778,4,1.9616854086052626,308,56.988019785814224,6,10,0.6
160,3.269475681008771,8,3.9233708172105253,44,56.975682782360124,15,29,0.5172413793103449
313,6.395911800973408,3,1.471264056453947,98,56.969809109204576,9,15,0.6
531,10.850572416347859,3,1.471264056453947,71,56.963438011307304,6,9,0.6666666666666666
560,11.443164883530699,6,2.942528112907894,544,56.94453568584246,6,8,0.75
124,2.5338436527817976,4,1.9616854086052626,27,56.935460181949445,21,38,0.5526315789473685
306,6.252872239929275,4,1.9616854086052626,134,56.93247424552022,9,15,0.6
300,6.130266901891446,8,3.9233708172105253,164,56.930074451152116,11,15,0.7333333333333333
647,13.220942285079218,3,1.471264056453947,354,56.84352800486654,3,7,0.42857142857142855
362,7.3971887282823445,6,2.942528112907894,216,56.82305913438874,7,13,0.5384615384615384
239,4.883779298506852,8,3.9233708172105253,229,56.82131572715529,11,19,0.5789473684210527
81,1.6551720635106904,12,5.885056225815788,26,56.81235197601036,31,57,0.543859649122807
719,14.692206341533165,12,5.885056225815788,213,56.81075473025136,4,7,0.5714285714285714
360,7.356320282269735,6,2.942528112907894,224,56.80063086563692,7,13,0.5384615384615384
93,1.9003827395863482,6,2.942528112907894,58,56.79286637781148,25,50,0.5
513,10.482756402234372,4,1.9616854086052626,125,56.764462805311766,5,9,0.5555555555555556
317,6.477648692998628,4,1.9616854086052626,78,56.73552305589064,10,15,0.6666666666666666
604,12.34227069580811,3,1.471264056453947,452,56.73079385069718,6,7,0.8571428571428571
336,6.865898930118419,12,5.885056225815788,27,56.72483435990244,7,14,0.5
728,14.876114348589908,8,3.9233708172105253,189,56.72296893130679,3,7,0.42857142857142855
120,2.4521067607565783,20,9.808427043026313,101,56.71936820794284,23,38,0.6052631578947368
79,1.6143036174980807,20,9.808427043026313,2,56.7190572279859,30,59,0.5084745762711864
304,6.212003793916665,6,2.942528112907894,144,56.71391111010431,10,15,0.6666666666666666
249,5.0881215285699,4,1.9616854086052626,149,56.70941819772269,9,19,0.47368421052631576
238,4.863345075500547,12,5.885056225815788,234,56.708151901434455,12,19,0.631578947368421
105,2.145593415662006,12,5.885056225815788,89,56.69875903831234,31,44,0.7045454545454546
504,10.298848395177629,3,1.471264056453947,152,56.69819517206647,5,9,0.5555555555555556
215,4.393357946355536,12,5.885056225815788,135,56.69086464436843,13,21,0.6190476190476191
505,10.319282618183934,4,1.9616854086052626,145,56.665835369171155,6,9,0.6666666666666666
710,14.508298334476422,4,1.9616854086052626,244,56.66567192743138,5,7,0.7142857142857143
280,5.721582441765349,12,5.885056225815788,244,56.663640740802016,11,16,0.6875
271,5.537674434708606,6,2.942528112907894,18,56.65163801975038,8,18,0.4444444444444444
285,5.8237535567968735,3,1.471264056453947,239,56.628447956476506,7,16,0.4375
282,5.762450887777959,8,3.9233708172105253,254,56.62584161612227,10,16,0.625
453,9.256703021856083,4,1.9616854086052626,305,56.61109256072003,6,10,0.6
209,4.270752608317707,8,3.9233708172105253,201,56.607462267708094,14,22,0.6363636363636364
635,12.97573160900356,4,1.9616854086052626,371,56.602507770426755,3,7,0.42857142857142855
661,13.507021407167485,4,1.9616854086052626,314,56.59538315277667,3,7,0.42857142857142855
532,10.871006639354164,4,1.9616854086052626,68,56.57321984777685,6,9,0.6666666666666666
469,9.58365058995696,3,1.471264056453947,256,56.555911304391714,7,10,0.7
268,5.4763717656896915,3,1.471264056453947,56,56.5536103249295,9,18,0.5
252,5.149424197588814,6,2.942528112907894,150,56.54188912904584,12,18,0.6666666666666666
556,11.36142799150548,8,3.9233708172105253,552,56.52167064011782,5,8,0.625
662,13.52745563017379,4,1.9616854086052626,311,56.50923764915862,3,7,0.42857142857142855
269,5.496805988695996,4,1.9616854086052626,27,56.4999743305623,11,18,0.6111111111111112
605,12.362704918814416,3,1.471264056453947,450,56.496476019557754,6,7,0.8571428571428571
279,5.7011482187590445,16,7.8467416344210505,248,56.48085061505216,10,16,0.625
664,13.5683240761864,8,3.9233708172105253,305,56.466260270388204,4,7,0.5714285714285714
236,4.822476629487937,16,7.8467416344210505,12,56.463009324393724,14,20,0.7
258,5.272029535626643,6,2.942528112907894,116,56.449343708402225,8,18,0.4444444444444444
189,3.862068148191611,3,1.471264056453947,152,56.444599519889486,17,24,0.7083333333333334
699,14.283521881407069,12,5.885056225815788,638,56.439606501315424,3,6,0.5
646,13.200508062072913,4,1.9616854086052626,351,56.437958520460334,4,7,0.5714285714285714
308,6.293740685941884,4,1.9616854086052626,124,56.43624324200064,8,15,0.5333333333333333
185,3.7803312561663915,4,1.9616854086052626,184,56.43380107119873,13,25,0.52
163,3.3307783500276855,8,3.9233708172105253,10,56.40894286003639,14,29,0.4827586206896552
199,4.066410378254659,3,1.471264056453947,60,56.3828119472322,11,23,0.4782608695652174
718,14.67177211852686,6,2.942528112907894,219,56.374575800029525,4,7,0.5714285714285714
471,9.62451903596957,3,1.471264056453947,231,56.31159764421832,4,10,0.4
463,9.461045251919131,3,1.471264056453947,274,56.284220801385416,5,10,0.5
312,6.375477577967104,4,1.9616854086052626,104,56.278786794895126,10,15,0.6666666666666666
202,4.1277130472735735,3,1.471264056453947,24,56.255830853047,14,23,0.6086956521739131
165,3.371646796040295,8,3.9233708172105253,152,56.25415493842117,15,28,0.5357142857142857
176,3.596423249109648,16,7.8467416344210505,80,56.25404776732204,16,26,0.6153846153846154
723,14.773943233558384,6,2.942528112907894,209,56.247915796280125,3,7,0.42857142857142855
264,5.394634873664472,4,1.9616854086052626,80,56.22795593802261,10,18,0.5555555555555556
720,14.71264056453947,4,1.9616854086052626,218,56.19891775253151,3,7,0.42857142857142855
273,5.578542880721216,8,3.9233708172105253,2,56.181471998871395,9,17,0.5294117647058824
466,9.522347920938046,3,1.471264056453947,266,56.16018667662197,7,10,0.7
704,14.385692996438593,8,3.9233708172105253,256,56.13449125473747,7,7,1.0
510,10.421453733215458,3,1.471264056453947,134,56.112384877260006,5,9,0.5555555555555556
711,14.528732557482726,3,1.471264056453947,242,56.11231092169768,5,7,0.7142857142857143
512,10.462322179228067,4,1.9616854086052626,126,56.09544236182269,5,9,0.5555555555555556
421,8.602807885654329,3,1.471264056453947,401,56.08757823559262,10,11,0.9090909090909091
301,6.150701124897751,8,3.9233708172105253,137,56.08240904560408,11,15,0.7333333333333333
118,2.4112383147439687,20,9.808427043026313,9,56.07996487568537,28,40,0.7
705,14.406127219444897,8,3.9233708172105253,254,56.079313059523955,7,7,1.0
103,2.1047249696493964,8,3.9233708172105253,16,56.039846471600605,23,45,0.5111111111111111
538,10.993611977391993,3,1.471264056453947,27,56.0395320682901,6,9,0.6666666666666666
565,11.545335998562223,3,1.471264056453947,534,56.02292794689678,5,8,0.625
326,6.661556700055371,3,1.471264056453947,10,55.99768726490622,6,15,0.4
550,11.23882265346765,4,1.9616854086052626,539,55.98640769976758,4,8,0.5
545,11.136651538436126,4,1.9616854086052626,7,55.976870464914185,4,9,0.4444444444444444
256,5.231161089614034,8,3.9233708172105253,106,55.970938751688905,13,18,0.7222222222222222
363,7.417622951288649,6,2.942528112907894,212,55.96213985038817,8,13,0.6153846153846154
157,3.2081730119898566,12,5.885056225815788,89,55.956426907469606,17,29,0.5862068965517241
110,2.24776453069353,6,2.942528112907894,97,55.94714006882976,22,42,0.5238095238095238
632,12.914428939984646,3,1.471264056453947,377,55.94586576299835,3,7,0.42857142857142855
525,10.72796707831003,3,1.471264056453947,84,55.94348973696875,5,9,0.5555555555555556
278,5.68071399575274,12,5.885056225815788,272,55.929381998001475,12,16,0.75
553,11.300125322486565,4,1.9616854086052626,537,55.92670133849645,4,8,0.5
361,7.37675450527604,6,2.942528112907894,220,55.90403942102431,7,13,0.5384615384615384
212,4.332055277336622,16,7.8467416344210505,160,55.88611504792853,12,22,0.5454545454545454
322,6.579819808030152,6,2.942528112907894,27,55.87682503888534,9,15,0.6
120,2.4521067607565783,16,7.8467416344210505,103,55.87114052917403,23,38,0.6052631578947368
210,4.291186831324012,8,3.9233708172105253,194,55.867691839728025,16,22,0.7272727272727273
281,5.742016664771654,8,3.9233708172105253,259,55.86663365732786,10,16,0.625
725,14.814811679570994,8,3.9233708172105253,203,55.860616732393986,3,7,0.42857142857142855
333,6.804596261099505,16,7.8467416344210505,52,55.83935873336265,5,14,0.35714285714285715
548,11.19795420745504,3,1.471264056453947,541,55.822657357031126,3,8,0.375
727,14.855680125583604,8,3.9233708172105253,190,55.82204066697631,3,7,0.42857142857142855
555,11.340993768499175,4,1.9616854086052626,532,55.8187978783198,4,8,0.5
470,9.604084812963265,3,1.471264056453947,230,55.816225416821645,4,10,0.4
234,4.781608183475328,20,9.808427043026313,168,55.80751256118428,12,20,0.6
503,10.278414172171324,3,1.471264056453947,155,55.80667665138051,6,9,0.6666666666666666
554,11.32055954549287,4,1.9616854086052626,534,55.80163604950001,4,8,0.5
643,13.139205393053999,4,1.9616854086052626,368,55.800576690680884,3,7,0.42857142857142855
638,13.037034278022475,4,1.9616854086052626,383,55.79995446204262,4,7,0.5714285714285714
629,12.853126270965731,3,1.471264056453947,382,55.797403658802686,3,7,0.42857142857142855
630,12.873560493972036,3,1.471264056453947,380,55.79045091251118,3,7,0.42857142857142855
546,11.157085761442431,4,1.9616854086052626,2,55.78917727184724,4,9,0.4444444444444444
669,13.670495191217924,8,3.9233708172105253,27,55.784251396693755,5,7,0.7142857142857143
298,6.089398455878836,6,2.942528112907894,174,55.77875912922855,9,15,0.6
533,10.891440862360469,4,1.9616854086052626,65,55.76372501533711,6,9,0.6666666666666666
104,2.125159192655701,8,3.9233708172105253,0,55.756434807769494,25,45,0.5555555555555556
537,10.973177754385688,4,1.9616854086052626,50,55.75534398286987,4,9,0.4444444444444444
343,7.008938491162553,12,5.885056225815788,321,55.751555217234085,4,13,0.3076923076923077
516,10.544059071253287,3,1.471264056453947,114,55.73856992017756,5,9,0.5555555555555556
314,6.416346023979713,4,1.9616854086052626,88,55.687650632222606,9,15,0.6
631,12.89399471697834,3,1.471264056453947,400,55.6845095862623,6,7,0.8571428571428571
536,10.952743531379383,3,1.471264056453947,55,55.665640994224795,4,9,0.4444444444444444
198,4.045976155248354,3,1.471264056453947,80,55.66336730644467,13,23,0.5652173913043478
344,7.029372714168858,12,5.885056225815788,315,55.643239913165225,4,13,0.3076923076923077
671,13.711363637230534,8,3.9233708172105253,27,55.59468016016004,4,7,0.5714285714285714
131,2.6768832138259313,20,9.808427043026313,70,55.58504976391991,17,35,0.4857142857142857
250,5.108555751576205,3,1.471264056453947,142,55.57835775716877,8,18,0.4444444444444444
186,3.8007654791726964,6,2.942528112907894,151,55.57691810050004,14,25,0.56
179,3.6577259181285626,6,2.942528112907894,52,55.557917675143734,14,26,0.5384615384615384
418,8.541505216635414,3,1.471264056453947,387,55.544027012429055,6,11,0.5454545454545454
158,3.2286072349961614,8,3.9233708172105253,84,55.53132343120463,18,29,0.6206896551724138
107,2.1864618616746156,20,9.808427043026313,33,55.5145323754237,25,43,0.5813953488372093
80,1.6347378405043855,16,7.8467416344210505,55,55.491602629657585,31,58,0.5344827586206896
508,10.380585287202848,4,1.9616854086052626,140,55.48623029736124,5,9,0.5555555555555556
526,10.748401301316335,3,1.471264056453947,83,55.464994790666914,6,9,0.6666666666666666
419,8.56193943964172,4,1.9616854086052626,403,55.4623362637435,10,11,0.9090909090909091
193,3.94380504021683,3,1.471264056453947,109,55.430773122975566,12,24,0.5
248,5.067687305563595,3,1.471264056453947,151,55.430623937971234,11,19,0.5789473684210527
128,2.615580544807017,8,3.9233708172105253,108,55.4174417184467,24,36,0.6666666666666666
340,6.9476358221436385,12,5.885056225815788,12,55.37717697415533,6,14,0.42857142857142855
551,11.259256876473955,4,1.9616854086052626,540,55.36681794034804,4,8,0.5
349,7.131543829200382,16,7.8467416344210505,292,55.33978342981402,6,13,0.46153846153846156
150,3.065133450945723,12,5.885056225815788,14,55.339307998839395,21,31,0.6774193548387096
323,6.600254031036457,4,1.9616854086052626,27,55.32248527217178,9,15,0.6
558,11.402296437518089,8,3.9233708172105253,526,55.27924666372442,5,8,0.625
639,13.05746850102878,4,1.9616854086052626,380,55.27742375430235,4,7,0.5714285714285714
296,6.0485300098662265,3,1.471264056453947,160,55.27548120143638,10,16,0.625
606,12.38313914182072,3,1.471264056453947,449,55.25858608506701,6,7,0.8571428571428571
235,4.8020424064816325,12,5.885056225815788,19,55.250235471645816,15,20,0.75
135,2.7586201058511506,12,5.885056225815788,21,55.227892327549746,19,35,0.5428571428571428
351,7.1724122752129915,12,5.885056225815788,304,55.226060900541434,6,13,0.46153846153846156
277,5.660279772746435,12,5.885056225815788,276,55.19244358351388,11,16,0.6875
274,5.59897710372752,6,2.942528112907894,20,55.169226179591206,13,17,0.7647058823529411
675,13.793100529255753,8,3.9233708172105253,21,55.13745004735913,4,7,0.5714285714285714
661,13.507021407167485,3,1.471264056453947,314,55.07021879785674,3,7,0.42857142857142855
511,10.441887956221763,3,1.471264056453947,127,55.06772671207711,5,9,0.5555555555555556
634,12.955297385997255,3,1.471264056453947,395,55.05716423477093,5,7,0.7142857142857143
527,10.76883552432264,3,1.471264056453947,80,55.03441432210326,6,9,0.6666666666666666
708,14.467429888463812,8,3.9233708172105253,248,55.03339555094501,7,7,1.0
561,11.463599106537004,3,1.471264056453947,541,55.016131177246734,5,8,0.625
102,2.0842907466430916,8,3.9233708172105253,25,55.00917595090787,26,46,0.5652173913043478
348,7.111109606194077,16,7.8467416344210505,299,55.00360021007337,7,13,0.5384615384615384
557,11.381862214511784,8,3.9233708172105253,547,54.987765745655075,5,8,0.625
552,11.27969109948026,4,1.9616854086052626,541,54.986144040810395,4,8,0.5
674,13.772666306249448,8,3.9233708172105253,21,54.984556142754656,4,7,0.5714285714285714
207,4.229884162305098,4,1.9616854086052626,192,54.975857904492884,12,22,0.5454545454545454
702,14.344824550425983,12,5.885056225815788,260,54.96058482623974,7,7,1.0
318,6.4980829160049325,3,1.471264056453947,71,54.944986002837716,10,15,0.6666666666666666
220,4.49552906138706,8,3.9233708172105253,97,54.94424422770445,11,21,0.5238095238095238
506,10.339716841190238,4,1.9616854086052626,124,54.90713090986901,6,9,0.6666666666666666
544,11.116217315429822,4,1.9616854086052626,8,54.90333790301713,4,9,0.4444444444444444
148,3.0242650049331132,6,2.942528112907894,14,54.886500900824714,21,32,0.65625
451,9.215834575843473,3,1.471264056453947,309,54.8856343922944,7,10,0.7
353,7.213280721225601,12,5.885056225815788,252,54.883512900014935,10,13,0.7692307692307693
78,1.593869394491776,16,7.8467416344210505,26,54.881993799692296,35,60,0.5833333333333334
636,12.996165832009865,3,1.471264056453947,389,54.88068040440782,5,7,0.7142857142857143
676,13.813534752262058,8,3.9233708172105253,21,54.8765587570382,4,7,0.5714285714285714
213,4.3524895003429265,16,7.8467416344210505,167,54.87055943531984,12,21,0.5714285714285714
724,14.794377456564689,6,2.942528112907894,206,54.86815693684714,3,7,0.42857142857142855
633,12.93486316299095,3,1.471264056453947,398,54.858283226734386,6,7,0.8571428571428571
422,8.623242108660634,4,1.9616854086052626,395,54.84665521283513,9,11,0.8181818181818182
187,3.821199702179001,4,1.9616854086052626,167,54.84575354512158,15,24,0.625
559,11.422730660524394,6,2.942528112907894,546,54.827102187911834,6,8,0.75
347,7.090675383187772,16,7.8467416344210505,304,54.796162095956156,6,13,0.46153846153846156
334,6.82503048410581,16,7.8467416344210505,49,54.78572182650355,6,14,0.42857142857142855
542,11.075348869417212,3,1.471264056453947,19,54.7580921826832,4,9,0.4444444444444444
507,10.360151064196543,4,1.9616854086052626,143,54.71267690770784,5,9,0.5555555555555556
205,4.189015716292488,3,1.471264056453947,24,54.70786008744641,13,23,0.5652173913043478
122,2.492975206769188,3,1.471264056453947,78,54.698637729093626,23,38,0.6052631578947368
637,13.01660005501617,4,1.9616854086052626,386,54.691011080288035,5,7,0.7142857142857143
720,14.71264056453947,3,1.471264056453947,218,54.671758578592645,3,7,0.42857142857142855
91,1.8595142935737385,12,5.885056225815788,22,54.67030484226121,32,51,0.6274509803921569
234,4.781608183475328,12,5.885056225815788,26,54.640388619787785,14,20,0.7
513,10.482756402234372,3,1.471264056453947,125,54.62170141539088,5,9,0.5555555555555556
455,9.297571467868693,3,1.471264056453947,299,54.61934612510102,7,10,0.7
255,5.210726866607729,8,3.9233708172105253,111,54.59867799438931,13,18,0.7222222222222222
276,5.63984554974013,8,3.9233708172105253,8,54.59484714917747,11,17,0.6470588235294118
465,9.501913697931741,3,1.471264056453947,269,54.59251737767388,7,10,0.7
509,10.401019510209153,4,1.9616854086052626,137,54.571381415399216,5,9,0.5555555555555556
641,13.098336947041389,4,1.9616854086052626,359,54.56574665690706,4,7,0.5714285714285714
142,2.9016596668952843,8,3.9233708172105253,102,54.565002368159355,15,32,0.46875
332,6.7841620380932,12,5.885056225815788,305,54.5553912741416,7,14,0.5
305,6.23243801692297,4,1.9616854086052626,139,54.50416268498342,9,15,0.6
464,9.481479474925436,3,1.471264056453947,269,54.475956234029034,5,10,0.5
642,13.118771170047694,4,1.9616854086052626,369,54.468361948766876,3,7,0.42857142857142855
726,14.835245902577299,8,3.9233708172105253,192,54.44757899467317,3,7,0.42857142857142855
706,14.426561442451202,8,3.9233708172105253,252,54.44505055133729,7,7,1.0
233,4.761173960469023,12,5.885056225815788,187,54.43302033207397,9,20,0.45
547,11.177519984448736,3,1.471264056453947,0,54.42156619092787,4,9,0.4444444444444444
89,1.818645847561129,8,3.9233708172105253,62,54.41652886935785,29,52,0.5576923076923077
452,9.236268798849778,3,1.471264056453947,308,54.40695201751319,6,10,0.6
505,10.319282618183934,3,1.471264056453947,145,54.39109940164647,6,9,0.6666666666666666
346,7.070241160181467,16,7.8467416344210505,310,54.38572290127835,5,13,0.38461538461538464
350,7.151978052206687,16,7.8467416344210505,313,54.374766945211434,7,13,0.5384615384615384
721,14.733074787545775,4,1.9616854086052626,215,54.35333527870845,3,7,0.42857142857142855
420,8.582373662648024,3,1.471264056453947,404,54.34920349952373,10,11,0.9090909090909091
710,14.508298334476422,3,1.471264056453947,244,54.34694758201107,5,7,0.7142857142857143
147,3.0038307819268084,4,1.9616854086052626,47,54.32274600921405,16,32,0.5
272,5.558108657714911,6,2.942528112907894,10,54.29424352104237,8,17,0.47058823529411764
302,6.171135347904055,6,2.942528112907894,154,54.2698224268972,11,15,0.7333333333333333
665,13.588758299192705,8,3.9233708172105253,302,54.262511975218885,3,7,0.42857142857142855
254,5.190292643601424,8,3.9233708172105253,121,54.23666646455748,10,18,0.5555555555555556
267,5.455937542683387,3,1.471264056453947,62,54.23495128189446,10,18,0.5555555555555556
331,6.763727815086895,3,1.471264056453947,311,54.22535604182779,7,14,0.5
709,14.487864111470117,6,2.942528112907894,246,54.22504509592151,6,7,0.8571428571428571
101,2.0638565236367867,16,7.8467416344210505,44,54.22291517651695,30,46,0.6521739130434783
453,9.256703021856083,3,1.471264056453947,305,54.16471380639753,6,10,0.6
253,5.169858420595119,6,2.942528112907894,140,54.15258981790676,11,18,0.6111111111111112
303,6.19156957091036,6,2.942528112907894,146,54.1464462764078,11,15,0.7333333333333333
206,4.209449939298793,3,1.471264056453947,197,54.14108590359971,16,22,0.7272727272727273
182,3.719028587147477,6,2.942528112907894,26,54.119404657704116,15,26,0.5769230769230769
703,14.365258773432288,8,3.9233708172105253,258,54.11026549430603,7,7,1.0
635,12.97573160900356,3,1.471264056453947,371,54.11000884725391,3,7,0.42857142857142855
306,6.252872239929275,3,1.471264056453947,134,54.09459352826492,9,15,0.6
311,6.355043354960799,4,1.9616854086052626,109,54.09354781785518,9,15,0.6
236,4.822476629487937,20,9.808427043026313,9,54.0903616792244,14,20,0.7
161,3.289909904015076,6,2.942528112907894,27,54.081743418312335,16,29,0.5517241379310345
208,4.250318385311402,6,2.942528112907894,0,54.07822541057205,13,23,0.5652173913043478
315,6.436780246986018,4,1.9616854086052626,66,54.0675484491449,6,15,0.4
700,14.303956104413373,12,5.885056225815788,635,54.066174010738905,3,6,0.5
728,14.876114348589908,6,2.942528112907894,188,54.062872245440104,3,7,0.42857142857142855
417,8.52107099362911,3,1.471264056453947,391,54.03909327838206,6,11,0.5454545454545454
159,3.2490414580024662,6,2.942528112907894,71,54.018480456052735,17,29,0.5862068965517241
512,10.462322179228067,3,1.471264056453947,125,53.98670083387439,5,9,0.5555555555555556
532,10.871006639354164,3,1.471264056453947,68,53.98326910850689,6,9,0.6666666666666666
312,6.375477577967104,3,1.471264056453947,104,53.975765930699,10,15,0.6666666666666666
275,5.619411326733825,6,2.942528112907894,14,53.95028720936953,14,17,0.8235294117647058
707,14.446995665457507,8,3.9233708172105253,250,53.92650513284698,7,7,1.0
640,13.077902724035084,4,1.9616854086052626,363,53.915399154587774,4,7,0.5714285714285714
299,6.109832678885141,6,2.942528112907894,169,53.89652359984383,10,15,0.6666666666666666
356,7.274583390244516,6,2.942528112907894,240,53.88740540344015,9,13,0.6923076923076923
638,13.037034278022475,3,1.471264056453947,383,53.88555075526312,4,7,0.5714285714285714
556,11.36142799150548,6,2.942528112907894,529,53.8854783473694,5,8,0.625
221,4.515963284393365,8,3.9233708172105253,87,53.863932804129746,12,21,0.5714285714285714
146,2.9833965589205036,3,1.471264056453947,58,53.844543128968084,9,32,0.28125
537,10.973177754385688,3,1.471264056453947,50,53.8109316660178,4,9,0.4444444444444444
262,5.353766427651863,4,1.9616854086052626,92,53.744095594237976,9,18,0.5
261,5.333332204645558,4,1.9616854086052626,98,53.73908475614129,8,18,0.4444444444444444
308,6.293740685941884,3,1.471264056453947,124,53.73817927774029,8,15,0.5333333333333333
355,7.254149167238211,8,3.9233708172105253,244,53.718157122573984,9,13,0.6923076923076923
178,3.637291695122258,8,3.9233708172105253,62,53.713314488273305,15,26,0.5769230769230769
423,8.643676331666938,4,1.9616854086052626,395,53.69678120221165,7,11,0.6363636363636364
645,13.180073839066608,3,1.471264056453947,355,53.69545753415474,3,7,0.42857142857142855
132,2.697317436832236,16,7.8467416344210505,62,53.68772002346095,15,35,0.42857142857142855
74,1.5121325024665566,20,9.808427043026313,13,53.64957928762598,40,63,0.6349206349206349
185,3.7803312561663915,3,1.471264056453947,184,53.64206929492173,13,25,0.52
78,1.593869394491776,20,9.808427043026313,23,53.641454677061574,35,60,0.5833333333333334
269,5.496805988695996,3,1.471264056453947,27,53.635279944384756,11,18,0.6111111111111112
121,2.472540983762883,12,5.885056225815788,91,53.63080905418285,24,38,0.631578947368421
677,13.833968975268363,8,3.9233708172105253,21,53.605268885760026,4,7,0.5714285714285714
90,1.8390800705674337,12,5.885056225815788,44,53.60521993854254,29,51,0.5686274509803921
508,10.380585287202848,3,1.471264056453947,140,53.56870058988795,5,9,0.5555555555555556
357,7.29501761325082,4,1.9616854086052626,236,53.543491348111765,9,13,0.6923076923076923
214,4.372923723349231,20,9.808427043026313,150,53.542759692038786,11,21,0.5238095238095238
168,3.4329494650592096,20,9.808427043026313,27,53.54271210085185,15,28,0.5357142857142857
131,2.6768832138259313,16,7.8467416344210505,70,53.54157722988425,18,35,0.5142857142857142
662,13.52745563017379,3,1.471264056453947,311,53.537490700803,3,7,0.42857142857142855
237,4.842910852494242,20,9.808427043026313,2,53.528792356175636,14,20,0.7
123,2.5134094297754928,3,1.471264056453947,63,53.51066725723863,21,38,0.5526315789473685
108,2.2068960846809205,8,3.9233708172105253,21,53.491268869456995,23,43,0.5348837209302325
533,10.891440862360469,3,1.471264056453947,65,53.49031447753442,6,9,0.6666666666666666
673,13.752232083243143,8,3.9233708172105253,15,53.48881057331969,4,7,0.5714285714285714
162,3.3103441270213807,4,1.9616854086052626,22,53.47299185025012,15,29,0.5172413793103449
321,6.559385585023847,6,2.942528112907894,40,53.46558332613057,7,15,0.4666666666666667
644,13.159639616060304,4,1.9616854086052626,359,53.46198423508461,3,7,0.42857142857142855
92,1.8799485165800434,6,2.942528112907894,8,53.45180172471837,27,51,0.5294117647058824
264,5.394634873664472,3,1.471264056453947,80,53.439093841402226,10,18,0.5555555555555556
284,5.803319333790569,3,1.471264056453947,244,53.43402709123404,9,16,0.5625
177,3.616857472115953,16,7.8467416344210505,71,53.43238523575016,17,26,0.6538461538461539
283,5.782885110784264,6,2.942528112907894,249,53.39217517122116,10,16,0.625
721,14.733074787545775,3,1.471264056453947,215,53.38522180447121,3,7,0.42857142857142855
365,7.458491397301259,3,1.471264056453947,204,53.37377236273674,9,13,0.6923076923076923
679,13.874837421280972,8,3.9233708172105253,16,53.36662528929632,3,7,0.42857142857142855
223,4.556831730405975,16,7.8467416344210505,21,53.36603430182919,15,21,0.7142857142857143
249,5.0881215285699,3,1.471264056453947,149,53.362705643563906,9,19,0.47368421052631576
543,11.095783092423517,3,1.471264056453947,12,53.36007421127939,4,9,0.4444444444444444
678,13.854403198274667,8,3.9233708172105253,21,53.337853312345054,4,7,0.5714285714285714
307,6.2733064629355795,4,1.9616854086052626,129,53.32933452863229,8,15,0.5333333333333333
282,5.762450887777959,6,2.942528112907894,254,53.32514049105268,10,16,0.625
117,2.390804091737664,16,7.8467416344210505,26,53.31907264773531,25,40,0.625
345,7.049806937175163,16,7.8467416344210505,314,53.2689456483595,5,13,0.38461538461538464
263,5.374200650658167,4,1.9616854086052626,84,53.267798035576604,11,18,0.6111111111111112
219,4.475094838380755,6,2.942528112907894,107,53.246912392638336,14,21,0.6666666666666666
664,13.5683240761864,6,2.942528112907894,305,53.2216338623494,4,7,0.5714285714285714
181,3.6985943641411723,12,5.885056225815788,26,53.22070868910311,17,26,0.6538461538461539
176,3.596423249109648,20,9.808427043026313,117,53.21799059645951,12,26,0.46153846153846156
727,14.855680125583604,6,2.942528112907894,190,53.19773989302719,3,7,0.42857142857142855
155,3.167304565977247,12,5.885056225815788,114,53.189334941663326,16,30,0.5333333333333333
251,5.12898997458251,4,1.9616854086052626,133,53.18399739302319,9,18,0.5
320,6.538951362017542,4,1.9616854086052626,43,53.160656870237545,8,15,0.5333333333333333
553,11.300125322486565,3,1.471264056453947,537,53.14445464597746,4,8,0.5
155,3.167304565977247,20,9.808427043026313,94,53.13976215809628,18,30,0.6
558,11.402296437518089,6,2.942528112907894,526,53.133719791918054,5,8,0.625
354,7.233714944231906,12,5.885056225815788,248,53.128700180940704,10,13,0.7692307692307693
239,4.883779298506852,6,2.942528112907894,228,53.10419692558655,11,19,0.5789473684210527
130,2.6564489908196265,12,5.885056225815788,85,53.09584382354345,20,35,0.5714285714285714
725,14.814811679570994,6,2.942528112907894,203,53.09268814167578,3,7,0.42857142857142855
279,5.7011482187590445,12,5.885056225815788,261,53.08961160030154,12,16,0.75
695,14.20178498938185,8,3.9233708172105253,645,53.0879606575674,3,6,0.5
297,6.068964232872531,3,1.471264056453947,157,53.08494876069441,12,16,0.75
704,14.385692996438593,6,2.942528112907894,256,53.046329737190995,7,7,1.0
643,13.139205393053999,3,1.471264056453947,368,53.04321058151184,3,7,0.42857142857142855
560,11.443164883530699,4,1.9616854086052626,544,53.03799685419433,6,8,0.75
309,6.314174908948189,6,2.942528112907894,119,53.037736443674596,9,15,0.6
149,3.044699227939418,12,5.885056225815788,25,53.03330590707004,17,31,0.5483870967741935
222,4.53639750739967,12,5.885056225815788,77,53.018490290048604,12,21,0.5714285714285714
642,13.118771170047694,3,1.471264056453947,369,52.99615313890117,3,7,0.42857142857142855
557,11.381862214511784,6,2.942528112907894,528,52.95990942170997,5,8,0.625
705,14.406127219444897,6,2.942528112907894,254,52.93661329396911,7,7,1.0
555,11.340993768499175,3,1.471264056453947,532,52.923195845446166,4,8,0.5
316,6.457214469992323,4,1.9616854086052626,61,52.88183901438459,6,15,0.4
232,4.740739737462718,12,5.885056225815788,200,52.87837461338094,9,20,0.45
670,13.690929414224229,8,3.9233708172105253,27,52.877279652221794,5,7,0.7142857142857143
188,3.841633925185306,4,1.9616854086052626,160,52.864502372330826,16,24,0.6666666666666666
231,4.720305514456413,16,7.8467416344210505,211,52.86065123050426,11,20,0.55
507,10.360151064196543,3,1.471264056453947,143,52.84950471629415,5,9,0.5555555555555556
127,2.595146321800712,8,3.9233708172105253,121,52.82628791094854,21,36,0.5833333333333334
183,3.739462810153782,3,1.471264056453947,17,52.82048292407474,16,26,0.6153846153846154
719,14.692206341533165,4,1.9616854086052626,219,52.804423886872264,3,7,0.42857142857142855
124,2.5338436527817976,3,1.471264056453947,27,52.750517637689896,21,38,0.5526315789473685
281,5.742016664771654,6,2.942528112907894,259,52.73739436595783,10,16,0.625
237,4.842910852494242,8,3.9233708172105253,5,52.70888114606378,13,20,0.65
335,6.845464707112114,16,7.8467416344210505,43,52.69394152232769,6,14,0.42857142857142855
554,11.32055954549287,3,1.471264056453947,532,52.68673583861302,4,8,0.5
310,6.334609131954494,6,2.942528112907894,114,52.66928720160458,9,15,0.6
317,6.477648692998628,3,1.471264056453947,78,52.65010612923161,10,15,0.6666666666666666
71,1.4508298334476422,20,9.808427043026313,25,52.63562147064885,32,65,0.49230769230769234
129,2.6360147678133217,4,1.9616854086052626,97,52.53919699193145,18,36,0.5
79,1.6143036174980807,12,5.885056225815788,5,52.46657939749298,32,59,0.5423728813559322
550,11.23882265346765,3,1.471264056453947,538,52.460843433185204,4,8,0.5
176,3.596423249109648,12,5.885056225815788,80,52.440505710638085,16,26,0.6153846153846154
342,6.988504268156248,12,5.885056225815788,328,52.437775954182555,5,13,0.38461538461538464
241,4.924647744519461,4,1.9616854086052626,218,52.43228526466876,11,19,0.5789473684210527
358,7.315451836257125,3,1.471264056453947,231,52.4183710097914,8,13,0.6153846153846154
422,8.623242108660634,3,1.471264056453947,395,52.39498512330126,9,11,0.8181818181818182
301,6.150701124897751,6,2.942528112907894,136,52.38576396872779,11,15,0.7333333333333333
419,8.56193943964172,3,1.471264056453947,383,52.382930638987276,7,11,0.6363636363636364
156,3.187738788983552,12,5.885056225815788,104,52.382188603317495,16,30,0.5333333333333333
111,2.268198753699835,16,7.8467416344210505,77,52.36109435881293,22,42,0.5238095238095238
175,3.5759890261033433,16,7.8467416344210505,89,52.35968491280025,18,26,0.6923076923076923
509,10.401019510209153,3,1.471264056453947,137,52.357928118393446,5,9,0.5555555555555556
256,5.231161089614034,6,2.942528112907894,106,52.320736503519385,13,18,0.7222222222222222
280,5.721582441765349,8,3.9233708172105253,243,52.31792003160506,11,16,0.6875
722,14.75350901055208,4,1.9616854086052626,212,52.29675639884,3,7,0.42857142857142855
186,3.8007654791726964,4,1.9616854086052626,151,52.28825943271762,14,25,0.56
723,14.773943233558384,4,1.9616854086052626,209,52.27753987171626,3,7,0.42857142857142855
172,3.514686357084429,16,7.8467416344210505,143,52.27679691483773,12,27,0.4444444444444444
238,4.863345075500547,8,3.9233708172105253,236,52.26248065556347,13,19,0.6842105263157895
216,4.413792169361841,12,5.885056225815788,132,52.256899943694236,12,21,0.5714285714285714
240,4.904213521513157,4,1.9616854086052626,224,52.252087714021215,11,19,0.5789473684210527
552,11.27969109948026,3,1.471264056453947,541,52.2143413815146,4,8,0.5
646,13.200508062072913,3,1.471264056453947,351,52.20069452656966,4,7,0.5714285714285714
551,11.259256876473955,3,1.471264056453947,539,52.17465000478219,4,8,0.5
217,4.434226392368146,8,3.9233708172105253,123,52.174089299844866,11,21,0.5238095238095238
131,2.6768832138259313,12,5.885056225815788,70,52.16946726021589,18,35,0.5142857142857142
305,6.23243801692297,3,1.471264056453947,139,52.15293297406208,9,15,0.6
701,14.324390327419678,12,5.885056225815788,632,52.13190791638776,3,6,0.5
637,13.01660005501617,3,1.471264056453947,385,52.13111260454205,5,7,0.7142857142857143
639,13.05746850102878,3,1.471264056453947,380,52.05869124875339,4,7,0.5714285714285714
265,5.415069096670777,4,1.9616854086052626,74,52.056532125234256,11,18,0.6111111111111112
93,1.9003827395863482,4,1.9616854086052626,58,52.046477379230645,25,50,0.5
133,2.717751659838541,16,7.8467416344210505,44,52.02084203652763,17,35,0.4857142857142857
210,4.291186831324012,6,2.942528112907894,194,52.01699212347621,16,22,0.7272727272727273
164,3.3512125730339903,4,1.9616854086052626,1,52.015537791916195,16,29,0.5517241379310345
718,14.67177211852686,4,1.9616854086052626,219,52.00811633521703,4,7,0.5714285714285714
163,3.3307783500276855,6,2.942528112907894,11,52.008115313198346,14,29,0.4827586206896552
211,4.311621054330317,8,3.9233708172105253,184,51.97616356382926,16,22,0.7272727272727273
663,13.547889853180095,4,1.9616854086052626,308,51.973389098161235,4,7,0.5714285714285714
423,8.643676331666938,3,1.471264056453947,395,51.97125427852904,7,11,0.6363636363636364
726,14.835245902577299,6,2.942528112907894,192,51.97078692382298,3,7,0.42857142857142855
128,2.615580544807017,6,2.942528112907894,121,51.95330154772937,20,36,0.5555555555555556
545,11.136651538436126,3,1.471264056453947,5,51.944230557563095,4,9,0.4444444444444444
212,4.332055277336622,12,5.885056225815788,158,51.94409785700781,12,22,0.5454545454545454
273,5.578542880721216,6,2.942528112907894,2,51.93869504880556,9,17,0.5294117647058824
352,7.192846498219296,8,3.9233708172105253,256,51.924449089982716,10,13,0.7692307692307693
171,3.494252134078124,16,7.8467416344210505,156,51.89212098816284,14,27,0.5185185185185185
226,4.618134399424889,16,7.8467416344210505,19,51.88739726419769,10,21,0.47619047619047616
314,6.416346023979713,3,1.471264056453947,87,51.87725066683863,9,15,0.6
126,2.574712098794407,4,1.9616854086052626,24,51.87059437268127,24,37,0.6486486486486487
271,5.537674434708606,4,1.9616854086052626,19,51.86647627086555,8,18,0.4444444444444444
94,1.920816962592653,20,9.808427043026313,41,51.85702182686319,24,49,0.4897959183673469
170,3.4738179110718193,12,5.885056225815788,24,51.84852901270073,12,28,0.42857142857142855
319,6.518517139011237,4,1.9616854086052626,64,51.84109769772305,8,15,0.5333333333333333
266,5.435503319677082,4,1.9616854086052626,68,51.828825967902034,11,18,0.6111111111111112
107,2.1864618616746156,16,7.8467416344210505,33,51.80626562473812,25,43,0.5813953488372093
362,7.3971887282823445,4,1.9616854086052626,216,51.79073959806923,7,13,0.5384615384615384
278,5.68071399575274,8,3.9233708172105253,274,51.76801280996057,11,16,0.6875
130,2.6564489908196265,8,3.9233708172105253,84,51.74235640928168,20,35,0.5714285714285714
724,14.794377456564689,4,1.9616854086052626,206,51.7217992421581,3,7,0.42857142857142855
209,4.270752608317707,6,2.942528112907894,197,51.72117764004092,14,22,0.6363636363636364
560,11.443164883530699,3,1.471264056453947,544,51.710361923024436,6,8,0.75
708,14.467429888463812,6,2.942528112907894,248,51.61376076505082,7,7,1.0
218,4.454660615374451,8,3.9233708172105253,115,51.58750107963501,11,21,0.5238095238095238
364,7.438057174294954,4,1.9616854086052626,208,51.56843155073567,8,13,0.6153846153846154
83,1.6960405095233,20,9.808427043026313,60,51.54530968309519,27,56,0.48214285714285715
261,5.333332204645558,3,1.471264056453947,98,51.50792423023911,8,18,0.4444444444444444
640,13.077902724035084,3,1.471264056453947,377,51.506055354802044,4,7,0.5714285714285714
160,3.269475681008771,6,2.942528112907894,44,51.473669910312026,15,29,0.5172413793103449
719,14.692206341533165,3,1.471264056453947,219,51.466126216343206,3,7,0.42857142857142855
641,13.098336947041389,3,1.471264056453947,358,51.463363610719355,4,7,0.5714285714285714
242,4.945081967525766,4,1.9616854086052626,212,51.46109206894228,12,19,0.631578947368421
125,2.5542778757881024,3,1.471264056453947,19,51.403482288541774,19,37,0.5135135135135135
546,11.157085761442431,3,1.471264056453947,1,51.37529304167364,4,9,0.4444444444444444
668,13.65006096821162,6,2.942528112907894,27,51.36520809226009,5,7,0.7142857142857143
696,14.222219212388154,8,3.9233708172105253,643,51.35974298398388,3,6,0.5
262,5.353766427651863,3,1.471264056453947,92,51.35951127825275,9,18,0.5
215,4.393357946355536,8,3.9233708172105253,135,51.33467842059934,13,21,0.6190476190476191
255,5.210726866607729,6,2.942528112907894,110,51.31687351959384,13,18,0.7222222222222222
544,11.116217315429822,3,1.471264056453947,8,51.31478871759305,4,9,0.4444444444444444
207,4.229884162305098,3,1.471264056453947,192,51.303522958503024,12,22,0.5454545454545454
359,7.33588605926343,4,1.9616854086052626,228,51.28872113179243,7,13,0.5384615384615384
688,14.058745428337716,12,5.885056225815788,672,51.28838901615073,3,6,0.5
694,14.181350766375544,8,3.9233708172105253,649,51.26611064317779,3,6,0.5
687,14.03831120533141,12,5.885056225815788,675,51.2227228804801,3,6,0.5
165,3.371646796040295,6,2.942528112907894,152,51.21801584952889,15,28,0.5357142857142857
559,11.422730660524394,4,1.9616854086052626,524,51.20368366639266,5,8,0.625
82,1.6756062865169952,8,3.9233708172105253,1,51.186478028616484,31,57,0.543859649122807
323,6.600254031036457,3,1.471264056453947,27,51.15438791100696,9,15,0.6
311,6.355043354960799,3,1.471264056453947,109,51.14729356248516,9,15,0.6
304,6.212003793916665,4,1.9616854086052626,144,51.1470313239163,10,15,0.6666666666666666
252,5.149424197588814,4,1.9616854086052626,150,51.1251480773268,12,18,0.6666666666666666
277,5.660279772746435,8,3.9233708172105253,2,51.10885591868971,10,17,0.5882352941176471
357,7.29501761325082,3,1.471264056453947,236,51.08151844499933,9,13,0.6923076923076923
556,11.36142799150548,4,1.9616854086052626,529,51.08009235765264,5,8,0.625
361,7.37675450527604,4,1.9616854086052626,220,51.03100939865107,7,13,0.5384615384615384
300,6.130266901891446,6,2.942528112907894,164,51.01141852363513,11,15,0.7333333333333333
680,13.895271644287277,8,3.9233708172105253,13,50.96719716970734,3,7,0.42857142857142855
724,14.794377456564689,3,1.471264056453947,206,50.950913000413486,3,7,0.42857142857142855
225,4.597700176418584,12,5.885056225815788,21,50.92411350845011,12,21,0.5714285714285714
103,2.1047249696493964,6,2.942528112907894,16,50.907083125825764,23,45,0.5111111111111111
506,10.339716841190238,3,1.471264056453947,140,50.89983356306352,6,9,0.6666666666666666
315,6.436780246986018,3,1.471264056453947,65,50.888460529615315,6,15,0.4
728,14.876114348589908,4,1.9616854086052626,189,50.85548171298165,3,7,0.42857142857142855
180,3.6781601411348674,8,3.9233708172105253,44,50.850552047900734,16,26,0.6153846153846154
166,3.3920810190466,20,9.808427043026313,139,50.83537708661239,16,28,0.5714285714285714
307,6.2733064629355795,3,1.471264056453947,129,50.82085949930493,8,15,0.5333333333333333
706,14.426561442451202,6,2.942528112907894,252,50.81370125406079,7,7,1.0
254,5.190292643601424,6,2.942528112907894,121,50.78503142657995,10,18,0.5555555555555556
276,5.63984554974013,6,2.942528112907894,8,50.781345228106076,11,17,0.6470588235294118
119,2.4316725377502735,16,7.8467416344210505,117,50.758123130550466,25,38,0.6578947368421053
362,7.3971887282823445,3,1.471264056453947,216,50.75524160079264,7,13,0.5384615384615384
703,14.365258773432288,6,2.942528112907894,258,50.64519557035726,7,7,1.0
723,14.773943233558384,3,1.471264056453947,209,50.644748568152544,3,7,0.42857142857142855
220,4.49552906138706,6,2.942528112907894,97,50.61737107374109,11,21,0.5238095238095238
230,4.699871291450108,16,7.8467416344210505,227,50.60608606182749,9,20,0.45
80,1.6347378405043855,12,5.885056225815788,55,50.53250554730871,31,58,0.5344827586206896
187,3.821199702179001,3,1.471264056453947,167,50.52004061212877,15,24,0.625
120,2.4521067607565783,12,5.885056225815788,104,50.504367833548635,23,38,0.6052631578947368
67,1.3690929414224229,20,9.808427043026313,27,50.503887751580045,37,69,0.5362318840579711
360,7.356320282269735,4,1.9616854086052626,224,50.49177479776492,7,13,0.5384615384615384
131,2.6768832138259313,8,3.9233708172105253,67,50.489331581823684,19,35,0.5428571428571428
349,7.131543829200382,12,5.885056225815788,292,50.486858796375444,6,13,0.46153846153846156
722,14.75350901055208,3,1.471264056453947,212,50.44131718930741,3,7,0.42857142857142855
214,4.372923723349231,16,7.8467416344210505,145,50.39104958055541,13,21,0.6190476190476191
665,13.588758299192705,6,2.942528112907894,302,50.372789536128025,3,7,0.42857142857142855
557,11.381862214511784,4,1.9616854086052626,527,50.355498672820744,5,8,0.625
102,2.0842907466430916,6,2.942528112907894,31,50.34317358828126,25,46,0.5434782608695652
147,3.0038307819268084,3,1.471264056453947,47,50.3322029575874,16,32,0.5
685,13.997442759318801,8,3.9233708172105253,664,50.328233689688574,3,6,0.5
257,5.2515953126203385,8,3.9233708172105253,100,50.31883559415805,12,18,0.6666666666666666
363,7.417622951288649,4,1.9616854086052626,212,50.31200926556736,8,13,0.6153846153846154
158,3.2286072349961614,6,2.942528112907894,82,50.30434094033057,17,29,0.5862068965517241
672,13.731797860236838,6,2.942528112907894,21,50.27982792615293,5,7,0.7142857142857143
227,4.638568622431194,20,9.808427043026313,9,50.2784010764464,9,21,0.42857142857142855
644,13.159639616060304,3,1.471264056453947,359,50.21692920188098,3,7,0.42857142857142855
141,2.8812254438889795,16,7.8467416344210505,112,50.21404147030049,19,33,0.5757575757575758
298,6.089398455878836,4,1.9616854086052626,174,50.187239532148816,9,15,0.6
697,14.242653435394459,8,3.9233708172105253,641,50.176890614389485,3,6,0.5
142,2.9016596668952843,6,2.942528112907894,102,50.168575096535164,15,32,0.46875
177,3.616857472115953,20,9.808427043026313,68,50.155707252414565,17,26,0.6538461538461539
666,13.60919252219901,8,3.9233708172105253,37,50.144775249213374,3,7,0.42857142857142855
707,14.446995665457507,6,2.942528112907894,250,50.139052812546055,7,7,1.0
130,2.6564489908196265,6,2.942528112907894,84,50.11020912949419,20,35,0.5714285714285714
106,2.166027638668311,8,3.9233708172105253,71,50.084500174020384,28,44,0.6363636363636364
104,2.125159192655701,6,2.942528112907894,0,50.018327254872595,25,45,0.5555555555555556
689,14.07917965134402,12,5.885056225815788,669,50.018203864327084,4,6,0.6666666666666666
684,13.977008536312496,8,3.9233708172105253,669,50.006174918225824,3,6,0.5
319,6.518517139011237,3,1.471264056453947,64,49.986452356147886,8,15,0.5333333333333333
364,7.438057174294954,3,1.471264056453947,208,49.968554418429676,8,13,0.6153846153846154
309,6.314174908948189,4,1.9616854086052626,119,49.94287927300114,9,15,0.6
316,6.457214469992323,3,1.471264056453947,61,49.93172642978872,6,15,0.4
727,14.855680125583604,4,1.9616854086052626,191,49.92344594668931,3,7,0.42857142857142855
322,6.579819808030152,4,1.9616854086052626,27,49.90925970485311,9,15,0.6
669,13.670495191217924,6,2.942528112907894,25,49.9020149031824,5,7,0.7142857142857143
118,2.4112383147439687,12,5.885056225815788,12,49.881468784474045,28,40,0.7
718,14.67177211852686,3,1.471264056453947,219,49.85375873397695,4,7,0.5714285714285714
157,3.2081730119898566,8,3.9233708172105253,88,49.84091541404168,17,29,0.5862068965517241
702,14.344824550425983,8,3.9233708172105253,260,49.8382758589592,7,7,1.0
240,4.904213521513157,3,1.471264056453947,224,49.828287538883046,11,19,0.5789473684210527
725,14.814811679570994,4,1.9616854086052626,203,49.82511297223994,3,7,0.42857142857142855
188,3.841633925185306,3,1.471264056453947,160,49.78582296714815,16,24,0.6666666666666666
89,1.818645847561129,6,2.942528112907894,62,49.73675542038546,29,52,0.5576923076923077
558,11.402296437518089,4,1.9616854086052626,527,49.73317472213733,5,8,0.625
320,6.538951362017542,3,1.471264056453947,44,49.71443683429442,8,15,0.5333333333333333
94,1.920816962592653,16,7.8467416344210505,41,49.69784884990913,25,49,0.5102040816326531
105,2.145593415662006,8,3.9233708172105253,89,49.6914355752398,31,44,0.7045454545454546
303,6.19156957091036,4,1.9616854086052626,145,49.68542469275851,11,15,0.7333333333333333
109,2.2273303076872253,8,3.9233708172105253,6,49.67074540985846,21,43,0.4883720930232558
353,7.213280721225601,8,3.9233708172105253,252,49.660248669624096,11,13,0.8461538461538461
186,3.8007654791726964,3,1.471264056453947,151,49.643090665049684,14,25,0.56
241,4.924647744519461,3,1.471264056453947,217,49.630827317170294,11,19,0.5789473684210527
134,2.7381858828448458,12,5.885056225815788,27,49.61616502357707,23,35,0.6571428571428571
671,13.711363637230534,6,2.942528112907894,27,49.59513079806145,4,7,0.5714285714285714
251,5.12898997458251,3,1.471264056453947,132,49.587911040838996,9,18,0.5
101,2.0638565236367867,12,5.885056225815788,44,49.582536641469545,30,46,0.6521739130434783
321,6.559385585023847,4,1.9616854086052626,39,49.56303659599529,7,15,0.4666666666666667
135,2.7586201058511506,8,3.9233708172105253,21,49.549798884744064,19,35,0.5428571428571428
108,2.2068960846809205,6,2.942528112907894,21,49.54548879876136,23,43,0.5348837209302325
150,3.065133450945723,8,3.9233708172105253,14,49.52519672663208,21,31,0.6774193548387096
253,5.169858420595119,4,1.9616854086052626,124,49.50508534590617,9,18,0.5
332,6.7841620380932,8,3.9233708172105253,305,49.47072119579731,7,14,0.5
279,5.7011482187590445,8,3.9233708172105253,261,49.46808131522872,12,16,0.75
162,3.3103441270213807,3,1.471264056453947,21,49.46577274124577,15,29,0.5172413793103449
725,14.814811679570994,3,1.471264056453947,203,49.45116437010236,3,7,0.42857142857142855
667,13.629626745205314,8,3.9233708172105253,27,49.444073326501076,5,7,0.7142857142857143
237,4.842910852494242,6,2.942528112907894,5,49.42869891812332,13,20,0.65
263,5.374200650658167,3,1.471264056453947,83,49.41680499997421,11,18,0.6111111111111112
224,4.5772659534122795,16,7.8467416344210505,21,49.41628298310547,13,21,0.6190476190476191
274,5.59897710372752,4,1.9616854086052626,270,49.41271337138002,11,16,0.6875
131,2.6768832138259313,6,2.942528112907894,67,49.399278889978895,19,35,0.5428571428571428
280,5.721582441765349,6,2.942528112907894,242,49.34996143454693,11,16,0.6875
355,7.254149167238211,6,2.942528112907894,244,49.33067912873414,9,13,0.6923076923076923
126,2.574712098794407,3,1.471264056453947,26,49.32966278682442,24,37,0.6486486486486487
221,4.515963284393365,6,2.942528112907894,87,49.28793394602225,12,21,0.5714285714285714
242,4.945081967525766,3,1.471264056453947,212,49.26235820211939,12,19,0.631578947368421
258,5.272029535626643,4,1.9616854086052626,116,49.241717189559004,8,18,0.4444444444444444
110,2.24776453069353,4,1.9616854086052626,97,49.219622270494135,22,42,0.5238095238095238
704,14.385692996438593,4,1.9616854086052626,256,49.20604874813887,7,7,1.0
100,2.043422300630482,16,7.8467416344210505,64,49.170967040351044,30,46,0.6521739130434783
559,11.422730660524394,3,1.471264056453947,546,49.16811135875636,6,8,0.75
213,4.3524895003429265,12,5.885056225815788,166,49.13725827589622,12,21,0.5714285714285714
178,3.637291695122258,6,2.942528112907894,62,49.049892733733465,15,26,0.5769230769230769
78,1.593869394491776,12,5.885056225815788,26,49.03416066329783,35,60,0.5833333333333334
217,4.434226392368146,6,2.942528112907894,123,49.00647181838318,11,21,0.5238095238095238
676,13.813534752262058,6,2.942528112907894,21,48.97186327711188,4,7,0.5714285714285714
361,7.37675450527604,3,1.471264056453947,220,48.95599338354328,7,13,0.5384615384615384
663,13.547889853180095,3,1.471264056453947,308,48.95214962714668,4,7,0.5714285714285714
352,7.192846498219296,6,2.942528112907894,256,48.917967460125354,10,13,0.7692307692307693
674,13.772666306249448,6,2.942528112907894,21,48.88093435803186,4,7,0.5714285714285714
351,7.1724122752129915,8,3.9233708172105253,306,48.872317919266045,6,13,0.46153846153846156
232,4.740739737462718,8,3.9233708172105253,200,48.85766849575259,10,20,0.5
709,14.487864111470117,4,1.9616854086052626,246,48.83895897919182,6,7,0.8571428571428571
664,13.5683240761864,4,1.9616854086052626,305,48.831403661225224,4,7,0.5714285714285714
238,4.863345075500547,6,2.942528112907894,236,48.825734883643236,13,19,0.6842105263157895
236,4.822476629487937,12,5.885056225815788,12,48.825447032163154,15,20,0.75
93,1.9003827395863482,3,1.471264056453947,58,48.800503488581136,25,50,0.5
726,14.835245902577299,4,1.9616854086052626,192,48.789010277648565,3,7,0.42857142857142855
173,3.5351205800907337,16,7.8467416344210505,107,48.74846141229546,18,27,0.6666666666666666
299,6.109832678885141,4,1.9616854086052626,168,48.708322454688485,10,15,0.6666666666666666
208,4.250318385311402,4,1.9616854086052626,0,48.701706028318654,13,23,0.5652173913043478
265,5.415069096670777,3,1.471264056453947,74,48.665349663659896,11,18,0.6111111111111112
275,5.619411326733825,4,1.9616854086052626,14,48.64207062655678,14,17,0.8235294117647058
322,6.579819808030152,3,1.471264056453947,27,48.613937034871675,9,15,0.6
556,11.36142799150548,3,1.471264056453947,529,48.60275995135939,5,8,0.625
359,7.33588605926343,3,1.471264056453947,228,48.58415951481778,7,13,0.5384615384615384
278,5.68071399575274,6,2.942528112907894,274,48.55320661306088,11,16,0.6875
341,6.968070045149943,12,5.885056225815788,6,48.54612163319575,5,14,0.35714285714285715
90,1.8390800705674337,8,3.9233708172105253,44,48.53241950449951,29,51,0.5686274509803921
83,1.6960405095233,16,7.8467416344210505,62,48.51740869128992,27,56,0.48214285714285715
698,14.263087658400764,8,3.9233708172105253,639,48.517258227035676,3,6,0.5
211,4.311621054330317,6,2.942528112907894,187,48.51209652202212,15,22,0.6818181818181818
681,13.915705867293582,8,3.9233708172105253,11,48.483173322281004,3,7,0.42857142857142855
277,5.660279772746435,6,2.942528112907894,2,48.47340666726017,10,17,0.5882352941176471
728,14.876114348589908,3,1.471264056453947,188,48.473125609615785,3,7,0.42857142857142855
72,1.471264056453947,20,9.808427043026313,63,48.438193480483605,36,64,0.5625
272,5.558108657714911,4,1.9616854086052626,10,48.42733028695804,8,17,0.47058823529411764
252,5.149424197588814,3,1.471264056453947,150,48.417971556108164,12,18,0.6666666666666666
675,13.793100529255753,6,2.942528112907894,21,48.40591406774353,4,7,0.5714285714285714
363,7.417622951288649,3,1.471264056453947,212,48.3859270424332,8,13,0.6153846153846154
233,4.761173960469023,8,3.9233708172105253,187,48.38590463726209,9,20,0.45
239,4.883779298506852,4,1.9616854086052626,228,48.36867135278473,11,19,0.5789473684210527
301,6.150701124897751,4,1.9616854086052626,136,48.367463329949196,11,15,0.7333333333333333
557,11.381862214511784,3,1.471264056453947,526,48.363029074993015,5,8,0.625
71,1.4508298334476422,16,7.8467416344210505,25,48.36144080861452,36,65,0.5538461538461539
164,3.3512125730339903,3,1.471264056453947,1,48.325286808563426,16,29,0.5517241379310345
683,13.956574313306191,8,3.9233708172105253,670,48.31355318070877,3,6,0.5
309,6.314174908948189,3,1.471264056453947,119,48.29802110080706,9,15,0.6
281,5.742016664771654,4,1.9616854086052626,259,48.27536192328037,10,16,0.625
302,6.171135347904055,4,1.9616854086052626,151,48.26511960991491,11,15,0.7333333333333333
266,5.435503319677082,3,1.471264056453947,68,48.19968326051024,11,18,0.6111111111111112
682,13.936140090299887,8,3.9233708172105253,670,48.19295423926392,3,6,0.5
127,2.595146321800712,6,2.942528112907894,120,48.123971148331925,21,36,0.5833333333333334
350,7.151978052206687,12,5.885056225815788,315,48.11971860993884,7,13,0.5384615384615384
129,2.6360147678133217,3,1.471264056453947,97,48.067195702500165,18,36,0.5
151,3.0855676739520277,20,9.808427043026313,148,48.034908879663206,19,30,0.6333333333333333
333,6.804596261099505,12,5.885056225815788,53,48.004089350377704,5,14,0.35714285714285715
219,4.475094838380755,4,1.9616854086052626,106,47.98610522698948,13,21,0.6190476190476191
216,4.413792169361841,8,3.9233708172105253,130,47.9318869811839,13,21,0.6190476190476191
179,3.6577259181285626,4,1.9616854086052626,52,47.92653213082421,14,26,0.5384615384615384
686,14.017876982325106,8,3.9233708172105253,659,47.9233883168122,3,6,0.5
81,1.6551720635106904,8,3.9233708172105253,24,47.91311100672062,32,57,0.5614035087719298
156,3.187738788983552,8,3.9233708172105253,78,47.9005259954709,13,30,0.43333333333333335
128,2.615580544807017,4,1.9616854086052626,121,47.87287437955665,20,36,0.5555555555555556
235,4.8020424064816325,8,3.9233708172105253,19,47.85331556223168,15,20,0.75
693,14.16091654336924,8,3.9233708172105253,653,47.84848398238668,3,6,0.5
334,6.82503048410581,12,5.885056225815788,50,47.84032513546333,6,14,0.42857142857142855
310,6.334609131954494,4,1.9616854086052626,114,47.819252429977304,9,15,0.6
304,6.212003793916665,3,1.471264056453947,144,47.81182175293534,10,15,0.6666666666666666
271,5.537674434708606,3,1.471264056453947,18,47.712986441956396,8,18,0.4444444444444444
234,4.781608183475328,8,3.9233708172105253,26,47.709899534152484,14,20,0.7
704,14.385692996438593,3,1.471264056453947,256,47.69450037989303,7,7,1.0
256,5.231161089614034,4,1.9616854086052626,121,47.660232105078464,9,18,0.5
161,3.289909904015076,4,1.9616854086052626,27,47.62586493239584,16,29,0.5517241379310345
558,11.402296437518089,3,1.471264056453947,527,47.614848838989126,5,8,0.625
117,2.390804091737664,20,9.808427043026313,23,47.58497191084308,26,40,0.65
175,3.5759890261033433,20,9.808427043026313,134,47.533724840483785,11,26,0.4230769230769231
92,1.8799485165800434,4,1.9616854086052626,8,47.5152529554735,27,51,0.5294117647058824
215,4.393357946355536,6,2.942528112907894,135,47.49695914474633,13,21,0.6190476190476191
254,5.190292643601424,4,1.9616854086052626,139,47.47990875654952,11,18,0.6111111111111112
117,2.390804091737664,12,5.885056225815788,26,47.47462052673691,25,40,0.625
148,3.0242650049331132,4,1.9616854086052626,16,47.47107257170129,21,32,0.65625
282,5.762450887777959,4,1.9616854086052626,251,47.45705872889958,10,16,0.625
677,13.833968975268363,6,2.942528112907894,21,47.451392451424134,4,7,0.5714285714285714
182,3.719028587147477,4,1.9616854086052626,26,47.44064119239201,15,26,0.5769230769230769
354,7.233714944231906,8,3.9233708172105253,248,47.41015078861122,11,13,0.8461538461538461
218,4.454660615374451,6,2.942528112907894,115,47.35701759279177,11,21,0.5238095238095238
169,3.4533836880655144,12,5.885056225815788,27,47.3187250282971,14,28,0.5
321,6.559385585023847,3,1.471264056453947,39,47.308378391773964,7,15,0.4666666666666667
209,4.270752608317707,4,1.9616854086052626,198,47.27834558345201,14,22,0.6363636363636364
727,14.855680125583604,3,1.471264056453947,190,47.27551827230332,3,7,0.42857142857142855
141,2.8812254438889795,20,9.808427043026313,110,47.27419282921819,20,33,0.6060606060606061
255,5.210726866607729,4,1.9616854086052626,110,47.25738721469568,13,18,0.7222222222222222
159,3.2490414580024662,4,1.9616854086052626,71,47.200498347528004,17,29,0.5862068965517241
298,6.089398455878836,3,1.471264056453947,174,47.19500015742594,9,15,0.6
360,7.356320282269735,3,1.471264056453947,224,47.18095308234775,7,13,0.5384615384615384
356,7.274583390244516,4,1.9616854086052626,240,47.177677646287776,9,13,0.6923076923076923
82,1.6756062865169952,6,2.942528112907894,1,47.14340134846375,31,57,0.543859649122807
210,4.291186831324012,4,1.9616854086052626,194,47.032427979601295,16,22,0.7272727272727273
709,14.487864111470117,3,1.471264056453947,246,46.97801365594623,6,7,0.8571428571428571
177,3.616857472115953,12,5.885056225815788,71,46.93906960726946,17,26,0.6538461538461539
348,7.111109606194077,12,5.885056225815788,299,46.918059419953615,7,13,0.5384615384615384
690,14.099613874350325,8,3.9233708172105253,665,46.906098425415465,3,6,0.5
691,14.12004809735663,8,3.9233708172105253,662,46.90155176415243,3,6,0.5
283,5.782885110784264,4,1.9616854086052626,249,46.89657640915064,10,16,0.625
96,1.9616854086052626,20,9.808427043026313,12,46.89390253556452,25,49,0.5102040816326531
708,14.467429888463812,4,1.9616854086052626,248,46.87492392223027,7,7,1.0
726,14.835245902577299,3,1.471264056453947,200,46.87033800265208,3,7,0.42857142857142855
107,2.1864618616746156,12,5.885056225815788,33,46.808175255096266,25,43,0.5813953488372093
231,4.720305514456413,12,5.885056225815788,212,46.74688455014584,11,20,0.55
699,14.283521881407069,8,3.9233708172105253,636,46.74082014879053,3,6,0.5
163,3.3307783500276855,4,1.9616854086052626,10,46.69865246602877,14,29,0.4827586206896552
273,5.578542880721216,4,1.9616854086052626,2,46.684912933707686,9,17,0.5294117647058824
670,13.690929414224229,6,2.942528112907894,26,46.64077682685878,5,7,0.7142857142857143
332,6.7841620380932,6,2.942528112907894,305,46.61953378776996,7,14,0.5
253,5.169858420595119,3,1.471264056453947,139,46.61720079921626,11,18,0.6111111111111112
176,3.596423249109648,8,3.9233708172105253,80,46.60214506423183,16,26,0.6153846153846154
130,2.6564489908196265,4,1.9616854086052626,84,46.57302345049764,20,35,0.5714285714285714
279,5.7011482187590445,6,2.942528112907894,261,46.571983791938656,12,16,0.75
673,13.752232083243143,6,2.942528112907894,27,46.53147758639058,4,7,0.5714285714285714
695,14.20178498938185,6,2.942528112907894,645,46.515167412931014,3,6,0.5
100,2.043422300630482,20,9.808427043026313,61,46.502346818776466,27,46,0.5869565217391305
181,3.6985943641411723,8,3.9233708172105253,26,46.50077630227526,17,26,0.6538461538461539
151,3.0855676739520277,16,7.8467416344210505,3,46.46759475627928,18,31,0.5806451612903226
132,2.697317436832236,12,5.885056225815788,62,46.45134267229325,15,35,0.42857142857142855
74,1.5121325024665566,16,7.8467416344210505,12,46.427312376260915,39,63,0.6190476190476191
119,2.4316725377502735,20,9.808427043026313,114,46.41706403775696,25,38,0.6578947368421053
166,3.3920810190466,16,7.8467416344210505,139,46.41658877983569,17,28,0.6071428571428571
679,13.874837421280972,6,2.942528112907894,16,46.360933271456105,3,7,0.42857142857142855
103,2.1047249696493964,4,1.9616854086052626,16,46.33377683412034,23,45,0.5111111111111111
155,3.167304565977247,8,3.9233708172105253,114,46.3077798383385,16,30,0.5333333333333333
165,3.371646796040295,4,1.9616854086052626,152,46.291895205149174,15,28,0.5357142857142857
339,6.927201599137334,8,3.9233708172105253,21,46.27977607287557,7,14,0.5
67,1.3690929414224229,16,7.8467416344210505,27,46.240939457453315,38,69,0.5507246376811594
664,13.5683240761864,3,1.471264056453947,305,46.21107534474915,4,7,0.5714285714285714
346,7.070241160181467,12,5.885056225815788,306,46.20825561980684,5,13,0.38461538461538464
149,3.044699227939418,8,3.9233708172105253,25,46.20784981930392,17,31,0.5483870967741935
182,3.719028587147477,3,1.471264056453947,26,46.20349523452622,15,26,0.5769230769230769
135,2.7586201058511506,6,2.942528112907894,21,46.187194769924396,19,35,0.5428571428571428
702,14.344824550425983,6,2.942528112907894,260,46.17745893718524,7,7,1.0
111,2.268198753699835,12,5.885056225815788,77,46.1760799241174,22,42,0.5238095238095238
303,6.19156957091036,3,1.471264056453947,145,46.16784477267544,11,15,0.7333333333333333
337,6.886333153124724,8,3.9233708172105253,21,46.161594760798096,7,14,0.5
274,5.59897710372752,3,1.471264056453947,270,46.14851825870901,11,16,0.6875
95,1.9412511855989578,20,9.808427043026313,27,46.14804633631471,29,49,0.5918367346938775
168,3.4329494650592096,16,7.8467416344210505,27,46.14222951385832,15,28,0.5357142857142857
705,14.406127219444897,4,1.9616854086052626,254,46.13515717021064,7,7,1.0
701,14.324390327419678,8,3.9233708172105253,262,46.04547039613387,7,7,1.0
256,5.231161089614034,3,1.471264056453947,120,46.003227857899844,9,18,0.5
94,1.920816962592653,12,5.885056225815788,41,45.99199164513744,25,49,0.5102040816326531
258,5.272029535626643,3,1.471264056453947,116,45.991513561012354,8,18,0.4444444444444444
121,2.472540983762883,8,3.9233708172105253,90,45.95580042865151,24,38,0.631578947368421
175,3.5759890261033433,12,5.885056225815788,89,45.952956722048285,18,26,0.6923076923076923
106,2.166027638668311,6,2.942528112907894,71,45.908641693042114,28,44,0.6363636363636364
257,5.2515953126203385,6,2.942528112907894,100,45.85446262916095,12,18,0.6666666666666666
212,4.332055277336622,8,3.9233708172105253,157,45.8287657814039,13,22,0.5909090909090909
131,2.6768832138259313,4,1.9616854086052626,67,45.763326322331096,19,35,0.5428571428571428
302,6.171135347904055,3,1.471264056453947,151,45.734352651923544,11,15,0.7333333333333333
283,5.782885110784264,3,1.471264056453947,249,45.727203143483024,10,16,0.625
223,4.556831730405975,12,5.885056225815788,21,45.725107790455404,15,21,0.7142857142857143
678,13.854403198274667,6,2.942528112907894,22,45.71613416250729,3,7,0.42857142857142855
352,7.192846498219296,4,1.9616854086052626,256,45.71287746376097,10,13,0.7692307692307693
105,2.145593415662006,6,2.942528112907894,89,45.659301227032834,31,44,0.7045454545454546
703,14.365258773432288,4,1.9616854086052626,258,45.64047173340953,7,7,1.0
120,2.4521067607565783,8,3.9233708172105253,104,45.60774096435795,23,38,0.6052631578947368
281,5.742016664771654,3,1.471264056453947,259,45.60733576559054,10,16,0.625
692,14.140482320362935,8,3.9233708172105253,657,45.590321504156556,3,6,0.5
140,2.8607912208826747,20,9.808427043026313,121,45.559606327779974,25,33,0.7575757575757576
214,4.372923723349231,12,5.885056225815788,144,45.556703182164796,13,21,0.6190476190476191
79,1.6143036174980807,8,3.9233708172105253,5,45.51753147126551,32,59,0.5423728813559322
301,6.150701124897751,3,1.471264056453947,136,45.51705123356827,11,15,0.7333333333333333
696,14.222219212388154,6,2.942528112907894,643,45.51461236150282,3,6,0.5
338,6.906767376131029,8,3.9233708172105253,21,45.50558506070685,7,14,0.5
276,5.63984554974013,4,1.9616854086052626,5,45.501588616952894,11,17,0.6470588235294118
91,1.8595142935737385,8,3.9233708172105253,21,45.48450526637074,34,51,0.6666666666666666
102,2.0842907466430916,4,1.9616854086052626,30,45.48111909769747,23,46,0.5
140,2.8607912208826747,16,7.8467416344210505,124,45.47070180625438,26,33,0.7878787878787878
128,2.615580544807017,3,1.471264056453947,120,45.46039624581446,20,36,0.5555555555555556
173,3.5351205800907337,20,9.808427043026313,137,45.456820472111126,11,26,0.4230769230769231
254,5.190292643601424,3,1.471264056453947,138,45.43653598427875,11,18,0.6111111111111112
706,14.426561442451202,4,1.9616854086052626,252,45.414848794808854,7,7,1.0
157,3.2081730119898566,6,2.942528112907894,87,45.410194053636026,17,29,0.5862068965517241
353,7.213280721225601,6,2.942528112907894,252,45.284512699954796,11,13,0.8461538461538461
208,4.250318385311402,3,1.471264056453947,0,45.26931371954312,13,23,0.5652173913043478
310,6.334609131954494,3,1.471264056453947,114,45.250573779607194,9,15,0.6
133,2.717751659838541,12,5.885056225815788,44,45.246686634662794,17,35,0.4857142857142857
665,13.588758299192705,4,1.9616854086052626,302,45.2116676228667,3,7,0.42857142857142855
161,3.289909904015076,3,1.471264056453947,27,45.19124394850684,16,29,0.5517241379310345
220,4.49552906138706,4,1.9616854086052626,97,45.186535395859494,11,21,0.5238095238095238
282,5.762450887777959,3,1.471264056453947,251,45.1651105304192,10,16,0.625
239,4.883779298506852,3,1.471264056453947,228,45.10697262057473,11,19,0.5789473684210527
299,6.109832678885141,3,1.471264056453947,167,45.10687535958587,10,15,0.6666666666666666
160,3.269475681008771,4,1.9616854086052626,45,45.08789935713295,14,29,0.4827586206896552
356,7.274583390244516,3,1.471264056453947,240,45.06437908336619,9,13,0.6923076923076923
347,7.090675383187772,12,5.885056225815788,301,45.04115499838454,5,13,0.38461538461538464
700,14.303956104413373,8,3.9233708172105253,264,45.01579160458894,7,7,1.0
173,3.5351205800907337,12,5.885056225815788,107,44.97447066266567,18,27,0.6666666666666666
141,2.8812254438889795,12,5.885056225815788,113,44.91837896715566,19,33,0.5757575757575758
110,2.24776453069353,3,1.471264056453947,97,44.89866641121051,22,42,0.5238095238095238
280,5.721582441765349,4,1.9616854086052626,242,44.887584332951846,11,16,0.6875
667,13.629626745205314,6,2.942528112907894,27,44.81823083208424,5,7,0.7142857142857143
232,4.740739737462718,6,2.942528112907894,201,44.81690905885143,10,20,0.5
228,4.659002845437499,20,9.808427043026313,214,44.79853881728275,7,20,0.35
180,3.6781601411348674,6,2.942528112907894,44,44.76956547443715,16,26,0.6153846153846154
116,2.370369868731359,20,9.808427043026313,77,44.768599747836625,20,40,0.5
351,7.1724122752129915,6,2.942528112907894,305,44.75273762372525,6,13,0.46153846153846156
104,2.125159192655701,4,1.9616854086052626,0,44.751594381423544,25,45,0.5555555555555556
275,5.619411326733825,3,1.471264056453947,14,44.72709206426119,14,17,0.8235294117647058
707,14.446995665457507,4,1.9616854086052626,250,44.71964134275311,7,7,1.0
172,3.514686357084429,12,5.885056225815788,143,44.713251498467464,12,27,0.4444444444444444
697,14.242653435394459,6,2.942528112907894,641,44.69939695477216,3,6,0.5
668,13.65006096821162,4,1.9616854086052626,27,44.688782120369645,5,7,0.7142857142857143
119,2.4316725377502735,12,5.885056225815788,117,44.68175026753084,25,38,0.6578947368421053
156,3.187738788983552,6,2.942528112907894,78,44.67810931558531,13,30,0.43333333333333335
158,3.2286072349961614,4,1.9616854086052626,82,44.649422788943276,17,29,0.5862068965517241
666,13.60919252219901,6,2.942528112907894,37,44.59301333297669,3,7,0.42857142857142855
216,4.413792169361841,6,2.942528112907894,129,44.574188053394145,13,21,0.6190476190476191
233,4.761173960469023,6,2.942528112907894,188,44.565048525946,9,20,0.45
694,14.181350766375544,6,2.942528112907894,649,44.561253808895145,3,6,0.5
345,7.049806937175163,12,5.885056225815788,311,44.55588769458547,5,13,0.38461538461538464
708,14.467429888463812,3,1.471264056453947,248,44.53865362769215,7,7,1.0
278,5.68071399575274,4,1.9616854086052626,270,44.48766815973833,11,16,0.6875
237,4.842910852494242,4,1.9616854086052626,5,44.47913763733252,13,20,0.65
669,13.670495191217924,4,1.9616854086052626,25,44.466669361279905,5,7,0.7142857142857143
685,13.997442759318801,6,2.942528112907894,664,44.41192843007085,3,6,0.5
219,4.475094838380755,3,1.471264056453947,106,44.36787211953287,13,21,0.6190476190476191
335,6.845464707112114,12,5.885056225815788,45,44.34695283024019,6,14,0.42857142857142855
109,2.2273303076872253,6,2.942528112907894,6,44.33145124667457,21,43,0.4883720930232558
255,5.210726866607729,3,1.471264056453947,110,44.24476542885098,13,18,0.7222222222222222
152,3.1060018969583325,20,9.808427043026313,139,44.23079720978167,16,30,0.5333333333333333
277,5.660279772746435,4,1.9616854086052626,2,44.223286369805095,10,17,0.5882352941176471
703,14.365258773432288,3,1.471264056453947,258,44.20677318570602,7,7,1.0
336,6.865898930118419,8,3.9233708172105253,27,44.1861704424705,7,14,0.5
209,4.270752608317707,3,1.471264056453947,197,44.10000893362528,14,22,0.6363636363636364
103,2.1047249696493964,3,1.471264056453947,16,44.0940761124742,23,45,0.5111111111111111
352,7.192846498219296,3,1.471264056453947,256,44.07671746868427,10,13,0.7692307692307693
72,1.471264056453947,16,7.8467416344210505,63,44.06850501635501,37,64,0.578125
130,2.6564489908196265,3,1.471264056453947,84,44.06163850410198,20,35,0.5714285714285714
688,14.058745428337716,8,3.9233708172105253,672,44.0317264769278,3,6,0.5
217,4.434226392368146,4,1.9616854086052626,123,44.02950047071447,11,21,0.5238095238095238
684,13.977008536312496,6,2.942528112907894,666,43.91829428774565,3,6,0.5
96,1.9616854086052626,16,7.8467416344210505,12,43.89436421871584,26,49,0.5306122448979592
142,2.9016596668952843,4,1.9616854086052626,102,43.88772279430859,15,32,0.46875
80,1.6347378405043855,8,3.9233708172105253,53,43.861715153161505,33,58,0.5689655172413793
235,4.8020424064816325,6,2.942528112907894,19,43.84782312262975,15,20,0.75
150,3.065133450945723,6,2.942528112907894,14,43.84583052289672,21,31,0.6774193548387096
210,4.291186831324012,3,1.471264056453947,194,43.8371166746671,16,22,0.7272727272727273
101,2.0638565236367867,8,3.9233708172105253,43,43.792169676194575,30,46,0.6521739130434783
680,13.895271644287277,6,2.942528112907894,674,43.79193226275733,3,6,0.5
687,14.03831120533141,8,3.9233708172105253,675,43.74580754375952,3,6,0.5
88,1.798211624554824,16,7.8467416344210505,80,43.67876362350879,30,52,0.5769230769230769
343,7.008938491162553,8,3.9233708172105253,321,43.640807994017216,4,13,0.3076923076923077
92,1.8799485165800434,3,1.471264056453947,8,43.580044938532254,27,51,0.5294117647058824
165,3.371646796040295,3,1.471264056453947,152,43.57388335158247,15,28,0.5357142857142857
300,6.130266901891446,4,1.9616854086052626,140,43.5729126782784,12,15,0.8
172,3.514686357084429,20,9.808427043026313,144,43.53293769069923,10,27,0.37037037037037035
108,2.2068960846809205,4,1.9616854086052626,22,43.51643683595197,23,43,0.5348837209302325
81,1.6551720635106904,6,2.942528112907894,24,43.47823452611041,32,57,0.5614035087719298
222,4.53639750739967,8,3.9233708172105253,77,43.47235871429194,12,21,0.5714285714285714
705,14.406127219444897,3,1.471264056453947,254,43.4526170354335,7,7,1.0
151,3.0855676739520277,12,5.885056225815788,3,43.45185588235017,18,31,0.5806451612903226
698,14.263087658400764,6,2.942528112907894,638,43.41365124994305,3,6,0.5
127,2.595146321800712,4,1.9616854086052626,1,43.380438312467874,21,37,0.5675675675675675
354,7.233714944231906,6,2.942528112907894,248,43.36076810029785,11,13,0.8461538461538461
349,7.131543829200382,8,3.9233708172105253,292,43.32462472499362,6,13,0.46153846153846156
170,3.4738179110718193,8,3.9233708172105253,24,43.32344611659543,12,28,0.42857142857142855
100,2.043422300630482,12,5.885056225815788,64,43.317206706536005,30,46,0.6521739130434783
211,4.311621054330317,4,1.9616854086052626,187,43.26553645953053,15,22,0.6818181818181818
665,13.588758299192705,3,1.471264056453947,302,43.23962760067347,3,7,0.42857142857142855
355,7.254149167238211,4,1.9616854086052626,244,43.23870349594823,9,13,0.6923076923076923
176,3.596423249109648,6,2.942528112907894,80,43.233860777193755,16,26,0.6153846153846154
276,5.63984554974013,3,1.471264056453947,5,43.21522429457901,11,17,0.6470588235294118
179,3.6577259181285626,3,1.471264056453947,52,43.210957900547946,14,26,0.5384615384615384
226,4.618134399424889,12,5.885056225815788,20,43.17378278018476,10,21,0.47619047619047616
221,4.515963284393365,4,1.9616854086052626,87,43.12950555083907,12,21,0.5714285714285714
90,1.8390800705674337,6,2.942528112907894,44,43.11793364085367,29,51,0.5686274509803921
149,3.044699227939418,6,2.942528112907894,25,43.098935975722625,17,31,0.5483870967741935
681,13.915705867293582,6,2.942528112907894,672,43.09761346316507,3,6,0.5
706,14.426561442451202,3,1.471264056453947,252,43.09663502129825,7,7,1.0
238,4.863345075500547,4,1.9616854086052626,236,43.0842016124957,13,19,0.6842105263157895
234,4.781608183475328,6,2.942528112907894,26,43.06419326549541,14,20,0.7
102,2.0842907466430916,3,1.471264056453947,30,43.04138175585436,23,46,0.5
236,4.822476629487937,8,3.9233708172105253,12,43.01841501105079,16,20,0.8
148,3.0242650049331132,3,1.471264056453947,16,43.01002383748848,21,32,0.65625
171,3.494252134078124,12,5.885056225815788,156,42.99483751140156,14,27,0.5185185185185185
174,3.5555548030970385,20,9.808427043026313,125,42.97902440594135,11,26,0.4230769230769231
699,14.283521881407069,6,2.942528112907894,266,42.96749961888877,7,7,1.0
89,1.818645847561129,4,1.9616854086052626,62,42.93060236769426,29,52,0.5576923076923077
672,13.731797860236838,4,1.9616854086052626,22,42.92850123818278,5,7,0.7142857142857143
159,3.2490414580024662,3,1.471264056453947,71,42.92287311478364,17,29,0.5862068965517241
212,4.332055277336622,6,2.942528112907894,158,42.91722032326687,13,22,0.5909090909090909
683,13.956574313306191,6,2.942528112907894,670,42.86283501205071,3,6,0.5
344,7.029372714168858,8,3.9233708172105253,315,42.855568274562216,4,13,0.3076923076923077
671,13.711363637230534,4,1.9616854086052626,27,42.853180658477754,4,7,0.5714285714285714
84,1.7164747325296048,20,9.808427043026313,36,42.83344301035499,31,55,0.5636363636363636
225,4.597700176418584,8,3.9233708172105253,21,42.79721457267246,12,21,0.5714285714285714
152,3.1060018969583325,16,7.8467416344210505,139,42.77371328922736,16,30,0.5333333333333333
213,4.3524895003429265,8,3.9233708172105253,167,42.77180947474208,12,21,0.5714285714285714
218,4.454660615374451,4,1.9616854086052626,114,42.71892974176378,13,21,0.6190476190476191
178,3.637291695122258,4,1.9616854086052626,62,42.710785000706046,15,26,0.5769230769230769
272,5.558108657714911,3,1.471264056453947,8,42.70799402859069,9,18,0.5
279,5.7011482187590445,4,1.9616854086052626,261,42.6503886299574,12,16,0.75
230,4.699871291450108,12,5.885056225815788,226,42.56585673340657,9,20,0.45
668,13.65006096821162,3,1.471264056453947,27,42.55685535357043,5,7,0.7142857142857143
131,2.6768832138259313,3,1.471264056453947,67,42.548518480350076,19,35,0.5428571428571428
91,1.8595142935737385,6,2.942528112907894,22,42.54567383185582,33,51,0.6470588235294118
273,5.578542880721216,3,1.471264056453947,1,42.453989817456645,9,17,0.5294117647058824
332,6.7841620380932,4,1.9616854086052626,305,42.3998607261064,7,14,0.5
215,4.393357946355536,4,1.9616854086052626,135,42.3841217928777,13,21,0.6190476190476191
134,2.7381858828448458,8,3.9233708172105253,27,42.34965190055005,23,35,0.6571428571428571
229,4.679437068443804,20,9.808427043026313,207,42.3211951920693,7,20,0.35
278,5.68071399575274,3,1.471264056453947,274,42.29539893369216,11,16,0.6875
682,13.936140090299887,6,2.942528112907894,669,42.24609937720207,3,6,0.5
83,1.6960405095233,12,5.885056225815788,62,42.242602140354855,27,56,0.48214285714285715
181,3.6985943641411723,6,2.942528112907894,26,42.22665205402424,17,26,0.6538461538461539
118,2.4112383147439687,8,3.9233708172105253,12,42.21612467047715,29,40,0.725
689,14.07917965134402,8,3.9233708172105253,669,42.1840853539642,4,6,0.6666666666666666
701,14.324390327419678,6,2.942528112907894,262,42.168726874888996,7,7,1.0
140,2.8607912208826747,12,5.885056225815788,124,42.15101214901212,26,33,0.7878787878787878
224,4.5772659534122795,12,5.885056225815788,21,42.150501872049645,13,21,0.6190476190476191
167,3.412515242052905,20,9.808427043026313,134,42.14001468963133,17,27,0.6296296296296297
227,4.638568622431194,16,7.8467416344210505,226,42.125422308962584,9,20,0.45
350,7.151978052206687,8,3.9233708172105253,264,42.124434940349936,10,13,0.7692307692307693
676,13.813534752262058,4,1.9616854086052626,21,42.07793282371107,4,7,0.5714285714285714
220,4.49552906138706,3,1.471264056453947,97,42.040083623913056,11,21,0.5238095238095238
707,14.446995665457507,3,1.471264056453947,250,41.99872213820207,7,7,1.0
163,3.3307783500276855,3,1.471264056453947,8,41.990945579437444,14,29,0.4827586206896552
82,1.6756062865169952,4,1.9616854086052626,1,41.96906324777108,31,57,0.543859649122807
94,1.920816962592653,8,3.9233708172105253,41,41.89240721500067,25,49,0.5102040816326531
674,13.772666306249448,4,1.9616854086052626,27,41.84346737742254,4,7,0.5714285714285714
166,3.3920810190466,12,5.885056225815788,139,41.79215911527668,17,28,0.6071428571428571
280,5.721582441765349,3,1.471264056453947,243,41.79077246337496,11,16,0.6875
120,2.4521067607565783,6,2.942528112907894,104,41.75090111954669,23,38,0.6052631578947368
71,1.4508298334476422,12,5.885056225815788,25,41.72453907756712,36,65,0.5538461538461539
237,4.842910852494242,3,1.471264056453947,5,41.6866736005233,13,20,0.65
686,14.017876982325106,6,2.942528112907894,659,41.682369603834125,3,6,0.5
78,1.593869394491776,8,3.9233708172105253,26,41.66131454628076,35,60,0.5833333333333334
257,5.2515953126203385,4,1.9616854086052626,111,41.641594435045626,10,18,0.5555555555555556
342,6.988504268156248,8,3.9233708172105253,327,41.61219091171392,6,13,0.46153846153846156
333,6.804596261099505,8,3.9233708172105253,306,41.598006300569054,7,13,0.5384615384615384
106,2.166027638668311,4,1.9616854086052626,71,41.59219077204463,28,44,0.6363636363636364
277,5.660279772746435,3,1.471264056453947,2,41.587461895044875,10,17,0.5882352941176471
238,4.863345075500547,3,1.471264056453947,236,41.56429142123466,13,19,0.6842105263157895
177,3.616857472115953,8,3.9233708172105253,71,41.492826125008456,18,26,0.6923076923076923
74,1.5121325024665566,12,5.885056225815788,13,41.47572920969704,42,63,0.6666666666666666
211,4.311621054330317,3,1.471264056453947,187,41.45929058817933,15,22,0.6818181818181818
158,3.2286072349961614,3,1.471264056453947,84,41.37465340686607,18,29,0.6206896551724138
700,14.303956104413373,6,2.942528112907894,264,41.35102239592201,7,7,1.0
155,3.167304565977247,6,2.942528112907894,114,41.31540999536466,16,30,0.5333333333333333
340,6.9476358221436385,8,3.9233708172105253,12,41.29928826729069,7,14,0.5
671,13.711363637230534,3,1.471264056453947,27,41.290945939613984,4,7,0.5714285714285714
65,1.3282244954098132,16,7.8467416344210505,39,41.26780798064204,39,71,0.5492957746478874
107,2.1864618616746156,8,3.9233708172105253,33,41.217208286662654,26,43,0.6046511627906976
231,4.720305514456413,8,3.9233708172105253,211,41.17675698385509,11,20,0.55
104,2.125159192655701,3,1.471264056453947,0,41.15409009440789,25,45,0.5555555555555556
121,2.472540983762883,6,2.942528112907894,91,41.13766002962989,25,38,0.6578947368421053
152,3.1060018969583325,12,5.885056225815788,139,41.06475499522283,17,30,0.5666666666666667
79,1.6143036174980807,6,2.942528112907894,4,41.032821777921704,30,59,0.5084745762711864
217,4.434226392368146,3,1.471264056453947,121,41.01640238904319,11,21,0.5238095238095238
141,2.8812254438889795,8,3.9233708172105253,112,41.004625835500924,20,33,0.6060606060606061
300,6.130266901891446,3,1.471264056453947,160,40.968889065450895,11,15,0.7333333333333333
160,3.269475681008771,3,1.471264056453947,44,40.95985985928274,15,29,0.5172413793103449
88,1.798211624554824,12,5.885056225815788,80,40.92168149002612,30,52,0.5769230769230769
702,14.344824550425983,4,1.9616854086052626,260,40.86591349918072,7,7,1.0
178,3.637291695122258,3,1.471264056453947,62,40.8530526248004,15,26,0.5769230769230769
89,1.818645847561129,3,1.471264056453947,62,40.81526991132846,29,52,0.5576923076923077
167,3.412515242052905,16,7.8467416344210505,134,40.81060090768376,17,27,0.6296296296296297
80,1.6347378405043855,6,2.942528112907894,53,40.76706031335032,33,58,0.5689655172413793
216,4.413792169361841,4,1.9616854086052626,130,40.71924123778396,13,21,0.6190476190476191
675,13.793100529255753,4,1.9616854086052626,21,40.64275410828875,4,7,0.5714285714285714
690,14.099613874350325,6,2.942528112907894,665,40.59947952702366,3,6,0.5
228,4.659002845437499,16,7.8467416344210505,214,40.56437470819789,8,20,0.4
355,7.254149167238211,3,1.471264056453947,244,40.46199910261287,9,13,0.6923076923076923
53,1.0830138193341554,20,9.808427043026313,18,40.45668557409871,51,88,0.5795454545454546
670,13.690929414224229,4,1.9616854086052626,25,40.448663061268206,5,7,0.7142857142857143
173,3.5351205800907337,8,3.9233708172105253,107,40.43603368227386,18,27,0.6666666666666666
337,6.886333153124724,6,2.942528112907894,21,40.41120226753826,7,14,0.5
687,14.03831120533141,6,2.942528112907894,675,40.39259934363377,3,6,0.5
142,2.9016596668952843,3,1.471264056453947,102,40.37696392465914,15,32,0.46875
214,4.372923723349231,8,3.9233708172105253,142,40.34509485790754,13,21,0.6190476190476191
693,14.16091654336924,6,2.942528112907894,653,40.33912226339117,3,6,0.5
669,13.670495191217924,3,1.471264056453947,25,40.33046379795154,5,7,0.7142857142857143
156,3.187738788983552,4,1.9616854086052626,78,40.30222176564238,13,30,0.43333333333333335
332,6.7841620380932,3,1.471264056453947,305,40.27682102803327,7,14,0.5
108,2.2068960846809205,3,1.471264056453947,22,40.26170246717256,23,43,0.5348837209302325
116,2.370369868731359,16,7.8467416344210505,77,40.24938989853996,20,40,0.5
257,5.2515953126203385,3,1.471264056453947,110,40.229846571238866,10,18,0.5555555555555556
691,14.12004809735663,6,2.942528112907894,661,40.19891170841897,3,6,0.5
117,2.390804091737664,8,3.9233708172105253,26,40.173260872179256,25,40,0.625
127,2.595146321800712,3,1.471264056453947,1,40.160092652948684,21,37,0.5675675675675675
673,13.752232083243143,4,1.9616854086052626,27,40.130778136854566,4,7,0.5714285714285714
341,6.968070045149943,8,3.9233708172105253,6,40.101387680290216,5,14,0.35714285714285715
279,5.7011482187590445,3,1.471264056453947,260,40.09420371917725,12,16,0.75
157,3.2081730119898566,4,1.9616854086052626,89,40.083856624563694,17,29,0.5862068965517241
349,7.131543829200382,6,2.942528112907894,268,40.06311574834684,10,13,0.7692307692307693
135,2.7586201058511506,4,1.9616854086052626,21,40.03163795525186,19,35,0.5428571428571428
105,2.145593415662006,4,1.9616854086052626,89,40.00923943097256,31,44,0.7045454545454546
677,13.833968975268363,4,1.9616854086052626,21,40.00820060024795,4,7,0.5714285714285714
212,4.332055277336622,4,1.9616854086052626,177,39.93138033595274,15,22,0.6818181818181818
67,1.3690929414224229,12,5.885056225815788,27,39.92335904983649,38,69,0.5507246376811594
678,13.854403198274667,4,1.9616854086052626,22,39.880815697201776,3,7,0.42857142857142855
702,14.344824550425983,3,1.471264056453947,260,39.85704874695144,7,7,1.0
353,7.213280721225601,4,1.9616854086052626,252,39.81867390634989,11,13,0.8461538461538461
692,14.140482320362935,6,2.942528112907894,659,39.74309124789076,3,6,0.5
65,1.3282244954098132,12,5.885056225815788,39,39.73556329178638,39,71,0.5492957746478874
132,2.697317436832236,8,3.9233708172105253,62,39.61118270181629,17,35,0.4857142857142857
674,13.772666306249448,3,1.471264056453947,27,39.59127658957082,4,7,0.5714285714285714
695,14.20178498938185,4,1.9616854086052626,645,39.57131797562999,3,6,0.5
176,3.596423249109648,4,1.9616854086052626,80,39.568824865113726,16,26,0.6153846153846154
101,2.0638565236367867,6,2.942528112907894,43,39.511484665403415,30,46,0.6521739130434783
232,4.740739737462718,4,1.9616854086052626,200,39.50704429973966,10,20,0.5
346,7.070241160181467,8,3.9233708172105253,304,39.48326513327027,5,13,0.38461538461538464
667,13.629626745205314,4,1.9616854086052626,305,39.47448468729125,4,7,0.5714285714285714
688,14.058745428337716,6,2.942528112907894,672,39.47121427421838,3,6,0.5
170,3.4738179110718193,6,2.942528112907894,24,39.454751847247444,12,28,0.42857142857142855
149,3.044699227939418,4,1.9616854086052626,25,39.42168842291163,17,31,0.5483870967741935
95,1.9412511855989578,16,7.8467416344210505,27,39.416095252153156,30,49,0.6122448979591837
218,4.454660615374451,3,1.471264056453947,114,39.393435241324255,13,21,0.6190476190476191
221,4.515963284393365,3,1.471264056453947,87,39.39072404784498,12,21,0.5714285714285714
339,6.927201599137334,6,2.942528112907894,21,39.36494104070153,7,14,0.5
338,6.906767376131029,6,2.942528112907894,21,39.309385351340715,7,14,0.5
233,4.761173960469023,4,1.9616854086052626,187,39.27976494932078,9,20,0.45
333,6.804596261099505,6,2.942528112907894,307,39.24890526320302,7,13,0.5384615384615384
154,3.146870342970942,20,9.808427043026313,101,39.14305090465886,17,30,0.5666666666666667
107,2.1864618616746156,6,2.942528112907894,33,39.06779534735205,26,43,0.6046511627906976
236,4.822476629487937,6,2.942528112907894,12,39.05544251617117,16,20,0.8
53,1.0830138193341554,16,7.8467416344210505,21,39.041233073257594,52,88,0.5909090909090909
175,3.5759890261033433,8,3.9233708172105253,89,38.98605266357839,19,26,0.7307692307692307
96,1.9616854086052626,12,5.885056225815788,7,38.986008229423064,29,49,0.5918367346938775
109,2.2273303076872253,4,1.9616854086052626,5,38.96999395510671,24,43,0.5581395348837209
343,7.008938491162553,6,2.942528112907894,321,38.961093673827634,4,13,0.3076923076923077
348,7.111109606194077,8,3.9233708172105253,272,38.95821874140669,10,13,0.7692307692307693
151,3.0855676739520277,8,3.9233708172105253,3,38.901666271914316,18,31,0.5806451612903226
111,2.268198753699835,8,3.9233708172105253,77,38.898411979138025,22,42,0.5238095238095238
679,13.874837421280972,4,1.9616854086052626,16,38.879850429147425,3,7,0.42857142857142855
82,1.6756062865169952,3,1.471264056453947,1,38.85347557326714,31,57,0.543859649122807
85,1.7369089555359096,20,9.808427043026313,21,38.82905979491312,29,55,0.5272727272727272
222,4.53639750739967,6,2.942528112907894,80,38.82296820513633,12,21,0.5714285714285714
666,13.60919252219901,4,1.9616854086052626,308,38.80202869454675,4,7,0.5714285714285714
119,2.4316725377502735,8,3.9233708172105253,117,38.761507893964605,25,38,0.6578947368421053
334,6.82503048410581,8,3.9233708172105253,302,38.757513994697874,7,13,0.5384615384615384
152,3.1060018969583325,8,3.9233708172105253,143,38.6456624763053,18,30,0.6
133,2.717751659838541,8,3.9233708172105253,47,38.6390195239747,18,35,0.5142857142857142
696,14.222219212388154,4,1.9616854086052626,642,38.615173217398215,3,6,0.5
216,4.413792169361841,3,1.471264056453947,130,38.60881504136551,13,21,0.6190476190476191
212,4.332055277336622,3,1.471264056453947,177,38.562592540000104,15,22,0.6818181818181818
84,1.7164747325296048,16,7.8467416344210505,37,38.5607915087941,31,55,0.5636363636363636
88,1.798211624554824,20,9.808427043026313,77,38.55239604084844,28,52,0.5384615384615384
699,14.283521881407069,4,1.9616854086052626,266,38.48943863731455,7,7,1.0
698,14.263087658400764,4,1.9616854086052626,268,38.48573800939996,7,7,1.0
167,3.412515242052905,12,5.885056225815788,135,38.48237042132668,17,27,0.6296296296296297
215,4.393357946355536,3,1.471264056453947,135,38.468020689923996,13,21,0.6190476190476191
672,13.731797860236838,3,1.471264056453947,22,38.4561075221947,5,7,0.7142857142857143
213,4.3524895003429265,6,2.942528112907894,167,38.43717491313446,12,21,0.5714285714285714
106,2.166027638668311,3,1.471264056453947,71,38.42824250981331,28,44,0.6363636363636364
134,2.7381858828448458,6,2.942528112907894,27,38.42001457494129,23,35,0.6571428571428571
351,7.1724122752129915,4,1.9616854086052626,306,38.39758261781199,6,13,0.46153846153846156
63,1.2873560493972036,20,9.808427043026313,23,38.370864697597014,39,74,0.527027027027027
168,3.4329494650592096,12,5.885056225815788,27,38.35309794671052,15,28,0.5357142857142857
676,13.813534752262058,3,1.471264056453947,21,38.32111552887906,4,7,0.5714285714285714
234,4.781608183475328,4,1.9616854086052626,26,38.23691239055976,14,20,0.7
153,3.1264361199646373,20,9.808427043026313,112,38.15678965660892,19,30,0.6333333333333333
350,7.151978052206687,6,2.942528112907894,264,38.06097121682728,10,13,0.7692307692307693
684,13.977008536312496,4,1.9616854086052626,667,38.05654442727349,3,6,0.5
176,3.596423249109648,3,1.471264056453947,80,38.046369754520704,16,26,0.6153846153846154
229,4.679437068443804,16,7.8467416344210505,198,38.03365516004001,8,20,0.4
174,3.5555548030970385,16,7.8467416344210505,130,38.01194554310565,12,26,0.46153846153846156
697,14.242653435394459,4,1.9616854086052626,641,37.98954556627227,3,6,0.5
214,4.372923723349231,6,2.942528112907894,141,37.963886012027515,13,21,0.6190476190476191
91,1.8595142935737385,4,1.9616854086052626,22,37.92820690611786,33,51,0.6470588235294118
685,13.997442759318801,4,1.9616854086052626,664,37.922488128978046,3,6,0.5
72,1.471264056453947,12,5.885056225815788,63,37.89243742453481,37,64,0.578125
354,7.233714944231906,4,1.9616854086052626,248,37.89209328673823,11,13,0.8461538461538461
81,1.6551720635106904,4,1.9616854086052626,27,37.86697029980468,31,57,0.543859649122807
694,14.181350766375544,4,1.9616854086052626,649,37.8538827173722,3,6,0.5
675,13.793100529255753,3,1.471264056453947,26,37.821340747305996,4,7,0.5714285714285714
150,3.065133450945723,4,1.9616854086052626,12,37.8111698289679,21,31,0.6774193548387096
154,3.146870342970942,16,7.8467416344210505,101,37.77770547131025,17,30,0.5666666666666667
94,1.920816962592653,6,2.942528112907894,41,37.77400651591055,25,49,0.5102040816326531
139,2.84035699787637,16,7.8467416344210505,135,37.76551445359996,26,33,0.7878787878787878
667,13.629626745205314,3,1.471264056453947,27,37.76314577072003,5,7,0.7142857142857143
169,3.4533836880655144,8,3.9233708172105253,27,37.723106039968826,14,28,0.5
152,3.1060018969583325,6,2.942528112907894,144,37.72029043537886,17,30,0.5666666666666667
673,13.752232083243143,3,1.471264056453947,27,37.717495298408096,4,7,0.5714285714285714
88,1.798211624554824,8,3.9233708172105253,80,37.71059641952287,30,52,0.5769230769230769
234,4.781608183475328,3,1.471264056453947,26,37.673442868622196,14,20,0.7
180,3.6781601411348674,4,1.9616854086052626,42,37.60566477179158,15,26,0.5769230769230769
353,7.213280721225601,3,1.471264056453947,252,37.60449888682145,11,13,0.8461538461538461
181,3.6985943641411723,4,1.9616854086052626,26,37.58426884646987,17,26,0.6538461538461539
231,4.720305514456413,6,2.942528112907894,211,37.56474187486882,11,20,0.55
336,6.865898930118419,6,2.942528112907894,27,37.546500575490576,7,14,0.5
177,3.616857472115953,6,2.942528112907894,71,37.53889977406721,18,26,0.6923076923076923
225,4.597700176418584,6,2.942528112907894,21,37.537722374519575,12,21,0.5714285714285714
235,4.8020424064816325,4,1.9616854086052626,19,37.523762794955054,15,20,0.75
118,2.4112383147439687,6,2.942528112907894,12,37.51269599514537,29,40,0.725
155,3.167304565977247,4,1.9616854086052626,114,37.47667498245674,16,30,0.5333333333333333
157,3.2081730119898566,3,1.471264056453947,69,37.40340421819707,12,30,0.4
698,14.263087658400764,3,1.471264056453947,268,37.38918788426627,7,7,1.0
699,14.283521881407069,3,1.471264056453947,266,37.36906240859291,7,7,1.0
173,3.5351205800907337,6,2.942528112907894,107,37.25928437455448,18,27,0.6666666666666666
141,2.8812254438889795,6,2.942528112907894,112,37.19279476101487,20,33,0.6060606060606061
683,13.956574313306191,4,1.9616854086052626,668,37.173397316012604,3,6,0.5
149,3.044699227939418,3,1.471264056453947,25,37.164620554548975,17,31,0.5483870967741935
156,3.187738788983552,3,1.471264056453947,78,37.12617136454756,13,30,0.43333333333333335
100,2.043422300630482,8,3.9233708172105253,64,37.1224452848055,30,46,0.6521739130434783
681,13.915705867293582,4,1.9616854086052626,673,37.092275134495736,3,6,0.5
689,14.07917965134402,6,2.942528112907894,669,37.0892922033,4,6,0.6666666666666666
227,4.638568622431194,12,5.885056225815788,223,37.05116030855677,9,20,0.45
60,1.2260533803782891,20,9.808427043026313,17,37.028980880475196,42,77,0.5454545454545454
701,14.324390327419678,4,1.9616854086052626,262,36.99997520579969,7,7,1.0
334,6.82503048410581,6,2.942528112907894,302,36.968284601107804,7,13,0.5384615384615384
670,13.690929414224229,3,1.471264056453947,26,36.933188064446085,5,7,0.7142857142857143
680,13.895271644287277,4,1.9616854086052626,674,36.9038116887733,3,6,0.5
695,14.20178498938185,3,1.471264056453947,274,36.84248755169321,6,7,0.8571428571428571
228,4.659002845437499,12,5.885056225815788,214,36.81665014925694,8,20,0.4
78,1.593869394491776,6,2.942528112907894,26,36.80556293218782,35,60,0.5833333333333334
700,14.303956104413373,4,1.9616854086052626,264,36.80358074839902,7,7,1.0
348,7.111109606194077,6,2.942528112907894,272,36.79952519375764,10,13,0.7692307692307693
223,4.556831730405975,8,3.9233708172105253,21,36.787464887217475,16,21,0.7619047619047619
140,2.8607912208826747,8,3.9233708172105253,124,36.714732590503594,26,33,0.7878787878787878
90,1.8390800705674337,4,1.9616854086052626,24,36.70853647496327,29,52,0.5576923076923077
80,1.6347378405043855,4,1.9616854086052626,53,36.69928238620261,33,58,0.5689655172413793
345,7.049806937175163,8,3.9233708172105253,309,36.69523170535458,5,13,0.38461538461538464
666,13.60919252219901,3,1.471264056453947,308,36.56130280314627,4,7,0.5714285714285714
346,7.070241160181467,6,2.942528112907894,304,36.51623574242811,5,13,0.38461538461538464
341,6.968070045149943,6,2.942528112907894,5,36.48824872053022,5,14,0.35714285714285715
139,2.84035699787637,12,5.885056225815788,135,36.45895957459992,26,33,0.7878787878787878
79,1.6143036174980807,4,1.9616854086052626,3,36.44961712052669,30,59,0.5084745762711864
682,13.936140090299887,4,1.9616854086052626,668,36.44824832987034,3,6,0.5
120,2.4521067607565783,4,1.9616854086052626,104,36.430425839920815,23,38,0.6052631578947368
105,2.145593415662006,3,1.471264056453947,89,36.392416138539545,31,44,0.7045454545454546
344,7.029372714168858,6,2.942528112907894,315,36.385729849013394,4,13,0.3076923076923077
166,3.3920810190466,8,3.9233708172105253,139,36.346509787894185,17,28,0.6071428571428571
117,2.390804091737664,6,2.942528112907894,26,36.342325592378316,25,40,0.625
63,1.2873560493972036,16,7.8467416344210505,24,36.3134381954943,40,74,0.5405405405405406
116,2.370369868731359,12,5.885056225815788,82,36.24357869551755,21,40,0.525
73,1.4916982794602518,16,7.8467416344210505,34,36.216537777171645,38,64,0.59375
107,2.1864618616746156,4,1.9616854086052626,33,36.071926617729346,26,43,0.6046511627906976
136,2.7790543288574554,16,7.8467416344210505,127,36.03935876842189,18,34,0.5294117647058824
347,7.090675383187772,8,3.9233708172105253,313,36.03647109154671,6,13,0.46153846153846156
677,13.833968975268363,3,1.471264056453947,21,35.97459055347273,4,7,0.5714285714285714
109,2.2273303076872253,3,1.471264056453947,5,35.96470248985586,24,43,0.5581395348837209
67,1.3690929414224229,8,3.9233708172105253,27,35.961295832332695,39,69,0.5652173913043478
155,3.167304565977247,3,1.471264056453947,114,35.938365959824125,16,30,0.5333333333333333
174,3.5555548030970385,12,5.885056225815788,98,35.90459545199554,18,27,0.6666666666666666
153,3.1264361199646373,16,7.8467416344210505,111,35.88362043950045,20,30,0.6666666666666666
121,2.472540983762883,4,1.9616854086052626,91,35.815286162038134,25,38,0.6578947368421053
224,4.5772659534122795,8,3.9233708172105253,21,35.81447786927668,13,21,0.6190476190476191
132,2.697317436832236,6,2.942528112907894,62,35.81430100216234,17,35,0.4857142857142857
678,13.854403198274667,3,1.471264056453947,22,35.81384093922169,3,7,0.42857142857142855
349,7.131543829200382,4,1.9616854086052626,268,35.76238261907067,10,13,0.7692307692307693
180,3.6781601411348674,3,1.471264056453947,41,35.71357448437377,15,26,0.5769230769230769
112,2.2886329767061397,20,9.808427043026313,27,35.71105621597824,22,42,0.5238095238095238
135,2.7586201058511506,3,1.471264056453947,21,35.70541219930817,19,35,0.5428571428571428
354,7.233714944231906,3,1.471264056453947,248,35.66806731584176,11,13,0.8461538461538461
233,4.761173960469023,3,1.471264056453947,186,35.63896204130429,9,20,0.45
152,3.1060018969583325,4,1.9616854086052626,144,35.623033014588714,17,30,0.5666666666666667
53,1.0830138193341554,12,5.885056225815788,21,35.575298582348836,52,88,0.5909090909090909
333,6.804596261099505,4,1.9616854086052626,307,35.54741253892974,7,13,0.5384615384615384
232,4.740739737462718,3,1.471264056453947,200,35.5245658557219,10,20,0.5
153,3.1264361199646373,12,5.885056225815788,134,35.442097644983505,17,30,0.5666666666666667
170,3.4738179110718193,4,1.9616854086052626,24,35.42681792232607,12,28,0.42857142857142855
697,14.242653435394459,3,1.471264056453947,270,35.3685573308615,7,7,1.0
151,3.0855676739520277,6,2.942528112907894,3,35.316479201793825,18,31,0.5806451612903226
88,1.798211624554824,6,2.942528112907894,80,35.289119025110274,30,52,0.5769230769230769
154,3.146870342970942,12,5.885056225815788,101,35.28037410752026,17,30,0.5666666666666667
351,7.1724122752129915,3,1.471264056453947,260,35.27880450438079,10,13,0.7692307692307693
340,6.9476358221436385,6,2.942528112907894,11,35.27624073943861,7,14,0.5
150,3.065133450945723,3,1.471264056453947,11,35.27086356499223,21,31,0.6774193548387096
133,2.717751659838541,6,2.942528112907894,48,35.2122941589042,17,35,0.4857142857142857
700,14.303956104413373,3,1.471264056453947,264,35.19379149343469,7,7,1.0
181,3.6985943641411723,3,1.471264056453947,35,35.14235160491974,16,26,0.6153846153846154
701,14.324390327419678,3,1.471264056453947,262,35.092877748062314,7,7,1.0
83,1.6960405095233,8,3.9233708172105253,67,35.09209435964663,31,56,0.5535714285714286
73,1.4916982794602518,20,9.808427043026313,34,35.08338563110204,37,64,0.578125
81,1.6551720635106904,3,1.471264056453947,27,35.05510606321967,31,57,0.543859649122807
342,6.988504268156248,6,2.942528112907894,327,35.04880041952562,6,13,0.46153846153846156
222,4.53639750739967,4,1.9616854086052626,80,35.04848512818326,12,21,0.5714285714285714
119,2.4316725377502735,6,2.942528112907894,117,35.025303797446,25,38,0.6578947368421053
686,14.017876982325106,4,1.9616854086052626,659,34.98983366346758,3,6,0.5
230,4.699871291450108,8,3.9233708172105253,227,34.97368728810727,9,20,0.45
136,2.7790543288574554,20,9.808427043026313,133,34.9674564364697,15,34,0.4411764705882353
172,3.514686357084429,8,3.9233708172105253,143,34.92616822413808,12,27,0.4444444444444444
337,6.886333153124724,4,1.9616854086052626,27,34.88877822280966,7,14,0.5
335,6.845464707112114,8,3.9233708172105253,47,34.88660197914206,6,14,0.42857142857142855
153,3.1264361199646373,8,3.9233708172105253,132,34.816828306202545,17,30,0.5666666666666667
229,4.679437068443804,12,5.885056225815788,198,34.79351900701539,8,20,0.4
171,3.494252134078124,8,3.9233708172105253,156,34.75206258719535,15,27,0.5555555555555556
85,1.7369089555359096,16,7.8467416344210505,21,34.74812919612802,30,55,0.5454545454545454
91,1.8595142935737385,3,1.471264056453947,22,34.714268803748304,33,51,0.6470588235294118
71,1.4508298334476422,8,3.9233708172105253,25,34.70475808360273,36,65,0.5538461538461539
679,13.874837421280972,3,1.471264056453947,676,34.70055456221387,3,6,0.5
70,1.4303956104413373,16,7.8467416344210505,54,34.68039833040149,40,66,0.6060606060606061
87,1.7777774015485193,16,7.8467416344210505,11,34.65056356528559,32,54,0.5925925925925926
349,7.131543829200382,3,1.471264056453947,268,34.60172665284463,10,13,0.7692307692307693
214,4.372923723349231,4,1.9616854086052626,140,34.53646588399382,14,21,0.6666666666666666
175,3.5759890261033433,6,2.942528112907894,89,34.51371097072662,19,26,0.7307692307692307
236,4.822476629487937,4,1.9616854086052626,12,34.503496044034634,16,20,0.8
696,14.222219212388154,3,1.471264056453947,643,34.501635318361956,3,6,0.5
101,2.0638565236367867,4,1.9616854086052626,44,34.48164844721782,30,46,0.6521739130434783
235,4.8020424064816325,3,1.471264056453947,19,34.474498259233926,15,20,0.75
213,4.3524895003429265,4,1.9616854086052626,167,34.46484662569019,12,21,0.5714285714285714
111,2.268198753699835,6,2.942528112907894,77,34.44979714229791,22,42,0.5238095238095238
74,1.5121325024665566,8,3.9233708172105253,13,34.43690352263179,42,63,0.6666666666666666
684,13.977008536312496,3,1.471264056453947,666,34.347457407071836,3,6,0.5
98,2.0025538546178723,16,7.8467416344210505,96,34.281885738402664,26,47,0.5531914893617021
80,1.6347378405043855,3,1.471264056453947,52,34.24827867155278,33,58,0.5689655172413793
99,2.022988077624177,16,7.8467416344210505,80,34.23614859384931,25,46,0.5434782608695652
167,3.412515242052905,8,3.9233708172105253,136,34.18808374299643,18,27,0.6666666666666666
140,2.8607912208826747,6,2.942528112907894,124,34.178967304139206,26,33,0.7878787878787878
65,1.3282244954098132,8,3.9233708172105253,39,34.1770569190989,40,71,0.5633802816901409
685,13.997442759318801,3,1.471264056453947,664,34.174877050173905,3,6,0.5
66,1.348658718416118,20,9.808427043026313,62,34.171963807149844,34,70,0.4857142857142857
687,14.03831120533141,4,1.9616854086052626,675,34.12287255828526,3,6,0.5
152,3.1060018969583325,3,1.471264056453947,143,34.120934568078354,18,30,0.6
50,1.021711150315241,16,7.8467416344210505,14,34.0117491399778,58,93,0.6236559139784946
96,1.9616854086052626,8,3.9233708172105253,7,33.99280826702442,29,49,0.5918367346938775
692,14.140482320362935,4,1.9616854086052626,658,33.990775943531915,3,6,0.5
174,3.5555548030970385,8,3.9233708172105253,98,33.97627865391209,18,27,0.6666666666666666
90,1.8390800705674337,3,1.471264056453947,41,33.97458061341658,28,52,0.5384615384615384
94,1.920816962592653,4,1.9616854086052626,41,33.96211430298135,25,49,0.5102040816326531
690,14.099613874350325,4,1.9616854086052626,665,33.95329792944726,3,6,0.5
334,6.82503048410581,4,1.9616854086052626,302,33.88995753636557,7,13,0.5384615384615384
120,2.4521067607565783,3,1.471264056453947,104,33.88662135484272,23,38,0.6052631578947368
226,4.618134399424889,8,3.9233708172105253,15,33.88405726782242,10,21,0.47619047619047616
65,1.3282244954098132,20,9.808427043026313,21,33.85338909659383,41,71,0.5774647887323944
683,13.956574313306191,3,1.471264056453947,668,33.83043261881508,3,6,0.5
134,2.7381858828448458,4,1.9616854086052626,27,33.79924811609621,23,35,0.6571428571428571
95,1.9412511855989578,12,5.885056225815788,40,33.762812340676476,27,49,0.5510204081632653
121,2.472540983762883,3,1.471264056453947,91,33.743776194264214,25,38,0.6578947368421053
77,1.573435171485471,16,7.8467416344210505,47,33.72510578945663,36,60,0.6
348,7.111109606194077,4,1.9616854086052626,336,33.631072524550405,9,13,0.6923076923076923
84,1.7164747325296048,12,5.885056225815788,37,33.52651541994448,31,55,0.5636363636363636
333,6.804596261099505,3,1.471264056453947,304,33.4972256224942,7,14,0.5
79,1.6143036174980807,3,1.471264056453947,5,33.47359728022689,32,59,0.5423728813559322
350,7.151978052206687,4,1.9616854086052626,311,33.45191349349144,6,13,0.46153846153846156
166,3.3920810190466,6,2.942528112907894,139,33.44117054994937,17,28,0.6071428571428571
681,13.915705867293582,3,1.471264056453947,672,33.42405469173971,3,6,0.5
693,14.16091654336924,4,1.9616854086052626,656,33.34599938112605,3,6,0.5
688,14.058745428337716,4,1.9616854086052626,672,33.34385753335713,3,6,0.5
73,1.4916982794602518,12,5.885056225815788,34,33.31944540495589,38,64,0.59375
339,6.927201599137334,4,1.9616854086052626,21,33.2611156891518,7,14,0.5
153,3.1264361199646373,6,2.942528112907894,131,33.24977871141264,17,30,0.5666666666666667
228,4.659002845437499,8,3.9233708172105253,214,33.209642077196214,9,20,0.45
343,7.008938491162553,4,1.9616854086052626,321,33.14498444375411,4,13,0.3076923076923077
346,7.070241160181467,4,1.9616854086052626,304,33.127426101672135,5,13,0.38461538461538464
98,2.0025538546178723,12,5.885056225815788,96,33.117989947759064,26,47,0.5531914893617021
691,14.12004809735663,4,1.9616854086052626,661,33.10952658996918,3,6,0.5
338,6.906767376131029,4,1.9616854086052626,21,33.058937748407196,7,14,0.5
107,2.1864618616746156,3,1.471264056453947,33,33.0062240143123,26,43,0.6046511627906976
347,7.090675383187772,6,2.942528112907894,276,32.98212657145582,9,13,0.6923076923076923
169,3.4533836880655144,6,2.942528112907894,27,32.90299628580402,14,28,0.5
680,13.895271644287277,3,1.471264056453947,672,32.84932329412037,3,6,0.5
116,2.370369868731359,8,3.9233708172105253,83,32.84826000715071,22,40,0.55
67,1.3690929414224229,6,2.942528112907894,27,32.84409907475999,39,69,0.5652173913043478
88,1.798211624554824,4,1.9616854086052626,80,32.823866608820744,30,52,0.5769230769230769
231,4.720305514456413,4,1.9616854086052626,212,32.76033765843301,11,20,0.55
66,1.348658718416118,16,7.8467416344210505,61,32.6447285851495,38,70,0.5428571428571428
694,14.181350766375544,3,1.471264056453947,649,32.6415999180352,3,6,0.5
682,13.936140090299887,3,1.471264056453947,668,32.596145059755045,3,6,0.5
139,2.84035699787637,8,3.9233708172105253,135,32.579006336504364,26,33,0.7878787878787878
345,7.049806937175163,6,2.942528112907894,309,32.567255934388484,5,13,0.38461538461538464
173,3.5351205800907337,4,1.9616854086052626,107,32.55671099795401,18,27,0.6666666666666666
337,6.886333153124724,3,1.471264056453947,27,32.48823899715039,7,14,0.5
154,3.146870342970942,8,3.9233708172105253,103,32.47300711860543,17,30,0.5666666666666667
118,2.4112383147439687,4,1.9616854086052626,12,32.442436191431796,29,40,0.725
72,1.471264056453947,8,3.9233708172105253,6,32.42927497864957,33,65,0.5076923076923077
170,3.4738179110718193,3,1.471264056453947,24,32.41395026775069,12,28,0.42857142857142855
63,1.2873560493972036,12,5.885056225815788,24,32.356768849144295,41,74,0.5540540540540541
100,2.043422300630482,6,2.942528112907894,62,32.34121681785051,28,46,0.6086956521739131
222,4.53639750739967,3,1.471264056453947,80,32.333537994129564,12,21,0.5714285714285714
71,1.4508298334476422,6,2.942528112907894,27,32.26327388797156,37,65,0.5692307692307692
83,1.6960405095233,6,2.942528112907894,67,32.25077094280203,31,56,0.5535714285714286
59,1.2056191573719843,20,9.808427043026313,52,32.21856662545896,41,78,0.5256410256410257
96,1.9616854086052626,6,2.942528112907894,7,32.19587137367932,29,49,0.5918367346938775
350,7.151978052206687,3,1.471264056453947,264,32.18293194130623,10,13,0.7692307692307693
137,2.79948855186376,20,9.808427043026313,127,32.17238296537304,15,33,0.45454545454545453
177,3.616857472115953,4,1.9616854086052626,71,32.11571295680245,18,26,0.6923076923076923
75,1.5325667254728614,16,7.8467416344210505,14,32.06094600183821,37,62,0.5967741935483871
139,2.84035699787637,20,9.808427043026313,132,32.060408830545384,26,33,0.7878787878787878
335,6.845464707112114,6,2.942528112907894,299,32.05494459597024,9,13,0.6923076923076923
94,1.920816962592653,3,1.471264056453947,41,32.005895866689144,25,49,0.5102040816326531
141,2.8812254438889795,4,1.9616854086052626,112,31.976908496704368,20,33,0.6060606060606061
348,7.111109606194077,3,1.471264056453947,272,31.938145583063168,10,13,0.7692307692307693
236,4.822476629487937,3,1.471264056453947,12,31.908790773484707,16,20,0.8
214,4.372923723349231,3,1.471264056453947,140,31.83839503736899,14,21,0.6666666666666666
78,1.593869394491776,4,1.9616854086052626,26,31.83269563076983,35,60,0.5833333333333334
112,2.2886329767061397,16,7.8467416344210505,27,31.80815420812146,22,42,0.5238095238095238
213,4.3524895003429265,3,1.471264056453947,167,31.8069111708191,12,21,0.5714285714285714
225,4.597700176418584,4,1.9616854086052626,27,31.75862578389505,10,21,0.47619047619047616
117,2.390804091737664,4,1.9616854086052626,26,31.747125621167328,25,40,0.625
60,1.2260533803782891,16,7.8467416344210505,17,31.723533266247234,45,77,0.5844155844155844
101,2.0638565236367867,3,1.471264056453947,44,31.70634738646023,30,46,0.6521739130434783
88,1.798211624554824,3,1.471264056453947,80,31.63514608593351,30,52,0.5769230769230769
87,1.7777774015485193,12,5.885056225815788,11,31.601153298963577,32,54,0.5925925925925926
223,4.556831730405975,6,2.942528112907894,21,31.58803291749741,16,21,0.7619047619047619
224,4.5772659534122795,6,2.942528112907894,21,31.538020924088002,13,21,0.6190476190476191
167,3.412515242052905,6,2.942528112907894,135,31.48596090125675,17,27,0.6296296296296297
174,3.5555548030970385,6,2.942528112907894,98,31.39219212633989,18,27,0.6666666666666666
136,2.7790543288574554,12,5.885056225815788,127,31.367337568387285,18,34,0.5294117647058824
173,3.5351205800907337,3,1.471264056453947,107,31.35732010901804,18,27,0.6666666666666666
334,6.82503048410581,3,1.471264056453947,301,31.310547597601854,7,13,0.5384615384615384
132,2.697317436832236,4,1.9616854086052626,62,31.31039626827957,17,35,0.4857142857142857
230,4.699871291450108,6,2.942528112907894,227,31.238906719959488,9,20,0.45
133,2.717751659838541,4,1.9616854086052626,45,31.08068286247987,18,35,0.5142857142857142
686,14.017876982325106,3,1.471264056453947,659,31.04147282061946,3,6,0.5
99,2.022988077624177,12,5.885056225815788,80,31.02698474589803,25,46,0.5434782608695652
140,2.8607912208826747,4,1.9616854086052626,124,31.01934676377781,26,33,0.7878787878787878
153,3.1264361199646373,4,1.9616854086052626,132,31.004494972572374,17,30,0.5666666666666667
336,6.865898930118419,4,1.9616854086052626,27,30.998016241600837,7,14,0.5
85,1.7369089555359096,12,5.885056225815788,22,30.997584992793335,31,55,0.5636363636363636
137,2.79948855186376,16,7.8467416344210505,127,30.978956013809192,16,33,0.48484848484848486
171,3.494252134078124,6,2.942528112907894,157,30.928818695831506,15,27,0.5555555555555556
50,1.021711150315241,12,5.885056225815788,14,30.91824850984034,58,93,0.6236559139784946
341,6.968070045149943,4,1.9616854086052626,5,30.890941582874785,5,14,0.35714285714285715
78,1.593869394491776,3,1.471264056453947,26,30.875141636846212,35,60,0.5833333333333334
117,2.390804091737664,3,1.471264056453947,26,30.81986787066594,25,40,0.625
227,4.638568622431194,8,3.9233708172105253,225,30.789640923695234,9,20,0.45
229,4.679437068443804,8,3.9233708172105253,198,30.788498906576244,8,20,0.4
344,7.029372714168858,4,1.9616854086052626,317,30.7161962679487,4,13,0.3076923076923077
65,1.3282244954098132,6,2.942528112907894,21,30.68591288780352,41,71,0.5774647887323944
134,2.7381858828448458,3,1.471264056453947,27,30.60984232583886,23,35,0.6571428571428571
95,1.9412511855989578,8,3.9233708172105253,40,30.603694331165556,28,49,0.5714285714285714
177,3.616857472115953,3,1.471264056453947,71,30.512305494409702,18,26,0.6923076923076923
74,1.5121325024665566,6,2.942528112907894,13,30.493644602745775,42,63,0.6666666666666666
70,1.4303956104413373,20,9.808427043026313,51,30.47464265947666,36,66,0.5454545454545454
53,1.0830138193341554,8,3.9233708172105253,21,30.472585218310257,52,88,0.5909090909090909
346,7.070241160181467,3,1.471264056453947,303,30.466434371043746,5,13,0.38461538461538464
151,3.0855676739520277,4,1.9616854086052626,3,30.44886943692262,18,31,0.5806451612903226
168,3.4329494650592096,8,3.9233708172105253,27,30.439947422724554,15,28,0.5357142857142857
226,4.618134399424889,6,2.942528112907894,15,30.41321636058351,10,21,0.47619047619047616
693,14.16091654336924,3,1.471264056453947,278,30.391625198104027,6,7,0.8571428571428571
340,6.9476358221436385,4,1.9616854086052626,194,30.37034177483961,6,14,0.42857142857142855
154,3.146870342970942,6,2.942528112907894,103,30.338657794397808,17,30,0.5666666666666667
59,1.2056191573719843,16,7.8467416344210505,51,30.324321947792168,42,78,0.5384615384615384
70,1.4303956104413373,12,5.885056225815788,54,30.324302323874807,40,66,0.6060606060606061
690,14.099613874350325,3,1.471264056453947,665,30.297531178848587,3,6,0.5
172,3.514686357084429,6,2.942528112907894,143,30.244716471495202,12,27,0.4444444444444444
689,14.07917965134402,4,1.9616854086052626,672,30.21227860820042,4,6,0.6666666666666666
118,2.4112383147439687,3,1.471264056453947,12,30.18954821544143,29,40,0.725
111,2.268198753699835,4,1.9616854086052626,79,30.178564637070355,21,42,0.5
141,2.8812254438889795,3,1.471264056453947,103,30.145004292880042,20,33,0.6060606060606061
166,3.3920810190466,4,1.9616854086052626,139,30.143531169914414,17,28,0.6071428571428571
54,1.1034480423404602,20,9.808427043026313,24,30.1094095740339,45,86,0.5232558139534884
687,14.03831120533141,3,1.471264056453947,676,30.058271927578186,3,6,0.5
342,6.988504268156248,4,1.9616854086052626,25,29.991059345207088,9,14,0.6428571428571429
343,7.008938491162553,3,1.471264056453947,21,29.96784405118315,10,14,0.7142857142857143
692,14.140482320362935,3,1.471264056453947,657,29.95265429403365,3,6,0.5
116,2.370369868731359,6,2.942528112907894,83,29.94677609795845,22,40,0.55
64,1.3077902724035084,16,7.8467416344210505,0,29.943189841474467,42,73,0.5753424657534246
72,1.471264056453947,6,2.942528112907894,6,29.90816342838037,33,65,0.5076923076923077
225,4.597700176418584,3,1.471264056453947,27,29.888338817923326,10,21,0.47619047619047616
140,2.8607912208826747,3,1.471264056453947,124,29.8460959640346,26,33,0.7878787878787878
175,3.5759890261033433,4,1.9616854086052626,89,29.79686744833371,19,26,0.7307692307692307
231,4.720305514456413,3,1.471264056453947,211,29.774882598864952,11,20,0.55
77,1.573435171485471,12,5.885056225815788,47,29.67352217747801,36,60,0.6
228,4.659002845437499,6,2.942528112907894,214,29.607279247348355,9,20,0.45
339,6.927201599137334,3,1.471264056453947,21,29.57426722325305,7,14,0.5
66,1.348658718416118,12,5.885056225815788,61,29.573533456771063,38,70,0.5428571428571428
338,6.906767376131029,3,1.471264056453947,21,29.572580286529544,7,14,0.5
63,1.2873560493972036,8,3.9233708172105253,26,29.563316387572836,41,74,0.5540540540540541
113,2.3090671997124446,20,9.808427043026313,19,29.36529645076912,21,41,0.5121951219512195
119,2.4316725377502735,4,1.9616854086052626,117,29.360176304749224,25,38,0.6578947368421053
67,1.3690929414224229,4,1.9616854086052626,27,29.30383776946254,39,69,0.5652173913043478
153,3.1264361199646373,3,1.471264056453947,131,29.241167184255875,17,30,0.5666666666666667
51,1.0421453733215458,20,9.808427043026313,13,29.234643265543113,49,91,0.5384615384615384
688,14.058745428337716,3,1.471264056453947,672,29.19836428252615,3,6,0.5
347,7.090675383187772,4,1.9616854086052626,276,29.140478998133542,9,13,0.6923076923076923
139,2.84035699787637,6,2.942528112907894,135,29.137085901694316,26,33,0.7878787878787878
166,3.3920810190466,3,1.471264056453947,139,29.10103995449524,17,28,0.6071428571428571
335,6.845464707112114,4,1.9616854086052626,300,29.04352832646336,9,13,0.6923076923076923
100,2.043422300630482,4,1.9616854086052626,62,29.032551986790907,28,46,0.6086956521739131
98,2.0025538546178723,8,3.9233708172105253,96,28.940132014734832,26,47,0.5531914893617021
59,1.2056191573719843,12,5.885056225815788,51,28.93358443349302,42,78,0.5384615384615384
151,3.0855676739520277,3,1.471264056453947,3,28.928337824745757,18,31,0.5806451612903226
691,14.12004809735663,3,1.471264056453947,661,28.879472150937396,3,6,0.5
95,1.9412511855989578,6,2.942528112907894,40,28.843824301630608,28,49,0.5714285714285714
55,1.123882265346765,20,9.808427043026313,49,28.8367232920752,50,84,0.5952380952380952
73,1.4916982794602518,8,3.9233708172105253,34,28.83190911108743,39,64,0.609375
75,1.5325667254728614,12,5.885056225815788,14,28.732435724790278,37,62,0.5967741935483871
229,4.679437068443804,6,2.942528112907894,198,28.707395573643826,8,20,0.4
84,1.7164747325296048,8,3.9233708172105253,37,28.6764260685065,31,55,0.5636363636363636
133,2.717751659838541,3,1.471264056453947,45,28.660468276266876,18,35,0.5142857142857142
137,2.79948855186376,12,5.885056225815788,130,28.656359835812527,18,33,0.5454545454545454
87,1.7777774015485193,8,3.9233708172105253,11,28.643373381595158,33,54,0.6111111111111112
342,6.988504268156248,3,1.471264056453947,27,28.535353559197702,10,14,0.7142857142857143
138,2.819922774870065,16,7.8467416344210505,8,28.534912335639618,25,34,0.7352941176470589
96,1.9616854086052626,4,1.9616854086052626,7,28.4871040319255,29,49,0.5918367346938775
340,6.9476358221436385,3,1.471264056453947,194,28.449236338315885,6,14,0.42857142857142855
132,2.697317436832236,3,1.471264056453947,62,28.41747378320699,17,35,0.4857142857142857
83,1.6960405095233,4,1.9616854086052626,68,28.38329076148413,30,56,0.5357142857142857
115,2.349935645725054,20,9.808427043026313,97,28.36860995127949,21,40,0.525
87,1.7777774015485193,20,9.808427043026313,3,28.225870222374432,32,54,0.5925925925925926
227,4.638568622431194,6,2.942528112907894,226,28.19898478987747,9,20,0.45
347,7.090675383187772,3,1.471264056453947,276,28.183473611499686,9,13,0.6923076923076923
111,2.268198753699835,3,1.471264056453947,79,28.071920531114085,21,42,0.5
167,3.412515242052905,4,1.9616854086052626,138,28.0179086469051,18,27,0.6666666666666666
50,1.021711150315241,20,9.808427043026313,11,27.9998344499961,54,93,0.5806451612903226
174,3.5555548030970385,4,1.9616854086052626,98,27.956143086948245,18,27,0.6666666666666666
336,6.865898930118419,3,1.471264056453947,27,27.92921644224534,7,14,0.5
112,2.2886329767061397,12,5.885056225815788,23,27.883880148036354,26,42,0.6190476190476191
136,2.7790543288574554,8,3.9233708172105253,127,27.83784940778272,18,34,0.5294117647058824
223,4.556831730405975,4,1.9616854086052626,25,27.76797592774724,15,21,0.7142857142857143
85,1.7369089555359096,8,3.9233708172105253,21,27.76238852471255,31,55,0.5636363636363636
119,2.4316725377502735,3,1.471264056453947,117,27.728881042136152,25,38,0.6578947368421053
63,1.2873560493972036,6,2.942528112907894,26,27.656492802202234,41,74,0.5540540540540541
345,7.049806937175163,4,1.9616854086052626,309,27.652809511237795,5,13,0.38461538461538464
71,1.4508298334476422,4,1.9616854086052626,27,27.590068923365923,37,65,0.5692307692307692
344,7.029372714168858,3,1.471264056453947,317,27.579834080347904,4,13,0.3076923076923077
67,1.3690929414224229,3,1.471264056453947,27,27.569480715805014,39,69,0.5652173913043478
50,1.021711150315241,8,3.9233708172105253,14,27.526972975093535,58,93,0.6236559139784946
54,1.1034480423404602,16,7.8467416344210505,24,27.525482662815374,45,86,0.5232558139534884
100,2.043422300630482,3,1.471264056453947,61,27.513226471905444,27,46,0.5869565217391305
72,1.471264056453947,4,1.9616854086052626,6,27.41711009601613,33,65,0.5076923076923077
65,1.3282244954098132,4,1.9616854086052626,21,27.412110934981147,41,71,0.5774647887323944
224,4.5772659534122795,4,1.9616854086052626,23,27.379955407452332,12,21,0.5714285714285714
52,1.0625795963278506,20,9.808427043026313,24,27.358920491928824,49,89,0.550561797752809
60,1.2260533803782891,12,5.885056225815788,17,27.31862420565343,45,77,0.5844155844155844
137,2.79948855186376,8,3.9233708172105253,130,27.224390665498042,18,33,0.5454545454545454
98,2.0025538546178723,6,2.942528112907894,96,27.20152200591587,26,47,0.5531914893617021
689,14.07917965134402,3,1.471264056453947,671,27.18152439389007,4,6,0.6666666666666666
53,1.0830138193341554,6,2.942528112907894,21,27.120584125981498,52,88,0.5909090909090909
175,3.5759890261033433,3,1.471264056453947,88,27.118552403471092,19,26,0.7307692307692307
174,3.5555548030970385,3,1.471264056453947,98,27.08407609119602,18,27,0.6666666666666666
75,1.5325667254728614,20,9.808427043026313,11,27.028793370112023,34,62,0.5483870967741935
86,1.7573431785422144,16,7.8467416344210505,30,26.984277138950056,31,54,0.5740740740740741
138,2.819922774870065,12,5.885056225815788,8,26.968783472374074,25,34,0.7352941176470589
154,3.146870342970942,4,1.9616854086052626,104,26.968423565741745,18,30,0.6
169,3.4533836880655144,4,1.9616854086052626,27,26.963762222738165,14,28,0.5
226,4.618134399424889,4,1.9616854086052626,5,26.946678568049208,11,21,0.5238095238095238
99,2.022988077624177,8,3.9233708172105253,80,26.911566719167997,25,46,0.5434782608695652
71,1.4508298334476422,3,1.471264056453947,27,26.887866600245793,37,65,0.5692307692307692
341,6.968070045149943,3,1.471264056453947,3,26.871793455439178,6,14,0.42857142857142855
171,3.494252134078124,4,1.9616854086052626,159,26.85909586728672,15,27,0.5555555555555556
335,6.845464707112114,3,1.471264056453947,300,26.833004628354917,9,13,0.6923076923076923
86,1.7573431785422144,20,9.808427043026313,52,26.832890244590846,26,54,0.48148148148148145
77,1.573435171485471,20,9.808427043026313,44,26.769991935122544,35,60,0.5833333333333334
168,3.4329494650592096,6,2.942528112907894,27,26.72974603677283,15,28,0.5357142857142857
113,2.3090671997124446,16,7.8467416344210505,19,26.677345784162814,21,41,0.5121951219512195
84,1.7164747325296048,6,2.942528112907894,43,26.661778163164133,33,55,0.6
96,1.9616854086052626,3,1.471264056453947,7,26.646725634169425,29,49,0.5918367346938775
55,1.123882265346765,16,7.8467416344210505,50,26.57602862451916,52,84,0.6190476190476191
116,2.370369868731359,4,1.9616854086052626,83,26.509901664925,22,40,0.55
83,1.6960405095233,3,1.471264056453947,68,26.44609282242116,30,56,0.5357142857142857
57,1.1647507113593747,16,7.8467416344210505,11,26.429648867543783,45,82,0.5487804878048781
74,1.5121325024665566,4,1.9616854086052626,12,26.419058937177535,40,63,0.6349206349206349
59,1.2056191573719843,8,3.9233708172105253,51,26.41285929037253,43,78,0.5512820512820513
137,2.79948855186376,6,2.942528112907894,132,26.20950536376292,19,33,0.5757575757575758
87,1.7777774015485193,6,2.942528112907894,11,26.18194613389791,33,54,0.6111111111111112
229,4.679437068443804,4,1.9616854086052626,198,26.179295156374987,8,20,0.4
66,1.348658718416118,8,3.9233708172105253,60,26.12582831382439,38,70,0.5428571428571428
63,1.2873560493972036,3,1.471264056453947,26,26.09878744232274,41,74,0.5540540540540541
70,1.4303956104413373,8,3.9233708172105253,54,26.08059495346094,40,66,0.6060606060606061
98,2.0025538546178723,20,9.808427043026313,93,25.973156771089965,24,47,0.5106382978723404
73,1.4916982794602518,6,2.942528112907894,34,25.97160336538289,39,64,0.609375
54,1.1034480423404602,12,5.885056225815788,24,25.966136880992018,45,86,0.5232558139534884
99,2.022988077624177,20,9.808427043026313,77,25.93756705055733,25,47,0.5319148936170213
72,1.471264056453947,3,1.471264056453947,5,25.78814116712838,33,65,0.5076923076923077
95,1.9412511855989578,4,1.9616854086052626,40,25.765744841497916,28,49,0.5714285714285714
139,2.84035699787637,4,1.9616854086052626,135,25.76558427504127,26,33,0.7878787878787878
77,1.573435171485471,8,3.9233708172105253,47,25.730566730056097,37,60,0.6166666666666667
136,2.7790543288574554,6,2.942528112907894,127,25.675942938645544,18,34,0.5294117647058824
169,3.4533836880655144,3,1.471264056453947,27,25.658184346483687,14,28,0.5
223,4.556831730405975,3,1.471264056453947,24,25.6034727698623,15,21,0.7142857142857143
172,3.514686357084429,4,1.9616854086052626,143,25.572326604097583,12,27,0.4444444444444444
167,3.412515242052905,3,1.471264056453947,138,25.535954357968002,18,27,0.6666666666666666
64,1.3077902724035084,12,5.885056225815788,0,25.44130031320242,43,73,0.589041095890411
98,2.0025538546178723,4,1.9616854086052626,96,25.37014266139114,26,47,0.5531914893617021
224,4.5772659534122795,3,1.471264056453947,23,25.366498515062073,12,21,0.5714285714285714
58,1.1851849343656795,12,5.885056225815788,40,25.295875987024612,44,80,0.55
58,1.1851849343656795,16,7.8467416344210505,40,25.29051213659782,44,80,0.55
154,3.146870342970942,3,1.471264056453947,104,25.252410272326443,18,30,0.6
228,4.659002845437499,4,1.9616854086052626,214,25.218409300424316,9,20,0.45
63,1.2873560493972036,4,1.9616854086052626,26,25.20000049392282,41,74,0.5540540540540541
139,2.84035699787637,3,1.471264056453947,135,25.15427671400009,26,33,0.7878787878787878
230,4.699871291450108,4,1.9616854086052626,227,25.137925006022837,9,20,0.45
171,3.494252134078124,3,1.471264056453947,158,25.113635656039584,15,27,0.5555555555555556
65,1.3282244954098132,3,1.471264056453947,21,25.103299577328414,41,71,0.5774647887323944
59,1.2056191573719843,6,2.942528112907894,51,25.005483862845423,43,78,0.5512820512820513
64,1.3077902724035084,20,9.808427043026313,61,24.945636203321964,38,72,0.5277777777777778
85,1.7369089555359096,6,2.942528112907894,21,24.920731334041953,31,55,0.5636363636363636
51,1.0421453733215458,16,7.8467416344210505,13,24.901543392700177,50,91,0.5494505494505495
86,1.7573431785422144,8,3.9233708172105253,48,24.815972939118392,26,54,0.48148148148148145
99,2.022988077624177,6,2.942528112907894,80,24.765795648679557,25,46,0.5434782608695652
226,4.618134399424889,3,1.471264056453947,5,24.740288168418086,11,21,0.5238095238095238
75,1.5325667254728614,8,3.9233708172105253,14,24.723984443079836,37,62,0.5967741935483871
50,1.021711150315241,6,2.942528112907894,12,24.672975421671048,57,93,0.6129032258064516
53,1.0830138193341554,4,1.9616854086052626,18,24.559308143724223,53,88,0.6022727272727273
97,1.9821196316115675,12,5.885056225815788,51,24.526069119493492,28,48,0.5833333333333334
98,2.0025538546178723,3,1.471264056453947,96,24.418908387358535,26,47,0.5531914893617021
86,1.7573431785422144,12,5.885056225815788,52,24.396706057344797,26,54,0.48148148148148145
74,1.5121325024665566,3,1.471264056453947,16,24.334220196496517,41,63,0.6507936507936508
60,1.2260533803782891,8,3.9233708172105253,24,24.308646820654893,44,77,0.5714285714285714
345,7.049806937175163,3,1.471264056453947,309,24.29961241437044,5,13,0.38461538461538464
86,1.7573431785422144,6,2.942528112907894,49,24.295798719851458,25,54,0.46296296296296297
56,1.1443164883530699,20,9.808427043026313,11,24.289809714885582,49,83,0.5903614457831325
61,1.246487603384594,20,9.808427043026313,12,24.273230812494052,39,76,0.5131578947368421
137,2.79948855186376,4,1.9616854086052626,132,24.258121555240024,19,33,0.5757575757575758
97,1.9821196316115675,20,9.808427043026313,51,24.2539520063642,28,48,0.5833333333333334
55,1.123882265346765,12,5.885056225815788,46,24.251873951057654,49,84,0.5833333333333334
84,1.7164747325296048,4,1.9616854086052626,43,24.2439309465632,33,55,0.6
114,2.3295014227187494,16,7.8467416344210505,68,24.230119204675077,23,41,0.5609756097560976
61,1.246487603384594,16,7.8467416344210505,17,24.22676072478872,40,76,0.5263157894736842
69,1.4099613874350325,12,5.885056225815788,8,24.18858377701851,39,68,0.5735294117647058
229,4.679437068443804,3,1.471264056453947,198,24.123555204518567,8,20,0.4
66,1.348658718416118,6,2.942528112907894,60,24.106451912883724,38,70,0.5428571428571428
227,4.638568622431194,4,1.9616854086052626,0,24.098591010700556,9,21,0.42857142857142855
57,1.1647507113593747,12,5.885056225815788,11,24.060359827147582,45,82,0.5487804878048781
97,1.9821196316115675,16,7.8467416344210505,51,24.060155606870683,28,48,0.5833333333333334
58,1.1851849343656795,20,9.808427043026313,32,24.049375091500742,39,80,0.4875
112,2.2886329767061397,8,3.9233708172105253,23,24.01643766580956,26,42,0.6190476190476191
70,1.4303956104413373,6,2.942528112907894,54,23.991291620522855,40,66,0.6060606060606061
138,2.819922774870065,8,3.9233708172105253,8,23.964759727205035,25,34,0.7352941176470589
116,2.370369868731359,3,1.471264056453947,84,23.94644362263311,22,40,0.55
115,2.349935645725054,16,7.8467416344210505,98,23.879617815523144,21,40,0.525
62,1.2669218263908988,20,9.808427043026313,26,23.723105469002068,42,75,0.56
69,1.4099613874350325,8,3.9233708172105253,8,23.68329392351809,41,68,0.6029411764705882
172,3.514686357084429,3,1.471264056453947,143,23.612223607841592,12,27,0.4444444444444444
61,1.246487603384594,12,5.885056225815788,17,23.590534748215624,41,76,0.5394736842105263
54,1.1034480423404602,8,3.9233708172105253,24,23.465994522594865,46,86,0.5348837209302325
64,1.3077902724035084,8,3.9233708172105253,57,23.44383379302763,36,72,0.5
77,1.573435171485471,6,2.942528112907894,47,23.290701547862255,37,60,0.6166666666666667
95,1.9412511855989578,3,1.471264056453947,37,23.254175946299785,28,49,0.5714285714285714
53,1.0830138193341554,3,1.471264056453947,18,23.140962034118864,53,88,0.6022727272727273
73,1.4916982794602518,4,1.9616854086052626,34,23.13646048516779,39,64,0.609375
56,1.1443164883530699,12,5.885056225815788,20,23.02232583044007,49,83,0.5903614457831325
58,1.1851849343656795,8,3.9233708172105253,40,22.95876059205739,44,80,0.55
52,1.0625795963278506,16,7.8467416344210505,24,22.945077129689448,51,89,0.5730337078651685
114,2.3295014227187494,20,9.808427043026313,101,22.943695166532574,18,40,0.45
56,1.1443164883530699,16,7.8467416344210505,21,22.940141301563887,49,83,0.5903614457831325
168,3.4329494650592096,4,1.9616854086052626,27,22.93199582846137,15,28,0.5357142857142857
87,1.7777774015485193,4,1.9616854086052626,11,22.923819045087725,33,54,0.6111111111111112
62,1.2669218263908988,16,7.8467416344210505,26,22.816297195744166,42,75,0.56
114,2.3295014227187494,12,5.885056225815788,68,22.79325592631562,23,41,0.5609756097560976
228,4.659002845437499,3,1.471264056453947,211,22.680357458746634,10,20,0.5
230,4.699871291450108,3,1.471264056453947,227,22.66518276072838,9,20,0.45
64,1.3077902724035084,6,2.942528112907894,57,22.631360475505257,36,72,0.5
112,2.2886329767061397,6,2.942528112907894,23,22.617289928645192,26,42,0.6190476190476191
136,2.7790543288574554,4,1.9616854086052626,126,22.606259090870346,18,34,0.5294117647058824
138,2.819922774870065,20,9.808427043026313,96,22.57497517125396,12,33,0.36363636363636365
137,2.79948855186376,3,1.471264056453947,132,22.56073182491978,19,33,0.5757575757575758
50,1.021711150315241,4,1.9616854086052626,12,22.47683038574404,57,93,0.6129032258064516
62,1.2669218263908988,8,3.9233708172105253,27,22.47337243552943,42,75,0.56
227,4.638568622431194,3,1.471264056453947,0,22.448664715462805,9,21,0.42857142857142855
86,1.7573431785422144,4,1.9616854086052626,49,22.32818786527383,25,54,0.46296296296296297
60,1.2260533803782891,6,2.942528112907894,24,22.307255488881506,44,77,0.5714285714285714
113,2.3090671997124446,12,5.885056225815788,19,22.296891270251646,21,41,0.5121951219512195
49,1.0012769273089361,16,7.8467416344210505,47,22.239678993434946,55,94,0.5851063829787234
87,1.7777774015485193,3,1.471264056453947,11,22.23897339424126,33,54,0.6111111111111112
59,1.2056191573719843,4,1.9616854086052626,5,22.203487672209057,47,79,0.5949367088607594
62,1.2669218263908988,12,5.885056225815788,27,22.173503644294573,40,75,0.5333333333333333
84,1.7164747325296048,3,1.471264056453947,42,22.065995129519216,33,55,0.6
115,2.349935645725054,12,5.885056225815788,110,22.017214738288104,22,40,0.55
54,1.1034480423404602,6,2.942528112907894,24,21.951138005151368,46,86,0.5348837209302325
85,1.7369089555359096,4,1.9616854086052626,25,21.73484990074754,32,55,0.5818181818181818
97,1.9821196316115675,8,3.9233708172105253,51,21.726629773554762,28,48,0.5833333333333334
57,1.1647507113593747,8,3.9233708172105253,11,21.690260350531485,46,82,0.5609756097560976
69,1.4099613874350325,16,7.8467416344210505,8,21.609167338835643,39,68,0.5735294117647058
69,1.4099613874350325,6,2.942528112907894,8,21.584872916099254,41,68,0.6029411764705882
61,1.246487603384594,8,3.9233708172105253,17,21.570600706337594,42,76,0.5526315789473685
73,1.4916982794602518,3,1.471264056453947,34,21.54166256944913,39,64,0.609375
138,2.819922774870065,6,2.942528112907894,8,21.516370061367635,25,34,0.7352941176470589
99,2.022988077624177,4,1.9616854086052626,80,21.48776090427565,25,46,0.5434782608695652
51,1.0421453733215458,8,3.9233708172105253,9,21.365192233200382,53,91,0.5824175824175825
66,1.348658718416118,4,1.9616854086052626,60,21.354499864391915,38,70,0.5428571428571428
49,1.0012769273089361,12,5.885056225815788,47,21.276705651330442,55,94,0.5851063829787234
62,1.2669218263908988,6,2.942528112907894,27,21.27279363101186,42,75,0.56
168,3.4329494650592096,3,1.471264056453947,27,21.127611396953093,15,28,0.5357142857142857
86,1.7573431785422144,3,1.471264056453947,48,21.087177296734783,26,54,0.48148148148148145
59,1.2056191573719843,3,1.471264056453947,5,21.050088491600707,47,79,0.5949367088607594
50,1.021711150315241,3,1.471264056453947,11,20.958165417625658,55,93,0.5913978494623656
70,1.4303956104413373,4,1.9616854086052626,54,20.87660872326278,40,66,0.6060606060606061
51,1.0421453733215458,12,5.885056225815788,9,20.872179006711754,53,91,0.5824175824175825
60,1.2260533803782891,4,1.9616854086052626,24,20.716400840551717,44,77,0.5714285714285714
64,1.3077902724035084,4,1.9616854086052626,57,20.66881714583516,36,72,0.5
58,1.1851849343656795,6,2.942528112907894,40,20.662968902047588,44,80,0.55
75,1.5325667254728614,6,2.942528112907894,14,20.65820769370187,37,62,0.5967741935483871
112,2.2886329767061397,4,1.9616854086052626,23,20.610718253830445,26,42,0.6190476190476191
99,2.022988077624177,3,1.471264056453947,80,20.50332764038243,25,46,0.5434782608695652
56,1.1443164883530699,8,3.9233708172105253,18,20.46925790403382,52,83,0.6265060240963856
54,1.1034480423404602,4,1.9616854086052626,24,20.422609255797212,46,86,0.5348837209302325
55,1.123882265346765,8,3.9233708172105253,46,20.34595195070791,49,84,0.5833333333333334
57,1.1647507113593747,20,9.808427043026313,44,20.278474052127653,40,81,0.49382716049382713
70,1.4303956104413373,3,1.471264056453947,54,20.239572806258455,40,66,0.6060606060606061
114,2.3295014227187494,8,3.9233708172105253,68,20.22888528332215,23,41,0.5609756097560976
77,1.573435171485471,4,1.9616854086052626,47,20.22470311674476,37,60,0.6166666666666667
85,1.7369089555359096,3,1.471264056453947,25,20.19965364215575,32,55,0.5818181818181818
52,1.0625795963278506,12,5.885056225815788,24,20.17803677876631,51,89,0.5730337078651685
136,2.7790543288574554,3,1.471264056453947,126,20.058221413458753,18,34,0.5294117647058824
61,1.246487603384594,6,2.942528112907894,17,19.841025863537926,42,76,0.5526315789473685
64,1.3077902724035084,3,1.471264056453947,56,19.798953817695892,36,72,0.5
112,2.2886329767061397,3,1.471264056453947,23,19.783505271385188,26,42,0.6190476190476191
68,1.3895271644287277,20,9.808427043026313,13,19.758401257038262,36,68,0.5294117647058824
97,1.9821196316115675,6,2.942528112907894,51,19.62330194640027,28,48,0.5833333333333334
51,1.0421453733215458,6,2.942528112907894,9,19.600722630182176,53,91,0.5824175824175825
66,1.348658718416118,3,1.471264056453947,60,19.46219427921714,38,70,0.5428571428571428
60,1.2260533803782891,3,1.471264056453947,24,19.441735941098266,44,77,0.5714285714285714
54,1.1034480423404602,3,1.471264056453947,22,19.244191430599493,46,86,0.5348837209302325
55,1.123882265346765,6,2.942528112907894,48,19.145120568290302,51,84,0.6071428571428571
56,1.1443164883530699,6,2.942528112907894,18,19.127988531168295,52,83,0.6265060240963856
57,1.1647507113593747,6,2.942528112907894,11,18.986799238637484,46,82,0.5609756097560976
115,2.349935645725054,8,3.9233708172105253,54,18.970475509553243,24,40,0.6
62,1.2669218263908988,4,1.9616854086052626,27,18.964154951685984,42,75,0.56
69,1.4099613874350325,3,1.471264056453947,5,18.745006307288353,39,68,0.5735294117647058
77,1.573435171485471,3,1.471264056453947,47,18.71785981886288,37,60,0.6166666666666667
138,2.819922774870065,4,1.9616854086052626,6,18.495846362902682,23,34,0.6764705882352942
52,1.0625795963278506,8,3.9233708172105253,24,18.48794137391814,51,89,0.5730337078651685
69,1.4099613874350325,4,1.9616854086052626,8,18.4865998254228,41,68,0.6029411764705882
115,2.349935645725054,6,2.942528112907894,54,17.997477090383168,24,40,0.6
62,1.2669218263908988,3,1.471264056453947,26,17.951401798034524,43,75,0.5733333333333334
138,2.819922774870065,3,1.471264056453947,5,17.857122988890445,23,34,0.6764705882352942
49,1.0012769273089361,8,3.9233708172105253,23,17.73212400736032,54,95,0.5684210526315789
113,2.3090671997124446,8,3.9233708172105253,19,17.72699368291845,22,41,0.5365853658536586
52,1.0625795963278506,6,2.942528112907894,24,17.6814138539357,51,89,0.5730337078651685
76,1.5530009484791663,20,9.808427043026313,63,17.51125374525775,34,61,0.5573770491803278
56,1.1443164883530699,4,1.9616854086052626,18,17.455084949951832,52,83,0.6265060240963856
58,1.1851849343656795,4,1.9616854086052626,40,17.37228931664035,44,80,0.55
49,1.0012769273089361,20,9.808427043026313,43,17.351224693910066,48,94,0.5106382978723404
114,2.3295014227187494,6,2.942528112907894,68,17.308363683134854,23,41,0.5609756097560976
51,1.0421453733215458,4,1.9616854086052626,8,17.301867186224857,52,91,0.5714285714285714
68,1.3895271644287277,16,7.8467416344210505,13,17.2307635855872,37,68,0.5441176470588235
49,1.0012769273089361,6,2.942528112907894,22,17.058099959280646,55,95,0.5789473684210527
76,1.5530009484791663,16,7.8467416344210505,27,16.97455268976938,32,61,0.5245901639344263
76,1.5530009484791663,8,3.9233708172105253,68,16.971772873616487,36,61,0.5901639344262295
75,1.5325667254728614,4,1.9616854086052626,12,16.94990860498642,36,62,0.5806451612903226
55,1.123882265346765,4,1.9616854086052626,49,16.938840468418203,52,84,0.6190476190476191
97,1.9821196316115675,4,1.9616854086052626,51,16.849863613116838,28,48,0.5833333333333334
76,1.5530009484791663,12,5.885056225815788,67,16.72190754087599,37,61,0.6065573770491803
58,1.1851849343656795,3,1.471264056453947,40,16.598051706666908,44,80,0.55
115,2.349935645725054,3,1.471264056453947,54,16.394864747894818,24,40,0.6
76,1.5530009484791663,6,2.942528112907894,68,16.280194389174095,36,61,0.5901639344262295
75,1.5325667254728614,3,1.471264056453947,10,16.14723280685989,38,62,0.6129032258064516
115,2.349935645725054,4,1.9616854086052626,54,16.134538784086125,24,40,0.6
57,1.1647507113593747,4,1.9616854086052626,11,16.117606310107217,46,82,0.5609756097560976
61,1.246487603384594,4,1.9616854086052626,17,15.981940147156442,42,76,0.5526315789473685
61,1.246487603384594,3,1.471264056453947,17,15.901912345941051,42,76,0.5526315789473685
113,2.3090671997124446,6,2.942528112907894,15,15.897746357746497,22,41,0.5365853658536586
55,1.123882265346765,3,1.471264056453947,49,15.889939706841274,52,84,0.6190476190476191
68,1.3895271644287277,12,5.885056225815788,7,15.88395185506822,40,69,0.5797101449275363
51,1.0421453733215458,3,1.471264056453947,8,15.851624564909491,52,91,0.5714285714285714
97,1.9821196316115675,3,1.471264056453947,51,15.78629212662425,28,48,0.5833333333333334
49,1.0012769273089361,4,1.9616854086052626,21,15.748690554843524,55,95,0.5789473684210527
76,1.5530009484791663,3,1.471264056453947,68,15.674386295645885,36,61,0.5901639344262295
57,1.1647507113593747,3,1.471264056453947,11,15.579985910162755,46,82,0.5609756097560976
69,1.4099613874350325,20,9.808427043026313,4,15.50895722639224,33,68,0.4852941176470588
56,1.1443164883530699,3,1.471264056453947,16,15.38638424971029,53,83,0.6385542168674698
76,1.5530009484791663,4,1.9616854086052626,68,15.276621690258613,36,61,0.5901639344262295
52,1.0625795963278506,4,1.9616854086052626,24,15.245405862964681,51,89,0.5730337078651685
49,1.0012769273089361,3,1.471264056453947,21,15.06962318580448,55,95,0.5789473684210527
68,1.3895271644287277,8,3.9233708172105253,9,14.938397430605418,41,69,0.5942028985507246
113,2.3090671997124446,4,1.9616854086052626,16,14.58882168298585,21,41,0.5121951219512195
52,1.0625795963278506,3,1.471264056453947,22,14.483480918309471,52,89,0.5842696629213483
114,2.3295014227187494,4,1.9616854086052626,68,14.446149448856895,23,41,0.5609756097560976
114,2.3295014227187494,3,1.471264056453947,68,13.789690026987008,23,41,0.5609756097560976
68,1.3895271644287277,6,2.942528112907894,9,13.621724430699901,41,69,0.5942028985507246
113,2.3090671997124446,3,1.471264056453947,51,12.864047832602363,25,41,0.6097560975609756
68,1.3895271644287277,4,1.9616854086052626,8,12.588150121064405,40,69,0.5797101449275363
68,1.3895271644287277,3,1.471264056453947,7,12.107484103494848,40,69,0.5797101449275363
