period_cadences,period_days,duration_cadences,duration_hours,epoch_phase_cadence,mes,observed_event_count,expected_event_count,observability_fraction
491,10.033198544617335,20,9.808422202477232,172,57.72923655514703,5,10,0.5
492,10.053632757539162,20,9.808422202477232,169,57.1775781617875,5,10,0.5
493,10.07406697046099,20,9.808422202477232,163,56.81498028145576,5,10,0.5
492,10.053632757539162,16,7.846737761981785,168,56.08056827478503,5,10,0.5
491,10.033198544617335,16,7.846737761981785,173,55.806494368777294,5,10,0.5
494,10.094501183382818,20,9.808422202477232,155,55.34135123145159,5,10,0.5
493,10.07406697046099,16,7.846737761981785,161,55.274015235350205,5,10,0.5
495,10.114935396304645,20,9.808422202477232,154,54.588614298334285,5,10,0.5
490,10.012764331695507,20,9.808422202477232,178,54.12590867038012,5,10,0.5
247,5.047250591691409,20,9.808422202477232,156,53.1939200381238,8,19,0.42105263157894735
492,10.053632757539162,12,5.885053321486339,168,53.05424404007097,5,10,0.5
490,10.012764331695507,16,7.846737761981785,180,52.870174685532774,5,10,0.5
494,10.094501183382818,16,7.846737761981785,160,52.500086235050766,5,10,0.5
491,10.033198544617335,12,5.885053321486339,175,52.12489548354828,5,10,0.5
496,10.135369609226473,20,9.808422202477232,147,51.86774807604653,6,10,0.6
246,5.026816378769581,20,9.808422202477232,169,51.649465507433135,9,19,0.47368421052631576
493,10.07406697046099,12,5.885053321486339,162,51.626658650311775,5,10,0.5
495,10.114935396304645,16,7.846737761981785,153,51.50521752256177,5,10,0.5
489,9.99233011877368,20,9.808422202477232,185,51.4468335405225,5,10,0.5
329,6.722856051281269,20,9.808422202477232,327,50.90664672752338,7,14,0.5
246,5.026816378769581,16,7.846737761981785,168,50.33344925513594,9,19,0.47368421052631576
497,10.1558038221483,20,9.808422202477232,140,50.27692099316702,6,10,0.6
197,4.0255399456000305,20,9.808422202477232,68,50.120079408587046,12,24,0.5
496,10.135369609226473,16,7.846737761981785,147,50.000454518784345,6,10,0.6
197,4.0255399456000305,16,7.846737761981785,67,49.692910194023774,12,24,0.5
494,10.094501183382818,12,5.885053321486339,155,49.592292560497505,5,10,0.5
248,5.067684804613236,16,7.846737761981785,147,49.38124148912539,10,19,0.5263157894736842
328,6.702421838359442,20,9.808422202477232,5,49.35783681980557,9,15,0.6
490,10.012764331695507,12,5.885053321486339,180,49.33466416793175,5,10,0.5
395,8.071514104121889,20,9.808422202477232,60,49.298941796915834,6,12,0.5
489,9.99233011877368,16,7.846737761981785,185,49.11463523578791,5,10,0.5
247,5.047250591691409,16,7.846737761981785,155,49.08148257755165,9,19,0.47368421052631576
248,5.067684804613236,20,9.808422202477232,147,48.96763860773517,10,19,0.5263157894736842
329,6.722856051281269,16,7.846737761981785,327,48.32006519911937,7,14,0.5
394,8.051079891200061,20,9.808422202477232,66,48.27484621888573,5,12,0.4166666666666667
495,10.114935396304645,12,5.885053321486339,154,48.074695349950765,5,10,0.5
488,9.971895905851852,20,9.808422202477232,191,48.01796839273958,4,10,0.4
489,9.99233011877368,12,5.885053321486339,187,48.017650999365564,4,10,0.4
497,10.1558038221483,16,7.846737761981785,140,47.93683293113751,6,10,0.6
394,8.051079891200061,16,7.846737761981785,66,47.64110406189895,5,12,0.4166666666666667
393,8.030645678278233,20,9.808422202477232,73,47.60024896920284,5,12,0.4166666666666667
655,13.384409463797056,20,9.808422202477232,332,47.487559608139726,3,7,0.42857142857142855
496,10.135369609226473,12,5.885053321486339,147,47.40999823417603,6,10,0.6
395,8.071514104121889,16,7.846737761981785,62,47.23148359394817,6,12,0.5
491,10.033198544617335,8,3.9233688809908926,177,47.20810851811458,5,10,0.5
492,10.053632757539162,8,3.9233688809908926,170,47.11470830775227,5,10,0.5
396,8.091948317043716,20,9.808422202477232,55,47.03298997870737,6,12,0.5
493,10.07406697046099,8,3.9233688809908926,164,46.901739905770725,5,10,0.5
328,6.702421838359442,16,7.846737761981785,4,46.77401506119945,9,15,0.6
164,3.351210919179721,20,9.808422202477232,5,46.4993887977671,15,29,0.5172413793103449
246,5.026816378769581,12,5.885053321486339,168,46.271453161779945,9,19,0.47368421052631576
245,5.006382165847754,20,9.808422202477232,182,46.24980147621561,9,19,0.47368421052631576
656,13.404843676718883,20,9.808422202477232,329,46.12875686963746,3,7,0.42857142857142855
396,8.091948317043716,16,7.846737761981785,55,46.01388272049087,6,12,0.5
654,13.363975250875228,20,9.808422202477232,337,45.88911875372654,4,7,0.5714285714285714
658,13.445712102562538,20,9.808422202477232,329,45.854359763011544,4,7,0.5714285714285714
490,10.012764331695507,8,3.9233688809908926,184,45.76246777691884,5,10,0.5
197,4.0255399456000305,12,5.885053321486339,68,45.625490137251695,12,24,0.5
657,13.42527788964071,20,9.808422202477232,331,45.602018296132655,4,7,0.5714285714285714
198,4.045974158521858,20,9.808422202477232,55,45.451845376638055,13,24,0.5416666666666666
655,13.384409463797056,16,7.846737761981785,332,45.43692781659367,3,7,0.42857142857142855
327,6.681987625437614,20,9.808422202477232,13,45.43524778940381,10,15,0.6666666666666666
391,7.989777252434578,20,9.808422202477232,88,45.3437958934894,5,12,0.4166666666666667
488,9.971895905851852,16,7.846737761981785,193,45.33751233329485,4,10,0.4
394,8.051079891200061,12,5.885053321486339,65,45.30588747436841,5,12,0.4166666666666667
393,8.030645678278233,16,7.846737761981785,73,45.231066797565084,5,12,0.4166666666666667
248,5.067684804613236,12,5.885053321486339,147,45.148884513269614,10,19,0.5263157894736842
247,5.047250591691409,12,5.885053321486339,157,45.11510032162347,8,19,0.42105263157894735
329,6.722856051281269,12,5.885053321486339,327,45.088413252366394,7,14,0.5
495,10.114935396304645,8,3.9233688809908926,154,45.035816551889134,5,10,0.5
494,10.094501183382818,8,3.9233688809908926,157,44.850998894160696,5,10,0.5
491,10.033198544617335,6,2.9425266607431695,179,44.76107785364533,5,10,0.5
656,13.404843676718883,16,7.846737761981785,329,44.755130389037134,3,7,0.42857142857142855
395,8.071514104121889,12,5.885053321486339,61,44.5163491096319,6,12,0.5
396,8.091948317043716,12,5.885053321486339,54,44.446173293243206,6,12,0.5
492,10.053632757539162,6,2.9425266607431695,173,44.37160063330839,5,10,0.5
493,10.07406697046099,6,2.9425266607431695,166,44.28327899797985,5,10,0.5
328,6.702421838359442,12,5.885053321486339,8,44.19082253849014,8,15,0.5333333333333333
497,10.1558038221483,12,5.885053321486339,140,44.18601159551495,6,10,0.6
245,5.006382165847754,16,7.846737761981785,184,44.14396413910846,9,19,0.47368421052631576
392,8.010211465356406,20,9.808422202477232,79,44.028838406760705,6,12,0.5
164,3.351210919179721,16,7.846737761981785,8,43.97414060963406,15,29,0.5172413793103449
488,9.971895905851852,12,5.885053321486339,196,43.967314155019146,4,10,0.4
656,13.404843676718883,12,5.885053321486339,329,43.93910880220526,3,7,0.42857142857142855
658,13.445712102562538,16,7.846737761981785,327,43.82502085294517,3,7,0.42857142857142855
198,4.045974158521858,16,7.846737761981785,55,43.81778126942123,13,24,0.5416666666666666
330,6.743290264203097,20,9.808422202477232,319,43.75365646892287,8,14,0.5714285714285714
390,7.969343039512751,20,9.808422202477232,87,43.63600813286532,5,12,0.4166666666666667
327,6.681987625437614,16,7.846737761981785,20,43.56094038522263,9,15,0.6
489,9.99233011877368,8,3.9233688809908926,189,43.55721389203298,4,10,0.4
657,13.42527788964071,16,7.846737761981785,328,43.49497132520407,3,7,0.42857142857142855
498,10.176238035070128,16,7.846737761981785,132,43.488559457198235,6,10,0.6
498,10.176238035070128,20,9.808422202477232,132,43.451840484281874,6,10,0.6
196,4.005105732678203,16,7.846737761981785,85,43.39228916170386,13,24,0.5416666666666666
487,9.951461692930025,20,9.808422202477232,200,43.18965843095306,4,10,0.4
196,4.005105732678203,20,9.808422202477232,85,43.02781924786955,13,24,0.5416666666666666
490,10.012764331695507,6,2.9425266607431695,183,42.94974748256576,5,10,0.5
124,2.533842402306618,16,7.846737761981785,23,42.81022650746896,22,38,0.5789473684210527
498,10.176238035070128,12,5.885053321486339,133,42.784944718304,6,10,0.6
397,8.112382529965544,20,9.808422202477232,46,42.72360949146637,7,12,0.5833333333333334
654,13.363975250875228,16,7.846737761981785,337,42.70761632371256,4,7,0.5714285714285714
392,8.010211465356406,16,7.846737761981785,85,42.64568457213089,5,12,0.4166666666666667
653,13.3435410379534,20,9.808422202477232,342,42.45742947284027,4,7,0.5714285714285714
496,10.135369609226473,8,3.9233688809908926,147,42.429916650946005,6,10,0.6
164,3.351210919179721,12,5.885053321486339,8,42.34546929910176,15,29,0.5172413793103449
198,4.045974158521858,12,5.885053321486339,54,42.284239028380064,13,24,0.5416666666666666
245,5.006382165847754,12,5.885053321486339,186,42.24654921290804,8,19,0.42105263157894735
658,13.445712102562538,12,5.885053321486339,329,41.99670399703674,4,7,0.5714285714285714
494,10.094501183382818,6,2.9425266607431695,160,41.96100685710778,5,10,0.5
657,13.42527788964071,12,5.885053321486339,327,41.95709077250141,3,7,0.42857142857142855
328,6.702421838359442,8,3.9233688809908926,8,41.937465372981606,8,15,0.5333333333333333
659,13.466146315484366,20,9.808422202477232,325,41.896369385527265,3,7,0.42857142857142855
246,5.026816378769581,8,3.9233688809908926,172,41.87112416128751,9,19,0.47368421052631576
397,8.112382529965544,16,7.846737761981785,45,41.86312543761651,7,12,0.5833333333333334
329,6.722856051281269,8,3.9233688809908926,0,41.8271453051272,8,15,0.5333333333333333
330,6.743290264203097,16,7.846737761981785,317,41.826720018513655,7,14,0.5
489,9.99233011877368,6,2.9425266607431695,190,41.73052080579955,4,10,0.4
326,6.6615534125157865,20,9.808422202477232,25,41.64528353672285,10,15,0.6666666666666666
124,2.533842402306618,20,9.808422202477232,23,41.56376505849481,21,38,0.5526315789473685
197,4.0255399456000305,8,3.9233688809908926,68,41.526345974469,12,24,0.5
123,2.5134081893847906,20,9.808422202477232,46,41.487658930188154,19,38,0.5
392,8.010211465356406,12,5.885053321486339,85,41.42453651483314,5,12,0.4166666666666667
395,8.071514104121889,8,3.9233688809908926,62,41.39338056853624,6,12,0.5
396,8.091948317043716,8,3.9233688809908926,55,41.31764509977964,6,12,0.5
330,6.743290264203097,12,5.885053321486339,319,41.31333760063588,8,14,0.5714285714285714
326,6.6615534125157865,16,7.846737761981785,32,41.200182968629505,7,15,0.4666666666666667
331,6.763724477124924,20,9.808422202477232,309,41.19791117407045,7,14,0.5
141,2.881224021977687,20,9.808422202477232,93,41.18093776973792,23,33,0.696969696969697
327,6.681987625437614,12,5.885053321486339,20,41.162381355436054,9,15,0.6
391,7.989777252434578,16,7.846737761981785,88,41.100746628020104,5,12,0.4166666666666667
196,4.005105732678203,12,5.885053321486339,85,41.09066980730151,13,24,0.5416666666666666
99,2.022987079260929,20,9.808422202477232,55,41.00473575371813,27,47,0.574468085106383
393,8.030645678278233,12,5.885053321486339,74,40.8607561648741,5,12,0.4166666666666667
249,5.088119017535064,20,9.808422202477232,132,40.84547205314442,11,19,0.5789473684210527
495,10.114935396304645,6,2.9425266607431695,153,40.82786669147359,5,10,0.5
655,13.384409463797056,12,5.885053321486339,338,40.81174970051326,4,7,0.5714285714285714
652,13.323106825031573,20,9.808422202477232,348,40.79026446651629,4,7,0.5714285714285714
394,8.051079891200061,8,3.9233688809908926,67,40.616135910129195,5,12,0.4166666666666667
180,3.678158325928962,20,9.808422202477232,19,40.58067812362367,14,26,0.5384615384615384
141,2.881224021977687,16,7.846737761981785,92,40.55515047129429,24,33,0.7272727272727273
331,6.763724477124924,16,7.846737761981785,307,40.5461855259577,7,14,0.5
470,9.604080073258956,20,9.808422202477232,235,40.52174483835448,4,10,0.4
249,5.088119017535064,16,7.846737761981785,131,40.34741980312224,11,19,0.5789473684210527
653,13.3435410379534,16,7.846737761981785,344,40.30386630181418,4,7,0.5714285714285714
397,8.112382529965544,12,5.885053321486339,46,40.303389929455086,7,12,0.5833333333333334
498,10.176238035070128,8,3.9233688809908926,133,40.23268115816665,6,10,0.6
720,14.712633303715847,20,9.808422202477232,205,40.221512308456155,4,7,0.5714285714285714
493,10.07406697046099,4,1.9616844404954463,167,40.18722704234722,5,10,0.5
659,13.466146315484366,16,7.846737761981785,324,40.17695701428194,4,7,0.5714285714285714
654,13.363975250875228,12,5.885053321486339,343,40.13090535405588,4,7,0.5714285714285714
163,3.3307767062578932,20,9.808422202477232,25,40.051524355516065,16,29,0.5517241379310345
487,9.951461692930025,16,7.846737761981785,199,40.05067083620396,4,10,0.4
199,4.066408371443686,20,9.808422202477232,37,39.96400171007234,13,24,0.5416666666666666
496,10.135369609226473,6,2.9425266607431695,146,39.89106636175969,6,10,0.6
228,4.659000546176685,20,9.808422202477232,46,39.88355399439343,10,21,0.47619047619047616
497,10.1558038221483,8,3.9233688809908926,140,39.850575289398684,6,10,0.6
734,14.998712284621433,20,9.808422202477232,180,39.84928269922628,4,7,0.5714285714285714
124,2.533842402306618,12,5.885053321486339,23,39.73769303305067,22,38,0.5789473684210527
165,3.3716451321015484,20,9.808422202477232,154,39.67953150974411,15,28,0.5357142857142857
721,14.733067516637675,20,9.808422202477232,201,39.621461638611024,4,7,0.5714285714285714
247,5.047250591691409,8,3.9233688809908926,160,39.57798605309352,11,19,0.5789473684210527
658,13.445712102562538,8,3.9233688809908926,329,39.45874607506532,4,7,0.5714285714285714
328,6.702421838359442,6,2.9425266607431695,9,39.45541214616836,9,15,0.6
248,5.067684804613236,8,3.9233688809908926,144,39.44125284772866,11,19,0.5789473684210527
244,4.985947952925926,20,9.808422202477232,197,39.36929380538697,8,19,0.42105263157894735
653,13.3435410379534,12,5.885053321486339,344,39.323938879197854,4,7,0.5714285714285714
141,2.881224021977687,12,5.885053321486339,93,39.32343640539481,24,33,0.7272727272727273
249,5.088119017535064,12,5.885053321486339,133,39.29626705687555,11,19,0.5789473684210527
99,2.022987079260929,16,7.846737761981785,52,39.26390106820075,28,47,0.5957446808510638
651,13.302672612109745,20,9.808422202477232,354,39.23766779869121,3,7,0.42857142857142855
390,7.969343039512751,16,7.846737761981785,87,39.1104656840019,5,12,0.4166666666666667
492,10.053632757539162,4,1.9616844404954463,174,39.04833058665656,5,10,0.5
657,13.42527788964071,8,3.9233688809908926,332,39.043264966407534,4,7,0.5714285714285714
469,9.583645860337128,20,9.808422202477232,238,39.00346646919228,4,10,0.4
326,6.6615534125157865,12,5.885053321486339,32,39.001112733696836,7,15,0.4666666666666667
165,3.3716451321015484,16,7.846737761981785,152,38.97801640414505,14,28,0.5
229,4.679434759098513,20,9.808422202477232,32,38.85533193685324,9,21,0.42857142857142855
659,13.466146315484366,12,5.885053321486339,324,38.84741160976553,4,7,0.5714285714285714
652,13.323106825031573,16,7.846737761981785,352,38.807797009378355,3,7,0.42857142857142855
722,14.753501729559503,20,9.808422202477232,201,38.75369514646483,3,7,0.42857142857142855
329,6.722856051281269,6,2.9425266607431695,0,38.70587999008274,8,15,0.5333333333333333
467,9.542777434493473,20,9.808422202477232,238,38.60322627746347,3,10,0.3
332,6.784158690046752,16,7.846737761981785,294,38.58318734543971,7,14,0.5
498,10.176238035070128,6,2.9425266607431695,132,38.546277901488416,6,10,0.6
90,1.839079162964481,20,9.808422202477232,18,38.53399941008078,27,52,0.5192307692307693
245,5.006382165847754,8,3.9233688809908926,184,38.51202298750845,9,19,0.47368421052631576
246,5.026816378769581,6,2.9425266607431695,173,38.37484280325761,10,19,0.5263157894736842
468,9.5632116474153,20,9.808422202477232,237,38.360243972781475,4,10,0.4
331,6.763724477124924,12,5.885053321486339,306,38.33875380377604,7,14,0.5
655,13.384409463797056,8,3.9233688809908926,341,38.33450224399676,4,7,0.5714285714285714
198,4.045974158521858,8,3.9233688809908926,55,38.3126346594262,13,24,0.5416666666666666
491,10.033198544617335,4,1.9616844404954463,179,38.246144708916965,5,10,0.5
98,2.0025528663391015,20,9.808422202477232,82,38.18562058365367,26,47,0.5531914893617021
650,13.282238399187918,20,9.808422202477232,357,38.099658338192555,3,7,0.42857142857142855
497,10.1558038221483,6,2.9425266607431695,139,38.0391906021103,6,10,0.6
660,13.486580528406193,20,9.808422202477232,319,38.00715022246085,4,7,0.5714285714285714
656,13.404843676718883,8,3.9233688809908926,336,37.94534746991841,4,7,0.5714285714285714
330,6.743290264203097,8,3.9233688809908926,319,37.93859635883403,8,14,0.5714285714285714
332,6.784158690046752,20,9.808422202477232,294,37.92199097027086,6,14,0.42857142857142855
325,6.641119199593959,20,9.808422202477232,35,37.92017368134004,8,15,0.5333333333333333
327,6.681987625437614,8,3.9233688809908926,21,37.864237831941885,9,15,0.6
164,3.351210919179721,8,3.9233688809908926,10,37.859730256859336,16,29,0.5517241379310345
123,2.5134081893847906,16,7.846737761981785,45,37.835805028543426,19,38,0.5
651,13.302672612109745,16,7.846737761981785,355,37.80760960355896,3,7,0.42857142857142855
720,14.712633303715847,16,7.846737761981785,205,37.79566359828925,4,7,0.5714285714285714
244,4.985947952925926,16,7.846737761981785,196,37.778061409394915,8,19,0.42105263157894735
197,4.0255399456000305,6,2.9425266607431695,68,37.71834840982582,12,24,0.5
332,6.784158690046752,12,5.885053321486339,299,37.71213709802469,8,14,0.5714285714285714
396,8.091948317043716,6,2.9425266607431695,54,37.689157680479504,6,12,0.5
727,14.85567279416864,20,9.808422202477232,191,37.674253045262724,3,7,0.42857142857142855
488,9.971895905851852,8,3.9233688809908926,196,37.5826787625565,4,10,0.4
723,14.77393594248133,20,9.808422202477232,199,37.56672624207182,3,7,0.42857142857142855
494,10.094501183382818,4,1.9616844404954463,161,37.537193168193994,5,10,0.5
282,5.762448043955374,20,9.808422202477232,232,37.52697249423023,12,16,0.75
733,14.978278071699606,20,9.808422202477232,186,37.50858936717642,3,7,0.42857142857142855
395,8.071514104121889,6,2.9425266607431695,62,37.50851888455361,6,12,0.5
98,2.0025528663391015,16,7.846737761981785,85,37.49976251356129,25,47,0.5319148936170213
726,14.835238581246813,20,9.808422202477232,193,37.496989004050015,3,7,0.42857142857142855
654,13.363975250875228,8,3.9233688809908926,344,37.49050850568007,4,7,0.5714285714285714
394,8.051079891200061,6,2.9425266607431695,68,37.48627946234366,5,12,0.4166666666666667
719,14.69219909079402,20,9.808422202477232,207,37.42916101275642,4,7,0.5714285714285714
724,14.794370155403158,20,9.808422202477232,194,37.428176025628964,3,7,0.42857142857142855
725,14.814804368324985,20,9.808422202477232,192,37.42776809686528,3,7,0.42857142857142855
729,14.896541220012296,20,9.808422202477232,187,37.40800638194884,3,7,0.42857142857142855
249,5.088119017535064,8,3.9233688809908926,133,37.36687532957345,11,19,0.5789473684210527
728,14.876107007090468,20,9.808422202477232,189,37.33865118459502,3,7,0.42857142857142855
499,10.196672247991955,20,9.808422202477232,123,37.32298783113006,6,10,0.6
219,4.475092629880237,16,7.846737761981785,109,37.313148340195994,15,21,0.7142857142857143
140,2.8607898090558592,20,9.808422202477232,115,37.27640209188767,24,33,0.7272727272727273
140,2.8607898090558592,12,5.885053321486339,116,37.225042129471085,25,33,0.7575757575757576
181,3.6985925388507894,20,9.808422202477232,179,37.1886562093622,14,25,0.56
658,13.445712102562538,6,2.9425266607431695,329,37.1807839999068,4,7,0.5714285714285714
219,4.475092629880237,20,9.808422202477232,111,37.11844972556496,16,21,0.7619047619047619
660,13.486580528406193,12,5.885053321486339,319,37.11106652999177,4,7,0.5714285714285714
660,13.486580528406193,16,7.846737761981785,319,37.10316364086983,4,7,0.5714285714285714
199,4.066408371443686,16,7.846737761981785,35,37.08149759860998,13,24,0.5416666666666666
397,8.112382529965544,8,3.9233688809908926,46,37.04369487143368,7,12,0.5833333333333334
70,1.4303949045279296,20,9.808422202477232,45,37.037336264018855,34,66,0.5151515151515151
490,10.012764331695507,4,1.9616844404954463,188,37.031260550334686,4,10,0.4
165,3.3716451321015484,12,5.885053321486339,154,37.01849871751496,16,28,0.5714285714285714
440,8.991053685604129,20,9.808422202477232,327,37.01624964561471,4,10,0.4
398,8.132816742887371,20,9.808422202477232,37,37.01100347501625,7,12,0.5833333333333334
332,6.784158690046752,8,3.9233688809908926,299,36.94731554127663,8,14,0.5714285714285714
391,7.989777252434578,12,5.885053321486339,90,36.92672573362279,5,12,0.4166666666666667
457,9.338435305275198,20,9.808422202477232,268,36.904782236265774,6,10,0.6
499,10.196672247991955,16,7.846737761981785,124,36.883085204686815,7,10,0.7
657,13.42527788964071,6,2.9425266607431695,331,36.87915925430786,4,7,0.5714285714285714
652,13.323106825031573,12,5.885053321486339,352,36.815332471457374,3,7,0.42857142857142855
140,2.8607898090558592,16,7.846737761981785,117,36.69601609927478,25,33,0.7575757575757576
470,9.604080073258956,16,7.846737761981785,233,36.693977944178634,4,10,0.4
721,14.733067516637675,16,7.846737761981785,201,36.687754583733174,4,7,0.5714285714285714
352,7.192842948483303,20,9.808422202477232,25,36.660714428842326,8,14,0.5714285714285714
659,13.466146315484366,8,3.9233688809908926,323,36.630302573237806,4,7,0.5714285714285714
421,8.602803640089405,20,9.808422202477232,317,36.54889261760594,3,11,0.2727272727272727
487,9.951461692930025,12,5.885053321486339,200,36.476131103569365,4,10,0.4
199,4.066408371443686,12,5.885053321486339,37,36.47594450146471,14,24,0.5833333333333334
163,3.3307767062578932,16,7.846737761981785,29,36.46041532943551,13,29,0.4482758620689655
730,14.916975432934123,20,9.808422202477232,182,36.40202818468311,4,7,0.5714285714285714
282,5.762448043955374,16,7.846737761981785,232,36.39511187856476,12,16,0.75
630,12.873554140751367,20,9.808422202477232,385,36.384759593694476,3,7,0.42857142857142855
488,9.971895905851852,6,2.9425266607431695,199,36.365447732827306,5,10,0.5
493,10.07406697046099,3,1.4712633303715847,167,36.33807651523766,5,10,0.5
734,14.998712284621433,16,7.846737761981785,182,36.331207878326154,4,7,0.5714285714285714
82,1.6756054595898604,20,9.808422202477232,8,36.31088679232602,28,57,0.49122807017543857
247,5.047250591691409,6,2.9425266607431695,159,36.301429250287434,11,19,0.5789473684210527
726,14.835238581246813,16,7.846737761981785,191,36.23408776024802,3,7,0.42857142857142855
393,8.030645678278233,8,3.9233688809908926,77,36.18607544251547,6,12,0.5
331,6.763724477124924,8,3.9233688809908926,304,36.17835488313199,7,14,0.5
725,14.814804368324985,16,7.846737761981785,193,36.15317109923018,3,7,0.42857142857142855
458,9.358869518197025,20,9.808422202477232,262,36.14197420044147,5,10,0.5
169,3.4533819837888586,20,9.808422202477232,66,36.114181873732115,15,28,0.5357142857142857
163,3.3307767062578932,12,5.885053321486339,29,36.09793048998975,13,29,0.4482758620689655
244,4.985947952925926,12,5.885053321486339,196,36.06658349374745,8,19,0.42105263157894735
250,5.1085532304568915,20,9.808422202477232,114,36.04147058011244,12,19,0.631578947368421
650,13.282238399187918,16,7.846737761981785,359,36.01584306219168,3,7,0.42857142857142855
305,6.232434941157408,20,9.808422202477232,263,35.992108454699874,9,15,0.6
495,10.114935396304645,4,1.9616844404954463,154,35.99117673673628,5,10,0.5
99,2.022987079260929,12,5.885053321486339,54,35.98239032796484,28,47,0.5957446808510638
219,4.475092629880237,12,5.885053321486339,111,35.92852945740388,16,21,0.7619047619047619
70,1.4303949045279296,16,7.846737761981785,44,35.874586579128305,35,66,0.5303030303030303
656,13.404843676718883,6,2.9425266607431695,338,35.86461467427185,4,7,0.5714285714285714
655,13.384409463797056,6,2.9425266607431695,340,35.86079380923544,4,7,0.5714285714285714
451,9.215830027744232,20,9.808422202477232,292,35.82322094961199,6,10,0.6
281,5.742013831033546,20,9.808422202477232,242,35.81059277554265,12,16,0.75
649,13.26180418626609,20,9.808422202477232,363,35.79574691650726,3,7,0.42857142857142855
70,1.4303949045279296,12,5.885053321486339,46,35.7789424553475,35,66,0.5303030303030303
398,8.132816742887371,12,5.885053321486339,37,35.774545352172915,7,12,0.5833333333333334
486,9.931027480008197,20,9.808422202477232,208,35.72516495678917,5,10,0.5
164,3.351210919179721,6,2.9425266607431695,10,35.70359876421668,16,29,0.5517241379310345
389,7.948908826590923,20,9.808422202477232,94,35.656372164273265,6,12,0.5
326,6.6615534125157865,8,3.9233688809908926,32,35.64064091081766,7,15,0.4666666666666667
732,14.957843858777778,20,9.808422202477232,181,35.58539000957305,4,7,0.5714285714285714
388,7.928474613669096,20,9.808422202477232,93,35.53710676257561,7,12,0.5833333333333334
593,12.117488262643747,8,3.9233688809908926,58,35.52879623728549,4,8,0.5
245,5.006382165847754,6,2.9425266607431695,187,35.50531556537983,8,19,0.42105263157894735
282,5.762448043955374,12,5.885053321486339,233,35.475837169434875,12,16,0.75
471,9.624514286180784,20,9.808422202477232,232,35.44552700897068,4,10,0.4
398,8.132816742887371,16,7.846737761981785,36,35.44459345036559,7,12,0.5833333333333334
181,3.6985925388507894,12,5.885053321486339,179,35.41509794320179,15,25,0.6
496,10.135369609226473,4,1.9616844404954463,147,35.41493586706951,6,10,0.6
660,13.486580528406193,8,3.9233688809908926,319,35.40197915156604,4,7,0.5714285714285714
333,6.804592902968579,20,9.808422202477232,281,35.369475891072916,5,14,0.35714285714285715
731,14.93740964585595,20,9.808422202477232,183,35.36350705112891,4,7,0.5714285714285714
499,10.196672247991955,12,5.885053321486339,126,35.36243417113465,5,10,0.5
327,6.681987625437614,6,2.9425266607431695,20,35.35589011160517,9,15,0.6
181,3.6985925388507894,16,7.846737761981785,180,35.35221404292578,16,25,0.64
724,14.794370155403158,16,7.846737761981785,196,35.34590876282591,3,7,0.42857142857142855
662,13.527448954249849,20,9.808422202477232,322,35.3324646193192,3,7,0.42857142857142855
723,14.77393594248133,16,7.846737761981785,197,35.29836613702798,3,7,0.42857142857142855
665,13.588751593015331,16,7.846737761981785,293,35.286467074522825,3,7,0.42857142857142855
390,7.969343039512751,12,5.885053321486339,90,35.27813353829633,5,12,0.4166666666666667
263,5.37419799844065,20,9.808422202477232,195,35.27677558325365,8,17,0.47058823529411764
248,5.067684804613236,6,2.9425266607431695,142,35.27258462703743,10,19,0.5263157894736842
727,14.85567279416864,16,7.846737761981785,188,35.26726018488372,3,7,0.42857142857142855
629,12.853119927829539,20,9.808422202477232,384,35.25759085691487,3,7,0.42857142857142855
441,9.011487898525957,20,9.808422202477232,325,35.25520131981844,5,10,0.5
550,11.238817107005161,20,9.808422202477232,315,35.22726064251711,5,8,0.625
325,6.641119199593959,16,7.846737761981785,36,35.22400802033498,8,15,0.5333333333333333
131,2.676881892759411,20,9.808422202477232,73,35.20548078213054,18,35,0.5142857142857142
597,12.199225114331057,20,9.808422202477232,37,35.17607806434104,4,8,0.5
392,8.010211465356406,8,3.9233688809908926,85,35.17049062387587,5,12,0.4166666666666667
595,12.158356688487402,20,9.808422202477232,49,35.16202474910891,4,8,0.5
718,14.671764877872192,20,9.808422202477232,210,35.143945478963964,4,7,0.5714285714285714
309,6.314171792844718,12,5.885053321486339,219,35.12497443068098,7,15,0.4666666666666667
332,6.784158690046752,6,2.9425266607431695,299,35.10991528489139,8,14,0.5714285714285714
456,9.31800109235337,20,9.808422202477232,274,35.10464242767691,6,10,0.6
642,13.118764695813297,20,9.808422202477232,106,35.085112420462075,5,8,0.625
722,14.753501729559503,16,7.846737761981785,199,35.077115359163535,3,7,0.42857142857142855
651,13.302672612109745,12,5.885053321486339,355,35.053683297802934,3,7,0.42857142857142855
198,4.045974158521858,6,2.9425266607431695,54,35.017993615232804,13,24,0.5416666666666666
489,9.99233011877368,4,1.9616844404954463,196,34.995745795411985,5,10,0.5
261,5.333329572596995,20,9.808422202477232,221,34.99387341780545,7,17,0.4117647058823529
324,6.620684986672131,20,9.808422202477232,55,34.98413579498704,9,15,0.6
155,3.1673030028832727,20,9.808422202477232,99,34.91083625039154,18,30,0.6
196,4.005105732678203,8,3.9233688809908926,88,34.910707142251745,12,24,0.5
460,9.39973794404068,20,9.808422202477232,264,34.90759081277387,6,10,0.6
550,11.238817107005161,16,7.846737761981785,317,34.88186561126523,5,8,0.625
549,11.218382894083334,20,9.808422202477232,321,34.86867485609989,6,8,0.75
491,10.033198544617335,3,1.4712633303715847,181,34.858084712472014,5,10,0.5
643,13.139198908735125,20,9.808422202477232,99,34.82152026139919,4,8,0.5
592,12.097054049721919,8,3.9233688809908926,64,34.77121571871624,4,8,0.5
305,6.232434941157408,16,7.846737761981785,263,34.76551918360481,11,15,0.7333333333333333
628,12.832685714907711,16,7.846737761981785,478,34.73512345131525,3,7,0.42857142857142855
596,12.17879090140923,20,9.808422202477232,43,34.7257120522132,4,8,0.5
594,12.137922475565574,16,7.846737761981785,55,34.72293076403424,4,8,0.5
593,12.117488262643747,12,5.885053321486339,58,34.71454308033213,4,8,0.5
594,12.137922475565574,8,3.9233688809908926,52,34.6985511542559,4,8,0.5
249,5.088119017535064,6,2.9425266607431695,132,34.67276996276614,11,19,0.5789473684210527
595,12.158356688487402,16,7.846737761981785,49,34.665197559657784,4,8,0.5
659,13.466146315484366,6,2.9425266607431695,324,34.66495572888117,4,7,0.5714285714285714
442,9.031922111447784,20,9.808422202477232,319,34.638877405359175,5,10,0.5
594,12.137922475565574,20,9.808422202477232,55,34.63830002066924,4,8,0.5
325,6.641119199593959,12,5.885053321486339,44,34.63371033070347,8,15,0.5333333333333333
250,5.1085532304568915,16,7.846737761981785,114,34.63133163921497,12,19,0.631578947368421
472,9.644948499102611,20,9.808422202477232,229,34.627893064671525,4,10,0.4
450,9.195395814822405,20,9.808422202477232,297,34.61706740254083,5,10,0.5
642,13.118764695813297,16,7.846737761981785,103,34.598153321456294,4,8,0.5
661,13.507014741328021,20,9.808422202477232,324,34.560304538944465,3,7,0.42857142857142855
653,13.3435410379534,8,3.9233688809908926,346,34.55681272720423,4,7,0.5714285714285714
591,12.076619836800091,20,9.808422202477232,68,34.55328817016813,4,8,0.5
719,14.69219909079402,16,7.846737761981785,208,34.528003952807794,4,7,0.5714285714285714
596,12.17879090140923,16,7.846737761981785,43,34.513257337287186,4,8,0.5
492,10.053632757539162,3,1.4712633303715847,172,34.51258188987155,5,10,0.5
125,2.5542766152284457,20,9.808422202477232,114,34.50805556557814,21,37,0.5675675675675675
593,12.117488262643747,16,7.846737761981785,60,34.50769793662634,4,8,0.5
594,12.137922475565574,12,5.885053321486339,52,34.507283978743345,4,8,0.5
169,3.4533819837888586,16,7.846737761981785,65,34.50264530498459,14,28,0.5
591,12.076619836800091,16,7.846737761981785,68,34.502508992932164,4,8,0.5
228,4.659000546176685,16,7.846737761981785,39,34.49530655678052,11,21,0.5238095238095238
308,6.29373757992289,20,9.808422202477232,227,34.48634322975619,7,15,0.4666666666666667
448,9.15452738897875,20,9.808422202477232,301,34.45220753872694,5,10,0.5
598,12.219659327252884,20,9.808422202477232,31,34.434643178036964,4,8,0.5
123,2.5134081893847906,12,5.885053321486339,46,34.418429458468694,19,38,0.5
595,12.158356688487402,12,5.885053321486339,49,34.407539618820316,4,8,0.5
592,12.097054049721919,16,7.846737761981785,64,34.39377756176943,4,8,0.5
461,9.420172156962508,20,9.808422202477232,262,34.387229005413175,6,10,0.6
654,13.363975250875228,6,2.9425266607431695,347,34.37665112413205,4,7,0.5714285714285714
627,12.812251501985884,20,9.808422202477232,482,34.37570075438647,3,7,0.42857142857142855
413,8.439329936714785,20,9.808422202477232,309,34.372509534369215,7,11,0.6363636363636364
628,12.832685714907711,20,9.808422202477232,387,34.370089570688826,3,7,0.42857142857142855
283,5.782882256877201,20,9.808422202477232,223,34.34433324703607,13,16,0.8125
281,5.742013831033546,16,7.846737761981785,245,34.33798174239087,12,16,0.75
449,9.174961601900577,20,9.808422202477232,298,34.33513550451846,5,10,0.5
494,10.094501183382818,3,1.4712633303715847,161,34.32792281665285,5,10,0.5
728,14.876107007090468,16,7.846737761981785,187,34.32513238839985,3,7,0.42857142857142855
548,11.197948681161506,20,9.808422202477232,328,34.32469640828878,6,8,0.75
132,2.6973161056812387,20,9.808422202477232,53,34.321905750818466,17,35,0.4857142857142857
330,6.743290264203097,6,2.9425266607431695,317,34.31517848653381,7,14,0.5
592,12.097054049721919,20,9.808422202477232,64,34.30434199666768,4,8,0.5
498,10.176238035070128,4,1.9616844404954463,132,34.30223898771719,6,10,0.6
333,6.804592902968579,16,7.846737761981785,289,34.260516809218196,8,14,0.5714285714285714
592,12.097054049721919,12,5.885053321486339,64,34.25575538513432,4,8,0.5
663,13.547883167171676,20,9.808422202477232,304,34.24912548636992,3,7,0.42857142857142855
549,11.218382894083334,16,7.846737761981785,319,34.23809430514518,5,8,0.625
412,8.418895723792957,20,9.808422202477232,319,34.23783852062902,5,11,0.45454545454545453
661,13.507014741328021,16,7.846737761981785,313,34.23369445800467,3,7,0.42857142857142855
309,6.314171792844718,16,7.846737761981785,219,34.21703335824059,7,15,0.4666666666666667
326,6.6615534125157865,6,2.9425266607431695,32,34.193305388458704,7,15,0.4666666666666667
369,7.540224568154372,20,9.808422202477232,169,34.17564991114282,8,13,0.6153846153846154
631,12.893988353673194,20,9.808422202477232,383,34.16822617456408,3,7,0.42857142857142855
593,12.117488262643747,6,2.9425266607431695,59,34.15288156127333,4,8,0.5
662,13.527448954249849,16,7.846737761981785,307,34.13755556693528,3,7,0.42857142857142855
280,5.7215796181117184,20,9.808422202477232,255,34.11962928405586,12,16,0.75
220,4.4955268428020645,12,5.885053321486339,99,34.08832442855439,13,21,0.6190476190476191
597,12.199225114331057,16,7.846737761981785,36,34.0674727107818,4,8,0.5
82,1.6756054595898604,16,7.846737761981785,8,34.06011117304809,30,57,0.5263157894736842
721,14.733067516637675,12,5.885053321486339,201,34.05486145577202,4,7,0.5714285714285714
165,3.3716451321015484,8,3.9233688809908926,154,34.044884915833144,16,28,0.5714285714285714
490,10.012764331695507,3,1.4712633303715847,188,34.03694071422518,4,10,0.4
593,12.117488262643747,20,9.808422202477232,61,34.03372276781977,4,8,0.5
594,12.137922475565574,6,2.9425266607431695,53,34.03047719323014,4,8,0.5
486,9.931027480008197,16,7.846737761981785,215,34.02892369237458,6,10,0.6
500,10.217106460913783,20,9.808422202477232,114,34.02152757745329,6,10,0.6
665,13.588751593015331,12,5.885053321486339,293,34.01882543088295,3,7,0.42857142857142855
351,7.172408735561476,20,9.808422202477232,32,34.01135570754487,7,14,0.5
414,8.459764149636612,20,9.808422202477232,307,33.993802563154006,8,11,0.7272727272727273
261,5.333329572596995,16,7.846737761981785,219,33.98770989348589,7,17,0.4117647058823529
652,13.323106825031573,8,3.9233688809908926,357,33.97789731724952,3,7,0.42857142857142855
729,14.896541220012296,16,7.846737761981785,186,33.96604483556439,3,7,0.42857142857142855
627,12.812251501985884,16,7.846737761981785,483,33.924624968900446,3,7,0.42857142857142855
657,13.42527788964071,4,1.9616844404954463,334,33.919104997290454,4,7,0.5714285714285714
500,10.217106460913783,16,7.846737761981785,114,33.914576942548784,6,10,0.6
324,6.620684986672131,16,7.846737761981785,55,33.91354110928788,9,15,0.6
628,12.832685714907711,12,5.885053321486339,479,33.88454576450525,3,7,0.42857142857142855
551,11.259251319926989,20,9.808422202477232,311,33.8842293621772,5,8,0.625
641,13.09833048289147,20,9.808422202477232,112,33.871423039794635,5,8,0.625
550,11.238817107005161,12,5.885053321486339,319,33.84480689848359,6,8,0.75
420,8.582369427167578,20,9.808422202477232,325,33.84332598311383,3,11,0.2727272727272727
660,13.486580528406193,6,2.9425266607431695,317,33.83183771496754,3,7,0.42857142857142855
626,12.791817289064056,20,9.808422202477232,484,33.82538329500139,3,7,0.42857142857142855
426,8.704974704698543,20,9.808422202477232,296,33.81135370137712,3,11,0.2727272727272727
547,11.177514468239679,20,9.808422202477232,336,33.80548712614957,6,8,0.75
263,5.37419799844065,16,7.846737761981785,195,33.79996473909958,8,17,0.47058823529411764
663,13.547883167171676,16,7.846737761981785,304,33.79593136614368,3,7,0.42857142857142855
663,13.547883167171676,12,5.885053321486339,304,33.79487031798781,3,7,0.42857142857142855
310,6.334606005766545,12,5.885053321486339,209,33.78872931440861,8,15,0.5333333333333333
497,10.1558038221483,4,1.9616844404954463,140,33.7851513803987,6,10,0.6
590,12.056185623878264,20,9.808422202477232,72,33.77994289821707,4,8,0.5
469,9.583645860337128,16,7.846737761981785,234,33.778169040728685,4,10,0.4
599,12.240093540174712,20,9.808422202477232,24,33.77200727702129,6,8,0.75
619,12.648777798611263,16,7.846737761981785,523,33.764016685562645,3,7,0.42857142857142855
323,6.600250773750304,20,9.808422202477232,61,33.717944991787064,9,15,0.6
411,8.39846151087113,20,9.808422202477232,322,33.69056293353645,6,11,0.5454545454545454
591,12.076619836800091,12,5.885053321486339,68,33.67391185807924,4,8,0.5
399,8.153250955809199,20,9.808422202477232,28,33.66974413789045,7,12,0.5833333333333334
548,11.197948681161506,16,7.846737761981785,329,33.66740977618817,7,8,0.875
501,10.23754067383561,20,9.808422202477232,105,33.663200360788956,5,10,0.5
199,4.066408371443686,8,3.9233688809908926,35,33.66240878559998,13,24,0.5416666666666666
543,11.095777616552368,12,5.885053321486339,360,33.661697506075605,6,8,0.75
643,13.139198908735125,16,7.846737761981785,100,33.661487798799875,4,8,0.5
547,11.177514468239679,16,7.846737761981785,334,33.65646149155305,6,8,0.75
621,12.689646224454918,20,9.808422202477232,514,33.649879223697056,4,7,0.5714285714285714
661,13.507014741328021,12,5.885053321486339,314,33.64257363365166,3,7,0.42857142857142855
542,11.07534340363054,16,7.846737761981785,367,33.636989503806355,6,8,0.75
362,7.397185077701579,20,9.808422202477232,361,33.60340945742634,6,12,0.5
441,9.011487898525957,16,7.846737761981785,323,33.60150397786654,5,10,0.5
551,11.259251319926989,12,5.885053321486339,313,33.59690779110245,5,8,0.625
455,9.297566879431542,20,9.808422202477232,282,33.591503607514824,7,10,0.7
397,8.112382529965544,6,2.9425266607431695,46,33.57035052528445,7,12,0.5833333333333334
619,12.648777798611263,20,9.808422202477232,522,33.54180101894935,3,7,0.42857142857142855
551,11.259251319926989,16,7.846737761981785,311,33.53450886107258,5,8,0.625
333,6.804592902968579,12,5.885053321486339,286,33.52419678785785,7,14,0.5
542,11.07534340363054,12,5.885053321486339,367,33.51789242274801,6,8,0.75
393,8.030645678278233,6,2.9425266607431695,78,33.50350238584421,6,12,0.5
460,9.39973794404068,16,7.846737761981785,264,33.49952073189214,6,10,0.6
443,9.052356324369612,20,9.808422202477232,316,33.498145752680266,5,10,0.5
537,10.973172339021403,20,9.808422202477232,397,33.491253327093666,5,8,0.625
306,6.252869154079235,20,9.808422202477232,252,33.489703842124776,9,15,0.6
596,12.17879090140923,12,5.885053321486339,42,33.482678175920086,4,8,0.5
549,11.218382894083334,12,5.885053321486339,324,33.478047114868986,6,8,0.75
548,11.197948681161506,12,5.885053321486339,329,33.47781308083017,7,8,0.875
733,14.978278071699606,16,7.846737761981785,194,33.44942696356371,3,7,0.42857142857142855
618,12.628343585689436,8,3.9233688809908926,526,33.405585499616286,3,7,0.42857142857142855
309,6.314171792844718,20,9.808422202477232,216,33.39258298517866,8,15,0.5333333333333333
697,14.242646406513813,20,9.808422202477232,134,33.38574820756548,5,7,0.7142857142857143
132,2.6973161056812387,16,7.846737761981785,55,33.38097529269513,18,35,0.5142857142857142
414,8.459764149636612,16,7.846737761981785,305,33.379691913491925,7,11,0.6363636363636364
275,5.619408553502581,20,9.808422202477232,40,33.3789053448309,10,17,0.5882352941176471
447,9.134093176056922,20,9.808422202477232,304,33.37340001969128,6,10,0.6
370,7.560658781076199,20,9.808422202477232,167,33.372236467051714,8,13,0.6153846153846154
313,6.395908644532028,20,9.808422202477232,171,33.36086855727317,8,15,0.5333333333333333
649,13.26180418626609,16,7.846737761981785,362,33.3577595059482,3,7,0.42857142857142855
620,12.66921201153309,20,9.808422202477232,519,33.349322741467155,3,7,0.42857142857142855
283,5.782882256877201,12,5.885053321486339,222,33.3335656855298,13,16,0.8125
634,12.955290992438677,20,9.808422202477232,89,33.3328092145682,5,8,0.625
666,13.609185805937159,16,7.846737761981785,289,33.33077412599783,4,7,0.5714285714285714
170,3.473816196710686,16,7.846737761981785,47,33.3295967011061,13,27,0.48148148148148145
656,13.404843676718883,4,1.9616844404954463,339,33.32480755107371,4,7,0.5714285714285714
180,3.678158325928962,16,7.846737761981785,18,33.313970556274896,16,26,0.6153846153846154
546,11.157080255317851,20,9.808422202477232,341,33.3088688151565,6,8,0.75
664,13.568317380093504,16,7.846737761981785,294,33.30222962832081,3,7,0.42857142857142855
500,10.217106460913783,12,5.885053321486339,115,33.2996324208306,6,10,0.6
539,11.014040764865058,20,9.808422202477232,384,33.291306466539545,5,8,0.625
598,12.219659327252884,16,7.846737761981785,30,33.279648185488284,4,8,0.5
590,12.056185623878264,16,7.846737761981785,72,33.278804815362015,4,8,0.5
124,2.533842402306618,8,3.9233688809908926,21,33.268514192863755,22,38,0.5789473684210527
220,4.4955268428020645,16,7.846737761981785,97,33.2671224590506,11,21,0.5238095238095238
413,8.439329936714785,16,7.846737761981785,314,33.245987543556275,6,11,0.5454545454545454
251,5.128987443378719,16,7.846737761981785,103,33.245929561459434,8,19,0.42105263157894735
545,11.136646042396023,16,7.846737761981785,348,33.24307956513605,6,8,0.75
620,12.66921201153309,12,5.885053321486339,519,33.24084732859507,3,7,0.42857142857142855
310,6.334606005766545,20,9.808422202477232,206,33.2203322356841,9,15,0.6
427,8.72540891762037,20,9.808422202477232,297,33.22001198432085,3,11,0.2727272727272727
328,6.702421838359442,4,1.9616844404954463,10,33.209081636334766,9,15,0.6
720,14.712633303715847,12,5.885053321486339,207,33.207278217559164,4,7,0.5714285714285714
458,9.358869518197025,16,7.846737761981785,267,33.20123457309686,7,10,0.7
696,14.222212193591986,20,9.808422202477232,139,33.19926862141117,5,7,0.7142857142857143
361,7.376750864779751,16,7.846737761981785,7,33.19148159282342,6,13,0.46153846153846156
471,9.624514286180784,16,7.846737761981785,230,33.18593249854159,4,10,0.4
308,6.29373757992289,16,7.846737761981785,228,33.174639558111465,7,15,0.4666666666666667
457,9.338435305275198,16,7.846737761981785,270,33.173782503854085,7,10,0.7
546,11.157080255317851,12,5.885053321486339,343,33.169436252123305,6,8,0.75
718,14.671764877872192,16,7.846737761981785,214,33.167925197924426,3,7,0.42857142857142855
546,11.157080255317851,16,7.846737761981785,339,33.166026753131526,6,8,0.75
540,11.034474977786886,20,9.808422202477232,379,33.163581672484106,5,8,0.625
98,2.0025528663391015,12,5.885053321486339,85,33.16164706214034,25,47,0.5319148936170213
544,11.116211829474196,20,9.808422202477232,355,33.1609002878717,5,8,0.625
544,11.116211829474196,16,7.846737761981785,353,33.1588121814121,5,8,0.625
437,8.929751046838646,20,9.808422202477232,330,33.15703653735185,6,10,0.6
595,12.158356688487402,8,3.9233688809908926,47,33.15672151800493,4,8,0.5
685,13.997435851451883,20,9.808422202477232,185,33.15088059009799,5,7,0.7142857142857143
541,11.054909190708713,20,9.808422202477232,373,33.150154010133555,5,8,0.625
310,6.334606005766545,16,7.846737761981785,208,33.14325413302755,9,15,0.6
650,13.282238399187918,12,5.885053321486339,359,33.12455895900212,3,7,0.42857142857142855
618,12.628343585689436,12,5.885053321486339,527,33.121053763848394,3,7,0.42857142857142855
627,12.812251501985884,12,5.885053321486339,483,33.11921565281122,3,7,0.42857142857142855
306,6.252869154079235,16,7.846737761981785,252,33.10509579847372,9,15,0.6
392,8.010211465356406,6,2.9425266607431695,88,33.10233504294521,4,12,0.3333333333333333
140,2.8607898090558592,8,3.9233688809908926,115,33.101429764687026,25,33,0.7575757575757576
275,5.619408553502581,16,7.846737761981785,40,33.088422229877494,10,17,0.5882352941176471
283,5.782882256877201,16,7.846737761981785,223,33.0882162185686,13,16,0.8125
486,9.931027480008197,12,5.885053321486339,213,33.0853084006951,6,10,0.6
541,11.054909190708713,16,7.846737761981785,372,33.08044366016018,6,8,0.75
468,9.5632116474153,16,7.846737761981785,234,33.0782762183646,3,10,0.3
442,9.031922111447784,16,7.846737761981785,319,33.07066767807188,5,10,0.5
644,13.159633121656952,20,9.808422202477232,99,33.05915224323078,4,8,0.5
501,10.23754067383561,12,5.885053321486339,111,33.05276932829058,5,10,0.5
485,9.91059326708637,20,9.808422202477232,220,33.051988206324395,6,10,0.6
630,12.873554140751367,12,5.885053321486339,381,33.05009813743987,3,7,0.42857142857142855
474,9.685816924946266,20,9.808422202477232,332,33.0475763015239,5,10,0.5
412,8.418895723792957,16,7.846737761981785,321,33.046377590259006,5,11,0.45454545454545453
587,11.994882985112781,16,7.846737761981785,478,33.026127017887745,3,8,0.375
452,9.23626424066606,20,9.808422202477232,286,33.02365662683877,6,10,0.6
388,7.928474613669096,16,7.846737761981785,93,33.018275800300216,7,12,0.5833333333333334
251,5.128987443378719,20,9.808422202477232,105,33.01713295536187,9,19,0.47368421052631576
436,8.909316833916819,20,9.808422202477232,332,33.015782328827456,6,10,0.6
698,14.263080619435641,12,5.885053321486339,129,33.00334446711357,5,7,0.7142857142857143
325,6.641119199593959,8,3.9233688809908926,44,33.0019646290268,8,15,0.5333333333333333
569,11.627067152519885,20,9.808422202477232,507,32.99087690382702,5,8,0.625
730,14.916975432934123,16,7.846737761981785,184,32.99075979687561,4,7,0.5714285714285714
536,10.952738126099575,20,9.808422202477232,399,32.990582969516495,5,8,0.625
170,3.473816196710686,20,9.808422202477232,47,32.988472081408794,13,27,0.48148148148148145
542,11.07534340363054,20,9.808422202477232,365,32.988311663667716,6,8,0.75
220,4.4955268428020645,8,3.9233688809908926,99,32.98079704404427,13,21,0.6190476190476191
90,1.839079162964481,16,7.846737761981785,19,32.97521537396031,30,52,0.5769230769230769
676,13.813527935155435,20,9.808422202477232,238,32.97451347247513,3,7,0.42857142857142855
619,12.648777798611263,12,5.885053321486339,523,32.97321557334088,3,7,0.42857142857142855
466,9.522343221571646,20,9.808422202477232,245,32.950530182181765,4,10,0.4
459,9.379303731118853,20,9.808422202477232,263,32.94747759233355,7,10,0.7
502,10.257974886757438,20,9.808422202477232,105,32.94502063035793,4,10,0.4
545,11.136646042396023,20,9.808422202477232,349,32.94075385414457,6,8,0.75
618,12.628343585689436,16,7.846737761981785,527,32.933901747798664,3,7,0.42857142857142855
296,6.0485270248609595,20,9.808422202477232,64,32.927626545180544,7,16,0.4375
389,7.948908826590923,16,7.846737761981785,94,32.913094872819414,6,12,0.5
616,12.58747515984578,20,9.808422202477232,536,32.904832298378544,3,7,0.42857142857142855
655,13.384409463797056,4,1.9616844404954463,343,32.88284861044233,4,7,0.5714285714285714
651,13.302672612109745,8,3.9233688809908926,359,32.87998017285656,3,7,0.42857142857142855
299,6.109829663626442,20,9.808422202477232,31,32.876167351591924,9,16,0.5625
507,10.360145951366576,20,9.808422202477232,67,32.87358849390045,3,10,0.3
592,12.097054049721919,6,2.9425266607431695,64,32.87115492166019,4,8,0.5
537,10.973172339021403,16,7.846737761981785,395,32.86964525399856,4,8,0.5
229,4.679434759098513,16,7.846737761981785,34,32.86873061243607,12,21,0.5714285714285714
451,9.215830027744232,16,7.846737761981785,290,32.867285420740586,6,10,0.6
298,6.089395450704615,20,9.808422202477232,43,32.86716921046452,8,16,0.5
339,6.927198180499545,16,7.846737761981785,227,32.86594573404696,6,13,0.46153846153846156
444,9.07279053729144,20,9.808422202477232,313,32.862567604017734,6,10,0.6
473,9.665382712024439,20,9.808422202477232,223,32.84954866992398,4,10,0.4
697,14.242646406513813,16,7.846737761981785,131,32.84762940762416,5,7,0.7142857142857143
630,12.873554140751367,16,7.846737761981785,381,32.82887320821253,3,7,0.42857142857142855
308,6.29373757992289,12,5.885053321486339,230,32.8062632909147,7,15,0.4666666666666667
276,5.639842766424408,16,7.846737761981785,28,32.79511510557944,9,17,0.5294117647058824
499,10.196672247991955,8,3.9233688809908926,124,32.78122999503597,7,10,0.7
501,10.23754067383561,8,3.9233688809908926,112,32.781033500335454,5,10,0.5
543,11.095777616552368,20,9.808422202477232,357,32.775279298767494,5,8,0.625
297,6.068961237782787,20,9.808422202477232,55,32.764748135158385,7,16,0.4375
670,13.69092265762447,16,7.846737761981785,267,32.750554302652596,3,7,0.42857142857142855
439,8.970619472682301,20,9.808422202477232,326,32.74747097951895,5,10,0.5
677,13.833962148077262,16,7.846737761981785,232,32.74485633267767,3,7,0.42857142857142855
597,12.199225114331057,12,5.885053321486339,37,32.73103198791769,4,8,0.5
599,12.240093540174712,16,7.846737761981785,25,32.72669575151193,5,8,0.625
329,6.722856051281269,4,1.9616844404954463,0,32.72565715011196,8,15,0.5333333333333333
632,12.914422566595022,20,9.808422202477232,102,32.72399857350759,4,8,0.5
508,10.380580164288403,20,9.808422202477232,62,32.71971686156613,3,9,0.3333333333333333
79,1.6143028208243777,20,9.808422202477232,64,32.71764306725166,27,58,0.46551724137931033
237,4.842908462473133,20,9.808422202477232,64,32.711720622227176,6,20,0.3
536,10.952738126099575,16,7.846737761981785,401,32.71109879843266,5,8,0.625
626,12.791817289064056,16,7.846737761981785,484,32.7042698194478,3,7,0.42857142857142855
246,5.026816378769581,4,1.9616844404954463,172,32.70392023110562,9,19,0.47368421052631576
664,13.568317380093504,8,3.9233688809908926,299,32.702075372740715,4,7,0.5714285714285714
543,11.095777616552368,16,7.846737761981785,358,32.70032961050737,5,8,0.625
620,12.66921201153309,16,7.846737761981785,519,32.6977529558678,3,7,0.42857142857142855
262,5.353763785518822,20,9.808422202477232,209,32.697678571662806,8,17,0.47058823529411764
695,14.201777980670158,20,9.808422202477232,140,32.69661870374835,5,7,0.7142857142857143
170,3.473816196710686,12,5.885053321486339,48,32.69296527340022,13,27,0.48148148148148145
664,13.568317380093504,12,5.885053321486339,299,32.68768483730268,4,7,0.5714285714285714
501,10.23754067383561,16,7.846737761981785,108,32.686892165023664,4,10,0.4
538,10.99360655194323,20,9.808422202477232,391,32.68357411901297,4,8,0.5
663,13.547883167171676,8,3.9233688809908926,302,32.68116280528236,3,7,0.42857142857142855
678,13.85439636099909,16,7.846737761981785,227,32.67547251331013,3,7,0.42857142857142855
396,8.091948317043716,4,1.9616844404954463,55,32.675251051567244,6,12,0.5
499,10.196672247991955,6,2.9425266607431695,126,32.66503688491497,5,10,0.5
570,11.647501365441713,20,9.808422202477232,505,32.66347269150385,5,8,0.625
686,14.01787006437371,20,9.808422202477232,182,32.66285406472437,5,7,0.7142857142857143
280,5.7215796181117184,16,7.846737761981785,257,32.66248242226416,12,16,0.75
179,3.6577241130071343,12,5.885053321486339,39,32.65963256146336,17,26,0.6538461538461539
296,6.0485270248609595,16,7.846737761981785,63,32.657675191500076,7,16,0.4375
438,8.950185259760474,20,9.808422202477232,328,32.62623142884049,5,10,0.5
125,2.5542766152284457,16,7.846737761981785,115,32.623018164219005,21,37,0.5675675675675675
544,11.116211829474196,12,5.885053321486339,354,32.62152262670408,5,8,0.625
361,7.376750864779751,20,9.808422202477232,9,32.61940633601082,7,13,0.5384615384615384
503,10.278409099679266,20,9.808422202477232,87,32.619349216185356,4,10,0.4
398,8.132816742887371,8,3.9233688809908926,36,32.597288661522576,7,12,0.5833333333333334
419,8.56193521424575,20,9.808422202477232,337,32.57895122348724,5,11,0.45454545454545453
243,4.9655137400040985,16,7.846737761981785,215,32.57151591612759,10,19,0.5263157894736842
487,9.951461692930025,8,3.9233688809908926,207,32.56754619164257,6,10,0.6
678,13.85439636099909,20,9.808422202477232,226,32.56168134355804,3,7,0.42857142857142855
76,1.553000182058895,20,9.808422202477232,46,32.55772733696395,31,61,0.5081967213114754
615,12.567040946923953,20,9.808422202477232,539,32.555992905608626,3,7,0.42857142857142855
618,12.628343585689436,20,9.808422202477232,525,32.55512346896651,3,7,0.42857142857142855
547,11.177514468239679,12,5.885053321486339,332,32.554685931475106,6,8,0.75
475,9.706251137868094,20,9.808422202477232,326,32.54937958799672,4,10,0.4
309,6.314171792844718,8,3.9233688809908926,217,32.54127836240038,8,15,0.5333333333333333
548,11.197948681161506,8,3.9233688809908926,328,32.54102417642851,7,8,0.875
195,3.9846715197563753,20,9.808422202477232,97,32.538258407311424,13,24,0.5416666666666666
723,14.77393594248133,12,5.885053321486339,4,32.5244010833061,5,7,0.7142857142857143
722,14.753501729559503,12,5.885053321486339,8,32.52393694616711,5,7,0.7142857142857143
634,12.955290992438677,16,7.846737761981785,89,32.51708881139678,5,8,0.625
394,8.051079891200061,4,1.9616844404954463,68,32.51580755533333,5,12,0.4166666666666667
552,11.279685532848816,20,9.808422202477232,303,32.515712627118035,4,8,0.5
554,11.320553958692471,20,9.808422202477232,291,32.51166909265838,5,8,0.625
243,4.9655137400040985,12,5.885053321486339,214,32.50819082743905,10,19,0.5263157894736842
652,13.323106825031573,6,2.9425266607431695,358,32.507297288839375,3,7,0.42857142857142855
677,13.833962148077262,20,9.808422202477232,232,32.505342541857615,3,7,0.42857142857142855
688,14.058738490217365,20,9.808422202477232,175,32.501307855528,5,7,0.7142857142857143
428,8.745843130542198,20,9.808422202477232,292,32.49675140298787,4,11,0.36363636363636365
621,12.689646224454918,16,7.846737761981785,512,32.495894794808166,4,7,0.5714285714285714
506,10.339711738444748,20,9.808422202477232,72,32.49248304366463,3,10,0.3
640,13.077896269969642,20,9.808422202477232,112,32.49171274059146,5,8,0.625
658,13.445712102562538,4,1.9616844404954463,328,32.49090975379135,5,7,0.7142857142857143
227,4.6385663332548575,20,9.808422202477232,50,32.489529468874906,11,21,0.5238095238095238
488,9.971895905851852,4,1.9616844404954463,199,32.48537007363976,5,10,0.5
617,12.607909372767608,20,9.808422202477232,533,32.482756292735274,3,7,0.42857142857142855
410,8.378027297949302,20,9.808422202477232,335,32.47993570086829,6,11,0.5454545454545454
687,14.038304277295538,20,9.808422202477232,179,32.479005689141054,5,7,0.7142857142857143
579,11.83140928173816,12,5.885053321486339,144,32.4682950766414,7,8,0.875
252,5.149421656300547,16,7.846737761981785,91,32.46384268040523,8,19,0.42105263157894735
580,11.851843494659988,20,9.808422202477232,139,32.44532491636932,7,8,0.875
334,6.825027115890407,20,9.808422202477232,272,32.438432779718845,5,14,0.35714285714285715
360,7.356316651857924,20,9.808422202477232,15,32.42406575427033,7,13,0.5384615384615384
664,13.568317380093504,20,9.808422202477232,299,32.42196694072947,3,7,0.42857142857142855
732,14.957843858777778,16,7.846737761981785,186,32.42150880273953,3,7,0.42857142857142855
662,13.527448954249849,12,5.885053321486339,306,32.42119190087584,3,7,0.42857142857142855
333,6.804592902968579,8,3.9233688809908926,286,32.41436075664214,7,14,0.5
413,8.439329936714785,12,5.885053321486339,315,32.41269600145804,6,11,0.5454545454545454
506,10.339711738444748,12,5.885053321486339,77,32.40302719916322,3,10,0.3
243,4.9655137400040985,20,9.808422202477232,208,32.40224230160736,9,19,0.47368421052631576
671,13.711356870546297,20,9.808422202477232,264,32.40142521059895,3,7,0.42857142857142855
450,9.195395814822405,16,7.846737761981785,292,32.395821567331986,6,10,0.6
622,12.710080437376746,20,9.808422202477232,509,32.39090319076162,4,7,0.5714285714285714
537,10.973172339021403,12,5.885053321486339,397,32.387544595060525,7,8,0.875
94,1.9208160146517912,20,9.808422202477232,46,32.38272331718586,24,49,0.4897959183673469
295,6.028092811939132,20,9.808422202477232,72,32.37509324232516,7,16,0.4375
163,3.3307767062578932,8,3.9233688809908926,32,32.374229172307544,13,29,0.4482758620689655
361,7.376750864779751,12,5.885053321486339,8,32.36293202624657,6,13,0.46153846153846156
387,7.908040400747268,20,9.808422202477232,96,32.356214538090256,6,12,0.5
645,13.18006733457878,20,9.808422202477232,91,32.345432420062274,4,8,0.5
464,9.48147479572799,20,9.808422202477232,259,32.34328416910377,5,10,0.5
331,6.763724477124924,6,2.9425266607431695,305,32.34247266539016,7,14,0.5
99,2.022987079260929,8,3.9233688809908926,55,32.341876438642764,28,47,0.5957446808510638
698,14.263080619435641,8,3.9233688809908926,127,32.34038803865301,5,7,0.7142857142857143
610,12.464869882314815,20,9.808422202477232,568,32.338934745011535,4,7,0.5714285714285714
454,9.277132666509715,20,9.808422202477232,290,32.3342657021247,7,10,0.7
717,14.651330664950365,20,9.808422202477232,215,32.33410102773377,3,7,0.42857142857142855
156,3.1877372158051003,20,9.808422202477232,82,32.32691416740955,16,30,0.5333333333333333
281,5.742013831033546,12,5.885053321486339,245,32.32312503669235,12,16,0.75
260,5.312895359675167,20,9.808422202477232,229,32.318660600921426,7,17,0.4117647058823529
689,14.079172703139193,20,9.808422202477232,173,32.31271214892391,5,7,0.7142857142857143
507,10.360145951366576,12,5.885053321486339,70,32.309166541685066,3,10,0.3
695,14.201777980670158,16,7.846737761981785,144,32.30581372501243,5,7,0.7142857142857143
726,14.835238581246813,12,5.885053321486339,191,32.30037400213599,3,7,0.42857142857142855
633,12.93485677951685,20,9.808422202477232,454,32.295770473976674,3,7,0.42857142857142855
169,3.4533819837888586,12,5.885053321486339,65,32.29406960528964,14,28,0.5
220,4.4955268428020645,20,9.808422202477232,95,32.2892924380401,10,21,0.47619047619047616
275,5.619408553502581,12,5.885053321486339,42,32.280566678564874,11,17,0.6470588235294118
678,13.85439636099909,12,5.885053321486339,229,32.274584115276646,3,7,0.42857142857142855
622,12.710080437376746,16,7.846737761981785,508,32.27306349301929,4,7,0.5714285714285714
131,2.676881892759411,16,7.846737761981785,73,32.27276268880021,18,35,0.5142857142857142
580,11.851843494659988,16,7.846737761981785,139,32.266738724276635,7,8,0.875
395,8.071514104121889,4,1.9616844404954463,63,32.261848291611265,6,12,0.5
483,9.869724841242714,20,9.808422202477232,238,32.25422632342782,7,10,0.7
540,11.034474977786886,16,7.846737761981785,377,32.24554785554663,6,8,0.75
316,6.457211283297511,20,9.808422202477232,143,32.23688176962884,7,15,0.4666666666666667
653,13.3435410379534,6,2.9425266607431695,350,32.23615983182976,4,7,0.5714285714285714
633,12.93485677951685,16,7.846737761981785,452,32.23141910308747,3,7,0.42857142857142855
667,13.629620018858986,16,7.846737761981785,283,32.23088312297116,3,7,0.42857142857142855
697,14.242646406513813,12,5.885053321486339,134,32.22727884090342,5,7,0.7142857142857143
372,7.6015272069198545,20,9.808422202477232,267,32.226342437602,6,12,0.5
180,3.678158325928962,12,5.885053321486339,19,32.22016402635414,16,26,0.6153846153846154
506,10.339711738444748,16,7.846737761981785,75,32.2076636901288,3,10,0.3
617,12.607909372767608,8,3.9233688809908926,532,32.20006608791307,3,7,0.42857142857142855
666,13.609185805937159,12,5.885053321486339,289,32.19256368728887,4,7,0.5714285714285714
314,6.416342857453856,16,7.846737761981785,163,32.18892490571563,8,15,0.5333333333333333
552,11.279685532848816,16,7.846737761981785,305,32.1753088174246,4,8,0.5
553,11.300119745770644,20,9.808422202477232,296,32.17049483848597,5,8,0.625
79,1.6143028208243777,12,5.885053321486339,64,32.16817601260625,30,58,0.5172413793103449
581,11.872277707581816,12,5.885053321486339,133,32.15681855879885,7,8,0.875
611,12.485304095236643,20,9.808422202477232,562,32.15651338306041,4,7,0.5714285714285714
631,12.893988353673194,16,7.846737761981785,380,32.15545395128352,3,7,0.42857142857142855
527,10.768830209803127,12,5.885053321486339,457,32.15324353665247,3,8,0.375
276,5.639842766424408,12,5.885053321486339,28,32.153181762652096,9,17,0.5294117647058824
61,1.2464869882314815,20,9.808422202477232,17,32.152360701034716,35,76,0.4605263157894737
502,10.257974886757438,16,7.846737761981785,103,32.15213871866217,3,10,0.3
132,2.6973161056812387,12,5.885053321486339,55,32.14575803810705,18,35,0.5142857142857142
179,3.6577241130071343,20,9.808422202477232,39,32.14234453546299,15,26,0.5769230769230769
362,7.397185077701579,16,7.846737761981785,360,32.13593934600832,7,12,0.5833333333333334
696,14.222212193591986,16,7.846737761981785,138,32.13588627543855,5,7,0.7142857142857143
627,12.812251501985884,8,3.9233688809908926,483,32.13341538983037,3,7,0.42857142857142855
589,12.035751410956436,20,9.808422202477232,81,32.13213610543463,4,8,0.5
470,9.604080073258956,12,5.885053321486339,233,32.12089595938173,4,10,0.4
671,13.711356870546297,12,5.885053321486339,264,32.11657386043391,3,7,0.42857142857142855
625,12.771383076142229,20,9.808422202477232,492,32.1062823546215,4,7,0.5714285714285714
414,8.459764149636612,12,5.885053321486339,306,32.101150145665365,7,11,0.6363636363636364
731,14.93740964585595,16,7.846737761981785,183,32.09411418869179,4,7,0.5714285714285714
166,3.392079345023376,16,7.846737761981785,132,32.08719085491329,17,28,0.6071428571428571
465,9.501909008649818,20,9.808422202477232,252,32.085990213413126,5,10,0.5
502,10.257974886757438,12,5.885053321486339,105,32.080878556728216,4,10,0.4
595,12.158356688487402,6,2.9425266607431695,47,32.07757305231171,4,8,0.5
686,14.01787006437371,16,7.846737761981785,182,32.06226907055794,5,7,0.7142857142857143
507,10.360145951366576,16,7.846737761981785,69,32.050334861391214,3,10,0.3
587,11.994882985112781,20,9.808422202477232,478,32.05011328897091,3,8,0.375
641,13.09833048289147,16,7.846737761981785,109,32.04074161632412,5,8,0.625
505,10.31927752552292,20,9.808422202477232,84,32.04012263641892,3,10,0.3
411,8.39846151087113,16,7.846737761981785,327,32.04003526719623,5,11,0.45454545454545453
698,14.263080619435641,20,9.808422202477232,129,32.038609727609845,5,7,0.7142857142857143
323,6.600250773750304,16,7.846737761981785,64,32.036883233705304,9,15,0.6
527,10.768830209803127,20,9.808422202477232,457,32.03673824377603,3,8,0.375
703,14.365251684044779,16,7.846737761981785,102,32.03555174250483,4,7,0.5714285714285714
694,14.18134376774833,20,9.808422202477232,146,32.03506867255279,5,7,0.7142857142857143
545,11.136646042396023,12,5.885053321486339,346,32.03489559315922,6,8,0.75
661,13.507014741328021,8,3.9233688809908926,314,32.02546047815223,3,7,0.42857142857142855
487,9.951461692930025,6,2.9425266607431695,208,32.02426726396344,6,10,0.6
183,3.7394609646944446,20,9.808422202477232,139,32.023086642829405,12,25,0.48
679,13.874830573920917,12,5.885053321486339,224,32.01996170918495,3,7,0.42857142857142855
179,3.6577241130071343,16,7.846737761981785,39,32.016543429722155,16,26,0.6153846153846154
617,12.607909372767608,12,5.885053321486339,530,32.00988600042138,3,7,0.42857142857142855
453,9.256698453587887,20,9.808422202477232,286,32.008445544425655,7,10,0.7
724,14.794370155403158,12,5.885053321486339,195,32.00559150361002,3,7,0.42857142857142855
409,8.357593085027474,20,9.808422202477232,343,32.00232376012735,6,11,0.5454545454545454
670,13.69092265762447,20,9.808422202477232,269,31.99743452534448,3,7,0.42857142857142855
505,10.31927752552292,16,7.846737761981785,83,31.994104691394824,3,10,0.3
373,7.621961419841682,20,9.808422202477232,262,31.990226762208227,6,12,0.5
725,14.814804368324985,12,5.885053321486339,194,31.97867604293726,3,7,0.42857142857142855
671,13.711356870546297,16,7.846737761981785,262,31.97260726178985,3,7,0.42857142857142855
471,9.624514286180784,12,5.885053321486339,322,31.972572502271124,4,10,0.4
252,5.149421656300547,20,9.808422202477232,89,31.96942822111484,8,19,0.42105263157894735
461,9.420172156962508,16,7.846737761981785,262,31.948380510883798,6,10,0.6
412,8.418895723792957,12,5.885053321486339,323,31.948060988263308,5,11,0.45454545454545453
626,12.791817289064056,12,5.885053321486339,484,31.942781313860298,3,7,0.42857142857142855
538,10.99360655194323,16,7.846737761981785,390,31.935222725087986,5,8,0.625
76,1.553000182058895,16,7.846737761981785,46,31.932780813191346,33,61,0.5409836065573771
558,11.402290810379782,20,9.808422202477232,267,31.930766343545365,6,8,0.75
445,9.093224750213267,20,9.808422202477232,308,31.928112976531374,6,10,0.6
617,12.607909372767608,16,7.846737761981785,533,31.918941423412967,3,7,0.42857142857142855
326,6.6615534125157865,4,1.9616844404954463,33,31.91002278006018,7,15,0.4666666666666667
646,13.200501547500608,20,9.808422202477232,87,31.910014701936717,4,8,0.5
550,11.238817107005161,8,3.9233688809908926,317,31.909231125484087,5,8,0.625
665,13.588751593015331,20,9.808422202477232,294,31.908163318946727,4,7,0.5714285714285714
734,14.998712284621433,12,5.885053321486339,186,31.904549656029186,3,7,0.42857142857142855
549,11.218382894083334,8,3.9233688809908926,324,31.89975376930476,6,8,0.75
689,14.079172703139193,16,7.846737761981785,173,31.89253622179346,5,7,0.7142857142857143
303,6.1915665153137525,16,7.846737761981785,285,31.890926124089386,11,15,0.7333333333333333
526,10.7483959968813,20,9.808422202477232,458,31.881859869319992,3,8,0.375
496,10.135369609226473,3,1.4712633303715847,146,31.873418272441498,6,10,0.6
446,9.113658963135094,20,9.808422202477232,307,31.871774115991354,6,10,0.6
371,7.581092993998027,20,9.808422202477232,157,31.865740307905725,7,13,0.5384615384615384
624,12.750948863220401,20,9.808422202477232,495,31.865242624459135,4,7,0.5714285714285714
305,6.232434941157408,12,5.885053321486339,264,31.86395762986233,11,15,0.7333333333333333
504,10.298843312601093,20,9.808422202477232,91,31.863213819194304,3,10,0.3
702,14.344817471122951,20,9.808422202477232,107,31.858921398282575,4,7,0.5714285714285714
389,7.948908826590923,12,5.885053321486339,94,31.853380548330932,6,12,0.5
635,12.975725205360504,20,9.808422202477232,88,31.85280780232637,4,8,0.5
459,9.379303731118853,16,7.846737761981785,266,31.850684883927944,7,10,0.7
704,14.385685896966606,16,7.846737761981785,98,31.84834780461986,4,7,0.5714285714285714
155,3.1673030028832727,16,7.846737761981785,99,31.841890695093984,18,30,0.6
679,13.874830573920917,20,9.808422202477232,527,31.837458939060074,4,7,0.5714285714285714
619,12.648777798611263,8,3.9233688809908926,522,31.83228543207975,3,7,0.42857142857142855
612,12.50573830815847,16,7.846737761981785,558,31.820560787508498,4,7,0.5714285714285714
196,4.005105732678203,6,2.9425266607431695,85,31.809615525415587,13,24,0.5416666666666666
495,10.114935396304645,3,1.4712633303715847,153,31.808942279990166,5,10,0.5
322,6.579816560828476,20,9.808422202477232,76,31.80565459227025,11,15,0.7333333333333333
538,10.99360655194323,12,5.885053321486339,391,31.804510595851706,5,8,0.625
288,5.885053321486339,20,9.808422202477232,206,31.79934325764767,8,16,0.5
221,4.515961055723892,12,5.885053321486339,83,31.798636794006324,10,21,0.47619047619047616
701,14.324383258201124,16,7.846737761981785,114,31.7865082282889,5,7,0.7142857142857143
472,9.644948499102611,12,5.885053321486339,315,31.785936988617284,4,10,0.4
440,8.991053685604129,16,7.846737761981785,327,31.778720067669422,5,10,0.5
276,5.639842766424408,20,9.808422202477232,31,31.777969986739116,10,17,0.5882352941176471
693,14.160909554826503,20,9.808422202477232,151,31.776215030314958,4,7,0.5714285714285714
438,8.950185259760474,16,7.846737761981785,328,31.774652827686392,5,10,0.5
425,8.684540491776715,20,9.808422202477232,304,31.771747831155768,3,11,0.2727272727272727
509,10.401014377210231,16,7.846737761981785,55,31.77046318284804,4,9,0.4444444444444444
589,12.035751410956436,16,7.846737761981785,81,31.764965221605046,4,8,0.5
313,6.395908644532028,16,7.846737761981785,169,31.76079063054746,8,15,0.5333333333333333
628,12.832685714907711,8,3.9233688809908926,477,31.75612454162352,3,7,0.42857142857142855
590,12.056185623878264,12,5.885053321486339,73,31.755355116050154,4,8,0.5
347,7.090671883874165,16,7.846737761981785,148,31.751864015617528,6,13,0.46153846153846156
652,13.323106825031573,4,1.9616844404954463,359,31.750329788058377,3,7,0.42857142857142855
218,4.454658416958409,20,9.808422202477232,130,31.74821839932184,13,21,0.6190476190476191
551,11.259251319926989,8,3.9233688809908926,313,31.744160450950897,5,8,0.625
541,11.054909190708713,12,5.885053321486339,370,31.74131522390748,6,8,0.75
344,7.029369245108683,20,9.808422202477232,176,31.738540271816667,7,13,0.5384615384615384
387,7.908040400747268,12,5.885053321486339,135,31.731727017670778,5,12,0.4166666666666667
598,12.219659327252884,12,5.885053321486339,31,31.72716301548503,4,8,0.5
244,4.985947952925926,8,3.9233688809908926,199,31.719481545742255,10,19,0.5263157894736842
677,13.833962148077262,12,5.885053321486339,233,31.714926248801856,3,7,0.42857142857142855
527,10.768830209803127,16,7.846737761981785,457,31.70404863204059,3,8,0.375
458,9.358869518197025,12,5.885053321486339,267,31.702733933737964,7,10,0.7
591,12.076619836800091,8,3.9233688809908926,68,31.70136784157179,4,8,0.5
539,11.014040764865058,16,7.846737761981785,385,31.694157936046743,5,8,0.625
618,12.628343585689436,6,2.9425266607431695,527,31.693720443633964,3,7,0.42857142857142855
546,11.157080255317851,8,3.9233688809908926,341,31.693006188119824,6,8,0.75
408,8.337158872105647,20,9.808422202477232,349,31.691895399746087,6,11,0.5454545454545454
335,6.845461328812235,20,9.808422202477232,267,31.689301015501428,5,14,0.35714285714285715
437,8.929751046838646,16,7.846737761981785,330,31.688193107477783,6,10,0.6
664,13.568317380093504,6,2.9425266607431695,299,31.684799308573066,4,7,0.5714285714285714
352,7.192842948483303,16,7.846737761981785,23,31.679945824283863,8,14,0.5714285714285714
644,13.159633121656952,16,7.846737761981785,97,31.676614859495974,4,8,0.5
727,14.85567279416864,12,5.885053321486339,189,31.66755577574764,3,7,0.42857142857142855
703,14.365251684044779,20,9.808422202477232,103,31.667091348910127,3,7,0.42857142857142855
469,9.583645860337128,12,5.885053321486339,234,31.666341956127987,4,10,0.4
463,9.461040582806163,20,9.808422202477232,265,31.66573479757788,5,10,0.5
317,6.477645496219338,16,7.846737761981785,131,31.663855359795,9,15,0.6
52,1.0625790719350334,20,9.808422202477232,29,31.663596419743733,50,89,0.5617977528089888
302,6.171132302391925,16,7.846737761981785,297,31.662214055135955,10,15,0.6666666666666666
669,13.670488444702642,16,7.846737761981785,271,31.659746279443027,3,7,0.42857142857142855
456,9.31800109235337,16,7.846737761981785,277,31.6529358783193,7,10,0.7
509,10.401014377210231,20,9.808422202477232,56,31.652314193821177,3,9,0.3333333333333333
141,2.881224021977687,8,3.9233688809908926,94,31.63873176512576,25,33,0.7575757575757576
611,12.485304095236643,16,7.846737761981785,562,31.636577845468217,4,7,0.5714285714285714
626,12.791817289064056,8,3.9233688809908926,486,31.635428757289706,4,7,0.5714285714285714
250,5.1085532304568915,12,5.885053321486339,112,31.63206060233615,11,19,0.5789473684210527
415,8.48019836255844,20,9.808422202477232,299,31.630954413554846,8,11,0.7272727272727273
353,7.213277161405131,20,9.808422202477232,16,31.620312298472285,8,14,0.5714285714285714
508,10.380580164288403,16,7.846737761981785,62,31.620190471976134,3,9,0.3333333333333333
719,14.69219909079402,12,5.885053321486339,210,31.611873787881848,4,7,0.5714285714285714
297,6.068961237782787,16,7.846737761981785,55,31.6098248433746,7,16,0.4375
303,6.1915665153137525,20,9.808422202477232,285,31.60784057773666,11,15,0.7333333333333333
579,11.83140928173816,16,7.846737761981785,144,31.604444449557036,7,8,0.875
415,8.48019836255844,16,7.846737761981785,299,31.582494727864468,9,11,0.8181818181818182
632,12.914422566595022,12,5.885053321486339,458,31.582483337774658,3,7,0.42857142857142855
503,10.278409099679266,16,7.846737761981785,98,31.581815621401926,3,10,0.3
632,12.914422566595022,16,7.846737761981785,458,31.571915850130445,3,7,0.42857142857142855
670,13.69092265762447,12,5.885053321486339,266,31.567519083124203,3,7,0.42857142857142855
407,8.31672465918382,20,9.808422202477232,358,31.565049505108995,5,11,0.45454545454545453
338,6.906763967577717,20,9.808422202477232,235,31.56480397192788,6,14,0.42857142857142855
669,13.670488444702642,20,9.808422202477232,317,31.56395875444482,3,7,0.42857142857142855
554,11.320553958692471,16,7.846737761981785,293,31.5595470646424,5,8,0.625
633,12.93485677951685,12,5.885053321486339,454,31.54038446748874,3,7,0.42857142857142855
436,8.909316833916819,16,7.846737761981785,332,31.53294737757499,6,10,0.6
588,12.015317198034609,16,7.846737761981785,477,31.532389752880214,4,8,0.5
489,9.99233011877368,3,1.4712633303715847,195,31.527342721951566,5,10,0.5
324,6.620684986672131,12,5.885053321486339,53,31.517344953286347,9,15,0.6
299,6.109829663626442,16,7.846737761981785,31,31.511683490534427,9,16,0.5625
553,11.300119745770644,16,7.846737761981785,300,31.50783328619637,5,8,0.625
625,12.771383076142229,16,7.846737761981785,492,31.501559942450363,4,7,0.5714285714285714
310,6.334606005766545,8,3.9233688809908926,209,31.495152749937418,8,15,0.5333333333333333
362,7.397185077701579,12,5.885053321486339,361,31.494636757063404,7,12,0.5833333333333334
467,9.542777434493473,16,7.846737761981785,243,31.491879843540833,5,10,0.5
728,14.876107007090468,12,5.885053321486339,187,31.486951642874086,3,7,0.42857142857142855
376,7.683264058607165,20,9.808422202477232,138,31.484955501055666,6,12,0.5
446,9.113658963135094,16,7.846737761981785,306,31.484800999395283,7,10,0.7
360,7.356316651857924,16,7.846737761981785,17,31.481891591932538,7,13,0.5384615384615384
616,12.58747515984578,16,7.846737761981785,538,31.480335246658182,3,7,0.42857142857142855
298,6.089395450704615,16,7.846737761981785,43,31.47870837605293,8,16,0.5
272,5.558105914737098,12,5.885053321486339,81,31.460660751106243,8,17,0.47058823529411764
651,13.302672612109745,6,2.9425266607431695,362,31.45964193717432,4,7,0.5714285714285714
297,6.068961237782787,12,5.885053321486339,55,31.459153124225416,7,16,0.4375
251,5.128987443378719,12,5.885053321486339,104,31.45828073455516,9,19,0.47368421052631576
314,6.416342857453856,20,9.808422202477232,163,31.447754067241494,8,15,0.5333333333333333
449,9.174961601900577,16,7.846737761981785,297,31.44722796808056,6,10,0.6
621,12.689646224454918,12,5.885053321486339,513,31.444062092897063,4,7,0.5714285714285714
296,6.0485270248609595,12,5.885053321486339,62,31.43181472324767,7,16,0.4375
426,8.704974704698543,16,7.846737761981785,296,31.43164907097487,3,11,0.2727272727272727
695,14.201777980670158,12,5.885053321486339,143,31.418446008629655,5,7,0.7142857142857143
615,12.567040946923953,16,7.846737761981785,540,31.4157444364438,3,7,0.42857142857142855
272,5.558105914737098,16,7.846737761981785,82,31.40783595462574,8,17,0.47058823529411764
314,6.416342857453856,12,5.885053321486339,163,31.403991682754892,8,15,0.5333333333333333
663,13.547883167171676,6,2.9425266607431695,302,31.399858211671756,3,7,0.42857142857142855
654,13.363975250875228,4,1.9616844404954463,348,31.39976343663916,4,7,0.5714285714285714
304,6.21200072823558,20,9.808422202477232,274,31.39950990006725,9,15,0.6
261,5.333329572596995,12,5.885053321486339,223,31.382220734684843,7,17,0.4117647058823529
504,10.298843312601093,16,7.846737761981785,91,31.378459452175317,3,10,0.3
536,10.952738126099575,12,5.885053321486339,400,31.37829767708083,5,8,0.625
61,1.2464869882314815,16,7.846737761981785,17,31.372271446874997,40,76,0.5263157894736842
704,14.385685896966606,20,9.808422202477232,96,31.35515009908425,4,7,0.5714285714285714
670,13.69092265762447,8,3.9233688809908926,268,31.352864024877555,4,7,0.5714285714285714
660,13.486580528406193,4,1.9616844404954463,319,31.344561938653687,4,7,0.5714285714285714
643,13.139198908735125,12,5.885053321486339,100,31.340568708933848,4,8,0.5
694,14.18134376774833,16,7.846737761981785,147,31.336911439682112,4,7,0.5714285714285714
304,6.21200072823558,16,7.846737761981785,274,31.336782051106525,10,15,0.6666666666666666
372,7.6015272069198545,16,7.846737761981785,269,31.328815064632973,7,12,0.5833333333333334
587,11.994882985112781,12,5.885053321486339,478,31.323828924994164,3,8,0.375
542,11.07534340363054,8,3.9233688809908926,365,31.32325977650097,6,8,0.75
593,12.117488262643747,4,1.9616844404954463,60,31.322565189248824,4,8,0.5
280,5.7215796181117184,12,5.885053321486339,259,31.322196791655823,12,16,0.75
698,14.263080619435641,16,7.846737761981785,129,31.3165002634047,5,7,0.7142857142857143
612,12.50573830815847,20,9.808422202477232,559,31.314685694610983,4,7,0.5714285714285714
505,10.31927752552292,12,5.885053321486339,84,31.312857330763975,3,10,0.3
410,8.378027297949302,16,7.846737761981785,334,31.307408583362346,6,11,0.5454545454545454
79,1.6143028208243777,16,7.846737761981785,64,31.30652040369398,29,58,0.5
586,11.974448772190954,20,9.808422202477232,482,31.299022329231125,3,8,0.375
552,11.279685532848816,12,5.885053321486339,307,31.29725484510307,4,8,0.5
699,14.283514832357469,20,9.808422202477232,124,31.2925442167154,5,7,0.7142857142857143
549,11.218382894083334,6,2.9425266607431695,325,31.289264710979868,6,8,0.75
579,11.83140928173816,20,9.808422202477232,145,31.285542879167597,7,8,0.875
484,9.890159054164542,20,9.808422202477232,230,31.284217081124954,7,10,0.7
82,1.6756054595898604,12,5.885053321486339,8,31.284173304096846,30,57,0.5263157894736842
279,5.701145405189891,16,7.846737761981785,269,31.27790953012496,12,16,0.75
312,6.3754744316102006,20,9.808422202477232,182,31.266768123532756,9,15,0.6
316,6.457211283297511,12,5.885053321486339,143,31.263769371678517,7,15,0.4666666666666667
94,1.9208160146517912,16,7.846737761981785,45,31.260799080106867,24,49,0.4897959183673469
387,7.908040400747268,16,7.846737761981785,136,31.25740191683776,5,12,0.4166666666666667
295,6.028092811939132,16,7.846737761981785,72,31.253671811840203,7,16,0.4375
398,8.132816742887371,6,2.9425266607431695,37,31.249540265585715,7,12,0.5833333333333334
526,10.7483959968813,16,7.846737761981785,458,31.243148086725792,3,8,0.375
334,6.825027115890407,16,7.846737761981785,272,31.234863553978307,5,14,0.35714285714285715
634,12.955290992438677,12,5.885053321486339,449,31.23459536814459,3,7,0.42857142857142855
422,8.623237853011233,16,7.846737761981785,321,31.233042719971678,3,11,0.2727272727272727
339,6.927198180499545,20,9.808422202477232,226,31.22925189083489,6,14,0.42857142857142855
506,10.339711738444748,8,3.9233688809908926,75,31.22673196186813,3,10,0.3
662,13.527448954249849,8,3.9233688809908926,306,31.22445069902372,3,7,0.42857142857142855
667,13.629620018858986,12,5.885053321486339,284,31.222664389277966,3,7,0.42857142857142855
705,14.406120109888434,16,7.846737761981785,92,31.221514575753186,4,7,0.5714285714285714
340,6.947632393421372,12,5.885053321486339,218,31.215104673537727,5,13,0.38461538461538464
348,7.111106096795993,20,9.808422202477232,139,31.213321154830993,7,13,0.5384615384615384
485,9.91059326708637,16,7.846737761981785,220,31.212938558380824,6,10,0.6
540,11.034474977786886,12,5.885053321486339,379,31.212846734331503,6,8,0.75
227,4.6385663332548575,16,7.846737761981785,50,31.209006678588512,11,21,0.5238095238095238
197,4.0255399456000305,4,1.9616844404954463,68,31.190897123160994,12,24,0.5
359,7.335882438936096,20,9.808422202477232,25,31.185366566237676,6,13,0.46153846153846156
465,9.501909008649818,16,7.846737761981785,255,31.18280593570339,5,10,0.5
301,6.150698089470097,16,7.846737761981785,7,31.182551514270425,9,16,0.5625
609,12.444435669392988,20,9.808422202477232,574,31.16512443655933,5,7,0.7142857142857143
409,8.357593085027474,16,7.846737761981785,345,31.16121402586462,6,11,0.5454545454545454
323,6.600250773750304,12,5.885053321486339,65,31.153918929904503,9,15,0.6
343,7.008935032186855,20,9.808422202477232,181,31.153021401045855,7,13,0.5384615384615384
504,10.298843312601093,12,5.885053321486339,90,31.15218359552143,3,10,0.3
675,13.793093722233607,16,7.846737761981785,242,31.151232888666076,4,7,0.5714285714285714
672,13.731791083468124,12,5.885053321486339,258,31.14593977524229,4,7,0.5714285714285714
423,8.64367206593306,20,9.808422202477232,316,31.143781006497004,3,11,0.2727272727272727
298,6.089395450704615,12,5.885053321486339,43,31.13907439338593,8,16,0.5
262,5.353763785518822,16,7.846737761981785,211,31.138646734614657,8,17,0.47058823529411764
370,7.560658781076199,16,7.846737761981785,159,31.13561702707129,7,13,0.5384615384615384
472,9.644948499102611,16,7.846737761981785,228,31.12961899611416,4,10,0.4
687,14.038304277295538,16,7.846737761981785,178,31.128634590906547,5,7,0.7142857142857143
596,12.17879090140923,8,3.9233688809908926,43,31.121187569745036,4,8,0.5
508,10.380580164288403,12,5.885053321486339,62,31.11725500013922,3,9,0.3333333333333333
391,7.989777252434578,8,3.9233688809908926,86,31.11485441074681,4,12,0.3333333333333333
668,13.650054231780814,16,7.846737761981785,277,31.112294573453116,3,7,0.42857142857142855
486,9.931027480008197,8,3.9233688809908926,214,31.109241636063825,6,10,0.6
693,14.160909554826503,16,7.846737761981785,152,31.109165555227218,4,7,0.5714285714285714
692,14.140475341904676,20,9.808422202477232,156,31.106949651895675,4,7,0.5714285714285714
547,11.177514468239679,8,3.9233688809908926,335,31.10585437097426,6,8,0.75
346,7.070237670952338,20,9.808422202477232,155,31.10480535382144,6,13,0.46153846153846156
675,13.793093722233607,20,9.808422202477232,238,31.09624371372703,3,7,0.42857142857142855
620,12.66921201153309,8,3.9233688809908926,519,31.092811803176122,3,7,0.42857142857142855
705,14.406120109888434,20,9.808422202477232,93,31.09116422363055,4,7,0.5714285714285714
304,6.21200072823558,12,5.885053321486339,274,31.081508692548375,10,15,0.6666666666666666
588,12.015317198034609,12,5.885053321486339,477,31.07817924438384,4,8,0.5
623,12.730514650298574,20,9.808422202477232,504,31.074789579407007,4,7,0.5714285714285714
332,6.784158690046752,4,1.9616844404954463,298,31.073905642322437,8,14,0.5714285714285714
661,13.507014741328021,6,2.9425266607431695,314,31.066141219839807,3,7,0.42857142857142855
411,8.39846151087113,12,5.885053321486339,330,31.062899653692718,6,11,0.5454545454545454
672,13.731791083468124,20,9.808422202477232,255,31.054078766390063,3,7,0.42857142857142855
553,11.300119745770644,12,5.885053321486339,300,31.040681689276237,5,8,0.625
503,10.278409099679266,12,5.885053321486339,97,31.03761718512472,3,10,0.3
705,14.406120109888434,12,5.885053321486339,93,31.028261580046443,4,7,0.5714285714285714
679,13.874830573920917,16,7.846737761981785,224,31.016685883077333,3,7,0.42857142857142855
109,2.2273292084792047,12,5.885053321486339,20,31.010207086537275,26,43,0.6046511627906976
640,13.077896269969642,16,7.846737761981785,114,31.00975365161116,5,8,0.625
688,14.058738490217365,16,7.846737761981785,178,31.006062236904356,6,7,0.8571428571428571
619,12.648777798611263,6,2.9425266607431695,523,31.004129044191995,3,7,0.42857142857142855
698,14.263080619435641,6,2.9425266607431695,127,30.998640789875903,5,7,0.7142857142857143
268,5.476369063049788,16,7.846737761981785,132,30.990244456673448,11,17,0.6470588235294118
627,12.812251501985884,6,2.9425266607431695,483,30.98176425005977,3,7,0.42857142857142855
701,14.324383258201124,20,9.808422202477232,112,30.972770536400414,4,7,0.5714285714285714
252,5.149421656300547,12,5.885053321486339,91,30.969354804918737,8,19,0.42105263157894735
109,2.2273292084792047,20,9.808422202477232,20,30.969294674695654,25,43,0.5813953488372093
507,10.360145951366576,8,3.9233688809908926,70,30.96780023412778,3,10,0.3
275,5.619408553502581,8,3.9233688809908926,43,30.95481069475664,11,17,0.6470588235294118
335,6.845461328812235,16,7.846737761981785,267,30.952968686584864,6,14,0.42857142857142855
579,11.83140928173816,8,3.9233688809908926,143,30.94761941112827,7,8,0.875
609,12.444435669392988,12,5.885053321486339,574,30.94013806135111,6,7,0.8571428571428571
694,14.18134376774833,12,5.885053321486339,149,30.938761434237133,4,7,0.5714285714285714
733,14.978278071699606,12,5.885053321486339,684,30.93722277751709,3,6,0.5
166,3.392079345023376,12,5.885053321486339,132,30.93607426505803,17,28,0.6071428571428571
464,9.48147479572799,16,7.846737761981785,258,30.932572163633825,5,10,0.5
302,6.171132302391925,20,9.808422202477232,297,30.931810395247417,8,15,0.5333333333333333
180,3.678158325928962,8,3.9233688809908926,19,30.931718877642965,16,26,0.6153846153846154
616,12.58747515984578,12,5.885053321486339,539,30.926539384767004,3,7,0.42857142857142855
555,11.340988171614299,20,9.808422202477232,287,30.924372197386795,5,8,0.625
580,11.851843494659988,12,5.885053321486339,139,30.922178949113263,7,8,0.875
659,13.466146315484366,4,1.9616844404954463,323,30.920032673815044,4,7,0.5714285714285714
647,13.220935760422435,20,9.808422202477232,382,30.915195147872854,3,7,0.42857142857142855
612,12.50573830815847,12,5.885053321486339,558,30.913977719141553,4,7,0.5714285714285714
424,8.664106278854888,20,9.808422202477232,310,30.908771596806833,3,11,0.2727272727272727
543,11.095777616552368,8,3.9233688809908926,361,30.90820996487706,6,8,0.75
306,6.252869154079235,12,5.885053321486339,252,30.900973314926155,9,15,0.6
340,6.947632393421372,16,7.846737761981785,218,30.900515346767172,5,13,0.38461538461538464
399,8.153250955809199,16,7.846737761981785,27,30.88966623137373,8,12,0.6666666666666666
535,10.932303913177748,20,9.808422202477232,405,30.887194828144285,4,8,0.5
578,11.810975068816333,12,5.885053321486339,150,30.885458492921362,7,8,0.875
422,8.623237853011233,20,9.808422202477232,379,30.87402830797377,8,11,0.7272727272727273
625,12.771383076142229,12,5.885053321486339,492,30.873985389100966,4,7,0.5714285714285714
263,5.37419799844065,12,5.885053321486339,199,30.871832153942314,8,17,0.47058823529411764
578,11.810975068816333,16,7.846737761981785,149,30.87169284285388,7,8,0.875
166,3.392079345023376,20,9.808422202477232,130,30.864563978043197,16,28,0.5714285714285714
302,6.171132302391925,12,5.885053321486339,297,30.863906725915093,11,15,0.7333333333333333
702,14.344817471122951,16,7.846737761981785,108,30.861368069770347,5,7,0.7142857142857143
589,12.035751410956436,12,5.885053321486339,81,30.85661067631708,4,8,0.5
624,12.750948863220401,16,7.846737761981785,497,30.85651687345328,4,7,0.5714285714285714
723,14.77393594248133,8,3.9233688809908926,4,30.855085788575796,5,7,0.7142857142857143
622,12.710080437376746,12,5.885053321486339,509,30.851282495838753,4,7,0.5714285714285714
316,6.457211283297511,16,7.846737761981785,143,30.850657340480375,7,15,0.4666666666666667
433,8.848014195151336,16,7.846737761981785,267,30.841333448620983,8,11,0.7272727272727273
282,5.762448043955374,8,3.9233688809908926,232,30.840018520404545,12,16,0.75
416,8.500632575480267,20,9.808422202477232,291,30.840007722322618,9,11,0.8181818181818182
558,11.402290810379782,16,7.846737761981785,269,30.839983821315172,6,8,0.75
109,2.2273292084792047,16,7.846737761981785,22,30.839671048580296,28,43,0.6511627906976745
541,11.054909190708713,8,3.9233688809908926,371,30.839336653369166,6,8,0.75
182,3.719026751772617,20,9.808422202477232,158,30.839306999201717,15,25,0.6
375,7.662829845685337,20,9.808422202477232,145,30.83886994012862,6,12,0.5
279,5.701145405189891,20,9.808422202477232,266,30.837538788110926,13,16,0.8125
424,8.664106278854888,16,7.846737761981785,310,30.837087416590805,3,11,0.2727272727272727
221,4.515961055723892,16,7.846737761981785,82,30.836793391743402,10,21,0.47619047619047616
220,4.4955268428020645,6,2.9425266607431695,97,30.818869715995124,11,21,0.5238095238095238
534,10.91186970025592,16,7.846737761981785,414,30.808736252799065,4,8,0.5
163,3.3307767062578932,6,2.9425266607431695,32,30.805282757801773,13,29,0.4482758620689655
439,8.970619472682301,16,7.846737761981785,326,30.801915634088164,5,10,0.5
510,10.421448590132059,16,7.846737761981785,48,30.798411795411646,4,9,0.4444444444444444
697,14.242646406513813,8,3.9233688809908926,131,30.798157547221848,5,7,0.7142857142857143
199,4.066408371443686,6,2.9425266607431695,37,30.797644905928813,14,24,0.5833333333333334
510,10.421448590132059,20,9.808422202477232,48,30.797401454438415,4,9,0.4444444444444444
419,8.56193521424575,12,5.885053321486339,266,30.796210478421564,7,11,0.6363636363636364
734,14.998712284621433,8,3.9233688809908926,682,30.791042571009207,3,6,0.5
311,6.355040218688373,16,7.846737761981785,197,30.787867842018695,9,15,0.6
228,4.659000546176685,12,5.885053321486339,41,30.786702847477514,11,21,0.5238095238095238
733,14.978278071699606,8,3.9233688809908926,684,30.782642728449975,3,6,0.5
631,12.893988353673194,12,5.885053321486339,379,30.78016665012473,3,7,0.42857142857142855
439,8.970619472682301,12,5.885053321486339,324,30.779557667291442,5,10,0.5
608,12.42400145647116,20,9.808422202477232,578,30.77781188721035,5,7,0.7142857142857143
181,3.6985925388507894,8,3.9233688809908926,180,30.77291327182515,16,25,0.64
706,14.426554322810262,16,7.846737761981785,89,30.768946424118536,4,7,0.5714285714285714
296,6.0485270248609595,8,3.9233688809908926,64,30.76775347916058,7,16,0.4375
648,13.241369973344263,20,9.808422202477232,378,30.76590872169706,3,7,0.42857142857142855
700,14.303949045279296,20,9.808422202477232,119,30.76383536881534,5,7,0.7142857142857143
443,9.052356324369612,16,7.846737761981785,315,30.761184390565123,5,10,0.5
317,6.477645496219338,20,9.808422202477232,132,30.759118279629938,9,15,0.6
369,7.540224568154372,16,7.846737761981785,167,30.758463797638672,8,13,0.6153846153846154
348,7.111106096795993,16,7.846737761981785,139,30.757158096218195,7,13,0.5384615384615384
581,11.872277707581816,16,7.846737761981785,131,30.75387194600617,7,8,0.875
628,12.832685714907711,6,2.9425266607431695,479,30.742022162303762,3,7,0.42857142857142855
193,3.94380309391272,20,9.808422202477232,145,30.741384444359603,14,24,0.5833333333333334
548,11.197948681161506,6,2.9425266607431695,330,30.73952885380061,6,8,0.75
539,11.014040764865058,12,5.885053321486339,384,30.73838772436563,6,8,0.75
303,6.1915665153137525,12,5.885053321486339,285,30.73510930981971,11,15,0.7333333333333333
501,10.23754067383561,6,2.9425266607431695,112,30.73395204014477,5,10,0.5
731,14.93740964585595,12,5.885053321486339,694,30.73220119595905,5,6,0.8333333333333334
274,5.598974340580753,8,3.9233688809908926,54,30.731384219496586,12,17,0.7058823529411765
730,14.916975432934123,12,5.885053321486339,696,30.730698649023132,5,6,0.8333333333333334
339,6.927198180499545,12,5.885053321486339,229,30.72740410272645,7,13,0.5384615384615384
195,3.9846715197563753,16,7.846737761981785,103,30.724492469154136,10,24,0.4166666666666667
500,10.217106460913783,8,3.9233688809908926,114,30.722258314820113,6,10,0.6
276,5.639842766424408,8,3.9233688809908926,30,30.72212972155783,9,17,0.5294117647058824
617,12.607909372767608,6,2.9425266607431695,532,30.71712876353093,3,7,0.42857142857142855
386,7.88760618782544,16,7.846737761981785,143,30.71514002327163,5,12,0.4166666666666667
676,13.813527935155435,12,5.885053321486339,234,30.70575945379588,3,7,0.42857142857142855
506,10.339711738444748,6,2.9425266607431695,75,30.703290547288155,3,10,0.3
599,12.240093540174712,12,5.885053321486339,25,30.701147150494133,5,8,0.625
690,14.09960691606102,20,9.808422202477232,265,30.699769840757263,4,7,0.5714285714285714
140,2.8607898090558592,6,2.9425266607431695,115,30.69877239040082,25,33,0.7575757575757576
307,6.273303367001063,20,9.808422202477232,237,30.695794122366944,8,15,0.5333333333333333
427,8.72540891762037,16,7.846737761981785,297,30.686934523599593,4,11,0.36363636363636365
301,6.150698089470097,12,5.885053321486339,7,30.6791048394887,9,16,0.5625
645,13.18006733457878,16,7.846737761981785,92,30.67785419179074,4,8,0.5
676,13.813527935155435,16,7.846737761981785,237,30.67676716346646,4,7,0.5714285714285714
629,12.853119927829539,12,5.885053321486339,474,30.664528121744183,4,7,0.5714285714285714
510,10.421448590132059,12,5.885053321486339,49,30.66048591554033,4,9,0.4444444444444444
680,13.895264786842745,12,5.885053321486339,219,30.650374754081973,3,7,0.42857142857142855
347,7.090671883874165,20,9.808422202477232,146,30.649557451933532,7,13,0.5384615384615384
373,7.621961419841682,16,7.846737761981785,261,30.647839850724573,6,12,0.5
681,13.915698999764572,8,3.9233688809908926,214,30.641305851203953,3,7,0.42857142857142855
688,14.058738490217365,12,5.885053321486339,178,30.640211337427797,6,7,0.8571428571428571
350,7.151974522639648,20,9.808422202477232,49,30.631826935680117,8,14,0.5714285714285714
219,4.475092629880237,8,3.9233688809908926,113,30.630875197793255,15,21,0.7142857142857143
297,6.068961237782787,8,3.9233688809908926,53,30.62036597147621,8,16,0.5
311,6.355040218688373,20,9.808422202477232,195,30.614202084992183,9,15,0.6
386,7.88760618782544,12,5.885053321486339,143,30.6127239018176,5,12,0.4166666666666667
372,7.6015272069198545,12,5.885053321486339,267,30.61189200135019,6,12,0.5
613,12.526172521080298,20,9.808422202477232,552,30.61086234382166,4,7,0.5714285714285714
608,12.42400145647116,16,7.846737761981785,578,30.60410603345378,6,7,0.8571428571428571
271,5.53767170181527,12,5.885053321486339,95,30.600474949024026,10,17,0.5882352941176471
564,11.524896087910747,20,9.808422202477232,230,30.594183903566396,6,8,0.75
534,10.91186970025592,20,9.808422202477232,411,30.58874716791317,4,8,0.5
704,14.385685896966606,12,5.885053321486339,99,30.57931277717824,4,7,0.5714285714285714
221,4.515961055723892,20,9.808422202477232,83,30.576461092745483,10,21,0.47619047619047616
614,12.546606734002125,20,9.808422202477232,545,30.57557028496865,4,7,0.5714285714285714
657,13.42527788964071,3,1.4712633303715847,333,30.573827368692836,4,7,0.5714285714285714
334,6.825027115890407,12,5.885053321486339,273,30.571558827146205,6,14,0.42857142857142855
608,12.42400145647116,12,5.885053321486339,577,30.567957574830192,6,7,0.8571428571428571
317,6.477645496219338,12,5.885053321486339,129,30.566574585542334,9,15,0.6
557,11.381856597457954,20,9.808422202477232,271,30.566374687216626,6,8,0.75
647,13.220935760422435,16,7.846737761981785,383,30.55773803204326,3,7,0.42857142857142855
672,13.731791083468124,16,7.846737761981785,257,30.557222053739736,4,7,0.5714285714285714
66,1.3486580528406193,20,9.808422202477232,53,30.556373106549596,35,70,0.5
566,11.565764513754402,12,5.885053321486339,222,30.551463499997688,6,8,0.75
243,4.9655137400040985,8,3.9233688809908926,214,30.550059795321356,10,19,0.5263157894736842
701,14.324383258201124,12,5.885053321486339,114,30.54963673683144,5,7,0.7142857142857143
444,9.07279053729144,16,7.846737761981785,312,30.548576823874676,6,10,0.6
90,1.839079162964481,12,5.885053321486339,19,30.53661782083092,30,52,0.5769230769230769
221,4.515961055723892,8,3.9233688809908926,81,30.53542471429111,10,21,0.47619047619047616
380,7.765000910294475,12,5.885053321486339,198,30.534790460244892,4,12,0.3333333333333333
413,8.439329936714785,8,3.9233688809908926,314,30.531887126094414,6,11,0.5454545454545454
559,11.42272502330161,16,7.846737761981785,265,30.525221710042683,6,8,0.75
419,8.56193521424575,8,3.9233688809908926,266,30.518445424129787,7,11,0.6363636363636364
555,11.340988171614299,16,7.846737761981785,289,30.513750983499396,5,8,0.625
218,4.454658416958409,16,7.846737761981785,129,30.506991229797517,14,21,0.6666666666666666
635,12.975725205360504,16,7.846737761981785,443,30.506844893247653,3,7,0.42857142857142855
526,10.7483959968813,12,5.885053321486339,460,30.490392969424285,3,8,0.375
722,14.753501729559503,8,3.9233688809908926,7,30.48177400959869,5,7,0.7142857142857143
271,5.53767170181527,16,7.846737761981785,96,30.480914090416334,10,17,0.5882352941176471
380,7.765000910294475,16,7.846737761981785,198,30.474612930414562,4,12,0.3333333333333333
193,3.94380309391272,12,5.885053321486339,144,30.47383256699228,14,24,0.5833333333333334
304,6.21200072823558,8,3.9233688809908926,271,30.469413760088145,11,15,0.7333333333333333
554,11.320553958692471,12,5.885053321486339,294,30.468116416531483,5,8,0.625
650,13.282238399187918,8,3.9233688809908926,367,30.466681867349294,3,7,0.42857142857142855
315,6.436777070375683,20,9.808422202477232,151,30.460702479766862,7,15,0.4666666666666667
700,14.303949045279296,16,7.846737761981785,118,30.459126992363988,5,7,0.7142857142857143
347,7.090671883874165,12,5.885053321486339,147,30.457703383080748,6,13,0.46153846153846156
386,7.88760618782544,20,9.808422202477232,104,30.45359746460256,8,12,0.6666666666666666
359,7.335882438936096,16,7.846737761981785,28,30.453131024542742,5,13,0.38461538461538464
702,14.344817471122951,12,5.885053321486339,108,30.449810175675943,5,7,0.7142857142857143
729,14.896541220012296,12,5.885053321486339,699,30.449558903206807,5,6,0.8333333333333334
610,12.464869882314815,16,7.846737761981785,568,30.449473356793536,6,7,0.8571428571428571
361,7.376750864779751,8,3.9233688809908926,7,30.448905767195047,6,13,0.46153846153846156
302,6.171132302391925,8,3.9233688809908926,297,30.447360920071397,11,15,0.7333333333333333
576,11.770106642972678,20,9.808422202477232,493,30.44696685968535,4,8,0.5
673,13.752225296389952,16,7.846737761981785,254,30.4389226952178,4,7,0.5714285714285714
550,11.238817107005161,6,2.9425266607431695,317,30.437953413786403,5,8,0.625
581,11.872277707581816,20,9.808422202477232,133,30.43223751904788,7,8,0.875
691,14.120041128982848,20,9.808422202477232,163,30.432159251259176,4,7,0.5714285714285714
732,14.957843858777778,12,5.885053321486339,691,30.427006819861468,5,6,0.8333333333333334
588,12.015317198034609,20,9.808422202477232,85,30.423104257847864,4,8,0.5
272,5.558105914737098,20,9.808422202477232,83,30.42175220814431,8,17,0.47058823529411764
509,10.401014377210231,12,5.885053321486339,55,30.418114638742495,4,9,0.4444444444444444
703,14.365251684044779,12,5.885053321486339,103,30.416016497920637,4,7,0.5714285714285714
669,13.670488444702642,12,5.885053321486339,273,30.413699859750572,3,7,0.42857142857142855
696,14.222212193591986,12,5.885053321486339,135,30.40976224585818,5,7,0.7142857142857143
671,13.711356870546297,8,3.9233688809908926,262,30.40198250226231,4,7,0.5714285714285714
385,7.867171974903613,20,9.808422202477232,97,30.400059267574335,6,12,0.5
507,10.360145951366576,6,2.9425266607431695,70,30.391130521814386,3,10,0.3
563,11.50446187498892,20,9.808422202477232,234,30.391001462951056,6,8,0.75
420,8.582369427167578,16,7.846737761981785,325,30.385942924505663,3,11,0.2727272727272727
615,12.567040946923953,12,5.885053321486339,544,30.37852009018301,4,7,0.5714285714285714
309,6.314171792844718,6,2.9425266607431695,218,30.374394087479583,8,15,0.5333333333333333
649,13.26180418626609,12,5.885053321486339,371,30.37151965382787,3,7,0.42857142857142855
313,6.395908644532028,12,5.885053321486339,175,30.36336431795707,9,15,0.6
268,5.476369063049788,20,9.808422202477232,133,30.363059398840818,10,17,0.5882352941176471
343,7.008935032186855,16,7.846737761981785,182,30.36124717977576,7,13,0.5384615384615384
315,6.436777070375683,16,7.846737761981785,151,30.358578838690907,7,15,0.4666666666666667
245,5.006382165847754,4,1.9616844404954463,186,30.357214138485425,8,19,0.42105263157894735
125,2.5542766152284457,12,5.885053321486339,115,30.35417934857413,21,37,0.5675675675675675
387,7.908040400747268,8,3.9233688809908926,136,30.34960181701448,5,12,0.4166666666666667
349,7.1315403097178205,12,5.885053321486339,129,30.3484080765553,7,13,0.5384615384615384
419,8.56193521424575,16,7.846737761981785,335,30.34369232720905,5,11,0.45454545454545453
423,8.64367206593306,16,7.846737761981785,317,30.342242241126144,3,11,0.2727272727272727
349,7.1315403097178205,20,9.808422202477232,129,30.33356960270925,6,13,0.46153846153846156
607,12.403567243549332,16,7.846737761981785,584,30.331873925698755,6,7,0.8571428571428571
534,10.91186970025592,12,5.885053321486339,414,30.330681993243843,4,8,0.5
706,14.426554322810262,20,9.808422202477232,89,30.329799664816445,4,7,0.5714285714285714
363,7.417619290623406,20,9.808422202477232,348,30.328570710530755,8,12,0.6666666666666666
274,5.598974340580753,12,5.885053321486339,55,30.32203842365715,12,17,0.7058823529411765
435,8.888882620994991,20,9.808422202477232,333,30.318802848849334,6,10,0.6
687,14.038304277295538,12,5.885053321486339,184,30.317669238020322,6,7,0.8571428571428571
408,8.337158872105647,16,7.846737761981785,354,30.316655295682526,5,11,0.45454545454545453
701,14.324383258201124,8,3.9233688809908926,112,30.31278282337169,6,7,0.8571428571428571
322,6.579816560828476,16,7.846737761981785,77,30.303258912003844,11,15,0.7333333333333333
462,9.440606369884335,20,9.808422202477232,259,30.30293399896994,6,10,0.6
425,8.684540491776715,16,7.846737761981785,305,30.300943749660888,3,11,0.2727272727272727
706,14.426554322810262,12,5.885053321486339,88,30.293283029557596,4,7,0.5714285714285714
253,5.169855869222374,12,5.885053321486339,76,30.286583057494923,8,19,0.42105263157894735
460,9.39973794404068,12,5.885053321486339,265,30.28531307354989,6,10,0.6
93,1.9003818017299636,16,7.846737761981785,81,30.284628396650202,28,49,0.5714285714285714
566,11.565764513754402,8,3.9233688809908926,220,30.28369827650277,6,8,0.75
273,5.5785401276589255,12,5.885053321486339,69,30.277052667218726,11,17,0.6470588235294118
700,14.303949045279296,12,5.885053321486339,116,30.273658082212012,5,7,0.7142857142857143
421,8.602803640089405,16,7.846737761981785,316,30.269805127796225,3,11,0.2727272727272727
656,13.404843676718883,3,1.4712633303715847,338,30.267305431166662,4,7,0.5714285714285714
607,12.403567243549332,20,9.808422202477232,584,30.26388220091581,6,7,0.8571428571428571
532,10.871001274412265,20,9.808422202477232,424,30.25983334754009,4,8,0.5
360,7.356316651857924,12,5.885053321486339,19,30.255503919413655,7,13,0.5384615384615384
271,5.53767170181527,20,9.808422202477232,93,30.251365657536947,9,17,0.5294117647058824
376,7.683264058607165,16,7.846737761981785,233,30.246586831982913,6,12,0.5
248,5.067684804613236,4,1.9616844404954463,147,30.237643044122326,10,19,0.5263157894736842
581,11.872277707581816,8,3.9233688809908926,131,30.216830538040412,7,8,0.875
533,10.891435487334093,20,9.808422202477232,421,30.21599335900883,4,8,0.5
597,12.199225114331057,8,3.9233688809908926,37,30.21178469488981,4,8,0.5
578,11.810975068816333,20,9.808422202477232,151,30.211577786019337,7,8,0.875
718,14.671764877872192,12,5.885053321486339,26,30.20937141399939,6,7,0.8571428571428571
340,6.947632393421372,20,9.808422202477232,217,30.206259467385213,5,13,0.38461538461538464
613,12.526172521080298,16,7.846737761981785,554,30.19221760831123,4,7,0.5714285714285714
691,14.120041128982848,16,7.846737761981785,162,30.188960089860803,4,7,0.5714285714285714
565,11.545330300832575,12,5.885053321486339,224,30.18873701855739,6,8,0.75
635,12.975725205360504,12,5.885053321486339,443,30.183941888537525,3,7,0.42857142857142855
609,12.444435669392988,16,7.846737761981785,573,30.178262976746684,6,7,0.8571428571428571
623,12.730514650298574,16,7.846737761981785,500,30.173713596599768,4,7,0.5714285714285714
344,7.029369245108683,16,7.846737761981785,178,30.169040824112592,8,13,0.6153846153846154
416,8.500632575480267,16,7.846737761981785,290,30.168292262749098,9,11,0.8181818181818182
586,11.974448772190954,16,7.846737761981785,102,30.164437700166566,4,8,0.5
538,10.99360655194323,8,3.9233688809908926,391,30.152896391137265,5,8,0.625
359,7.335882438936096,12,5.885053321486339,26,30.152426247143964,7,13,0.5384615384615384
260,5.312895359675167,16,7.846737761981785,231,30.15071058943881,7,17,0.4117647058823529
557,11.381856597457954,16,7.846737761981785,270,30.14733147927573,6,8,0.75
315,6.436777070375683,12,5.885053321486339,151,30.146308170239024,7,15,0.4666666666666667
611,12.485304095236643,12,5.885053321486339,562,30.1360064021156,4,7,0.5714285714285714
551,11.259251319926989,6,2.9425266607431695,312,30.1349724079053,5,8,0.625
450,9.195395814822405,12,5.885053321486339,294,30.127961510267653,6,10,0.6
580,11.851843494659988,6,2.9425266607431695,138,30.125527903742963,7,8,0.875
345,7.04980345803051,20,9.808422202477232,169,30.12008925181688,6,13,0.46153846153846156
183,3.7394609646944446,16,7.846737761981785,139,30.11987692575692,13,25,0.52
545,11.136646042396023,8,3.9233688809908926,346,30.119252116724976,6,8,0.75
277,5.660276979346236,20,9.808422202477232,17,30.117204723149165,12,17,0.7058823529411765
580,11.851843494659988,8,3.9233688809908926,137,30.11492123292372,7,8,0.875
591,12.076619836800091,6,2.9425266607431695,69,30.112799259984012,4,8,0.5
644,13.159633121656952,12,5.885053321486339,95,30.11140539899331,4,8,0.5
279,5.701145405189891,12,5.885053321486339,268,30.105592048445224,12,16,0.75
505,10.31927752552292,8,3.9233688809908926,83,30.103903424201828,3,10,0.3
646,13.200501547500608,12,5.885053321486339,388,30.10152739144276,3,7,0.42857142857142855
613,12.526172521080298,12,5.885053321486339,554,30.098173909244213,4,7,0.5714285714285714
547,11.177514468239679,6,2.9425266607431695,335,30.09210282059683,6,8,0.75
399,8.153250955809199,12,5.885053321486339,28,30.087263571186373,7,12,0.5833333333333334
317,6.477645496219338,8,3.9233688809908926,129,30.079066402635377,9,15,0.6
472,9.644948499102611,8,3.9233688809908926,314,30.07762856884467,4,10,0.4
186,3.8007636034599273,20,9.808422202477232,82,30.075055512683843,13,25,0.52
623,12.730514650298574,12,5.885053321486339,503,30.073981120792208,4,7,0.5714285714285714
596,12.17879090140923,6,2.9425266607431695,41,30.07186032839513,4,8,0.5
152,3.10600036411779,20,9.808422202477232,123,30.06701738532399,21,30,0.7
633,12.93485677951685,8,3.9233688809908926,452,30.06677557210836,3,7,0.42857142857142855
721,14.733067516637675,8,3.9233688809908926,14,30.065853611665567,6,7,0.8571428571428571
629,12.853119927829539,16,7.846737761981785,382,30.062259317956663,3,7,0.42857142857142855
535,10.932303913177748,16,7.846737761981785,408,30.061900707236234,5,8,0.625
558,11.402290810379782,12,5.885053321486339,268,30.053330079096465,6,8,0.75
734,14.998712284621433,6,2.9425266607431695,682,30.053001666721322,3,6,0.5
648,13.241369973344263,16,7.846737761981785,377,30.052550020093992,3,7,0.42857142857142855
720,14.712633303715847,8,3.9233688809908926,19,30.05039003016947,6,7,0.8571428571428571
707,14.446988535732089,20,9.808422202477232,84,30.047024253455167,5,7,0.7142857142857143
325,6.641119199593959,6,2.9425266607431695,44,30.046712238077763,8,15,0.5333333333333333
498,10.176238035070128,3,1.4712633303715847,132,30.04577836245058,6,10,0.6
632,12.914422566595022,8,3.9233688809908926,457,30.042281971545577,3,7,0.42857142857142855
565,11.545330300832575,16,7.846737761981785,227,30.036916905950513,6,8,0.75
679,13.874830573920917,8,3.9233688809908926,222,30.028396116605684,3,7,0.42857142857142855
541,11.054909190708713,6,2.9425266607431695,372,30.01979191274294,6,8,0.75
707,14.446988535732089,16,7.846737761981785,84,30.018192097951744,5,7,0.7142857142857143
533,10.891435487334093,16,7.846737761981785,418,30.009417781758007,5,8,0.625
559,11.42272502330161,12,5.885053321486339,265,30.00907723877155,6,8,0.75
624,12.750948863220401,12,5.885053321486339,497,30.007371930444577,4,7,0.5714285714285714
371,7.581092993998027,16,7.846737761981785,159,30.006419766074234,7,13,0.5384615384615384
124,2.533842402306618,6,2.9425266607431695,22,29.99420379367046,23,38,0.6052631578947368
556,11.361422384536127,20,9.808422202477232,281,29.993158662494523,6,8,0.75
586,11.974448772190954,12,5.885053321486339,102,29.991167637498148,4,8,0.5
448,9.15452738897875,16,7.846737761981785,306,29.990499439256382,5,10,0.5
669,13.670488444702642,8,3.9233688809908926,274,29.985323056853584,3,7,0.42857142857142855
690,14.09960691606102,16,7.846737761981785,167,29.983486229959375,4,7,0.5714285714285714
577,11.790540855894506,20,9.808422202477232,154,29.979823607973657,7,8,0.875
324,6.620684986672131,6,2.9425266607431695,55,29.97971372775522,9,15,0.6
142,2.9016582348995144,12,5.885053321486339,69,29.978470508797603,27,33,0.8181818181818182
600,12.26052775309654,16,7.846737761981785,17,29.978446523245008,6,8,0.75
415,8.48019836255844,12,5.885053321486339,296,29.97731723966678,8,11,0.7272727272727273
614,12.546606734002125,16,7.846737761981785,546,29.975701639211277,4,7,0.5714285714285714
351,7.172408735561476,16,7.846737761981785,31,29.9745817580987,7,14,0.5
626,12.791817289064056,6,2.9425266607431695,487,29.974134656888108,4,7,0.5714285714285714
647,13.220935760422435,12,5.885053321486339,383,29.967025525061647,3,7,0.42857142857142855
118,2.4112371247756528,20,9.808422202477232,115,29.964340192874182,24,39,0.6153846153846154
253,5.169855869222374,20,9.808422202477232,77,29.96392913103801,8,19,0.42105263157894735
344,7.029369245108683,12,5.885053321486339,178,29.959409849691845,8,13,0.6153846153846154
537,10.973172339021403,8,3.9233688809908926,397,29.955833459900123,7,8,0.875
151,3.0855661511959624,16,7.846737761981785,146,29.954762520072975,21,30,0.7
327,6.681987625437614,4,1.9616844404954463,22,29.95278386569987,9,15,0.6
697,14.242646406513813,6,2.9425266607431695,132,29.95139868347935,5,7,0.7142857142857143
313,6.395908644532028,8,3.9233688809908926,173,29.949364059086086,9,15,0.6
373,7.621961419841682,12,5.885053321486339,262,29.943156728247256,6,12,0.5
142,2.9016582348995144,16,7.846737761981785,69,29.942979026054918,27,33,0.8181818181818182
686,14.01787006437371,12,5.885053321486339,188,29.93653409959592,5,7,0.7142857142857143
312,6.3754744316102006,16,7.846737761981785,184,29.93620546681141,9,15,0.6
614,12.546606734002125,12,5.885053321486339,549,29.93493328961625,4,7,0.5714285714285714
438,8.950185259760474,12,5.885053321486339,326,29.9342672672486,5,10,0.5
552,11.279685532848816,8,3.9233688809908926,305,29.93253049542034,4,8,0.5
585,11.954014559269126,20,9.808422202477232,107,29.923738892888696,6,8,0.75
484,9.890159054164542,16,7.846737761981785,231,29.923636511940174,7,10,0.7
565,11.545330300832575,20,9.808422202477232,225,29.92192093508213,6,8,0.75
464,9.48147479572799,12,5.885053321486339,259,29.921389451126124,5,10,0.5
601,12.280961966018367,12,5.885053321486339,13,29.913680103709797,6,8,0.75
452,9.23626424066606,16,7.846737761981785,283,29.91291487924539,6,10,0.6
217,4.434224204036582,20,9.808422202477232,142,29.91231305059243,12,21,0.5714285714285714
653,13.3435410379534,4,1.9616844404954463,354,29.908724686997964,4,7,0.5714285714285714
157,3.208171428726928,16,7.846737761981785,8,29.907038122167503,14,30,0.4666666666666667
674,13.77265950931178,16,7.846737761981785,248,29.9050877329957,4,7,0.5714285714285714
497,10.1558038221483,3,1.4712633303715847,139,29.896795673638348,6,10,0.6
138,2.819921383212204,20,9.808422202477232,31,29.892916849606696,22,34,0.6470588235294118
686,14.01787006437371,8,3.9233688809908926,187,29.890118933836934,5,7,0.7142857142857143
677,13.833962148077262,8,3.9233688809908926,234,29.887422068502,3,7,0.42857142857142855
52,1.0625790719350334,16,7.846737761981785,28,29.871860819303368,52,89,0.5842696629213483
253,5.169855869222374,16,7.846737761981785,77,29.867677914155195,8,19,0.42105263157894735
535,10.932303913177748,12,5.885053321486339,409,29.86610110788512,4,8,0.5
281,5.742013831033546,8,3.9233688809908926,247,29.85753669681835,12,16,0.75
423,8.64367206593306,12,5.885053321486339,234,29.85339198613397,7,11,0.6363636363636364
409,8.357593085027474,12,5.885053321486339,347,29.85176156205026,6,11,0.5454545454545454
708,14.467422748653917,20,9.808422202477232,79,29.844267118666473,5,7,0.7142857142857143
671,13.711356870546297,6,2.9425266607431695,262,29.84313362725808,4,7,0.5714285714285714
297,6.068961237782787,6,2.9425266607431695,53,29.84022228335696,8,16,0.5
411,8.39846151087113,8,3.9233688809908926,331,29.836955253649432,6,11,0.5454545454545454
157,3.208171428726928,12,5.885053321486339,8,29.835734417409498,14,30,0.4666666666666667
185,3.7803293905380997,20,9.808422202477232,167,29.832973502280563,13,25,0.52
719,14.69219909079402,8,3.9233688809908926,21,29.831899677679544,6,7,0.8571428571428571
584,11.933580346347298,20,9.808422202477232,112,29.829330279651206,6,8,0.75
689,14.079172703139193,12,5.885053321486339,173,29.814975040743835,5,7,0.7142857142857143
678,13.85439636099909,8,3.9233688809908926,229,29.814626639595186,3,7,0.42857142857142855
299,6.109829663626442,12,5.885053321486339,30,29.813174318283384,9,16,0.5625
673,13.752225296389952,20,9.808422202477232,252,29.806673519450158,4,7,0.5714285714285714
377,7.703698271528992,20,9.808422202477232,137,29.80095131482556,6,12,0.5
688,14.058738490217365,8,3.9233688809908926,176,29.798934326167384,5,7,0.7142857142857143
301,6.150698089470097,20,9.808422202477232,4,29.798804288379973,9,16,0.5625
526,10.7483959968813,8,3.9233688809908926,462,29.795896493615388,3,8,0.375
692,14.140475341904676,16,7.846737761981785,158,29.78633722058915,4,7,0.5714285714285714
463,9.461040582806163,16,7.846737761981785,265,29.77829905860365,5,10,0.5
473,9.665382712024439,12,5.885053321486339,307,29.77439734681283,3,10,0.3
566,11.565764513754402,16,7.846737761981785,221,29.771616826278684,6,8,0.75
70,1.4303949045279296,8,3.9233688809908926,45,29.763338141553454,35,66,0.5303030303030303
592,12.097054049721919,4,1.9616844404954463,64,29.752555357006027,4,8,0.5
195,3.9846715197563753,12,5.885053321486339,103,29.751187848180376,10,24,0.4166666666666667
445,9.093224750213267,16,7.846737761981785,309,29.749656659505618,6,10,0.6
571,11.66793557836354,20,9.808422202477232,503,29.746076106845827,5,8,0.625
222,4.53639526864572,16,7.846737761981785,67,29.74142714155855,11,21,0.5238095238095238
508,10.380580164288403,8,3.9233688809908926,63,29.739033885623794,3,9,0.3333333333333333
352,7.192842948483303,12,5.885053321486339,98,29.73246051448444,5,13,0.38461538461538464
407,8.31672465918382,16,7.846737761981785,360,29.732341037046766,5,11,0.45454545454545453
131,2.676881892759411,12,5.885053321486339,81,29.73139846866328,18,35,0.5142857142857142
485,9.91059326708637,12,5.885053321486339,222,29.727877980366046,6,10,0.6
564,11.524896087910747,16,7.846737761981785,231,29.72070185196268,6,8,0.75
457,9.338435305275198,12,5.885053321486339,273,29.720477891084315,7,10,0.7
723,14.77393594248133,6,2.9425266607431695,4,29.71823825982084,5,7,0.7142857142857143
699,14.283514832357469,12,5.885053321486339,124,29.7127857438782,5,7,0.7142857142857143
594,12.137922475565574,4,1.9616844404954463,54,29.709767803388797,4,8,0.5
620,12.66921201153309,6,2.9425266607431695,519,29.708965150301125,3,7,0.42857142857142855
667,13.629620018858986,20,9.808422202477232,317,29.706674307167518,4,7,0.5714285714285714
673,13.752225296389952,12,5.885053321486339,254,29.697421007928778,4,7,0.5714285714285714
252,5.149421656300547,8,3.9233688809908926,91,29.697204035459936,8,19,0.42105263157894735
578,11.810975068816333,8,3.9233688809908926,149,29.695200058789197,7,8,0.875
273,5.5785401276589255,8,3.9233688809908926,68,29.694340180076214,11,17,0.6470588235294118
699,14.283514832357469,16,7.846737761981785,123,29.69026293971076,5,7,0.7142857142857143
237,4.842908462473133,12,5.885053321486339,64,29.680607408793442,8,20,0.4
206,4.209447861896479,12,5.885053321486339,116,29.665289954110772,9,22,0.4090909090909091
412,8.418895723792957,8,3.9233688809908926,322,29.663683530318192,5,11,0.45454545454545453
525,10.727961783959472,20,9.808422202477232,463,29.66351124515973,3,8,0.375
295,6.028092811939132,12,5.885053321486339,73,29.662902386318205,7,16,0.4375
646,13.200501547500608,16,7.846737761981785,386,29.660038922785898,3,7,0.42857142857142855
283,5.782882256877201,8,3.9233688809908926,221,29.659353532785456,13,16,0.8125
165,3.3716451321015484,6,2.9425266607431695,152,29.64868650442832,15,28,0.5357142857142857
433,8.848014195151336,20,9.808422202477232,267,29.647165298106557,8,11,0.7272727272727273
639,13.057462057047815,20,9.808422202477232,118,29.638438640924647,5,8,0.625
708,14.467422748653917,12,5.885053321486339,79,29.638109584516965,5,7,0.7142857142857143
717,14.651330664950365,16,7.846737761981785,30,29.637300561067413,5,7,0.7142857142857143
503,10.278409099679266,8,3.9233688809908926,98,29.636787246236473,3,10,0.3
360,7.356316651857924,8,3.9233688809908926,19,29.6357848783787,7,13,0.5384615384615384
349,7.1315403097178205,8,3.9233688809908926,128,29.635708893976354,6,13,0.46153846153846156
338,6.906763967577717,16,7.846737761981785,233,29.63562942124224,6,14,0.42857142857142855
428,8.745843130542198,16,7.846737761981785,292,29.631319172177527,4,11,0.36363636363636365
466,9.522343221571646,16,7.846737761981785,246,29.625716760860165,5,10,0.5
567,11.58619872667623,16,7.846737761981785,216,29.623850570299624,6,8,0.75
553,11.300119745770644,8,3.9233688809908926,299,29.62049883333043,5,8,0.625
429,8.766277343464026,20,9.808422202477232,304,29.62020066576243,7,11,0.6363636363636364
108,2.206894995557377,20,9.808422202477232,55,29.619365790678916,26,43,0.6046511627906976
502,10.257974886757438,8,3.9233688809908926,105,29.616637415039637,4,10,0.4
559,11.42272502330161,20,9.808422202477232,261,29.61394393759983,7,8,0.875
674,13.77265950931178,12,5.885053321486339,246,29.609291614795843,4,7,0.5714285714285714
166,3.392079345023376,8,3.9233688809908926,130,29.60724730054683,16,28,0.5714285714285714
666,13.609185805937159,8,3.9233688809908926,289,29.600144051960314,4,7,0.5714285714285714
543,11.095777616552368,6,2.9425266607431695,361,29.59913172628448,6,8,0.75
661,13.507014741328021,4,1.9616844404954463,314,29.59600505903654,3,7,0.42857142857142855
468,9.5632116474153,12,5.885053321486339,233,29.595997942783136,3,10,0.3
730,14.916975432934123,8,3.9233688809908926,699,29.59329180928672,5,6,0.8333333333333334
237,4.842908462473133,16,7.846737761981785,64,29.591012361625285,8,20,0.4
646,13.200501547500608,8,3.9233688809908926,389,29.589402774261053,3,7,0.42857142857142855
270,5.517237488893443,20,9.808422202477232,107,29.583690850196135,10,17,0.5882352941176471
720,14.712633303715847,6,2.9425266607431695,18,29.58295318432209,6,7,0.8571428571428571
608,12.42400145647116,8,3.9233688809908926,577,29.57509310464436,6,7,0.8571428571428571
274,5.598974340580753,16,7.846737761981785,55,29.568708077568374,12,17,0.7058823529411765
483,9.869724841242714,16,7.846737761981785,238,29.567175089693183,8,10,0.8
504,10.298843312601093,8,3.9233688809908926,89,29.565856172160853,3,10,0.3
634,12.955290992438677,8,3.9233688809908926,447,29.561988553380754,3,7,0.42857142857142855
590,12.056185623878264,8,3.9233688809908926,77,29.559537416896788,4,8,0.5
476,9.726685350789921,20,9.808422202477232,316,29.558634751700367,4,10,0.4
453,9.256698453587887,16,7.846737761981785,284,29.548389839467486,7,10,0.7
345,7.04980345803051,16,7.846737761981785,168,29.547227068205142,6,13,0.46153846153846156
628,12.832685714907711,4,1.9616844404954463,479,29.54601176538321,3,7,0.42857142857142855
675,13.793093722233607,12,5.885053321486339,244,29.545619538404264,4,7,0.5714285714285714
244,4.985947952925926,6,2.9425266607431695,199,29.545096156445332,10,19,0.5263157894736842
499,10.196672247991955,4,1.9616844404954463,126,29.54481742469927,5,10,0.5
668,13.650054231780814,12,5.885053321486339,278,29.54166980530069,3,7,0.42857142857142855
324,6.620684986672131,8,3.9233688809908926,54,29.533599741119176,9,15,0.6
729,14.896541220012296,8,3.9233688809908926,701,29.529604689041413,5,6,0.8333333333333334
270,5.517237488893443,16,7.846737761981785,109,29.52063496809261,12,17,0.7058823529411765
542,11.07534340363054,6,2.9425266607431695,367,29.52029382285022,6,8,0.75
670,13.69092265762447,6,2.9425266607431695,269,29.51771645209502,3,7,0.42857142857142855
662,13.527448954249849,6,2.9425266607431695,306,29.513034799281805,3,7,0.42857142857142855
709,14.487856961575744,20,9.808422202477232,227,29.50996915394264,5,7,0.7142857142857143
477,9.747119563711749,20,9.808422202477232,307,29.502832485022477,4,10,0.4
710,14.508291174497572,20,9.808422202477232,225,29.490981204932975,5,7,0.7142857142857143
364,7.438053503545234,20,9.808422202477232,340,29.483554364976577,9,12,0.75
636,12.996159418282332,20,9.808422202477232,439,29.48149116366635,3,7,0.42857142857142855
614,12.546606734002125,6,2.9425266607431695,549,29.48050554920878,4,7,0.5714285714285714
633,12.93485677951685,6,2.9425266607431695,453,29.479971074038687,3,7,0.42857142857142855
71,1.4508291174497572,16,7.846737761981785,69,29.47533551038534,34,65,0.5230769230769231
604,12.34226460478385,12,5.885053321486339,599,29.47364318344025,6,7,0.8571428571428571
526,10.7483959968813,6,2.9425266607431695,461,29.47275442270107,3,8,0.375
261,5.333329572596995,8,3.9233688809908926,224,29.470424584748024,7,17,0.4117647058823529
672,13.731791083468124,8,3.9233688809908926,259,29.47026251834102,4,7,0.5714285714285714
544,11.116211829474196,8,3.9233688809908926,355,29.468554304559504,6,8,0.75
391,7.989777252434578,6,2.9425266607431695,98,29.466691180373466,3,12,0.25
528,10.789264422724955,12,5.885053321486339,451,29.466258342960042,4,8,0.5
194,3.964237306834548,20,9.808422202477232,94,29.465664338098737,13,24,0.5416666666666666
566,11.565764513754402,20,9.808422202477232,219,29.459034636234644,6,8,0.75
348,7.111106096795993,6,2.9425266607431695,138,29.457363929248277,7,13,0.5384615384615384
716,14.630896452028537,20,9.808422202477232,218,29.451983726089335,3,7,0.42857142857142855
702,14.344817471122951,8,3.9233688809908926,109,29.448690369082225,6,7,0.8571428571428571
110,2.2477634214010322,16,7.846737761981785,96,29.446915872826317,22,42,0.5238095238095238
188,3.8416320293035824,20,9.808422202477232,142,29.445105435621805,12,24,0.5
616,12.58747515984578,8,3.9233688809908926,537,29.438866686266707,3,7,0.42857142857142855
455,9.297566879431542,16,7.846737761981785,284,29.433830767826784,7,10,0.7
311,6.355040218688373,12,5.885053321486339,198,29.43033503773165,9,15,0.6
607,12.403567243549332,12,5.885053321486339,583,29.429385816202302,6,7,0.8571428571428571
635,12.975725205360504,8,3.9233688809908926,444,29.42598182888659,3,7,0.42857142857142855
615,12.567040946923953,8,3.9233688809908926,544,29.42515999929576,4,7,0.5714285714285714
410,8.378027297949302,12,5.885053321486339,336,29.418286731392463,6,11,0.5454545454545454
388,7.928474613669096,12,5.885053321486339,127,29.41546340320959,5,12,0.4166666666666667
631,12.893988353673194,8,3.9233688809908926,462,29.414568106706767,3,7,0.42857142857142855
408,8.337158872105647,12,5.885053321486339,353,29.412492120531034,5,11,0.45454545454545453
535,10.932303913177748,8,3.9233688809908926,409,29.406748480359067,4,8,0.5
645,13.18006733457878,12,5.885053321486339,394,29.40173374674986,3,7,0.42857142857142855
674,13.77265950931178,20,9.808422202477232,245,29.400824718048295,4,7,0.5714285714285714
693,14.160909554826503,12,5.885053321486339,153,29.3990464080832,4,7,0.5714285714285714
262,5.353763785518822,12,5.885053321486339,211,29.39731759086519,8,17,0.47058823529411764
724,14.794370155403158,8,3.9233688809908926,723,29.394307170567696,5,6,0.8333333333333334
717,14.651330664950365,12,5.885053321486339,33,29.39068119184054,5,7,0.7142857142857143
403,8.234987807496509,12,5.885053321486339,395,29.385428338574005,5,11,0.45454545454545453
546,11.157080255317851,6,2.9425266607431695,340,29.38261039335794,6,8,0.75
685,13.997435851451883,12,5.885053321486339,192,29.379026933200624,5,7,0.7142857142857143
560,11.443159236223437,20,9.808422202477232,255,29.37555725180142,7,8,0.875
193,3.94380309391272,16,7.846737761981785,143,29.368765523368786,13,24,0.5416666666666666
425,8.684540491776715,12,5.885053321486339,305,29.364197758207908,3,11,0.2727272727272727
263,5.37419799844065,8,3.9233688809908926,199,29.36369844547961,8,17,0.47058823529411764
473,9.665382712024439,16,7.846737761981785,307,29.36234767317972,3,10,0.3
602,12.301396178940195,12,5.885053321486339,7,29.362276567287733,5,8,0.625
183,3.7394609646944446,12,5.885053321486339,142,29.36094765254255,14,25,0.56
568,11.606632939598057,20,9.808422202477232,510,29.35671961529583,5,8,0.625
610,12.464869882314815,12,5.885053321486339,569,29.349314168118642,6,7,0.8571428571428571
442,9.031922111447784,12,5.885053321486339,319,29.34652160970804,5,10,0.5
162,3.3103424933360657,20,9.808422202477232,48,29.34354499671209,15,29,0.5172413793103449
375,7.662829845685337,12,5.885053321486339,244,29.333362022185504,7,12,0.5833333333333334
194,3.964237306834548,16,7.846737761981785,127,29.330622597206933,13,24,0.5416666666666666
711,14.5287253874194,20,9.808422202477232,223,29.329611345045283,5,7,0.7142857142857143
363,7.417619290623406,16,7.846737761981785,352,29.325900853181086,7,12,0.5833333333333334
730,14.916975432934123,6,2.9425266607431695,698,29.325137203892638,5,6,0.8333333333333334
512,10.462317015975714,8,3.9233688809908926,33,29.32403678835886,5,9,0.5555555555555556
49,1.0012764331695507,20,9.808422202477232,36,29.323362823518504,48,94,0.5106382978723404
323,6.600250773750304,8,3.9233688809908926,66,29.322277530917354,9,15,0.6
348,7.111106096795993,8,3.9233688809908926,139,29.308848956700817,7,13,0.5384615384615384
621,12.689646224454918,8,3.9233688809908926,514,29.30781305125638,4,7,0.5714285714285714
379,7.7445666973726475,12,5.885053321486339,207,29.30756872498739,5,12,0.4166666666666667
194,3.964237306834548,12,5.885053321486339,127,29.306103238898018,13,24,0.5416666666666666
680,13.895264786842745,20,9.808422202477232,525,29.30319152398783,4,7,0.5714285714285714
364,7.438053503545234,16,7.846737761981785,339,29.301932636864862,9,12,0.75
709,14.487856961575744,12,5.885053321486339,74,29.296926389685773,5,7,0.7142857142857143
151,3.0855661511959624,12,5.885053321486339,146,29.29631941420193,22,30,0.7333333333333333
422,8.623237853011233,12,5.885053321486339,320,29.294165883572223,3,11,0.2727272727272727
360,7.356316651857924,6,2.9425266607431695,18,29.293958883651197,7,13,0.5384615384615384
705,14.406120109888434,8,3.9233688809908926,94,29.28805403837102,4,7,0.5714285714285714
722,14.753501729559503,6,2.9425266607431695,9,29.287361524470366,6,7,0.8571428571428571
487,9.951461692930025,4,1.9616844404954463,209,29.27839994890533,6,10,0.6
390,7.969343039512751,8,3.9233688809908926,90,29.273644188119032,5,12,0.4166666666666667
162,3.3103424933360657,16,7.846737761981785,53,29.272432124066,16,29,0.5517241379310345
642,13.118764695813297,12,5.885053321486339,103,29.26793068555511,4,8,0.5
328,6.702421838359442,3,1.4712633303715847,10,29.265947588160508,9,15,0.6
277,5.660276979346236,16,7.846737761981785,18,29.26526423300167,12,17,0.7058823529411765
380,7.765000910294475,20,9.808422202477232,197,29.26474057091811,4,12,0.3333333333333333
314,6.416342857453856,8,3.9233688809908926,163,29.264422528232277,8,15,0.5333333333333333
600,12.26052775309654,20,9.808422202477232,16,29.264041753345175,6,8,0.75
525,10.727961783959472,16,7.846737761981785,466,29.262933715225845,3,8,0.375
555,11.340988171614299,12,5.885053321486339,287,29.261665316619094,5,8,0.625
650,13.282238399187918,6,2.9425266607431695,367,29.25862847941185,3,7,0.42857142857142855
732,14.957843858777778,8,3.9233688809908926,688,29.258598512082642,4,6,0.6666666666666666
604,12.34226460478385,8,3.9233688809908926,599,29.257729188186964,6,7,0.8571428571428571
636,12.996159418282332,12,5.885053321486339,439,29.25658384323599,4,7,0.5714285714285714
362,7.397185077701579,8,3.9233688809908926,361,29.250871806493265,7,12,0.5833333333333334
614,12.546606734002125,8,3.9233688809908926,549,29.248901187362158,4,7,0.5714285714285714
93,1.9003818017299636,20,9.808422202477232,82,29.233717096105664,27,49,0.5510204081632653
567,11.58619872667623,12,5.885053321486339,214,29.230030643955892,6,8,0.75
361,7.376750864779751,6,2.9425266607431695,9,29.220173111406524,7,13,0.5384615384615384
641,13.09833048289147,12,5.885053321486339,111,29.218674257041876,5,8,0.625
669,13.670488444702642,6,2.9425266607431695,273,29.2181733156252,3,7,0.42857142857142855
123,2.5134081893847906,8,3.9233688809908926,52,29.21642295424415,23,38,0.6052631578947368
482,9.849290628320887,16,7.846737761981785,244,29.210755788855934,8,10,0.8
335,6.845461328812235,12,5.885053321486339,266,29.205114492640924,6,14,0.42857142857142855
567,11.58619872667623,20,9.808422202477232,217,29.201029769712193,6,8,0.75
344,7.029369245108683,8,3.9233688809908926,176,29.19165913508892,7,13,0.5384615384615384
510,10.421448590132059,8,3.9233688809908926,47,29.189990995513707,4,9,0.4444444444444444
623,12.730514650298574,8,3.9233688809908926,503,29.184601181564553,4,7,0.5714285714285714
421,8.602803640089405,12,5.885053321486339,324,29.183788403496585,3,11,0.2727272727272727
349,7.1315403097178205,16,7.846737761981785,128,29.180538267654534,6,13,0.46153846153846156
602,12.301396178940195,20,9.808422202477232,4,29.179578893556634,5,8,0.625
482,9.849290628320887,20,9.808422202477232,245,29.173500941212374,8,10,0.8
273,5.5785401276589255,16,7.846737761981785,70,29.17104394868737,11,17,0.6470588235294118
62,1.266921201153309,16,7.846737761981785,23,29.157303731064204,44,75,0.5866666666666667
182,3.719026751772617,16,7.846737761981785,158,29.155297493823625,15,25,0.6
600,12.26052775309654,12,5.885053321486339,19,29.153618718538606,6,8,0.75
179,3.6577241130071343,8,3.9233688809908926,39,29.153291795568496,17,26,0.6538461538461539
308,6.29373757992289,8,3.9233688809908926,228,29.150615724879923,8,15,0.5333333333333333
229,4.679434759098513,12,5.885053321486339,34,29.14952552905951,12,21,0.5714285714285714
296,6.0485270248609595,6,2.9425266607431695,65,29.14646558096428,7,16,0.4375
634,12.955290992438677,6,2.9425266607431695,447,29.145128483911986,3,7,0.42857142857142855
564,11.524896087910747,12,5.885053321486339,233,29.141365267846076,6,8,0.75
606,12.383133030627505,20,9.808422202477232,589,29.14120195843135,6,7,0.8571428571428571
539,11.014040764865058,8,3.9233688809908926,385,29.13665678217954,5,8,0.625
668,13.650054231780814,20,9.808422202477232,321,29.132096346166886,3,7,0.42857142857142855
274,5.598974340580753,20,9.808422202477232,48,29.131222021290885,10,17,0.5882352941176471
374,7.64239563276351,20,9.808422202477232,249,29.128861792163043,6,12,0.5
417,8.521066788402095,12,5.885053321486339,283,29.12446691357321,9,11,0.8181818181818182
473,9.665382712024439,8,3.9233688809908926,307,29.123511123089248,3,10,0.3
418,8.541501001323923,12,5.885053321486339,275,29.121926649671313,9,11,0.8181818181818182
253,5.169855869222374,8,3.9233688809908926,76,29.118506558909697,8,19,0.42105263157894735
338,6.906763967577717,12,5.885053321486339,239,29.11535895231168,8,14,0.5714285714285714
198,4.045974158521858,4,1.9616844404954463,53,29.113707203033112,13,24,0.5416666666666666
717,14.651330664950365,8,3.9233688809908926,31,29.10867361958821,5,7,0.7142857142857143
663,13.547883167171676,4,1.9616844404954463,303,29.108092676956236,3,7,0.42857142857142855
708,14.467422748653917,16,7.846737761981785,78,29.107864501660554,5,7,0.7142857142857143
82,1.6756054595898604,8,3.9233688809908926,10,29.094621776891696,32,57,0.5614035087719298
443,9.052356324369612,12,5.885053321486339,315,29.09244844827378,5,10,0.5
264,5.394632211362477,20,9.808422202477232,184,29.087404971405366,9,17,0.5294117647058824
707,14.446988535732089,12,5.885053321486339,84,29.07749188817318,5,7,0.7142857142857143
513,10.482751228897541,12,5.885053321486339,27,29.07043933600849,5,9,0.5555555555555556
646,13.200501547500608,6,2.9425266607431695,388,29.063963301210105,3,7,0.42857142857142855
288,5.885053321486339,16,7.846737761981785,205,29.063880318739,8,16,0.5
532,10.871001274412265,16,7.846737761981785,426,29.062428377903164,4,8,0.5
247,5.047250591691409,4,1.9616844404954463,159,29.059509215277398,11,19,0.5789473684210527
731,14.93740964585595,8,3.9233688809908926,695,29.059485160240616,5,6,0.8333333333333334
598,12.219659327252884,8,3.9233688809908926,31,29.056057409451167,4,8,0.5
365,7.4584877164670615,12,5.885053321486339,331,29.05371583910397,9,12,0.75
505,10.31927752552292,6,2.9425266607431695,83,29.046963547633844,3,10,0.3
552,11.279685532848816,6,2.9425266607431695,305,29.041899184176728,4,8,0.5
358,7.315448226014269,20,9.808422202477232,34,29.040570382527452,5,13,0.38461538461538464
606,12.383133030627505,16,7.846737761981785,589,29.02000952062841,6,7,0.8571428571428571
685,13.997435851451883,16,7.846737761981785,185,29.020000597033007,5,7,0.7142857142857143
396,8.091948317043716,3,1.4712633303715847,54,29.017209925859273,6,12,0.5
433,8.848014195151336,12,5.885053321486339,266,29.01121227209881,8,11,0.7272727272727273
533,10.891435487334093,12,5.885053321486339,420,29.00931198157778,4,8,0.5
577,11.790540855894506,16,7.846737761981785,153,29.00433258439277,7,8,0.875
471,9.624514286180784,8,3.9233688809908926,322,29.000044438215085,4,10,0.4
733,14.978278071699606,6,2.9425266607431695,685,28.997233342478935,4,6,0.6666666666666666
569,11.627067152519885,16,7.846737761981785,509,28.99322938249329,5,8,0.625
251,5.128987443378719,8,3.9233688809908926,104,28.988274488204247,9,19,0.47368421052631576
76,1.553000182058895,12,5.885053321486339,46,28.98583420574602,33,61,0.5409836065573771
275,5.619408553502581,6,2.9425266607431695,42,28.983164885898766,11,17,0.6470588235294118
690,14.09960691606102,12,5.885053321486339,169,28.978214733361995,4,7,0.5714285714285714
636,12.996159418282332,16,7.846737761981785,84,28.97466429217047,4,8,0.5
540,11.034474977786886,8,3.9233688809908926,376,28.96938735767208,6,8,0.75
170,3.473816196710686,8,3.9233688809908926,49,28.96911884282665,15,27,0.5555555555555556
164,3.351210919179721,4,1.9616844404954463,9,28.96877862809312,16,29,0.5517241379310345
607,12.403567243549332,8,3.9233688809908926,581,28.959030098301735,6,7,0.8571428571428571
648,13.241369973344263,12,5.885053321486339,378,28.95604469853751,3,7,0.42857142857142855
206,4.209447861896479,16,7.846737761981785,114,28.952645979879808,10,22,0.45454545454545453
266,5.4355006372061325,20,9.808422202477232,158,28.95217134827194,9,17,0.5294117647058824
108,2.206894995557377,16,7.846737761981785,55,28.94758221123979,28,43,0.6511627906976745
545,11.136646042396023,6,2.9425266607431695,347,28.946180450850594,6,8,0.75
691,14.120041128982848,12,5.885053321486339,163,28.943642816236306,4,7,0.5714285714285714
582,11.892711920503643,16,7.846737761981785,127,28.942355187653476,7,8,0.875
567,11.58619872667623,6,2.9425266607431695,215,28.939636584094085,6,8,0.75
514,10.503185441819369,12,5.885053321486339,21,28.938811587567567,5,9,0.5555555555555556
300,6.13026387654827,20,9.808422202477232,18,28.93605665611552,10,16,0.625
602,12.301396178940195,16,7.846737761981785,7,28.93457420276077,5,8,0.625
276,5.639842766424408,6,2.9425266607431695,30,28.926049670938355,9,17,0.5294117647058824
307,6.273303367001063,12,5.885053321486339,241,28.919389753720196,9,15,0.6
486,9.931027480008197,6,2.9425266607431695,216,28.90776397232219,6,10,0.6
386,7.88760618782544,8,3.9233688809908926,145,28.905137588771726,5,12,0.4166666666666667
300,6.13026387654827,16,7.846737761981785,17,28.90441163514936,10,16,0.625
527,10.768830209803127,8,3.9233688809908926,455,28.901828398433526,4,8,0.5
718,14.671764877872192,8,3.9233688809908926,28,28.901711098401023,5,7,0.7142857142857143
359,7.335882438936096,8,3.9233688809908926,28,28.901711098401023,5,13,0.38461538461538464
682,13.9361332126864,16,7.846737761981785,208,28.900958655044864,3,7,0.42857142857142855
687,14.038304277295538,8,3.9233688809908926,181,28.897308768280634,6,7,0.8571428571428571
402,8.214553594574681,16,7.846737761981785,401,28.87929494206548,6,11,0.5454545454545454
601,12.280961966018367,20,9.808422202477232,9,28.87753026866307,6,8,0.75
430,8.786711556385853,20,9.808422202477232,300,28.875983804061864,7,11,0.6363636363636364
684,13.977001638530055,20,9.808422202477232,192,28.87544768228092,5,7,0.7142857142857143
681,13.915698999764572,16,7.846737761981785,212,28.87311332707518,3,7,0.42857142857142855
565,11.545330300832575,8,3.9233688809908926,226,28.870538221087212,6,8,0.75
696,14.222212193591986,8,3.9233688809908926,136,28.867003620131754,5,7,0.7142857142857143
403,8.234987807496509,16,7.846737761981785,394,28.86476416443581,5,11,0.45454545454545453
601,12.280961966018367,16,7.846737761981785,11,28.858068849525452,6,8,0.75
506,10.339711738444748,4,1.9616844404954463,76,28.853481351504616,3,10,0.3
560,11.443159236223437,16,7.846737761981785,257,28.849841278192084,7,8,0.875
333,6.804592902968579,6,2.9425266607431695,288,28.849492441331293,6,14,0.42857142857142855
351,7.172408735561476,12,5.885053321486339,108,28.849167279674884,7,13,0.5384615384615384
622,12.710080437376746,8,3.9233688809908926,506,28.847827876720775,4,7,0.5714285714285714
521,10.646224932272162,16,7.846737761981785,492,28.846625040979877,3,8,0.375
218,4.454658416958409,12,5.885053321486339,131,28.846276562130782,14,21,0.6666666666666666
180,3.678158325928962,6,2.9425266607431695,18,28.84417550721338,16,26,0.6153846153846154
387,7.908040400747268,6,2.9425266607431695,135,28.84156868986439,5,12,0.4166666666666667
680,13.895264786842745,8,3.9233688809908926,219,28.841237686427384,3,7,0.42857142857142855
435,8.888882620994991,16,7.846737761981785,139,28.837998571862446,10,11,0.9090909090909091
524,10.707527571037645,12,5.885053321486339,474,28.83450911044651,3,8,0.375
110,2.2477634214010322,12,5.885053321486339,99,28.8335540210284,24,42,0.5714285714285714
701,14.324383258201124,6,2.9425266607431695,113,28.83295439298041,5,7,0.7142857142857143
298,6.089395450704615,8,3.9233688809908926,43,28.831341449536136,9,16,0.5625
694,14.18134376774833,8,3.9233688809908926,149,28.827939682238714,5,7,0.7142857142857143
151,3.0855661511959624,20,9.808422202477232,144,28.826009682624345,21,30,0.7
567,11.58619872667623,8,3.9233688809908926,215,28.823133007759917,6,8,0.75
414,8.459764149636612,8,3.9233688809908926,304,28.820733040739366,7,11,0.6363636363636364
681,13.915698999764572,12,5.885053321486339,213,28.819655091410663,3,7,0.42857142857142855
658,13.445712102562538,3,1.4712633303715847,329,28.804665153790477,4,7,0.5714285714285714
310,6.334606005766545,6,2.9425266607431695,208,28.800074589510185,9,15,0.6
532,10.871001274412265,12,5.885053321486339,426,28.79951292794222,4,8,0.5
682,13.9361332126864,20,9.808422202477232,205,28.789223619302057,3,7,0.42857142857142855
655,13.384409463797056,3,1.4712633303715847,342,28.78884137975546,4,7,0.5714285714285714
191,3.902934668069065,20,9.808422202477232,133,28.78847823106887,12,24,0.5
66,1.3486580528406193,16,7.846737761981785,54,28.782564804794564,36,70,0.5142857142857142
716,14.630896452028537,16,7.846737761981785,37,28.77307591514767,5,7,0.7142857142857143
375,7.662829845685337,16,7.846737761981785,242,28.77236672541414,8,12,0.6666666666666666
329,6.722856051281269,3,1.4712633303715847,0,28.771266133025037,8,15,0.5333333333333333
418,8.541501001323923,16,7.846737761981785,272,28.76906920939185,8,11,0.7272727272727273
617,12.607909372767608,4,1.9616844404954463,533,28.75691987364497,3,7,0.42857142857142855
440,8.991053685604129,12,5.885053321486339,319,28.75290207081199,5,10,0.5
603,12.321830391862022,12,5.885053321486339,1,28.751557667650953,6,8,0.75
652,13.323106825031573,3,1.4712633303715847,358,28.74972439130375,3,7,0.42857142857142855
525,10.727961783959472,12,5.885053321486339,468,28.745392748492627,3,8,0.375
482,9.849290628320887,12,5.885053321486339,245,28.74362538905706,8,10,0.8
681,13.915698999764572,20,9.808422202477232,208,28.743413029050068,3,7,0.42857142857142855
200,4.086842584365513,20,9.808422202477232,14,28.743140333181554,13,24,0.5416666666666666
474,9.685816924946266,12,5.885053321486339,301,28.74008513487454,3,10,0.3
301,6.150698089470097,8,3.9233688809908926,6,28.737972620814983,9,16,0.5625
424,8.664106278854888,12,5.885053321486339,227,28.734318913338495,9,11,0.8181818181818182
595,12.158356688487402,4,1.9616844404954463,48,28.733803585104887,4,8,0.5
322,6.579816560828476,12,5.885053321486339,75,28.73166110800393,11,15,0.7333333333333333
346,7.070237670952338,16,7.846737761981785,154,28.731299111886145,6,13,0.46153846153846156
576,11.770106642972678,12,5.885053321486339,163,28.72983898920044,8,8,1.0
582,11.892711920503643,12,5.885053321486339,127,28.729231565562063,7,8,0.875
167,3.4125135579452035,20,9.808422202477232,86,28.725692592627233,16,28,0.5714285714285714
649,13.26180418626609,8,3.9233688809908926,373,28.722105688035192,3,7,0.42857142857142855
531,10.850567061490437,20,9.808422202477232,427,28.718353490741553,4,8,0.5
692,14.140475341904676,12,5.885053321486339,159,28.716258561306528,4,7,0.5714285714285714
664,13.568317380093504,4,1.9616844404954463,298,28.712462267057816,4,7,0.5714285714285714
243,4.9655137400040985,6,2.9425266607431695,215,28.70923160266598,10,19,0.5263157894736842
683,13.956567425608227,16,7.846737761981785,202,28.7059746505002,4,7,0.5714285714285714
566,11.565764513754402,6,2.9425266607431695,220,28.70456757968574,6,8,0.75
557,11.381856597457954,12,5.885053321486339,272,28.699193773956818,6,8,0.75
685,13.997435851451883,8,3.9233688809908926,191,28.69436487874377,5,7,0.7142857142857143
226,4.61813212033303,20,9.808422202477232,79,28.693104255914974,13,21,0.6190476190476191
508,10.380580164288403,6,2.9425266607431695,63,28.68792025065348,3,9,0.3333333333333333
348,7.111106096795993,12,5.885053321486339,136,28.687173533435963,7,13,0.5384615384615384
521,10.646224932272162,12,5.885053321486339,492,28.68529768969484,3,8,0.375
695,14.201777980670158,8,3.9233688809908926,144,28.684495463331086,5,7,0.7142857142857143
568,11.606632939598057,12,5.885053321486339,211,28.68232631249509,6,8,0.75
581,11.872277707581816,6,2.9425266607431695,131,28.682233949122136,7,8,0.875
419,8.56193521424575,6,2.9425266607431695,267,28.668824127946426,7,11,0.6363636363636364
268,5.476369063049788,12,5.885053321486339,133,28.667499114275152,11,17,0.6470588235294118
507,10.360145951366576,4,1.9616844404954463,70,28.666362882855285,3,10,0.3
395,8.071514104121889,3,1.4712633303715847,63,28.666189759450813,6,12,0.5
728,14.876107007090468,8,3.9233688809908926,704,28.664464377738234,5,6,0.8333333333333334
500,10.217106460913783,6,2.9425266607431695,114,28.66396421298659,6,10,0.6
434,8.868448408073164,16,7.846737761981785,341,28.662991824287516,5,10,0.5
416,8.500632575480267,12,5.885053321486339,289,28.660935690415972,9,11,0.8181818181818182
524,10.707527571037645,16,7.846737761981785,474,28.6577869222996,3,8,0.375
509,10.401014377210231,8,3.9233688809908926,53,28.654824982469194,4,9,0.4444444444444444
704,14.385685896966606,8,3.9233688809908926,99,28.65209878269243,4,7,0.5714285714285714
246,5.026816378769581,3,1.4712633303715847,172,28.650975250254913,9,19,0.47368421052631576
517,10.564488080584852,12,5.885053321486339,0,28.6484737275557,3,9,0.3333333333333333
307,6.273303367001063,16,7.846737761981785,239,28.645075036290123,9,15,0.6
376,7.683264058607165,12,5.885053321486339,234,28.639237385649466,7,12,0.5833333333333334
372,7.6015272069198545,8,3.9233688809908926,269,28.637933866880402,7,12,0.5833333333333334
326,6.6615534125157865,3,1.4712633303715847,32,28.633612990104496,7,15,0.4666666666666667
162,3.3103424933360657,12,5.885053321486339,52,28.631354831211105,16,29,0.5517241379310345
459,9.379303731118853,12,5.885053321486339,266,28.62699086276655,7,10,0.7
211,4.311618926505616,20,9.808422202477232,166,28.62645487810865,11,22,0.5
631,12.893988353673194,6,2.9425266607431695,462,28.626356185459457,3,7,0.42857142857142855
616,12.58747515984578,6,2.9425266607431695,537,28.625811971857715,3,7,0.42857142857142855
186,3.8007636034599273,16,7.846737761981785,84,28.625592365652494,14,25,0.56
385,7.867171974903613,16,7.846737761981785,99,28.622269462217293,6,12,0.5
579,11.83140928173816,6,2.9425266607431695,145,28.62170642842716,7,8,0.875
535,10.932303913177748,6,2.9425266607431695,407,28.621008369452806,5,8,0.625
454,9.277132666509715,16,7.846737761981785,291,28.618670527182182,7,10,0.7
637,13.01659363120416,12,5.885053321486339,434,28.6165365092105,4,7,0.5714285714285714
330,6.743290264203097,4,1.9616844404954463,319,28.610741093756044,8,14,0.5714285714285714
729,14.896541220012296,6,2.9425266607431695,701,28.60920642020864,5,6,0.8333333333333334
562,11.484027662067092,20,9.808422202477232,238,28.608595404178505,6,8,0.75
603,12.321830391862022,16,7.846737761981785,0,28.60813735413947,6,8,0.75
711,14.5287253874194,16,7.846737761981785,222,28.608134507598987,5,7,0.7142857142857143
629,12.853119927829539,8,3.9233688809908926,473,28.60128216300592,4,7,0.5714285714285714
465,9.501909008649818,12,5.885053321486339,362,28.5982802632099,6,10,0.6
549,11.218382894083334,4,1.9616844404954463,324,28.597110616308086,6,8,0.75
471,9.624514286180784,6,2.9425266607431695,322,28.593909034470382,4,10,0.4
142,2.9016582348995144,20,9.808422202477232,69,28.589371766181912,26,33,0.7878787878787878
597,12.199225114331057,6,2.9425266607431695,37,28.58809547406483,4,8,0.5
678,13.85439636099909,6,2.9425266607431695,227,28.58677927046023,3,7,0.42857142857142855
441,9.011487898525957,12,5.885053321486339,314,28.58147462013736,5,10,0.5
620,12.66921201153309,4,1.9616844404954463,519,28.574560593380983,3,7,0.42857142857142855
226,4.61813212033303,16,7.846737761981785,80,28.57032196968118,12,21,0.5714285714285714
437,8.929751046838646,12,5.885053321486339,330,28.565639826397547,6,10,0.6
682,13.9361332126864,12,5.885053321486339,209,28.562709959754496,3,7,0.42857142857142855
715,14.61046223910671,20,9.808422202477232,39,28.56257559498801,5,7,0.7142857142857143
624,12.750948863220401,8,3.9233688809908926,499,28.56155935652652,4,7,0.5714285714285714
94,1.9208160146517912,12,5.885053321486339,45,28.55785944934156,24,49,0.4897959183673469
602,12.301396178940195,8,3.9233688809908926,7,28.557676263861385,5,8,0.625
410,8.378027297949302,8,3.9233688809908926,338,28.5569539851567,6,11,0.5454545454545454
625,12.771383076142229,8,3.9233688809908926,491,28.555818898734124,4,7,0.5714285714285714
138,2.819921383212204,16,7.846737761981785,29,28.5542356692741,21,34,0.6176470588235294
122,2.492973976462963,16,7.846737761981785,77,28.554077220972445,21,38,0.5526315789473685
585,11.954014559269126,16,7.846737761981785,106,28.544255808535365,6,8,0.75
556,11.361422384536127,16,7.846737761981785,283,28.54421378160614,6,8,0.75
632,12.914422566595022,6,2.9425266607431695,457,28.53529648019964,3,7,0.42857142857142855
524,10.707527571037645,20,9.808422202477232,471,28.533579970286183,3,8,0.375
589,12.035751410956436,8,3.9233688809908926,85,28.532885540737247,3,8,0.375
221,4.515961055723892,6,2.9425266607431695,83,28.531852543948307,10,21,0.47619047619047616
337,6.88632975465589,12,5.885053321486339,246,28.531230761290864,8,14,0.5714285714285714
560,11.443159236223437,12,5.885053321486339,259,28.530060067572602,7,8,0.875
62,1.266921201153309,20,9.808422202477232,19,28.524769816105408,45,75,0.6
453,9.256698453587887,12,5.885053321486339,448,28.524449879067188,8,10,0.8
667,13.629620018858986,4,1.9616844404954463,284,28.519309743236605,3,7,0.42857142857142855
603,12.321830391862022,20,9.808422202477232,602,28.517767785955684,5,7,0.7142857142857143
686,14.01787006437371,6,2.9425266607431695,187,28.51667304999783,5,7,0.7142857142857143
71,1.4508291174497572,12,5.885053321486339,69,28.51481944194518,34,65,0.5230769230769231
503,10.278409099679266,6,2.9425266607431695,97,28.513213439903804,3,10,0.3
217,4.434224204036582,12,5.885053321486339,145,28.51059611009285,13,21,0.6190476190476191
538,10.99360655194323,6,2.9425266607431695,391,28.50388417894764,5,8,0.625
504,10.298843312601093,6,2.9425266607431695,89,28.49938559123832,3,10,0.3
575,11.74967243005085,20,9.808422202477232,499,28.497478098208394,3,8,0.375
426,8.704974704698543,12,5.885053321486339,210,28.49431788308893,9,11,0.8181818181818182
402,8.214553594574681,12,5.885053321486339,401,28.494013632081653,6,11,0.5454545454545454
706,14.426554322810262,8,3.9233688809908926,88,28.485626665864764,4,7,0.5714285714285714
645,13.18006733457878,8,3.9233688809908926,391,28.48475208469805,3,7,0.42857142857142855
726,14.835238581246813,8,3.9233688809908926,187,28.47353644861779,3,7,0.42857142857142855
709,14.487856961575744,16,7.846737761981785,74,28.47227991726514,5,7,0.7142857142857143
316,6.457211283297511,8,3.9233688809908926,143,28.469676817540826,7,15,0.4666666666666667
384,7.846737761981785,20,9.808422202477232,106,28.46950391723114,7,12,0.5833333333333334
252,5.149421656300547,6,2.9425266607431695,91,28.46740276827718,8,19,0.42105263157894735
413,8.439329936714785,6,2.9425266607431695,314,28.460634582431396,6,11,0.5454545454545454
420,8.582369427167578,12,5.885053321486339,259,28.457805048218372,8,11,0.7272727272727273
407,8.31672465918382,12,5.885053321486339,361,28.444687886299587,5,11,0.45454545454545453
304,6.21200072823558,6,2.9425266607431695,272,28.439231246491346,10,15,0.6666666666666666
554,11.320553958692471,8,3.9233688809908926,292,28.437252287576733,5,8,0.625
71,1.4508291174497572,20,9.808422202477232,69,28.43551756224901,33,65,0.5076923076923077
536,10.952738126099575,8,3.9233688809908926,403,28.4341905357591,6,8,0.75
681,13.915698999764572,6,2.9425266607431695,214,28.4280767157803,3,7,0.42857142857142855
366,7.478921929388889,12,5.885053321486339,325,28.426128948936505,8,12,0.6666666666666666
516,10.544053867663024,12,5.885053321486339,7,28.425132643710818,3,9,0.3333333333333333
635,12.975725205360504,6,2.9425266607431695,443,28.423690740786668,3,7,0.42857142857142855
683,13.956567425608227,12,5.885053321486339,204,28.41887780621769,3,7,0.42857142857142855
684,13.977001638530055,12,5.885053321486339,196,28.41856081831908,4,7,0.5714285714285714
300,6.13026387654827,12,5.885053321486339,19,28.418058126541283,10,16,0.625
305,6.232434941157408,8,3.9233688809908926,264,28.417169968564036,11,15,0.7333333333333333
674,13.77265950931178,8,3.9233688809908926,247,28.416449526716825,4,7,0.5714285714285714
379,7.7445666973726475,16,7.846737761981785,206,28.414896534139253,6,12,0.5
280,5.7215796181117184,8,3.9233688809908926,256,28.406073409660586,12,16,0.75
337,6.88632975465589,20,9.808422202477232,243,28.40523280883922,6,14,0.42857142857142855
263,5.37419799844065,6,2.9425266607431695,199,28.404304873669634,8,17,0.47058823529411764
517,10.564488080584852,8,3.9233688809908926,0,28.39271774305654,3,9,0.3333333333333333
270,5.517237488893443,12,5.885053321486339,109,28.38054099636169,12,17,0.7058823529411765
269,5.496803275971615,20,9.808422202477232,122,28.37854579097814,10,17,0.5882352941176471
77,1.5734343949807226,20,9.808422202477232,73,28.377283042961803,26,60,0.43333333333333335
636,12.996159418282332,8,3.9233688809908926,438,28.37647427651213,4,7,0.5714285714285714
481,9.82885641539906,16,7.846737761981785,250,28.37354656738861,8,10,0.8
568,11.606632939598057,16,7.846737761981785,211,28.373193695692066,6,8,0.75
271,5.53767170181527,8,3.9233688809908926,96,28.37273973472442,10,17,0.5882352941176471
182,3.719026751772617,12,5.885053321486339,159,28.372148104838747,15,25,0.6
668,13.650054231780814,6,2.9425266607431695,279,28.369945867077,3,7,0.42857142857142855
517,10.564488080584852,6,2.9425266607431695,0,28.36620750070124,3,9,0.3333333333333333
345,7.04980345803051,12,5.885053321486339,169,28.365946998986683,6,13,0.46153846153846156
639,13.057462057047815,16,7.846737761981785,422,28.362623060507037,4,7,0.5714285714285714
601,12.280961966018367,8,3.9233688809908926,13,28.361648140681925,6,8,0.75
712,14.549159600341227,20,9.808422202477232,221,28.35901128942639,5,7,0.7142857142857143
637,13.01659363120416,16,7.846737761981785,433,28.351735901895616,4,7,0.5714285714285714
488,9.971895905851852,3,1.4712633303715847,199,28.351695841808397,5,10,0.5
402,8.214553594574681,20,9.808422202477232,401,28.34936074186828,6,11,0.5454545454545454
559,11.42272502330161,8,3.9233688809908926,265,28.34862896029655,6,8,0.75
152,3.10600036411779,16,7.846737761981785,122,28.345633235355727,21,30,0.7
667,13.629620018858986,8,3.9233688809908926,283,28.344161365867578,3,7,0.42857142857142855
317,6.477645496219338,6,2.9425266607431695,130,28.34355423884403,9,15,0.6
599,12.240093540174712,8,3.9233688809908926,25,28.342003497782887,5,8,0.625
677,13.833962148077262,6,2.9425266607431695,233,28.33440270228069,3,7,0.42857142857142855
577,11.790540855894506,12,5.885053321486339,156,28.332432864375352,8,8,1.0
684,13.977001638530055,16,7.846737761981785,197,28.319323446969026,4,7,0.5714285714285714
605,12.362698817705677,20,9.808422202477232,594,28.31907025212058,6,7,0.8571428571428571
725,14.814804368324985,8,3.9233688809908926,717,28.318232726621112,5,6,0.8333333333333334
561,11.463593449145264,16,7.846737761981785,250,28.307309482114515,6,8,0.75
593,12.117488262643747,3,1.4712633303715847,60,28.306352781244556,4,8,0.5
365,7.4584877164670615,16,7.846737761981785,333,28.305802210961517,9,12,0.75
576,11.770106642972678,16,7.846737761981785,493,28.305472662624712,4,8,0.5
337,6.88632975465589,16,7.846737761981785,248,28.30369042861508,8,14,0.5714285714285714
613,12.526172521080298,8,3.9233688809908926,554,28.303113216755534,4,7,0.5714285714285714
406,8.296290446261992,20,9.808422202477232,362,28.302444779256685,5,11,0.45454545454545453
412,8.418895723792957,6,2.9425266607431695,321,28.30005611369012,5,11,0.45454545454545453
312,6.3754744316102006,12,5.885053321486339,185,28.29966775002703,9,15,0.6
273,5.5785401276589255,20,9.808422202477232,68,28.29646832577764,11,17,0.6470588235294118
343,7.008935032186855,8,3.9233688809908926,187,28.29518633589836,7,13,0.5384615384615384
261,5.333329572596995,6,2.9425266607431695,223,28.294373552461927,7,17,0.4117647058823529
158,3.2286056416487554,12,5.885053321486339,143,28.291794722052124,15,29,0.5172413793103449
611,12.485304095236643,8,3.9233688809908926,562,28.287816030761075,4,7,0.5714285714285714
110,2.2477634214010322,20,9.808422202477232,94,28.28777038728746,22,42,0.5238095238095238
371,7.581092993998027,12,5.885053321486339,278,28.286075641701164,7,12,0.5833333333333334
116,2.3703686989319976,16,7.846737761981785,23,28.28246718811153,23,40,0.575
722,14.753501729559503,4,1.9616844404954463,9,28.281908259753482,6,7,0.8571428571428571
659,13.466146315484366,3,1.4712633303715847,323,28.2742908842281,4,7,0.5714285714285714
537,10.973172339021403,6,2.9425266607431695,395,28.271091717055292,5,8,0.625
415,8.48019836255844,8,3.9233688809908926,296,28.266050042186542,8,11,0.7272727272727273
502,10.257974886757438,6,2.9425266607431695,105,28.264379184199594,4,10,0.4
665,13.588751593015331,8,3.9233688809908926,294,28.26430524266574,4,7,0.5714285714285714
99,2.022987079260929,6,2.9425266607431695,54,28.262874796834957,28,47,0.5957446808510638
398,8.132816742887371,4,1.9616844404954463,37,28.25958181036335,7,12,0.5833333333333334
647,13.220935760422435,8,3.9233688809908926,384,28.250552227610587,3,7,0.42857142857142855
224,4.577263694489375,20,9.808422202477232,71,28.237696607467193,14,21,0.6666666666666666
483,9.869724841242714,12,5.885053321486339,238,28.23711584924233,8,10,0.8
335,6.845461328812235,8,3.9233688809908926,268,28.23583540659852,7,14,0.5
513,10.482751228897541,8,3.9233688809908926,28,28.235748661622793,4,9,0.4444444444444444
225,4.597697907411202,20,9.808422202477232,64,28.234525647118016,11,21,0.5238095238095238
434,8.868448408073164,20,9.808422202477232,338,28.232460385903043,5,10,0.5
561,11.463593449145264,20,9.808422202477232,248,28.228000876717058,6,8,0.75
680,13.895264786842745,16,7.846737761981785,214,28.225538537124223,4,7,0.5714285714285714
710,14.508291174497572,12,5.885053321486339,69,28.223404287201944,5,7,0.7142857142857143
397,8.112382529965544,4,1.9616844404954463,46,28.22234286225045,7,12,0.5833333333333334
132,2.6973161056812387,8,3.9233688809908926,55,28.217021942108754,18,35,0.5142857142857142
683,13.956567425608227,20,9.808422202477232,201,28.20941363377395,3,7,0.42857142857142855
608,12.42400145647116,6,2.9425266607431695,577,28.208992931930975,6,7,0.8571428571428571
277,5.660276979346236,12,5.885053321486339,16,28.20578119347915,12,17,0.7058823529411765
516,10.544053867663024,16,7.846737761981785,7,28.194422560790095,3,9,0.3333333333333333
472,9.644948499102611,6,2.9425266607431695,314,28.193395599684774,4,10,0.4
155,3.1673030028832727,12,5.885053321486339,54,28.185777648571115,15,30,0.5
432,8.827579982229508,16,7.846737761981785,348,28.178023090167205,5,10,0.5
392,8.010211465356406,4,1.9616844404954463,90,28.17061594002215,5,12,0.4166666666666667
570,11.647501365441713,16,7.846737761981785,197,28.170269120543505,7,8,0.875
365,7.4584877164670615,20,9.808422202477232,327,28.169180289867818,7,12,0.5833333333333334
289,5.9054875344081665,20,9.808422202477232,195,28.168356389824147,7,16,0.4375
217,4.434224204036582,16,7.846737761981785,147,28.16371403610139,12,21,0.5714285714285714
637,13.01659363120416,20,9.808422202477232,77,28.163208382662905,4,8,0.5
700,14.303949045279296,8,3.9233688809908926,117,28.1617894523696,5,7,0.7142857142857143
660,13.486580528406193,3,1.4712633303715847,318,28.15817149559492,4,7,0.5714285714285714
638,13.037027844125987,16,7.846737761981785,428,28.15431208507479,4,7,0.5714285714285714
264,5.394632211362477,16,7.846737761981785,185,28.153074543416842,9,17,0.5294117647058824
242,4.945079527082271,20,9.808422202477232,229,28.150014538799017,11,19,0.5789473684210527
109,2.2273292084792047,8,3.9233688809908926,21,28.149196161014196,27,43,0.627906976744186
358,7.315448226014269,12,5.885053321486339,36,28.14862730224179,5,13,0.38461538461538464
716,14.630896452028537,12,5.885053321486339,36,28.14862730224179,5,7,0.7142857142857143
534,10.91186970025592,8,3.9233688809908926,412,28.14753296407444,5,8,0.625
353,7.213277161405131,16,7.846737761981785,89,28.146575384280574,5,13,0.38461538461538464
512,10.462317015975714,6,2.9425266607431695,34,28.144212865803567,5,9,0.5555555555555556
615,12.567040946923953,6,2.9425266607431695,544,28.141515471769246,4,7,0.5714285714285714
556,11.361422384536127,12,5.885053321486339,282,28.13316061426034,6,8,0.75
718,14.671764877872192,6,2.9425266607431695,28,28.128795049630323,5,7,0.7142857142857143
359,7.335882438936096,6,2.9425266607431695,28,28.128795049630323,5,13,0.38461538461538464
366,7.478921929388889,20,9.808422202477232,322,28.12565107390889,6,12,0.5
353,7.213277161405131,12,5.885053321486339,88,28.124861349828752,5,13,0.38461538461538464
163,3.3307767062578932,4,1.9616844404954463,33,28.123939448700153,12,29,0.41379310344827586
393,8.030645678278233,4,1.9616844404954463,81,28.120225451797715,6,12,0.5
719,14.69219909079402,6,2.9425266607431695,23,28.11453857486184,6,7,0.8571428571428571
479,9.787987989555404,20,9.808422202477232,289,28.113297777755317,5,10,0.5
367,7.499356142310717,12,5.885053321486339,316,28.11071349466202,6,12,0.5
696,14.222212193591986,6,2.9425266607431695,138,28.1001067251923,5,7,0.7142857142857143
713,14.569593813263054,20,9.808422202477232,54,28.09951706915975,5,7,0.7142857142857143
623,12.730514650298574,6,2.9425266607431695,502,28.094713059708326,4,7,0.5714285714285714
640,13.077896269969642,12,5.885053321486339,419,28.094513011677694,4,7,0.5714285714285714
639,13.057462057047815,12,5.885053321486339,424,28.089628371604263,4,7,0.5714285714285714
98,2.0025528663391015,8,3.9233688809908926,84,28.087853088350386,25,47,0.5319148936170213
515,10.523619654741196,12,5.885053321486339,13,28.086472066279963,4,9,0.4444444444444444
555,11.340988171614299,8,3.9233688809908926,288,28.086086224660637,6,8,0.75
512,10.462317015975714,12,5.885053321486339,35,28.079633663635388,5,9,0.5555555555555556
417,8.521066788402095,16,7.846737761981785,282,28.072479173684098,9,11,0.8181818181818182
206,4.209447861896479,20,9.808422202477232,112,28.071113411909693,12,22,0.5454545454545454
369,7.540224568154372,12,5.885053321486339,169,28.061651840034205,8,13,0.6153846153846154
358,7.315448226014269,16,7.846737761981785,36,28.061241924563248,5,13,0.38461538461538464
676,13.813527935155435,8,3.9233688809908926,234,28.055471683388046,3,7,0.42857142857142855
484,9.890159054164542,12,5.885053321486339,231,28.053045293701235,7,10,0.7
365,7.4584877164670615,8,3.9233688809908926,332,28.05073938498541,9,12,0.75
193,3.94380309391272,8,3.9233688809908926,144,28.050266327989124,14,24,0.5833333333333334
691,14.120041128982848,8,3.9233688809908926,164,28.04705668808341,4,7,0.5714285714285714
93,1.9003818017299636,12,5.885053321486339,82,28.043845438169164,29,49,0.5918367346938775
389,7.948908826590923,8,3.9233688809908926,97,28.03858415180557,5,12,0.4166666666666667
649,13.26180418626609,6,2.9425266607431695,373,28.033879809299926,3,7,0.42857142857142855
564,11.524896087910747,8,3.9233688809908926,232,28.03164888585436,6,8,0.75
562,11.484027662067092,12,5.885053321486339,246,28.031031242444616,6,8,0.75
462,9.440606369884335,16,7.846737761981785,262,28.028339860233153,6,10,0.6
473,9.665382712024439,6,2.9425266607431695,308,28.027714333621976,4,10,0.4
699,14.283514832357469,8,3.9233688809908926,124,28.02667538707825,5,7,0.7142857142857143
531,10.850567061490437,12,5.885053321486339,433,28.02592838440096,5,8,0.625
633,12.93485677951685,4,1.9616844404954463,454,28.023010121216455,3,7,0.42857142857142855
679,13.874830573920917,6,2.9425266607431695,224,28.022159052613024,3,7,0.42857142857142855
604,12.34226460478385,16,7.846737761981785,599,28.021617549499997,6,7,0.8571428571428571
386,7.88760618782544,6,2.9425266607431695,145,28.010689628278595,5,12,0.4166666666666667
379,7.7445666973726475,8,3.9233688809908926,208,28.007744487004185,5,12,0.4166666666666667
157,3.208171428726928,8,3.9233688809908926,6,28.00153425455962,15,30,0.5
627,12.812251501985884,4,1.9616844404954463,483,27.99833556921701,3,7,0.42857142857142855
434,8.868448408073164,12,5.885053321486339,146,27.99767709299159,11,11,1.0
609,12.444435669392988,8,3.9233688809908926,572,27.991379754312234,6,7,0.8571428571428571
336,6.865895541734062,12,5.885053321486339,258,27.98916979085107,8,14,0.5714285714285714
411,8.39846151087113,6,2.9425266607431695,331,27.985363034773098,6,11,0.5454545454545454
637,13.01659363120416,8,3.9233688809908926,434,27.9835128602551,4,7,0.5714285714285714
544,11.116211829474196,6,2.9425266607431695,355,27.976537932353867,6,8,0.75
479,9.787987989555404,12,5.885053321486339,265,27.97172047211808,6,10,0.6
417,8.521066788402095,20,9.808422202477232,280,27.968393743722817,9,11,0.8181818181818182
278,5.680711192268063,20,9.808422202477232,3,27.965794954357605,12,17,0.7058823529411765
250,5.1085532304568915,8,3.9233688809908926,114,27.965730721361133,12,19,0.631578947368421
480,9.808422202477232,12,5.885053321486339,259,27.965502539199324,8,10,0.8
448,9.15452738897875,12,5.885053321486339,308,27.96533963647996,5,10,0.5
651,13.302672612109745,4,1.9616844404954463,364,27.96058630951907,3,7,0.42857142857142855
703,14.365251684044779,8,3.9233688809908926,103,27.959395781837802,4,7,0.5714285714285714
606,12.383133030627505,12,5.885053321486339,589,27.956830202083786,6,7,0.8571428571428571
710,14.508291174497572,16,7.846737761981785,69,27.948612222530915,5,7,0.7142857142857143
572,11.688369791285368,20,9.808422202477232,502,27.947791463196115,4,8,0.5
603,12.321830391862022,8,3.9233688809908926,1,27.94430636720705,6,8,0.75
605,12.362698817705677,8,3.9233688809908926,594,27.94237002869583,6,7,0.8571428571428571
587,11.994882985112781,8,3.9233688809908926,97,27.94196141083122,3,8,0.375
474,9.685816924946266,16,7.846737761981785,223,27.939365822117733,6,10,0.6
689,14.079172703139193,8,3.9233688809908926,174,27.936437622074056,6,7,0.8571428571428571
721,14.733067516637675,6,2.9425266607431695,14,27.935375418850004,6,7,0.8571428571428571
61,1.2464869882314815,12,5.885053321486339,20,27.92730703796331,42,76,0.5526315789473685
343,7.008935032186855,12,5.885053321486339,187,27.924046717994873,7,13,0.5384615384615384
361,7.376750864779751,4,1.9616844404954463,9,27.923622585907868,7,13,0.5384615384615384
157,3.208171428726928,20,9.808422202477232,8,27.920931994906955,14,30,0.4666666666666667
284,5.803316469799029,12,5.885053321486339,211,27.91823542900648,13,16,0.8125
673,13.752225296389952,8,3.9233688809908926,252,27.91762811269415,4,7,0.5714285714285714
385,7.867171974903613,12,5.885053321486339,153,27.915323419769148,6,12,0.5
272,5.558105914737098,8,3.9233688809908926,83,27.912151999528508,9,17,0.5294117647058824
463,9.461040582806163,12,5.885053321486339,265,27.9057813501988,5,10,0.5
238,4.863342675394961,12,5.885053321486339,48,27.90520306773862,9,20,0.45
118,2.4112371247756528,16,7.846737761981785,113,27.896701526579108,23,39,0.5897435897435898
320,6.538948134984821,16,7.846737761981785,98,27.895178294302116,10,15,0.6666666666666666
374,7.64239563276351,8,3.9233688809908926,252,27.894702979194214,6,12,0.5
264,5.394632211362477,12,5.885053321486339,187,27.89320199034686,9,17,0.5294117647058824
590,12.056185623878264,6,2.9425266607431695,79,27.888147146537232,3,8,0.375
62,1.266921201153309,12,5.885053321486339,23,27.88652743246976,44,75,0.5866666666666667
638,13.037027844125987,20,9.808422202477232,129,27.875532142357834,5,8,0.625
680,13.895264786842745,6,2.9425266607431695,219,27.87523381561438,3,7,0.42857142857142855
605,12.362698817705677,12,5.885053321486339,593,27.874497767191823,6,7,0.8571428571428571
605,12.362698817705677,16,7.846737761981785,594,27.87289337251964,6,7,0.8571428571428571
603,12.321830391862022,6,2.9425266607431695,1,27.86954840245673,6,8,0.75
588,12.015317198034609,8,3.9233688809908926,91,27.864629723336428,3,8,0.375
222,4.53639526864572,20,9.808422202477232,65,27.863297198468757,8,21,0.38095238095238093
349,7.1315403097178205,6,2.9425266607431695,128,27.858764243501277,6,13,0.46153846153846156
467,9.542777434493473,12,5.885053321486339,241,27.8523907516431,4,10,0.4
254,5.190290082144202,12,5.885053321486339,62,27.85160163066097,7,18,0.3888888888888889
675,13.793093722233607,8,3.9233688809908926,244,27.84294069982736,4,7,0.5714285714285714
654,13.363975250875228,3,1.4712633303715847,347,27.841731858889354,4,7,0.5714285714285714
274,5.598974340580753,6,2.9425266607431695,55,27.841342642412393,12,17,0.7058823529411765
451,9.215830027744232,12,5.885053321486339,286,27.83832976456253,6,10,0.6
672,13.731791083468124,6,2.9425266607431695,258,27.8369909424491,4,7,0.5714285714285714
533,10.891435487334093,8,3.9233688809908926,420,27.83146611719173,4,8,0.5
370,7.560658781076199,12,5.885053321486339,162,27.82784751354756,8,13,0.6153846153846154
618,12.628343585689436,4,1.9616844404954463,527,27.82477784907832,3,7,0.42857142857142855
528,10.789264422724955,16,7.846737761981785,451,27.82193607589979,4,8,0.5
521,10.646224932272162,8,3.9233688809908926,491,27.81969547029155,3,8,0.375
169,3.4533819837888586,8,3.9233688809908926,65,27.812696809493836,14,28,0.5
399,8.153250955809199,8,3.9233688809908926,28,27.807107815818025,7,12,0.5833333333333334
363,7.417619290623406,12,5.885053321486339,352,27.789377495632387,7,12,0.5833333333333334
104,2.125158143870067,20,9.808422202477232,79,27.788462683691897,23,44,0.5227272727272727
420,8.582369427167578,8,3.9233688809908926,258,27.787201851592133,8,11,0.7272727272727273
401,8.194119381652854,8,3.9233688809908926,8,27.78570099828901,7,12,0.5833333333333334
418,8.541501001323923,20,9.808422202477232,274,27.779061716685778,8,11,0.7272727272727273
707,14.446988535732089,8,3.9233688809908926,84,27.776900446410654,5,7,0.7142857142857143
447,9.134093176056922,16,7.846737761981785,309,27.776221337168934,5,10,0.5
562,11.484027662067092,16,7.846737761981785,243,27.772016362042457,7,8,0.875
604,12.34226460478385,20,9.808422202477232,594,27.76935943800455,5,7,0.7142857142857143
517,10.564488080584852,16,7.846737761981785,516,27.76687326043773,3,8,0.375
461,9.420172156962508,12,5.885053321486339,260,27.764661090049692,6,10,0.6
525,10.727961783959472,8,3.9233688809908926,468,27.763524411047907,3,8,0.375
717,14.651330664950365,6,2.9425266607431695,32,27.754833719873286,5,7,0.7142857142857143
605,12.362698817705677,6,2.9425266607431695,593,27.754754719714015,6,7,0.8571428571428571
630,12.873554140751367,8,3.9233688809908926,379,27.75237264182451,3,7,0.42857142857142855
526,10.7483959968813,4,1.9616844404954463,462,27.750595575121466,3,8,0.375
694,14.18134376774833,6,2.9425266607431695,148,27.74910218554333,5,7,0.7142857142857143
452,9.23626424066606,12,5.885053321486339,3,27.743898770916232,7,11,0.6363636363636364
206,4.209447861896479,8,3.9233688809908926,114,27.73587689902645,11,22,0.5
253,5.169855869222374,6,2.9425266607431695,77,27.73345802355277,8,19,0.42105263157894735
313,6.395908644532028,6,2.9425266607431695,174,27.7323901700384,9,15,0.6
405,8.275856233340164,16,7.846737761981785,377,27.7218766662024,5,11,0.45454545454545453
418,8.541501001323923,8,3.9233688809908926,275,27.720419929352172,9,11,0.8181818181818182
382,7.80586933613813,12,5.885053321486339,181,27.717835130427865,5,12,0.4166666666666667
688,14.058738490217365,6,2.9425266607431695,177,27.717767483113548,6,7,0.8571428571428571
568,11.606632939598057,8,3.9233688809908926,211,27.717521554568126,6,8,0.75
470,9.604080073258956,8,3.9233688809908926,326,27.716697027033767,6,10,0.6
638,13.037027844125987,12,5.885053321486339,426,27.715462736418175,4,7,0.5714285714285714
347,7.090671883874165,8,3.9233688809908926,149,27.715437943426494,7,13,0.5384615384615384
636,12.996159418282332,6,2.9425266607431695,438,27.71389242139968,4,7,0.5714285714285714
516,10.544053867663024,8,3.9233688809908926,5,27.71183766725568,3,9,0.3333333333333333
267,5.45593485012796,20,9.808422202477232,147,27.709840327016714,9,17,0.5294117647058824
734,14.998712284621433,4,1.9616844404954463,683,27.707246497820805,3,6,0.5
687,14.038304277295538,6,2.9425266607431695,182,27.705780946758647,6,7,0.8571428571428571
481,9.82885641539906,12,5.885053321486339,251,27.705284314875687,8,10,0.8
265,5.415066424284305,16,7.846737761981785,172,27.7039065329313,10,17,0.5882352941176471
561,11.463593449145264,12,5.885053321486339,252,27.702759335996333,6,8,0.75
570,11.647501365441713,12,5.885053321486339,198,27.698442874259463,7,8,0.875
565,11.545330300832575,6,2.9425266607431695,227,27.692968733888517,6,8,0.75
709,14.487856961575744,8,3.9233688809908926,74,27.691406337953435,5,7,0.7142857142857143
575,11.74967243005085,12,5.885053321486339,169,27.690420027357504,8,8,1.0
514,10.503185441819369,8,3.9233688809908926,20,27.687363283856044,5,9,0.5555555555555556
634,12.955290992438677,4,1.9616844404954463,448,27.68712864035774,3,7,0.42857142857142855
254,5.190290082144202,8,3.9233688809908926,63,27.68650013065466,7,18,0.3888888888888889
318,6.498079709141166,20,9.808422202477232,121,27.685019528794154,9,15,0.6
520,10.625790719350334,16,7.846737761981785,498,27.681425813773274,3,8,0.375
239,4.883776888316788,20,9.808422202477232,30,27.67941009464693,9,20,0.45
306,6.252869154079235,8,3.9233688809908926,252,27.67865522609872,9,15,0.6
298,6.089395450704615,6,2.9425266607431695,42,27.677762389157387,9,16,0.5625
515,10.523619654741196,16,7.846737761981785,12,27.677140633193385,4,9,0.4444444444444444
539,11.014040764865058,6,2.9425266607431695,385,27.677063964350392,5,8,0.625
563,11.50446187498892,16,7.846737761981785,239,27.676520592051464,7,8,0.875
512,10.462317015975714,16,7.846737761981785,34,27.674895453769913,5,9,0.5555555555555556
374,7.64239563276351,12,5.885053321486339,252,27.665356279612123,6,12,0.5
110,2.2477634214010322,8,3.9233688809908926,99,27.664969003989615,24,42,0.5714285714285714
585,11.954014559269126,12,5.885053321486339,106,27.664689437379764,6,8,0.75
647,13.220935760422435,6,2.9425266607431695,384,27.661160625053295,3,7,0.42857142857142855
548,11.197948681161506,4,1.9616844404954463,331,27.66105811688074,6,8,0.75
512,10.462317015975714,20,9.808422202477232,68,27.66030739323425,5,9,0.5555555555555556
732,14.957843858777778,6,2.9425266607431695,689,27.657755642349247,5,6,0.8333333333333334
513,10.482751228897541,6,2.9425266607431695,28,27.65520955544488,4,9,0.4444444444444444
409,8.357593085027474,8,3.9233688809908926,345,27.655136175700733,6,11,0.5454545454545454
683,13.956567425608227,8,3.9233688809908926,202,27.654819191141577,4,7,0.5714285714285714
648,13.241369973344263,8,3.9233688809908926,377,27.652741854301595,3,7,0.42857142857142855
445,9.093224750213267,12,5.885053321486339,311,27.647834044005673,7,10,0.7
520,10.625790719350334,20,9.808422202477232,496,27.643999695530738,3,8,0.375
614,12.546606734002125,4,1.9616844404954463,549,27.639614897064302,4,7,0.5714285714285714
148,3.0242635124304798,20,9.808422202477232,64,27.6393133831829,12,31,0.3870967741935484
514,10.503185441819369,16,7.846737761981785,20,27.638035226225465,5,9,0.5555555555555556
346,7.070237670952338,12,5.885053321486339,159,27.635694594107513,6,13,0.46153846153846156
431,8.807145769307681,20,9.808422202477232,290,27.63516465048971,8,11,0.7272727272727273
222,4.53639526864572,12,5.885053321486339,65,27.63464496578264,8,21,0.38095238095238093
426,8.704974704698543,8,3.9233688809908926,210,27.63177825135784,9,11,0.8181818181818182
352,7.192842948483303,8,3.9233688809908926,99,27.630736212192403,5,13,0.38461538461538464
374,7.64239563276351,16,7.846737761981785,252,27.626218883278437,6,12,0.5
513,10.482751228897541,16,7.846737761981785,25,27.624340385582393,5,9,0.5555555555555556
478,9.767553776633576,20,9.808422202477232,304,27.623599618833396,4,10,0.4
404,8.255422020418337,12,5.885053321486339,386,27.61494179084329,4,11,0.36363636363636365
122,2.492973976462963,20,9.808422202477232,80,27.606208641973957,20,38,0.5263157894736842
558,11.402290810379782,8,3.9233688809908926,268,27.60550974493101,6,8,0.75
403,8.234987807496509,20,9.808422202477232,391,27.604285080035048,5,11,0.45454545454545453
668,13.650054231780814,4,1.9616844404954463,278,27.602002443857938,3,7,0.42857142857142855
531,10.850567061490437,8,3.9233688809908926,433,27.59709307700693,5,8,0.625
518,10.58492229350668,20,9.808422202477232,511,27.591091875159666,3,8,0.375
704,14.385685896966606,6,2.9425266607431695,99,27.5870138494324,4,7,0.5714285714285714
340,6.947632393421372,8,3.9233688809908926,217,27.585785080699345,6,13,0.46153846153846156
388,7.928474613669096,8,3.9233688809908926,127,27.575939915726845,5,12,0.4166666666666667
638,13.037027844125987,6,2.9425266607431695,429,27.569060989720725,4,7,0.5714285714285714
321,6.559382347906649,20,9.808422202477232,88,27.56882507532945,10,15,0.6666666666666666
695,14.201777980670158,6,2.9425266607431695,144,27.568362673939227,5,7,0.7142857142857143
299,6.109829663626442,8,3.9233688809908926,31,27.56759609427402,9,16,0.5625
449,9.174961601900577,12,5.885053321486339,300,27.566060858189765,6,10,0.6
372,7.6015272069198545,6,2.9425266607431695,270,27.563875049948546,7,12,0.5833333333333334
575,11.74967243005085,16,7.846737761981785,168,27.56197381894982,8,8,1.0
302,6.171132302391925,6,2.9425266607431695,296,27.56150329491903,11,15,0.7333333333333333
168,3.432947770867031,20,9.808422202477232,80,27.560890187965253,15,28,0.5357142857142857
511,10.441882803053886,8,3.9233688809908926,40,27.559797354842168,5,9,0.5555555555555556
464,9.48147479572799,8,3.9233688809908926,369,27.558031871451252,6,10,0.6
604,12.34226460478385,6,2.9425266607431695,598,27.5570012324904,6,7,0.8571428571428571
479,9.787987989555404,16,7.846737761981785,265,27.54925942540207,6,10,0.6
410,8.378027297949302,6,2.9425266607431695,339,27.54321130511515,6,11,0.5454545454545454
70,1.4303949045279296,6,2.9425266607431695,45,27.541843096258404,35,66,0.5303030303030303
156,3.1877372158051003,16,7.846737761981785,75,27.540943744751925,13,30,0.43333333333333335
666,13.609185805937159,6,2.9425266607431695,289,27.538893338304668,4,7,0.5714285714285714
596,12.17879090140923,4,1.9616844404954463,42,27.537388177367518,4,8,0.5
527,10.768830209803127,6,2.9425266607431695,456,27.53427550016161,4,8,0.5
712,14.549159600341227,16,7.846737761981785,220,27.530558130714596,5,7,0.7142857142857143
524,10.707527571037645,8,3.9233688809908926,472,27.52823786685877,3,8,0.375
293,5.987224386095477,20,9.808422202477232,184,27.527718075632873,6,16,0.375
578,11.810975068816333,6,2.9425266607431695,150,27.523586545657118,7,8,0.875
282,5.762448043955374,6,2.9425266607431695,231,27.522290510933715,13,16,0.8125
151,3.0855661511959624,8,3.9233688809908926,146,27.52122734845155,22,30,0.7333333333333333
366,7.478921929388889,16,7.846737761981785,324,27.520571849991917,8,12,0.6666666666666666
384,7.846737761981785,16,7.846737761981785,108,27.515308550725635,7,12,0.5833333333333334
624,12.750948863220401,6,2.9425266607431695,499,27.51218412761975,4,7,0.5714285714285714
553,11.300119745770644,6,2.9425266607431695,301,27.511565221198513,4,8,0.5
179,3.6577241130071343,6,2.9425266607431695,39,27.510795140011663,17,26,0.6538461538461539
321,6.559382347906649,12,5.885053321486339,87,27.505033295566957,10,15,0.6666666666666666
715,14.61046223910671,12,5.885053321486339,43,27.503767886773957,5,7,0.7142857142857143
373,7.621961419841682,8,3.9233688809908926,261,27.503627217325995,6,12,0.5
251,5.128987443378719,6,2.9425266607431695,103,27.501560357870474,9,19,0.47368421052631576
364,7.438053503545234,12,5.885053321486339,342,27.499371773911683,9,12,0.75
103,2.1047239309482393,16,7.846737761981785,11,27.49807620807744,23,45,0.5111111111111111
540,11.034474977786886,6,2.9425266607431695,377,27.49615320928568,6,8,0.75
381,7.785435123216303,20,9.808422202477232,190,27.495764378117794,4,12,0.3333333333333333
273,5.5785401276589255,6,2.9425266607431695,67,27.49384805318587,11,17,0.6470588235294118
613,12.526172521080298,6,2.9425266607431695,553,27.49213519866543,4,7,0.5714285714285714
401,8.194119381652854,16,7.846737761981785,10,27.49194023631586,6,12,0.5
511,10.441882803053886,12,5.885053321486339,42,27.488846374672313,5,9,0.5555555555555556
323,6.600250773750304,6,2.9425266607431695,66,27.487311142312002,9,15,0.6
600,12.26052775309654,8,3.9233688809908926,19,27.486836133494183,6,8,0.75
207,4.229882074818306,20,9.808422202477232,100,27.48652460592223,12,22,0.5454545454545454
598,12.219659327252884,6,2.9425266607431695,31,27.486268745973376,4,8,0.5
511,10.441882803053886,16,7.846737761981785,40,27.48499088415959,5,9,0.5555555555555556
628,12.832685714907711,3,1.4712633303715847,478,27.478023106871774,3,7,0.42857142857142855
444,9.07279053729144,12,5.885053321486339,66,27.477954328924724,4,11,0.36363636363636365
336,6.865895541734062,20,9.808422202477232,259,27.47416565036984,8,14,0.5714285714285714
141,2.881224021977687,6,2.9425266607431695,94,27.465853584821726,25,33,0.7575757575757576
602,12.301396178940195,6,2.9425266607431695,7,27.46229875425904,5,8,0.625
408,8.337158872105647,8,3.9233688809908926,355,27.461832626594934,5,11,0.45454545454545453
528,10.789264422724955,8,3.9233688809908926,450,27.460628010992597,4,8,0.5
404,8.255422020418337,16,7.846737761981785,386,27.45918515665939,4,11,0.36363636363636365
405,8.275856233340164,12,5.885053321486339,379,27.45812427749843,4,11,0.36363636363636365
319,6.5185139220629935,20,9.808422202477232,107,27.453257230808934,10,15,0.6666666666666666
562,11.484027662067092,8,3.9233688809908926,246,27.451711176771617,6,8,0.75
350,7.151974522639648,16,7.846737761981785,43,27.450984407563944,7,14,0.5
629,12.853119927829539,6,2.9425266607431695,474,27.444952684403393,4,7,0.5714285714285714
465,9.501909008649818,8,3.9233688809908926,364,27.443475304717104,6,10,0.6
49,1.0012764331695507,16,7.846737761981785,36,27.437841651680234,48,94,0.5106382978723404
715,14.61046223910671,16,7.846737761981785,42,27.437743358271504,5,7,0.7142857142857143
684,13.977001638530055,8,3.9233688809908926,198,27.436430701837764,4,7,0.5714285714285714
607,12.403567243549332,6,2.9425266607431695,581,27.431494966279327,6,7,0.8571428571428571
480,9.808422202477232,20,9.808422202477232,288,27.428210338798372,6,10,0.6
619,12.648777798611263,4,1.9616844404954463,523,27.42327762855477,3,7,0.42857142857142855
690,14.09960691606102,8,3.9233688809908926,169,27.423114475353195,4,7,0.5714285714285714
485,9.91059326708637,8,3.9233688809908926,222,27.41938093760528,6,10,0.6
308,6.29373757992289,6,2.9425266607431695,229,27.417523809329637,7,15,0.4666666666666667
90,1.839079162964481,8,3.9233688809908926,19,27.416935700146595,30,52,0.5769230769230769
314,6.416342857453856,6,2.9425266607431695,165,27.413964916875315,8,15,0.5333333333333333
181,3.6985925388507894,6,2.9425266607431695,180,27.409409930173624,16,25,0.64
381,7.785435123216303,12,5.885053321486339,190,27.407938780480446,4,12,0.3333333333333333
685,13.997435851451883,6,2.9425266607431695,191,27.407376256255535,5,7,0.7142857142857143
219,4.475092629880237,6,2.9425266607431695,114,27.405894825505644,15,21,0.7142857142857143
375,7.662829845685337,8,3.9233688809908926,244,27.401073157523278,7,12,0.5833333333333334
514,10.503185441819369,6,2.9425266607431695,19,27.39951736065352,4,9,0.4444444444444444
237,4.842908462473133,8,3.9233688809908926,64,27.39869229536556,8,20,0.4
404,8.255422020418337,20,9.808422202477232,383,27.394444928905052,5,11,0.45454545454545453
574,11.729238217129023,20,9.808422202477232,500,27.39439980511735,3,8,0.375
588,12.015317198034609,6,2.9425266607431695,91,27.38545530338129,3,8,0.375
307,6.273303367001063,8,3.9233688809908926,242,27.3842489293827,9,15,0.6
711,14.5287253874194,12,5.885053321486339,64,27.379371771073977,5,7,0.7142857142857143
572,11.688369791285368,16,7.846737761981785,185,27.375648411064525,8,8,1.0
706,14.426554322810262,6,2.9425266607431695,89,27.373987283740107,4,7,0.5714285714285714
212,4.332053139427444,20,9.808422202477232,90,27.37346511763211,9,22,0.4090909090909091
260,5.312895359675167,12,5.885053321486339,234,27.369565509275425,8,17,0.47058823529411764
420,8.582369427167578,6,2.9425266607431695,259,27.364771274229582,8,11,0.7272727272727273
474,9.685816924946266,8,3.9233688809908926,301,27.363985453850404,3,10,0.3
645,13.18006733457878,6,2.9425266607431695,392,27.35823151050546,3,7,0.42857142857142855
339,6.927198180499545,8,3.9233688809908926,228,27.356960160362288,7,13,0.5384615384615384
436,8.909316833916819,12,5.885053321486339,330,27.353715761454623,6,10,0.6
154,3.146868789961445,20,9.808422202477232,73,27.35270546448005,14,30,0.4666666666666667
667,13.629620018858986,6,2.9425266607431695,284,27.35098953370835,3,7,0.42857142857142855
368,7.519790355232544,20,9.808422202477232,173,27.345393124210695,8,13,0.6153846153846154
320,6.538948134984821,20,9.808422202477232,99,27.34404055621061,10,15,0.6666666666666666
669,13.670488444702642,4,1.9616844404954463,272,27.34381005321819,3,7,0.42857142857142855
381,7.785435123216303,16,7.846737761981785,189,27.343805151487285,4,12,0.3333333333333333
103,2.1047239309482393,20,9.808422202477232,9,27.34282881164619,25,45,0.5555555555555556
379,7.7445666973726475,6,2.9425266607431695,206,27.342615643567953,6,12,0.5
668,13.650054231780814,8,3.9233688809908926,279,27.3400730842637,3,7,0.42857142857142855
731,14.93740964585595,6,2.9425266607431695,695,27.338285525176836,5,6,0.8333333333333334
446,9.113658963135094,12,5.885053321486339,50,27.33796665082412,4,11,0.36363636363636365
432,8.827579982229508,20,9.808422202477232,272,27.33604324962929,8,11,0.7272727272727273
523,10.687093358115817,16,7.846737761981785,476,27.335528544423717,3,8,0.375
702,14.344817471122951,6,2.9425266607431695,109,27.32736115794248,6,7,0.8571428571428571
682,13.9361332126864,8,3.9233688809908926,209,27.326214516710547,3,7,0.42857142857142855
586,11.974448772190954,8,3.9233688809908926,103,27.325842946383762,5,8,0.625
514,10.503185441819369,20,9.808422202477232,18,27.32536291601407,4,9,0.4444444444444444
589,12.035751410956436,6,2.9425266607431695,84,27.3227941146611,3,8,0.375
294,6.007658599017304,20,9.808422202477232,178,27.321472512834287,9,16,0.5625
342,6.9885008192650275,12,5.885053321486339,198,27.316902618137643,6,13,0.46153846153846156
402,8.214553594574681,8,3.9233688809908926,401,27.310104584039827,6,11,0.5454545454545454
573,11.708804004207195,20,9.808422202477232,180,27.302301514334953,8,8,1.0
332,6.784158690046752,3,1.4712633303715847,298,27.288519570241924,8,14,0.5714285714285714
594,12.137922475565574,3,1.4712633303715847,54,27.287484641349216,4,8,0.5
455,9.297566879431542,12,5.885053321486339,286,27.283045168827208,7,10,0.7
400,8.173685168731026,16,7.846737761981785,17,27.281186848616105,7,12,0.5833333333333334
612,12.50573830815847,8,3.9233688809908926,557,27.2798774553038,4,7,0.5714285714285714
728,14.876107007090468,6,2.9425266607431695,705,27.27745940133738,5,6,0.8333333333333334
365,7.4584877164670615,6,2.9425266607431695,333,27.276530198118138,9,12,0.75
162,3.3103424933360657,8,3.9233688809908926,54,27.271986011335294,16,29,0.5517241379310345
621,12.689646224454918,6,2.9425266607431695,514,27.270755680492783,4,7,0.5714285714285714
674,13.77265950931178,6,2.9425266607431695,248,27.27018739141518,4,7,0.5714285714285714
708,14.467422748653917,8,3.9233688809908926,77,27.25704288988419,5,7,0.7142857142857143
351,7.172408735561476,8,3.9233688809908926,108,27.252712805481714,8,13,0.6153846153846154
230,4.69986897202034,20,9.808422202477232,34,27.25143367449474,10,20,0.5
518,10.58492229350668,16,7.846737761981785,510,27.250800954865493,3,8,0.375
516,10.544053867663024,6,2.9425266607431695,6,27.245777381498815,3,9,0.3333333333333333
307,6.273303367001063,6,2.9425266607431695,242,27.238212644208158,9,15,0.6
551,11.259251319926989,4,1.9616844404954463,311,27.23819619703111,5,8,0.625
576,11.770106642972678,8,3.9233688809908926,163,27.236272148513272,8,8,1.0
509,10.401014377210231,6,2.9425266607431695,54,27.236054686324433,4,9,0.4444444444444444
342,6.9885008192650275,20,9.808422202477232,234,27.23508670459497,5,13,0.38461538461538464
367,7.499356142310717,16,7.846737761981785,315,27.231501088439543,6,12,0.5
466,9.522343221571646,12,5.885053321486339,357,27.23094251111151,6,10,0.6
513,10.482751228897541,20,9.808422202477232,61,27.230826463106695,5,9,0.5555555555555556
638,13.037027844125987,8,3.9233688809908926,429,27.227407275975438,4,7,0.5714285714285714
555,11.340988171614299,6,2.9425266607431695,287,27.226139278959213,6,8,0.75
523,10.687093358115817,20,9.808422202477232,476,27.22566218279605,3,8,0.375
573,11.708804004207195,16,7.846737761981785,180,27.22551449009321,8,8,1.0
315,6.436777070375683,8,3.9233688809908926,151,27.221435768226783,7,15,0.4666666666666667
131,2.676881892759411,8,3.9233688809908926,78,27.220962365554406,18,35,0.5142857142857142
520,10.625790719350334,12,5.885053321486339,496,27.220774375120897,3,8,0.375
379,7.7445666973726475,20,9.808422202477232,136,27.217336687665775,7,12,0.5833333333333334
153,3.1264345770396176,20,9.808422202477232,100,27.216604498741937,20,30,0.6666666666666666
481,9.82885641539906,20,9.808422202477232,252,27.209138118184097,8,10,0.8
727,14.85567279416864,8,3.9233688809908926,708,27.20029624978719,5,6,0.8333333333333334
676,13.813527935155435,6,2.9425266607431695,237,27.19527618735197,4,7,0.5714285714285714
374,7.64239563276351,6,2.9425266607431695,252,27.194727977422197,6,12,0.5
650,13.282238399187918,4,1.9616844404954463,368,27.189788738836263,3,7,0.42857142857142855
480,9.808422202477232,16,7.846737761981785,257,27.187391396106328,8,10,0.8
406,8.296290446261992,12,5.885053321486339,370,27.18232111502402,5,11,0.45454545454545453
571,11.66793557836354,12,5.885053321486339,192,27.181130776589843,7,8,0.875
510,10.421448590132059,6,2.9425266607431695,47,27.181078735875605,4,9,0.4444444444444444
344,7.029369245108683,6,2.9425266607431695,177,27.17645609840491,8,13,0.6153846153846154
703,14.365251684044779,6,2.9425266607431695,102,27.171876652998982,4,7,0.5714285714285714
525,10.727961783959472,6,2.9425266607431695,467,27.169648243315763,3,8,0.375
666,13.609185805937159,20,9.808422202477232,320,27.16874691971419,4,7,0.5714285714285714
284,5.803316469799029,16,7.846737761981785,211,27.16819126777991,13,16,0.8125
367,7.499356142310717,8,3.9233688809908926,316,27.156034395438574,6,12,0.5
279,5.701145405189891,8,3.9233688809908926,269,27.15499424738509,12,16,0.75
580,11.851843494659988,4,1.9616844404954463,138,27.153855344546407,7,8,0.875
693,14.160909554826503,8,3.9233688809908926,154,27.15253022528891,4,7,0.5714285714285714
640,13.077896269969642,8,3.9233688809908926,417,27.15248121795315,4,7,0.5714285714285714
454,9.277132666509715,12,5.885053321486339,441,27.15158953945467,7,10,0.7
626,12.791817289064056,4,1.9616844404954463,488,27.151033080410286,4,7,0.5714285714285714
423,8.64367206593306,8,3.9233688809908926,234,27.143615900317,7,11,0.6363636363636364
336,6.865895541734062,16,7.846737761981785,257,27.143029053589,8,14,0.5714285714285714
606,12.383133030627505,8,3.9233688809908926,587,27.13921485327303,6,7,0.8571428571428571
524,10.707527571037645,6,2.9425266607431695,474,27.135467417674565,3,8,0.375
79,1.6143028208243777,8,3.9233688809908926,64,27.134077313158954,30,58,0.5172413793103449
435,8.888882620994991,12,5.885053321486339,338,27.133712714796694,5,10,0.5
699,14.283514832357469,6,2.9425266607431695,122,27.13210686658501,5,7,0.7142857142857143
520,10.625790719350334,8,3.9233688809908926,497,27.126730206094024,3,8,0.375
550,11.238817107005161,4,1.9616844404954463,316,27.12616523019234,5,8,0.625
714,14.590028026184882,12,5.885053321486339,48,27.124220144033163,5,7,0.7142857142857143
523,10.687093358115817,12,5.885053321486339,476,27.1238861841279,3,8,0.375
574,11.729238217129023,16,7.846737761981785,173,27.123416008652097,8,8,1.0
166,3.392079345023376,6,2.9425266607431695,132,27.121378280301343,17,28,0.6071428571428571
713,14.569593813263054,16,7.846737761981785,54,27.12025031105995,5,7,0.7142857142857143
358,7.315448226014269,8,3.9233688809908926,38,27.118983536220387,7,13,0.5384615384615384
116,2.3703686989319976,20,9.808422202477232,23,27.1173842052872,23,40,0.575
186,3.8007636034599273,12,5.885053321486339,82,27.116997450905323,14,25,0.56
582,11.892711920503643,8,3.9233688809908926,127,27.11521539740014,7,8,0.875
639,13.057462057047815,8,3.9233688809908926,424,27.113041194679358,4,7,0.5714285714285714
670,13.69092265762447,4,1.9616844404954463,269,27.112896378526525,3,7,0.42857142857142855
511,10.441882803053886,20,9.808422202477232,41,27.11236608671654,5,9,0.5555555555555556
249,5.088119017535064,4,1.9616844404954463,132,27.110565848299544,11,19,0.5789473684210527
303,6.1915665153137525,8,3.9233688809908926,284,27.10926246217638,11,15,0.7333333333333333
515,10.523619654741196,20,9.808422202477232,14,27.109085032274127,4,9,0.4444444444444444
425,8.684540491776715,8,3.9233688809908926,219,27.10380854284438,9,11,0.8181818181818182
482,9.849290628320887,8,3.9233688809908926,245,27.09897981034894,8,10,0.8
267,5.45593485012796,16,7.846737761981785,147,27.09331539452442,9,17,0.5294117647058824
582,11.892711920503643,20,9.808422202477232,127,27.09117746213355,7,8,0.875
631,12.893988353673194,4,1.9616844404954463,463,27.086940816922976,3,7,0.42857142857142855
487,9.951461692930025,3,1.4712633303715847,209,27.08494947220342,6,10,0.6
338,6.906763967577717,8,3.9233688809908926,237,27.084802833789364,8,14,0.5714285714285714
414,8.459764149636612,6,2.9425266607431695,305,27.083720760459492,7,11,0.6363636363636364
123,2.5134081893847906,6,2.9425266607431695,52,27.08194510424904,23,38,0.6052631578947368
368,7.519790355232544,12,5.885053321486339,307,27.057067058395663,5,12,0.4166666666666667
278,5.680711192268063,12,5.885053321486339,5,27.05511676468653,12,17,0.7058823529411765
342,6.9885008192650275,16,7.846737761981785,197,27.05266799987258,6,13,0.46153846153846156
648,13.241369973344263,6,2.9425266607431695,377,27.051951418574987,3,7,0.42857142857142855
625,12.771383076142229,6,2.9425266607431695,492,27.049133572288095,4,7,0.5714285714285714
719,14.69219909079402,4,1.9616844404954463,23,27.04783569060098,6,7,0.8571428571428571
238,4.863342675394961,16,7.846737761981785,49,27.041817073815405,9,20,0.45
646,13.200501547500608,4,1.9616844404954463,388,27.039617817379472,3,7,0.42857142857142855
424,8.664106278854888,8,3.9233688809908926,227,27.034344878540495,9,11,0.8181818181818182
692,14.140475341904676,8,3.9233688809908926,159,27.02121165471286,4,7,0.5714285714285714
345,7.04980345803051,8,3.9233688809908926,169,27.020991251332138,6,13,0.46153846153846156
675,13.793093722233607,6,2.9425266607431695,243,27.017866781152826,4,7,0.5714285714285714
403,8.234987807496509,8,3.9233688809908926,393,27.01051548605303,4,11,0.36363636363636365
569,11.627067152519885,12,5.885053321486339,205,27.01015760266645,6,8,0.75
269,5.496803275971615,16,7.846737761981785,120,27.00824805716603,11,17,0.6470588235294118
444,9.07279053729144,8,3.9233688809908926,64,27.00588158935447,4,11,0.36363636363636365
698,14.263080619435641,4,1.9616844404954463,128,27.002866373032642,5,7,0.7142857142857143
705,14.406120109888434,6,2.9425266607431695,94,26.99268121062847,4,7,0.5714285714285714
152,3.10600036411779,12,5.885053321486339,121,26.990640407757137,21,30,0.7
343,7.008935032186855,6,2.9425266607431695,187,26.984929262412578,7,13,0.5384615384615384
367,7.499356142310717,20,9.808422202477232,316,26.984254245794528,5,12,0.4166666666666667
501,10.23754067383561,4,1.9616844404954463,112,26.98182180588494,5,10,0.5
377,7.703698271528992,16,7.846737761981785,226,26.978317079649543,7,12,0.5833333333333334
254,5.190290082144202,6,2.9425266607431695,63,26.975685819127783,7,18,0.3888888888888889
341,6.9680666063432,12,5.885053321486339,208,26.975078839480236,6,13,0.46153846153846156
642,13.118764695813297,8,3.9233688809908926,408,26.97465658617718,4,7,0.5714285714285714
518,10.58492229350668,12,5.885053321486339,511,26.97052652214313,3,8,0.375
552,11.279685532848816,4,1.9616844404954463,307,26.969659126929866,4,8,0.5
288,5.885053321486339,12,5.885053321486339,203,26.968341463379275,10,16,0.625
587,11.994882985112781,6,2.9425266607431695,97,26.966309237979846,3,8,0.375
377,7.703698271528992,12,5.885053321486339,226,26.955857807578827,7,12,0.5833333333333334
563,11.50446187498892,12,5.885053321486339,238,26.954089632584683,7,8,0.875
222,4.53639526864572,8,3.9233688809908926,64,26.952311469571878,8,21,0.38095238095238093
368,7.519790355232544,16,7.846737761981785,307,26.939927080659462,5,12,0.4166666666666667
405,8.275856233340164,20,9.808422202477232,375,26.937857752691922,5,11,0.45454545454545453
238,4.863342675394961,8,3.9233688809908926,49,26.937825018445874,9,20,0.45
77,1.5734343949807226,16,7.846737761981785,71,26.936359004867736,29,60,0.48333333333333334
213,4.3524873523492715,20,9.808422202477232,79,26.935109947007515,11,22,0.5
341,6.9680666063432,16,7.846737761981785,208,26.929862102014056,6,13,0.46153846153846156
592,12.097054049721919,3,1.4712633303715847,64,26.929621835654608,4,8,0.5
577,11.790540855894506,8,3.9233688809908926,157,26.927086029316083,8,8,1.0
456,9.31800109235337,12,5.885053321486339,269,26.925554957623156,7,10,0.7
622,12.710080437376746,6,2.9425266607431695,507,26.923269374361915,4,7,0.5714285714285714
401,8.194119381652854,12,5.885053321486339,6,26.921278355274122,6,12,0.5
632,12.914422566595022,4,1.9616844404954463,459,26.91940814121541,3,7,0.42857142857142855
710,14.508291174497572,8,3.9233688809908926,69,26.915843870918565,5,7,0.7142857142857143
465,9.501909008649818,6,2.9425266607431695,364,26.91084289608604,6,10,0.6
381,7.785435123216303,8,3.9233688809908926,190,26.907729462873746,4,12,0.3333333333333333
239,4.883776888316788,12,5.885053321486339,33,26.905627373668313,9,20,0.45
536,10.952738126099575,6,2.9425266607431695,402,26.903276800808488,6,8,0.75
206,4.209447861896479,6,2.9425266607431695,115,26.900395937089037,10,22,0.45454545454545453
116,2.3703686989319976,12,5.885053321486339,20,26.895997718586393,23,40,0.575
637,13.01659363120416,6,2.9425266607431695,433,26.89266767892402,4,7,0.5714285714285714
200,4.086842584365513,16,7.846737761981785,17,26.888755484546586,12,24,0.5
682,13.9361332126864,6,2.9425266607431695,208,26.884812525756203,3,7,0.42857142857142855
283,5.782882256877201,6,2.9425266607431695,220,26.884662099010452,13,16,0.8125
575,11.74967243005085,8,3.9233688809908926,169,26.88353832160215,8,8,1.0
653,13.3435410379534,3,1.4712633303715847,353,26.88188800012594,4,7,0.5714285714285714
559,11.42272502330161,6,2.9425266607431695,264,26.877870415889866,6,8,0.75
517,10.564488080584852,20,9.808422202477232,515,26.877747442659718,3,8,0.375
547,11.177514468239679,4,1.9616844404954463,336,26.872091382735427,6,8,0.75
258,5.272026933831512,12,5.885053321486339,7,26.87136940637305,7,18,0.3888888888888889
255,5.210724295066029,12,5.885053321486339,48,26.86659670264661,7,18,0.3888888888888889
385,7.867171974903613,8,3.9233688809908926,151,26.86300764165894,5,12,0.4166666666666667
265,5.415066424284305,12,5.885053321486339,171,26.858388461450005,10,17,0.5882352941176471
515,10.523619654741196,8,3.9233688809908926,14,26.857292716501547,4,9,0.4444444444444444
238,4.863342675394961,6,2.9425266607431695,49,26.85401387494558,9,20,0.45
662,13.527448954249849,4,1.9616844404954463,308,26.84878700440006,3,7,0.42857142857142855
707,14.446988535732089,6,2.9425266607431695,84,26.84365950937089,5,7,0.7142857142857143
199,4.066408371443686,4,1.9616844404954463,37,26.841980518443332,14,24,0.5833333333333334
52,1.0625790719350334,12,5.885053321486339,26,26.82692724163679,51,89,0.5730337078651685
211,4.311618926505616,16,7.846737761981785,31,26.823091871509714,11,22,0.5
644,13.159633121656952,8,3.9233688809908926,397,26.81604761244832,4,7,0.5714285714285714
319,6.5185139220629935,16,7.846737761981785,109,26.81548028232401,10,15,0.6666666666666666
571,11.66793557836354,16,7.846737761981785,193,26.81373022630342,7,8,0.875
321,6.559382347906649,16,7.846737761981785,88,26.811725907324423,10,15,0.6666666666666666
453,9.256698453587887,8,3.9233688809908926,448,26.803442136978028,8,10,0.8
528,10.789264422724955,20,9.808422202477232,451,26.798648305105008,4,8,0.5
366,7.478921929388889,8,3.9233688809908926,323,26.798375428448445,8,12,0.6666666666666666
713,14.569593813263054,12,5.885053321486339,54,26.793223584676443,5,7,0.7142857142857143
612,12.50573830815847,6,2.9425266607431695,559,26.786177979569207,5,7,0.7142857142857143
337,6.88632975465589,8,3.9233688809908926,246,26.78607105999982,8,14,0.5714285714285714
689,14.079172703139193,6,2.9425266607431695,174,26.78235058868447,6,7,0.8571428571428571
138,2.819921383212204,12,5.885053321486339,30,26.78224739764595,21,34,0.6176470588235294
506,10.339711738444748,3,1.4712633303715847,76,26.78076871226438,3,10,0.3
516,10.544053867663024,20,9.808422202477232,5,26.778102914274328,3,9,0.3333333333333333
239,4.883776888316788,16,7.846737761981785,30,26.769505824575685,9,20,0.45
661,13.507014741328021,3,1.4712633303715847,314,26.766081023986132,3,7,0.42857142857142855
108,2.206894995557377,12,5.885053321486339,53,26.764623879782878,28,43,0.6511627906976745
615,12.567040946923953,4,1.9616844404954463,544,26.762416050678432,4,7,0.5714285714285714
242,4.945079527082271,16,7.846737761981785,231,26.759209366434906,11,19,0.5789473684210527
371,7.581092993998027,8,3.9233688809908926,278,26.755263139101732,7,12,0.5833333333333334
278,5.680711192268063,16,7.846737761981785,2,26.755004580519994,12,17,0.7058823529411765
530,10.83013284856861,16,7.846737761981785,437,26.749869479704397,5,8,0.625
679,13.874830573920917,4,1.9616844404954463,224,26.748893367284392,3,7,0.42857142857142855
599,12.240093540174712,6,2.9425266607431695,25,26.74709014195712,5,8,0.625
400,8.173685168731026,20,9.808422202477232,19,26.742537447889685,7,12,0.5833333333333334
663,13.547883167171676,3,1.4712633303715847,303,26.741344688296678,3,7,0.42857142857142855
479,9.787987989555404,8,3.9233688809908926,265,26.741293255184523,6,10,0.6
236,4.8224742495513055,20,9.808422202477232,79,26.740738617329438,9,20,0.45
382,7.80586933613813,16,7.846737761981785,179,26.738306053893147,5,12,0.4166666666666667
170,3.473816196710686,6,2.9425266607431695,49,26.73739670076236,15,27,0.5555555555555556
716,14.630896452028537,8,3.9233688809908926,38,26.73558104928275,5,7,0.7142857142857143
616,12.58747515984578,4,1.9616844404954463,538,26.73311255456,3,7,0.42857142857142855
335,6.845461328812235,6,2.9425266607431695,269,26.731000633457597,6,14,0.42857142857142855
511,10.441882803053886,6,2.9425266607431695,40,26.727241907841176,5,9,0.5555555555555556
521,10.646224932272162,6,2.9425266607431695,491,26.72390423477537,3,8,0.375
377,7.703698271528992,8,3.9233688809908926,224,26.723471667558954,7,12,0.5833333333333334
504,10.298843312601093,4,1.9616844404954463,91,26.71921467472382,3,10,0.3
541,11.054909190708713,4,1.9616844404954463,373,26.718934865237575,6,8,0.75
684,13.977001638530055,6,2.9425266607431695,197,26.718682083524932,4,7,0.5714285714285714
530,10.83013284856861,12,5.885053321486339,436,26.717527763288235,5,8,0.625
573,11.708804004207195,12,5.885053321486339,181,26.709225825440722,8,8,1.0
254,5.190290082144202,20,9.808422202477232,58,26.69610083589664,7,19,0.3684210526315789
724,14.794370155403158,6,2.9425266607431695,722,26.695648059713143,5,6,0.8333333333333334
331,6.763724477124924,4,1.9616844404954463,308,26.694745176573665,7,14,0.5
733,14.978278071699606,4,1.9616844404954463,686,26.69012163197324,4,6,0.6666666666666666
321,6.559382347906649,8,3.9233688809908926,87,26.68599748280886,10,15,0.6666666666666666
610,12.464869882314815,8,3.9233688809908926,565,26.67280457429982,4,7,0.5714285714285714
430,8.786711556385853,16,7.846737761981785,296,26.670935991109964,8,11,0.7272727272727273
603,12.321830391862022,4,1.9616844404954463,0,26.667933619203207,6,8,0.75
301,6.150698089470097,6,2.9425266607431695,7,26.667272772692648,9,16,0.5625
572,11.688369791285368,12,5.885053321486339,186,26.665330702604244,7,8,0.875
318,6.498079709141166,16,7.846737761981785,119,26.65645977391056,10,15,0.6666666666666666
104,2.125158143870067,16,7.846737761981785,79,26.65371608248083,24,44,0.5454545454545454
266,5.4355006372061325,16,7.846737761981785,160,26.64763735349412,9,17,0.5294117647058824
86,1.7573423112771707,20,9.808422202477232,52,26.637477713443563,26,54,0.48148148148148145
715,14.61046223910671,8,3.9233688809908926,43,26.63236405413073,5,7,0.7142857142857143
480,9.808422202477232,8,3.9233688809908926,258,26.63225130572665,8,10,0.8
167,3.4125135579452035,16,7.846737761981785,88,26.631425774850413,16,28,0.5714285714285714
584,11.933580346347298,12,5.885053321486339,115,26.62689663215528,7,8,0.875
368,7.519790355232544,8,3.9233688809908926,307,26.620409782569734,5,12,0.4166666666666667
458,9.358869518197025,8,3.9233688809908926,269,26.620374500051593,7,10,0.7
348,7.111106096795993,4,1.9616844404954463,137,26.61574611298149,7,13,0.5384615384615384
148,3.0242635124304798,16,7.846737761981785,63,26.61370049061182,12,31,0.3870967741935484
528,10.789264422724955,6,2.9425266607431695,451,26.613690719032917,4,8,0.5
471,9.624514286180784,4,1.9616844404954463,322,26.613114283189596,4,10,0.4
535,10.932303913177748,4,1.9616844404954463,408,26.61116609556756,5,8,0.625
486,9.931027480008197,4,1.9616844404954463,216,26.606950821066743,6,10,0.6
258,5.272026933831512,6,2.9425266607431695,6,26.5998338730658,7,18,0.3888888888888889
262,5.353763785518822,8,3.9233688809908926,210,26.59880603770329,8,17,0.47058823529411764
533,10.891435487334093,6,2.9425266607431695,421,26.598225686939408,4,8,0.5
673,13.752225296389952,6,2.9425266607431695,252,26.5894137126617,4,7,0.5714285714285714
714,14.590028026184882,16,7.846737761981785,49,26.58280841170315,5,7,0.7142857142857143
217,4.434224204036582,8,3.9233688809908926,145,26.579011723433233,13,21,0.6190476190476191
148,3.0242635124304798,12,5.885053321486339,65,26.575085573099205,13,31,0.41935483870967744
373,7.621961419841682,6,2.9425266607431695,262,26.561302666840476,6,12,0.5
709,14.487856961575744,6,2.9425266607431695,73,26.558204047379533,5,7,0.7142857142857143
369,7.540224568154372,8,3.9233688809908926,297,26.557278440710107,6,12,0.5
223,4.556829481567547,16,7.846737761981785,48,26.556488160416492,9,21,0.42857142857142855
406,8.296290446261992,16,7.846737761981785,370,26.554374447787506,5,11,0.45454545454545453
505,10.31927752552292,4,1.9616844404954463,84,26.553699381861826,3,10,0.3
370,7.560658781076199,8,3.9233688809908926,286,26.548558462193498,6,12,0.5
503,10.278409099679266,4,1.9616844404954463,98,26.54615528885889,3,10,0.3
388,7.928474613669096,6,2.9425266607431695,127,26.545560162290528,5,12,0.4166666666666667
643,13.139198908735125,8,3.9233688809908926,404,26.54012141872398,4,7,0.5714285714285714
401,8.194119381652854,20,9.808422202477232,10,26.53526818160611,6,12,0.5
531,10.850567061490437,16,7.846737761981785,431,26.524934783983614,5,8,0.625
258,5.272026933831512,16,7.846737761981785,7,26.515413439794393,7,18,0.3888888888888889
427,8.72540891762037,12,5.885053321486339,202,26.509156142134653,9,11,0.8181818181818182
543,11.095777616552368,4,1.9616844404954463,360,26.507258096421374,6,8,0.75
520,10.625790719350334,6,2.9425266607431695,497,26.496642169180266,3,8,0.375
82,1.6756054595898604,6,2.9425266607431695,10,26.495571991629603,32,57,0.5614035087719298
380,7.765000910294475,8,3.9233688809908926,199,26.49315373123482,5,12,0.4166666666666667
556,11.361422384536127,8,3.9233688809908926,281,26.48994238171281,6,8,0.75
196,4.005105732678203,4,1.9616844404954463,91,26.48877968074711,13,24,0.5416666666666666
519,10.605356506428507,20,9.808422202477232,504,26.48556824684891,3,8,0.375
665,13.588751593015331,6,2.9425266607431695,294,26.47422337308229,4,7,0.5714285714285714
382,7.80586933613813,20,9.808422202477232,181,26.47352345847382,5,12,0.4166666666666667
574,11.729238217129023,12,5.885053321486339,175,26.467388967807842,8,8,1.0
226,4.61813212033303,12,5.885053321486339,3,26.46668691849846,11,21,0.5238095238095238
557,11.381856597457954,8,3.9233688809908926,274,26.4664962410201,6,8,0.75
382,7.80586933613813,8,3.9233688809908926,179,26.465730599390554,5,12,0.4166666666666667
635,12.975725205360504,4,1.9616844404954463,444,26.458894946504802,3,7,0.42857142857142855
183,3.7394609646944446,8,3.9233688809908926,140,26.455880964436023,14,25,0.56
416,8.500632575480267,8,3.9233688809908926,291,26.45394487101575,9,11,0.8181818181818182
697,14.242646406513813,4,1.9616844404954463,131,26.451519028152024,5,7,0.7142857142857143
267,5.45593485012796,12,5.885053321486339,147,26.448257537159837,9,17,0.5294117647058824
122,2.492973976462963,12,5.885053321486339,78,26.437825715467696,22,38,0.5789473684210527
519,10.605356506428507,12,5.885053321486339,504,26.436330110740375,3,8,0.375
334,6.825027115890407,8,3.9233688809908926,273,26.433751127407362,6,14,0.42857142857142855
300,6.13026387654827,8,3.9233688809908926,19,26.43172707019161,10,16,0.625
664,13.568317380093504,3,1.4712633303715847,298,26.431062779362016,4,7,0.5714285714285714
507,10.360145951366576,3,1.4712633303715847,69,26.42817945277348,3,10,0.3
667,13.629620018858986,3,1.4712633303715847,283,26.42730998170631,3,7,0.42857142857142855
280,5.7215796181117184,6,2.9425266607431695,257,26.422118743835036,12,16,0.75
708,14.467422748653917,6,2.9425266607431695,79,26.42184839436128,5,7,0.7142857142857143
725,14.814804368324985,6,2.9425266607431695,716,26.419298814880992,5,6,0.8333333333333334
519,10.605356506428507,16,7.846737761981785,503,26.415211287400638,3,8,0.375
601,12.280961966018367,6,2.9425266607431695,13,26.413397328971524,6,8,0.75
482,9.849290628320887,6,2.9425266607431695,245,26.407143125170062,8,10,0.8
287,5.864619108564511,20,9.808422202477232,219,26.407070158974157,5,16,0.3125
149,3.0446977253523073,20,9.808422202477232,43,26.405414511025675,14,31,0.45161290322580644
530,10.83013284856861,8,3.9233688809908926,437,26.402685211083796,5,8,0.625
81,1.6551712466680328,12,5.885053321486339,52,26.400229772509856,30,57,0.5263157894736842
680,13.895264786842745,4,1.9616844404954463,219,26.397396950692407,3,7,0.42857142857142855
225,4.597697907411202,16,7.846737761981785,64,26.3969195503106,12,21,0.5714285714285714
481,9.82885641539906,8,3.9233688809908926,252,26.38891081697696,8,10,0.8
442,9.031922111447784,8,3.9233688809908926,81,26.384760600713534,5,11,0.45454545454545453
220,4.4955268428020645,4,1.9616844404954463,97,26.38442170259986,11,21,0.5238095238095238
341,6.9680666063432,8,3.9233688809908926,209,26.3833715043065,6,13,0.46153846153846156
476,9.726685350789921,16,7.846737761981785,314,26.383212278771317,4,10,0.4
306,6.252869154079235,6,2.9425266607431695,253,26.380816260207062,10,15,0.6666666666666666
124,2.533842402306618,4,1.9616844404954463,23,26.369547630196507,22,38,0.5789473684210527
347,7.090671883874165,6,2.9425266607431695,148,26.364019554990044,7,13,0.5384615384615384
401,8.194119381652854,6,2.9425266607431695,8,26.36269450851962,7,12,0.5833333333333334
309,6.314171792844718,4,1.9616844404954463,219,26.358541235620628,7,15,0.4666666666666667
142,2.9016582348995144,8,3.9233688809908926,69,26.356746455032248,28,33,0.8484848484848485
316,6.457211283297511,6,2.9425266607431695,143,26.353721565016038,7,15,0.4666666666666667
512,10.462317015975714,4,1.9616844404954463,35,26.353462996352174,5,9,0.5555555555555556
440,8.991053685604129,8,3.9233688809908926,319,26.347834181254196,5,10,0.5
445,9.093224750213267,8,3.9233688809908926,56,26.346840007862475,4,11,0.36363636363636365
333,6.804592902968579,4,1.9616844404954463,288,26.34286402931284,6,14,0.42857142857142855
362,7.397185077701579,6,2.9425266607431695,359,26.339966062466758,7,12,0.5833333333333334
205,4.189013648974651,20,9.808422202477232,129,26.338036588310967,11,22,0.5
563,11.50446187498892,8,3.9233688809908926,241,26.336327157864435,7,8,0.875
630,12.873554140751367,6,2.9425266607431695,469,26.333988042506785,4,7,0.5714285714285714
211,4.311618926505616,12,5.885053321486339,29,26.32933791435066,11,22,0.5
720,14.712633303715847,4,1.9616844404954463,19,26.326242775994373,6,7,0.8571428571428571
223,4.556829481567547,12,5.885053321486339,50,26.32330991632807,9,21,0.42857142857142855
417,8.521066788402095,8,3.9233688809908926,282,26.32239162280739,9,11,0.8181818181818182
168,3.432947770867031,16,7.846737761981785,85,26.320207132434685,16,28,0.5714285714285714
561,11.463593449145264,8,3.9233688809908926,253,26.319704496106894,7,8,0.875
342,6.9885008192650275,8,3.9233688809908926,197,26.3185898612106,6,13,0.46153846153846156
312,6.3754744316102006,8,3.9233688809908926,186,26.317606396755313,9,15,0.6
611,12.485304095236643,6,2.9425266607431695,563,26.3171046481521,5,7,0.7142857142857143
672,13.731791083468124,4,1.9616844404954463,259,26.31293363479428,4,7,0.5714285714285714
671,13.711356870546297,4,1.9616844404954463,262,26.309857362293805,4,7,0.5714285714285714
564,11.524896087910747,6,2.9425266607431695,233,26.30800937321016,6,8,0.75
572,11.688369791285368,8,3.9233688809908926,187,26.305974702595226,7,8,0.875
642,13.118764695813297,6,2.9425266607431695,407,26.302511210475267,4,7,0.5714285714285714
250,5.1085532304568915,6,2.9425266607431695,115,26.298347047763524,12,19,0.631578947368421
223,4.556829481567547,20,9.808422202477232,46,26.29745110206853,8,21,0.38095238095238093
281,5.742013831033546,6,2.9425266607431695,245,26.297049496673043,12,16,0.75
554,11.320553958692471,6,2.9425266607431695,295,26.290933033471703,5,8,0.625
307,6.273303367001063,4,1.9616844404954463,242,26.287356899200457,9,15,0.6
627,12.812251501985884,3,1.4712633303715847,483,26.285469130235374,3,7,0.42857142857142855
730,14.916975432934123,4,1.9616844404954463,698,26.28513698598684,5,6,0.8333333333333334
617,12.607909372767608,3,1.4712633303715847,533,26.282834522420874,3,7,0.42857142857142855
154,3.146868789961445,12,5.885053321486339,76,26.279388928228666,15,30,0.5
289,5.9054875344081665,16,7.846737761981785,190,26.274834618944787,11,16,0.6875
583,11.913146133425471,20,9.808422202477232,121,26.273803110259138,7,8,0.875
194,3.964237306834548,8,3.9233688809908926,127,26.265912559759872,13,24,0.5416666666666666
258,5.272026933831512,8,3.9233688809908926,7,26.265312362092658,7,18,0.3888888888888889
133,2.7177503186030663,20,9.808422202477232,26,26.261097789133665,20,35,0.5714285714285714
591,12.076619836800091,4,1.9616844404954463,73,26.258190758284382,4,8,0.5
484,9.890159054164542,8,3.9233688809908926,231,26.255971057644015,7,10,0.7
354,7.233711374326958,12,5.885053321486339,79,26.25327555300077,7,13,0.5384615384615384
352,7.192842948483303,6,2.9425266607431695,99,26.245952132251766,5,13,0.38461538461538464
394,8.051079891200061,3,1.4712633303715847,68,26.241448185766398,5,12,0.4166666666666667
241,4.924645314160443,16,7.846737761981785,3,26.24132688195145,12,20,0.6
230,4.69986897202034,16,7.846737761981785,34,26.241287621964457,10,20,0.5
254,5.190290082144202,16,7.846737761981785,62,26.240757217623205,7,18,0.3888888888888889
508,10.380580164288403,4,1.9616844404954463,63,26.23747252904059,3,9,0.3333333333333333
381,7.785435123216303,6,2.9425266607431695,190,26.22981280517813,4,12,0.3333333333333333
265,5.415066424284305,20,9.808422202477232,170,26.227950981661138,10,17,0.5882352941176471
609,12.444435669392988,6,2.9425266607431695,573,26.222899913297038,6,7,0.8571428571428571
517,10.564488080584852,4,1.9616844404954463,0,26.220695934123544,3,9,0.3333333333333333
683,13.956567425608227,6,2.9425266607431695,202,26.217661389639005,4,7,0.5714285714285714
155,3.1673030028832727,8,3.9233688809908926,54,26.215662447025633,16,30,0.5333333333333333
561,11.463593449145264,6,2.9425266607431695,252,26.214742082374357,7,8,0.875
620,12.66921201153309,3,1.4712633303715847,519,26.211385949858403,3,7,0.42857142857142855
439,8.970619472682301,8,3.9233688809908926,325,26.210471673443703,5,10,0.5
677,13.833962148077262,4,1.9616844404954463,234,26.2043197854908,3,7,0.42857142857142855
434,8.868448408073164,8,3.9233688809908926,147,26.202555176065353,11,11,1.0
154,3.146868789961445,16,7.846737761981785,74,26.201371547721255,15,30,0.5
474,9.685816924946266,6,2.9425266607431695,301,26.186871252616154,3,10,0.3
418,8.541501001323923,6,2.9425266607431695,274,26.179800432873147,8,11,0.7272727272727273
726,14.835238581246813,6,2.9425266607431695,715,26.179728210307296,5,6,0.8333333333333334
269,5.496803275971615,12,5.885053321486339,121,26.174106817743713,11,17,0.6470588235294118
579,11.83140928173816,4,1.9616844404954463,145,26.170731559401855,7,8,0.875
691,14.120041128982848,6,2.9425266607431695,164,26.170628216768694,4,7,0.5714285714285714
271,5.53767170181527,6,2.9425266607431695,96,26.162406348117614,10,17,0.5882352941176471
701,14.324383258201124,4,1.9616844404954463,114,26.15798261642173,5,7,0.7142857142857143
89,1.8186449500426534,20,9.808422202477232,50,26.156780449859557,30,52,0.5769230769230769
712,14.549159600341227,12,5.885053321486339,219,26.154909233495136,6,7,0.8571428571428571
125,2.5542766152284457,8,3.9233688809908926,114,26.15065882392507,21,37,0.5675675675675675
696,14.222212193591986,4,1.9616844404954463,138,26.148166851046707,5,7,0.7142857142857143
378,7.72413248445082,20,9.808422202477232,129,26.146045538253016,6,12,0.5
475,9.706251137868094,16,7.846737761981785,215,26.145519832092287,6,10,0.6
480,9.808422202477232,6,2.9425266607431695,258,26.1429689766452,8,10,0.8
218,4.454658416958409,8,3.9233688809908926,131,26.137887942520138,14,21,0.6666666666666666
614,12.546606734002125,3,1.4712633303715847,548,26.136840503009314,4,7,0.5714285714285714
252,5.149421656300547,4,1.9616844404954463,90,26.129492676209857,8,19,0.42105263157894735
560,11.443159236223437,8,3.9233688809908926,257,26.128460808420858,7,8,0.875
305,6.232434941157408,6,2.9425266607431695,263,26.123692478672133,11,15,0.7333333333333333
296,6.0485270248609595,4,1.9616844404954463,64,26.118155506315798,7,16,0.4375
693,14.160909554826503,6,2.9425266607431695,154,26.1139219364469,4,7,0.5714285714285714
383,7.826303549059958,20,9.808422202477232,105,26.100153545459083,8,12,0.6666666666666666
320,6.538948134984821,12,5.885053321486339,96,26.09582388936129,9,15,0.6
341,6.9680666063432,6,2.9425266607431695,208,26.09305228642557,6,13,0.46153846153846156
558,11.402290810379782,6,2.9425266607431695,271,26.09289132599482,6,8,0.75
589,12.035751410956436,4,1.9616844404954463,85,26.091265348991307,3,8,0.375
350,7.151974522639648,12,5.885053321486339,116,26.090838143916088,7,13,0.5384615384615384
228,4.659000546176685,8,3.9233688809908926,40,26.08652131018285,11,21,0.5238095238095238
700,14.303949045279296,6,2.9425266607431695,116,26.08022436453002,5,7,0.7142857142857143
641,13.09833048289147,8,3.9233688809908926,411,26.080062353433362,4,7,0.5714285714285714
640,13.077896269969642,6,2.9425266607431695,417,26.07637650597662,4,7,0.5714285714285714
584,11.933580346347298,16,7.846737761981785,114,26.069164184874996,7,8,0.875
148,3.0242635124304798,8,3.9233688809908926,64,26.063565113953597,12,31,0.3870967741935484
438,8.950185259760474,8,3.9233688809908926,113,26.061960479262613,10,11,0.9090909090909091
297,6.068961237782787,4,1.9616844404954463,54,26.0603607620554,8,16,0.5
182,3.719026751772617,8,3.9233688809908926,159,26.058983217110246,15,25,0.6
336,6.865895541734062,8,3.9233688809908926,257,26.048890777942933,8,14,0.5714285714285714
562,11.484027662067092,6,2.9425266607431695,247,26.047080493917715,6,8,0.75
425,8.684540491776715,6,2.9425266607431695,218,26.046868309834935,9,11,0.8181818181818182
55,1.1238817107005161,20,9.808422202477232,39,26.04121501343648,43,84,0.5119047619047619
260,5.312895359675167,8,3.9233688809908926,234,26.033155284043968,8,17,0.47058823529411764
643,13.139198908735125,6,2.9425266607431695,404,26.027341414715114,4,7,0.5714285714285714
590,12.056185623878264,4,1.9616844404954463,79,26.021951780952637,3,8,0.375
526,10.7483959968813,3,1.4712633303715847,462,26.019374410917717,3,8,0.375
443,9.052356324369612,8,3.9233688809908926,317,26.01589045839857,5,10,0.5
587,11.994882985112781,4,1.9616844404954463,97,26.014014277106604,3,8,0.375
383,7.826303549059958,16,7.846737761981785,172,26.01373319394855,5,12,0.4166666666666667
583,11.913146133425471,16,7.846737761981785,121,26.013619627117723,7,8,0.875
247,5.047250591691409,3,1.4712633303715847,161,26.00982835005104,11,19,0.5789473684210527
716,14.630896452028537,6,2.9425266607431695,37,26.006594097781754,5,7,0.7142857142857143
294,6.007658599017304,16,7.846737761981785,183,26.0063696915379,8,16,0.5
473,9.665382712024439,4,1.9616844404954463,307,26.00507568587109,3,10,0.3
568,11.606632939598057,6,2.9425266607431695,210,26.00472879381007,6,8,0.75
437,8.929751046838646,8,3.9233688809908926,328,25.989160875768473,6,10,0.6
385,7.867171974903613,6,2.9425266607431695,152,25.987510798508726,5,12,0.4166666666666667
153,3.1264345770396176,16,7.846737761981785,99,25.97482429754824,20,30,0.6666666666666666
513,10.482751228897541,4,1.9616844404954463,28,25.971825689001054,4,9,0.4444444444444444
633,12.93485677951685,3,1.4712633303715847,453,25.96673572071629,3,7,0.42857142857142855
426,8.704974704698543,6,2.9425266607431695,211,25.96628966815667,9,11,0.8181818181818182
346,7.070237670952338,8,3.9233688809908926,159,25.962637990799582,6,13,0.46153846153846156
727,14.85567279416864,6,2.9425266607431695,711,25.961916841934674,5,6,0.8333333333333334
545,11.136646042396023,4,1.9616844404954463,349,25.959783960021547,6,8,0.75
462,9.440606369884335,12,5.885053321486339,263,25.957032522234314,6,10,0.6
291,5.946355960251822,20,9.808422202477232,186,25.955125932102487,7,16,0.4375
207,4.229882074818306,16,7.846737761981785,99,25.947677874236508,11,22,0.5
103,2.1047239309482393,12,5.885053321486339,13,25.94444492711679,22,45,0.4888888888888889
369,7.540224568154372,6,2.9425266607431695,298,25.93961556032469,7,12,0.5833333333333334
444,9.07279053729144,6,2.9425266607431695,64,25.937366782457705,4,11,0.36363636363636365
341,6.9680666063432,20,9.808422202477232,204,25.93734851653515,6,13,0.46153846153846156
390,7.969343039512751,6,2.9425266607431695,92,25.936825116192697,5,12,0.4166666666666667
447,9.134093176056922,12,5.885053321486339,41,25.930016529679904,4,11,0.36363636363636365
272,5.558105914737098,6,2.9425266607431695,81,25.92779960871314,10,17,0.5882352941176471
470,9.604080073258956,6,2.9425266607431695,326,25.927615882730056,6,10,0.6
714,14.590028026184882,20,9.808422202477232,45,25.924442660204807,5,7,0.7142857142857143
408,8.337158872105647,6,2.9425266607431695,354,25.909849111970885,6,11,0.5454545454545454
368,7.519790355232544,6,2.9425266607431695,306,25.904639126733663,5,12,0.4166666666666667
322,6.579816560828476,8,3.9233688809908926,77,25.9042299849357,11,15,0.7333333333333333
586,11.974448772190954,6,2.9425266607431695,102,25.904081274124287,4,8,0.5
434,8.868448408073164,6,2.9425266607431695,146,25.894707824952455,11,11,1.0
217,4.434224204036582,6,2.9425266607431695,145,25.88925423155927,13,21,0.6190476190476191
539,11.014040764865058,4,1.9616844404954463,385,25.885139577734336,5,8,0.625
383,7.826303549059958,12,5.885053321486339,172,25.879907844286986,5,12,0.4166666666666667
634,12.955290992438677,3,1.4712633303715847,448,25.875553115673757,3,7,0.42857142857142855
392,8.010211465356406,3,1.4712633303715847,90,25.868426004555683,5,12,0.4166666666666667
66,1.3486580528406193,12,5.885053321486339,55,25.865027723399553,38,70,0.5428571428571428
69,1.409960691606102,20,9.808422202477232,31,25.853663973223277,34,67,0.5074626865671642
483,9.869724841242714,8,3.9233688809908926,238,25.849459112299073,8,10,0.8
553,11.300119745770644,4,1.9616844404954463,301,25.845630547892466,4,8,0.5
339,6.927198180499545,6,2.9425266607431695,227,25.840747645126136,6,13,0.46153846153846156
325,6.641119199593959,4,1.9616844404954463,43,25.834097822948287,9,15,0.6
571,11.66793557836354,8,3.9233688809908926,190,25.83348006050323,7,8,0.875
195,3.9846715197563753,8,3.9233688809908926,105,25.82462720021603,12,24,0.5
734,14.998712284621433,3,1.4712633303715847,683,25.821594215300667,3,6,0.5
402,8.214553594574681,6,2.9425266607431695,401,25.820183017781062,6,11,0.5454545454545454
518,10.58492229350668,8,3.9233688809908926,511,25.81777953617834,3,8,0.375
98,2.0025528663391015,6,2.9425266607431695,85,25.816007472693475,25,47,0.5319148936170213
338,6.906763967577717,6,2.9425266607431695,237,25.81237558872281,8,14,0.5714285714285714
122,2.492973976462963,8,3.9233688809908926,78,25.812372971654256,23,38,0.6052631578947368
222,4.53639526864572,6,2.9425266607431695,65,25.80909683689181,8,21,0.38095238095238093
171,3.4942504096325138,20,9.808422202477232,61,25.803422644861353,14,27,0.5185185185185185
188,3.8416320293035824,16,7.846737761981785,142,25.798752809696868,12,24,0.5
531,10.850567061490437,6,2.9425266607431695,433,25.798348510927106,5,8,0.625
351,7.172408735561476,6,2.9425266607431695,109,25.796194574666803,8,13,0.6153846153846154
638,13.037027844125987,4,1.9616844404954463,429,25.793387709571654,4,7,0.5714285714285714
464,9.48147479572799,6,2.9425266607431695,370,25.789747901205214,6,10,0.6
648,13.241369973344263,4,1.9616844404954463,379,25.78970899676223,3,7,0.42857142857142855
588,12.015317198034609,4,1.9616844404954463,91,25.779921873336505,3,8,0.375
574,11.729238217129023,8,3.9233688809908926,175,25.779004366693556,8,8,1.0
158,3.2286056416487554,8,3.9233688809908926,143,25.775520427917755,15,29,0.5172413793103449
613,12.526172521080298,4,1.9616844404954463,554,25.772874966187608,4,7,0.5714285714285714
618,12.628343585689436,3,1.4712633303715847,527,25.768863132203624,3,7,0.42857142857142855
406,8.296290446261992,8,3.9233688809908926,371,25.759907165304256,5,11,0.45454545454545453
499,10.196672247991955,3,1.4712633303715847,125,25.758399097638343,5,10,0.5
238,4.863342675394961,20,9.808422202477232,49,25.75536905359863,9,20,0.45
690,14.09960691606102,6,2.9425266607431695,168,25.7553049774899,4,7,0.5714285714285714
353,7.213277161405131,8,3.9233688809908926,88,25.74974423517297,5,13,0.38461538461538464
530,10.83013284856861,6,2.9425266607431695,437,25.74718070853176,5,8,0.625
55,1.1238817107005161,12,5.885053321486339,42,25.730746815010342,45,84,0.5357142857142857
597,12.199225114331057,4,1.9616844404954463,37,25.73055934763428,4,8,0.5
428,8.745843130542198,12,5.885053321486339,315,25.72173094294808,7,11,0.6363636363636364
139,2.8403555961340317,12,5.885053321486339,4,25.721076262613888,25,34,0.7352941176470589
391,7.989777252434578,4,1.9616844404954463,98,25.707432662454778,3,12,0.25
129,2.636013466915756,12,5.885053321486339,7,25.697744812344176,14,36,0.3888888888888889
400,8.173685168731026,12,5.885053321486339,17,25.69719345007627,7,12,0.5833333333333334
451,9.215830027744232,8,3.9233688809908926,286,25.696683370717608,6,10,0.6
185,3.7803293905380997,16,7.846737761981785,166,25.69579804430602,14,25,0.56
379,7.7445666973726475,4,1.9616844404954463,207,25.695256746888145,5,12,0.4166666666666667
311,6.355040218688373,8,3.9233688809908926,196,25.694432774353114,9,15,0.6
284,5.803316469799029,8,3.9233688809908926,211,25.691924914268668,13,16,0.8125
363,7.417619290623406,8,3.9233688809908926,352,25.69065589780852,8,12,0.6666666666666666
358,7.315448226014269,6,2.9425266607431695,37,25.687898537124997,6,13,0.46153846153846156
213,4.3524873523492715,12,5.885053321486339,210,25.684227187015107,10,21,0.47619047619047616
478,9.767553776633576,8,3.9233688809908926,270,25.675391400124084,6,10,0.6
606,12.383133030627505,6,2.9425266607431695,588,25.675065642738037,6,7,0.8571428571428571
651,13.302672612109745,3,1.4712633303715847,363,25.67211733415841,3,7,0.42857142857142855
298,6.089395450704615,4,1.9616844404954463,42,25.671732280048413,9,16,0.5625
382,7.80586933613813,6,2.9425266607431695,179,25.66897252783787,5,12,0.4166666666666667
83,1.696039672511688,16,7.846737761981785,45,25.660825465367218,33,56,0.5892857142857143
435,8.888882620994991,8,3.9233688809908926,139,25.648547176256365,10,11,0.9090909090909091
364,7.438053503545234,8,3.9233688809908926,341,25.645548837841737,9,12,0.75
241,4.924645314160443,20,9.808422202477232,1,25.64364962880193,12,20,0.6
602,12.301396178940195,4,1.9616844404954463,7,25.636860675304256,5,8,0.625
644,13.159633121656952,6,2.9425266607431695,398,25.63652412776483,4,7,0.5714285714285714
569,11.627067152519885,8,3.9233688809908926,205,25.635138774238715,6,8,0.75
399,8.153250955809199,6,2.9425266607431695,28,25.63461588891868,7,12,0.5833333333333334
519,10.605356506428507,8,3.9233688809908926,503,25.629966910019018,3,8,0.375
236,4.8224742495513055,12,5.885053321486339,79,25.623855979929367,9,20,0.45
310,6.334606005766545,4,1.9616844404954463,209,25.620968412444796,8,15,0.5333333333333333
631,12.893988353673194,3,1.4712633303715847,463,25.61624455591804,3,7,0.42857142857142855
360,7.356316651857924,4,1.9616844404954463,19,25.61487323988237,7,13,0.5384615384615384
649,13.26180418626609,4,1.9616844404954463,373,25.610715232732492,3,7,0.42857142857142855
376,7.683264058607165,8,3.9233688809908926,233,25.610367728178932,7,12,0.5833333333333334
210,4.291184713583789,20,9.808422202477232,112,25.60750928491577,10,22,0.45454545454545453
639,13.057462057047815,6,2.9425266607431695,424,25.605207294365993,4,7,0.5714285714285714
130,2.6564476798375836,16,7.846737761981785,102,25.60298378650328,16,35,0.45714285714285713
692,14.140475341904676,6,2.9425266607431695,159,25.601714382184028,4,7,0.5714285714285714
133,2.7177503186030663,16,7.846737761981785,27,25.59859790874677,21,35,0.6
327,6.681987625437614,3,1.4712633303715847,22,25.597191495634405,9,15,0.6
542,11.07534340363054,4,1.9616844404954463,366,25.59094070818737,6,8,0.75
722,14.753501729559503,3,1.4712633303715847,8,25.581065057104485,5,7,0.7142857142857143
324,6.620684986672131,4,1.9616844404954463,55,25.578702213851773,9,15,0.6
107,2.1864607826355495,20,9.808422202477232,78,25.577860984414215,24,43,0.5581395348837209
407,8.31672465918382,8,3.9233688809908926,361,25.576744375835318,5,11,0.45454545454545453
647,13.220935760422435,4,1.9616844404954463,383,25.573085731700154,3,7,0.42857142857142855
424,8.664106278854888,6,2.9425266607431695,227,25.56962965409395,9,11,0.8181818181818182
81,1.6551712466680328,16,7.846737761981785,53,25.565996610834095,30,57,0.5263157894736842
157,3.208171428726928,6,2.9425266607431695,8,25.56334205487101,14,30,0.4666666666666667
158,3.2286056416487554,16,7.846737761981785,143,25.562839899365116,14,29,0.4827586206896552
184,3.759895177616272,20,9.808422202477232,121,25.562373603982095,10,25,0.4
623,12.730514650298574,4,1.9616844404954463,503,25.561491609509805,4,7,0.5714285714285714
678,13.85439636099909,4,1.9616844404954463,228,25.55634000121603,3,7,0.42857142857142855
729,14.896541220012296,4,1.9616844404954463,702,25.555317056802366,5,6,0.8333333333333334
245,5.006382165847754,3,1.4712633303715847,186,25.55524418497562,8,19,0.42105263157894735
255,5.210724295066029,8,3.9233688809908926,47,25.549663924528325,8,18,0.4444444444444444
411,8.39846151087113,4,1.9616844404954463,330,25.548790094730663,6,11,0.5454545454545454
256,5.231158507987857,8,3.9233688809908926,33,25.54408688943677,9,18,0.5
446,9.113658963135094,8,3.9233688809908926,49,25.536827721038414,4,11,0.36363636363636365
370,7.560658781076199,6,2.9425266607431695,287,25.532496624100695,7,12,0.5833333333333334
236,4.8224742495513055,16,7.846737761981785,78,25.531871260230137,9,20,0.45
714,14.590028026184882,6,2.9425266607431695,48,25.525214694904818,5,7,0.7142857142857143
232,4.740737397863995,16,7.846737761981785,138,25.518395747983014,11,20,0.55
403,8.234987807496509,6,2.9425266607431695,392,25.510969383358013,5,11,0.45454545454545453
502,10.257974886757438,4,1.9616844404954463,105,25.509290649058503,4,10,0.4
484,9.890159054164542,6,2.9425266607431695,230,25.50569806323587,7,10,0.7
714,14.590028026184882,8,3.9233688809908926,48,25.503648179155782,5,7,0.7142857142857143
192,3.9233688809908926,20,9.808422202477232,119,25.492747757238835,11,24,0.4583333333333333
319,6.5185139220629935,12,5.885053321486339,107,25.490637428854576,10,15,0.6666666666666666
409,8.357593085027474,6,2.9425266607431695,346,25.487028906509497,6,11,0.5454545454545454
626,12.791817289064056,3,1.4712633303715847,488,25.48489454649691,4,7,0.5714285714285714
577,11.790540855894506,6,2.9425266607431695,157,25.481847654561555,8,8,1.0
546,11.157080255317851,4,1.9616844404954463,342,25.47409317742358,6,8,0.75
384,7.846737761981785,12,5.885053321486339,162,25.454683388389878,7,12,0.5833333333333334
308,6.29373757992289,4,1.9616844404954463,231,25.454293410865166,7,15,0.4666666666666667
595,12.158356688487402,3,1.4712633303715847,48,25.45183500102361,4,8,0.5
205,4.189013648974651,16,7.846737761981785,131,25.44864274491788,12,22,0.5454545454545454
239,4.883776888316788,8,3.9233688809908926,33,25.446787548277197,9,20,0.45
130,2.6564476798375836,20,9.808422202477232,97,25.445852837727163,17,35,0.4857142857142857
193,3.94380309391272,6,2.9425266607431695,145,25.44161302328699,14,24,0.5833333333333334
519,10.605356506428507,6,2.9425266607431695,503,25.441013663776285,3,8,0.375
600,12.26052775309654,6,2.9425266607431695,19,25.43456482259017,6,8,0.75
158,3.2286056416487554,20,9.808422202477232,143,25.425990064813213,14,29,0.4827586206896552
384,7.846737761981785,8,3.9233688809908926,161,25.41978591099962,7,12,0.5833333333333334
567,11.58619872667623,4,1.9616844404954463,216,25.41945626685242,6,8,0.75
422,8.623237853011233,8,3.9233688809908926,321,25.415861876456297,3,11,0.2727272727272727
641,13.09833048289147,6,2.9425266607431695,412,25.415430459654296,4,7,0.5714285714285714
318,6.498079709141166,12,5.885053321486339,120,25.41463761188541,10,15,0.6666666666666666
472,9.644948499102611,4,1.9616844404954463,315,25.41342977498191,4,10,0.4
268,5.476369063049788,8,3.9233688809908926,135,25.410904861108065,12,17,0.7058823529411765
534,10.91186970025592,6,2.9425266607431695,414,25.40729123362893,4,8,0.5
674,13.77265950931178,4,1.9616844404954463,249,25.406699024287132,4,7,0.5714285714285714
235,4.802040036629478,12,5.885053321486339,93,25.40661933516068,9,20,0.45
371,7.581092993998027,6,2.9425266607431695,277,25.406479334532317,7,12,0.5833333333333334
241,4.924645314160443,12,5.885053321486339,4,25.40073042664758,12,20,0.6
448,9.15452738897875,8,3.9233688809908926,35,25.400588709190295,5,11,0.45454545454545453
201,4.107276797287341,16,7.846737761981785,200,25.397402602180804,12,23,0.5217391304347826
436,8.909316833916819,8,3.9233688809908926,131,25.392645566081157,10,11,0.9090909090909091
354,7.233711374326958,20,9.808422202477232,217,25.392261528752098,7,13,0.5384615384615384
442,9.031922111447784,6,2.9425266607431695,81,25.390443286179835,5,11,0.45454545454545453
55,1.1238817107005161,8,3.9233688809908926,44,25.385799794489014,48,84,0.5714285714285714
469,9.583645860337128,8,3.9233688809908926,234,25.382709945832524,4,10,0.4
263,5.37419799844065,4,1.9616844404954463,199,25.37333193452139,8,17,0.47058823529411764
129,2.636013466915756,20,9.808422202477232,91,25.36935733771745,20,36,0.5555555555555556
255,5.210724295066029,16,7.846737761981785,47,25.365612515394197,7,18,0.3888888888888889
256,5.231158507987857,20,9.808422202477232,69,25.36263130848346,11,18,0.6111111111111112
733,14.978278071699606,3,1.4712633303715847,686,25.361595081800683,4,6,0.6666666666666666
207,4.229882074818306,12,5.885053321486339,99,25.35890120685961,11,22,0.5
235,4.802040036629478,20,9.808422202477232,0,25.353083336689632,10,20,0.5
421,8.602803640089405,8,3.9233688809908926,248,25.35263266742412,8,11,0.7272727272727273
258,5.272026933831512,20,9.808422202477232,220,25.348699965078744,8,18,0.4444444444444444
707,14.446988535732089,4,1.9616844404954463,84,25.348441339099193,5,7,0.7142857142857143
342,6.9885008192650275,6,2.9425266607431695,198,25.344678301621492,6,13,0.46153846153846156
279,5.701145405189891,6,2.9425266607431695,271,25.343317881101257,11,16,0.6875
292,5.966790173173649,16,7.846737761981785,190,25.340596646779954,4,16,0.25
405,8.275856233340164,8,3.9233688809908926,377,25.33996584414078,5,11,0.45454545454545453
645,13.18006733457878,4,1.9616844404954463,393,25.336633650529656,3,7,0.42857142857142855
378,7.72413248445082,12,5.885053321486339,213,25.336364191336187,6,12,0.5
372,7.6015272069198545,4,1.9616844404954463,271,25.322276246378966,7,12,0.5833333333333334
355,7.254145587248786,20,9.808422202477232,225,25.315507705811193,7,13,0.5384615384615384
581,11.872277707581816,4,1.9616844404954463,133,25.315246644287264,7,8,0.875
277,5.660276979346236,8,3.9233688809908926,18,25.30053118802568,12,17,0.7058823529411765
509,10.401014377210231,4,1.9616844404954463,56,25.279171989551482,4,9,0.4444444444444444
500,10.217106460913783,4,1.9616844404954463,115,25.267025179522598,6,10,0.6
688,14.058738490217365,4,1.9616844404954463,178,25.262211360527086,6,7,0.8571428571428571
200,4.086842584365513,12,5.885053321486339,19,25.260190411253113,13,24,0.5416666666666666
244,4.985947952925926,4,1.9616844404954463,199,25.258052081833775,10,19,0.5263157894736842
345,7.04980345803051,6,2.9425266607431695,169,25.252846609035114,6,13,0.46153846153846156
152,3.10600036411779,8,3.9233688809908926,119,25.247682464347776,23,30,0.7666666666666667
270,5.517237488893443,8,3.9233688809908926,107,25.244274717611727,12,17,0.7058823529411765
321,6.559382347906649,6,2.9425266607431695,86,25.241899710652998,10,15,0.6666666666666666
682,13.9361332126864,4,1.9616844404954463,209,25.24158724945683,3,7,0.42857142857142855
354,7.233711374326958,16,7.846737761981785,79,25.23842751457507,7,13,0.5384615384615384
485,9.91059326708637,6,2.9425266607431695,221,25.229287748489913,6,10,0.6
404,8.255422020418337,8,3.9233688809908926,386,25.22752374571331,4,11,0.36363636363636365
537,10.973172339021403,4,1.9616844404954463,396,25.1981669060056,7,8,0.875
116,2.3703686989319976,6,2.9425266607431695,23,25.195502062317587,23,40,0.575
415,8.48019836255844,6,2.9425266607431695,296,25.194776640347005,8,11,0.7272727272727273
723,14.77393594248133,4,1.9616844404954463,4,25.18741106228606,5,7,0.7142857142857143
619,12.648777798611263,3,1.4712633303715847,523,25.186727149538807,3,7,0.42857142857142855
711,14.5287253874194,8,3.9233688809908926,64,25.174644540760898,5,7,0.7142857142857143
116,2.3703686989319976,8,3.9233688809908926,21,25.172777955589336,23,40,0.575
636,12.996159418282332,4,1.9616844404954463,438,25.172391831783816,4,7,0.5714285714285714
581,11.872277707581816,3,1.4712633303715847,133,25.166619059151873,7,8,0.875
713,14.569593813263054,8,3.9233688809908926,54,25.163739397954455,5,7,0.7142857142857143
435,8.888882620994991,6,2.9425266607431695,139,25.16350260837582,10,11,0.9090909090909091
248,5.067684804613236,3,1.4712633303715847,147,25.161513842061538,10,19,0.5263157894736842
680,13.895264786842745,3,1.4712633303715847,218,25.159016217847608,3,7,0.42857142857142855
340,6.947632393421372,6,2.9425266607431695,219,25.145553803768554,7,13,0.5384615384615384
706,14.426554322810262,4,1.9616844404954463,89,25.145419166334424,4,7,0.5714285714285714
266,5.4355006372061325,12,5.885053321486339,160,25.139432468549888,9,17,0.5294117647058824
520,10.625790719350334,4,1.9616844404954463,498,25.1389281611568,3,8,0.375
504,10.298843312601093,3,1.4712633303715847,90,25.13873578406332,3,10,0.3
715,14.61046223910671,6,2.9425266607431695,42,25.135914414413485,5,7,0.7142857142857143
284,5.803316469799029,20,9.808422202477232,211,25.130299394129597,13,16,0.8125
108,2.206894995557377,8,3.9233688809908926,54,25.130228492207014,29,43,0.6744186046511628
214,4.372921565271099,20,9.808422202477232,74,25.127497878819476,11,22,0.5
524,10.707527571037645,4,1.9616844404954463,474,25.12424991069471,3,8,0.375
213,4.3524873523492715,8,3.9233688809908926,210,25.116350578299702,10,21,0.47619047619047616
299,6.109829663626442,6,2.9425266607431695,31,25.11182213220061,9,16,0.5625
122,2.492973976462963,6,2.9425266607431695,77,25.106025788556465,21,38,0.5526315789473685
149,3.0446977253523073,16,7.846737761981785,43,25.10441082146493,14,31,0.45161290322580644
478,9.767553776633576,12,5.885053321486339,272,25.101834288871597,6,10,0.6
393,8.030645678278233,3,1.4712633303715847,81,25.099981832460745,6,12,0.5
423,8.64367206593306,6,2.9425266607431695,233,25.079525815987573,7,11,0.6363636363636364
466,9.522343221571646,8,3.9233688809908926,357,25.07555481395772,6,10,0.6
646,13.200501547500608,3,1.4712633303715847,388,25.065183545884274,3,7,0.42857142857142855
662,13.527448954249849,3,1.4712633303715847,308,25.060069587564172,3,7,0.42857142857142855
227,4.6385663332548575,12,5.885053321486339,55,25.058985576523963,12,21,0.5714285714285714
367,7.499356142310717,6,2.9425266607431695,316,25.047936567072806,6,12,0.5
675,13.793093722233607,4,1.9616844404954463,244,25.047815033969158,4,7,0.5714285714285714
574,11.729238217129023,6,2.9425266607431695,175,25.04679033302571,8,8,1.0
572,11.688369791285368,6,2.9425266607431695,187,25.043820164407624,7,8,0.875
431,8.807145769307681,16,7.846737761981785,289,25.041259464223437,8,11,0.7272727272727273
375,7.662829845685337,6,2.9425266607431695,244,25.04027051148803,7,12,0.5833333333333334
718,14.671764877872192,4,1.9616844404954463,28,25.02928385299922,5,7,0.7142857142857143
359,7.335882438936096,4,1.9616844404954463,28,25.02928385299922,5,13,0.38461538461538464
180,3.678158325928962,4,1.9616844404954463,19,25.027158787289125,16,26,0.6153846153846154
232,4.740737397863995,12,5.885053321486339,136,25.02704850217278,11,20,0.55
610,12.464869882314815,6,2.9425266607431695,565,25.02533255773041,4,7,0.5714285714285714
147,3.003829299508652,20,9.808422202477232,31,25.025227962551295,14,32,0.4375
529,10.809698635646782,12,5.885053321486339,445,25.01255588850819,4,8,0.5
596,12.17879090140923,3,1.4712633303715847,42,25.011895344730398,4,8,0.5
292,5.966790173173649,20,9.808422202477232,189,25.00627835319462,4,16,0.25
683,13.956567425608227,4,1.9616844404954463,203,25.006248034465887,3,7,0.42857142857142855
55,1.1238817107005161,16,7.846737761981785,42,25.00252328077486,45,84,0.5357142857142857
303,6.1915665153137525,6,2.9425266607431695,285,24.999488513961335,11,15,0.7333333333333333
565,11.545330300832575,4,1.9616844404954463,228,24.990549465311176,6,8,0.75
162,3.3103424933360657,6,2.9425266607431695,55,24.96652421497591,17,29,0.5862068965517241
243,4.9655137400040985,4,1.9616844404954463,216,24.965646778872657,10,19,0.5263157894736842
432,8.827579982229508,12,5.885053321486339,273,24.95460915415549,8,11,0.7272727272727273
731,14.93740964585595,4,1.9616844404954463,695,24.953519041882046,5,6,0.8333333333333334
239,4.883776888316788,6,2.9425266607431695,32,24.950435015225523,9,20,0.45
479,9.787987989555404,6,2.9425266607431695,266,24.949312289717778,7,10,0.7
474,9.685816924946266,4,1.9616844404954463,301,24.94799526891879,3,10,0.3
429,8.766277343464026,16,7.846737761981785,305,24.946435713301987,7,11,0.6363636363636364
447,9.134093176056922,8,3.9233688809908926,43,24.937383967416196,5,11,0.45454545454545453
516,10.544053867663024,4,1.9616844404954463,6,24.93470526065445,3,9,0.3333333333333333
478,9.767553776633576,16,7.846737761981785,269,24.931481101375915,6,10,0.6
224,4.577263694489375,16,7.846737761981785,31,24.929483480143418,10,21,0.47619047619047616
419,8.56193521424575,4,1.9616844404954463,267,24.925529840872162,7,11,0.6363636363636364
547,11.177514468239679,3,1.4712633303715847,336,24.92344695133838,6,8,0.75
576,11.770106642972678,6,2.9425266607431695,162,24.92121894907552,8,8,1.0
538,10.99360655194323,4,1.9616844404954463,390,24.90656759818532,5,8,0.625
186,3.8007636034599273,8,3.9233688809908926,83,24.90367024219493,14,25,0.56
630,12.873554140751367,4,1.9616844404954463,468,24.900490102313228,4,7,0.5714285714285714
557,11.381856597457954,6,2.9425266607431695,275,24.89730202673118,6,8,0.75
366,7.478921929388889,6,2.9425266607431695,323,24.888867273828343,8,12,0.6666666666666666
242,4.945079527082271,12,5.885053321486339,231,24.8885007596018,11,19,0.5789473684210527
624,12.750948863220401,4,1.9616844404954463,499,24.88236669936943,4,7,0.5714285714285714
605,12.362698817705677,4,1.9616844404954463,593,24.880889444033375,6,7,0.8571428571428571
387,7.908040400747268,4,1.9616844404954463,135,24.880145546920453,5,12,0.4166666666666667
732,14.957843858777778,4,1.9616844404954463,690,24.872568625316063,5,6,0.8333333333333334
190,3.8825004551472375,16,7.846737761981785,8,24.871459002094177,10,25,0.4
211,4.311618926505616,8,3.9233688809908926,30,24.87075126308485,11,22,0.5
168,3.432947770867031,12,5.885053321486339,90,24.869521796038526,16,28,0.5714285714285714
315,6.436777070375683,6,2.9425266607431695,152,24.86923092485428,8,15,0.5333333333333333
197,4.0255399456000305,3,1.4712633303715847,70,24.865980100593195,13,24,0.5416666666666666
616,12.58747515984578,3,1.4712633303715847,538,24.86363105561832,3,7,0.42857142857142855
632,12.914422566595022,3,1.4712633303715847,458,24.862155187155835,3,7,0.42857142857142855
478,9.767553776633576,6,2.9425266607431695,271,24.861380474426415,6,10,0.6
221,4.515961055723892,4,1.9616844404954463,82,24.857647061315866,10,21,0.47619047619047616
510,10.421448590132059,4,1.9616844404954463,49,24.854702043148155,4,9,0.4444444444444444
515,10.523619654741196,6,2.9425266607431695,13,24.852965866014003,4,9,0.4444444444444444
703,14.365251684044779,4,1.9616844404954463,103,24.85088333230154,4,7,0.5714285714285714
295,6.028092811939132,8,3.9233688809908926,78,24.8392891507613,7,16,0.4375
293,5.987224386095477,12,5.885053321486339,102,24.8385070299518,10,16,0.625
540,11.034474977786886,4,1.9616844404954463,378,24.83664197807232,6,8,0.75
212,4.332053139427444,12,5.885053321486339,15,24.834008652528027,13,22,0.5909090909090909
598,12.219659327252884,4,1.9616844404954463,31,24.833987194046486,4,8,0.5
353,7.213277161405131,6,2.9425266607431695,89,24.83366015152271,5,13,0.38461538461538464
149,3.0446977253523073,12,5.885053321486339,43,24.82649451853548,14,31,0.45161290322580644
61,1.2464869882314815,8,3.9233688809908926,16,24.81779543474507,40,76,0.5263157894736842
465,9.501909008649818,4,1.9616844404954463,364,24.817185198328502,6,10,0.6
83,1.696039672511688,12,5.885053321486339,50,24.814282539539043,33,56,0.5892857142857143
413,8.439329936714785,4,1.9616844404954463,315,24.811841369103067,6,11,0.5454545454545454
698,14.263080619435641,3,1.4712633303715847,128,24.810995898459538,5,7,0.7142857142857143
585,11.954014559269126,8,3.9233688809908926,106,24.806519811347687,6,8,0.75
536,10.952738126099575,4,1.9616844404954463,403,24.798734385948954,6,8,0.75
110,2.2477634214010322,6,2.9425266607431695,97,24.797136870054103,22,42,0.5238095238095238
584,11.933580346347298,6,2.9425266607431695,113,24.792237597501092,7,8,0.875
420,8.582369427167578,4,1.9616844404954463,259,24.79218470765788,8,11,0.7272727272727273
81,1.6551712466680328,20,9.808422202477232,48,24.79094563644908,29,57,0.5087719298245614
93,1.9003818017299636,8,3.9233688809908926,83,24.787893532998947,29,49,0.5918367346938775
694,14.18134376774833,4,1.9616844404954463,148,24.77727772882883,5,7,0.7142857142857143
454,9.277132666509715,8,3.9233688809908926,441,24.763198557046902,8,10,0.8
549,11.218382894083334,3,1.4712633303715847,324,24.759425703689484,6,8,0.75
640,13.077896269969642,4,1.9616844404954463,419,24.7589188408699,4,7,0.5714285714285714
346,7.070237670952338,6,2.9425266607431695,159,24.756415318976643,6,13,0.46153846153846156
530,10.83013284856861,20,9.808422202477232,435,24.754547556681366,5,8,0.625
167,3.4125135579452035,12,5.885053321486339,92,24.754141886070183,16,28,0.5714285714285714
151,3.0855661511959624,6,2.9425266607431695,145,24.75334467811523,22,30,0.7333333333333333
689,14.079172703139193,4,1.9616844404954463,173,24.74584613363094,5,7,0.7142857142857143
383,7.826303549059958,8,3.9233688809908926,172,24.74341217790411,6,12,0.5
571,11.66793557836354,6,2.9425266607431695,191,24.738848613412223,7,8,0.875
171,3.4942504096325138,16,7.846737761981785,26,24.7387817231427,16,27,0.5925925925925926
161,3.289908280414238,20,9.808422202477232,76,24.737832930765833,19,29,0.6551724137931034
183,3.7394609646944446,6,2.9425266607431695,140,24.73618224503845,14,25,0.56
355,7.254145587248786,12,5.885053321486339,69,24.732620165025793,7,13,0.5384615384615384
404,8.255422020418337,6,2.9425266607431695,385,24.727208791519757,5,11,0.45454545454545453
256,5.231158507987857,12,5.885053321486339,32,24.72561899928612,9,18,0.5
134,2.738184531524894,16,7.846737761981785,133,24.721852252733722,19,34,0.5588235294117647
599,12.240093540174712,4,1.9616844404954463,25,24.72148951412557,5,8,0.625
548,11.197948681161506,3,1.4712633303715847,330,24.71584924286355,6,8,0.75
457,9.338435305275198,8,3.9233688809908926,272,24.714327327306822,7,10,0.7
468,9.5632116474153,8,3.9233688809908926,343,24.714163874207248,8,10,0.8
213,4.3524873523492715,16,7.846737761981785,209,24.710035633077567,10,21,0.47619047619047616
681,13.915698999764572,4,1.9616844404954463,213,24.70742017857311,3,7,0.42857142857142855
212,4.332053139427444,16,7.846737761981785,159,24.707020112225777,12,22,0.5454545454545454
378,7.72413248445082,16,7.846737761981785,212,24.70683088973676,6,12,0.5
563,11.50446187498892,6,2.9425266607431695,240,24.704846923640478,7,8,0.875
153,3.1264345770396176,12,5.885053321486339,99,24.70484604594984,20,30,0.6666666666666666
582,11.892711920503643,4,1.9616844404954463,126,24.69488028513097,7,8,0.875
483,9.869724841242714,6,2.9425266607431695,236,24.68333752868699,8,10,0.8
138,2.819921383212204,8,3.9233688809908926,30,24.678657046402485,21,34,0.6176470588235294
615,12.567040946923953,3,1.4712633303715847,543,24.669867986023327,4,7,0.5714285714285714
552,11.279685532848816,3,1.4712633303715847,306,24.668250596241847,4,8,0.5
449,9.174961601900577,8,3.9233688809908926,299,24.66711343922794,6,10,0.6
249,5.088119017535064,3,1.4712633303715847,133,24.66418889048628,11,19,0.5789473684210527
622,12.710080437376746,4,1.9616844404954463,509,24.662604791095234,4,7,0.5714285714285714
361,7.376750864779751,3,1.4712633303715847,9,24.662294095655383,7,13,0.5384615384615384
333,6.804592902968579,3,1.4712633303715847,288,24.65596925933563,6,14,0.42857142857142855
79,1.6143028208243777,6,2.9425266607431695,64,24.652888192249183,30,58,0.5172413793103449
192,3.9233688809908926,16,7.846737761981785,109,24.65017781042074,12,24,0.5
417,8.521066788402095,6,2.9425266607431695,281,24.649943407243335,9,11,0.8181818181818182
445,9.093224750213267,6,2.9425266607431695,56,24.638592230899125,4,11,0.36363636363636365
710,14.508291174497572,6,2.9425266607431695,68,24.638188493282282,5,7,0.7142857142857143
463,9.461040582806163,8,3.9233688809908926,375,24.63237835944538,6,10,0.6
412,8.418895723792957,4,1.9616844404954463,322,24.629093740217904,5,11,0.45454545454545453
560,11.443159236223437,6,2.9425266607431695,259,24.628021522579807,7,8,0.875
699,14.283514832357469,4,1.9616844404954463,123,24.622161179988712,5,7,0.7142857142857143
386,7.88760618782544,4,1.9616844404954463,145,24.622138943834603,5,12,0.4166666666666667
556,11.361422384536127,6,2.9425266607431695,283,24.616302394811488,6,8,0.75
164,3.351210919179721,3,1.4712633303715847,8,24.61596887198374,15,29,0.5172413793103449
460,9.39973794404068,8,3.9233688809908926,397,24.613626389995517,6,10,0.6
466,9.522343221571646,6,2.9425266607431695,357,24.609008267243766,6,10,0.6
575,11.74967243005085,6,2.9425266607431695,168,24.608712914945936,8,8,1.0
201,4.107276797287341,20,9.808422202477232,200,24.60490568182511,11,23,0.4782608695652174
726,14.835238581246813,4,1.9616844404954463,714,24.602018612237753,5,6,0.8333333333333334
308,6.29373757992289,3,1.4712633303715847,230,24.599588130418365,7,15,0.4666666666666667
402,8.214553594574681,4,1.9616844404954463,0,24.5968348650028,6,12,0.5
127,2.595145041072101,8,3.9233688809908926,63,24.59466415111542,15,36,0.4166666666666667
319,6.5185139220629935,8,3.9233688809908926,110,24.58256091669676,10,15,0.6666666666666666
621,12.689646224454918,4,1.9616844404954463,513,24.580252531709633,4,7,0.5714285714285714
669,13.670488444702642,3,1.4712633303715847,271,24.580101404992604,3,7,0.42857142857142855
139,2.8403555961340317,16,7.846737761981785,5,24.577121949334213,25,34,0.7352941176470589
481,9.82885641539906,6,2.9425266607431695,252,24.574774428469098,8,10,0.8
604,12.34226460478385,4,1.9616844404954463,599,24.570792714105906,6,7,0.8571428571428571
583,11.913146133425471,12,5.885053321486339,119,24.56881599169148,7,8,0.875
453,9.256698453587887,6,2.9425266607431695,447,24.567150959788503,8,10,0.8
274,5.598974340580753,4,1.9616844404954463,56,24.565850655996023,11,17,0.6470588235294118
650,13.282238399187918,3,1.4712633303715847,368,24.563089937124825,3,7,0.42857142857142855
475,9.706251137868094,12,5.885053321486339,217,24.56034674322551,6,10,0.6
695,14.201777980670158,4,1.9616844404954463,144,24.551937660145782,5,7,0.7142857142857143
330,6.743290264203097,3,1.4712633303715847,319,24.54784694776357,8,14,0.5714285714285714
355,7.254145587248786,16,7.846737761981785,68,24.547276676135716,7,13,0.5384615384615384
334,6.825027115890407,6,2.9425266607431695,279,24.5448078886975,7,14,0.5
573,11.708804004207195,8,3.9233688809908926,181,24.542527021094603,8,8,1.0
337,6.88632975465589,6,2.9425266607431695,248,24.53721130240645,8,14,0.5714285714285714
235,4.802040036629478,8,3.9233688809908926,94,24.52195727936595,10,20,0.5
544,11.116211829474196,4,1.9616844404954463,354,24.51662990532058,7,8,0.875
459,9.379303731118853,8,3.9233688809908926,404,24.503991998774787,7,10,0.7
312,6.3754744316102006,6,2.9425266607431695,187,24.502916853351046,9,15,0.6
397,8.112382529965544,3,1.4712633303715847,45,24.500222998780625,7,12,0.5833333333333334
527,10.768830209803127,4,1.9616844404954463,457,24.49578489500469,4,8,0.5
398,8.132816742887371,3,1.4712633303715847,37,24.493123142059492,7,12,0.5833333333333334
190,3.8825004551472375,12,5.885053321486339,8,24.490137592063327,10,25,0.4
523,10.687093358115817,8,3.9233688809908926,476,24.48117358467174,3,8,0.375
72,1.4712633303715847,20,9.808422202477232,56,24.479828489917374,36,64,0.5625
635,12.975725205360504,3,1.4712633303715847,443,24.477247319272323,3,7,0.42857142857142855
460,9.39973794404068,6,2.9425266607431695,397,24.470488430796614,6,10,0.6
202,4.127711010209168,16,7.846737761981785,185,24.455664846614802,11,23,0.4782608695652174
184,3.759895177616272,16,7.846737761981785,121,24.454572677642826,10,25,0.4
215,4.393355778192927,12,5.885053321486339,177,24.452992420820703,12,21,0.5714285714285714
521,10.646224932272162,4,1.9616844404954463,492,24.451955990859624,3,8,0.375
708,14.467422748653917,4,1.9616844404954463,79,24.447235242203977,5,7,0.7142857142857143
118,2.4112371247756528,12,5.885053321486339,111,24.446339522965523,22,39,0.5641025641025641
369,7.540224568154372,4,1.9616844404954463,298,24.44323500997506,7,12,0.5833333333333334
525,10.727961783959472,4,1.9616844404954463,469,24.438715828877687,3,8,0.375
262,5.353763785518822,6,2.9425266607431695,212,24.436787445567187,8,17,0.47058823529411764
256,5.231158507987857,6,2.9425266607431695,33,24.42264966451258,9,18,0.5
265,5.415066424284305,8,3.9233688809908926,173,24.418824079571632,10,17,0.5882352941176471
201,4.107276797287341,12,5.885053321486339,1,24.41465579934712,12,24,0.5
236,4.8224742495513055,8,3.9233688809908926,78,24.405449050665784,9,20,0.45
319,6.5185139220629935,6,2.9425266607431695,110,24.404370678098317,10,15,0.6666666666666666
76,1.553000182058895,8,3.9233688809908926,46,24.403341375788372,34,61,0.5573770491803278
642,13.118764695813297,4,1.9616844404954463,408,24.401273162544726,4,7,0.5714285714285714
188,3.8416320293035824,12,5.885053321486339,45,24.382718004091938,12,25,0.48
518,10.58492229350668,6,2.9425266607431695,509,24.38018648743316,3,8,0.375
582,11.892711920503643,6,2.9425266607431695,127,24.379742636009862,7,8,0.875
354,7.233711374326958,8,3.9233688809908926,79,24.375639246015087,7,13,0.5384615384615384
389,7.948908826590923,6,2.9425266607431695,97,24.370008492636483,5,12,0.4166666666666667
148,3.0242635124304798,6,2.9425266607431695,63,24.367563176295267,12,31,0.3870967741935484
725,14.814804368324985,4,1.9616844404954463,718,24.366120021889866,5,6,0.8333333333333334
686,14.01787006437371,4,1.9616844404954463,188,24.36224017077776,5,7,0.7142857142857143
364,7.438053503545234,6,2.9425266607431695,339,24.349937168740507,9,12,0.75
452,9.23626424066606,8,3.9233688809908926,3,24.34119182213519,7,11,0.6363636363636364
114,2.3295002730883425,20,9.808422202477232,46,24.33962922397817,21,41,0.5121951219512195
377,7.703698271528992,6,2.9425266607431695,226,24.338286928484706,7,12,0.5833333333333334
223,4.556829481567547,8,3.9233688809908926,48,24.32575795885301,9,21,0.42857142857142855
278,5.680711192268063,8,3.9233688809908926,3,24.320123159525092,12,17,0.7058823529411765
406,8.296290446261992,6,2.9425266607431695,371,24.31677912773908,5,11,0.45454545454545453
264,5.394632211362477,8,3.9233688809908926,185,24.315506794853288,9,17,0.5294117647058824
550,11.238817107005161,3,1.4712633303715847,316,24.30860054882179,5,8,0.625
410,8.378027297949302,4,1.9616844404954463,338,24.302128185925987,6,11,0.5454545454545454
555,11.340988171614299,4,1.9616844404954463,289,24.30177397905423,6,8,0.75
174,3.5555530483979965,20,9.808422202477232,133,24.301396609063502,12,26,0.46153846153846156
49,1.0012764331695507,12,5.885053321486339,32,24.300694680727783,48,94,0.5106382978723404
584,11.933580346347298,8,3.9233688809908926,114,24.300625129640753,7,8,0.875
668,13.650054231780814,3,1.4712633303715847,278,24.29602894344309,3,7,0.42857142857142855
314,6.416342857453856,4,1.9616844404954463,165,24.2890222560339,8,15,0.5333333333333333
676,13.813527935155435,4,1.9616844404954463,237,24.28877416942124,4,7,0.5714285714285714
104,2.125158143870067,12,5.885053321486339,81,24.28768883525519,24,44,0.5454545454545454
336,6.865895541734062,6,2.9425266607431695,257,24.284540030342498,8,14,0.5714285714285714
696,14.222212193591986,3,1.4712633303715847,138,24.27778196508851,5,7,0.7142857142857143
377,7.703698271528992,4,1.9616844404954463,226,24.26978178202405,7,12,0.5833333333333334
559,11.42272502330161,4,1.9616844404954463,264,24.266421428982103,6,8,0.75
409,8.357593085027474,4,1.9616844404954463,347,24.258542962244494,6,11,0.5454545454545454
469,9.583645860337128,6,2.9425266607431695,335,24.25814089505063,6,10,0.6
611,12.485304095236643,4,1.9616844404954463,564,24.256650237458853,5,7,0.7142857142857143
232,4.740737397863995,8,3.9233688809908926,136,24.255503456849965,11,20,0.55
679,13.874830573920917,3,1.4712633303715847,223,24.25227434997823,3,7,0.42857142857142855
108,2.206894995557377,6,2.9425266607431695,55,24.247916849807947,29,43,0.6744186046511628
666,13.609185805937159,3,1.4712633303715847,289,24.243329715072985,4,7,0.5714285714285714
129,2.636013466915756,8,3.9233688809908926,7,24.228365809648164,14,36,0.3888888888888889
477,9.747119563711749,16,7.846737761981785,308,24.22571224230497,4,10,0.4
587,11.994882985112781,3,1.4712633303715847,96,24.21776652021546,3,8,0.375
237,4.842908462473133,6,2.9425266607431695,64,24.217250493362418,8,20,0.4
532,10.871001274412265,8,3.9233688809908926,427,24.217011456912477,5,8,0.625
508,10.380580164288403,3,1.4712633303715847,62,24.208865397243166,3,9,0.3333333333333333
380,7.765000910294475,6,2.9425266607431695,199,24.208062939080488,5,12,0.4166666666666667
641,13.09833048289147,4,1.9616844404954463,413,24.202866319405288,4,7,0.5714285714285714
318,6.498079709141166,8,3.9233688809908926,118,24.20053255429376,10,15,0.6666666666666666
174,3.5555530483979965,16,7.846737761981785,139,24.19918881663182,13,26,0.5
569,11.627067152519885,6,2.9425266607431695,205,24.19877670690492,6,8,0.75
704,14.385685896966606,4,1.9616844404954463,99,24.195508769494744,4,7,0.5714285714285714
717,14.651330664950365,4,1.9616844404954463,34,24.191798858586075,5,7,0.7142857142857143
728,14.876107007090468,4,1.9616844404954463,706,24.188598708001994,5,6,0.8333333333333334
300,6.13026387654827,6,2.9425266607431695,19,24.187411331534673,10,16,0.625
240,4.904211101238616,20,9.808422202477232,48,24.186329301426113,10,20,0.5
261,5.333329572596995,4,1.9616844404954463,225,24.18550657175213,7,17,0.4117647058823529
255,5.210724295066029,20,9.808422202477232,47,24.18090137666575,7,18,0.3888888888888889
528,10.789264422724955,4,1.9616844404954463,451,24.17467960186999,4,8,0.5
363,7.417619290623406,6,2.9425266607431695,352,24.174108791337403,8,12,0.6666666666666666
589,12.035751410956436,3,1.4712633303715847,85,24.168289241048576,3,8,0.375
551,11.259251319926989,3,1.4712633303715847,311,24.167889342255524,5,8,0.625
430,8.786711556385853,12,5.885053321486339,177,24.16570176780858,11,11,1.0
405,8.275856233340164,6,2.9425266607431695,379,24.163182361240246,4,11,0.36363636363636365
427,8.72540891762037,8,3.9233688809908926,203,24.15666609933454,9,11,0.8181818181818182
139,2.8403555961340317,8,3.9233688809908926,3,24.155006226883152,26,34,0.7647058823529411
529,10.809698635646782,8,3.9233688809908926,444,24.150705413641237,4,8,0.5
172,3.5146846225543413,20,9.808422202477232,43,24.14509050698887,14,27,0.5185185185185185
295,6.028092811939132,6,2.9425266607431695,79,24.144519630317433,7,16,0.4375
111,2.26819763432286,16,7.846737761981785,67,24.13632804821114,23,42,0.5476190476190477
505,10.31927752552292,3,1.4712633303715847,83,24.133660642940356,3,10,0.3
400,8.173685168731026,8,3.9233688809908926,19,24.13360987108846,7,12,0.5833333333333334
570,11.647501365441713,8,3.9233688809908926,199,24.132029358048964,6,8,0.75
257,5.251592720909684,12,5.885053321486339,21,24.12494812649796,9,18,0.5
100,2.0434212921827566,20,9.808422202477232,14,24.12134783267726,26,47,0.5531914893617021
421,8.602803640089405,6,2.9425266607431695,251,24.11718238794992,8,11,0.7272727272727273
77,1.5734343949807226,12,5.885053321486339,72,24.112853289103693,29,60,0.48333333333333334
534,10.91186970025592,4,1.9616844404954463,415,24.10843806055806,4,8,0.5
241,4.924645314160443,8,3.9233688809908926,3,24.106615281749868,12,20,0.6
629,12.853119927829539,4,1.9616844404954463,473,24.106130905695217,4,7,0.5714285714285714
256,5.231158507987857,16,7.846737761981785,34,24.1047566035219,9,18,0.5
255,5.210724295066029,6,2.9425266607431695,48,24.102452476304848,8,18,0.4444444444444444
443,9.052356324369612,6,2.9425266607431695,73,24.10120994763873,5,11,0.45454545454545453
133,2.7177503186030663,12,5.885053321486339,27,24.090040245140383,21,35,0.6
129,2.636013466915756,16,7.846737761981785,7,24.087471525291566,14,36,0.3888888888888889
201,4.107276797287341,6,2.9425266607431695,1,24.086022893346072,12,24,0.5
486,9.931027480008197,3,1.4712633303715847,216,24.07725686615809,6,10,0.6
276,5.639842766424408,4,1.9616844404954463,30,24.075691792238075,9,17,0.5294117647058824
205,4.189013648974651,12,5.885053321486339,131,24.065039697330203,12,22,0.5454545454545454
212,4.332053139427444,8,3.9233688809908926,14,24.063295622376266,13,22,0.5909090909090909
289,5.9054875344081665,12,5.885053321486339,190,24.051264291274038,11,16,0.6875
721,14.733067516637675,4,1.9616844404954463,14,24.047548861350947,6,7,0.8571428571428571
714,14.590028026184882,4,1.9616844404954463,49,24.04446339656706,5,7,0.7142857142857143
712,14.549159600341227,8,3.9233688809908926,56,24.036993071595038,6,7,0.8571428571428571
356,7.2745798001706135,20,9.808422202477232,221,24.034595400170552,8,13,0.6153846153846154
433,8.848014195151336,8,3.9233688809908926,152,24.02822831755102,11,11,1.0
348,7.111106096795993,3,1.4712633303715847,138,24.02622623303837,7,13,0.5384615384615384
591,12.076619836800091,3,1.4712633303715847,72,24.024476159414423,4,8,0.5
257,5.251592720909684,8,3.9233688809908926,19,24.02245124143651,8,18,0.4444444444444444
693,14.160909554826503,4,1.9616844404954463,154,24.01994187392058,4,7,0.5714285714285714
163,3.3307767062578932,3,1.4712633303715847,32,24.01850360399998,13,29,0.4482758620689655
132,2.6973161056812387,6,2.9425266607431695,54,24.016260618293487,17,35,0.4857142857142857
269,5.496803275971615,8,3.9233688809908926,122,24.014778971958787,11,17,0.6470588235294118
232,4.740737397863995,20,9.808422202477232,137,24.011367505713153,11,20,0.55
137,2.7994871702903765,20,9.808422202477232,47,24.011243700365004,20,34,0.5882352941176471
446,9.113658963135094,6,2.9425266607431695,48,24.008263017826682,4,11,0.36363636363636365
503,10.278409099679266,3,1.4712633303715847,97,24.007347454889533,3,10,0.3
476,9.726685350789921,8,3.9233688809908926,287,24.004389763910897,6,10,0.6
673,13.752225296389952,4,1.9616844404954463,254,24.003819112164567,4,7,0.5714285714285714
131,2.676881892759411,6,2.9425266607431695,80,23.99792417706505,18,35,0.5142857142857142
253,5.169855869222374,4,1.9616844404954463,76,23.99672480488955,8,19,0.42105263157894735
373,7.621961419841682,4,1.9616844404954463,261,23.99462967500529,6,12,0.5
156,3.1877372158051003,12,5.885053321486339,90,23.994037510441043,19,30,0.6333333333333333
666,13.609185805937159,4,1.9616844404954463,289,23.988650981884113,4,7,0.5714285714285714
637,13.01659363120416,4,1.9616844404954463,434,23.98043510715931,4,7,0.5714285714285714
293,5.987224386095477,16,7.846737761981785,102,23.961665793846727,10,16,0.625
687,14.038304277295538,4,1.9616844404954463,183,23.957819305773185,6,7,0.8571428571428571
643,13.139198908735125,4,1.9616844404954463,403,23.947057507403436,4,7,0.5714285714285714
275,5.619408553502581,4,1.9616844404954463,41,23.94676217894351,11,17,0.6470588235294118
541,11.054909190708713,3,1.4712633303715847,372,23.941465695694514,6,8,0.75
192,3.9233688809908926,12,5.885053321486339,108,23.940446016546808,13,24,0.5416666666666666
408,8.337158872105647,4,1.9616844404954463,355,23.933467806780122,5,11,0.45454545454545453
724,14.794370155403158,4,1.9616844404954463,723,23.931448050288832,5,6,0.8333333333333334
476,9.726685350789921,12,5.885053321486339,286,23.92290620189661,6,10,0.6
440,8.991053685604129,6,2.9425266607431695,97,23.91277765879539,6,11,0.5454545454545454
83,1.696039672511688,20,9.808422202477232,47,23.911438686189705,31,56,0.5535714285714286
703,14.365251684044779,3,1.4712633303715847,103,23.91112813909367,4,7,0.5714285714285714
677,13.833962148077262,3,1.4712633303715847,233,23.904405099960275,3,7,0.42857142857142855
608,12.42400145647116,4,1.9616844404954463,576,23.896352454134817,6,7,0.8571428571428571
126,2.5747108281502733,20,9.808422202477232,121,23.889754850861358,19,36,0.5277777777777778
200,4.086842584365513,8,3.9233688809908926,19,23.885558699203386,13,24,0.5416666666666666
107,2.1864607826355495,16,7.846737761981785,82,23.88385683497575,24,43,0.5581395348837209
384,7.846737761981785,6,2.9425266607431695,162,23.88076352656324,7,12,0.5833333333333334
127,2.595145041072101,6,2.9425266607431695,63,23.87884229395261,15,36,0.4166666666666667
291,5.946355960251822,16,7.846737761981785,186,23.877107722871827,7,16,0.4375
368,7.519790355232544,4,1.9616844404954463,307,23.87678439822789,5,12,0.4166666666666667
529,10.809698635646782,16,7.846737761981785,445,23.86995966313035,4,8,0.5
155,3.1673030028832727,6,2.9425266607431695,54,23.866658702190655,16,30,0.5333333333333333
691,14.120041128982848,4,1.9616844404954463,164,23.85054789008161,4,7,0.5714285714285714
357,7.295014013092441,20,9.808422202477232,43,23.846941843992692,8,13,0.6153846153846154
228,4.659000546176685,6,2.9425266607431695,54,23.84679153181473,14,21,0.6666666666666666
416,8.500632575480267,6,2.9425266607431695,291,23.835869981726834,9,11,0.8181818181818182
612,12.50573830815847,4,1.9616844404954463,559,23.83376563218882,5,7,0.7142857142857143
588,12.015317198034609,3,1.4712633303715847,91,23.83025612335884,3,8,0.375
304,6.21200072823558,4,1.9616844404954463,272,23.82907248525609,10,15,0.6666666666666666
184,3.759895177616272,12,5.885053321486339,123,23.82884155248602,10,25,0.4
194,3.964237306834548,6,2.9425266607431695,127,23.82754855054099,13,24,0.5416666666666666
530,10.83013284856861,4,1.9616844404954463,438,23.82742395865677,5,8,0.625
165,3.3716451321015484,4,1.9616844404954463,153,23.82575419558304,16,28,0.5714285714285714
349,7.1315403097178205,4,1.9616844404954463,127,23.81716985077738,7,13,0.5384615384615384
713,14.569593813263054,6,2.9425266607431695,54,23.815565474956443,5,7,0.7142857142857143
450,9.195395814822405,8,3.9233688809908926,293,23.815482406074068,6,10,0.6
590,12.056185623878264,3,1.4712633303715847,78,23.815037875939755,3,8,0.375
623,12.730514650298574,3,1.4712633303715847,503,23.81481302244882,4,7,0.5714285714285714
476,9.726685350789921,6,2.9425266607431695,287,23.807025314946973,6,10,0.6
613,12.526172521080298,3,1.4712633303715847,553,23.797168531018652,4,7,0.5714285714285714
209,4.270750500661961,12,5.885053321486339,66,23.796583145841197,13,22,0.5909090909090909
230,4.69986897202034,12,5.885053321486339,35,23.795730674865432,10,20,0.5
429,8.766277343464026,12,5.885053321486339,184,23.789619156137366,11,11,1.0
455,9.297566879431542,8,3.9233688809908926,288,23.786805629018588,7,10,0.7
257,5.251592720909684,20,9.808422202477232,64,23.786423555978928,11,18,0.6111111111111112
83,1.696039672511688,8,3.9233688809908926,47,23.777070101166796,33,56,0.5892857142857143
78,1.5938686079025501,16,7.846737761981785,28,23.776366564553552,33,60,0.55
134,2.738184531524894,20,9.808422202477232,133,23.776216391561064,17,34,0.5
182,3.719026751772617,6,2.9425266607431695,158,23.75498279746923,15,25,0.6
235,4.802040036629478,16,7.846737761981785,94,23.7497973177376,10,20,0.5
257,5.251592720909684,6,2.9425266607431695,19,23.748658781444906,8,18,0.4444444444444444
468,9.5632116474153,6,2.9425266607431695,340,23.747725984196702,6,10,0.6
447,9.134093176056922,6,2.9425266607431695,41,23.74535647567372,5,11,0.45454545454545453
438,8.950185259760474,6,2.9425266607431695,114,23.744663219732885,10,11,0.9090909090909091
153,3.1264345770396176,8,3.9233688809908926,99,23.74113422221503,20,30,0.6666666666666666
260,5.312895359675167,6,2.9425266607431695,236,23.734240387413934,9,17,0.5294117647058824
719,14.69219909079402,3,1.4712633303715847,23,23.72358957394055,6,7,0.8571428571428571
357,7.295014013092441,12,5.885053321486339,48,23.721147078269162,7,13,0.5384615384615384
391,7.989777252434578,3,1.4712633303715847,98,23.71860446505329,3,12,0.25
456,9.31800109235337,8,3.9233688809908926,271,23.714712028914693,8,10,0.8
357,7.295014013092441,16,7.846737761981785,44,23.71404943616477,8,13,0.6153846153846154
209,4.270750500661961,8,3.9233688809908926,65,23.713724897843278,12,22,0.5454545454545454
517,10.564488080584852,3,1.4712633303715847,516,23.711574475365396,3,8,0.375
545,11.136646042396023,3,1.4712633303715847,348,23.70572633521141,6,8,0.75
586,11.974448772190954,4,1.9616844404954463,102,23.70266036663706,4,8,0.5
458,9.358869518197025,6,2.9425266607431695,269,23.701773387500516,7,10,0.7
313,6.395908644532028,4,1.9616844404954463,175,23.698261145286907,9,15,0.6
294,6.007658599017304,12,5.885053321486339,183,23.69657321875402,8,16,0.5
648,13.241369973344263,3,1.4712633303715847,378,23.692367188246205,3,7,0.42857142857142855
625,12.771383076142229,4,1.9616844404954463,493,23.690326211701283,4,7,0.5714285714285714
139,2.8403555961340317,20,9.808422202477232,3,23.68881185830558,25,34,0.7352941176470589
317,6.477645496219338,4,1.9616844404954463,131,23.688684998204042,9,15,0.6
210,4.291184713583789,12,5.885053321486339,116,23.688058594476466,11,22,0.5
461,9.420172156962508,8,3.9233688809908926,263,23.686202262696813,6,10,0.6
224,4.577263694489375,12,5.885053321486339,35,23.68285042205348,10,21,0.47619047619047616
638,13.037027844125987,3,1.4712633303715847,428,23.680342514780826,4,7,0.5714285714285714
93,1.9003818017299636,6,2.9425266607431695,85,23.678186020212127,28,49,0.5714285714285714
195,3.9846715197563753,6,2.9425266607431695,104,23.678031581829295,12,24,0.5
311,6.355040218688373,6,2.9425266607431695,197,23.672451362801198,9,15,0.6
210,4.291184713583789,16,7.846737761981785,114,23.66846013932555,11,22,0.5
388,7.928474613669096,4,1.9616844404954463,127,23.666315044627137,5,12,0.4166666666666667
448,9.15452738897875,6,2.9425266607431695,34,23.66147731144947,5,11,0.45454545454545453
501,10.23754067383561,3,1.4712633303715847,111,23.64418729072256,5,10,0.5
554,11.320553958692471,4,1.9616844404954463,295,23.639900566821357,5,8,0.625
224,4.577263694489375,8,3.9233688809908926,34,23.6383806809732,10,21,0.47619047619047616
285,5.823750682720856,20,9.808422202477232,218,23.637889967941913,11,16,0.6875
267,5.45593485012796,8,3.9233688809908926,147,23.63468916846439,9,17,0.5294117647058824
692,14.140475341904676,4,1.9616844404954463,159,23.63463391662057,4,7,0.5714285714285714
602,12.301396178940195,3,1.4712633303715847,7,23.633547420682472,5,8,0.625
566,11.565764513754402,4,1.9616844404954463,222,23.620241964233152,6,8,0.75
381,7.785435123216303,4,1.9616844404954463,190,23.618413828572415,4,12,0.3333333333333333
670,13.69092265762447,3,1.4712633303715847,269,23.616917499889453,3,7,0.42857142857142855
702,14.344817471122951,4,1.9616844404954463,108,23.611261746674636,6,7,0.8571428571428571
323,6.600250773750304,4,1.9616844404954463,66,23.611102692105323,9,15,0.6
603,12.321830391862022,3,1.4712633303715847,0,23.60873385711071,6,8,0.75
401,8.194119381652854,4,1.9616844404954463,7,23.605971108015584,6,12,0.5
484,9.890159054164542,4,1.9616844404954463,231,23.600696042915686,7,10,0.7
211,4.311618926505616,6,2.9425266607431695,30,23.59818797528461,11,22,0.5
62,1.266921201153309,8,3.9233688809908926,23,23.596421495462575,44,75,0.5866666666666667
645,13.18006733457878,3,1.4712633303715847,393,23.59562263122172,3,7,0.42857142857142855
213,4.3524873523492715,6,2.9425266607431695,211,23.592408517298736,10,21,0.47619047619047616
685,13.997435851451883,4,1.9616844404954463,193,23.591956988001822,4,7,0.5714285714285714
705,14.406120109888434,4,1.9616844404954463,94,23.590351601093552,4,7,0.5714285714285714
186,3.8007636034599273,6,2.9425266607431695,84,23.586299211198522,14,25,0.56
335,6.845461328812235,4,1.9616844404954463,269,23.583795604441466,6,14,0.42857142857142855
270,5.517237488893443,6,2.9425266607431695,108,23.58312619600828,12,17,0.7058823529411765
331,6.763724477124924,3,1.4712633303715847,308,23.58152075797695,7,14,0.5
463,9.461040582806163,6,2.9425266607431695,376,23.58044422357313,6,10,0.6
684,13.977001638530055,4,1.9616844404954463,198,23.578293732891066,4,7,0.5714285714285714
189,3.86206624222541,20,9.808422202477232,140,23.56868148512377,14,24,0.5833333333333334
227,4.6385663332548575,8,3.9233688809908926,214,23.56772908392667,12,20,0.6
512,10.462317015975714,3,1.4712633303715847,34,23.562775487988773,5,9,0.5555555555555556
511,10.441882803053886,4,1.9616844404954463,39,23.555686132402364,5,9,0.5555555555555556
229,4.679434759098513,8,3.9233688809908926,36,23.55367500046574,11,21,0.5238095238095238
259,5.29246114675334,20,9.808422202477232,244,23.54948240160486,9,17,0.5294117647058824
341,6.9680666063432,4,1.9616844404954463,208,23.54624538211898,6,13,0.46153846153846156
71,1.4508291174497572,8,3.9233688809908926,68,23.545934798529895,35,65,0.5384615384615384
86,1.7573423112771707,16,7.846737761981785,52,23.54424399147044,26,54,0.48148148148148145
682,13.9361332126864,3,1.4712633303715847,208,23.54343522120018,3,7,0.42857142857142855
580,11.851843494659988,3,1.4712633303715847,138,23.542698264352815,7,8,0.875
697,14.242646406513813,3,1.4712633303715847,131,23.536961957570888,5,7,0.7142857142857143
414,8.459764149636612,4,1.9616844404954463,306,23.531950178303976,7,11,0.6363636363636364
238,4.863342675394961,4,1.9616844404954463,49,23.528852668220463,9,20,0.45
672,13.731791083468124,3,1.4712633303715847,258,23.52626601646448,4,7,0.5714285714285714
61,1.2464869882314815,6,2.9425266607431695,16,23.525489288798035,40,76,0.5263157894736842
529,10.809698635646782,20,9.808422202477232,445,23.517498284586328,4,8,0.5
509,10.401014377210231,3,1.4712633303715847,55,23.51656863167356,4,9,0.4444444444444444
730,14.916975432934123,3,1.4712633303715847,698,23.506209041627272,5,6,0.8333333333333334
344,7.029369245108683,4,1.9616844404954463,178,23.50485104110386,8,13,0.6153846153846154
524,10.707527571037645,3,1.4712633303715847,474,23.502867082929743,3,8,0.375
356,7.2745798001706135,16,7.846737761981785,222,23.500865201319606,8,13,0.6153846153846154
171,3.4942504096325138,12,5.885053321486339,28,23.496115981529826,14,27,0.5185185185185185
622,12.710080437376746,3,1.4712633303715847,508,23.485298250554145,4,7,0.5714285714285714
607,12.403567243549332,4,1.9616844404954463,582,23.48030589468407,6,7,0.8571428571428571
286,5.844184895642684,20,9.808422202477232,215,23.474431591068555,11,16,0.6875
442,9.031922111447784,4,1.9616844404954463,82,23.469225799651156,5,11,0.45454545454545453
597,12.199225114331057,3,1.4712633303715847,36,23.461394781798024,4,8,0.5
521,10.646224932272162,20,9.808422202477232,68,23.46106860669254,3,9,0.3333333333333333
240,4.904211101238616,12,5.885053321486339,19,23.445989488469266,13,20,0.65
535,10.932303913177748,3,1.4712633303715847,407,23.445550581875146,5,8,0.625
681,13.915698999764572,3,1.4712633303715847,213,23.444282021823536,3,7,0.42857142857142855
201,4.107276797287341,8,3.9233688809908926,1,23.443202937697745,12,24,0.5
90,1.839079162964481,6,2.9425266607431695,18,23.439713951160797,31,52,0.5961538461538461
675,13.793093722233607,3,1.4712633303715847,243,23.432398069720215,4,7,0.5714285714285714
198,4.045974158521858,3,1.4712633303715847,52,23.4308041295958,14,24,0.5833333333333334
265,5.415066424284305,6,2.9425266607431695,174,23.43063688257013,10,17,0.5882352941176471
215,4.393355778192927,8,3.9233688809908926,178,23.419745854335012,12,21,0.5714285714285714
543,11.095777616552368,3,1.4712633303715847,360,23.414778745823103,6,8,0.75
452,9.23626424066606,6,2.9425266607431695,1,23.412294237811757,8,11,0.7272727272727273
209,4.270750500661961,16,7.846737761981785,62,23.409570203751873,11,22,0.5
376,7.683264058607165,6,2.9425266607431695,235,23.40269447922574,8,12,0.6666666666666666
109,2.2273292084792047,6,2.9425266607431695,22,23.396531676371946,28,43,0.6511627906976745
252,5.149421656300547,3,1.4712633303715847,90,23.394329735406608,8,19,0.42105263157894735
578,11.810975068816333,4,1.9616844404954463,150,23.393868292261708,7,8,0.875
296,6.0485270248609595,3,1.4712633303715847,64,23.38084840322039,7,16,0.4375
283,5.782882256877201,4,1.9616844404954463,223,23.36831634600655,13,16,0.8125
81,1.6551712466680328,8,3.9233688809908926,54,23.3629601117761,31,57,0.543859649122807
218,4.454658416958409,6,2.9425266607431695,131,23.362740442406658,14,21,0.6666666666666666
688,14.058738490217365,3,1.4712633303715847,178,23.36043643774515,6,7,0.8571428571428571
529,10.809698635646782,6,2.9425266607431695,445,23.35866776477079,4,8,0.5
355,7.254145587248786,8,3.9233688809908926,69,23.35171707348127,7,13,0.5384615384615384
169,3.4533819837888586,6,2.9425266607431695,67,23.341003037250026,16,28,0.5714285714285714
160,3.2694740674924105,16,7.846737761981785,98,23.339836435888124,18,29,0.6206896551724138
191,3.902934668069065,12,5.885053321486339,181,23.33223515458648,12,24,0.5
67,1.369092265762447,16,7.846737761981785,66,23.327877604045625,39,69,0.5652173913043478
100,2.0434212921827566,16,7.846737761981785,18,23.327461897758177,27,47,0.574468085106383
365,7.4584877164670615,4,1.9616844404954463,333,23.322937949622563,9,12,0.75
678,13.85439636099909,3,1.4712633303715847,228,23.32129722075317,3,7,0.42857142857142855
209,4.270750500661961,20,9.808422202477232,122,23.32037551402596,11,22,0.5
727,14.85567279416864,4,1.9616844404954463,711,23.31153428118909,5,6,0.8333333333333334
216,4.413789991114754,20,9.808422202477232,56,23.295937375718754,12,22,0.5454545454545454
187,3.821197816381755,16,7.846737761981785,63,23.289014631308298,13,25,0.52
170,3.473816196710686,4,1.9616844404954463,48,23.28743987298768,14,27,0.5185185185185185
422,8.623237853011233,6,2.9425266607431695,241,23.283060612230422,8,11,0.7272727272727273
307,6.273303367001063,3,1.4712633303715847,241,23.27962757551552,9,15,0.6
459,9.379303731118853,6,2.9425266607431695,403,23.278167051132087,7,10,0.7
709,14.487856961575744,4,1.9616844404954463,72,23.27668648472078,5,7,0.7142857142857143
647,13.220935760422435,3,1.4712633303715847,383,23.276367718252484,3,7,0.42857142857142855
240,4.904211101238616,8,3.9233688809908926,19,23.27584931339008,13,20,0.65
215,4.393355778192927,16,7.846737761981785,179,23.275427786531306,12,21,0.5714285714285714
301,6.150698089470097,4,1.9616844404954463,7,23.27454107786774,9,16,0.5625
383,7.826303549059958,6,2.9425266607431695,172,23.270973157608825,6,12,0.5
204,4.168579436052823,20,9.808422202477232,184,23.256889508462415,11,22,0.5
432,8.827579982229508,8,3.9233688809908926,271,23.25471637552368,8,11,0.7272727272727273
674,13.77265950931178,3,1.4712633303715847,248,23.25333957766992,4,7,0.5714285714285714
690,14.09960691606102,4,1.9616844404954463,168,23.249136503367417,4,7,0.5714285714285714
583,11.913146133425471,8,3.9233688809908926,121,23.247862522472335,7,8,0.875
671,13.711356870546297,3,1.4712633303715847,263,23.246036207009176,4,7,0.5714285714285714
190,3.8825004551472375,20,9.808422202477232,6,23.241673342512996,10,25,0.4
558,11.402290810379782,4,1.9616844404954463,270,23.23913959713163,6,8,0.75
160,3.2694740674924105,12,5.885053321486339,99,23.238446630563576,19,29,0.6551724137931034
234,4.78160582370765,20,9.808422202477232,14,23.237583945417306,13,20,0.65
89,1.8186449500426534,16,7.846737761981785,47,23.236038463683226,30,52,0.5769230769230769
683,13.956567425608227,3,1.4712633303715847,203,23.22665484362364,3,7,0.42857142857142855
467,9.542777434493473,8,3.9233688809908926,350,23.22017955458173,7,10,0.7
354,7.233711374326958,6,2.9425266607431695,79,23.183867862160614,7,13,0.5384615384615384
126,2.5747108281502733,16,7.846737761981785,91,23.175371491079225,18,37,0.4864864864864865
277,5.660276979346236,6,2.9425266607431695,18,23.17486606369409,12,17,0.7058823529411765
525,10.727961783959472,3,1.4712633303715847,468,23.173019573611207,3,8,0.375
649,13.26180418626609,3,1.4712633303715847,373,23.16299979762987,3,7,0.42857142857142855
630,12.873554140751367,3,1.4712633303715847,468,23.1602408022694,4,7,0.5714285714285714
378,7.72413248445082,8,3.9233688809908926,214,23.15903119591388,6,12,0.5
147,3.003829299508652,16,7.846737761981785,36,23.15302425971856,13,32,0.40625
309,6.314171792844718,3,1.4712633303715847,219,23.145902604519957,7,15,0.4666666666666667
624,12.750948863220401,3,1.4712633303715847,498,23.145416344667844,4,7,0.5714285714285714
125,2.5542766152284457,6,2.9425266607431695,114,23.12845318594958,21,37,0.5675675675675675
708,14.467422748653917,3,1.4712633303715847,78,23.122622641561094,5,7,0.7142857142857143
350,7.151974522639648,8,3.9233688809908926,118,23.119312211582127,7,13,0.5384615384615384
385,7.867171974903613,4,1.9616844404954463,153,23.11786666777838,6,12,0.5
701,14.324383258201124,3,1.4712633303715847,113,23.116803878368696,5,7,0.7142857142857143
538,10.99360655194323,3,1.4712633303715847,390,23.110841669332842,5,8,0.625
94,1.9208160146517912,8,3.9233688809908926,42,23.100662371734213,26,49,0.5306122448979592
426,8.704974704698543,4,1.9616844404954463,211,23.09576705469032,9,11,0.8181818181818182
144,2.9425266607431695,16,7.846737761981785,60,23.090679123260752,15,32,0.46875
340,6.947632393421372,4,1.9616844404954463,219,23.08611469047458,7,13,0.5384615384615384
281,5.742013831033546,4,1.9616844404954463,245,23.084006554573744,12,16,0.75
606,12.383133030627505,4,1.9616844404954463,589,23.078763483436013,6,7,0.8571428571428571
202,4.127711010209168,12,5.885053321486339,185,23.07833537773954,11,23,0.4782608695652174
161,3.289908280414238,16,7.846737761981785,76,23.05289497828297,20,29,0.6896551724137931
439,8.970619472682301,6,2.9425266607431695,106,23.04961577048591,11,11,1.0
720,14.712633303715847,3,1.4712633303715847,18,23.03819175463036,6,7,0.8571428571428571
290,5.925921747329994,20,9.808422202477232,188,23.035858062394077,7,16,0.4375
187,3.821197816381755,12,5.885053321486339,65,23.03262709130191,13,25,0.52
520,10.625790719350334,3,1.4712633303715847,498,23.03030167638992,3,8,0.375
532,10.871001274412265,6,2.9425266607431695,427,23.030220977220292,5,8,0.625
316,6.457211283297511,4,1.9616844404954463,143,23.029422019685885,7,15,0.4666666666666667
726,14.835238581246813,3,1.4712633303715847,714,23.029056892538446,5,6,0.8333333333333334
347,7.090671883874165,4,1.9616844404954463,148,23.02194128548089,7,13,0.5384615384615384
223,4.556829481567547,6,2.9425266607431695,47,23.021285561000617,8,21,0.38095238095238093
430,8.786711556385853,8,3.9233688809908926,178,23.00766770456694,11,11,1.0
717,14.651330664950365,3,1.4712633303715847,33,22.989497194851488,5,7,0.7142857142857143
358,7.315448226014269,4,1.9616844404954463,38,22.98772626121442,7,13,0.5384615384615384
477,9.747119563711749,12,5.885053321486339,279,22.987626877506777,6,10,0.6
472,9.644948499102611,3,1.4712633303715847,314,22.9872843577957,4,10,0.4
187,3.821197816381755,20,9.808422202477232,61,22.98083352402093,13,25,0.52
67,1.369092265762447,20,9.808422202477232,66,22.978731605501793,36,69,0.5217391304347826
513,10.482751228897541,3,1.4712633303715847,28,22.97637046122675,4,9,0.4444444444444444
174,3.5555530483979965,8,3.9233688809908926,139,22.973575553198668,13,26,0.5
174,3.5555530483979965,12,5.885053321486339,137,22.968178952848955,13,26,0.5
241,4.924645314160443,6,2.9425266607431695,4,22.967151201887976,12,20,0.6
729,14.896541220012296,3,1.4712633303715847,702,22.963392359299068,5,6,0.8333333333333334
640,13.077896269969642,3,1.4712633303715847,418,22.957067912784268,4,7,0.5714285714285714
403,8.234987807496509,4,1.9616844404954463,393,22.956401618788707,4,11,0.36363636363636365
609,12.444435669392988,4,1.9616844404954463,573,22.954076905756054,6,7,0.8571428571428571
320,6.538948134984821,8,3.9233688809908926,97,22.948828125477753,10,15,0.6666666666666666
140,2.8607898090558592,4,1.9616844404954463,116,22.948228480025023,26,33,0.7878787878787878
158,3.2286056416487554,6,2.9425266607431695,143,22.943691013913927,15,29,0.5172413793103449
431,8.807145769307681,12,5.885053321486339,285,22.94286267047458,8,11,0.7272727272727273
216,4.413789991114754,16,7.846737761981785,132,22.942295344986913,12,21,0.5714285714285714
518,10.58492229350668,4,1.9616844404954463,510,22.92207730703501,3,8,0.375
568,11.606632939598057,4,1.9616844404954463,209,22.920749621490515,6,8,0.75
571,11.66793557836354,4,1.9616844404954463,192,22.91988651149867,7,8,0.875
502,10.257974886757438,3,1.4712633303715847,103,22.919446744898995,3,10,0.3
199,4.066408371443686,3,1.4712633303715847,36,22.91328351334063,14,24,0.5833333333333334
362,7.397185077701579,4,1.9616844404954463,361,22.90913743301097,7,12,0.5833333333333334
269,5.496803275971615,6,2.9425266607431695,122,22.90800695692156,11,17,0.6470588235294118
562,11.484027662067092,4,1.9616844404954463,246,22.90013903086225,6,8,0.75
287,5.864619108564511,16,7.846737761981785,219,22.88850628138826,6,16,0.375
226,4.61813212033303,8,3.9233688809908926,3,22.88850627363549,11,21,0.5238095238095238
263,5.37419799844065,3,1.4712633303715847,199,22.882375490548537,8,17,0.47058823529411764
144,2.9425266607431695,20,9.808422202477232,59,22.876057978270836,17,32,0.53125
254,5.190290082144202,4,1.9616844404954463,62,22.867607035086127,7,18,0.3888888888888889
127,2.595145041072101,12,5.885053321486339,62,22.865071721857092,15,36,0.4166666666666667
689,14.079172703139193,3,1.4712633303715847,173,22.852561172354303,5,7,0.7142857142857143
78,1.5938686079025501,12,5.885053321486339,26,22.849817607033884,35,60,0.5833333333333334
268,5.476369063049788,6,2.9425266607431695,134,22.84505322201581,12,17,0.7058823529411765
187,3.821197816381755,8,3.9233688809908926,65,22.84283983572687,14,25,0.56
519,10.605356506428507,4,1.9616844404954463,505,22.836198133749114,3,8,0.375
172,3.5146846225543413,16,7.846737761981785,45,22.835139987537655,15,27,0.5555555555555556
258,5.272026933831512,4,1.9616844404954463,6,22.82889731484697,7,18,0.3888888888888889
168,3.432947770867031,8,3.9233688809908926,88,22.825050334073428,16,28,0.5714285714285714
711,14.5287253874194,6,2.9425266607431695,64,22.82463350707331,5,7,0.7142857142857143
273,5.5785401276589255,4,1.9616844404954463,69,22.817463995926772,11,17,0.6470588235294118
251,5.128987443378719,4,1.9616844404954463,104,22.81275880989525,9,19,0.47368421052631576
149,3.0446977253523073,8,3.9233688809908926,43,22.805572749507718,15,31,0.4838709677419355
444,9.07279053729144,4,1.9616844404954463,65,22.798047820162534,4,11,0.36363636363636365
464,9.48147479572799,4,1.9616844404954463,371,22.795794945079653,6,10,0.6
225,4.597697907411202,12,5.885053321486339,62,22.790489889642757,13,21,0.6190476190476191
259,5.29246114675334,16,7.846737761981785,250,22.788418831051025,10,17,0.5882352941176471
174,3.5555530483979965,6,2.9425266607431695,138,22.786943532119256,13,26,0.5
644,13.159633121656952,4,1.9616844404954463,399,22.784891291324733,4,7,0.5714285714285714
462,9.440606369884335,8,3.9233688809908926,384,22.783444987299646,5,10,0.5
379,7.7445666973726475,3,1.4712633303715847,207,22.772023635629306,5,12,0.4166666666666667
196,4.005105732678203,3,1.4712633303715847,91,22.771602380810137,13,24,0.5416666666666666
103,2.1047239309482393,8,3.9233688809908926,11,22.76841123617101,24,45,0.5333333333333333
473,9.665382712024439,3,1.4712633303715847,307,22.764227488319097,3,10,0.3
116,2.3703686989319976,4,1.9616844404954463,23,22.752930243193646,23,40,0.575
533,10.891435487334093,4,1.9616844404954463,421,22.749221681015186,4,8,0.5
150,3.065131938274135,20,9.808422202477232,18,22.741734167856194,19,31,0.6129032258064516
639,13.057462057047815,4,1.9616844404954463,424,22.736956486821196,4,7,0.5714285714285714
553,11.300119745770644,3,1.4712633303715847,301,22.730618026224025,4,8,0.5
665,13.588751593015331,4,1.9616844404954463,294,22.727062616996612,4,7,0.5714285714285714
400,8.173685168731026,6,2.9425266607431695,18,22.722434610571913,7,12,0.5833333333333334
516,10.544053867663024,3,1.4712633303715847,6,22.713731859483076,3,9,0.3333333333333333
534,10.91186970025592,3,1.4712633303715847,414,22.708133738628472,4,8,0.5
407,8.31672465918382,6,2.9425266607431695,361,22.70709463885579,5,11,0.45454545454545453
220,4.4955268428020645,3,1.4712633303715847,97,22.70560131319385,11,21,0.5238095238095238
372,7.6015272069198545,3,1.4712633303715847,271,22.703678498727662,7,12,0.5833333333333334
231,4.720303184942168,20,9.808422202477232,150,22.700139678578054,9,20,0.45
357,7.295014013092441,8,3.9233688809908926,48,22.69165694564233,7,13,0.5384615384615384
577,11.790540855894506,4,1.9616844404954463,156,22.6914538862693,8,8,1.0
231,4.720303184942168,16,7.846737761981785,153,22.690524591499194,11,20,0.55
436,8.909316833916819,6,2.9425266607431695,131,22.681615007512992,10,11,0.9090909090909091
514,10.503185441819369,4,1.9616844404954463,20,22.68054641852213,5,9,0.5555555555555556
134,2.738184531524894,12,5.885053321486339,133,22.675601045233975,19,34,0.5588235294117647
234,4.78160582370765,16,7.846737761981785,106,22.67147956976586,11,20,0.55
318,6.498079709141166,6,2.9425266607431695,119,22.67049071711887,10,15,0.6666666666666666
457,9.338435305275198,6,2.9425266607431695,419,22.664725461661124,8,10,0.8
537,10.973172339021403,3,1.4712633303715847,394,22.66278344460588,4,8,0.5
579,11.83140928173816,3,1.4712633303715847,145,22.660426260691864,7,8,0.875
297,6.068961237782787,3,1.4712633303715847,54,22.65376625206667,8,16,0.5
707,14.446988535732089,3,1.4712633303715847,83,22.653442492388844,5,7,0.7142857142857143
557,11.381856597457954,4,1.9616844404954463,276,22.653424332733564,6,8,0.75
564,11.524896087910747,4,1.9616844404954463,234,22.638033367244145,6,8,0.75
166,3.392079345023376,4,1.9616844404954463,132,22.633852574880795,17,28,0.6071428571428571
604,12.34226460478385,3,1.4712633303715847,598,22.620189957547467,6,7,0.8571428571428571
356,7.2745798001706135,12,5.885053321486339,59,22.616488379689777,7,13,0.5384615384615384
353,7.213277161405131,4,1.9616844404954463,89,22.616346245312748,5,13,0.38461538461538464
184,3.759895177616272,8,3.9233688809908926,123,22.612320664687825,10,25,0.4
565,11.545330300832575,3,1.4712633303715847,228,22.596214674240425,6,8,0.75
69,1.409960691606102,16,7.846737761981785,31,22.593338087035654,35,67,0.5223880597014925
272,5.558105914737098,4,1.9616844404954463,82,22.58788642171947,10,17,0.5882352941176471
636,12.996159418282332,3,1.4712633303715847,437,22.578694241786497,4,7,0.5714285714285714
235,4.802040036629478,6,2.9425266607431695,94,22.576089040352443,10,20,0.5
126,2.5747108281502733,12,5.885053321486339,89,22.57179040012667,17,37,0.4594594594594595
539,11.014040764865058,3,1.4712633303715847,384,22.560822860888308,6,8,0.75
731,14.93740964585595,3,1.4712633303715847,694,22.560322942019205,5,6,0.8333333333333334
62,1.266921201153309,6,2.9425266607431695,22,22.54680846056683,45,75,0.6
85,1.736908098355343,12,5.885053321486339,48,22.545963670020324,27,54,0.5
202,4.127711010209168,20,9.808422202477232,185,22.54161163430644,11,23,0.4782608695652174
136,2.779052957368549,12,5.885053321486339,81,22.537536323758264,17,34,0.5
555,11.340988171614299,3,1.4712633303715847,288,22.531780693714747,6,8,0.75
642,13.118764695813297,3,1.4712633303715847,408,22.527586517868716,4,7,0.5714285714285714
573,11.708804004207195,6,2.9425266607431695,181,22.523970578365507,8,8,1.0
167,3.4125135579452035,8,3.9233688809908926,92,22.520209494646966,16,28,0.5714285714285714
732,14.957843858777778,3,1.4712633303715847,690,22.512202908731254,5,6,0.8333333333333334
289,5.9054875344081665,8,3.9233688809908926,150,22.511989945021185,14,16,0.875
129,2.636013466915756,6,2.9425266607431695,6,22.509927631024812,14,36,0.3888888888888889
219,4.475092629880237,4,1.9616844404954463,115,22.50697566909506,15,21,0.7142857142857143
144,2.9425266607431695,12,5.885053321486339,58,22.506608810400284,18,32,0.5625
570,11.647501365441713,6,2.9425266607431695,196,22.50191032252957,7,8,0.875
191,3.902934668069065,16,7.846737761981785,180,22.49527329747557,12,24,0.5
101,2.063855505104584,16,7.846737761981785,83,22.488856425672388,24,46,0.5217391304347826
716,14.630896452028537,4,1.9616844404954463,38,22.483638515488863,5,7,0.7142857142857143
240,4.904211101238616,6,2.9425266607431695,18,22.483460348316257,13,20,0.65
699,14.283514832357469,3,1.4712633303715847,124,22.478445214196363,5,7,0.7142857142857143
154,3.146868789961445,8,3.9233688809908926,77,22.474584234816795,14,30,0.4666666666666667
114,2.3295002730883425,16,7.846737761981785,39,22.47350642610642,25,41,0.6097560975609756
360,7.356316651857924,3,1.4712633303715847,18,22.468772031865424,7,13,0.5384615384615384
322,6.579816560828476,6,2.9425266607431695,77,22.45865336293773,11,15,0.7333333333333333
449,9.174961601900577,6,2.9425266607431695,27,22.457892753255763,7,11,0.6363636363636364
694,14.18134376774833,3,1.4712633303715847,148,22.444639974896948,5,7,0.7142857142857143
706,14.426554322810262,3,1.4712633303715847,88,22.444481220433033,4,7,0.5714285714285714
212,4.332053139427444,6,2.9425266607431695,15,22.442679322283087,13,22,0.5909090909090909
100,2.0434212921827566,12,5.885053321486339,19,22.439489089708232,27,47,0.574468085106383
298,6.089395450704615,3,1.4712633303715847,42,22.43682948918792,9,16,0.5625
302,6.171132302391925,4,1.9616844404954463,295,22.434577668290547,11,15,0.7333333333333333
185,3.7803293905380997,12,5.885053321486339,99,22.428242113790752,13,25,0.52
500,10.217106460913783,3,1.4712633303715847,115,22.421647874908043,6,10,0.6
137,2.7994871702903765,8,3.9233688809908926,54,22.41979601866629,23,34,0.6764705882352942
561,11.463593449145264,4,1.9616844404954463,251,22.41654310558834,7,8,0.875
621,12.689646224454918,3,1.4712633303715847,513,22.402297818394977,4,7,0.5714285714285714
338,6.906763967577717,4,1.9616844404954463,238,22.397702595609857,8,14,0.5714285714285714
55,1.1238817107005161,6,2.9425266607431695,44,22.39602721925286,48,84,0.5714285714285714
137,2.7994871702903765,12,5.885053321486339,55,22.395851178898628,23,34,0.6764705882352942
582,11.892711920503643,3,1.4712633303715847,126,22.392533679312695,7,8,0.875
257,5.251592720909684,16,7.846737761981785,19,22.389833971678858,8,18,0.4444444444444444
437,8.929751046838646,6,2.9425266607431695,329,22.38958815994727,6,10,0.6
428,8.745843130542198,8,3.9233688809908926,191,22.387382225319236,10,11,0.9090909090909091
153,3.1264345770396176,6,2.9425266607431695,100,22.382410926086568,21,30,0.7
290,5.925921747329994,16,7.846737761981785,139,22.381597136819636,13,16,0.8125
142,2.9016582348995144,6,2.9425266607431695,67,22.379695314425092,28,33,0.8484848484848485
438,8.950185259760474,4,1.9616844404954463,115,22.378981767409332,10,11,0.9090909090909091
420,8.582369427167578,3,1.4712633303715847,258,22.37497854426947,8,11,0.7272727272727273
600,12.26052775309654,4,1.9616844404954463,19,22.37318299569522,6,8,0.75
216,4.413789991114754,12,5.885053321486339,163,22.372755749844988,12,21,0.5714285714285714
217,4.434224204036582,4,1.9616844404954463,145,22.36679141258388,13,21,0.6190476190476191
232,4.740737397863995,6,2.9425266607431695,138,22.36592200167822,11,20,0.55
477,9.747119563711749,8,3.9233688809908926,280,22.35725858611327,6,10,0.6
374,7.64239563276351,4,1.9616844404954463,252,22.34930346824892,6,12,0.5
352,7.192842948483303,4,1.9616844404954463,99,22.341739009347517,5,13,0.38461538461538464
521,10.646224932272162,3,1.4712633303715847,492,22.340727232675086,3,8,0.375
286,5.844184895642684,16,7.846737761981785,214,22.33882275918022,11,16,0.6875
544,11.116211829474196,3,1.4712633303715847,354,22.329730855522747,7,8,0.875
278,5.680711192268063,6,2.9425266607431695,5,22.320905914370105,12,17,0.7058823529411765
598,12.219659327252884,3,1.4712633303715847,30,22.32028254827665,4,8,0.5
145,2.962960873664997,16,7.846737761981785,139,22.3174220392212,26,31,0.8387096774193549
276,5.639842766424408,3,1.4712633303715847,30,22.316849912722603,9,17,0.5294117647058824
612,12.50573830815847,3,1.4712633303715847,558,22.31382528832648,4,7,0.5714285714285714
515,10.523619654741196,4,1.9616844404954463,14,22.308430475528365,4,9,0.4444444444444444
204,4.168579436052823,12,5.885053321486339,188,22.301907784519077,10,22,0.45454545454545453
567,11.58619872667623,3,1.4712633303715847,216,22.296994001117437,6,8,0.75
138,2.819921383212204,6,2.9425266607431695,30,22.294060487765194,21,34,0.6176470588235294
306,6.252869154079235,4,1.9616844404954463,253,22.288159303336947,10,15,0.6666666666666666
95,1.9412502275736188,20,9.808422202477232,45,22.282132505320043,27,49,0.5510204081632653
411,8.39846151087113,3,1.4712633303715847,328,22.281677569052015,6,11,0.5454545454545454
402,8.214553594574681,3,1.4712633303715847,0,22.281214698591718,6,12,0.5
233,4.761171610785823,20,9.808422202477232,22,22.280803029025783,13,20,0.65
206,4.209447861896479,4,1.9616844404954463,114,22.27893179579555,11,22,0.5
536,10.952738126099575,3,1.4712633303715847,403,22.26877943781955,6,8,0.75
531,10.850567061490437,4,1.9616844404954463,432,22.26795991650273,5,8,0.625
324,6.620684986672131,3,1.4712633303715847,54,22.262942771355522,9,15,0.6
462,9.440606369884335,6,2.9425266607431695,383,22.26040242058162,5,10,0.5
560,11.443159236223437,4,1.9616844404954463,259,22.260226723039736,7,8,0.875
172,3.5146846225543413,12,5.885053321486339,6,22.2533747711779,16,27,0.5925925925925926
540,11.034474977786886,3,1.4712633303715847,378,22.251560528885246,6,8,0.75
475,9.706251137868094,8,3.9233688809908926,294,22.24036873111906,5,10,0.5
136,2.779052957368549,20,9.808422202477232,48,22.237162838090725,16,34,0.47058823529411764
375,7.662829845685337,4,1.9616844404954463,244,22.2339845458809,7,12,0.5833333333333334
427,8.72540891762037,6,2.9425266607431695,201,22.22635240294393,9,11,0.8181818181818182
293,5.987224386095477,8,3.9233688809908926,103,22.2261907884411,12,16,0.75
236,4.8224742495513055,6,2.9425266607431695,78,22.223455553401966,9,20,0.45
187,3.821197816381755,6,2.9425266607431695,65,22.217357259392525,14,25,0.56
575,11.74967243005085,4,1.9616844404954463,168,22.213518094854933,8,8,1.0
173,3.535118835476169,16,7.846737761981785,27,22.210854336093586,14,27,0.5185185185185185
715,14.61046223910671,4,1.9616844404954463,43,22.20453197401079,5,7,0.7142857142857143
406,8.296290446261992,4,1.9616844404954463,371,22.202643608080443,5,11,0.45454545454545453
601,12.280961966018367,4,1.9616844404954463,13,22.195140103775902,6,8,0.75
282,5.762448043955374,4,1.9616844404954463,230,22.194380255014362,13,16,0.8125
476,9.726685350789921,4,1.9616844404954463,286,22.19164409518837,6,10,0.6
284,5.803316469799029,6,2.9425266607431695,211,22.18961413192732,13,16,0.8125
233,4.761171610785823,12,5.885053321486339,124,22.189058147940926,11,20,0.55
342,6.9885008192650275,4,1.9616844404954463,198,22.18802972305882,6,13,0.46153846153846156
641,13.09833048289147,3,1.4712633303715847,413,22.174048734183103,4,7,0.5714285714285714
428,8.745843130542198,6,2.9425266607431695,195,22.171452704613575,10,11,0.9090909090909091
139,2.8403555961340317,6,2.9425266607431695,4,22.169929872864905,25,34,0.7352941176470589
445,9.093224750213267,4,1.9616844404954463,58,22.166418979878145,4,11,0.36363636363636365
378,7.72413248445082,6,2.9425266607431695,215,22.16349797937058,7,12,0.5833333333333334
510,10.421448590132059,3,1.4712633303715847,48,22.150538491288362,4,9,0.4444444444444444
161,3.289908280414238,12,5.885053321486339,77,22.144095927435558,20,29,0.6896551724137931
572,11.688369791285368,4,1.9616844404954463,187,22.1420970204389,7,8,0.875
425,8.684540491776715,4,1.9616844404954463,217,22.135095878972194,9,11,0.8181818181818182
710,14.508291174497572,4,1.9616844404954463,68,22.12696888007019,5,7,0.7142857142857143
351,7.172408735561476,4,1.9616844404954463,108,22.125518040071654,8,13,0.6153846153846154
542,11.07534340363054,3,1.4712633303715847,366,22.12400779525727,6,8,0.75
637,13.01659363120416,3,1.4712633303715847,434,22.120417549092945,4,7,0.5714285714285714
58,1.1851843494659988,20,9.808422202477232,17,22.120275301505686,42,80,0.525
78,1.5938686079025501,20,9.808422202477232,26,22.110040025368082,34,60,0.5666666666666667
210,4.291184713583789,8,3.9233688809908926,48,22.109877218386046,11,22,0.5
471,9.624514286180784,3,1.4712633303715847,322,22.107937080701785,4,10,0.4
479,9.787987989555404,4,1.9616844404954463,265,22.102725918159873,6,10,0.6
434,8.868448408073164,4,1.9616844404954463,145,22.101931093876768,11,11,1.0
441,9.011487898525957,8,3.9233688809908926,323,22.10126550885193,5,10,0.5
336,6.865895541734062,4,1.9616844404954463,259,22.100789277115148,8,14,0.5714285714285714
312,6.3754744316102006,4,1.9616844404954463,186,22.09777658103629,9,15,0.6
152,3.10600036411779,6,2.9425266607431695,120,22.095786398146295,21,30,0.7
546,11.157080255317851,3,1.4712633303715847,342,22.09317957933939,6,8,0.75
192,3.9233688809908926,8,3.9233688809908926,163,22.090024420804863,15,24,0.625
343,7.008935032186855,4,1.9616844404954463,188,22.079675670525415,7,13,0.5384615384615384
465,9.501909008649818,3,1.4712633303715847,364,22.076819131061654,6,10,0.6
259,5.29246114675334,12,5.885053321486339,252,22.06921766162719,8,17,0.47058823529411764
482,9.849290628320887,4,1.9616844404954463,245,22.060722378980014,8,10,0.8
433,8.848014195151336,6,2.9425266607431695,153,22.055453649450207,11,11,1.0
201,4.107276797287341,4,1.9616844404954463,0,22.051256271892225,12,24,0.5
409,8.357593085027474,3,1.4712633303715847,346,22.047257402851876,6,11,0.5454545454545454
367,7.499356142310717,4,1.9616844404954463,316,22.040157336000437,6,12,0.5
72,1.4712633303715847,12,5.885053321486339,58,22.03936568054749,39,64,0.609375
556,11.361422384536127,4,1.9616844404954463,283,22.035577864672813,6,8,0.75
205,4.189013648974651,8,3.9233688809908926,133,22.03271989365555,13,22,0.5909090909090909
382,7.80586933613813,4,1.9616844404954463,181,22.02819945221532,5,12,0.4166666666666667
209,4.270750500661961,6,2.9425266607431695,64,22.019354002314717,12,22,0.5454545454545454
480,9.808422202477232,4,1.9616844404954463,259,22.019173291936276,8,10,0.8
455,9.297566879431542,6,2.9425266607431695,289,22.01662525158023,7,10,0.7
171,3.4942504096325138,8,3.9233688809908926,28,22.012991056200434,14,27,0.5185185185185185
242,4.945079527082271,8,3.9233688809908926,228,22.00581888958282,10,19,0.5263157894736842
214,4.372921565271099,16,7.846737761981785,76,22.004678544749353,10,22,0.45454545454545453
173,3.535118835476169,20,9.808422202477232,29,21.993575855615862,13,27,0.48148148148148145
470,9.604080073258956,4,1.9616844404954463,328,21.992504858484914,6,10,0.6
301,6.150698089470097,3,1.4712633303715847,7,21.976443888412003,9,16,0.5625
399,8.153250955809199,4,1.9616844404954463,28,21.975198215906598,7,12,0.5833333333333334
369,7.540224568154372,3,1.4712633303715847,297,21.975187539965898,6,12,0.5
404,8.255422020418337,4,1.9616844404954463,387,21.97113616494809,4,11,0.36363636363636365
528,10.789264422724955,3,1.4712633303715847,450,21.969776850492238,4,8,0.5
483,9.869724841242714,4,1.9616844404954463,237,21.96280075114823,8,10,0.8
280,5.7215796181117184,4,1.9616844404954463,258,21.962345703123653,12,16,0.75
357,7.295014013092441,6,2.9425266607431695,49,21.96205389124431,7,13,0.5384615384615384
586,11.974448772190954,3,1.4712633303715847,101,21.961191184674142,3,8,0.375
673,13.752225296389952,3,1.4712633303715847,253,21.960722875923775,4,7,0.5714285714285714
346,7.070237670952338,4,1.9616844404954463,159,21.95906020143463,6,13,0.46153846153846156
585,11.954014559269126,6,2.9425266607431695,108,21.95632351524322,7,8,0.875
691,14.120041128982848,3,1.4712633303715847,164,21.944567432365833,4,7,0.5714285714285714
157,3.208171428726928,4,1.9616844404954463,8,21.943142049155178,14,30,0.4666666666666667
344,7.029369245108683,3,1.4712633303715847,178,21.937108194630266,8,13,0.6153846153846154
274,5.598974340580753,3,1.4712633303715847,56,21.93596438663344,11,17,0.6470588235294118
583,11.913146133425471,6,2.9425266607431695,119,21.93410139519031,7,8,0.875
700,14.303949045279296,4,1.9616844404954463,119,21.93190203963487,5,7,0.7142857142857143
111,2.26819763432286,8,3.9233688809908926,64,21.9282450793509,23,42,0.5476190476190477
723,14.77393594248133,3,1.4712633303715847,3,21.921221099473268,5,7,0.7142857142857143
319,6.5185139220629935,4,1.9616844404954463,109,21.90816897354827,10,15,0.6666666666666666
325,6.641119199593959,3,1.4712633303715847,43,21.902521694304557,9,15,0.6
446,9.113658963135094,4,1.9616844404954463,51,21.895818365507356,4,11,0.36363636363636365
243,4.9655137400040985,3,1.4712633303715847,216,21.890759332567814,10,19,0.5263157894736842
695,14.201777980670158,3,1.4712633303715847,144,21.890529635269623,5,7,0.7142857142857143
451,9.215830027744232,6,2.9425266607431695,9,21.887734718440466,8,11,0.7272727272727273
370,7.560658781076199,4,1.9616844404954463,288,21.885356532499674,7,12,0.5833333333333334
202,4.127711010209168,8,3.9233688809908926,183,21.881549525953123,12,23,0.5217391304347826
101,2.063855505104584,12,5.885053321486339,83,21.879786624697495,24,46,0.5217391304347826
72,1.4712633303715847,16,7.846737761981785,60,21.865519915789676,37,64,0.578125
569,11.627067152519885,4,1.9616844404954463,205,21.865265615965626,6,8,0.75
267,5.45593485012796,6,2.9425266607431695,148,21.86060020266956,9,17,0.5294117647058824
518,10.58492229350668,3,1.4712633303715847,510,21.854358018577074,3,8,0.375
429,8.766277343464026,8,3.9233688809908926,186,21.84269920301622,10,11,0.9090909090909091
288,5.885053321486339,8,3.9233688809908926,204,21.838451484181714,8,16,0.5
605,12.362698817705677,3,1.4712633303715847,593,21.83803183699591,6,7,0.8571428571428571
418,8.541501001323923,4,1.9616844404954463,274,21.809045488045033,8,11,0.7272727272727273
421,8.602803640089405,4,1.9616844404954463,250,21.801025446871407,8,11,0.7272727272727273
448,9.15452738897875,4,1.9616844404954463,35,21.799312898269314,5,11,0.45454545454545453
345,7.04980345803051,4,1.9616844404954463,168,21.79214491043607,6,13,0.46153846153846156
423,8.64367206593306,4,1.9616844404954463,235,21.791708578227436,8,11,0.7272727272727273
215,4.393355778192927,6,2.9425266607431695,178,21.779303893760495,12,21,0.5714285714285714
130,2.6564476798375836,12,5.885053321486339,104,21.770947723354276,15,35,0.42857142857142855
76,1.553000182058895,6,2.9425266607431695,47,21.768728581166528,34,61,0.5573770491803278
214,4.372921565271099,12,5.885053321486339,192,21.76538477883269,12,21,0.5714285714285714
713,14.569593813263054,4,1.9616844404954463,54,21.759173473972226,5,7,0.7142857142857143
264,5.394632211362477,6,2.9425266607431695,187,21.754097747724238,9,17,0.5294117647058824
454,9.277132666509715,6,2.9425266607431695,441,21.7539978629284,8,10,0.8
390,7.969343039512751,4,1.9616844404954463,108,21.747056188552257,4,12,0.3333333333333333
68,1.3895264786842745,20,9.808422202477232,49,21.74354357483123,34,68,0.5
529,10.809698635646782,4,1.9616844404954463,445,21.738739972105506,4,8,0.5
599,12.240093540174712,3,1.4712633303715847,25,21.73695725121819,5,8,0.625
693,14.160909554826503,3,1.4712633303715847,154,21.730746459932668,4,7,0.5714285714285714
686,14.01787006437371,3,1.4712633303715847,188,21.726925167529316,5,7,0.7142857142857143
363,7.417619290623406,4,1.9616844404954463,352,21.72635362665271,8,12,0.6666666666666666
122,2.492973976462963,4,1.9616844404954463,77,21.72073105907152,21,38,0.5526315789473685
96,1.9616844404954463,20,9.808422202477232,5,21.713353850407003,28,49,0.5714285714285714
414,8.459764149636612,3,1.4712633303715847,306,21.71030803960739,7,11,0.6363636363636364
571,11.66793557836354,3,1.4712633303715847,192,21.704113885925935,7,8,0.875
162,3.3103424933360657,4,1.9616844404954463,54,21.70192184346535,16,29,0.5517241379310345
364,7.438053503545234,4,1.9616844404954463,339,21.69086568130552,9,12,0.75
339,6.927198180499545,4,1.9616844404954463,228,21.674200610440156,7,13,0.5384615384615384
461,9.420172156962508,6,2.9425266607431695,391,21.665626917493984,5,10,0.5
250,5.1085532304568915,4,1.9616844404954463,115,21.66301978683299,12,19,0.631578947368421
684,13.977001638530055,3,1.4712633303715847,198,21.660815814693713,4,7,0.5714285714285714
188,3.8416320293035824,8,3.9233688809908926,45,21.655463797248235,13,25,0.52
178,3.6372899000853067,20,9.808422202477232,50,21.65532730948133,17,26,0.6538461538461539
712,14.549159600341227,6,2.9425266607431695,57,21.653893790892393,5,7,0.7142857142857143
412,8.418895723792957,3,1.4712633303715847,322,21.651242368981148,5,11,0.45454545454545453
99,2.022987079260929,4,1.9616844404954463,55,21.650358282381013,28,47,0.5957446808510638
460,9.39973794404068,4,1.9616844404954463,396,21.650006130359408,6,10,0.6
419,8.56193521424575,3,1.4712633303715847,267,21.647943836979945,7,11,0.6363636363636364
124,2.533842402306618,3,1.4712633303715847,23,21.64610921501805,22,38,0.5789473684210527
611,12.485304095236643,3,1.4712633303715847,563,21.63706040454731,5,7,0.7142857142857143
408,8.337158872105647,3,1.4712633303715847,355,21.61823219311498,5,11,0.45454545454545453
477,9.747119563711749,6,2.9425266607431695,279,21.617427549262832,6,10,0.6
52,1.0625790719350334,8,3.9233688809908926,24,21.61624408243172,51,89,0.5730337078651685
89,1.8186449500426534,12,5.885053321486339,55,21.61482415994932,29,52,0.5576923076923077
85,1.736908098355343,16,7.846737761981785,49,21.612676245663,28,54,0.5185185185185185
405,8.275856233340164,4,1.9616844404954463,378,21.609662337591594,5,11,0.45454545454545453
323,6.600250773750304,3,1.4712633303715847,66,21.595436864210498,9,15,0.6
530,10.83013284856861,3,1.4712633303715847,438,21.592629751139423,5,8,0.625
714,14.590028026184882,3,1.4712633303715847,49,21.58537181160275,5,7,0.7142857142857143
315,6.436777070375683,4,1.9616844404954463,151,21.582923236481435,7,15,0.4666666666666667
244,4.985947952925926,3,1.4712633303715847,200,21.578609744339428,11,19,0.5789473684210527
523,10.687093358115817,6,2.9425266607431695,476,21.572816914441873,3,8,0.375
456,9.31800109235337,6,2.9425266607431695,270,21.57043486107577,7,10,0.7
66,1.3486580528406193,8,3.9233688809908926,52,21.568041281892405,37,70,0.5285714285714286
665,13.588751593015331,3,1.4712633303715847,294,21.567967591135982,4,7,0.5714285714285714
527,10.768830209803127,3,1.4712633303715847,457,21.553705539618083,4,8,0.5
373,7.621961419841682,3,1.4712633303715847,260,21.550278381493918,6,12,0.5
149,3.0446977253523073,6,2.9425266607431695,41,21.547544582611206,15,31,0.4838709677419355
155,3.1673030028832727,4,1.9616844404954463,54,21.547265781222006,16,30,0.5333333333333333
271,5.53767170181527,4,1.9616844404954463,94,21.547179487734994,10,17,0.5882352941176471
625,12.771383076142229,3,1.4712633303715847,493,21.541812801326216,4,7,0.5714285714285714
73,1.4916975432934123,20,9.808422202477232,39,21.541533591939515,40,63,0.6349206349206349
189,3.86206624222541,12,5.885053321486339,25,21.539962473892345,12,25,0.48
314,6.416342857453856,3,1.4712633303715847,164,21.538309222531606,8,15,0.5333333333333333
234,4.78160582370765,12,5.885053321486339,12,21.52187622156624,12,20,0.6
215,4.393355778192927,20,9.808422202477232,143,21.51154515462993,12,21,0.5714285714285714
191,3.902934668069065,8,3.9233688809908926,180,21.50677350674553,12,24,0.5
566,11.565764513754402,3,1.4712633303715847,222,21.504972062825715,6,8,0.75
224,4.577263694489375,6,2.9425266607431695,34,21.50137636506694,10,21,0.47619047619047616
415,8.48019836255844,4,1.9616844404954463,299,21.499846738431057,9,11,0.8181818181818182
559,11.42272502330161,3,1.4712633303715847,264,21.49779899558617,6,8,0.75
532,10.871001274412265,4,1.9616844404954463,426,21.4936929833088,5,8,0.625
320,6.538948134984821,6,2.9425266607431695,98,21.486918742262343,10,15,0.6666666666666666
381,7.785435123216303,3,1.4712633303715847,189,21.474286733643137,4,12,0.3333333333333333
303,6.1915665153137525,4,1.9616844404954463,285,21.469151999695278,11,15,0.7333333333333333
519,10.605356506428507,3,1.4712633303715847,504,21.467826430213552,3,8,0.375
349,7.1315403097178205,3,1.4712633303715847,126,21.46625635496861,7,13,0.5384615384615384
481,9.82885641539906,4,1.9616844404954463,251,21.446837277444143,8,10,0.8
305,6.232434941157408,4,1.9616844404954463,264,21.44657463528784,11,15,0.7333333333333333
387,7.908040400747268,3,1.4712633303715847,133,21.438611477453854,5,12,0.4166666666666667
127,2.595145041072101,20,9.808422202477232,58,21.42909057812498,16,37,0.43243243243243246
417,8.521066788402095,4,1.9616844404954463,281,21.42706901424853,9,11,0.8181818181818182
148,3.0242635124304798,4,1.9616844404954463,64,21.417196440945006,12,31,0.3870967741935484
380,7.765000910294475,4,1.9616844404954463,199,21.416077290705367,5,12,0.4166666666666667
216,4.413789991114754,8,3.9233688809908926,161,21.41540385477018,12,21,0.5714285714285714
386,7.88760618782544,3,1.4712633303715847,144,21.414938429710844,5,12,0.4166666666666667
279,5.701145405189891,4,1.9616844404954463,271,21.41283682315149,11,16,0.6875
450,9.195395814822405,6,2.9425266607431695,290,21.405456097254987,7,10,0.7
610,12.464869882314815,4,1.9616844404954463,565,21.402400387550397,4,7,0.5714285714285714
261,5.333329572596995,3,1.4712633303715847,225,21.400636996735123,7,17,0.4117647058823529
285,5.823750682720856,16,7.846737761981785,216,21.39882739864999,12,16,0.75
310,6.334606005766545,3,1.4712633303715847,209,21.390140953135482,8,15,0.5333333333333333
127,2.595145041072101,16,7.846737761981785,63,21.38229400859051,15,36,0.4166666666666667
576,11.770106642972678,4,1.9616844404954463,162,21.379345100073607,8,8,1.0
574,11.729238217129023,4,1.9616844404954463,174,21.3787665140525,8,8,1.0
413,8.439329936714785,3,1.4712633303715847,314,21.372314185840153,6,11,0.5454545454545454
478,9.767553776633576,4,1.9616844404954463,272,21.35454078148828,6,10,0.6
202,4.127711010209168,6,2.9425266607431695,183,21.346204793516378,12,23,0.5217391304347826
350,7.151974522639648,6,2.9425266607431695,115,21.34407699728778,8,13,0.6153846153846154
432,8.827579982229508,6,2.9425266607431695,271,21.339590749652462,8,11,0.7272727272727273
467,9.542777434493473,6,2.9425266607431695,348,21.338231915849995,7,10,0.7
704,14.385685896966606,3,1.4712633303715847,98,21.335764661382232,4,7,0.5714285714285714
231,4.720303184942168,12,5.885053321486339,154,21.330626868844295,10,20,0.5
643,13.139198908735125,3,1.4712633303715847,403,21.31449741102743,4,7,0.5714285714285714
410,8.378027297949302,3,1.4712633303715847,338,21.298390021937028,6,11,0.5454545454545454
334,6.825027115890407,4,1.9616844404954463,278,21.294448060589588,7,14,0.5
724,14.794370155403158,3,1.4712633303715847,722,21.29356592337843,5,6,0.8333333333333334
629,12.853119927829539,3,1.4712633303715847,474,21.290375415787775,4,7,0.5714285714285714
210,4.291184713583789,6,2.9425266607431695,49,21.28338255608002,12,22,0.5454545454545454
428,8.745843130542198,4,1.9616844404954463,194,21.280001241140106,10,11,0.9090909090909091
466,9.522343221571646,4,1.9616844404954463,357,21.27703252502877,6,10,0.6
366,7.478921929388889,4,1.9616844404954463,324,21.274922312155454,8,12,0.6666666666666666
718,14.671764877872192,3,1.4712633303715847,27,21.272176634045337,6,7,0.8571428571428571
102,2.0842897180264117,12,5.885053321486339,86,21.26932278444427,24,45,0.5333333333333333
299,6.109829663626442,4,1.9616844404954463,31,21.26306166443588,9,16,0.5625
230,4.69986897202034,8,3.9233688809908926,169,21.25593070095565,11,20,0.55
608,12.42400145647116,3,1.4712633303715847,578,21.252973112829977,6,7,0.8571428571428571
407,8.31672465918382,4,1.9616844404954463,363,21.252743193889334,5,11,0.45454545454545453
126,2.5747108281502733,8,3.9233688809908926,91,21.25139875734315,18,37,0.4864864864864865
554,11.320553958692471,3,1.4712633303715847,294,21.243053894432013,5,8,0.625
119,2.4316713376974803,16,7.846737761981785,85,21.24231649970481,19,39,0.48717948717948717
443,9.052356324369612,4,1.9616844404954463,75,21.23874965412604,5,11,0.45454545454545453
291,5.946355960251822,12,5.885053321486339,190,21.23860828044047,6,16,0.375
104,2.125158143870067,8,3.9233688809908926,79,21.23539525995048,24,44,0.5454545454545454
193,3.94380309391272,4,1.9616844404954463,145,21.235212740693665,14,24,0.5833333333333334
123,2.5134081893847906,4,1.9616844404954463,51,21.223926549243327,22,38,0.5789473684210527
685,13.997435851451883,3,1.4712633303715847,193,21.21801881285152,4,7,0.5714285714285714
355,7.254145587248786,6,2.9425266607431695,68,21.2105851118626,7,13,0.5384615384615384
337,6.88632975465589,4,1.9616844404954463,249,21.20856993236816,8,14,0.5714285714285714
237,4.842908462473133,4,1.9616844404954463,61,21.194740094604477,9,20,0.45
194,3.964237306834548,4,1.9616844404954463,126,21.189454101431682,12,24,0.5
424,8.664106278854888,4,1.9616844404954463,226,21.186978980770462,9,11,0.8181818181818182
256,5.231158507987857,4,1.9616844404954463,35,21.175885208948312,9,18,0.5
676,13.813527935155435,3,1.4712633303715847,238,21.175158699102656,4,7,0.5714285714285714
105,2.1455923567918944,12,5.885053321486339,46,21.17223354890957,20,44,0.45454545454545453
160,3.2694740674924105,8,3.9233688809908926,97,21.17171880242617,19,29,0.6551724137931034
725,14.814804368324985,3,1.4712633303715847,718,21.17105227139746,5,6,0.8333333333333334
321,6.559382347906649,4,1.9616844404954463,87,21.1655116349094,10,15,0.6666666666666666
289,5.9054875344081665,6,2.9425266607431695,150,21.160052324455346,14,16,0.875
204,4.168579436052823,16,7.846737761981785,187,21.156662912914307,10,22,0.45454545454545453
208,4.250316287740134,20,9.808422202477232,180,21.1557248426313,9,22,0.4090909090909091
727,14.85567279416864,3,1.4712633303715847,710,21.148916558982602,5,6,0.8333333333333334
229,4.679434759098513,6,2.9425266607431695,39,21.14630000231804,11,21,0.5238095238095238
58,1.1851843494659988,16,7.846737761981785,17,21.145233611067457,43,80,0.5375
161,3.289908280414238,8,3.9233688809908926,77,21.144575770871867,20,29,0.6896551724137931
255,5.210724295066029,4,1.9616844404954463,47,21.14118194894993,8,18,0.4444444444444444
221,4.515961055723892,3,1.4712633303715847,82,21.138706763166997,10,21,0.47619047619047616
181,3.6985925388507894,4,1.9616844404954463,179,21.123170698278653,15,25,0.6
475,9.706251137868094,6,2.9425266607431695,291,21.12074807547391,6,10,0.6
692,14.140475341904676,3,1.4712633303715847,158,21.119760233168577,4,7,0.5714285714285714
287,5.864619108564511,12,5.885053321486339,213,21.11266015665046,10,16,0.625
240,4.904211101238616,16,7.846737761981785,17,21.109178508224275,13,20,0.65
358,7.315448226014269,3,1.4712633303715847,38,21.10891613111661,7,13,0.5384615384615384
313,6.395908644532028,3,1.4712633303715847,175,21.10533678815227,9,15,0.6
121,2.4725397635411355,20,9.808422202477232,16,21.093595082067697,24,39,0.6153846153846154
341,6.9680666063432,3,1.4712633303715847,208,21.092199285984712,6,13,0.46153846153846156
189,3.86206624222541,8,3.9233688809908926,25,21.081742785797456,12,25,0.48
160,3.2694740674924105,20,9.808422202477232,99,21.079817637558776,18,29,0.6206896551724138
119,2.4316713376974803,20,9.808422202477232,90,21.078863259407232,19,39,0.48717948717948717
584,11.933580346347298,4,1.9616844404954463,114,21.078681876412055,7,8,0.875
171,3.4942504096325138,6,2.9425266607431695,27,21.073160032608683,16,27,0.5925925925925926
431,8.807145769307681,8,3.9233688809908926,286,21.06975150094938,8,11,0.7272727272727273
485,9.91059326708637,4,1.9616844404954463,224,21.065394448208153,7,10,0.7
184,3.759895177616272,6,2.9425266607431695,122,21.055666332281586,10,25,0.4
81,1.6551712466680328,6,2.9425266607431695,53,21.054692081994972,30,57,0.5263157894736842
200,4.086842584365513,6,2.9425266607431695,19,21.05225013474452,13,24,0.5416666666666666
441,9.011487898525957,6,2.9425266607431695,89,21.04879088944312,5,11,0.45454545454545453
388,7.928474613669096,3,1.4712633303715847,126,21.042550431714524,5,12,0.4166666666666667
136,2.779052957368549,16,7.846737761981785,82,21.040094728993743,17,34,0.5
371,7.581092993998027,4,1.9616844404954463,280,21.03866407571328,7,12,0.5833333333333334
225,4.597697907411202,8,3.9233688809908926,64,21.03534696936582,12,21,0.5714285714285714
83,1.696039672511688,6,2.9425266607431695,47,21.032222211189875,33,56,0.5892857142857143
214,4.372921565271099,8,3.9233688809908926,191,21.026055930313714,12,21,0.5714285714285714
340,6.947632393421372,3,1.4712633303715847,218,21.02106881306474,6,13,0.46153846153846156
266,5.4355006372061325,8,3.9233688809908926,161,21.01298252632381,10,17,0.5882352941176471
222,4.53639526864572,4,1.9616844404954463,64,21.004107342039752,8,21,0.38095238095238093
61,1.2464869882314815,4,1.9616844404954463,16,20.996269078079774,40,76,0.5263157894736842
179,3.6577241130071343,4,1.9616844404954463,39,20.994933329730927,17,26,0.6538461538461539
435,8.888882620994991,4,1.9616844404954463,138,20.9944372598497,10,11,0.9090909090909091
368,7.519790355232544,3,1.4712633303715847,306,20.993136677377205,5,12,0.4166666666666667
356,7.2745798001706135,8,3.9233688809908926,56,20.991193446193723,8,13,0.6153846153846154
112,2.2886318472446874,20,9.808422202477232,71,20.974336731036967,25,41,0.6097560975609756
111,2.26819763432286,12,5.885053321486339,64,20.970239560382094,22,42,0.5238095238095238
705,14.406120109888434,3,1.4712633303715847,93,20.960601675065757,4,7,0.5714285714285714
207,4.229882074818306,8,3.9233688809908926,99,20.960211820872352,11,22,0.5
447,9.134093176056922,4,1.9616844404954463,42,20.960010252703427,5,11,0.45454545454545453
89,1.8186449500426534,8,3.9233688809908926,56,20.95111196292443,29,52,0.5576923076923077
91,1.8595133758863085,12,5.885053321486339,70,20.945790769690365,29,51,0.5686274509803921
234,4.78160582370765,8,3.9233688809908926,109,20.94528791548769,13,20,0.65
290,5.925921747329994,6,2.9425266607431695,138,20.9392155261768,13,16,0.8125
73,1.4916975432934123,16,7.846737761981785,37,20.938610082958537,44,63,0.6984126984126984
440,8.991053685604129,4,1.9616844404954463,97,20.93243577725492,6,11,0.5454545454545454
141,2.881224021977687,4,1.9616844404954463,96,20.930482411584165,24,33,0.7272727272727273
357,7.295014013092441,4,1.9616844404954463,49,20.92281246031783,7,13,0.5384615384615384
262,5.353763785518822,4,1.9616844404954463,212,20.92147522391812,8,17,0.47058823529411764
214,4.372921565271099,6,2.9425266607431695,193,20.91986536331513,12,21,0.5714285714285714
430,8.786711556385853,6,2.9425266607431695,179,20.9194961134723,11,11,1.0
253,5.169855869222374,3,1.4712633303715847,75,20.917985292582546,8,19,0.42105263157894735
292,5.966790173173649,12,5.885053321486339,189,20.917571103290715,4,16,0.25
205,4.189013648974651,6,2.9425266607431695,134,20.914906539828255,13,22,0.5909090909090909
259,5.29246114675334,8,3.9233688809908926,252,20.9111753082914,8,17,0.47058823529411764
86,1.7573423112771707,12,5.885053321486339,6,20.909571714659908,31,54,0.5740740740740741
239,4.883776888316788,4,1.9616844404954463,33,20.898880240052694,9,20,0.45
295,6.028092811939132,4,1.9616844404954463,79,20.897027521267553,7,16,0.4375
354,7.233711374326958,4,1.9616844404954463,78,20.895269832289287,7,13,0.5384615384615384
359,7.335882438936096,3,1.4712633303715847,28,20.861138808506123,5,13,0.38461538461538464
213,4.3524873523492715,4,1.9616844404954463,211,20.86015197193749,10,21,0.47619047619047616
82,1.6756054595898604,4,1.9616844404954463,10,20.850256235160373,32,57,0.5614035087719298
146,2.9833950865868246,16,7.846737761981785,43,20.844536701480777,8,32,0.25
403,8.234987807496509,3,1.4712633303715847,393,20.81995699372537,4,11,0.36363636363636365
70,1.4303949045279296,4,1.9616844404954463,46,20.809545519746884,37,66,0.5606060606060606
294,6.007658599017304,8,3.9233688809908926,84,20.808356998680722,8,16,0.5
208,4.250316287740134,16,7.846737761981785,81,20.805468099633963,13,22,0.5909090909090909
175,3.575987261319824,12,5.885053321486339,116,20.802629458729687,14,26,0.5384615384615384
75,1.5325659691370674,20,9.808422202477232,15,20.79533406301965,35,62,0.5645161290322581
511,10.441882803053886,3,1.4712633303715847,38,20.7910271176914,5,9,0.5555555555555556
173,3.535118835476169,12,5.885053321486339,27,20.788679113756313,14,27,0.5185185185185185
318,6.498079709141166,4,1.9616844404954463,120,20.787582919489434,10,15,0.6666666666666666
293,5.987224386095477,6,2.9425266607431695,100,20.787086717317877,9,16,0.5625
451,9.215830027744232,4,1.9616844404954463,10,20.78178535467513,8,11,0.7272727272727273
563,11.50446187498892,4,1.9616844404954463,240,20.781368319802887,7,8,0.875
564,11.524896087910747,3,1.4712633303715847,234,20.77261354000082,6,8,0.75
452,9.23626424066606,4,1.9616844404954463,3,20.77175726476724,7,11,0.6363636363636364
290,5.925921747329994,12,5.885053321486339,139,20.7678529080047,13,16,0.8125
126,2.5747108281502733,6,2.9425266607431695,91,20.758092061215258,18,37,0.4864864864864865
172,3.5146846225543413,8,3.9233688809908926,4,20.756721712889334,15,27,0.5555555555555556
728,14.876107007090468,3,1.4712633303715847,706,20.754370908199995,5,6,0.8333333333333334
562,11.484027662067092,3,1.4712633303715847,246,20.75111408894836,6,8,0.75
146,2.9833950865868246,20,9.808422202477232,43,20.750633874387187,8,32,0.25
607,12.403567243549332,3,1.4712633303715847,582,20.74230698687212,6,7,0.8571428571428571
107,2.1864607826355495,12,5.885053321486339,83,20.742121045594324,25,43,0.5813953488372093
400,8.173685168731026,4,1.9616844404954463,17,20.741133906303624,7,12,0.5833333333333334
85,1.736908098355343,8,3.9233688809908926,47,20.725282057235766,29,54,0.5370370370370371
306,6.252869154079235,3,1.4712633303715847,253,20.722822892957257,10,15,0.6666666666666666
639,13.057462057047815,3,1.4712633303715847,424,20.72086059002622,4,7,0.5714285714285714
183,3.7394609646944446,4,1.9616844404954463,139,20.70408200282156,13,25,0.52
145,2.962960873664997,20,9.808422202477232,62,20.704081427513845,3,32,0.09375
101,2.063855505104584,20,9.808422202477232,83,20.702123730994778,24,46,0.5217391304347826
362,7.397185077701579,3,1.4712633303715847,360,20.692013491650755,7,12,0.5833333333333334
233,4.761171610785823,16,7.846737761981785,122,20.690346066134854,11,20,0.55
377,7.703698271528992,3,1.4712633303715847,225,20.672836358378966,7,12,0.5833333333333334
185,3.7803293905380997,8,3.9233688809908926,101,20.668296066863906,13,25,0.52
105,2.1455923567918944,16,7.846737761981785,48,20.663611328369623,22,44,0.5
132,2.6973161056812387,4,1.9616844404954463,55,20.65505193908576,18,35,0.5142857142857142
690,14.09960691606102,3,1.4712633303715847,168,20.65234741683576,4,7,0.5714285714285714
147,3.003829299508652,12,5.885053321486339,31,20.65136969527564,14,32,0.4375
69,1.409960691606102,12,5.885053321486339,30,20.65093626808626,34,67,0.5074626865671642
401,8.194119381652854,3,1.4712633303715847,7,20.639288127763166,6,12,0.5
384,7.846737761981785,4,1.9616844404954463,163,20.625881912206896,7,12,0.5833333333333334
137,2.7994871702903765,6,2.9425266607431695,55,20.62235917482303,23,34,0.6764705882352942
113,2.309066060166515,16,7.846737761981785,1,20.61820450596546,24,41,0.5853658536585366
270,5.517237488893443,4,1.9616844404954463,108,20.618042050083243,12,17,0.7058823529411765
558,11.402290810379782,3,1.4712633303715847,270,20.61528580731291,6,8,0.75
189,3.86206624222541,6,2.9425266607431695,26,20.611631444281546,13,25,0.52
67,1.369092265762447,12,5.885053321486339,1,20.60329813500564,41,70,0.5857142857142857
702,14.344817471122951,3,1.4712633303715847,108,20.601099308365516,6,7,0.8571428571428571
469,9.583645860337128,4,1.9616844404954463,334,20.59211046959972,6,10,0.6
137,2.7994871702903765,16,7.846737761981785,55,20.58745027169539,23,34,0.6764705882352942
532,10.871001274412265,3,1.4712633303715847,426,20.578790535505224,5,8,0.625
92,1.879947588808136,20,9.808422202477232,30,20.566517851346603,24,51,0.47058823529411764
316,6.457211283297511,3,1.4712633303715847,143,20.562188964189303,7,15,0.4666666666666667
189,3.86206624222541,16,7.846737761981785,140,20.549340773262998,14,24,0.5833333333333334
128,2.6155792539939284,8,3.9233688809908926,33,20.539834441398735,19,36,0.5277777777777778
275,5.619408553502581,3,1.4712633303715847,41,20.53514371938524,11,17,0.6470588235294118
102,2.0842897180264117,20,9.808422202477232,83,20.53133126705213,22,45,0.4888888888888889
687,14.038304277295538,3,1.4712633303715847,182,20.520057219044777,6,7,0.8571428571428571
227,4.6385663332548575,6,2.9425266607431695,214,20.511500476098643,12,20,0.6
103,2.1047239309482393,6,2.9425266607431695,12,20.51103103653931,23,45,0.5111111111111111
150,3.065131938274135,16,7.846737761981785,17,20.50720398777477,21,31,0.6774193548387096
114,2.3295002730883425,12,5.885053321486339,38,20.50305916038376,25,41,0.6097560975609756
192,3.9233688809908926,6,2.9425266607431695,162,20.495330266393797,16,24,0.6666666666666666
716,14.630896452028537,3,1.4712633303715847,38,20.49358824946701,5,7,0.7142857142857143
265,5.415066424284305,4,1.9616844404954463,174,20.4903358779907,10,17,0.5882352941176471
168,3.432947770867031,6,2.9425266607431695,87,20.487575863596323,16,28,0.5714285714285714
557,11.381856597457954,3,1.4712633303715847,276,20.487431979769273,6,8,0.75
185,3.7803293905380997,6,2.9425266607431695,102,20.478900011492765,14,25,0.56
92,1.879947588808136,16,7.846737761981785,28,20.475462345960224,24,51,0.47058823529411764
117,2.390802911853825,20,9.808422202477232,17,20.466350932179942,26,40,0.65
463,9.461040582806163,4,1.9616844404954463,378,20.458209784000644,6,10,0.6
180,3.678158325928962,3,1.4712633303715847,18,20.453085205728136,16,26,0.6153846153846154
721,14.733067516637675,3,1.4712633303715847,11,20.44976255688842,6,7,0.8571428571428571
290,5.925921747329994,8,3.9233688809908926,137,20.448887672144977,13,16,0.8125
154,3.146868789961445,6,2.9425266607431695,77,20.434680232072346,14,30,0.4666666666666667
226,4.61813212033303,6,2.9425266607431695,2,20.42476076869866,12,21,0.5714285714285714
464,9.48147479572799,3,1.4712633303715847,370,20.403786359709322,6,10,0.6
71,1.4508291174497572,6,2.9425266607431695,68,20.402645302473207,35,65,0.5384615384615384
49,1.0012764331695507,8,3.9233688809908926,34,20.39977252835898,49,94,0.5212765957446809
312,6.3754744316102006,3,1.4712633303715847,186,20.393986857674253,9,15,0.6
514,10.503185441819369,3,1.4712633303715847,21,20.39205028437402,5,9,0.5555555555555556
100,2.0434212921827566,8,3.9233688809908926,17,20.386759739124827,26,47,0.5531914893617021
449,9.174961601900577,4,1.9616844404954463,27,20.366038326786235,7,11,0.6363636363636364
58,1.1851843494659988,12,5.885053321486339,19,20.35936206728102,43,80,0.5375
416,8.500632575480267,4,1.9616844404954463,289,20.35655204764316,9,11,0.8181818181818182
709,14.487856961575744,3,1.4712633303715847,72,20.346575476285533,5,7,0.7142857142857143
429,8.766277343464026,6,2.9425266607431695,187,20.345187688190112,10,11,0.9090909090909091
136,2.779052957368549,8,3.9233688809908926,83,20.341893340765246,18,34,0.5294117647058824
385,7.867171974903613,3,1.4712633303715847,153,20.339592027425088,6,12,0.5
300,6.13026387654827,4,1.9616844404954463,19,20.339198852377248,10,16,0.625
113,2.309066060166515,12,5.885053321486339,3,20.321772408617665,24,41,0.5853658536585366
583,11.913146133425471,4,1.9616844404954463,120,20.301639023004697,7,8,0.875
442,9.031922111447784,3,1.4712633303715847,82,20.290058449945324,5,11,0.45454545454545453
347,7.090671883874165,3,1.4712633303715847,148,20.276259106079227,7,13,0.5384615384615384
242,4.945079527082271,6,2.9425266607431695,229,20.27380606156309,11,19,0.5789473684210527
74,1.5121317562152399,20,9.808422202477232,64,20.269625670198053,29,62,0.46774193548387094
208,4.250316287740134,12,5.885053321486339,81,20.259286740233367,13,22,0.5909090909090909
515,10.523619654741196,3,1.4712633303715847,13,20.257953038434046,4,9,0.4444444444444444
474,9.685816924946266,3,1.4712633303715847,301,20.257939304352117,3,10,0.3
353,7.213277161405131,3,1.4712633303715847,88,20.255928018479544,5,13,0.38461538461538464
606,12.383133030627505,3,1.4712633303715847,588,20.254172802904904,6,7,0.8571428571428571
390,7.969343039512751,3,1.4712633303715847,106,20.251880368648774,3,12,0.25
90,1.839079162964481,4,1.9616844404954463,19,20.24470405659023,30,52,0.5769230769230769
75,1.5325659691370674,16,7.846737761981785,17,20.243050430470177,37,62,0.5967741935483871
233,4.761171610785823,8,3.9233688809908926,124,20.232616323812763,11,20,0.55
529,10.809698635646782,3,1.4712633303715847,445,20.225289293516102,4,8,0.5
283,5.782882256877201,3,1.4712633303715847,222,20.22307367036458,13,16,0.8125
317,6.477645496219338,3,1.4712633303715847,131,20.22044663949472,9,15,0.6
578,11.810975068816333,3,1.4712633303715847,151,20.20975401211603,8,8,1.0
609,12.444435669392988,3,1.4712633303715847,573,20.202804264195997,6,7,0.8571428571428571
120,2.452105550619308,16,7.846737761981785,32,20.192890479321587,20,39,0.5128205128205128
644,13.159633121656952,3,1.4712633303715847,396,20.189195800992692,4,7,0.5714285714285714
238,4.863342675394961,3,1.4712633303715847,48,20.179304805493114,9,20,0.45
382,7.80586933613813,3,1.4712633303715847,180,20.17682602980617,5,12,0.4166666666666667
77,1.5734343949807226,8,3.9233688809908926,72,20.173768543666693,30,60,0.5
383,7.826303549059958,4,1.9616844404954463,172,20.15938049845384,6,12,0.5
110,2.2477634214010322,4,1.9616844404954463,97,20.151210823023177,22,42,0.5238095238095238
176,3.5964214742416516,12,5.885053321486339,99,20.145661718445467,13,26,0.5
531,10.850567061490437,3,1.4712633303715847,432,20.14229856492987,5,8,0.625
130,2.6564476798375836,8,3.9233688809908926,104,20.14152252634944,15,35,0.42857142857142855
335,6.845461328812235,3,1.4712633303715847,269,20.131634619201424,6,14,0.42857142857142855
214,4.372921565271099,4,1.9616844404954463,194,20.125561632354167,12,21,0.5714285714285714
216,4.413789991114754,6,2.9425266607431695,160,20.121453599806394,12,21,0.5714285714285714
484,9.890159054164542,3,1.4712633303715847,230,20.110274966377624,7,10,0.7
167,3.4125135579452035,6,2.9425266607431695,91,20.100497084684267,16,28,0.5714285714285714
267,5.45593485012796,4,1.9616844404954463,147,20.085906961388844,9,17,0.5294117647058824
64,1.3077896269969642,12,5.885053321486339,35,20.082667179265584,42,72,0.5833333333333334
378,7.72413248445082,4,1.9616844404954463,216,20.082652357678967,7,12,0.5833333333333334
272,5.558105914737098,3,1.4712633303715847,82,20.078729516301124,10,17,0.5882352941176471
560,11.443159236223437,3,1.4712633303715847,258,20.073701512193146,7,8,0.875
156,3.1877372158051003,8,3.9233688809908926,28,20.07199531165415,18,30,0.6
479,9.787987989555404,3,1.4712633303715847,265,20.068099142906238,6,10,0.6
257,5.251592720909684,4,1.9616844404954463,20,20.056545383226315,9,18,0.5
68,1.3895264786842745,12,5.885053321486339,13,20.040092018435356,37,68,0.5441176470588235
439,8.970619472682301,4,1.9616844404954463,107,20.03928265299093,11,11,1.0
174,3.5555530483979965,4,1.9616844404954463,138,20.036756618004993,13,26,0.5
73,1.4916975432934123,12,5.885053321486339,38,20.031316661120627,43,63,0.6825396825396826
98,2.0025528663391015,4,1.9616844404954463,85,20.03085789572903,25,47,0.5319148936170213
268,5.476369063049788,4,1.9616844404954463,135,20.029009600702942,12,17,0.7058823529411765
165,3.3716451321015484,3,1.4712633303715847,152,20.028713108426132,15,28,0.5357142857142857
711,14.5287253874194,4,1.9616844404954463,63,20.027172213185107,5,7,0.7142857142857143
522,10.66665914519399,20,9.808422202477232,61,20.02029958851619,3,9,0.3333333333333333
376,7.683264058607165,4,1.9616844404954463,235,20.014110811210013,8,12,0.6666666666666666
426,8.704974704698543,3,1.4712633303715847,210,20.013086083935672,9,11,0.8181818181818182
73,1.4916975432934123,8,3.9233688809908926,40,19.98820914998396,39,63,0.6190476190476191
422,8.623237853011233,4,1.9616844404954463,242,19.983284592615153,8,11,0.7272727272727273
431,8.807145769307681,6,2.9425266607431695,288,19.97531048150558,8,11,0.7272727272727273
108,2.206894995557377,4,1.9616844404954463,54,19.97520355799508,29,43,0.6744186046511628
156,3.1877372158051003,6,2.9425266607431695,28,19.97484231408513,18,30,0.6
170,3.473816196710686,3,1.4712633303715847,47,19.95943135483798,14,27,0.5185185185185185
444,9.07279053729144,3,1.4712633303715847,66,19.952282080050892,4,11,0.36363636363636365
575,11.74967243005085,3,1.4712633303715847,168,19.941506192401256,8,8,1.0
477,9.747119563711749,4,1.9616844404954463,280,19.938226361232008,6,10,0.6
232,4.740737397863995,4,1.9616844404954463,138,19.92663488725084,11,20,0.55
710,14.508291174497572,3,1.4712633303715847,68,19.920344805555953,5,7,0.7142857142857143
370,7.560658781076199,3,1.4712633303715847,288,19.909997815050446,7,12,0.5833333333333334
476,9.726685350789921,3,1.4712633303715847,286,19.900233584389667,6,10,0.6
116,2.3703686989319976,3,1.4712633303715847,22,19.899975091817335,23,40,0.575
351,7.172408735561476,3,1.4712633303715847,108,19.89526081985739,8,13,0.6153846153846154
367,7.499356142310717,3,1.4712633303715847,316,19.89519853356658,6,12,0.5
311,6.355040218688373,4,1.9616844404954463,198,19.89443521009281,9,15,0.6
64,1.3077896269969642,16,7.846737761981785,34,19.892792937390094,42,72,0.5833333333333334
91,1.8595133758863085,8,3.9233688809908926,68,19.888796893340555,30,51,0.5882352941176471
533,10.891435487334093,3,1.4712633303715847,420,19.8833725959865,4,8,0.5
522,10.66665914519399,16,7.846737761981785,344,19.877784199721805,6,9,0.6666666666666666
96,1.9616844404954463,16,7.846737761981785,7,19.876894406911966,29,49,0.5918367346938775
457,9.338435305275198,4,1.9616844404954463,419,19.859910103167085,8,10,0.8
277,5.660276979346236,4,1.9616844404954463,18,19.859077845381577,12,17,0.7058823529411765
134,2.738184531524894,8,3.9233688809908926,133,19.85715965100481,20,34,0.5882352941176471
468,9.5632116474153,4,1.9616844404954463,340,19.824039463072946,6,10,0.6
365,7.4584877164670615,3,1.4712633303715847,333,19.819155148555605,9,12,0.75
166,3.392079345023376,3,1.4712633303715847,132,19.815233904904687,17,28,0.6071428571428571
404,8.255422020418337,3,1.4712633303715847,386,19.806759786205994,4,11,0.36363636363636365
194,3.964237306834548,3,1.4712633303715847,126,19.78843053767979,12,24,0.5
186,3.8007636034599273,4,1.9616844404954463,85,19.783363378291043,14,25,0.56
572,11.688369791285368,3,1.4712633303715847,187,19.77474509801465,7,8,0.875
264,5.394632211362477,4,1.9616844404954463,187,19.76792263760543,9,17,0.5294117647058824
569,11.627067152519885,3,1.4712633303715847,204,19.755789651554657,6,8,0.75
66,1.3486580528406193,6,2.9425266607431695,52,19.743500323621458,37,70,0.5285714285714286
380,7.765000910294475,3,1.4712633303715847,198,19.73575457120912,5,12,0.4166666666666667
191,3.902934668069065,6,2.9425266607431695,181,19.732567758164915,12,24,0.5
342,6.9885008192650275,3,1.4712633303715847,198,19.72498451847878,6,13,0.46153846153846156
93,1.9003818017299636,4,1.9616844404954463,85,19.721164581179938,28,49,0.5714285714285714
352,7.192842948483303,3,1.4712633303715847,99,19.71912689509021,5,13,0.38461538461538464
175,3.575987261319824,16,7.846737761981785,116,19.718365574519964,14,26,0.5384615384615384
573,11.708804004207195,4,1.9616844404954463,181,19.71302599667835,8,8,1.0
304,6.21200072823558,3,1.4712633303715847,271,19.712754750986015,11,15,0.7333333333333333
273,5.5785401276589255,3,1.4712633303715847,69,19.710541218995463,11,17,0.6470588235294118
87,1.7777765241989982,20,9.808422202477232,46,19.70697692925491,25,53,0.4716981132075472
120,2.452105550619308,12,5.885053321486339,32,19.706612172405862,20,39,0.5128205128205128
577,11.790540855894506,3,1.4712633303715847,156,19.705478464045214,8,8,1.0
111,2.26819763432286,20,9.808422202477232,63,19.692491605927426,22,42,0.5238095238095238
95,1.9412502275736188,16,7.846737761981785,54,19.663864824117727,29,49,0.5918367346938775
448,9.15452738897875,3,1.4712633303715847,35,19.658964691232153,5,11,0.45454545454545453
105,2.1455923567918944,8,3.9233688809908926,48,19.658425817040794,22,44,0.5
278,5.680711192268063,4,1.9616844404954463,5,19.656894017943586,12,17,0.7058823529411765
280,5.7215796181117184,3,1.4712633303715847,258,19.6548480007153,12,16,0.75
136,2.779052957368549,6,2.9425266607431695,83,19.64496798955386,18,34,0.5294117647058824
178,3.6372899000853067,16,7.846737761981785,47,19.6398584312139,17,26,0.6538461538461539
190,3.8825004551472375,8,3.9233688809908926,5,19.633316090489785,11,25,0.44
131,2.676881892759411,4,1.9616844404954463,81,19.631841291861623,18,35,0.5142857142857142
346,7.070237670952338,3,1.4712633303715847,158,19.619116497667772,6,13,0.46153846153846156
107,2.1864607826355495,8,3.9233688809908926,85,19.61900950469901,24,43,0.5581395348837209
406,8.296290446261992,3,1.4712633303715847,370,19.61798169555199,5,11,0.45454545454545453
111,2.26819763432286,6,2.9425266607431695,64,19.61475107083678,23,42,0.5476190476190477
101,2.063855505104584,8,3.9233688809908926,82,19.607534814336997,24,46,0.5217391304347826
188,3.8416320293035824,6,2.9425266607431695,45,19.605023744106497,13,25,0.52
97,1.982118653417274,20,9.808422202477232,26,19.58916023659923,23,48,0.4791666666666667
256,5.231158507987857,3,1.4712633303715847,34,19.58762583954128,9,18,0.5
556,11.361422384536127,3,1.4712633303715847,282,19.570001110769585,6,8,0.75
260,5.312895359675167,4,1.9616844404954463,235,19.56796657504416,9,17,0.5294117647058824
568,11.606632939598057,3,1.4712633303715847,209,19.5577107224299,6,8,0.75
601,12.280961966018367,3,1.4712633303715847,13,19.557295437309527,6,8,0.75
94,1.9208160146517912,6,2.9425266607431695,43,19.55675512647407,26,49,0.5306122448979592
74,1.5121317562152399,16,7.846737761981785,63,19.553815035111725,30,62,0.4838709677419355
715,14.61046223910671,3,1.4712633303715847,42,19.546939826091606,5,7,0.7142857142857143
120,2.452105550619308,20,9.808422202477232,31,19.542159764552203,20,39,0.5128205128205128
600,12.26052775309654,3,1.4712633303715847,18,19.53394682935602,6,8,0.75
254,5.190290082144202,3,1.4712633303715847,62,19.532500269410434,7,18,0.3888888888888889
175,3.575987261319824,8,3.9233688809908926,118,19.529040686739048,14,26,0.5384615384615384
74,1.5121317562152399,8,3.9233688809908926,64,19.527846710368983,29,62,0.46774193548387094
446,9.113658963135094,3,1.4712633303715847,50,19.527711645592017,4,11,0.36363636363636365
175,3.575987261319824,20,9.808422202477232,119,19.52658956050481,14,26,0.5384615384615384
288,5.885053321486339,6,2.9425266607431695,162,19.515287382481354,15,16,0.9375
251,5.128987443378719,3,1.4712633303715847,104,19.51490687063763,9,19,0.47368421052631576
85,1.736908098355343,6,2.9425266607431695,48,19.510717414303322,29,54,0.5370370370370371
259,5.29246114675334,6,2.9425266607431695,250,19.50922244731863,10,17,0.5882352941176471
125,2.5542766152284457,4,1.9616844404954463,115,19.50300785378627,21,37,0.5675675675675675
211,4.311618926505616,4,1.9616844404954463,31,19.502958801914655,11,22,0.5
303,6.1915665153137525,3,1.4712633303715847,285,19.471851069902964,11,15,0.7333333333333333
102,2.0842897180264117,16,7.846737761981785,85,19.46835107582004,23,45,0.5111111111111111
206,4.209447861896479,3,1.4712633303715847,115,19.467563908107362,10,22,0.45454545454545453
339,6.927198180499545,3,1.4712633303715847,228,19.460582226944787,7,13,0.5384615384615384
92,1.879947588808136,12,5.885053321486339,30,19.453648409894434,24,51,0.47058823529411764
427,8.72540891762037,4,1.9616844404954463,203,19.452778950051208,9,11,0.8181818181818182
374,7.64239563276351,3,1.4712633303715847,250,19.436595522438893,6,12,0.5
119,2.4316713376974803,12,5.885053321486339,48,19.42795320351147,21,39,0.5384615384615384
336,6.865895541734062,3,1.4712633303715847,258,19.415836128452543,8,14,0.5714285714285714
56,1.1443159236223437,20,9.808422202477232,15,19.41312732052028,52,83,0.6265060240963856
58,1.1851843494659988,8,3.9233688809908926,21,19.404433724152696,44,80,0.55
158,3.2286056416487554,4,1.9616844404954463,143,19.404208389313567,15,29,0.5172413793103449
119,2.4316713376974803,8,3.9233688809908926,48,19.402977475236792,21,39,0.5384615384615384
294,6.007658599017304,6,2.9425266607431695,85,19.393755170350463,8,16,0.5
363,7.417619290623406,3,1.4712633303715847,351,19.389910824109656,9,12,0.75
343,7.008935032186855,3,1.4712633303715847,188,19.382759968751053,7,13,0.5384615384615384
128,2.6155792539939284,20,9.808422202477232,111,19.37852374466502,21,36,0.5833333333333334
52,1.0625790719350334,6,2.9425266607431695,23,19.373437042660104,51,89,0.5730337078651685
160,3.2694740674924105,6,2.9425266607431695,96,19.357777522363172,19,29,0.6551724137931034
58,1.1851843494659988,6,2.9425266607431695,23,19.35264611684189,44,80,0.55
128,2.6155792539939284,12,5.885053321486339,34,19.341008332458827,19,36,0.5277777777777778
101,2.063855505104584,6,2.9425266607431695,82,19.33947730109972,24,46,0.5217391304347826
207,4.229882074818306,6,2.9425266607431695,98,19.32064641745705,11,22,0.5
203,4.148145223130996,12,5.885053321486339,167,19.30301769888471,13,23,0.5652173913043478
700,14.303949045279296,3,1.4712633303715847,118,19.29483163520388,5,7,0.7142857142857143
443,9.052356324369612,3,1.4712633303715847,74,19.292956237849996,5,11,0.45454545454545453
104,2.125158143870067,6,2.9425266607431695,80,19.29191851581222,24,44,0.5454545454545454
428,8.745843130542198,3,1.4712633303715847,193,19.29001210702365,10,11,0.9090909090909091
356,7.2745798001706135,6,2.9425266607431695,57,19.285824233617504,7,13,0.5384615384615384
415,8.48019836255844,3,1.4712633303715847,298,19.285295722346383,9,11,0.8181818181818182
523,10.687093358115817,4,1.9616844404954463,476,19.280472466393004,3,8,0.375
354,7.233711374326958,3,1.4712633303715847,78,19.278340267680843,7,13,0.5384615384615384
279,5.701145405189891,3,1.4712633303715847,269,19.269780344977576,12,16,0.75
459,9.379303731118853,4,1.9616844404954463,406,19.269539743975443,8,10,0.8
389,7.948908826590923,4,1.9616844404954463,115,19.266438492572263,4,12,0.3333333333333333
423,8.64367206593306,3,1.4712633303715847,234,19.254132218407065,7,11,0.6363636363636364
74,1.5121317562152399,12,5.885053321486339,62,19.253599237437108,29,62,0.46774193548387094
561,11.463593449145264,3,1.4712633303715847,252,19.250892279393945,7,8,0.875
97,1.982118653417274,12,5.885053321486339,30,19.227489276634078,25,48,0.5208333333333334
441,9.011487898525957,4,1.9616844404954463,91,19.224660122715836,6,11,0.5454545454545454
72,1.4712633303715847,8,3.9233688809908926,58,19.219966599628144,40,64,0.625
145,2.962960873664997,12,5.885053321486339,139,19.212013410769593,26,31,0.8387096774193549
97,1.982118653417274,16,7.846737761981785,30,19.20990027640781,25,48,0.5208333333333334
155,3.1673030028832727,3,1.4712633303715847,54,19.20191961704048,16,30,0.5333333333333333
135,2.7586187444467214,16,7.846737761981785,107,19.19763217965446,21,34,0.6176470588235294
54,1.1034474977786886,20,9.808422202477232,45,19.186990663369308,50,85,0.5882352941176471
145,2.962960873664997,6,2.9425266607431695,139,19.182127213163927,26,31,0.8387096774193549
201,4.107276797287341,3,1.4712633303715847,0,19.18119756962089,12,24,0.5
95,1.9412502275736188,12,5.885053321486339,54,19.178687215524715,29,49,0.5918367346938775
445,9.093224750213267,3,1.4712633303715847,58,19.1585056666299,4,11,0.36363636363636365
338,6.906763967577717,3,1.4712633303715847,238,19.154514841385968,8,14,0.5714285714285714
433,8.848014195151336,4,1.9616844404954463,154,19.14866191529524,11,11,1.0
121,2.4725397635411355,16,7.846737761981785,17,19.142688168815084,24,39,0.6153846153846154
407,8.31672465918382,3,1.4712633303715847,362,19.138687726172495,5,11,0.45454545454545453
169,3.4533819837888586,4,1.9616844404954463,68,19.133618900380036,17,28,0.6071428571428571
128,2.6155792539939284,6,2.9425266607431695,33,19.130530655015907,19,36,0.5277777777777778
218,4.454658416958409,4,1.9616844404954463,128,19.128375704459327,14,21,0.6666666666666666
54,1.1034474977786886,12,5.885053321486339,52,19.1246417167617,50,85,0.5882352941176471
230,4.69986897202034,6,2.9425266607431695,167,19.112385274749432,11,20,0.55
425,8.684540491776715,3,1.4712633303715847,217,19.11082560879854,9,11,0.8181818181818182
67,1.369092265762447,8,3.9233688809908926,3,19.075835259976955,38,70,0.5428571428571428
223,4.556829481567547,4,1.9616844404954463,49,19.071781517796676,9,21,0.42857142857142855
585,11.954014559269126,4,1.9616844404954463,109,19.043960525335788,7,8,0.875
258,5.272026933831512,3,1.4712633303715847,6,19.043109919056842,7,18,0.3888888888888889
225,4.597697907411202,6,2.9425266607431695,63,19.042050463980974,13,21,0.6190476190476191
54,1.1034474977786886,16,7.846737761981785,1,19.038411270443564,53,86,0.6162790697674418
105,2.1455923567918944,20,9.808422202477232,47,19.034840348856235,19,44,0.4318181818181818
177,3.616855687163479,20,9.808422202477232,37,19.024456587851105,13,26,0.5
285,5.823750682720856,12,5.885053321486339,221,19.02349394402996,11,16,0.6875
440,8.991053685604129,3,1.4712633303715847,97,19.022150966299908,6,11,0.5454545454545454
281,5.742013831033546,3,1.4712633303715847,245,19.01575384301853,12,16,0.75
463,9.461040582806163,3,1.4712633303715847,377,19.01133816094779,6,10,0.6
140,2.8607898090558592,3,1.4712633303715847,116,19.00844650523141,26,33,0.7878787878787878
460,9.39973794404068,3,1.4712633303715847,396,19.005452027426106,6,10,0.6
68,1.3895264786842745,16,7.846737761981785,51,19.00316955920343,33,68,0.4852941176470588
421,8.602803640089405,3,1.4712633303715847,250,18.990098454313706,8,11,0.7272727272727273
434,8.868448408073164,3,1.4712633303715847,146,18.98025087156593,11,11,1.0
478,9.767553776633576,3,1.4712633303715847,272,18.9794458113992,6,10,0.6
522,10.66665914519399,12,5.885053321486339,345,18.969504233508946,6,9,0.6666666666666666
172,3.5146846225543413,6,2.9425266607431695,5,18.951996753933667,16,27,0.5925925925925926
405,8.275856233340164,3,1.4712633303715847,378,18.948257906993053,5,11,0.45454545454545453
451,9.215830027744232,3,1.4712633303715847,10,18.944578945760888,8,11,0.7272727272727273
570,11.647501365441713,4,1.9616844404954463,198,18.941274067550395,7,8,0.875
483,9.869724841242714,3,1.4712633303715847,237,18.938464385953665,8,10,0.8
345,7.04980345803051,3,1.4712633303715847,168,18.933729371947198,6,13,0.46153846153846156
78,1.5938686079025501,8,3.9233688809908926,30,18.931000170065463,34,60,0.5666666666666667
210,4.291184713583789,4,1.9616844404954463,48,18.92785411477044,11,22,0.5
293,5.987224386095477,4,1.9616844404954463,101,18.919342542519907,9,16,0.5625
92,1.879947588808136,8,3.9233688809908926,30,18.91625795858284,24,51,0.47058823529411764
712,14.549159600341227,4,1.9616844404954463,59,18.91112317620607,5,7,0.7142857142857143
117,2.390802911853825,12,5.885053321486339,12,18.909759841779795,21,40,0.525
233,4.761171610785823,6,2.9425266607431695,124,18.908443396024637,11,20,0.55
224,4.577263694489375,4,1.9616844404954463,35,18.905082535240155,10,21,0.47619047619047616
63,1.2873554140751367,20,9.808422202477232,3,18.89967701589676,36,74,0.4864864864864865
481,9.82885641539906,3,1.4712633303715847,250,18.899041882232687,8,10,0.8
462,9.440606369884335,4,1.9616844404954463,383,18.897450461395355,5,10,0.5
318,6.498079709141166,3,1.4712633303715847,120,18.890468207488585,10,15,0.6666666666666666
292,5.966790173173649,8,3.9233688809908926,112,18.888788990916893,13,16,0.8125
176,3.5964214742416516,8,3.9233688809908926,98,18.872273740156302,13,26,0.5
240,4.904211101238616,4,1.9616844404954463,19,18.850757242182528,13,20,0.65
91,1.8595133758863085,6,2.9425266607431695,67,18.84921613313335,30,51,0.5882352941176471
203,4.148145223130996,16,7.846737761981785,197,18.845062477172473,11,22,0.5
105,2.1455923567918944,6,2.9425266607431695,48,18.842933939953564,22,44,0.5
151,3.0855661511959624,4,1.9616844404954463,145,18.838842191133327,22,30,0.7333333333333333
208,4.250316287740134,8,3.9233688809908926,83,18.838775779569804,13,22,0.5909090909090909
375,7.662829845685337,3,1.4712633303715847,244,18.821856339123357,7,12,0.5833333333333334
86,1.7573423112771707,8,3.9233688809908926,7,18.815502971878914,32,54,0.5925925925925926
480,9.808422202477232,3,1.4712633303715847,259,18.806368810103418,8,10,0.8
399,8.153250955809199,3,1.4712633303715847,28,18.805777635271987,7,12,0.5833333333333334
114,2.3295002730883425,6,2.9425266607431695,54,18.783853502038887,22,41,0.5365853658536586
148,3.0242635124304798,3,1.4712633303715847,64,18.77068235438956,12,31,0.3870967741935484
282,5.762448043955374,3,1.4712633303715847,229,18.755296201951396,13,16,0.8125
266,5.4355006372061325,6,2.9425266607431695,161,18.750115714205364,10,17,0.5882352941176471
205,4.189013648974651,4,1.9616844404954463,134,18.74411602890964,13,22,0.5909090909090909
482,9.849290628320887,3,1.4712633303715847,243,18.73363832302052,8,10,0.8
117,2.390802911853825,16,7.846737761981785,106,18.731256770907656,22,39,0.5641025641025641
475,9.706251137868094,4,1.9616844404954463,292,18.715595113620974,6,10,0.6
178,3.6372899000853067,12,5.885053321486339,56,18.71011291454747,17,26,0.6538461538461539
79,1.6143028208243777,4,1.9616844404954463,64,18.70913619424625,30,58,0.5172413793103449
418,8.541501001323923,3,1.4712633303715847,274,18.70861180461131,8,11,0.7272727272727273
145,2.962960873664997,8,3.9233688809908926,139,18.703331688066374,26,31,0.8387096774193549
337,6.88632975465589,3,1.4712633303715847,248,18.695198873862438,8,14,0.5714285714285714
610,12.464869882314815,3,1.4712633303715847,564,18.69283809686588,4,7,0.5714285714285714
162,3.3103424933360657,3,1.4712633303715847,54,18.688538004989752,16,29,0.5517241379310345
265,5.415066424284305,3,1.4712633303715847,173,18.67732088425188,10,17,0.5882352941176471
51,1.0421448590132059,20,9.808422202477232,39,18.673220681853074,49,91,0.5384615384615384
133,2.7177503186030663,8,3.9233688809908926,28,18.67155467273964,21,35,0.6
438,8.950185259760474,3,1.4712633303715847,114,18.66861126702655,10,11,0.9090909090909091
357,7.295014013092441,3,1.4712633303715847,49,18.649684255002345,7,13,0.5384615384615384
231,4.720303184942168,8,3.9233688809908926,154,18.649352393491625,10,20,0.5
417,8.521066788402095,3,1.4712633303715847,281,18.637347248292585,9,11,0.8181818181818182
295,6.028092811939132,3,1.4712633303715847,79,18.62665524796457,7,16,0.4375
150,3.065131938274135,12,5.885053321486339,19,18.622954724735457,19,31,0.6129032258064516
470,9.604080073258956,3,1.4712633303715847,327,18.606127253102027,6,10,0.6
234,4.78160582370765,6,2.9425266607431695,108,18.603595339599455,13,20,0.65
195,3.9846715197563753,4,1.9616844404954463,107,18.599033944991643,12,24,0.5
214,4.372921565271099,3,1.4712633303715847,193,18.584211092630643,12,21,0.5714285714285714
127,2.595145041072101,4,1.9616844404954463,62,18.576560013343272,15,36,0.4166666666666667
144,2.9425266607431695,8,3.9233688809908926,58,18.572812613095927,18,32,0.5625
236,4.8224742495513055,4,1.9616844404954463,79,18.57175102727861,9,20,0.45
284,5.803316469799029,4,1.9616844404954463,211,18.56386010471294,13,16,0.8125
322,6.579816560828476,4,1.9616844404954463,77,18.560332815469476,11,15,0.7333333333333333
182,3.719026751772617,4,1.9616844404954463,157,18.560223734433734,16,25,0.64
159,3.249039854570583,12,5.885053321486339,119,18.55469193452819,19,29,0.6551724137931034
576,11.770106642972678,3,1.4712633303715847,162,18.553005341271035,8,8,1.0
149,3.0446977253523073,4,1.9616844404954463,42,18.54971215686127,15,31,0.4838709677419355
366,7.478921929388889,3,1.4712633303715847,322,18.54418286830327,7,12,0.5833333333333334
255,5.210724295066029,3,1.4712633303715847,47,18.541472644945806,8,18,0.4444444444444444
371,7.581092993998027,3,1.4712633303715847,279,18.53059552838568,7,12,0.5833333333333334
87,1.7777765241989982,16,7.846737761981785,52,18.523783976361962,28,53,0.5283018867924528
239,4.883776888316788,3,1.4712633303715847,33,18.51615100424719,9,20,0.45
384,7.846737761981785,3,1.4712633303715847,163,18.507801654731807,7,12,0.5833333333333334
117,2.390802911853825,8,3.9233688809908926,10,18.490804926357242,21,40,0.525
291,5.946355960251822,8,3.9233688809908926,127,18.48989046597984,13,16,0.8125
119,2.4316713376974803,6,2.9425266607431695,49,18.477724265209147,21,39,0.5384615384615384
447,9.134093176056922,3,1.4712633303715847,42,18.475074985623323,5,11,0.45454545454545453
217,4.434224204036582,3,1.4712633303715847,145,18.47185005227592,13,21,0.6190476190476191
63,1.2873554140751367,16,7.846737761981785,1,18.47114179179175,37,74,0.5
302,6.171132302391925,3,1.4712633303715847,296,18.466495734486447,11,15,0.7333333333333333
232,4.740737397863995,3,1.4712633303715847,138,18.463287208693473,11,20,0.55
321,6.559382347906649,3,1.4712633303715847,86,18.45851538619663,10,15,0.6666666666666666
584,11.933580346347298,3,1.4712633303715847,114,18.452971261333865,7,8,0.875
88,1.7982107371208258,20,9.808422202477232,48,18.442499114650218,29,53,0.5471698113207547
54,1.1034474977786886,8,3.9233688809908926,0,18.433617360594805,52,86,0.6046511627906976
69,1.409960691606102,8,3.9233688809908926,30,18.428632262313656,35,67,0.5223880597014925
315,6.436777070375683,3,1.4712633303715847,151,18.428271956996596,7,15,0.4666666666666667
286,5.844184895642684,12,5.885053321486339,211,18.405055112668474,12,16,0.75
173,3.535118835476169,8,3.9233688809908926,158,18.402387474848336,13,26,0.5
159,3.249039854570583,16,7.846737761981785,116,18.401836811557093,19,29,0.6551724137931034
355,7.254145587248786,4,1.9616844404954463,68,18.393436490851283,7,13,0.5384615384615384
74,1.5121317562152399,6,2.9425266607431695,63,18.392262415991237,30,62,0.4838709677419355
78,1.5938686079025501,6,2.9425266607431695,28,18.377965241004297,33,60,0.55
237,4.842908462473133,3,1.4712633303715847,61,18.376064234423716,9,20,0.45
713,14.569593813263054,3,1.4712633303715847,53,18.37584803681777,6,7,0.8571428571428571
320,6.538948134984821,4,1.9616844404954463,99,18.373007050961476,10,15,0.6666666666666666
86,1.7573423112771707,6,2.9425266607431695,6,18.36550862427505,31,54,0.5740740740740741
319,6.5185139220629935,3,1.4712633303715847,108,18.363656069805817,10,15,0.6666666666666666
159,3.249039854570583,20,9.808422202477232,115,18.36179667095163,19,29,0.6551724137931034
235,4.802040036629478,4,1.9616844404954463,93,18.345605192442463,10,20,0.5
146,2.9833950865868246,8,3.9233688809908926,113,18.33960550375347,26,31,0.8387096774193549
468,9.5632116474153,3,1.4712633303715847,340,18.32376664291403,6,10,0.6
161,3.289908280414238,6,2.9425266607431695,77,18.30283485065649,20,29,0.6896551724137931
61,1.2464869882314815,3,1.4712633303715847,16,18.295915251571266,40,76,0.5263157894736842
126,2.5747108281502733,4,1.9616844404954463,91,18.29525771031202,18,37,0.4864864864864865
109,2.2273292084792047,4,1.9616844404954463,19,18.27376516511688,27,43,0.627906976744186
437,8.929751046838646,4,1.9616844404954463,123,18.260862847418462,10,11,0.9090909090909091
461,9.420172156962508,4,1.9616844404954463,391,18.25512168957769,5,10,0.5
450,9.195395814822405,4,1.9616844404954463,19,18.24701331679182,7,11,0.6363636363636364
193,3.94380309391272,3,1.4712633303715847,145,18.224090122376925,14,24,0.5833333333333334
65,1.3282238399187918,20,9.808422202477232,40,18.217402813823202,35,71,0.49295774647887325
262,5.353763785518822,3,1.4712633303715847,212,18.21537766435398,8,17,0.47058823529411764
64,1.3077896269969642,8,3.9233688809908926,35,18.209773876920384,42,72,0.5833333333333334
416,8.500632575480267,3,1.4712633303715847,289,18.201465220715598,9,11,0.8181818181818182
271,5.53767170181527,3,1.4712633303715847,93,18.190718348413924,10,17,0.5882352941176471
583,11.913146133425471,3,1.4712633303715847,120,18.18687388810413,7,8,0.875
204,4.168579436052823,8,3.9233688809908926,148,18.162840969280065,13,22,0.5909090909090909
178,3.6372899000853067,8,3.9233688809908926,56,18.158642042973725,17,26,0.6538461538461539
107,2.1864607826355495,6,2.9425266607431695,85,18.15255839276099,24,43,0.5581395348837209
290,5.925921747329994,4,1.9616844404954463,138,18.14621584302631,13,16,0.8125
184,3.759895177616272,4,1.9616844404954463,123,18.13241641651524,10,25,0.4
152,3.10600036411779,4,1.9616844404954463,121,18.119908376811576,21,30,0.7
99,2.022987079260929,3,1.4712633303715847,55,18.112777930232237,28,47,0.5957446808510638
485,9.91059326708637,3,1.4712633303715847,224,18.103853122908852,7,10,0.7
75,1.5325659691370674,12,5.885053321486339,19,18.09033180678103,34,62,0.5483870967741935
181,3.6985925388507894,3,1.4712633303715847,179,18.084297148814162,15,25,0.6
203,4.148145223130996,20,9.808422202477232,195,18.08418068861901,11,22,0.5
453,9.256698453587887,4,1.9616844404954463,445,18.08011446205226,8,10,0.8
153,3.1264345770396176,4,1.9616844404954463,100,18.076004689456877,21,30,0.7
334,6.825027115890407,3,1.4712633303715847,277,18.075027655991338,7,14,0.5
287,5.864619108564511,8,3.9233688809908926,215,18.07241225470799,9,16,0.5625
129,2.636013466915756,4,1.9616844404954463,6,18.07178901579922,14,36,0.3888888888888889
118,2.4112371247756528,8,3.9233688809908926,117,18.06847185428766,27,39,0.6923076923076923
269,5.496803275971615,4,1.9616844404954463,122,18.05444671697546,11,17,0.6470588235294118
458,9.358869518197025,4,1.9616844404954463,267,18.053020330588343,7,10,0.7
203,4.148145223130996,8,3.9233688809908926,168,18.041758369602707,13,22,0.5909090909090909
85,1.736908098355343,20,9.808422202477232,49,18.037930216678472,27,54,0.5
62,1.266921201153309,4,1.9616844404954463,23,18.034676945391222,44,75,0.5866666666666667
190,3.8825004551472375,6,2.9425266607431695,5,18.027398668025313,11,25,0.44
120,2.452105550619308,8,3.9233688809908926,34,18.02567891125389,20,39,0.5128205128205128
219,4.475092629880237,3,1.4712633303715847,114,18.00775831559365,15,21,0.7142857142857143
141,2.881224021977687,3,1.4712633303715847,94,18.0055984934125,25,33,0.7575757575757576
213,4.3524873523492715,3,1.4712633303715847,210,17.997097564271577,10,21,0.47619047619047616
135,2.7586187444467214,20,9.808422202477232,58,17.98396123652636,17,34,0.5
135,2.7586187444467214,12,5.885053321486339,109,17.979700138840585,20,34,0.5882352941176471
114,2.3295002730883425,8,3.9233688809908926,40,17.976061901585226,25,41,0.6097560975609756
436,8.909316833916819,4,1.9616844404954463,133,17.958634840666452,10,11,0.9090909090909091
91,1.8595133758863085,16,7.846737761981785,67,17.95674006540142,30,51,0.5882352941176471
113,2.309066060166515,20,9.808422202477232,112,17.945363627656903,23,41,0.5609756097560976
241,4.924645314160443,4,1.9616844404954463,2,17.929266373325603,12,20,0.6
477,9.747119563711749,3,1.4712633303715847,279,17.926920161430115,6,10,0.6
123,2.5134081893847906,3,1.4712633303715847,49,17.92471351137941,20,38,0.5263157894736842
138,2.819921383212204,4,1.9616844404954463,30,17.909362652749692,21,34,0.6176470588235294
137,2.7994871702903765,4,1.9616844404954463,56,17.90362108797405,23,34,0.6764705882352942
435,8.888882620994991,3,1.4712633303715847,137,17.901497512893386,10,11,0.9090909090909091
305,6.232434941157408,3,1.4712633303715847,263,17.892508213913626,11,15,0.7333333333333333
216,4.413789991114754,4,1.9616844404954463,162,17.886795818347395,13,21,0.6190476190476191
64,1.3077896269969642,20,9.808422202477232,35,17.884267983100248,42,72,0.5833333333333334
176,3.5964214742416516,16,7.846737761981785,98,17.872315914168823,13,26,0.5
574,11.729238217129023,3,1.4712633303715847,174,17.865515625478174,8,8,1.0
139,2.8403555961340317,4,1.9616844404954463,5,17.862539958122,25,34,0.7352941176470589
57,1.1647501365441713,20,9.808422202477232,46,17.86037755045807,39,81,0.48148148148148145
278,5.680711192268063,3,1.4712633303715847,4,17.85779073025374,12,17,0.7058823529411765
97,1.982118653417274,8,3.9233688809908926,30,17.856180123194736,25,48,0.5208333333333334
49,1.0012764331695507,6,2.9425266607431695,33,17.843848355197867,50,94,0.5319148936170213
424,8.664106278854888,3,1.4712633303715847,225,17.824608536547853,9,11,0.8181818181818182
183,3.7394609646944446,3,1.4712633303715847,139,17.820165684346755,13,25,0.52
250,5.1085532304568915,3,1.4712633303715847,114,17.811605191149226,12,19,0.631578947368421
134,2.738184531524894,6,2.9425266607431695,2,17.792660936221807,19,35,0.5428571428571428
432,8.827579982229508,4,1.9616844404954463,162,17.781523501433632,11,11,1.0
175,3.575987261319824,6,2.9425266607431695,115,17.77824814018458,15,26,0.5769230769230769
433,8.848014195151336,3,1.4712633303715847,154,17.7669705840014,11,11,1.0
467,9.542777434493473,4,1.9616844404954463,350,17.75348381402196,7,10,0.7
130,2.6564476798375836,6,2.9425266607431695,106,17.744334342672957,15,35,0.42857142857142855
277,5.660276979346236,3,1.4712633303715847,17,17.726038291947955,12,17,0.7058823529411765
466,9.522343221571646,3,1.4712633303715847,356,17.707848785496,6,10,0.6
122,2.492973976462963,3,1.4712633303715847,77,17.70605695704079,21,38,0.5526315789473685
95,1.9412502275736188,8,3.9233688809908926,54,17.705272283781106,29,49,0.5918367346938775
157,3.208171428726928,3,1.4712633303715847,8,17.704081030790377,14,30,0.4666666666666667
563,11.50446187498892,3,1.4712633303715847,241,17.69155942821185,7,8,0.875
222,4.53639526864572,3,1.4712633303715847,64,17.664890092940315,8,21,0.38095238095238093
452,9.23626424066606,3,1.4712633303715847,2,17.644056288763043,8,11,0.7272727272727273
292,5.966790173173649,6,2.9425266607431695,113,17.63666180490913,13,16,0.8125
106,2.166026569713722,16,7.846737761981785,12,17.629615253356434,25,44,0.5681818181818182
87,1.7777765241989982,12,5.885053321486339,50,17.629082413126557,28,53,0.5283018867924528
299,6.109829663626442,3,1.4712633303715847,30,17.622031393070177,9,16,0.5625
113,2.309066060166515,6,2.9425266607431695,1,17.61451626440295,24,41,0.5853658536585366
73,1.4916975432934123,6,2.9425266607431695,41,17.595202159366522,39,63,0.6190476190476191
176,3.5964214742416516,6,2.9425266607431695,99,17.591988899732012,13,26,0.5
289,5.9054875344081665,4,1.9616844404954463,151,17.585964954753088,15,16,0.9375
58,1.1851843494659988,4,1.9616844404954463,23,17.584602357407643,44,80,0.55
459,9.379303731118853,3,1.4712633303715847,405,17.559609121483433,8,10,0.8
55,1.1238817107005161,4,1.9616844404954463,43,17.554484501943225,48,84,0.5714285714285714
453,9.256698453587887,3,1.4712633303715847,445,17.548997654356715,8,10,0.8
144,2.9425266607431695,6,2.9425266607431695,61,17.54491277594558,15,32,0.46875
711,14.5287253874194,3,1.4712633303715847,63,17.539270167630914,5,7,0.7142857142857143
228,4.659000546176685,4,1.9616844404954463,53,17.53211901710565,14,21,0.6666666666666666
185,3.7803293905380997,4,1.9616844404954463,103,17.529185201733224,14,25,0.56
96,1.9616844404954463,12,5.885053321486339,7,17.52391228705324,29,49,0.5918367346938775
389,7.948908826590923,3,1.4712633303715847,116,17.520034439595488,4,12,0.3333333333333333
267,5.45593485012796,3,1.4712633303715847,147,17.51050978448895,9,17,0.5294117647058824
422,8.623237853011233,3,1.4712633303715847,242,17.498360265938775,8,11,0.7272727272727273
210,4.291184713583789,3,1.4712633303715847,48,17.48505061899244,11,22,0.5
54,1.1034474977786886,6,2.9425266607431695,53,17.460569870862056,51,85,0.6
60,1.226052775309654,8,3.9233688809908926,19,17.438617279661727,45,77,0.5844155844155844
712,14.549159600341227,3,1.4712633303715847,58,17.438555194145476,5,7,0.7142857142857143
92,1.879947588808136,6,2.9425266607431695,30,17.423929790918024,24,51,0.47058823529411764
242,4.945079527082271,4,1.9616844404954463,231,17.421067900734332,12,19,0.631578947368421
142,2.9016582348995144,4,1.9616844404954463,66,17.415819690919413,28,33,0.8484848484848485
106,2.166026569713722,12,5.885053321486339,14,17.409514775344565,26,44,0.5909090909090909
82,1.6756054595898604,3,1.4712633303715847,8,17.407070762841336,30,57,0.5263157894736842
350,7.151974522639648,4,1.9616844404954463,116,17.40223716459893,7,13,0.5384615384615384
67,1.369092265762447,6,2.9425266607431695,3,17.38134945508939,38,70,0.5428571428571428
431,8.807145769307681,4,1.9616844404954463,288,17.377446419130024,8,11,0.7272727272727273
257,5.251592720909684,3,1.4712633303715847,20,17.375703511430014,9,18,0.5
76,1.553000182058895,4,1.9616844404954463,47,17.37359495822593,34,61,0.5573770491803278
469,9.583645860337128,3,1.4712633303715847,335,17.36495350514457,6,10,0.6
300,6.13026387654827,3,1.4712633303715847,18,17.35286309105724,10,16,0.625
100,2.0434212921827566,6,2.9425266607431695,14,17.352862232436035,28,47,0.5957446808510638
209,4.270750500661961,4,1.9616844404954463,63,17.349882894765024,12,22,0.5454545454545454
205,4.189013648974651,3,1.4712633303715847,133,17.32709633322774,13,22,0.5909090909090909
378,7.72413248445082,3,1.4712633303715847,216,17.326697894397117,7,12,0.5833333333333334
356,7.2745798001706135,4,1.9616844404954463,59,17.324722699888984,7,13,0.5384615384615384
132,2.6973161056812387,3,1.4712633303715847,54,17.322615029247306,17,35,0.4857142857142857
400,8.173685168731026,3,1.4712633303715847,17,17.31479620196034,7,12,0.5833333333333334
77,1.5734343949807226,6,2.9425266607431695,0,17.314567644332552,28,61,0.45901639344262296
212,4.332053139427444,4,1.9616844404954463,14,17.30547939684277,13,22,0.5909090909090909
171,3.4942504096325138,4,1.9616844404954463,26,17.29741997554048,16,27,0.5925925925925926
179,3.6577241130071343,3,1.4712633303715847,38,17.272784718319503,18,26,0.6923076923076923
80,1.6347370337462053,12,5.885053321486339,19,17.271429059586577,35,58,0.603448275862069
177,3.616855687163479,6,2.9425266607431695,79,17.268516156847,15,26,0.5769230769230769
146,2.9833950865868246,6,2.9425266607431695,114,17.258834733096926,26,31,0.8387096774193549
154,3.146868789961445,4,1.9616844404954463,76,17.252877564935527,15,30,0.5
63,1.2873554140751367,12,5.885053321486339,62,17.25086713754698,36,73,0.4931506849315068
174,3.5555530483979965,3,1.4712633303715847,138,17.245253672950557,13,26,0.5
102,2.0842897180264117,8,3.9233688809908926,84,17.225172975508826,24,45,0.5333333333333333
523,10.687093358115817,3,1.4712633303715847,476,17.198791983861522,3,8,0.375
429,8.766277343464026,4,1.9616844404954463,187,17.193860833035856,10,11,0.9090909090909091
285,5.823750682720856,8,3.9233688809908926,221,17.189526702770376,11,16,0.6875
146,2.9833950865868246,12,5.885053321486339,112,17.187055070768633,25,31,0.8064516129032258
455,9.297566879431542,4,1.9616844404954463,289,17.185146261560575,7,10,0.7
573,11.708804004207195,3,1.4712633303715847,181,17.17871222548368,8,8,1.0
231,4.720303184942168,6,2.9425266607431695,154,17.15223171434222,10,20,0.5
128,2.6155792539939284,16,7.846737761981785,34,17.145191831988065,19,36,0.5277777777777778
115,2.34993448601017,12,5.885053321486339,54,17.130950227386162,24,40,0.6
449,9.174961601900577,3,1.4712633303715847,27,17.126349397482702,7,11,0.6363636363636364
454,9.277132666509715,4,1.9616844404954463,441,17.121626620239624,8,10,0.8
287,5.864619108564511,6,2.9425266607431695,174,17.10776525349241,15,16,0.9375
134,2.738184531524894,4,1.9616844404954463,1,17.099626789579393,20,35,0.5714285714285714
268,5.476369063049788,3,1.4712633303715847,135,17.083336799152715,12,17,0.7058823529411765
427,8.72540891762037,3,1.4712633303715847,202,17.076374488235697,9,11,0.8181818181818182
208,4.250316287740134,6,2.9425266607431695,83,17.072015296307928,13,22,0.5909090909090909
72,1.4712633303715847,6,2.9425266607431695,56,17.059092983593267,40,64,0.625
264,5.394632211362477,3,1.4712633303715847,186,17.04268022167493,9,17,0.5294117647058824
364,7.438053503545234,3,1.4712633303715847,338,17.039653320870883,9,12,0.75
136,2.779052957368549,4,1.9616844404954463,82,17.01356968608682,19,34,0.5588235294117647
260,5.312895359675167,3,1.4712633303715847,236,17.007987677364415,9,17,0.5294117647058824
115,2.34993448601017,8,3.9233688809908926,54,16.975239370048836,24,40,0.6
270,5.517237488893443,3,1.4712633303715847,108,16.97403511860419,12,17,0.7058823529411765
89,1.8186449500426534,6,2.9425266607431695,55,16.97133086954999,29,52,0.5576923076923077
143,2.922092447821342,8,3.9233688809908926,44,16.95681791548225,28,33,0.8484848484848485
81,1.6551712466680328,4,1.9616844404954463,54,16.945627181801537,31,57,0.543859649122807
121,2.4725397635411355,12,5.885053321486339,110,16.90534275040838,24,38,0.631578947368421
311,6.355040218688373,3,1.4712633303715847,198,16.899318821455548,9,15,0.6
202,4.127711010209168,4,1.9616844404954463,185,16.870410773413376,11,23,0.4782608695652174
457,9.338435305275198,3,1.4712633303715847,419,16.851432874910643,8,10,0.8
439,8.970619472682301,3,1.4712633303715847,106,16.848172322221885,11,11,1.0
88,1.7982107371208258,12,5.885053321486339,11,16.832448724550705,27,53,0.5094339622641509
187,3.821197816381755,4,1.9616844404954463,64,16.81614158328099,14,25,0.56
211,4.311618926505616,3,1.4712633303715847,31,16.81152584831494,11,22,0.5
167,3.4125135579452035,4,1.9616844404954463,111,16.792929813035364,16,28,0.5714285714285714
293,5.987224386095477,3,1.4712633303715847,101,16.787510148340843,9,16,0.5625
159,3.249039854570583,8,3.9233688809908926,121,16.78393024389514,19,29,0.6551724137931034
215,4.393355778192927,4,1.9616844404954463,177,16.766126254900115,12,21,0.5714285714285714
355,7.254145587248786,3,1.4712633303715847,68,16.754699865452974,7,13,0.5384615384615384
75,1.5325659691370674,8,3.9233688809908926,19,16.751350901610124,35,62,0.5645161290322581
117,2.390802911853825,6,2.9425266607431695,10,16.74944712092934,21,40,0.525
131,2.676881892759411,3,1.4712633303715847,79,16.749320268187013,19,35,0.5428571428571428
80,1.6347370337462053,8,3.9233688809908926,18,16.73203663923054,35,58,0.603448275862069
120,2.452105550619308,6,2.9425266607431695,33,16.728042194233957,20,39,0.5128205128205128
85,1.736908098355343,4,1.9616844404954463,48,16.726671843253293,29,54,0.5370370370370371
376,7.683264058607165,3,1.4712633303715847,233,16.719791006749972,7,12,0.5833333333333334
269,5.496803275971615,3,1.4712633303715847,120,16.7141976238312,11,17,0.6470588235294118
65,1.3282238399187918,16,7.846737761981785,39,16.710122834399765,39,71,0.5492957746478874
203,4.148145223130996,6,2.9425266607431695,168,16.706051223848654,13,22,0.5909090909090909
160,3.2694740674924105,4,1.9616844404954463,99,16.703238574381373,19,29,0.6551724137931034
230,4.69986897202034,4,1.9616844404954463,166,16.699322715124783,11,20,0.55
115,2.34993448601017,16,7.846737761981785,37,16.69370332653363,21,40,0.525
441,9.011487898525957,3,1.4712633303715847,91,16.668302108157143,6,11,0.5454545454545454
236,4.8224742495513055,3,1.4712633303715847,78,16.665555445525438,9,20,0.45
192,3.9233688809908926,4,1.9616844404954463,163,16.663096924918314,15,24,0.625
110,2.2477634214010322,3,1.4712633303715847,96,16.66231158562625,22,42,0.5238095238095238
91,1.8595133758863085,20,9.808422202477232,68,16.65700407710044,30,51,0.5882352941176471
177,3.616855687163479,12,5.885053321486339,79,16.645336257470635,15,26,0.5769230769230769
106,2.166026569713722,20,9.808422202477232,14,16.64417459996542,25,44,0.5681818181818182
143,2.922092447821342,16,7.846737761981785,39,16.641944083848184,29,33,0.8787878787878788
60,1.226052775309654,16,7.846737761981785,32,16.638156016602775,42,77,0.5454545454545454
475,9.706251137868094,3,1.4712633303715847,292,16.626012470489922,6,10,0.6
93,1.9003818017299636,3,1.4712633303715847,85,16.618682252026968,28,49,0.5714285714285714
229,4.679434759098513,4,1.9616844404954463,39,16.609729346768837,11,21,0.5238095238095238
456,9.31800109235337,4,1.9616844404954463,426,16.606137166699092,7,10,0.7
113,2.309066060166515,8,3.9233688809908926,1,16.605564137444684,24,41,0.5853658536585366
189,3.86206624222541,4,1.9616844404954463,25,16.598819531145498,12,25,0.48
173,3.535118835476169,6,2.9425266607431695,29,16.590974265004885,13,27,0.48148148148148145
462,9.440606369884335,3,1.4712633303715847,382,16.55588107215605,6,10,0.6
207,4.229882074818306,4,1.9616844404954463,99,16.533393979492416,11,22,0.5
51,1.0421448590132059,12,5.885053321486339,48,16.530138307518133,50,90,0.5555555555555556
115,2.34993448601017,20,9.808422202477232,35,16.5012324029301,21,40,0.525
150,3.065131938274135,8,3.9233688809908926,19,16.481857980511812,19,31,0.6129032258064516
585,11.954014559269126,3,1.4712633303715847,109,16.478458170782456,7,8,0.875
70,1.4303949045279296,3,1.4712633303715847,46,16.471755092656643,37,66,0.5606060606060606
103,2.1047239309482393,4,1.9616844404954463,11,16.470717066880546,24,45,0.5333333333333333
226,4.61813212033303,4,1.9616844404954463,3,16.464198099466454,11,21,0.5238095238095238
186,3.8007636034599273,3,1.4712633303715847,85,16.45682565235876,14,25,0.56
169,3.4533819837888586,3,1.4712633303715847,67,16.44763275362113,16,28,0.5714285714285714
356,7.2745798001706135,3,1.4712633303715847,58,16.447516853056747,7,13,0.5384615384615384
436,8.909316833916819,3,1.4712633303715847,132,16.44087301176517,10,11,0.9090909090909091
112,2.2886318472446874,16,7.846737761981785,73,16.44078415241397,25,41,0.6097560975609756
84,1.7164738854335155,16,7.846737761981785,1,16.43609141034588,30,56,0.5357142857142857
200,4.086842584365513,4,1.9616844404954463,17,16.434238373812,12,24,0.5
88,1.7982107371208258,16,7.846737761981785,10,16.43048002965932,27,53,0.5094339622641509
149,3.0446977253523073,3,1.4712633303715847,42,16.430465391933282,15,31,0.4838709677419355
259,5.29246114675334,4,1.9616844404954463,251,16.42718310242986,9,17,0.5294117647058824
225,4.597697907411202,4,1.9616844404954463,19,16.410129495735962,12,21,0.5714285714285714
176,3.5964214742416516,20,9.808422202477232,61,16.403145188539444,16,26,0.6153846153846154
223,4.556829481567547,3,1.4712633303715847,50,16.394899120975094,9,21,0.42857142857142855
87,1.7777765241989982,8,3.9233688809908926,52,16.37464513802545,28,53,0.5283018867924528
195,3.9846715197563753,3,1.4712633303715847,106,16.352590130774733,11,24,0.4583333333333333
56,1.1443159236223437,16,7.846737761981785,17,16.34798490712829,51,83,0.6144578313253012
570,11.647501365441713,3,1.4712633303715847,197,16.343372464612113,7,8,0.875
60,1.226052775309654,20,9.808422202477232,25,16.327819790054612,43,77,0.5584415584415584
98,2.0025528663391015,3,1.4712633303715847,91,16.311078642601707,26,47,0.5531914893617021
51,1.0421448590132059,16,7.846737761981785,48,16.30250636315914,50,90,0.5555555555555556
118,2.4112371247756528,6,2.9425266607431695,115,16.296357794100782,25,39,0.6410256410256411
177,3.616855687163479,8,3.9233688809908926,79,16.27920739562781,15,26,0.5769230769230769
191,3.902934668069065,4,1.9616844404954463,181,16.27544093823775,12,24,0.5
126,2.5747108281502733,3,1.4712633303715847,90,16.249590380829208,18,37,0.4864864864864865
168,3.432947770867031,4,1.9616844404954463,86,16.223679314868704,15,28,0.5357142857142857
467,9.542777434493473,3,1.4712633303715847,349,16.208988019378406,7,10,0.7
133,2.7177503186030663,6,2.9425266607431695,28,16.200682124799005,21,35,0.6
60,1.226052775309654,6,2.9425266607431695,18,16.198628022290805,45,77,0.5844155844155844
188,3.8416320293035824,4,1.9616844404954463,46,16.191806811945963,14,25,0.56
87,1.7777765241989982,6,2.9425266607431695,51,16.18990495293056,28,53,0.5283018867924528
286,5.844184895642684,8,3.9233688809908926,209,16.18935404214761,12,16,0.75
147,3.003829299508652,8,3.9233688809908926,32,16.188415221269867,15,32,0.46875
138,2.819921383212204,3,1.4712633303715847,30,16.14257371363918,21,34,0.6176470588235294
69,1.409960691606102,6,2.9425266607431695,29,16.130542842449483,35,67,0.5223880597014925
50,1.0217106460913783,20,9.808422202477232,14,16.11199336777182,54,93,0.5806451612903226
172,3.5146846225543413,4,1.9616844404954463,7,16.110719868351403,17,27,0.6296296296296297
90,1.839079162964481,3,1.4712633303715847,18,16.10986552768488,31,52,0.5961538461538461
177,3.616855687163479,16,7.846737761981785,35,16.10832406948431,15,26,0.5769230769230769
83,1.696039672511688,4,1.9616844404954463,49,16.103286075213997,33,56,0.5892857142857143
294,6.007658599017304,4,1.9616844404954463,91,16.102323982953276,9,16,0.5625
218,4.454658416958409,3,1.4712633303715847,128,16.10177493004457,14,21,0.6666666666666666
106,2.166026569713722,8,3.9233688809908926,14,16.06657636921474,26,44,0.5909090909090909
57,1.1647501365441713,16,7.846737761981785,45,16.061422515423295,42,81,0.5185185185185185
143,2.922092447821342,12,5.885053321486339,41,16.036742212937323,29,33,0.8787878787878788
57,1.1647501365441713,12,5.885053321486339,52,16.02608013538407,43,81,0.5308641975308642
143,2.922092447821342,20,9.808422202477232,4,16.023066487799095,19,33,0.5757575757575758
204,4.168579436052823,6,2.9425266607431695,151,16.01649471434175,13,22,0.5909090909090909
522,10.66665914519399,8,3.9233688809908926,490,16.01640749365987,3,8,0.375
322,6.579816560828476,3,1.4712633303715847,76,16.007809021177167,11,15,0.7333333333333333
135,2.7586187444467214,8,3.9233688809908926,54,15.998495703144911,20,34,0.5882352941176471
104,2.125158143870067,4,1.9616844404954463,82,15.996550618650033,24,44,0.5454545454545454
227,4.6385663332548575,4,1.9616844404954463,213,15.988194790697698,12,20,0.6
224,4.577263694489375,3,1.4712633303715847,34,15.982951969066491,10,21,0.47619047619047616
125,2.5542766152284457,3,1.4712633303715847,114,15.972544386746389,21,37,0.5675675675675675
96,1.9616844404954463,6,2.9425266607431695,66,15.964062593979232,30,48,0.625
430,8.786711556385853,4,1.9616844404954463,179,15.963376116079656,11,11,1.0
153,3.1264345770396176,3,1.4712633303715847,100,15.956275962080335,21,30,0.7
68,1.3895264786842745,8,3.9233688809908926,14,15.95573258788224,40,68,0.5882352941176471
65,1.3282238399187918,12,5.885053321486339,41,15.95046182214875,40,71,0.5633802816901409
383,7.826303549059958,3,1.4712633303715847,169,15.94036247291477,7,12,0.5833333333333334
143,2.922092447821342,6,2.9425266607431695,44,15.938486082947662,28,33,0.8484848484848485
288,5.885053321486339,4,1.9616844404954463,163,15.921066746595276,15,16,0.9375
285,5.823750682720856,6,2.9425266607431695,220,15.912538668306576,12,16,0.75
108,2.206894995557377,3,1.4712633303715847,54,15.909304545410508,29,43,0.6744186046511628
461,9.420172156962508,3,1.4712633303715847,389,15.876838888352184,5,10,0.5
159,3.249039854570583,6,2.9425266607431695,120,15.874495987006991,19,29,0.6551724137931034
450,9.195395814822405,3,1.4712633303715847,18,15.870477046229098,8,11,0.7272727272727273
50,1.0217106460913783,16,7.846737761981785,14,15.86669654722807,58,93,0.6236559139784946
128,2.6155792539939284,4,1.9616844404954463,35,15.85835393912047,19,36,0.5277777777777778
56,1.1443159236223437,12,5.885053321486339,29,15.819503289727411,44,83,0.5301204819277109
177,3.616855687163479,4,1.9616844404954463,79,15.815197414371937,15,26,0.5769230769230769
84,1.7164738854335155,12,5.885053321486339,6,15.808178103864998,31,56,0.5535714285714286
60,1.226052775309654,12,5.885053321486339,19,15.804973117291116,45,77,0.5844155844155844
182,3.719026751772617,3,1.4712633303715847,158,15.79756717282971,15,25,0.6
96,1.9616844404954463,8,3.9233688809908926,66,15.795890503646763,30,48,0.625
101,2.063855505104584,4,1.9616844404954463,83,15.778360510296173,24,46,0.5217391304347826
294,6.007658599017304,3,1.4712633303715847,91,15.765343643578012,9,16,0.5625
95,1.9412502275736188,6,2.9425266607431695,53,15.722098589749407,30,49,0.6122448979591837
458,9.358869518197025,3,1.4712633303715847,267,15.7196285383097,7,10,0.7
184,3.759895177616272,3,1.4712633303715847,120,15.7170900243594,10,25,0.4
455,9.297566879431542,3,1.4712633303715847,290,15.699535645724694,7,10,0.7
241,4.924645314160443,3,1.4712633303715847,2,15.692165084809945,12,20,0.6
119,2.4316713376974803,4,1.9616844404954463,48,15.686197924350328,21,39,0.5384615384615384
84,1.7164738854335155,20,9.808422202477232,1,15.685668392532918,28,56,0.5
266,5.4355006372061325,4,1.9616844404954463,161,15.662837288211657,10,17,0.5882352941176471
151,3.0855661511959624,3,1.4712633303715847,143,15.642749608083959,22,30,0.7333333333333333
522,10.66665914519399,6,2.9425266607431695,490,15.639910389887595,3,8,0.375
107,2.1864607826355495,4,1.9616844404954463,87,15.627100496331291,23,43,0.5348837209302325
242,4.945079527082271,3,1.4712633303715847,228,15.609261391192428,10,19,0.5263157894736842
291,5.946355960251822,6,2.9425266607431695,125,15.590858832597409,13,16,0.8125
286,5.844184895642684,6,2.9425266607431695,208,15.581638967558625,12,16,0.75
64,1.3077896269969642,6,2.9425266607431695,35,15.555461371821947,42,72,0.5833333333333334
135,2.7586187444467214,6,2.9425266607431695,108,15.495542414397892,21,34,0.6176470588235294
66,1.3486580528406193,4,1.9616844404954463,53,15.442270087574665,36,70,0.5142857142857142
80,1.6347370337462053,16,7.846737761981785,17,15.426336852696524,34,58,0.5862068965517241
68,1.3895264786842745,6,2.9425266607431695,15,15.419233165543432,42,68,0.6176470588235294
156,3.1877372158051003,4,1.9616844404954463,28,15.410535308728297,18,30,0.6
429,8.766277343464026,3,1.4712633303715847,186,15.396224803821482,10,11,0.9090909090909091
289,5.9054875344081665,3,1.4712633303715847,151,15.371957100719426,15,16,0.9375
173,3.535118835476169,4,1.9616844404954463,28,15.36829381587367,13,27,0.48148148148148145
437,8.929751046838646,3,1.4712633303715847,123,15.366285080550712,10,11,0.9090909090909091
454,9.277132666509715,3,1.4712633303715847,441,15.349736794431633,8,10,0.8
178,3.6372899000853067,6,2.9425266607431695,42,15.34478493478424,15,26,0.5769230769230769
230,4.69986897202034,3,1.4712633303715847,166,15.343317162256593,11,20,0.55
71,1.4508291174497572,4,1.9616844404954463,67,15.339392168099984,34,65,0.5230769230769231
235,4.802040036629478,3,1.4712633303715847,92,15.336890587096502,10,20,0.5
234,4.78160582370765,4,1.9616844404954463,108,15.329414363852441,13,20,0.65
456,9.31800109235337,3,1.4712633303715847,426,15.301096472644218,7,10,0.7
240,4.904211101238616,3,1.4712633303715847,19,15.28226493064582,13,20,0.65
320,6.538948134984821,3,1.4712633303715847,98,15.280198371496647,10,15,0.6666666666666666
80,1.6347370337462053,6,2.9425266607431695,19,15.274477910418375,35,58,0.603448275862069
175,3.575987261319824,4,1.9616844404954463,116,15.24788773565493,14,26,0.5384615384615384
102,2.0842897180264117,6,2.9425266607431695,48,15.205759905696889,24,45,0.5333333333333333
127,2.595145041072101,3,1.4712633303715847,63,15.199360636945071,15,36,0.4166666666666667
150,3.065131938274135,6,2.9425266607431695,25,15.172868180759117,18,31,0.5806451612903226
137,2.7994871702903765,3,1.4712633303715847,56,15.168774396804102,23,34,0.6764705882352942
100,2.0434212921827566,4,1.9616844404954463,15,15.142559314456443,28,47,0.5957446808510638
233,4.761171610785823,4,1.9616844404954463,123,15.14195283619295,11,20,0.55
51,1.0421448590132059,8,3.9233688809908926,48,15.140757835935895,52,90,0.5777777777777777
287,5.864619108564511,4,1.9616844404954463,174,15.1396859878893,15,16,0.9375
284,5.803316469799029,3,1.4712633303715847,211,15.133607771999092,13,16,0.8125
192,3.9233688809908926,3,1.4712633303715847,163,15.13056809017065,15,24,0.625
146,2.9833950865868246,4,1.9616844404954463,115,15.130542990302462,25,31,0.8064516129032258
432,8.827579982229508,3,1.4712633303715847,161,15.126598199196788,11,11,1.0
185,3.7803293905380997,3,1.4712633303715847,103,15.12658400296868,14,25,0.56
291,5.946355960251822,4,1.9616844404954463,126,15.105294309244464,13,16,0.8125
216,4.413789991114754,3,1.4712633303715847,161,15.02952680467579,12,21,0.5714285714285714
97,1.982118653417274,6,2.9425266607431695,30,15.016131977408971,25,48,0.5208333333333334
154,3.146868789961445,3,1.4712633303715847,76,14.998236718396052,15,30,0.5
88,1.7982107371208258,8,3.9233688809908926,10,14.961929565963798,27,53,0.5094339622641509
145,2.962960873664997,4,1.9616844404954463,138,14.918416302631936,26,32,0.8125
76,1.553000182058895,3,1.4712633303715847,46,14.913496088342354,34,61,0.5573770491803278
111,2.26819763432286,4,1.9616844404954463,66,14.902345388707252,22,42,0.5238095238095238
58,1.1851843494659988,3,1.4712633303715847,22,14.878147025284767,44,80,0.55
52,1.0625790719350334,4,1.9616844404954463,22,14.870635850648686,52,89,0.5842696629213483
50,1.0217106460913783,12,5.885053321486339,12,14.830972617477881,56,93,0.6021505376344086
350,7.151974522639648,3,1.4712633303715847,116,14.830006714006133,7,13,0.5384615384615384
139,2.8403555961340317,3,1.4712633303715847,5,14.816866065405971,25,34,0.7352941176470589
202,4.127711010209168,3,1.4712633303715847,184,14.803175640491801,11,23,0.4782608695652174
208,4.250316287740134,4,1.9616844404954463,82,14.792187554056873,13,22,0.5909090909090909
88,1.7982107371208258,6,2.9425266607431695,11,14.769150743552922,27,53,0.5094339622641509
167,3.4125135579452035,3,1.4712633303715847,89,14.762024266770986,16,28,0.5714285714285714
135,2.7586187444467214,4,1.9616844404954463,108,14.756182731621529,21,34,0.6176470588235294
292,5.966790173173649,4,1.9616844404954463,114,14.751794548970677,13,16,0.8125
50,1.0217106460913783,8,3.9233688809908926,14,14.728293081230898,58,93,0.6236559139784946
215,4.393355778192927,3,1.4712633303715847,179,14.723403410005886,12,21,0.5714285714285714
94,1.9208160146517912,4,1.9616844404954463,44,14.722711942422153,26,49,0.5306122448979592
209,4.270750500661961,3,1.4712633303715847,62,14.69667446451952,12,22,0.5454545454545454
152,3.10600036411779,3,1.4712633303715847,120,14.681644601784571,21,30,0.7
158,3.2286056416487554,3,1.4712633303715847,143,14.665503557958044,15,29,0.5172413793103449
55,1.1238817107005161,3,1.4712633303715847,42,14.647049090739062,46,84,0.5476190476190477
203,4.148145223130996,4,1.9616844404954463,168,14.632047305643555,13,22,0.5909090909090909
106,2.166026569713722,6,2.9425266607431695,13,14.631987908908044,25,44,0.5681818181818182
105,2.1455923567918944,4,1.9616844404954463,49,14.616586324585956,23,44,0.5227272727272727
207,4.229882074818306,3,1.4712633303715847,99,14.612175207063434,11,22,0.5
84,1.7164738854335155,8,3.9233688809908926,7,14.60045370651337,31,56,0.5535714285714286
431,8.807145769307681,3,1.4712633303715847,170,14.583340701458907,11,11,1.0
85,1.736908098355343,3,1.4712633303715847,47,14.568817897972782,29,54,0.5370370370370371
54,1.1034474977786886,4,1.9616844404954463,0,14.555480215425968,52,86,0.6046511627906976
229,4.679434759098513,3,1.4712633303715847,38,14.549228161928724,11,21,0.5238095238095238
80,1.6347370337462053,20,9.808422202477232,45,14.543595265270334,30,58,0.5172413793103449
161,3.289908280414238,4,1.9616844404954463,76,14.517485326915361,20,29,0.6896551724137931
121,2.4725397635411355,6,2.9425266607431695,25,14.497427380793683,21,39,0.5384615384615384
430,8.786711556385853,3,1.4712633303715847,179,14.489072572581614,11,11,1.0
74,1.5121317562152399,4,1.9616844404954463,64,14.462100095584871,29,62,0.46774193548387094
190,3.8825004551472375,4,1.9616844404954463,5,14.434615926112633,11,25,0.44
134,2.738184531524894,3,1.4712633303715847,1,14.433613404563552,20,35,0.5714285714285714
129,2.636013466915756,3,1.4712633303715847,6,14.427859960736077,14,36,0.3888888888888889
109,2.2273292084792047,3,1.4712633303715847,23,14.42231089313207,29,43,0.6744186046511628
56,1.1443159236223437,8,3.9233688809908926,32,14.410295073063182,44,83,0.5301204819277109
136,2.779052957368549,3,1.4712633303715847,82,14.405845856936137,19,34,0.5588235294117647
92,1.879947588808136,4,1.9616844404954463,28,14.400176152798437,24,51,0.47058823529411764
67,1.369092265762447,4,1.9616844404954463,1,14.378408195838944,41,70,0.5857142857142857
112,2.2886318472446874,12,5.885053321486339,80,14.36722425640298,24,41,0.5853658536585366
59,1.2056185623878264,20,9.808422202477232,41,14.35604745735561,40,78,0.5128205128205128
290,5.925921747329994,3,1.4712633303715847,137,14.354277234827778,13,16,0.8125
83,1.696039672511688,3,1.4712633303715847,50,14.35351058931936,33,56,0.5892857142857143
121,2.4725397635411355,8,3.9233688809908926,108,14.35124183734351,26,38,0.6842105263157895
187,3.821197816381755,3,1.4712633303715847,63,14.349607415399573,14,25,0.56
147,3.003829299508652,6,2.9425266607431695,85,14.324243328038845,15,31,0.4838709677419355
160,3.2694740674924105,3,1.4712633303715847,98,14.308281392321138,19,29,0.6551724137931034
189,3.86206624222541,3,1.4712633303715847,27,14.294338578456554,13,25,0.52
172,3.5146846225543413,3,1.4712633303715847,6,14.289329880261235,16,27,0.5925925925925926
231,4.720303184942168,4,1.9616844404954463,153,14.278048758666554,11,20,0.55
79,1.6143028208243777,3,1.4712633303715847,65,14.219921879036482,30,58,0.5172413793103449
53,1.083013284856861,20,9.808422202477232,40,14.216012791540463,42,87,0.4827586206896552
171,3.4942504096325138,3,1.4712633303715847,26,14.201124560379034,16,27,0.5925925925925926
227,4.6385663332548575,3,1.4712633303715847,213,14.185958321008375,12,20,0.6
77,1.5734343949807226,4,1.9616844404954463,76,14.155047983947082,30,60,0.5
191,3.902934668069065,3,1.4712633303715847,180,14.152923723470272,12,24,0.5
86,1.7573423112771707,4,1.9616844404954463,7,14.142529645224785,32,54,0.5925925925925926
168,3.432947770867031,3,1.4712633303715847,86,14.113152302230098,15,28,0.5357142857142857
51,1.0421448590132059,6,2.9425266607431695,49,14.099756160725805,52,90,0.5777777777777777
228,4.659000546176685,3,1.4712633303715847,198,14.076562497308649,11,20,0.55
62,1.266921201153309,3,1.4712633303715847,22,14.052683373398771,45,75,0.6
78,1.5938686079025501,4,1.9616844404954463,29,14.04832128737779,34,60,0.5666666666666667
142,2.9016582348995144,3,1.4712633303715847,66,14.044359692019155,28,33,0.8484848484848485
113,2.309066060166515,4,1.9616844404954463,1,14.025120898403108,24,41,0.5853658536585366
118,2.4112371247756528,4,1.9616844404954463,107,14.003174992580846,22,39,0.5641025641025641
84,1.7164738854335155,6,2.9425266607431695,7,13.992649906901924,31,56,0.5535714285714286
89,1.8186449500426534,4,1.9616844404954463,58,13.991112367938445,27,52,0.5192307692307693
288,5.885053321486339,3,1.4712633303715847,163,13.9903589044344,15,16,0.9375
57,1.1647501365441713,6,2.9425266607431695,54,13.95897845938764,44,81,0.5432098765432098
144,2.9425266607431695,4,1.9616844404954463,60,13.949501008250907,15,32,0.46875
259,5.29246114675334,3,1.4712633303715847,251,13.912625904913336,9,17,0.5294117647058824
80,1.6347370337462053,4,1.9616844404954463,17,13.87951242055671,35,58,0.603448275862069
130,2.6564476798375836,4,1.9616844404954463,107,13.8456289133937,16,35,0.45714285714285713
49,1.0012764331695507,4,1.9616844404954463,36,13.82314060495367,48,94,0.5106382978723404
159,3.249039854570583,4,1.9616844404954463,120,13.819638630219442,19,29,0.6551724137931034
114,2.3295002730883425,4,1.9616844404954463,54,13.80629288022448,22,41,0.5365853658536586
225,4.597697907411202,3,1.4712633303715847,18,13.792979656574156,13,21,0.6190476190476191
233,4.761171610785823,3,1.4712633303715847,124,13.78665588126863,11,20,0.55
204,4.168579436052823,4,1.9616844404954463,151,13.780353821926983,13,22,0.5909090909090909
176,3.5964214742416516,4,1.9616844404954463,98,13.760183154754891,13,26,0.5
115,2.34993448601017,6,2.9425266607431695,54,13.745453676936089,24,40,0.6
60,1.226052775309654,4,1.9616844404954463,19,13.708747465885521,45,77,0.5844155844155844
177,3.616855687163479,3,1.4712633303715847,78,13.699814787550524,15,26,0.5769230769230769
266,5.4355006372061325,3,1.4712633303715847,161,13.683862049032893,10,17,0.5882352941176471
107,2.1864607826355495,3,1.4712633303715847,86,13.667938000663973,24,43,0.5581395348837209
226,4.61813212033303,3,1.4712633303715847,2,13.665367312247023,12,21,0.5714285714285714
212,4.332053139427444,3,1.4712633303715847,14,13.604411035697472,13,22,0.5909090909090909
188,3.8416320293035824,3,1.4712633303715847,46,13.570471757842594,14,25,0.56
128,2.6155792539939284,3,1.4712633303715847,34,13.556995000539649,19,36,0.5277777777777778
63,1.2873554140751367,8,3.9233688809908926,60,13.503280914100793,37,73,0.5068493150684932
200,4.086842584365513,3,1.4712633303715847,19,13.473407449832594,13,24,0.5416666666666666
91,1.8595133758863085,4,1.9616844404954463,68,13.469949327032003,30,51,0.5882352941176471
81,1.6551712466680328,3,1.4712633303715847,53,13.440890007438808,30,57,0.5263157894736842
75,1.5325659691370674,6,2.9425266607431695,18,13.419664681443907,37,62,0.5967741935483871
111,2.26819763432286,3,1.4712633303715847,66,13.407734835110059,22,42,0.5238095238095238
63,1.2873554140751367,6,2.9425266607431695,26,13.353601595689073,41,74,0.5540540540540541
65,1.3282238399187918,8,3.9233688809908926,44,13.348310421726609,39,71,0.5492957746478874
119,2.4316713376974803,3,1.4712633303715847,48,13.326393985131375,21,39,0.5384615384615384
59,1.2056185623878264,8,3.9233688809908926,19,13.307556216260743,41,79,0.5189873417721519
208,4.250316287740134,3,1.4712633303715847,81,13.297849615554021,13,22,0.5909090909090909
73,1.4916975432934123,4,1.9616844404954463,42,13.259586224400309,38,63,0.6031746031746031
156,3.1877372158051003,3,1.4712633303715847,28,13.239595712573255,18,30,0.6
59,1.2056185623878264,6,2.9425266607431695,20,13.204517115159161,41,79,0.5189873417721519
112,2.2886318472446874,8,3.9233688809908926,78,13.200245395475346,23,41,0.5609756097560976
234,4.78160582370765,3,1.4712633303715847,106,13.192627588127861,11,20,0.55
101,2.063855505104584,3,1.4712633303715847,83,13.17935855368777,24,46,0.5217391304347826
291,5.946355960251822,3,1.4712633303715847,126,13.170098651753895,13,16,0.8125
69,1.409960691606102,4,1.9616844404954463,30,13.134017972812837,35,67,0.5223880597014925
103,2.1047239309482393,3,1.4712633303715847,11,13.120702011016313,24,45,0.5333333333333333
104,2.125158143870067,3,1.4712633303715847,82,13.108671682108344,24,44,0.5454545454545454
57,1.1647501365441713,8,3.9233688809908926,50,13.065220885547868,44,81,0.5432098765432098
120,2.452105550619308,4,1.9616844404954463,32,13.033091031495298,20,39,0.5128205128205128
97,1.982118653417274,4,1.9616844404954463,34,12.982861453630978,28,48,0.5833333333333334
178,3.6372899000853067,4,1.9616844404954463,59,12.972877148938437,16,26,0.6153846153846154
130,2.6564476798375836,3,1.4712633303715847,94,12.970629126152545,17,35,0.4857142857142857
112,2.2886318472446874,6,2.9425266607431695,79,12.970261429735537,24,41,0.5853658536585366
86,1.7573423112771707,3,1.4712633303715847,7,12.940083063858829,32,54,0.5925925925925926
87,1.7777765241989982,4,1.9616844404954463,50,12.927322462012825,28,53,0.5283018867924528
56,1.1443159236223437,6,2.9425266607431695,31,12.9257271421763,45,83,0.5421686746987951
292,5.966790173173649,3,1.4712633303715847,114,12.90420264079767,13,16,0.8125
72,1.4712633303715847,4,1.9616844404954463,18,12.88749425881146,30,65,0.46153846153846156
133,2.7177503186030663,4,1.9616844404954463,30,12.875381824602037,22,35,0.6285714285714286
146,2.9833950865868246,3,1.4712633303715847,114,12.788613109777126,26,31,0.8387096774193549
84,1.7164738854335155,4,1.9616844404954463,7,12.78247858357273,31,56,0.5535714285714286
77,1.5734343949807226,3,1.4712633303715847,76,12.781670279311388,30,60,0.5
74,1.5121317562152399,3,1.4712633303715847,64,12.73062617924709,29,62,0.46774193548387094
117,2.390802911853825,4,1.9616844404954463,11,12.729232353120514,21,40,0.525
173,3.535118835476169,3,1.4712633303715847,158,12.70810170157942,13,26,0.5
97,1.982118653417274,3,1.4712633303715847,33,12.70241300367928,27,48,0.5625
92,1.879947588808136,3,1.4712633303715847,28,12.68348901575158,24,51,0.47058823529411764
143,2.922092447821342,4,1.9616844404954463,44,12.591174429529492,28,33,0.8484848484848485
91,1.8595133758863085,3,1.4712633303715847,68,12.557319307520356,30,51,0.5882352941176471
204,4.168579436052823,3,1.4712633303715847,151,12.55053221956633,13,22,0.5909090909090909
71,1.4508291174497572,3,1.4712633303715847,66,12.549323857066529,34,65,0.5230769230769231
159,3.249039854570583,3,1.4712633303715847,120,12.525181008391762,19,29,0.6551724137931034
203,4.148145223130996,3,1.4712633303715847,168,12.49905186674904,13,22,0.5909090909090909
66,1.3486580528406193,3,1.4712633303715847,50,12.460609439093338,37,70,0.5285714285714286
287,5.864619108564511,3,1.4712633303715847,173,12.420499733999547,15,16,0.9375
285,5.823750682720856,4,1.9616844404954463,199,12.41020329938931,13,16,0.8125
105,2.1455923567918944,3,1.4712633303715847,48,12.36909726498202,22,44,0.5
106,2.166026569713722,4,1.9616844404954463,14,12.302794207275063,26,44,0.5909090909090909
89,1.8186449500426534,3,1.4712633303715847,53,12.288416583732218,29,52,0.5576923076923077
145,2.962960873664997,3,1.4712633303715847,139,12.260216431080282,26,31,0.8387096774193549
64,1.3077896269969642,4,1.9616844404954463,35,12.235950766878075,42,72,0.5833333333333334
67,1.369092265762447,3,1.4712633303715847,1,12.219900012553436,41,70,0.5857142857142857
286,5.844184895642684,4,1.9616844404954463,187,12.21674831420928,14,16,0.875
190,3.8825004551472375,3,1.4712633303715847,8,12.209785506757456,11,25,0.44
96,1.9616844404954463,4,1.9616844404954463,67,12.196358690235039,29,48,0.6041666666666666
231,4.720303184942168,3,1.4712633303715847,153,12.185871451994288,11,20,0.55
161,3.289908280414238,3,1.4712633303715847,76,12.183217856334208,20,29,0.6896551724137931
175,3.575987261319824,3,1.4712633303715847,114,12.160935858308491,15,26,0.5769230769230769
102,2.0842897180264117,4,1.9616844404954463,49,12.122683160391203,24,45,0.5333333333333333
522,10.66665914519399,4,1.9616844404954463,490,12.086703758195645,3,8,0.375
53,1.083013284856861,16,7.846737761981785,11,12.070726617348402,51,88,0.5795454545454546
100,2.0434212921827566,3,1.4712633303715847,14,11.970727336886563,28,47,0.5957446808510638
59,1.2056185623878264,16,7.846737761981785,20,11.893906385525753,41,79,0.5189873417721519
147,3.003829299508652,4,1.9616844404954463,30,11.881582800839556,14,32,0.4375
118,2.4112371247756528,3,1.4712633303715847,114,11.856204775254787,24,39,0.6153846153846154
135,2.7586187444467214,3,1.4712633303715847,108,11.845742055590987,21,34,0.6176470588235294
144,2.9425266607431695,3,1.4712633303715847,18,11.786967654191978,27,33,0.8181818181818182
112,2.2886318472446874,4,1.9616844404954463,80,11.777324453784297,24,41,0.5853658536585366
121,2.4725397635411355,4,1.9616844404954463,26,11.713062242804114,21,39,0.5384615384615384
176,3.5964214742416516,3,1.4712633303715847,97,11.703235698856721,13,26,0.5
87,1.7777765241989982,3,1.4712633303715847,49,11.69320321062712,28,53,0.5283018867924528
52,1.0625790719350334,3,1.4712633303715847,21,11.675132422000782,52,89,0.5842696629213483
94,1.9208160146517912,3,1.4712633303715847,41,11.67208408377064,25,49,0.5102040816326531
53,1.083013284856861,12,5.885053321486339,10,11.652275635396988,49,88,0.5568181818181818
133,2.7177503186030663,3,1.4712633303715847,29,11.649773458985589,22,35,0.6285714285714286
59,1.2056185623878264,12,5.885053321486339,52,11.631097387646271,41,78,0.5256410256410257
95,1.9412502275736188,4,1.9616844404954463,52,11.6172812420588,30,49,0.6122448979591837
106,2.166026569713722,3,1.4712633303715847,14,11.613396546930387,26,44,0.5909090909090909
84,1.7164738854335155,3,1.4712633303715847,6,11.508255567568288,31,56,0.5535714285714286
178,3.6372899000853067,3,1.4712633303715847,59,11.453647485113049,16,26,0.6153846153846154
50,1.0217106460913783,6,2.9425266607431695,13,11.406815874040227,59,93,0.6344086021505376
113,2.309066060166515,3,1.4712633303715847,2,11.393848552841314,26,41,0.6341463414634146
88,1.7982107371208258,4,1.9616844404954463,9,11.34015276491612,26,53,0.49056603773584906
51,1.0421448590132059,4,1.9616844404954463,50,11.335442000809065,51,90,0.5666666666666667
54,1.1034474977786886,3,1.4712633303715847,52,11.29841602648662,50,85,0.5882352941176471
69,1.409960691606102,3,1.4712633303715847,30,11.266035683803715,35,67,0.5223880597014925
286,5.844184895642684,3,1.4712633303715847,187,11.263527240496447,14,16,0.875
102,2.0842897180264117,3,1.4712633303715847,49,11.26299513849729,24,45,0.5333333333333333
75,1.5325659691370674,4,1.9616844404954463,19,11.213664031681217,35,62,0.5645161290322581
80,1.6347370337462053,3,1.4712633303715847,17,11.179151828551213,35,58,0.603448275862069
150,3.065131938274135,4,1.9616844404954463,24,11.164530991102664,18,31,0.5806451612903226
72,1.4712633303715847,3,1.4712633303715847,18,11.139706896856277,30,65,0.46153846153846156
522,10.66665914519399,3,1.4712633303715847,22,11.079982233629078,6,9,0.6666666666666666
78,1.5938686079025501,3,1.4712633303715847,29,10.96989799760601,34,60,0.5666666666666667
68,1.3895264786842745,4,1.9616844404954463,14,10.95250396484407,40,68,0.5882352941176471
49,1.0012764331695507,3,1.4712633303715847,31,10.93204642928759,47,94,0.5
88,1.7982107371208258,3,1.4712633303715847,9,10.909716582942071,26,53,0.49056603773584906
96,1.9616844404954463,3,1.4712633303715847,67,10.904830533777071,29,48,0.6041666666666666
143,2.922092447821342,3,1.4712633303715847,43,10.850995104390929,28,33,0.8484848484848485
285,5.823750682720856,3,1.4712633303715847,199,10.68835208561273,13,16,0.8125
112,2.2886318472446874,3,1.4712633303715847,79,10.683066122624918,24,41,0.5853658536585366
121,2.4725397635411355,3,1.4712633303715847,25,10.662623879094795,21,39,0.5384615384615384
117,2.390802911853825,3,1.4712633303715847,108,10.644109028694096,24,39,0.6153846153846154
115,2.34993448601017,4,1.9616844404954463,51,10.600473148336055,24,40,0.6
51,1.0421448590132059,3,1.4712633303715847,49,10.519324822713264,52,90,0.5777777777777777
73,1.4916975432934123,3,1.4712633303715847,42,10.473644365806297,38,63,0.6031746031746031
60,1.226052775309654,3,1.4712633303715847,19,10.469380294204475,45,77,0.5844155844155844
147,3.003829299508652,3,1.4712633303715847,92,10.46681091944922,18,31,0.5806451612903226
95,1.9412502275736188,3,1.4712633303715847,51,10.435238703201769,30,49,0.6122448979591837
64,1.3077896269969642,3,1.4712633303715847,35,10.309323606847553,42,72,0.5833333333333334
53,1.083013284856861,8,3.9233688809908926,15,10.285530997298338,55,88,0.625
57,1.1647501365441713,4,1.9616844404954463,38,10.264732746749194,43,81,0.5308641975308642
114,2.3295002730883425,3,1.4712633303715847,38,10.20790336333505,25,41,0.6097560975609756
65,1.3282238399187918,6,2.9425266607431695,44,10.194430166977163,39,71,0.5492957746478874
150,3.065131938274135,3,1.4712633303715847,23,9.91421761073704,19,31,0.6129032258064516
56,1.1443159236223437,4,1.9616844404954463,30,9.907292475337417,44,83,0.5301204819277109
59,1.2056185623878264,4,1.9616844404954463,20,9.884946530493966,41,79,0.5189873417721519
53,1.083013284856861,6,2.9425266607431695,33,9.850462944740496,47,87,0.5402298850574713
120,2.452105550619308,3,1.4712633303715847,31,9.71560466894524,20,39,0.5128205128205128
115,2.34993448601017,3,1.4712633303715847,51,9.708412925350196,24,40,0.6
63,1.2873554140751367,4,1.9616844404954463,28,9.698985013152686,40,74,0.5405405405405406
75,1.5325659691370674,3,1.4712633303715847,19,9.604163660182582,35,62,0.5645161290322581
65,1.3282238399187918,4,1.9616844404954463,42,9.511266655993294,40,71,0.5633802816901409
50,1.0217106460913783,4,1.9616844404954463,12,8.92971900242971,57,93,0.6129032258064516
68,1.3895264786842745,3,1.4712633303715847,50,8.895553619247483,35,68,0.5147058823529411
63,1.2873554140751367,3,1.4712633303715847,27,8.702298880485515,41,74,0.5540540540540541
56,1.1443159236223437,3,1.4712633303715847,29,8.597804489222241,45,83,0.5421686746987951
57,1.1647501365441713,3,1.4712633303715847,38,8.438809098397815,43,81,0.5308641975308642
65,1.3282238399187918,3,1.4712633303715847,29,7.886851170899832,39,71,0.5492957746478874
59,1.2056185623878264,3,1.4712633303715847,19,7.639381242491792,41,79,0.5189873417721519
53,1.083013284856861,4,1.9616844404954463,6,7.274754908232309,52,88,0.5909090909090909
53,1.083013284856861,3,1.4712633303715847,14,6.896363366992893,53,88,0.6022727272727273
50,1.0217106460913783,3,1.4712633303715847,16,6.802011767942225,55,93,0.5913978494623656
